{
  //SPECIAL DIALOGUE
  "patio_Wizard": "àʛ¹ħ¹чƤч¨ÐÍÍ¡ÁÒ àŴ¹µÒ¡ÅÁà˕¹¹Ð Ê¹ã¨ÁÒàŴ¹āºˢÒՁÂ?$0",
  "spouseRoom_Wizard": "ȝÁÁ...ˢÒäˑÍÂÒ¡ä˴ ¿ÒΓÁԷ§Ëĥ§ËÃÍ¡¹Ð á˅ˢÒʁÍÂÒ¡¨Ð àÍÒŅÒÃÒàÇ·Á¹µΓÁÒä̇ˤ¹ àОÁĪ¡ËˉÍÂˉÐ$0",
  "funReturn_Wizard": "чщʺÒ§àʛ¹ччƇàÈÉ ã̋ä˴¡ĥºÁÒ$1",
  "funLeave_Wizard": "ˢÒä» ŇÒ§Ò¹àбÂÇāºàÇ·Á¹µΓ¹Ð ˢÒ¨Ð¡ĥºÁÒã̋ė¹رÍϔÒ ˢÒĪ­­Ò$0",
  "OneKid_0": "àʔ¡æ щ àËȑÍ¹ƱàÇ·Á¹µΓàÅÂãʺՁÂ?$0#$b#Ũ¹µ¹Ò¡ÒÃ чäˑƱˢÍĸÒā´ˉÐ àʛ¹à¤ҳÍ§ȑÍ ч·Ã§¾ĥ§ƧàƤÂÇ$0",
  "OneKid_1": "ÍÒ... äˑ˗Ò¨Ð¡ÒÃǝ¡àÇ·Á¹µΓ чäË¹ã¹âÅ¡ ʁäˑÊÒÁÒÃ¶àµƳÂÁˢÒ ã̋¾̃ÍÁà¨Íāº¤ÇÒÁ˷Ò·ÒÂ á˛§¡ÒÃà»ѕÂ¹˼Ò̍ÍÁä˴àÅÂ$0",
  "OneKid_2": "ˢÒÀÒÇ¹Òã̋ɵ¡¢Í§àÃÒ ä˴˴Ò¹чƤ¢Í§àÃÒԷ§Ӵä»¹Ð áÅÐËħ§˗Ò ¨Ðä˴˚Ç¹äˑƤä»ã̋˹ÍÂæ$0",
  "OneKid_3": "à˨Òàʫ¹˓Í§ÃÍÂàÇ·Á¹µΓ ã¹à˨ÒĕÇ˹ÍÂ˺Ò§ՁÂ? àÍÒà¶ÍÐ... ˓Í§ÃÍÂ¾Ç¡׉»¡ŵ ʁäˑ»ÃÒ¡¯àʣÇ¢¹Ò´׉ËÃÍ¡$0",
  "OneKid_4": "˶Òɵ¡àÃÒâµ¾Íá̅Ç àÃÒ¤ÇÃä»àчÂÇ чà¡ÒÐŢ§ā¹¹Ð$0#$e#ˢÒÍÂÒ¡ã̋¾Ç¡à¢Ò àŵºâµÁÒāºŷÇėÈΉ ч¡̇Ò§ãËʽ¢Í§âÅ¡ãº׉ ч¹Í¡àËȉÍ¨Ò¡ɋºà¢Òàʥ¡æ щˉÐ$1",
  "TwoKids_0": "¨Ò¡чÊÇÂæ чˢÒà¤Âä»µÍ¹ŇÒ§Ò¹ÁÒ äˑƱчäË¹¨ÐÁÒښ ¿ÒΓÁËĥ§׉ āº¤ÃÍº¤ģÇàʥ¡æ ¢Í§àÃÒä˴àÅÂ$1#$e#%áÁ¡ęÊ֢Áã̋ĉ¹",
  "TwoKids_1": "àʔ¡æ щ äˑàËȑÍ¹áÁÇãʺՁÂ? »¡ŵƱÊÍ§ ʁàËȑÍ¹Ʊ§Ò¹àʛ¹àˇÒĕÇá̅Ç ...Í˒Ò§˹ÍÂˉÐ¹Ð$0",
  "TwoKids_2": "ˢÒ˗Òħ¹׉ˢÒàʫ¹ Ëѹ§ã¹à˨ÒĕÇàʥ¡ áÊ´§˓Í§ÃÍÂԢ¹˵¹ ¢Í§¡ÒÃã˪¾ĥ§Ũµ˴ÇÂ˕Ð!$3#$e#ݖ¡µÒËƱ àҵÍ¹µ¡¨Ò¡Ԫ¹àÅÂ... ÍÒ¨¨Ðà¾ÃÒÐ¾ĥ§ɵ¡ʁä˴!$0#$b#...ãʺ ˢÒÂÍÁģºʁä˴˗Òݖ¡µÒι¹ ÍÒ¨¨Ðáʴµ¡Å§ÁÒàÍ§à©Âæ$2",
  "TwoKids_3": "à˨ÒŤ´Ģ§ä§ ˶Ò¨Ðã̋Íźà¡ÅÁÒàʛ¹юàוÂ§ ?$0#$e#... áʴàÊ¹Í¤ÇÒÁŤ´ˉÐ$1",
  "TwoKids_4": "ˢÒËħ§¨ƃ§æ ¹Ð˗Ò Í˒Ò§˹ÍÂɵ¡àÃÒĪ¡¤¹ ¨ÐàŴ¹ÃÍÂµÒÁˢÒ$0#$e#á˅ʁ¤§äˑʴÍÂƱËħ§Ɗ¹Ð? Է§æ чâÅ¡àÇ·Á¹µΓ àʛ¹Ъ§чˢÒÍÂÒ¡áˊ§ě¹ ã̋¾Ç¡àÃÒȷ¡¤¹á˷æ$0",
  
  //SEASONAL DIALOGUE
  "spring_Wizard": "á̅Çä»àŴ¹à˕¹ ã¹ˋÒāºˢÒՁÂ? ˢÒ¨Ð¾Òä»ɤ ȎªчƱ»ÃÐâÂªΉԷ§ËÅÒÂ чà¨Íä˴ã¹Äɤãºä́¼ƅàÍ§$1",
  "spring_1": "ˢÒˉÐºÍ¡ä˴àÊÁÍ àÇÅÒÄɤãºä́¼ƅÁÒǖ§ àÇÅÒˢÒä˴Ƃ¹àË˕ÒÁÇÅä́ Ăº¢Ò¹ŕÒŉÒá˛§ƚƇµãËˑˉÐ$0#$e#țÁ? ãʺƊ àË˕Ò˵¹ä́̃Í§à¾Å§ä˴ à˨Òʁ¨Ðä˴Ƃ¹àËȑÍ¹ā¹ ˶ÒԵ§ã¨ğ§ɤ$0",
  "spring_13": "ħ¹à·È¡ÒÅäʲƽÊàµÍΓƊ¹Ð? ȷ¡ƫˢÒʁÊ§ĪÂ ˗Òžƨ¡ÃÃÁÍÐäÃā¹ чàУÁħ²¹¸ÃÃÁ˕Òäʲáºº׉ע¹ ...$0#$e#ˢÒρ¹ã¨ ˗Òġ¹¤§àʱÒáʱƧàƤÂÇ$0",
  "spring_24": "à˵¹œÒāºˢÒՁÂħ¹׉? á˅áˉ¹Í¹ à˨Òà˵¹āºˢÒä˴ȷ¡ħ¹ чà˨Ò˵Í§¡ÒÃàÅÂ¹Ð$1",
  "summer_Wizard": "äˑƱÍÐäÃ »ÅÍº»ÃÐâÅÁŨµã¨ ä˴ƤàˇÒāºÊÒÂÅÁÄɤ̃ÍÂƽ¡á̅Ç á˅¨Ð˗Òā¹µÒÁ¨ƃ§ ˢÒʁªÍº ¾Òɂ˿Ò¤Ð¹Í§àËȑÍ¹ā¹$0#$e#àË˕Ò¡ÃÐáÊä¿ã¹ÍÒ¡ÒÈ чˉÒȅ¹à˵¹ˉÐ$1",
  "summer_1": "Äɤ̃Í¹ÁÒǖ§á̅Ç! ¾Í˵¹ä́àƒÂÇªӭÁ áÅÐàŵºãËʽáºº׉ ¡ÒÃǔ§ÁÒ¹Ò¨Ò¡âÅ¡ÃÍºĕÇ ʁʷÒÂÁÒ¡ע¹àÅÂ˕Ð$0",
  "summer_11": "ħ¹׉ĥÇΓƊ¹Ð? ˢÒρ¹ã¨˗Ò äˑ˗ÒªÒÇàȑÍ§¨Ð»Ƀ§ÍÐäÃ ʁ¤§Í˓ÍÂàËȑÍ¹à¤Âƽ¡áˉ$1",
  "summer_28": "¾Ç¡ɵ¹Òɵ¨ÐÁÒËÒ¾Ç¡àÃÒħ¹׉ àÃÒړàҳÍ§¾Ç¡à¢Ò˹ÍÂÁÒ¡ á˅...$0#$b#ˢÒŤ´˗Ò¾Ç¡à¢Ò Ʊ¾ĥ§àÇ·Á¹µΓÁÒ¡¡˗Ò Ъ§ƱƚƇµã¹·ÐàÅԷ§ËÁ´ ч¾Ç¡àÃÒà¤Â¾ºàÅÂ$1",
  "fall_Wizard": "àÇÅÒàʁºàбÂÇÁÒǖ§á̅Ç ˢÒËħ§˗ÒàÃÒ¨ÐàʁºàбÂÇ ä˴àÂÍÐ¹Ðƫ׉$0",
  "fall_1": "Äɤãºä́˓Ç§ˉÐƱàʫ´àËȕÍàȏÍ ¾Ç¡ġ¹ã˪»Ƀ§ÂÒä˴ ËÅÒ¡ËÅÒÂàÅÂ˕Ð!$1#$e#˶Òà˨Ò¨Ðä»àʁº¢Í§ˋÒÄɤ׉ ˢÒƂ¹Ƥ¨ÐʺÇÂáˊ§àºÒ¹Ð$0",
  "fall_16": "ˢÒËħ§˗Òà˨Ò¨Ð àµƳÂÁ¡ÒÃĈ´áÊ´§ ч§Ò¹áÊ´§Ɗ¹ˤÒ ã̋àʫ¹ǖ§¾ÃÊÇÃÃʹ ĭ¹̅¹àËȕÍ¢Í§à˨Òä˴ËÁ´¹Ð$1#$e#%áÁ¡ęÊ֢Áã̋ĉ¹",
  "fall_27": "ħ¹׉ˢÒƱę´ŚÒĄ­ āºà˨ÒÇ§¡µã¹àȑÍ§˕Ð! ˵Í§ã˪ÁÒ¹ÒàÂÍÐàÅÂ á̅Ç§Ò¹ι¹ Ģ§ɺº¾ĥ§ˢÒàǱÍºËÁ´$0#$e#ˢÒËħ§˗Òà˨Ò āº¤¹ã¹àȑÍ§чàËȕÍ ¨ÐÊȹ¡āºġ¹¹Ð ...áÅÐ¢Íâ·É˴ÇÂ ˶ÒˢÒ˵Í§ž§à˨Ò µÅÍ´·Ò§¡ĥº˺Ò¹ˉÐ$1",
  "fall_28": "ˢÒĪÁĜÊä˴ ǖ§¾ÒɂƋÁÐɵ¡ãËʽ ıÒĥ§ʱÍĕÇ..$0",
  "winter_Wizard": "ʺÇ§ÄɤË¹ÒÇ ˢÒġ¡¨Ðã˪àÇÅÒ àÊƃÁàÊÒàÇ·ΒÃÍºàȑÍ§ á̅Çʁ˝Ò¹ŅÒÃÒ$0#$e#ˢÒĢ§˝Ò¹ä»ä˴ äˑǖ§Ëѹ§ã¹њ ¢Í§ŅÒÃÒã¹ËÍ¤ÍÂˢÒàÅÂ ...$0",
  "winter_1": "áÃ§àËȑÍ¹ā¹¹Ð ¾Òɂι¹? á˅âÅ¡чɦ¡»¡¤ɅÁä»˴ÇÂƋÁÐ ɤÊÇÂÁÒ¡àÅÂ ǖ§ÍÒ¡ÒÈ¨ÐâË´̃ÒÂä»ËˉÍÂʁà¶ÍÐ$0",
  "winter_8": "ˢÒà´Ò˗Ò à˨Ò¨Ðä»µ¡»ÅÒ ч§Ò¹ħ¹׉Ɗ¹Ð âª¤Ƥ˕Ð!$1#$e#ġ¹Ʊчã¹ˋÒ чÍÒ¨ÐƱàÇ·Á¹µΓÍԒ чˢÒ¨Ð˵Í§ä»µÃÇ¨ÊÍº à˨ÒÁÒʺÇÂˢÒä˴µÅÍ´¹Ð Ëĥ§à˨ÒàÍÒª¹ÐƇÅѕä˴á̅ÇˉÐ$0",
  "winter_12": "ƽ¡äˑбħ¹ ¨ÐƱµÅÒ´ę´ÃÒµƳ ˢÒà¤Âä˴ħµȶŴºËÒÂÒ¡ чÀÒÂËĥ§Ʊ»ÃÐâÂªΉ ÁÒ¨Ò¡чι¹$0",
  "winter_25": "Ɋ¢Ī¹΅ħ¹´Ç§´ÒÇÄɤË¹ÒÇ¹Ð чģ¡ ˢÒԵ§µÒÃÍ ч¨Ðã˪àÇÅÒƽ¡ƫāºà˨Ò¹Ð$4",
  
  //DAY DIALOGUE
  "Indoor_Day_Wizard": "˺Ò¹ã¹¿ÒΓÁ˹ÍÂæ ч¾Ç¡àÃÒỄÒ§щ ʺÒ§Ɋ¢ÊºÒÂÍÐäÃÍ˒Ò§׉! Ƥ¡˗ÒËÍ¤ÍÂĭºæ àÂÍÐàÅÂ$1",
  "Indoor_Day_0": "ˢÒ˗Òħ¹׉¨Ð ŇÒ¤ÇÒÁÊÐÍÒ´Ī¡ËˉÍÂ ...à˨Ò¤§äˑ˗Ò ˶ÒˢÒ¨Ðã˪àÇ·Á¹µΓ Ī¡àʥ¡˹ÍÂʺÇÂãʺՁÂ?$0",
  "Indoor_Day_1": "ˢÒÇÒ§á¼¹˗Ò ¨Ð»ÃÐ¡Íºžƨ¡ÃÃÁĪ¡ËˉÍÂ ħ¹׉ˉÐ$0#$e#äˑ˵Í§˛Ç§ËÃÍ¡ ġ¹äˑàÅÍÐà·ÍÐáˉ$0#$b#ˉÒ¨ÐˉÐ¹Ð...$3",
  "Indoor_Day_2": "à˨Òà˕¹àŵÁ¢Í§ã¹څàʢ¹ ¨¹àʕÁµÅÍ´ ˴ÇÂ¼Å¼ƅµã¹¿ÒΓÁáºº׉$0#$b#ġ¹ʁÂÒ¡ˉÐƊ чˢÒ¨ÐŇÒĕÇàʛ¹»ÃÐâÂªΉ â´Â¡ÒÃʺÇÂ؛Í¢Í§ˉÐ$1",
  "Indoor_Day_3": "ȝÁ... ˢÒ˗Ò¨Ðä»àŴ¹à˕¹ã¹ˋÒ àʣÇæ ׉ ÍԒã¹׉ˢÒàУÁ ¡ÃÐĪº¡ÃÐ˚ÒÂá̅Ç$0",
  "Indoor_Day_4": "à˨Ò˗ÒàÃÒƱч¾Í ч¨ÐÇÒ§Ԫ¹Ëę§ȚÍƽ¡Ī¡Ԫ¹ՁÂ?$1",
  "Outdoor_Wizard": "ˢÒªÍºч¨ÐÍÍ¡ä»ˢÒ§¹Í¡ ÁÒ¡¡˗ÒȤ´ٴã¹˺Ò¹ÁÒµÅÍ´ ġ¹ŇÒã̋âÅ¡ėÈΉ¢Í§¤¹ á¤ºÁÒ¡àš¹ä»$0",
  "Outdoor_0": "*ĮÁà¾Å§* ̍ÒÇ ä§ @! àʛ¹ħ¹чƤàÅÂ ãʺՁÂ˕Ð?$1",
  "Outdoor_1": "à˨Òà¤Âä» á¤ÊàūÅƇÅàÅ¨ËȓÍĢ§? ˢÒªÍºÍÒ¡ÒÈчщÁÒ¡¡˗Ò ġ¹ÊÐÍÒ´¡˗Ò Ê´Қ¹¡˗Ò á̅ÇʁäˑàËʡ¹¡Х¹àÇ·Á¹µΓ ˴ÇÂ$0",
  "Outdoor_2": "¡ÒÃ»ɵ¡ˉÐ ¨ÐŇÒã̋àš´ÁÒ¹ÒÁÒ¡ע¹ÃÍºæ ġ¹àÊÁÍ ã¹¿ÒΓÁ׉ġ¹àˢÁˢ¹àƺÂ¨¹ ړǪ¡ˇÇÁ˷¹àÅÂ$0#$e#ړǪ¡ƱƚƇµƚÇÒ Ɋ´æ àÅÂ˕Ð$1",
  "Outdoor_3": "¤ĥ§ÂÒ¢Í§ˢÒàУÁ˓ÍÂËÃÍá̅Ç ˢÒ¨Ð˵Í§àˢÒˋÒ ä»àʁºàОÁàʣÇæ ׉á̅Ç˕Ð$0",
  "Outdoor_4": "ˢÒàʫ¹ ¹¡Ğ¹ۨËÒÂÒ¡ ч¿ÒΓÁ˴ÇÂà˪Ò׉! ˢÒÊ§ĪÂĈ§˗Ò ¾Ç¡ġ¹ź¹ÁÒ¨Ò¡ Ëԑà¡ÒÐãºàſΓ¹ËȓÍà»˕Ò$0",
  "Rainy_Day_0": "½¹¾Ç¡׉¤§ƤāºȎª¼ÅƊ¹Ð ǖ§ġ¹¨ÐäˑƤ˅ÍËÁÇ¡ˢÒʁµÒÁ$0",
  "Rainy_Day_1": "ˢÒړ˗Ò щŇÒã̋ˢÒğ§ɤ»ÃÐËÅÒ´ á˅½¹ŇÒã̋ˢÒÍÒÃÁ΃ƤˉÐ$1",
  "Rainy_Day_2": "Ëĥ§رÍϔÒ àÃÒÁÒȨ´ä¿ á̅Ç¹Í¹¡Í´ā¹ Ë˹Ò¡Í§ä¿ƤՁÂ?$0#$e#Ȩ´ä¿ã̋¾Ç¡àÃÒˉÐ äˑ¤Ã³ÒȑÍˢÒËÃÍ¡$1",
  "Rainy_Day_3": "Í˒Ò§àƤÂÇчˢÒäˑªÍº àбÂÇāºàغÍ¤ɅÁʁǴÍ ġ¡Ëę¡¨¹ˉÒœÒ¤Ò­ àÇÅÒàƫÂ¡ˉÐ...$0",
  
  //NIGHT DIALOGUE
  "indoor_Night_Wizard": "Ƃ¹Ƥ˵Í¹ģº¡ĥº˺Ò¹¹Ð @ Ëħ§˗Òà˨Òäˑä˴ŇÒ§Ò¹ Ëę¡ä»ãʺՁÂħ¹׉$0",
  "Indoor_Night_0": "Ǵ¹׉ġ¹¨ÐË¹ÒÇáˉæ$0#$b#àʛ¹ˢÍ̍Ò§чƤ ã̋¹Í¹¡Í´ā¹àÅÂ$1",
  "Indoor_Night_1": "ˢÒρ¹ã¨ ˗Òà˨ÒŇÒ§Ò¹ä˴àÂÍÐàÅÂƊ¹Ðħ¹׉ Í˒ÒȕÁáˊ§àÇÅÒÁÒĞ¡ˌÍ¹¹Ðàʢ¹׉$0#$e#%áÁ¡ęÊ֢Áã̋ĉ¹",
  "Indoor_Night_2": "ʺÒ§àʛ¹ħ¹чÂÒÇ¹Ò¹ŚÒËģºˢÒ Ƥч¨ºÅ§àƺÂƧ...$0#$e#ħ¹¢Í§à˨Ò˕Ð àʛ¹Ģ§ä§˺Ò§?$1",
  "Indoor_Night_3": "ˢÒ˵Í§àŴ¹·Ò§ ä»ŇÒȸÃÐ¢Í§šÅ΄àʣÇæ ׉ áʴǙ¡ǖ§ ˢÒʁàËҩÍÂ¨ÐµÒÂá̅Ç...$0",
  "Indoor_Night_4": "àȅÍ¹ˢÒ ã̋àÍÒ¤Ò¶ÒчˢÒǝ¡ÍԒ ã̋ɤ˴ÇÂ˕Ð ġ¹àʛ¹¤Ò¶Ò˻Í§ā¹ á˅¼Å¢Í§ġ¹ʴÍ¹ˢÒ§ÊÐȴ´µÒàÅÂ˕Ð$0",
  "Rainy_Night_Wizard": "Ǵ¹׉àÃÒÊÍ§¤¹ ¨Ðä˴Ğ¡ˌÍ¹àʕÁчā¹Է§Ӵ˕Ð$1",
  "Rainy_Night_0": "ħ¹Ëĥ§½¹áºº׉ ˋÒıÒĥ§د¹Ǵ¹ƚ¾àÅÂ˕Ð à˪Ò¾ӣ§׉ àË˕Ò˵¹ä́˵Í§ÊÇÂÁÒ¡áˉ$0",
  "Rainy_Night_1": "àƺÂ§½¹¡ÃÐ·ºËĥ§¤Ò щàËȑÍ¹ àƺÂ§¡˕ÍÁ¹Í¹àÅÂ¹Ð ˗ÒՁÂ?$0",
  "Rainy_Night_2": "ˢÒã˪ÁÒ¹Òä»àÂÍÐàÅÂħ¹׉ ä˴Ğ¡ÂÒÇæ ¤§ƤŚÒËģºˢÒ$0",
  "Rainy_Night_3": "Ȏª¼Åà˨Ò ˵Í§ªÍºÊÀÒ¾ÍÒ¡ÒÈ ׉ÁÒ¡áˉ$1",
  "Rainy_Night_4": "µÍ¹à˪ÒˢÒ¤ÇÃä»ɤ ÊÇ¹чËÍ¤ÍÂˢÒàƺÂËˉÍÂ$0#$e#¼Åä́âºÃÒ³˵Í§¡ÒÃթÒ ÁÒ¡¡˗ÒȎªҽ¹æ ¤§àʛ¹àËȵ¼Åч ŇÒã̋¾Ç¡ġ¹àǱÍº¨Ðɺ­Ğ¹ۨ ...$0",
  
  //AFFECTION DIALOGUE
  "Good_0": "̍Ò ÊħÊƤ чģ¡! ˢÒıÒĥ§Ť´ǖ§à˨ÒàÅÂ$1",
  "Good_1": "ˢÒ˗Ò¨ÐÅÍ§Íº¢¹Áɤħ¹׉ ˢÒŤ´˗Òġ¹ÍÍ¡ÁÒƤƧàƤÂÇ àұÍɤ¨Ò¡ȷ¡Í˒Ò§ˉÐ¹Ð [234 222 220]$0",
  "Good_2": "˴ÇÂÍƤµчàʈº»Ç´ÁÒ¡ÁÒÂ ˢÒäˑà¤ÂŤ´àÅÂ ˗Ò¨Ðä˴ҥ¹ÁÒ¾º ħ¹чáÊ¹ËÇÒ¹àʺ¹׉...$0#$e#¢ÍºȤ³¹Ð чã̋âÍ¡ÒÊˎÍÁ´áʱæ ֲËȧ´Ëŧ´Í˒Ò§ˢÒ$4",
  "Good_3": "Ëħ§˗Òà˨Ò¨ÐƱħ¹ чàђÂÁÂÍ´¹Ð ÂÍ´ģ¡$1",
  "Good_4": "ËÍ¤ÍÂ¢Í§ˢÒ àʕÁä»˴ÇÂŅÒÃÒ¤Ò¶ÒËÒÂÒ¡ áÅÐħµȶŴºчˢÒÊÐÊÁ ÁÒ¨Ò¡ηÇâÅ¡ чá·º¨Ð ËÒäˑä˴ƽ¡á̅Çʁ˗Òä˴$0#$b#á˅äˑƱ¢Í§֊¹äË¹àÅÂ ч¨ÐƱʴÒàƧÂºàˇÒāºà˨Ò$4#$e#ˢÒړ˗Òġ¹àªÂ¨¹ˉÒ¢¹Ʌ¡ á˅ˢÒäˑÊ¹ã¨ËÃÍ¡¹Ð ˶Òà˨ÒªÍºˉÐ$0",
  "Good_5": "ˢÒ˵Í§Ť´ËÒ¤Ò¶ÒãËˑ ÁÒŇÒã̋à˨Ò»ÃÐėºã¨àʣÇæ á̅Ç... äˑÍÂÒ¡ã̋à˨ÒŤ´˗Ò Á¹µΓˢÒע¹ÊŹÁá̅ÇˉÐ!$1",
  "Good_6": "¾Ç¡àÃÒ¤ÇÃ¨Ð ä»àчÂÇ˴ÇÂā¹àʣÇæ ׉¹Ð ˢÒÊÒÁÒÃ¶ã˪à̊¹ÊÒÂã¹šÅ΄ ËÒàȑÍ§àʥ¡æ чÍºӭ¹ ˇÒÁ¡ÅÒ§ɋºà¢ÒĪ¡á˛§ ã̋¾Ç¡àÃÒä˴¹Ð$0",
  "Good_7": "ƱËÅÒÂàËȵ¼Å чŇÒã̋ˢÒģ¡à˨Ò Ëѹ§ã¹Թ¹ǴÍ¡ÒÃчà˨Ò ʺÒ§àʛ¹¤¹чƱ¾ÃÊÇÃÃʹ à˨Ò»ģºĕÇàƳÂ¹ړ āºȷ¡Í˒Ò§чà˨Ò¨ÐŇÒä˴$0#$e#ˢÒҚ¹ªÁà˨ÒÁÒ¡ã¹àҳÍ§Թ¹$4",
  "Good_8": "à˨ÒŇÒ§Ò¹Ëę¡ÁÒ¡àÅÂ! à˨Ò˵Í§Í˒ÒȕÁ ŇÒ˓Ò§¡ÒÂã̋áʂ§áÃ§ ÍԒàÊÁÍ˕Ð ˢÒƱÍÐäÃŹ´ËˉÍÂÁÒʺÇÂ [244 242 907 905 240]$0",
  "Good_9": "à˨ÒړՁÂ ˢÒäˑŤ´˗Òã¹ƚƇµ׉ ˢÒà¤ÂƱ¤ÇÒÁɊ¢ àˇÒµÍ¹чÍԒāºà˨ÒàÅÂ$1",
  "Neutral_0": "ħ¹׉Í˒Òī¡âËÁ¨¹àš¹ä»˕Ð ˢÒäˑÍÂÒ¡˵Í§ã˪¤Ò¶Ò ÅÍÂĕÇ¾Òà˨Ò¡ĥºÁÒ$0#$e#...á˅˶Òà˨Òä»ËÁ´Êŵ ÍԒчäË¹¨ƃ§... ÊËÒÂчƤ¤¹Ëѹ§¢Í§ˢÒ ¨ÐʺÇÂɤáÅà˨Òã̋àÍ§$0",
  "Neutral_1": "ħ¹׉ÃÒºҳ¹ՁÂ @?$0",
  "Neutral_2": "àÇ·Á¹µΓˉÐàƳÂ¡̃Í§ÍÐäÃÁÒ¡ á˅ʁã̋ÃÒ§ħÅÁÒ¡àʺ¹ā¹$0",
  "Neutral_3": "ƫ׉¿ÒΓÁä»ä˴Ƥ¹Ð$1",
  "Neutral_4": "̍ÒÇ! à˨ÒĈºˢÒä˴ µÍ¹ıÒĥ§àËˑÍ¾ÍƤàÅÂ â·ÉƧ¹Ð$3",
  "Neutral_5": "ˢÒǙ¡äˑÍÍ¡àÅÂ ˗Òà˨ÒŇÒ§Ò¹ÍԒã¹àȑÍ§ɛɛ ä˴Ģ§ä§ ¡Х¹āºàƺÂ§чι¹ ¤§ŇÒˢÒ»Ç´īÇáˉ$0#$e#ˢÒªÍºччÊ§ºɊ¢ Í˒Ò§ÊµÒΓŴÇ áÇÅƵΒÁÒ¡¡˗Ò$1",
  "Neutral_6": "ˢÒäˑà¤ÂàˢÒã¨àÅÂ˗Ò µ¡»ÅÒÊȹ¡µÃ§äË¹ á˅ˢÒʁƤã¨чà˨ÒªÍºġ¹¹Ð$0",
  "Neutral_7": "ˢÒ˵Í§àŴ¹·Ò§ä»ȤÂāº¤ÒƁÅ˕Ò чá¤ÊàūÅƇÅàÅ¨ àҮÍȤÂàҳÍ§¡ÃÐ·ÃÇ§àʣÇæ ׉˕Ð ¹Ò§àʛ¹¤¹чˉÒÊ¹ã¨¨ƃ§æ$0#$e#¹Ò§ÊęºÊȹ¹à˨Ò˴ÇÂ¹Ð ړËȓÍà»˕Ò$0",
  "Neutral_8": "ä»àŴ¹à˕¹ā¹à¶ÍÐ ä˴à»ѕÂ¹ºÃÃÂÒ¡ÒÈ˺Ò§ ¤§Ƥāº¾Ç¡àÃÒ$1",
  "Neutral_9": "ƚƇµã¹¿ÒΓÁщÊ§º¨ƃ§æ ¹Ð ˗ÒՁÂ?$0",
  "Bad_0": "*à̎Í* ˢÒà¤ÂŇÒ¤ÇÒÁż´¾ÅÒ´ ãËʽËÅÇ§ã¹ÍƤµˉÐ @ Ɋ´˷ÒÂá̅Ç ˢÒʁ˵Í§à¼Ū­Ë˹Òāºġ¹$2#$e#Ëħ§˗Ò ¾Íǖ§àÇÅÒԹ¹ ˢÒ¨ÐƱà˨ÒÍԒˢÒ§æ ¹Ð$0",
  "Bad_1": "ˢÒÍÒ¨¨Ðä»ã˪àÇÅÒ ÍԒчËÍ¤ÍÂ˺Ò§... à˨Òäˑä˴ŇÒÍÐäÃż´ËÃÍ¡ ˢÒáʴÍÂÒ¡ã˪àÇÅÒ ÍԒāºĕÇàÍ§˺Ò§ˉÐ$0",
  "Bad_2": "à˨ÒڌËŭ§¤¹Թ¹... ¤ÒƁÅ˕Òι¹ àыÂÁä»˴ÇÂ¾ÃÊÇÃÃʹ á˅ºÒ§¤Ճ§ ʁǔ§ɤ´¤ÇÒÁÊ¹ã¨¨ƃ§æ$5",
  "Bad_3": "...à˨ÒÍԒāºˢÒ Ʊ¤ÇÒÁɊ¢¨ƃ§æ ËȓÍ?$2#$e#¢Íâ·É˴ÇÂ ġ¹äˑɂŵ¸ÃÃÁч¨Ð¶ÒÁ äˑàʛ¹äÃ$2",
  "Bad_4": "¤Ò¶ÒãËˑчˢÒ·´ÊÍºÍԒ ƥ̂Í¹¡ĥº ˢÒړǪ¡... äˑʴÍÂàʛ¹ĕÇàÍ§àÅÂ$3#$e#˶ÒǴ¹׉ à˨Òҥ¹ÁÒà¨Í¡º ˢÒ֗§¼§ã¹ȶ§ä̇ã̋º¹ḁ̂Ð¹Ð$3#$e#áʴâÃÂġ¹º¹ĕÇˢÒ$3#$e#...$3#$e#%áÁ¡ęÊɤäˑʴÍÂƤàˇÒäË˓...",
  "Bad_5": "*ȿ´ſ´* ˢÒ¤§äˑàʛ¹ɰƁá˾ËÃÍ¡¹Ð... ι¹ġ¹¨Ðàʛ¹ËÒÂ¹Ð ŚÒËģº§Ò¹ˢÒáˉ$0",
  "Bad_6": "ˢÒړǪ¡ äˑàˢÒчàˢÒ·Ò§àÅÂħ¹׉ äˑ˕Ð ˢÒäˑŤ´˗ÒƱÍÐäÃ чà˨ÒʺÇÂä˴$0",
  "Bad_7": "ˢÒŇÒ§Ò¹ч¿ÒΓÁ äˑƤàˇÒчËÍ¤ÍÂàÅÂ ƱЪ§àъÂ§àº¹¤ÇÒÁÊ¹ã¨ ÁÒ¡àš¹ä»$0#$e#˝Ò ¤ÇÒÁż´¢Í§ˢÒ.. ˢÒàÍ§ ˢÒäˑä˴Ե§ã¨ ã̋ġ¹ÍÍ¡ÁÒáººԹ¹$2",
  "Bad_8": "ÀÃÃÂÒàʱÒ¢Í§ˢÒ â©ºˌÒ¹ËÍ¤ÍÂˢÒàұÍǴ¹ á̅Çʁà¼Ò˵¹ä́ã¡̅æ «Ðàʛ¹Ȩ³$5#$e#à˨ÒڌËŭ§âʷà¢ÅÒι¹ àǱÍºŇÒã̋ä¿ˋÒá̅Ç ˶ÒäˑÃÐħ§$5",
  "Bad_9": "ħ¹׉ˢÒĢ§äˑÍÂÒ¡ȤÂ à݋ÂÇġ¹ʁƤע¹$0",
}
