﻿{
  //SPECIAL DIALOGUE
  "Introduction": "â̍ Ëħ´Ƥ Ȥ³ǴÍà˨Ò¢Í§ãËˑ¢Í§¿ÒΓÁ %farm Ɗ¹Ð ڌĈ´¡ÒÃà¤ÂĈ´»ÃÐȪÁ àҳÍ§¢Í§Ȥ³àÅÂ¹Ò!$0#$b#¼ÁŇÒ§Ò¹¾ÒΓ·ä·Α ч̃Ò¹â¨˨Ò$1#$e#à˝ÍÍ ʺÇÂȕÁч¼Áɮ´ àҳÍ§»ÃÐȪÁàұÍֱƧ ġ¹ÍÒ¨ŇÒã̋¼Á§Ò¹àˢÒ$4",
  "pamHouseUpgrade": "Ȥ³Ť´˗ÒȤ³ڌËŭ§¤¹Թ¹ ¨Ðã¨Ƥāº¼ÁÁÒ¡¡˗ÒàŴÁ µÍ¹¼ÁÍԒчŇÒ§Ò¹ՁÂ¤ģº?$4",
  "pamHouseUpgradeAnonymous": "Ȥ³Ť´˗ÒȤ³ڌËŭ§¤¹Թ¹ ¨Ðã¨Ƥāº¼ÁÁÒ¡¡˗ÒàŴÁ µÍ¹¼ÁÍԒчŇÒ§Ò¹ՁÂ¤ģº?$4",
  "Town_92_44": "%'·Ò§àˢÒ¢Í§¾ę§§Ò¹'",
  "BusStop_12_8": "%¤¹ĂºÃ¶ĚÊ: ¨Ðע¹Ã¶ՁÂ¤ģºȤ³ڌªÒÂ ˶Òäˑע¹ʁ¶ÍÂä»ËˉÍÂ¤ģº^%%¤¹ĂºÃ¶ĚÊ: ¨Ðע¹Ã¶ՁÂ¤ģºȤ³ڌËŭ§ ˶Òäˑע¹ʁ¶ÍÂä»ËˉÍÂ¤ģº",
  "Resort_Entering": "à¡ÒÐщà͈§ä»àÅÂ!$1",
  "Resort_Leaving": "¼Á¨Ðä»à˕ÒàҳÍ§à¡ÒÐ׉ ã̋ˎÍáˑğ§!$1",
  "Resort_Shore": "թÒщړǪ¡ƤÁÒ¡àÅÂàÇÅÒâ´¹à˷Ò ¼Á˗Ò¼Áä»˗ÒÂթÒƤ¡˗Ò!$0",
  "Resort_Chair": "ġ¹à͈§ÁÒ¡àÅÂ¹Ð чȪÁª¹Ȥ³ ÃÇÁĕÇā¹ŇÒÍÐäÃÊȹ¡æ áºº׉˴ÇÂ$0#$e#˺Ò¹àš´¼ÁÍ˒Ò§àʋ§àÅÂ...$4",
  "Resort": "¼ÁȕÁ·Òā¹á´´˝Ð$4#$e#¼Á˗Ò¼Áâ´¹á´´à¼Ò˕ÐÅÐ Ëĥ§Ą¹ä»ËÁ´àÅÂ$4",
  
  
  //SPRING AND GENERAL DIALOGUE
  "Mon": "Ƥ¤ģº @! á¤ÅΓàʛ¹Ģ§ä§˺Ò§?$0",
  "Tue": "˝ÒΛ Ëħ´Ƥ $0",
  "Tue2": "áˑ¼ÁŇÒˢÒÇ¡˕Í§ãËʽà֚Á ÁÒã̋¼ÁàÅÂ¹Ðħ¹׉$0#$e#áˑã˚¢¹Á 'ƚÊ àŤΓÅ' ÁÒ˴ÇÂ ¢¹Áщ¢Í§â»Ã´¼ÁàÅÂ!$1",
  "Tue8": "Ƥ¤ģº @ Ģ§ŇÒĕÇӢ§µÅÍ´àÇÅÒ àËȑÍ¹àŴÁàÅÂ¹Ð$0#$e#ԧ¹ ä̇à¨Íā¹$6",
  "Sat": "*à̎Í*... ħ¹׉äˑÍÂÒ¡ŇÒ§Ò¹àÅÂ˝Ò$2#$e#â̍Ð ˝Ò ģºÍÐäÃƤ¤ģº?$4",
  "Sat2": "щ Ȥ³Ť´Ģ§ä§āºá¤ÅΓËÃÍ ʁàҮÍ¹˓ÇÁ§Ò¹¼Áä§?$0#$e#à¸Íáºº Í˒Ò§à͈§àÅÂ¹Ð$6",
  "Sat6": "@ щ! ÊºÒÂƤà»˕Ò!?$1#$e#¼ÁıÒĥ§ҤÁ¡Òá¿ чáˑª§àұÍà˪Ò׉!$1#$e#ħ¹׉˵Í§áʸÁá̱ÇɊ´æ !$1",
  "Sun": "ºÒ§Ƨ¼Áʁע¹Ã¶ĚÊ¨Ò¡чщ àҮÍä»ȒÁËę§ȚÍч̋Í§ÊɁ´$0#$e#ڌªÒÂà¤ÃÒá¾Ð¤¹Թ¹ äˑʴÍÂ¨Ðɮ´Ī¡àˇÒäË˓¹Ð$0",
  "Sun2": "țÁ...$4#$e#...$4#$e#â̍! ä§!$1#$b#áʴıÒĥ§Ť´ÍÐäÃà¾ƅ¹æ äˑ˵Í§ã˚ã¨ËÃÍ¡$0",
  "Sun6": "ã¡̅¨Ðǖ§¡ÒÃÊÍº¤Ճ§ãËʽá̅ÇƊ! ˵Í§àµƳÂÁĕÇã̋Ƥæ$1#$e#̋Í§ÊɁ´ã¹àȑÍ§¢Í§Ȥ³ ƱËę§ȚÍˉÒÊ¹ã¨ àÂÍÐàÅÂáËÅÐ$0",
  
  
  //SUMMER DIALOGUE
  "summer_Tue": "àÃÒıÒĥ§¨ÐĈ´â»Ã Å´âÅÐƊ¹ˤÒ àʣÇæ ׉ Å´ 5% áˉÐ!$1",
  "summer_Tue2": "á¤ÅΓˊ¹˗Ò áÍΓã¹̃Ò¹ġ¹àʢ¹àš¹ä»˝Ò¹Ð$2#$e#á˅ڌĈ´¡ÒÃʁ äˑ»ģºɍ³ËɰƁÅ§ËÃÍ¡¹Ð à¢ÒºÍ¡˗ÒàÍÒä̇ǔ§ɤ´ɵ¡ˤÒ ˗Òԧ¹$3",
  "summer_Tue8": "¼Á˗Ò ¼ÁÁÍ§àʫ¹ĕÇàÍ§µÍ¹áʱ ̂ÒÂÁÒÍÒĨÂÍԒч ÊµÒΓŴÇáÇÅѕ˝Ò$0#$e#á˅Ģ§ä§¼ÁʁäˑàËÁÒÐāº §Ò¹ã¹¿ÒΓÁ àËȑÍ¹Ȥ³ÍԒƤ$1",
  "summer_Sat": "чщƱŷÇėÈΉчÊÇÂ§ÒÁÁÒ¡ÁÒÂ â´Âà©¾ÒÐ ·ÐàÅĭ­Áƣ$0#$e#˺Ò¹¼Á Ʊáʴӗ§ÃÒº¡̇Ò§æ āºɰà¢ÒǸ´¨Ò§$4",
  "summer_Sat2": "ˎÍʺÇÂ¼Áã̋ä˴§Ò¹¾ÒΓ·ä·Α׉$4#$e#Í˒Ò§˹ÍÂ¼Áʁ؛Í¢Í§ч¼ÁÍÂÒ¡ ä˴˴ÇÂàŧ¹¢Í§¼ÁàÍ§$0",
  "summer_Sat8": "áˑ¼Á˛Í·ÒâˡÁÒã̋ 2 ĭ¹ àÍÒՁÂ¼Ááˊ§ã̋![213]$0#$e#áˑ˝Ð ŇÒāºˢÒÇàʱ§Ɋ´á̅Ç$1",
  "summer_Sun6": "¨ƃ§æ ¼Áʁäˑä˴ĸÒàʛ¹˵Í§ ä»˝Ò¹Ëę§ȚÍÍԒч̋Í§ÊɁ´ ã¹àȑÍ§׉ËÃÍ¡ ã¡̅æ ˺Ò¹¼ÁʁƱ̋Í§ÊɁ´˝Ð$0#$b#¼ÁáʴÍÂÒ¡ȒÁ Ëę§ȚÍàОÁƽ¡Ī¡ËˉÍÂ$4",
  "summer_Sun8": "ã¹ɋºà¢Ò׉Ʊ¤¹à͈§æ àÂÍÐàÅÂ¹Ò Ȥ³ƱàҮÍ¹àÂÍÐǣà»˕Ò?$0#$e#¼ÁÍÒĨÂÍԒã¹¹Í¡àȑÍ§˝Ð äˑʴÍÂƱ¤¹ÍԒàÂÍÐËÃÍ¡$0",
  
  
  //FALL DIALOGUE
  "fall_Tue": "ÊħÊƤ¤ģºȤ³ڌªÒÂ^ÊħÊƤ¤ģºȤ³ڌËŭ§",
  "fall_Tue2": "áˑɮ´àÊÁÍ˗Ò 'ŚÒàƩÂ§˚ÍÀÒÉÒ ¡ƃÂÒ˚ÍÊȡÅ' ¼Á¨ÐŇÒĕÇƤáÅÐɊÀÒ¾ āºȷ¡¤¹ã̋ƤчɊ´ $0#$e#ι¹ÍÒ¨¨Ðàʛ¹ Ъ§чŇÒã̋¼Áä˴ŇÒ§Ò¹ ч̃Ò¹â¨˨Òʁä˴$0",
  "fall_Tue8": "¼Á¨ÐŇÒ§Ò¹ã̋Ëę¡ µÍ¹ч¼ÁĢ§ËәÁщáËÅÐ! ÁÒΓŵ¹ã¹Í¹Ò¤µ˵Í§ɰƁã¨áˉ!$1",
  "fall_Sat": "*ËÒÇ* ʁàұÍǴ¹¼Áà˕¹à¡Áâ˵ӣ§˝ÒƊ µÍ¹׉ʁàÅÂƱÊÀÒ¾Í˒Ò§чàʫ¹...$2#$e#á˅Ģ§ä§¼Áʁĭ¾àÅà˗ÅĕÇÅÐ¤Ãä˴á̅Ç$1",
  "fall_Sat8": "¼Áà¤ÂŇÒż´¾ÅÒ´áººâʷæ µÍ¹ÍԒчŇÒ§Ò¹àʛ¹ɰà¢ÒàÅÂ á˅µÍ¹׉¼ÁâÍà¤āºġ¹á̅Ç$0#$e#щ ¼Á»صÁÁÒ¡ чȤ³ÁÒȤÂāº¼Á!$1",
  "fall_Sun": "*ËÒÇ*...$2#$e#â̍ ˝Ò ¤ģº ã̋¼ÁʺÇÂÍÐäÃՁÂ¤ģº?$0",
  "fall_Sun4": "àҮÍ¹ÊŹ·¼Á ÍÍ¹äÅΉā¹ËÁ´àÅÂáÎÐ ¼ÁȤÂāº¾Ç¡à¢Òá·ºȷ¡ħ¹$6#$e#¼ÁʁÍÂÒ¡¨Ðà¨Íāº¾Ç¡à¢Ò ã¹ƚƇµ¨ƃ§Ī¡¤Ճ§ á˅ݘÇà¤ҳÍ§ź¹ ǴÍ Í˒Ò§á¾§§§...$0",
  "fall_Sun8": "Ëħ´Ƥ¤ģº @ Ȥ³ړà»˕Ò ¼ÁÍÒ¨¨ÐȤÂāºڌĈ´¡ÒÃ àҮÍ¢Í˚Ç¹Å´Ƥæ ã̋Ȥ³ä˴¹Ð!$0",
  
  
  //WINTER DIALOGUE
  "winter_Tue": "§Ò¹чщ ȆÍ˗ÒƤàÅÂã¹¡ÒÃàÍÒä̇ Ի¹àÃɛàˑÊġ¤Ã§Ò¹ÊÇÂæ$0", 
  "winter_Tue8": "ºÒ§¤Ճ§àËȑÍ¹ĉ¹ä˴Ƃ¹ á¤ÅΓĮÁà¾Å§чà¸ÍªÍº¹Ð...$6#$e#â̍.. à˝Í.. ƱÍÐäÃã̋¼ÁʺÇÂäËÁ¤ģº @?$0",
  "winter_Sat4": "áˑ¼ÁıÒĥ§ Ė¡˼ÒĞ¹¤Í ã̋¼ÁÍԒáËÅÐ$0#$e#Ëħ§˗Ò¤Ճ§׉ ġ¹¤§äˑãËʽàš¹ä»...$4",
  "winter_Sat8": "¼ÁäˑʴÍÂä˴ä»áÇÐ ч«Òɵ¹ã¹àȑÍ§ËÃÍ¡¤ģº ºÒ§ƧàÃÒˉÒ¨Ð ä»áÇÐËÒÍÐäÃš¹ā¹!$0",
  "winter_Sun4": "ŇÒ¿ÒΓÁµÍ¹ÄɤË¹ÒÇщ àʛ¹Ģ§ä§˝Ð¤ģº? Ȥ³¤§ƱàÇÅÒ˗Ò§áººɊ´æ ä»àÅÂ$0",
  "winter_Sun8": "ä§ @ Í˒ÒŇÒ§Ò¹ī¡âËÁä»˕Ð!$0",
  
  
  //EVENT DIALOGUE
  "martin_event1": "¹Ð-ι¹ġ¹.. à˝Í ¼ÁŇÒ§Ò¹ƇĈÂÍԒˉÐ ġ¹...$4",
  "martin_event2": "... ʺÒÂ äˑʴÍÂƱÍÐäÃŇÒч˺Ò¹ á̅ÇчщʁƱ...$0",
  "martin_event3": "...¤ģº Ȥ³ɮ´ɦ¡á̅Ç˕Ð.$6",
  "martin_event4": "ǴÍ¼ÁËÁÒÂ¤ÇÒÁ˗Ò ġ¹á»Å¡Ź´ËˉÍÂ á˅¼ÁƱàËȵ¼ÅчƤ¹Ð...$0",
  "martin_event5": "¢Íºã¨¹Ð @ ¼Á¨Ðä»ËÒà¸Í$0",
  "martin_event6": "... âÍà¤ á̅Çá˅Ȥ³àÅÂ ā¹à¸ÍΓ¤§ã̋à¸ÍĞ¡чžž¸Ġ³΁ áËÅÐՁ§¤ģº$3",
  "martin_event7": "ʺÒÂ... ¼Á¤§àʛ¹Í˒Ò§Թ¹ ¨ƃ§æ áËÅÐ$6",
  "martin_event8": "... äˑá¿ΓàÅÂ¤ģº @$3"

}
