﻿{

"Mon": "щ ÊħÊƤ!$1",
"Tue": "щ ÊħÊƤ!$1",
"Wed": "щ ÊħÊƤ!$1",
"Thu": "щ ÊħÊƤ!$1",
"Fri": "щ ÊħÊƤ!$1",
"Sat": "щ ÊħÊƤ!$1",
"Sun": "щ ÊħÊƤ!$1",

"fall_1": "Ëħ´Ƥ˨Ò! ħ¹׉ĉ¹ÁÒʺÇÂâ«àƯÂ˕Ð$1",
"fall_2": "â«àƯÂ˵Í§¡ÒÃ¤ÇÒÁʺÇÂàËȕÍ ã¹¡ÒÃàʁºÍӇ¹ ʺÇ§Äɤãºä́˓Ç§ˉÐ$0#$e#ġ¹à͈§ÁÒ¡àÅÂ! ¾Ç¡àÃÒä˴ »ÒΓׅˤÒ§Ǵ¹ā¹˴ÇÂ!$1",
"fall_3": "ĉ¹ªÍºƇÇ¢Í§·ÐàÅĭ­Áƣ ¨Ò¡µÃ§׉ÁÒ¡àÅÂ!$1",
"fall_8": "Ʊ§Ò¹ã̋ŇÒàƮÂºàÅÂ àÇÅÒĉ¹ÁÒ!$1#$e#щ ˶ÒĢ§äˑä»äË¹˕Ðʁ ʺÇÂËˉÍÂä˴ՁÂ?$0",
"fall_9": "µÅ¡ƤчȤ³ÁÒ! â«àƯÂāºĉ¹ àО§ɮ´ǖ§Ȥ³àÍ§$1#$e#ºÍ¡äˑä˴ËÃÍ¡! »Ò¡ĉ¹ɳ´ū»áˉ¹àÅÂ!$1",
"fall_10": "ħ¹׉àʛ¹ħ¹чƤ¹Ð! à¾ÍΓàʟ¤ŚÒËģº§Ò¹ã¹ä˓àÅÂ!$0#$e#˗Òá̅Çʁ ǖ§àÇÅÒ¡ĥºä»ŇÒ§Ò¹á̅Ç˕Ð$1",
"fall_15": "ĉ¹ʁÍÂÒ¡¨ÐàˢÒàȑÍ§ä»ɤ¹Ð ˗Òà¾ƅá¡¹щàʛ¹àȑÍ§áººäË¹ á˅ĉ¹Ӣ§àš¹ä»чщˉÐ$0",
"fall_16": "Ëħ´Ƥ˨Ò! ħ¹׉ĉ¹ÁÒʺÇÂâ«àƯÂ˕Ð$1",
"fall_17": "â«àƯÂāºĉ¹ š¹ÇÒ¿àſÅàʛ¹ÍÒËÒÃà˪Ò ä»ËÅÒÂ¨Ò¹àÅÂà˪Ò׉!$1#$e#ɮ´ǖ§à¸ÍˉÐ¹Ð ¾Ç¡àÃÒ˵Í§ä˴š¹ äʱ«ÍÊ̊Áá¡ÃÁàžÅĕ¹ àʛ¹ÍÒËÒÃàʢ¹áˉàÅÂ$0",
"fall_22": "ÊħÊƤ! ħ¹׉ĉ¹ÁÒʺÇÂâ«àƯÂ˕Ð$1",
"fall_23": "ι§Ã¶ä¿ÁÒщäˑ¹Ò¹ËÃÍ¡$0#$e#à¤Âä»á¡ÃÁàžÅĕ¹ՁÂ˕Ð?$1",
"fall_24": "ħ¹׉àʛ¹ÄɤàʁºàбÂÇ ʺÇ§ãºä́˓Ç§ħ¹Ɋ´˷ÒÂá̅Ç!$1",

//schedule dialogue
"Custom_BlueMoonVineyard2_27_33": "¾̃ÍÁɅÂ§Ò¹ā¹Ģ§ â«àƯÂ!?$1",
"Custom_SophiaHouse_3_25": "ħ¹׉ĉ¹ÁÒʺÇÂ§Ò¹â«àƯÂ!$1",
"Custom_SophiaHouse_10_25": "àÃÒ˗Ò¨Ðä»«Òɵ¹ā¹àʢ¹׉ ¨Ðä»˴ÇÂā¹ՁÂ?$0",
"Custom_SophiaHouse_15_24": "ħ¹׉Ëę¡àÅÂà¹ÍÐ â«àƯÂ?$1",
"Custom_SophiaHouse_5_22": "̋Í§¤ÍÊà¾ÅΒ¢Í§â«àƯÂ à͈§ä»àÅÂãʺՁÂ˕Ð$0",
"Custom_SophiaHouse_17_21": "ä́àةÍáʂ§щ ÁÒ¨Ò¡á¡ÃÁàžÅĕ¹ ˺Ò¹àš´ĉ¹àÅÂ¹Ð!$1",
"Custom_SophiaHouse_20_7": "â̇Ç! à¸Íäˑàʫ¹ºÍ¡ĉ¹àÅÂ ˗ÒƱà˕Á׉˴ÇÂ!$1",
"Custom_SophiaHouse_23_6": "äˑà͈§àÅÂ¹Ð @! ĉ¹ıÒĥ§ËĥºÍԒ$2",
"Custom_SophiaHouse_20_37": "à̲! ä»«Òɵ¹ā¹àÅÂà¶ÍÐ!$1",
"Saloon_24_18": "ĉ¹ªÍººÃÃÂÒ¡ÒÈ¢Í§чщĈ§$0",

}
