{
  "marriage.000": "áÇÐÁÒËÒˢÒ? à˨ÒÊÒÁÒÃ¶ÁÒчщä˴àÊÁÍ ¢Íâ·É˴ÇÂ¹Ð ˶ÒˢÒÇÍ¡á˗¡ä»ËˉÍÂ$0",
  "marriage.001": "˶Òà˨ÒÊÒÁÒÃ¶ ÃÍä˴Ī¡»ÃÐà݋ÂÇ ˢÒ¨Ðã̋à˨ÒÅÍ§ŪÁթÒÂÒ чˢÒıÒĥ§»Ƀ§ÍԒµÍ¹׉! äˑàʛ¹ĭ¹µÃÒÂËÃÍ¡ ˢÒĪ­­Ò$0#$b#àÃÒıÒĥ§Ť´ˤ¹ɺµÃ чÊÁɪÃ΃áººчɊ´ ŚÒËģºŇÒã̋ÊÒÁÒÃ¶ ÁÍ§àʫ¹ã¹чȑ´ ä˴àʛ¹àÇÅÒ¹Ò¹$0",
  "marriage.002": "â̍ ʺÒ§ˉÒ»ÃÐËÅÒ´ã¨¨ƃ§æ! áÅÐʁàËÁÒÐà¨ÒÐàÅÂ ˢÒàǱÍº¨Ð¨ºËÒÂ àˢÒä»ã¹¡Í§Ëę§ȚÍ«Ðá̅Ç$0",
  "marriage.003": "à˨ÒˉÐ àʛ¹Ъ§чǔ§ɤ´ ¤ÇÒÁÊ¹ã¨¢Í§ˢÒчƤчɊ´ ã¹ħ¹׉ ¢Í§ˢÒàÅÂ$0#$b#ºÒ§¤Ճ§àÅƇÊ ʁªÍºÁÒ̃Í§¢Íã̋ŇÒÍÐäÃ »ÃÐËÅÒ´æ...$2",
  "marriage.004": "˝ÒΛ ˗Òä§ @! à˨ÒÊÒÁÒÃ¶ÍԒāºˢÒ ã¹ÃÐË˗Ò§чˢÒ ŇÒ§Ò¹ä˴¹Ð ¡ÒÃƱà˨ÒÍԒ˴ÇÂ ġ¹ŇÒã̋ˌÍ¹¤ÅÒÂ$0",
  "marriage.005": "ġ¹ŇÒã̋ˢÒړǪ¡ƤàÊÁÍ àÇÅÒчà˨ÒáÇÐÁÒ ËÒˢÒчËÍ¤ÍÂ ˢÒρ¹ã¨àÅÂ˗Ò à˨Ò¨ÐƱħ¹ÃÒºҳ¹Ƥ$0",
  "marriage.006": "ˢÒıÒĥ§Ëɂ¡Ğ¡¡ÒÃÊÍ¹ àÇ·Á¹µΓã̋āºÁÍΓá¡¹ ʱÍ¹ч¨ÐàУÁº·˅Íä» Ī¡¤ԓǙ§ʱÍ¹$0#$b#ÁÍΓá¡¹ŇÒä˴Ƥ ã¹º·àƳÂ¹чä˴ģº á˅¡ÒÃÊÍ¹àÇ·Á¹µΓ ʁŇÒã̋ˢÒà¾ƵÂŹ´ËˉÍÂ$0",
  "marriage.007": "ħ¹׉ ˢÒä˴ÊÍ¹ÁÍΓá¡¹ àбÂÇāºàÇ·Á¹µΓ ËÅÒÂá¢¹§ ч¨Ðá»ÃÊÀÒ¾¼Åä́ ¨Ò¡ªŹ´Ǚ§ ä»àʛ¹ƽ¡ªŹ´Ǚ§ä˴$0#$b#ι¹ŇÒã̋¾Ç¡àÃÒ ƋÇע¹ÁÒŹ´Ǚ§àÅÂ˕Ð",
  "marriage.008": "ˢÒ˵Í§¤ÍÂàȅÍ¹ĕÇàÍ§ä̇àÊÍ ˗ÒÁÍΓá¡¹Ģ§àʔ¡ę¡ ÁÍΓá¡¹Թ¹Ʊ¾ĥ§ÁÒ¡ á˅Ģ§˵Í§˵Í§ʴÍÂæ ã˪àÇÅÒàҮÍàŵºâµ ¨¹¡˗Ò¨Ðä˴ ¤ÃÍº¤ÃÍ§ġ¹$0",
  "marriage.009": "щʁˌÒ¹ä» 2-3 ħ¹á̅Ç āº¡ÒÃä»ËÒàʫ´ã¹ˋÒ ã¹чɊ´ÁÍΓá¡¹āºˢÒ ʁ¨Ðä˴·´ÅÍ§»Ƀ§թÒÂÒ ɺµÃãËˑã¹ħ¹׉ċ¡Ƨ$0",
  "marriage.010": "ė¡ÉÐ¡ÒÃ»Ƀ§թÒÂÒ ¢Í§ÁÍΓá¡¹ıÒĥ§ä»ä˴Ƥ թÒÂÒد¹¾ĥ§ чÁÍΓá¡¹»Ƀ§ע¹ ʱÍ¹Ë˹Ò׉ Ƥã¡̅àƔÂ§āº чˢÒà¤ÂŇÒàÅÂ˕Ð$0",
  "marriage.011": "ħ¹׉ÁÍΓá¡¹āºˢÒ ¨Ð»Ƀ§թÒÂÒàОÁâª¤ Ëħ§˗ÒÁÍΓá¡¹ ¨ÐäˑŇÒ¾ÅÒ´ àËȑÍ¹¤ÃÒÇчá̅Ç$0#$b#ÁÍΓá¡¹ÊÐȴ´Ё§ä́ ȷ¡Ё§ã¹ˋÒµÅÍ´Է§Ī»´ÒΛ á¶ÁˢÒĢ§àƺÂ¡ÃÐ¨¡ ºÒ¹â»Ã´ä»ǖ§ 2 ºÒ¹$5",
  "marriage.012": "˝ÒΛ Ƥã¨Ĉ§чà˨ÒáÇÐÁÒ! ˢÒ˗Ò¨ÐºÍ¡à˨ÒÍԒ¾ÍƤ ˗Òħ¹׉ˢÒÍÒ¨¨Ð˵Í§ ÍԒч׉¨¹ǔ¡#$b#ħ¹׉ÁÍΓá¡¹āºˢÒ ¨Ð˵Í§àŴ¹·Ò§àˢÒä» ã¹ˋÒǥ¡ÁÒ¡¡˗Òȷ¡Ƨ àҮÍÊÍ¹º·àƳÂ¹¤Ճ§׉$0",
  "marriage.013": "ħ¹׉ ÁÍΓá¡¹āºˢÒ ıÒĥ§»ÃÐàƁ¹ÊÀÒ¾ خ¹чˋÒ·Ò§ŷÈµÐħ¹µ¡ ã¹ÅÐáÇ¡׉ чÍԒÀÒÂã˵ ¤ÇÒÁģºż´ªÍºˉÐ$0",
  "marriage.014": "ˢÒã¡̅¨ÐàÊʣ¨ȸÃÐ ч׉á̅Ç @! ¨Ðà˽ÒÃÍ¤ÍÂч¨Ð ä˴ã˪àÇÅÒã¹ϔÒǴ¹׉ āºà˨ÒàÅÂ¹Ð$0",
  "marriage.015": "щ¨Ðàʛ¹¤ÇÒÁ¾ÂÒÂÒÁ ¤Ճ§Ɋ´˷ÒÂ˕Ð чˢÒ¨Ð»Ƀ§թÒÂÒ׉ã̋àÊʣ¨ ʱÍ¹¨Ð̅Áàƅ¡ġ¹ä» Í˒Ò§˹ÍÂġ¹ʁĢ§Ƥ¹Ð чµÍ¹׉ ġ¹Ģ§*äˑÃÐàź´*$0",
  "marriage.016": "ƽ¡à݋ÂÇˢÒʁ¨Ð¡ĥº˺Ò¹ÅÐ ˢÒĪ­­Ò ˢÒ¢Íàʁº¡ÇÒ´чщ ƽ¡Ī¡Ź´ËˉÍÂʱÍ¹#$b#ˢÒ¡ĥÇ˗Ò Т§àʛ¹¡ÒÃƇĈÂàÇ·Á¹µΓ чˉÒҥ¹à˵¹ÁÒ¡àˇÒäË˓ Т§¨ÐŇÒã̋Ã¡Ƀ§ģ§ ä»ÁÒ¡¡˗ÒàŴÁˉÐ$0",
  "marriage.017": "ˢÒʁä˴á˅Ëħ§˗Ò ¤ÒƁÅ˕Ò¨ÐàƳÂ¡ҚÍˢÒƤæ á·¹ 'áÃÊл' «ÐƧ ...äˑ à˨ÒˉÐ Í˒ÒàƚÂÇ¹Ð$3",
  "marriage.018": "ˢÒĢ§äˑä˴ÍÍ¡ä»ɤ ˢÒ§¹Í¡àÅÂ á˅ʁËħ§˗Ò¤Ճ§׉ ¤ÒƁÅ˕Ò¨ÐɤáÅ °Ò¹чρ¹¢Í§à¸Í ã̋Ƥ¡˗ÒàŴÁ$0#$b#¤Ճ§чá̅Ç ˢÒ˵Í§àƺÂӞÁáºʥ¡àºÍѓ ˵¹â»Ã´ä»«Ðä˴$2"
}
