
{
//SPECIAL DIALOGUE
"Introduction": "ĉ¹ړǪ¡¢ÍºȤ³ч â¨˨ÒĈ´¡ÒÃāºƋ¹¶˕Á... à·ÈÁ¹µƳàÅƇÊáÅÐĉ¹ à¨Íě­ËÒÁÒ¡ÁÒÂ... ¾Ç¡à¢Ò¤ÇÃĈ´¡ÒÃƋ¹¾Ç¡Թ¹$2#$b#â¨˨ÒĢ§¤§ »ŮàÊ¸ч¨Ð¢Íâ·É...$3#$e#ä̇¾ºā¹ƽ¡¤Ճ§àʣÇæ ׉... чģ¡ ĉ¹Ʊ¤ÇÒÁɊ¢ÁÒ¡ ã¹чɊ´ĉ¹ʁä˴¾ºȤ³!$1#$b#ġ¹Ƥ¨ƃ§æ чƱªÒÇä˓ƽ¡¤¹ÍԒã¹ɋºà¢Ò$4",
"pamHouseUpgrade": "ĉ¹ƍ¨©ÒƭȑÍ¢Í§âÃź¹ ¨ƃ§æ ¹ÐàщÂ à¸ÍÍÍ¡áºº˺Ò¹¢Í§á¾Á ˴ÇÂĕÇàÍ§Է§ËÁ´àÅÂ!$1",
"pamHouseUpgradeAnonymous": "ĉ¹ƍ¨©ÒƭȑÍ¢Í§âÃź¹ ¨ƃ§æ ¹ÐàщÂ à¸ÍÍÍ¡áºº˺Ò¹¢Í§á¾Á ˴ÇÂĕÇàÍ§Է§ËÁ´àÅÂ!$1",
"Resort_Entering": "»¡ŵĉ¹äˑä˴ä»àчÂÇāº¤¹ҽ¹ ã¹ȪÁª¹àÃÒàˇÒäË˓ˉÐ áʴ׉ʁÊȹ¡á̅Ç˕Ð!$1",
"Resort_Leaving": "ħ¹׉ƱÍÐäÃàš´ע¹ àÂÍÐáÂÐàÅÂ!$4",
"Resort_Shore": "ĉ¹˵Í§àÍÒª¹ÐâÃ¤¡ĥÇ·ÐàÅ àҮÍÁÒчщ ºÍ¡àÅÂ˗ÒلÁà˗ÍΓ$0",
"Resort_Chair": "˴ÇÂÍÒ¡ÒÈáºº׉ ĉ¹˗ÒȤ³»ɵ¡ȎªĜ¡ à¢µ̃Í¹чщä˴ÊºÒÂæ àÅÂ$0",
"Resort_Bar": "ĉ¹ÍÂÒ¡ҤÁ ÍÐäÃчƱ¡Х¹¼Åä́Ĉ§$0",
"Resort": "ĉ¹ÍÂÒ¡àÍÒ´Í¡ä́ º¹à¡ÒÐ׉ ¡ĥº˺Ò¹˴ÇÂÁÒ¡àÅÂ$1#$e#äˑä˴ äˑ äˑ... ĉ¹¨ÐáÂ¡ġ¹¨Ò¡àҮÍ¹æ äˑä˴$2",


//SPECIFIC TILE DIALOGUE
"Custom_SusanHouse_4_15": "ĉ¹Ƥã¨ÁÒ¡ч â¨˨ÒĈ´¡ÒÃāºƋ¹¶˕Á àÅƇÊáÅÐĉ¹ à¨Íě­ËÒÁÒ¡ÁÒÂ... ¾Ç¡à¢Ò¤ÇÃıÒĈ´Ƌ¹¾Ç¡Թ¹$2#$b#â¨˨ÒĢ§¤§ »ůàÊ¸ч¨Ð¢Íâ·É...$3#$e#à¨Íā¹àʣÇæ ׉¹Ð чģ¡ ĉ¹Ʊ¤ÇÒÁɊ¢ÁÒ¡ ã¹чɊ´ĉ¹ʁä˴¾ºȤ³!$1#$b#ġ¹Ƥ¨ƃ§æ чƱªÒÇä˓ƽ¡¤¹ÍԒã¹ɋºà¢Ò$4",
"Custom_SusanHouse_24_6": "¢Íâ·ÉƧ... ĉ¹ıÒĥ§Ğ¡ˌÍ¹...$2",
"SeedShop_14_20": "ƇàÈÉÁÒ¡чä˴¾ºȤ³ @! ħ¹׉؛ÍàÁʥ´Ğ¹ۨ ¨Ò¡ŻáÍΓËȓÍà»˕Ò?$0",
"ArchaeologyHouse_16_5": "ĉ¹ġ¡¨Ð̍Ò§ƍ§¨Ò¡ ӴȑÍ¡ÒÃ»ÃÐŴÉ΀ã¹̋Í§ÊɁ´ ǖ§ġ¹¨ÐƱ˹ÍÂ... á˅ġ¹Ʊ»ÃÐâÂªΉÁÒ¡$1",
"Custom_SusanHouse_3_16": "âÍà¤ â«àƯÂ! ɤáÅ˺Ò¹Ƥæ ˕Ð!$0",
"Custom_SusanHouse_9_17": "à݋ÂÇ¡ĥºÁÒ¹Ð чģ¡!$0",

//SPRING AND GENERAL DIALOGUE
"spring_1": "ÍÒ! Ȩ´àУÁ˵¹¢Í§Äɤãºä́¼ƅ Äɤ¡ÒÅчĉ¹ªÍº... ġ¹ƤÁÒ¡чıÒĥ§¨Ðä˴àʫ¹´Í¡ä́$1#$e#¢Íã̋âª¤Ƥã¹¡ÒÃŇÒ¿ÒΓÁƫ׉!$0",
"spring_12": "ĉ¹ʺÇÂÁÒƩáÅÐàÍƁƵÇÒ´äʲ ŚÒËģºà·È¡ÒÅäʲƽÊàµÍΓ ã¹ħ¹¾ӣ§׉$0#$e#á¨ÊáÅÐƇ¹à«¹· ʁ¨ÐʺÇÂ˴ÇÂ! ¾Ç¡à¢Òàʛ¹àʔ¡чƤ!$1",
"spring_23": "ħ¹¾ӣ§׉... àÃÒ¨Ðӡ§Ë˹Òä»·Ò§ã˵ ¢Í§ˋÒū¹à´ÍΓá«» àҮÍä»à·È¡ÒÅ´Í¡ä́ Ȥ³¨Ðä»ËȓÍ»˕Ò?$0#$e#āÊıÒĥ§ŇÒÍÒËÒÃã̋ä˴ÁÒ¡чɊ´!$1",
"spring_28": "ĉ¹ÇÒ§á¼¹ä̇á̅Ç˗Ò ĉ¹¨Ð... »ɵ¡ȎªªŹ´ã´ã¹Äɤ̃Í¹׉$0#$e#ĉ¹ρ¹ã¨˗Ò Ȥ³ʁ¤§ŇÒáººàƤÂÇā¹$4",

"Mon": "ÊħÊƤ @ ħ¹׉Է§ħ¹... àʛ¹Ģ§ä§˺Ò§?$0#$e#Ƥã¨чä˴Ƃ¹àʺ¹Թ¹!$1",
"Mon4": "ƱËÅÒÂЪ§ч˵Í§ŇÒ... àұÍàУÁĪ»´ÒΛãËˑ...$1",
"Mon8": "Ƃ¹Ƥчä˴¾ºȤ³ @ ¿ÒΓÁ %farm àʛ¹Í˒Ò§äÃ˺Ò§?$0#$e#чģ¡.. ĉ¹ÍÂÒ¡ã̋ĉ¹ Ʊ¾ĥ§§Ò¹àËȑÍ¹āºȤ³$1",
"Tue": "ÊħÊƤ @ ħ¹׉Ȥ³àʛ¹Ģ§ä§˺Ò§?$0#$e#ÂÍ´àђÂÁ!$1",
"Tue4": "ĉ¹àŴ¹ע¹ä»º¹ÂÍ´à¢Ò... àҮÍÍÍ¡ıÒĥ§¡ÒÂ ÀÒ¾¾ÃÐÍÒŷµΒµ¡¢Í§чι¹ Ʊ¤ÇÒÁƇàÈÉчŇÒã̋ړǪ¡... ƱƚƇµƚÇÒ$0#$e#¢Íã̋àʛ¹ħ¹чƤ¹Ð... чģ¡$0",
"Tue8": "@! ġ¹àђÂÁ¨ƃ§æ чä˴¾ºȤ³ ħ¹׉Ȥ³àʛ¹Ģ§ä§˺Ò§?$1#$e#ĉ¹ړǪ¡Ƃ¹Ƥ¨ƃ§æ чä˴Ƃ¹áººԹ¹ ¾ӣ§׉ĉ¹˵Í§ĴÒ¹Ç³... §º»ÃÐÁÒ³ĸÒ¹Ç¹ÁÒ¡...$4",
"Wed": "˗Òä§ @ ħ¹׉ʁàʛ¹ħ¹чƱ ¡ÒÃºƃËÒÃàÇÅÒчÂÍ´àђÂÁ ƽ¡ħ¹?$0#$e#ĉ¹ÍÒ¨»ÃÐŴÉ΀ÍÐäÃãËˑæ ע¹ÁÒã¹äˑ˪Ò... ºÒ§Í˒Ò§ч˷Ò·ÒÂĕÇàÍ§!$1",
"Wed4": "ĉ¹ƱÍÐäÃ˵Í§ŇÒÁÒ¡ÁÒÂ... á˅àÇÅÒƱ˹ÍÂÁÒ¡...$2#$b#Ȥ³Ĉ´¡ÒÃāºàÇÅÒ¢Í§Ȥ³... ä˴Ģ§ä§ @? Ȥ³ɤӢ§ÁÒ¡æ$0#$e#ġ¹ÂÒ¡ÁÒ¡ ч¨ÐŇÒµÒÁȤ³!$1",
"Wed8": "ÊħÊƤ ĉ¹Ëħ§˗Òħ¹׉ ¨Ðàʛ¹ħ¹чƤŚÒËģºȤ³¹Ð @$1#$e#чģ¡... ĉ¹¨ÐȤÂāºȤ³ãËˑƽ¡¤Ճ§ чËĥ§$4",
"Thu": "ÊħÊƤ àʛ¹Ģ§ä§˺Ò§?$0#$e#Ƥá̅ÇÅÐ ŇÒ˅Íä»¹Ð$1",
"Thu4": "àʣÇæ ׉ ĉ¹¨Ð˵Í§ä»ËÒä́àةÍáʂ§ чá¡ÃÁàžÅĕ¹...  ĉ¹ä»äˑ¹Ò¹ËÃÍ¡$1#$e#á¡ÃÁàžÅĕ¹àʛ¹ч чƱä́Ȥ³ÀÒ¾ɺ§чɊ´ ã¹خ¹чá˛§׉$4",
"Thu8": "¾ӣ§׉ħ¹Ɉ¡Γ... ĉ¹Ê§ĪÂ˗Ò āÊ¨ÐŇÒÍÒËÒÃžàÈÉÍÐäÃ чºÒΓÊµÒΓ´ÃÍ»...$0#$e#āÊäˑà¤ÂËɂ´ŇÒã̋ĉ¹... ړǪ¡»ÃÐËÅÒ´ã¨ ÍÒËÒÃ¢Í§à¢Ò... Í˓ÍÂע¹ȷ¡¤Ճ§$1",
"Fri": "*¶Í¹ËÒÂã¨*... ĉ¹ړǪ¡àʈºчËĥ§Ź´ˉÍÂ$2#$e#¢Íâ·É¹Ðчģ¡... µÍ¹׉¤§äˑãʺàÇÅÒчƤ ч¨Ðɮ´ȤÂ$2",
"Fri4": "Ī»´ÒΛ׉ĉ¹ˉÒ¨ÐŇÒȷ¡Í˒Ò§ àÊʣ¨àƳÂº̃ÍÂ Ɋ´Ī»´ÒΛ׉¨Ð˵Í§Êȹ¡áˉ¹Í¹$1#$e#¢Íã̋Êȹ¡āºħ¹Ëɂ´¹Ð чģ¡$4",
"Fri8": "Ɋ¢Ī¹΅ħ¹Ɉ¡Γ @! Ʊá¼¹Êȹ¡æ ŚÒËģºħ¹Ëɂ´˺Ò§äËÁ?$0#$e#ĉ¹ÇÒ§á¼¹˗Ò¨Ðע¹Ã¶ä¿ àҮÍä»àђÂÁ˹Í§ªÒÂ чàªÊàµÍΓàÇÅ á˅ġ¹Ģ§äˑáˉ¹Í¹...$1#$e#¢Íã̋àʛ¹ħ¹чƇàÈÉ!$4",
"Sat": "Ȥ³àʛ¹¤¹ч¢Ģ¹ @$0#$e#á˅Ȥ³¤ÇÃĞ¡˺Ò§àËȑÍ¹ā¹... ġ¹Ƥ˅ÍɊ¢ÀÒ¾¢Í§Ȥ³¹Ð!$1",
"Sat4": "ĉ¹˵Í§àУÁÇÒ§á¼¹¡ÒÃàŴ¹·Ò§ àҮÍä»Ëԑà¡ÒÐãºàſΓ¹$0#$e#à¡ÒÐԹ¹Ʊ¼Åä́ÁīÈ¨ÃÃΒ чɳ»·Ã§àʛ¹Ç§áËÇ¹ ºÒ§Ƨ... ĉ¹ÍÒ¨àÍÒ¡ĥºÁÒã̋Ȥ³$1#$e#ġ¹ÍÒ¨¨ÐÂÒ¡... ¾Ç¡ġ¹àˉÒàƺÂäÇÁÒ¡...$2",
"Sat8": "ħ¹׉ĉ¹¨ÐˌÍ¹¤ÅÒÂ«ÐËˉÍÂ áÅÐ ĉ¹¨Ð»ÃÐŴÉ΀ºÒ§Í˒Ò§...$0#$e#á̅ÇȤ³˕Ð... ŇÒÍÐäÃã¹ħ¹àÊÒΓ @?$1",
"Sun": "Ȥ³¾̃ÍÁŚÒËģºĪ»´ÒΛË˹ÒËȓÍĢ§? ƱÍÐäÃчĉ¹˵Í§ŇÒ ÁÒ¡ÁÒÂàÅÂ˕Ð!$1#$e#¢Íã̋âª¤Ƥ @$4",
"Sun4": "ã¹àȑÍ§... Ʊڌ¤¹äˑб¤¹чÁÒ... áˇ¹ɪªÒâÂºÐã¹ħ¹ÍÒŷµΒ...$0#$b#ĉ¹... Ëɂ´àҚÍã¹ âÂºÐ ÁÒċ¡Ğ¡á̅Ç˕Ð$2#$e#...$2#$e#%ɛ«Ò¹äˑɮ´ÍÐäÃ... à¸Íâº¡ȑÍã̋Ȥ³...",
"Sun10": "àұÍȤ³ÍÒɂÁÒ¡ע¹ àÇÅÒ¨ÐТ§ˌÒ¹ä»äÇע¹ÁÒ¡...$0#$b#Êȹ¡Ê¹Ò¹āºȷ¡ʺÇ§àÇÅÒ...$1#$e#Í˒ÒÁÍ§ˢÒÁàÇÅÒчàƺÂä»... чģ¡...$0",

//SUMMER DIALOGUE
"summer_1": "¢Íã̋âª¤ƤāºʺÇ§Äɤ̃Í¹ @ Í˒ÒȕÁµÃÇ¨ɤ˴ÇÂ˕Ð! ˗Ò¾Ç¡Ȏª¨Ðäˑ¢Ò´թÒ à¾ÃÒÐÍÒ¡ÒÈ̃Í¹!$0",
"summer_10": "ŚÒËģºĥÇΓã¹ħ¹¾ӣ§׉ĉ¹¨Ð àÍÒáµ§âÁчȤ³ÀÒ¾ƤчɊ´ä» @! àªÊàµÍΓàÇÅ àʛ¹ччƱàÁʥ´áµ§âÁ чƤчɊ´ÍԒ$1#$e#ĉ¹ρ¹ã¨ÍÐäÃчȤ³ŉÒä» ˵Í§àʛ¹Ъ§ч ˉÒƂ¹ƤŚÒËģº§Ò¹àוÂ§áˉ!$4",
"summer_22": "á¡ÃÁàžÅĕ¹ Ʊӗ§ˢÒÇÊÒƵчãËʽчɊ´ã¹ خ¹чàſΓ¹šÅ ˢÒÇÊÒƵÊÒÁÒÃ¶á»Ãɳ»àʛ¹ àƪÂΓ á˻§ թÒµÒÅ$0#$e#ǖ§ÃÒ¤Ò¨Ðɦ¡ á˅ġ¹ŇÒıÒäÃä˴Ƥ à¾ÃÒÐġ¹àʛ¹ч˵Í§¡ÒÃÁÒ¡$0",
"summer_28": "ĉ¹... ¡ĥÇÁËÒÊɁ·ÃÁÒ¡ ĉ¹ÁÒчªÒÂËÒ´ µÍ¹ʺÇ§»ÅÒÂÄɤ̃Í¹... àҮÍɤáÁ§¡Ð¾Ƀ¹àˇÒԹ¹...$2#$e#ˇÒàƧÂºàȓÍɤàËȑÍ¹... ¨Ðã˪ä˴ƽ¡äˑб¹ÒƧ... ĉ¹¨Ðä»чªÒÂËÒ´ ѫ§ġ¹»ÅÍ´ĠÂ¡˗Ò...$0",

"summer_Mon": "¤ƅ¹·ĭ¾à¡Ã´¨Íº¢Í§ĉ¹ ġ¹ã¡̅¨ÐàÊʣ¨á̅Ç˕Ð...$0#$b#ġ¹¨ÐʺÇÂàОÁ»ÃÐƊ·ŸÀÒ¾ ã¹¡ÒÃŇÒ§Ò¹ã¹¿ÒΓÁ¢Í§ĉ¹$1", 
"summer_Mon2": "ªÍºƱ¹¡ÁÒŇÒģ§... º¹Ëĥ§¤Ò˺Ò¹¢Í§ĉ¹$0#$e#ºÒ§Ƨ... Ъ§»ÃÐŴÉ΀֊¹˅Íä»... ÍÒ¨àʛ¹à¤ҳÍ§˻Í¹ÍÒËÒÃ¹¡$1",
"summer_Mon6": "чģ¡... Ȥ³Ʊ»ÃÐÊº¡ÒÃ΃ ã¹¡ÒÃ»ÃÐŴÉ΀ËȓÍà»˕Ò?$0#$e#ġ¹àʛ¹à¤ʥ´ĥºч¨Ð ʺÇÂ§Ò¹Ȥ³ã¹¿ÒΓÁ$0#$e#Ȥ³ÊÒÁÒÃ¶ŇÒЪ§˅Ò§æ ä˴â´Âĭµâ¹ġŵ Է§¡ÒÃ¼ƅµáÅÐ¼ƅµĠ³΁ ËȓÍ Ъ§чä˴ıÒäÃÁÒ¡¨Ò¡ĪµΗ$4",
"summer_Mon10": "àËȑÍ¹чá¡ÃÁàžÅĕ¹... ¨ÐƱę¡»ÃÐŴÉ΀чƱƭȑÍ ĉ¹ä»чι¹àҮÍч¨Ð... àƳÂ¹ړ¨Ò¡¾Ç¡à¢Ò$0#$e#чģ¡... Ȥ³ÊÒÁÒÃ¶ä»āºĉ¹ä˴... ËÒ¡Ȥ³ÍÂÒ¡¨ÐàƳÂ¹ ġ¹¨Ðàʛ¹¡ÒÃàŴ¹·Ò§чÊȹ¡$4",
"summer_Tue": "¡ÒÃŇÒ§Ò¹ã¹Äɤ̃Í¹... àʛ¹àҳÍ§чÂÒ¡ Ȥ³˵Í§ρ¹ã¨ã̋Ƥ˗Ò ˓Ò§¡ÒÂ¢Í§Ȥ³... ¨Ðäˑ¢Ò´թÒ$0",
"summer_Tue4": "ĉ¹ĭ¾à¡Ã´чÃ´թÒ¢Í§ĉ¹ ĉ¹˗Ò... ĉ¹˵Í§»ÃÐËĢ´˺Ò§... á˅˗Òĉ¹ÊÒÁÒÃ¶ Ã´թÒä˴àʣÇ¡˗ÒàŴÁÁÒ¡!$1#$e#§Ò¹ƭȑÍ¢Í§¤ƅ¹·׉ ˉÒàËȕÍàҚÍчɊ´$0",  
"summer_Tue8": "ĉ¹ªÍºàÇÅÒ½¹µ¡ Ȥ³äˑªÍºËÃÍ?$4#$e#ġ¹ŇÒã̋ªÒÇä˓Í˒Ò§¾Ç¡àÃÒ ƱàÇÅÒч¨ÐŇÒÍ˒Ò§ҽ¹... чäˑãʺ¡ÒÃÃ´թÒã¹µÍ¹à˪Ò$0",
"summer_Wed": "ĉ¹ÍÒ¨˵Í§àŴ¹·Ò§ä» á¡ÃÁàžÅĕ¹ã¹äˑ˪Ò... ä́àةÍáʂ§¢Í§ĉ¹àËȕÍ˹ÍÂ$0#$e#¡ÒÃ»ÃÐŴÉ΀¢Í§ĉ¹ ˚Ç¹ãËʽ˵Í§ã˪ä́àةÍáʂ§ áÅÐġ¹ƱÍԒÁÒ¡ ã¹ˋÒ·Ò§ã˵¢Í§á¡ÃÁàžÅĕ¹$1",
"summer_Wed8": "ã¹µÍ¹à˪Òĉ¹¾º˗Ò... àºÍΓѓıÒĥ§âµчƽ¡˴Ò¹¢Í§ՃÇ!$1#$b#¾ӣ§׉ĉ¹¨Ðº´¾Ç¡ġ¹ ã̋àʛ¹âÂàšΓµ... Í˓ÍÂ$4!#$e#¢Íã̋àʛ¹ħ¹чÂÍ´àђÂÁ$0",
"summer_Thu": "˶ÒȤ³ÍÒĨÂÍԒµÃ§ ·Ò§Ã¶ä¿ÁÒ¹Ò¹ÁÒ¡¾Í... ¨ÐäˑƱÍÐäÃŇÒã̋Ȥ³ҥ¹ ã¹µÍ¹¡ÅÒ§Ǵ¹$0#$e#Â¡à̇¹... Ƌ¹¶˕Á...$2",
"summer_Thu6": "áµ§âÁ¢Í§ĉ¹ ¢ÒÂä˴ÁÒ¡¡˗Òчĉ¹¤Ò´ä̇$0#$b#ĉ¹¨Ðàʁºġ¹ä̇ã˪ŚÒËģº µÍ¹àŴ¹·Ò§ āº ʴÒħÊȴã¹¡ÒÃ»ÃÐŴÉ΀!$1#$e#ÍÐäÃʁä˴чĉ¹... ÊÒÁÒÃ¶»ÃÐŴÉ΀ã̋Ȥ³ @?$4",
"summer_Thu10": "ƇàÈÉÁÒ¡чä˴¾ºȤ³ @ ħ¹׉ĉ¹àʁºàбÂÇä˴ÁÒ¡$0#$e#׉ǴÍáµ§Ê´ãËˑ¨Ò¡¿ÒΓÁÁÃ¡µ! ˚Ç¹ãËʽ... ĉ¹¢ÒÂã̋āºàȑÍ§ɛɛ á˅ĉ¹ÍÂÒ¡áˊ§ě¹ġ¹... ã̋āºàҮÍ¹¢Í§ĉ¹˴ÇÂ$0[254]",
"summer_Fri": "ä́»ÃÐĔºã¹˺Ò¹¢Í§ĉ¹... ġ¹ɤäˑʴÍÂƤ...$2#$b#ġ¹ŵ´àؚÍÃÒ... áÅÐĉ¹äˑړ¨¹¡ÃÐη§ ġ¹ÊÒÂàš¹ä»... ĉ¹¨Ð˵Í§ŇÒã̋Ƥע¹...$2#$e#%ɛ«Ò¹ɤàÈ̃Ò",
"summer_Fri6": "ġ¹ɤàËÅÇäËÅŹ´ËˉÍÂ... á˅ĉ¹ɤáÅä́»ÃÐĔº¢Í§ĉ¹ àËȑÍ¹āºàʛ¹¤ÃÍº¤ģÇ$0#$e#Ȥ³ÍÒ¨Ī§à¡µ˗Òĉ¹... ʴÍ¹ˢÒ§àʛ¹ƍÊÃÐ @ á˅ĉ¹ģ¡Ȏª¢Í§ĉ¹ àÇÅÒчĉ¹àŴ¹·Ò§ ĉ¹Ť´ǖ§¾Ç¡ġ¹...$2",
"summer_Sat": "àұÍÇÒ¹... à·ÈÁ¹µƳàÅƇÊɤà¤ƳÂ´æ$2#$e#à¢ÒŇÒ§Ò¹Ëę¡ Т§¡˗Ò¾Ç¡àÃÒ... ĉ¹Ëħ§˗Òà¢Ò¨Ðä˴ Ğ¡ˌÍ¹˺Ò§...$0",
"summer_Sat6": "ĉ¹Ĉ´¡ÒÃàʁºàбÂÇ¼Å ʮÍ¾(hops) á̅Çà»ѕÂ¹¾Ç¡ġ¹àʛ¹àƪÂΓ á̅Ç¾Ç¡ġ¹ÍÍ¡¢ÒÂ ºÒ§¤Ճ§āÊʁ؛Í¨Ò¡ ºÒΓÊµÒΓ´ÃÍ»$0#$e#˶ÒȤ³ªÍºĉ¹¨Ðã̋à¤ʥ´ĥº ã¹¡ÒÃŇÒġ¹ÍÍ¡ÁÒÍ˒Ò§ɦ¡˵Í§$4#$e#Ī­­Ò˗Ò Ȥ³¨ÐäˑºÍ¡¤ÇÒÁĥºāºã¤Ã$1",
"summer_Sun": "Äɤ̃Í¹àʛ¹ÄɤчƤã¹ ÊµÒΓŴÇáÇÅѕ ɍ³ËɰƁġ¹ʴÍ¹ˢÒ§Ƥ$0#$e#ż´āº·ÐàÅ·ÃÒÂ¤Òƅâˡ ġ¹̃Í¹ÁÒ¡... àÃÒâª¤Ƥ чä˴ģºÅÁ·ÐàÅ˺Ò§$0",
"summer_Sun8": "ÊÒÂ˕Í˿Ò (Lightning rods) àʛ¹¡ÒÃÅ§ȷ¹чƤ ˶ÒȤ³˵Í§¡ÒÃ... Ğ²¹ÒÍ˒Ò§ҽ¹¹Í¡¨Ò¡Ȏª @$0#$b#Ʊà¤ҳÍ§Ĉ¡ÃºÒ§ªŹ´ чĉ¹˵Í§¡ÒÃáºµàµÍΓѓ$0#$e#âÃź¹à¤ÂƱ¢ÒÂ á˅à¸Í˵Í§Ëɂ´ à¾ÃÒÐ¡ÒÃɬ¡¢Ò´¢Í§ â¨˨Ò...$2",

// FALL DIALOGUE
"fall_1": "ړǪ¡ǖ§¤ÇÒÁàʢ¹ÊºÒÂäËÁ @? Äɤãºä́˓Ç§ÁÒǖ§á̅Ç!$1#$b#чģ¡ ¢Íã̋Ȥ³âª¤Ƥã¹Äɤ׉$0#$e#ĉ¹¢Íá¹ÐŉÒ... ã̋»ɵ¡á¤Ã¹àºÍΓѓ áÅÐğ¡·Í§ ¾Ç¡ġ¹ÊÒÁÒÃ¶ŇÒıÒäÃ ä˴Í˒Ò§ˉÒàËȕÍàҚÍ$0#$e#¢Íã̋âª¤Ƥ!$4",
"fall_3": "ã¹ʺÇ§Äɤ׉ ɭ§¡Òġ¡¨ÐÍÍ¡ÁÒ чģ¡ ĉ¹Ëħ§˗Ò... Ȥ³¨ÐƱӫ¹ä˕¡ÒÁÒ¡¾Í¹Ð$0#$e#ɤáÅĕÇàÍ§˴ÇÂ!$1",
"fall_7": "Ȥ³ä˴ŇÒÍÐäÃчˉÒÊ¹ã¨... ã¹Ī»´ÒΛ׉ËȓÍĢ§?$0#$e#ĉ¹¾ÂÒÂÒÁŇÒЪ§ч... ˉÒÊ¹ã¨... Í˒Ò§˹ÍÂʁ...Ëѹ§¤҃§˅ÍĪ»´ÒΛ Ê¹ã¨ŇÒ˴ÇÂā¹äËÁ...$4",
"fall_15": "Ȥ³ĕ´Ɗ¹ã¨ä˴ËȓÍĢ§˗Ò... ¨ÐàÍÒÍÐäÃä»áÊ´§ã¹ħ¹¾ӣ§׉ @?$0#$e#¡ÒÃ¨Ðáʲ§Ă¹āºƫáÍΓ àʛ¹àҳÍ§чÂÒ¡ÁÒ¡$1",
"fall_20": "ĉ¹ģ¡¡ÒÃµ¡á˅§чƱƺĪ¹ Ȥ³äˑªÍºËÃÍ?$1#$e#ã¹°Ò¹ÐªÒÇä˓ ¾Ç¡àÃÒàʫ¹á˅ƺàƒÂÇ... ġ¹àʛ¹àҳÍ§чƤ... чä˴àʫ¹âÅ¡ƱƺĪ¹Ê´ãÊ$4",
"fall_26": "à·È¡ÒÅɰµǴÍħ¹¾ӣ§׉¹Ðчģ¡$1#$b#ĉ¹ä˴Ƃ¹¨Ò¡à·ÈÁ¹µƳàÅƇÊ˗Ò ÁÒΓÅÍ¹ áÅÐ àҮÍ¹¨Ò¡á¤ÊàūÅƇÅàÅ¨ ıÒĥ§ĈºĪµΗ»ÃÐËÅÒ´ ã̋¾Ç¡àÃÒ$0#$e#àÃÒÊÒÁÒÃ¶ɤġ¹ˌÒ¹¡Ã§àËʥ¡ ġ¹ˉÒ¡ĥÇÁÒ¡!$4",
"fall_27": "ʱÍ¹Ë˹Òħ¹׉ ƱáÊ§ɷºÇÒº¨Ò¡àȑÍ§à¾ƅá¡¹ ĉ¹àҚÍ˗ÒˎÍÁ´ıÒĥ§... ŇÒЪ§чàƳÂ¡˗Òà¢ÒÇ§¡µ$1#$e#ĉ¹äˑáˉã¨˗Ò 'àÇ·Á¹µΓ' ŇÒ§Ò¹Ģ§ä§...$2#$e#à¨Íā¹Ǵ¹׉ @$4",
"fall_28": "ÊħÊƤ @ ƽ¡äˑ¹Ò¹¨ÐËÁ´Äɤãºä́˓Ç§ Ȏª¨ÐÍԒä˴ƽ¡äˑ¹Ò¹$0#$e#ÄɤË¹ÒÇ׉... Ȥ³ã˪àÇÅÒµ¡»ÅÒ ËȓÍ Å§àËȑÍ§˕Ð?$1",

"fall_Mon": "¡ÒÃàŴ¹ע¹ä»Ģ§ÂÍ´à¢Ò àʛ¹¡ÒÃÍÍ¡ıÒĥ§¡ÒÂчƤ ĉ¹ä»чι¹ȷ¡Ī»´ÒΛ$1#$e#¡ÒÃÁÍ§Å§ä»... ġ¹ŇÒã̋Ȥ³ä˴àʫ¹ ¤ÇÒÁÊÇÂ§ÒÁ¢Í§ɋºà¢Ò$4",
"fall_Mon4": "Ȥ³à¤Âä»¨¹ǖ§Ȩ´ɺ§Ɋ´... ¢Í§ÂÍ´à¢ÒËȓÍà»˕Ò?$0#$e#ĉ¹ړ˗Òġ¹àʛ¹ÀÒ¾чÊÇÂ§ÒÁ á˅... ¾ÍÁÍ§ˌÒ¹ɊÊÒ¹ ġ¹ŇÒã̋Ëˑ¹ËÁÍ§àʥ¡˹ÍÂ...$2",
"fall_Mon10": "чģ¡ ¡ÒÃчę¡¼¨­ĠÂ... ˵Í§ע¹ä»ÂÍ´à¢Ò ŇÒã̋ĉ¹ā§ÇÅ$0#$b#Ȥ³˵Í§ɤáÅĕÇàÍ§ àұÍȤ³ıÒĥ§¼¨­ĠÂ à¾ÃÒÐȤ³àʛ¹¤¹ŚÒĄ­...$0", 
"fall_Tue": "чģ¡ Í˒ÒȕÁ˗ÒÄɤãºä́˓Ç§ ǴÍÄɤ¢Í§àʫ´$0#$e#Ȥ³ÊÒÁÒÃ¶ ŇÒıÒäÃä˴ʴÍ¹ˢÒ§ÁÒ¡ ˶ÒȤ³ƳºÅ§ȑÍ$4",
"fall_Tue4": "ħ¹׉ĉ¹à¨Íàʫ´чº¹ÂÍ´à¢Ò ĉ¹Ģ§ĕ´Ɗ¹ã¨äˑä˴˗Ò... ¨Ð¢ÒÂËȓÍ»Ƀ§¾Ç¡ġ¹$0#$e#ÂÍ´à¢Òàʛ¹Ȩ´ËÒÍÒËÒÃчƤ à¾ÃÒÐчŴ¹ɍ´ÁÊÁɪÃ΃... ˶Òĉ¹àʛ¹Ȥ³ ĉ¹¨Ðä»чι¹àʛ¹»ÃÐĸÒ$1",
"fall_Wed": "ĉ¹ºƃ¨Ò¤ğ¡·Í§ËÅÒÂɵ¡ ŚÒËģºà·È¡ÒÅáÊ´§Ɗ¹ˤÒ чıÒĥ§ÁÒǖ§$0#$b#Ʊğ¡·Í§ŚÒËģºµ¡á˅§ ę¡ˇÍ§àчÂÇÊÒÁÒÃ¶ ؛Í¡ĥº˺Ò¹ä˴$0",
"fall_Wed6": "Í˒Òã̋ʺÇ§àÇÅÒàË˕Ò׉... àƺÂà»˕Ò... ŇÒã̋ȷ¡ħ¹... àʛ¹ħ¹чƱʴÒ¹Ð чģ¡$0#$e#àұÍȤ³ÍÒɂÁÒ¡ע¹... Ȥ³¨Ð»ÃÐėºã¨āº¤ÇÒÁ·Ã§ĸÒ чȤ³ŇÒàұÍµÍ¹ÍÒɂ˹ÍÂ$1",
"fall_Wed10": "ĉ¹ªÍºȤ³ à¾ÃÒÐȤ³àˢÒã¨˗Ò ƚƇµ¤ÇÃàʛ¹¡ÒÃ¼¨­ĠÂ @$4#$b#ºÒ§¤¹ÍÒ¨Ť´˗Ò... ¡ÒÃŇÒ¿ÒΓÁàʛ¹Ъ§чˉÒàҪÍ á˅Ȥ³áÅÐĉ¹ړ... ġ¹˵Í§ã˪àÇÅÒ ¤ÇÒÁÍ´·¹ áÅÐ ¤ÇÒÁŤ´ỄÒ§ÊÃÃʹ$4#$e#¨¹µÍ¹׉¾Ç¡àÃÒʁĢ§¤§ ϳÒÃÇÂàËȑÍ¹чà¤Âàʛ¹ÁÒ$4", 
"fall_Thu": "*¶Í¹ËÒÂã¨* ... áÍ¹ׄÍԒчºÒΓÊµÒΓ´ÃÍ»àұÍǴ¹ à¢ÒˉÒ¨ÐŇÒÍÐäÃÍ˒Ò§¾ÍƤ...$2#$e#ȷ¡¤¹ƱƇƦ·Ò§žàÈÉàʛ¹¢Í§ĕÇàÍ§...$0#$e#¢Íã̋Ʊ¤ÇÒÁɊ¢ã¹ħ¹׉...$1",
"fall_Thu8": "ĉ¹àʫ¹áÍ¹ׄàŴ¹ä» ¾̃ÍÁāº¡˕Í§¢Í§â¨˨Ò ɤàËȑÍ¹¨Ðàʛ¹чƤ¢Í§à¢Ò...$0#$b#ĉ¹äˑÊęºÊȹ¹â¨˨Ò... á˅ι¹äˑä˴ËÁÒÂ¤ÇÒÁ˗Ò... ĉ¹¨Ðĕ´Ɗ¹¤¹ҽ¹ä˴$0#$e#ŇÒäÁĉ¹äˑÊęºÊȹ¹â¨˨Ò? ȝÁ... ·ģ¾ÂÒ¡ÃƱÍԒÍ˒Ò§ĸÒā´ ĉ¹Ť´˗Òà¢Òã˪ġ¹Í˒Ò§ ֪¹à»ȕÍ§...$2",
"fall_Fri": "ƫ׉... Ʊàʫ´ע¹ˋÒū¹à´ÍΓá«» ÍÒ¨ËÒÁÒàʛ¹ÍÒËÒÃä˴$0#$e#áÍ¹ׄáÅÐƵÍÒġ¡¨Ð... àʁº¾Ç¡ġ¹ä»¨¹ËÁ´...$3",
"fall_Fri4": "ƱàÎà«Åę·ע¹чɰà¢Ò ġ¹ע¹ÃÍºæ áˑթÒ ĉ¹¨ÐàÍÒ¾Ç¡ġ¹ÁÒ˒Ò§!$0#$e#àÎà«Åę·ΤÇˉÐ ɍ´Áä»˴ÇÂÊÒÃÍÒËÒÃáÅÐ... Í˓ÍÂ á̅Çĉ¹¨Ðáˊ§ã̋Ȥ³˺Ò§$1",
"fall_Fri10": "ĉºà¨ÍàÎà«Åę·ĸÒ¹Ç¹Ëѹ§ á̅ÇàұÍà˪Ò ĉ¹ΤÇ¾Ç¡ġ¹! щǴÍºÒ§˚Ç¹ŚÒËģºȤ³!$1[607]#$e#à¾ƅ´à¾ƅ¹ä»āºġ¹¹Ð чģ¡$4",
"fall_Sat": "ÍӇ¹áµ¡˅Ò§¨Ò¡Ȏª¸ÃÃÁ´Ò ġ¹Ʊà¶ÒħÅΒ... ĉ¹˵Í§¡ÒÃƇƨĈ´¡ÒÃāº... à¶ÒħÅΒÍ˒Ò§ɦ¡˵Í§$2#$e#ĉ¹¨ÐÅÍ§¶ÒÁâ«àƯÂ à¸Íړȷ¡Í˒Ò§àбÂÇāºÍӇ¹$1",
"fall_Sat8": "àʣÇæ ׉ ՃÇ·Ò§Ã¶ä¿ ɤàËȑÍ¹ġ¹¨Ð˵Í§ʻÍÁá«Á ĉ¹¨Ðā¡ȵ¹ä́ä̇$0#$e#Ȥ³ʻÍÁՃÇˊÍÂáʴäË¹@?$0#$e#â̍! àˢÒã¨á̅Ç! Ȥ³׉Ɋ´ÂÍ´¨ƃ§æ àÅÂ¹Ð$1",
"fall_Sun": "ãºä́ıÒĥ§ËÒ·Ò§ àˢÒä»ã¹˺Ò¹¢Í§ĉ¹! á˅Ƥ¹Ð... чĉ¹Ʊä́¡ÇÒ´$1",
"fall_Sun4": "чÊµÒΓŴÇáÇÅѕƱŴ¹ч ɍ´ÁÊÁɪÃ΃чɊ´ã¹àſΓ¹šÅ Ȏªч»ɵ¡ Ʊ¢¹Ò´ãËʽáÅÐÃÊªÒŵƤ$0#$e#˶ÒȤ³ã˪ݾÂ Ȏª¢Í§Ȥ³ʁТ§ÊÁɪÃ΃!$1",
"fall_Sun10": "ĉ¹˵Í§¡ÒÃȤÂāºȤ³ @$0#$b#ĉ¹ŇÒä˓ã¹ч¢Í§ĉ¹ áÅÐġ¹ƱчºÒ§˚Ç¹àËȕÍ... ĉ¹˵Í§¡ÒÃÁÍºã̋Ȥ³$4#$b#äˑ˵Í§¢ÍºȤ³ĉ¹! ¢Íã̋àʛ¹ħ¹чƤ!$1[369]", 

//WINTER DIALOGUE    
"winter_1": "ĉ¹áÅÐâÃź¹ע¹ä»º¹ɰà¢Ò чι¹ƱƋÁÐÁÒ¡ÁÒÂ$0#$e#ĉ¹ÍÒ¨¨ÐỄÒ§ÁȹÉΒƋÁÐ... ġ¹¨ÐˉÒģ¡äËÁ¹Ð?$1",
"winter_7": "¾ӣ§׉Ȥ³¨ÐàˢÒ˓ÇÁ... ¡ÒÃáʲ§Ă¹µ¡»ÅÒËȓÍà»˕Ò?$1#$b#µÍ¹àʔ¡æ ĉ¹à¤Âµ¡»ÅÒ á˅à݋ÂÇ׉ʁäˑʴÍÂä˴ ä»µ¡»ÅÒá̅Ç˕Ð$0#$e#¾ӣ§׉¢Íã̋âª¤Ƥ!$4",
"winter_12": "àʣÇæ ׉ юªÒÂ¢Í§ĉ¹¨ÐÁÒàђÂÁ ɵ¡ÊÒÇ¢Í§à¢ÒˉÒģ¡!$1#$b#à¸ÍªÍºà˕¹ƇƤâÍà¡Á ĉ¹Ʊà¤ҳÍ§à˕¹à¡Á ȫ»à»ÍΓàʙ¹â˴ (Super Neendo) à¸Íà˕¹ȷ¡¤Ճ§чÁÒàђÂÁ$0#$e#á˅ĉ¹äˑä˴à˕¹... ĉ¹áʱàš¹ä»... ŚÒËģºҺÍƍàʥ¡·ÃÍŹ¡Κ$4",
"winter_17": "ˎÍˤÒ¢ÒÂä́»ÃÐĔºã̋ĉ¹$0#$b#Ȥ³ÊÒÁÒÃ¶à¨ÍЪ§чˉÒÊ¹ã¨ ä˴чµÅÒ´¡ÅÒ§Ǵ¹!$1",
"winter_24": "à·È¡ÒÅá˛§´Ç§´ÒÇÄɤË¹ÒÇ àУÁã¹ħ¹¾ӣ§׉! ġ¹àʛ¹ħ¹чÊȹ¡Ê¹Ò¹$0#$e#ĉ¹àµƳÂÁ¢Í§¢ħ­ чÂÍ´àђÂÁä̇! ĉ¹Ëħ§˗Òà¢Ò¨ÐªÍº$1",
"winter_28": "¾̃ÍÁч¨ÐË˗Ò¹àÁʥ´ËȓÍĢ§?$0#$e#ĉ¹ÇÒ§á¼¹àÊʣ¨Ե§á˅ ËÅÒÂĪ»´ÒΛʱÍ¹ àƮÂ§áʴ... ÃÍã̋ƋÁÐáÅÐթÒáʂ§ÅÐÅÒÂ äˑ¹Ò¹á̅Ç...$1",

"winter_Mon": "ĉ¹ړǪ¡á˒... ã¹ÊÀÒ¾ÍÒ¡ÒÈчË¹ÒÇàʢ¹... ĪµΗàË˕ÒԹ¹ɤˉÒÊ§ÊÒÃ...$2#$e#ĪµΗàصÍÂ¤ÅÒÂĕÇàʥ¡æ ǴÍȨ´˝Í¹¢Í§ĉ¹$0",
"winter_Mon4": "àȑÍ§à«ÒƧ¹ƱªÒÂν§чÊÇÂ§ÒÁ áÅÐƱę¡ˇÍ§àчÂÇ àŴ¹·Ò§ÁÒ¨Ò¡ηÇâÅ¡$0#$b#ȷ¡¤Ճ§чĉ¹ä»чι¹ ĉ¹¨Ð¾ºڌ¤¹ÁÒ¡ÁÒÂ чƱ¤ÇÒÁáµ¡˅Ò§¨Ò¡ĉ¹ ġ¹àËȑÍ¹ Ë˹Ò˅Ò§ԚâÅ¡чáµ¡˅Ò§$4#$e#Ȥ³¤ÇÃÅÍ§àŴ¹·Ò§ɤ¹Ð @ ǖ§ݘÇÍÒ¨ƱÃÒ¤Òá¾§ á˅ŚÒËģº»ÃÐÊº¡ÒÃ΃ ȆÍ˗ÒلÁʴÒ$1",
"winter_Mon8": "ĉ¹àǱÍºƱàŧ¹àʁºÁÒ¡¾Í... ч¨ÐàŴ¹·Ò§$0#$e#¡ÒÃàŴ¹·Ò§ȆÍàʛ¹ §Ò¹ÍŴàÃ¡ŚÒËģºĉ¹ ġ¹ǈ§ÊÐ´Ç¡à¾ÃÒÐ ÍÒĨÂÍԒã¡̅Ã¶ä¿$4#$e#Ȥ³ÍÂÒ¡ä»àчÂÇāºĉ¹äËÁ? ĉ¹àʛ¹àҮÍ¹àŴ¹·Ò§чƤàÅÂ˕Ð!$1",  
"winter_Tue": "ÄɤË¹ÒÇàʛ¹Ģ§ä§˺Ò§ @? Ȥ³Êȹ¡Ê¹Ò¹˺Ò§ËȓÍà»˕Ò?$1#$e#ĉ¹ŇÒ§Ò¹»ÃÐŴÉ΀ áÅÐ àŴ¹·Ò§ ġ¹àʛ¹ʺÇ§àÇÅÒчÂÍ´àђÂÁ$0",
"winter_Tue6": "ĉ¹Ƥã¨ чĢ§¾ÍƱä́ŚÒÃÍ§ä̇ ˺Ò¹¢Í§ĉ¹ äˑƱà¤ҳÍ§ŇÒ¤ÇÒÁ̃Í¹... ĉ¹ã˪àµÒż§$0#$e#ġ¹Íºӭ¹ÁÒ¡ã¹ÄɤË¹ÒÇáºº׉ @! Ȥ³ˉÒ¨ÐËɂ´Ğ¡Ī¡ËˉÍÂ ι§Ğ¡ˢÒ§æ ĉ¹Ī¡Ğ¡à¶ÍÐ$4",
"winter_Wed":  "ĉ¹ªÍºч¨ÐÍÍ¡ä»ˢÒ§¹Í¡ ã¹µÍ¹¡ÅÒ§Ǵ¹чƋÁÐµ¡ à¾ÃÒÐƋÁÐɤ´ċºàƺÂ§... ġ¹ǈ§àƗÂºÁÒ¡$1#$e#ŇÒ˓Ò§¡ÒÂã̋Íºӭ¹˕Ð...@$0",
"winter_Wed4": "ã¹ʺÇ§ÄɤË¹ÒÇ... ĉ¹Êȹ¡āº¡ÒÃ˝Ò¹Ëę§ȚÍ äˑ˵Í§ā§ÇÅàбÂÇāºȎª$0#$e#ã¹ħ¹Ëɂ´Ɋ´Ī»´ÒΛ... ĉ¹ړ˗ÒȤ³äˑä˴Ëɂ´Ğ¡ Ȥ³¤ÇÃ¨ÐËɂ´Ğ¡àʺ¹ā¹!$1",
"winter_Wed8": "àÃÒԷ§ӴŇÒ§Ò¹Ëę¡àš¹ä»... ãʺäËÁ?$0#$e#àÃÒԷ§ӴÁÒŇÒˢÍµ¡Å§ā¹... Ɋ´Ī»´ÒΛ׉ äˑ˵Í§ŇÒàËȑÍ§ äˑƱàŴ¹ˋÒ... àƮÂ§áʴħ¹ÊºÒÂæ Ë˹ÒàµÒż§ āºËę§ȚÍƤæ ËȓÍ¤ÇÒÁ·Ã§ĸÒºÒ§Í˒Ò§$4#$e#ġ¹ÂÒ¡ч¨Ðι§Й§æ á˅ĉ¹Ť´˗ÒàÃÒŇÒä˴$1",
"winter_Thu": "ĉ¹ġ¡¨Ðàʫ¹... Íàʥ¡ͻä»чâÃ§ÍÒºթÒ$0#$b#̋Í§ÍÍ¡ıÒĥ§¡ÒÂ ġ¹ɦ¡ɤáÅÍ˒Ò§Ƥ$4#$e#ÍÒ¨àʛ¹à¾ÃÒÐ... äˑƱã¤Ãã˪¹Í¡¨Ò¡Íàʥ¡ͻ$0",
"winter_Thu6": "ĉ¹ע¹ä»º¹ÂÍ´à¢ÒˊÍÂæ á́á˅ã¹ÄɤË¹ÒÇ$0#$e#чι¹ƱԷ§ħÊȴã¹¡ÒÃ»ÃÐŴÉ΀ Է§ÍÒËÒÃ á́á˅ÀÒ¾чÊÇÂ§ÒÁ$1#$e#Ê¹ã¨ä»āºĉ¹äËÁ @?$4",
"winter_Fri": "Ȥ³ä»чºÒΓÊµÒΓ´ÃÍ» ˊÍÂËȓÍà»˕Ò?$0#$e#ŚÒËģºÄɤË¹ÒÇ ġ¹ˉÒǔ§ɤ´ àË̅ÒáÍ»àŻÅ ËȓÍ àƪÂΓàʥ¡˹ÍÂ ġ¹Т§ŇÒã̋ĉ¹ړǪ¡Ë¹ÒÇ¨¹ǖ§¡ÃÐɤ¡$4",
"winter_Fri8": "ĉ¹äˑáˉã¨˗Ò ĉ¹áʱÅ§ËȓÍà»˕Ò... á˅ÄɤË¹ÒÇ׉ ɤË¹ÒÇ¡˗Ò»¡ŵ$2#$e#ĉ¹ÍÂÒ¡ä»чäË¹ċ¡á˛§... чġ¹Íºӭ¹...$4#$e#ºÒ§Ƨ... Ī¡ħ¹àÃÒԷ§ӴÍÒ¨ע¹Ã¶ä¿... ι§ä»чäË¹Ī¡á˛§ чàÃÒĢ§äˑà¤Âä» @ Ȥ³Ť´˗ÒĢ§ä§?$4",
"winter_Sat": "ǖ§ĉ¹¨ÐīÇâºÃÒ³ á˅ĉ¹ªÍºàƒÂ¹¨´ËÁÒÂ á·¹ч¨Ð˚§ƽàÁÅ$0#$e#à·¤â¹âÅƲġ¹... ˡÒÇË˹ÒàʣÇàš¹ä»ŚÒËģºĉ¹$2",
"winter_Sat8": "Ȥ³ä˴ŵ´˅Í¤ÃÍº¤ģÇ¢Í§Ȥ³ ˺Ò§ËȓÍà»˕Ò@?$0#$e#¡ÒÃÍÒĨÂÍԒã¹ɋºà¢Ò ŇÒã̋ړǪ¡àËȑÍ¹āº ÍԒã¹¿Í§ÊԊ ËÒ¡ÃÍºæ ̅ÍÁÃÍº˴ÇÂɰà¢Ò ġ¹ʷÒÂч¨ÐȕÁàҳÍ§¢Í§âÅ¡ÀÒÂ¹Í¡$4#$e#àʛ¹Ъ§ŚÒĄ­˵Í§áˉã¨˗ÒȤ³ äˑä˴¾ÅÒ´¡ÒÃŵ´˅Íāº âÅ¡ÀÒÂ¹Í¡... Ģ§ä§ʁµÒÁġ¹Ƥ˅ÍȤ³$4",
"winter_Sun": "ã¡̅¨Ðǖ§àÇÅÒàµƳÂÁĕÇŚÒËģºƫË˹Òá̅Ç...$1#$e#ȝÁ... ĉ¹¤ÇÃ»ɵ¡ÍÐäÃã¹Äɤãºä́¼ƅ׉...?$0",
"winter_Sun6": "ã¹à˪Ò׉... ĉ¹Ȣ´ġ¹à·Èã¹ƋÁÐ áÅÐ àµƳÂÁÊ¹ÒÁ¢Í§ĉ¹ ã̋¾̃ÍÁŚÒËģºÄɤãºä́¼ƅ$0#$b#ĉ¹¨Ð̅Ò§ġ¹à·È áÅÐš¹¾Ç¡ġ¹àʛ¹ÍÒËÒÃǴ¹׉!$1#$e#Ȥ³ˉÒ¨ÐÅÍ§Ȣ´ɤ¹Ð @ ¾Ç¡ġ¹¨ÐƱÃÊªÒŵàђÂÁע¹ ËÒ¡Ʊ¡ÒÃΤÇ˴ÇÂ à¹ÂáÅÐթÒµÒÅ·ÃÒÂá´§$4"
}
