{
	"Name": "Frog Legs",
	"Description": "(¢Ò¡º) Ë¹Öè§ã¹ÍÒËÒÃ ·Õèà»ç¹·ÕèÃÙé¨Ñ¡¡Ñ¹ÍÂèÒ§´Õ ¢Í§ªÒÇâ¡âµÃÑ¹",
	"Category": "Cooking",
	"Edibility": 30,
	"EdibleIsDrink": false,
	"EdibleBuffs": 
	{
        "Farming": 0,
        "Fishing": 0,
        "Mining": 0,
        "Luck": 0,
        "Foraging": 0,
        "MaxStamina": 0,
        "MagnetRadius": 0,
        "Speed": 2,
        "Defense": 2,
        "Attack": 0,
        "Duration": 480,
    },
	"Recipe":
    {
    "ResultCount": 1,
    "Ingredients": [ { "Object": "Frog", "Count": 1, }, { "Object": 247, "Count": 1 }, { "Object": 246, "Count": 1 } ],
    "CanPurchase": true,
    "PurchaseFrom": "Marlon",
    "PurchasePrice": 2000,
    },
	"CanSell": false,
	"Price": 400,
	"IsColored": false,
	"GiftTastes":
	{
	    "Love": [ "Wizard", "Linus", "Pierre" ],
 		"Like": [ "Willy", "MarlonFay", "Gus" ],
		"Dislike": [ "Emily", "Jas", "Robin", "Demetrius", "Maru", "Caroline", "Alex", "George", "Evelyn", "Lewis", "Clint", "Penny", "Pam", "Haley", "Jodi", "Kent", "Marlon", "Sam", "Leah", "Shane", "Marnie", "Elliott", "Dwarf", "Harvey", "Sandy", "MorrisTod", "GuntherSilvian", "Andy", "Susan", "Victor", "Olivia", "Morgan", "Apples", "Claire", "Martin" ],
	    "Hate": [ "Vincent", "Abigail", "Sebastian", "Sophia", "Morgan" ]
	},
}
