{
//SPECIAL DIALOGUE
"Introduction": "ǭ¡! ¤¹á»Å¡Ë˹Ò!$2#$e#´Ð-à݋ÂÇ¹ÐщȤ³ǴÍ @? à˨Ò¢Í§ %farm ¿ÒΓÁ?$0#$b#¢-¢Íâ·É¹Ð ĉ¹»ÃÐËˑÒŹ´ËˉÍÂˉÐ àÇÅÒȤÂāº¤¹чѾ§ړĈ¡ā¹$1#$b#ÊħÊƤʴÐĉ¹ҚÍâ«àƯÂ ĉ¹àʛ¹à˨Ò¢Í§ ä˓ÍӇ¹Ĉ·Γ¤ÃÒÁ (Blue moon Vineyard) ʴÐ$9#$e#ȝÁ... ˶Òԧ¹à݋ÂÇä̇à¨Íā¹ãËˑ¹Ð Ť´˗Ò¹Ð...$1",
"accept_577": "à̍Ð! щġ¹Ƌ¹¹Ò§˿Òщ¹Òĉ¹ªÍºġ¹ÁÒ¡æàÅÂ¢ÍºȤ³¹Ð! $1",
"danceRejection": "¢-¢Íâ·É¹Ð ĉ¹äˑʴÍÂªÍºà˵¹Ī¡àˇÒäË˓$2",
"divorced": "ĉ¹...ĉ¹˗Ò˩¹¤ÇÃÍԒ¤¹àƤÂÇ ÁÒ¡¡˗ÒƊ¹Ð ĉ¹¤§àˢÒāºã¤Ãäˑä˴ËÃÍ¡$2#$b#¢ÍºȤ³чŇÒã̋ĉ¹ µÒÊ˗Ò§¹Ð$6#$e#*Ǯ¡*...$12#$e#¢-¢Í̃Í§˕Ð¹Ð ÍÍ¡ä»à¶ÍÐ...$7#$e#%â«àƯÂıÒĥ§̃Í§ä̋",
"breakUp": "¸-à¸Í˵Í§¡ÒÃ¨Ð àƅ¡āºĉ¹Í˒Ò§ԧ¹ËÃÍ?$2#$b#ĉ¹ŇÒÍÐäÃ ż´¾ÅÒ´ä»ËÃÍ?$6#$b#*Ǯ¡*...ʁä˴ ĉ¹Ť´˗Òà¸Í¤§ ĕ´Ɗ¹ã¨ÁÒá̅ÇƊ¹Ð$12#$e#¢-¢Í̃Í§˕Ð¹Ð Í˒ÒÁÒÍԒã¡̅æ ĉ¹àÅÂ @$7#$e#%â«àƯÂıÒĥ§̃Í§ä̋",
"dumped_Girls": "*Ǯ¡*... ºÐ-ºÍ¡ĉ¹ä˴ՁÂ ˗Òĉ¹ŇÒÍÐäÃż´? ¢-¢Í̃Í§˕Ð¹Ð...$6#$e#ĉ¹¢Íâ·É¹Ð чĉ¹Ƥäˑ¾Í...$12",
"secondChance_Girls": "¸-à¸ÍÍÂÒ¡¨Ð ¡ĥºÁÒ¤ºā¹ËÃÍ?$2#$b#©Ð-ĉ¹äˑړƊ á˅à¸ÍŇÒĉ¹àʈºÁÒ¡àÅÂ¹Ð...$6#$b#ĉ¹¨Ðµ¡Å§ ˶Òà¸ÍĢ§¨ÐȤÂāºĉ¹ÍԒ¹Ð ƤՁÂ?$2#$b#àÃÒÁÒàУÁ˵¹ ā¹ãËˑā¹à¶ÍÐ$2",
"pamHouseUpgrade": "à¸ÍƱթÒã¨ÁÒ¡æ чʺÇÂã̋áˑ¢Í§à¾¹Ʃ ä˴ÍԒã¹чæ Ƥ¡˗ÒàŴÁ ȷ¡¤¹ʁÍÂÒ¡¨ÐƱ˺Ò¹Ƥæ Է§Թ¹!$1",
"pamHouseUpgradeAnonymous": "áˑ¢Í§à¾¹Ʃ ä˴ÍԒã¹чæ Ƥ¡˗ÒàŴÁá̅ÇµÍ¹׉ ȷ¡¤¹ʁÍÂÒ¡¨ÐƱ˺Ò¹Ƥæ Է§Թ¹!$1",
"stardrop_gift": "щ¤¹˺Ò ĉ¹... ȝÁ à˝Í... ĉ¹àÍÒÊµÒΓ´ÃÍ»ÁÒã̋ á·¹¤ÇÒÁģ¡¢Í§àÃÒˉÐ$4#$b#ĉ¹äˑà¤ÂŤ´ÁÒʱÍ¹àÅÂ ˗Ò¡ÒÃчä˴ÍԒāºȤ³ ŇÒã̋ĉ¹Ʊ¤ÇÒÁɊ¢¢¹Ò´׉$4#$e#Í¹Ò¤µ¢Í§àÃÒɤÊ´ãÊĈ§$1#$b#ĉ¹ģ¡Ȥ³¹Ð$4#$e#*ܖº*$9",
"give_flowersA": "!!!$4#$b#©Ð-ĉ¹äˑړàÅÂ˗Ò ¨Ðɮ´Ģ§ä§Ƥ!$4#$b#ȝÁ ¤ÇÒÁ¨ƃ§á̅Ç ĉ¹áÍºªÍºȤ³ ÁÒԵ§¹Ò¹á̅Ç¹Ð ĉ¹Ʊ¤ÇÒÁɊ¢ÁÒ¡àÅÂ чàÃÒŤ´µÃ§ā¹!$4#$e#àÃÒ¤ÇÃ¨ÐŇÒÍÐäÃчġ¹ âÃáÁ¹ŵ¡ËˉÍÂ¹Ð... áºº¡Í´ā¹ µÍ¹ɤËę§˴ÇÂā¹!$9#$e#ĉ¹ã¨à˵¹áÃ§ÁÒ¡àÅÂ á̅ÇȤ³˕Ð?$4",
"give_flowersB": "!!!$4#$b#©Ð-ĉ¹äˑړàÅÂ˗Ò ¨Ðɮ´Ģ§ä§Ƥ!$4#$b#ȝÁ ¤ÇÒÁ¨ƃ§á̅Ç ĉ¹áÍºªÍºȤ³ ÁÒԵ§¹Ò¹á̅Ç¹Ð ĉ¹Ʊ¤ÇÒÁɊ¢ÁÒ¡àÅÂ чàÃÒŤ´µÃ§ā¹!$4#$e#ÃÒ¤ÇÃ¨ÐŇÒÍÐäÃчġ¹ âÃáÁ¹ŵ¡ËˉÍÂ¹Ð... áºº¹Í¹¡Í´ā¹ µÍ¹ɤÍŹàÁÐ!$9#$e#ĉ¹ã¨à˵¹áÃ§ÁÒ¡àÅÂ á̅ÇȤ³˕Ð?$4",
"give_pendant": "à¸ÍÍÂÒ¡¨Ð á˅§§Ò¹āºĉ¹ËÃÍ? ĉ¹µ¡Å§!$4#$b# ĉ¹ģ¡Ȥ³¹Ð! ĉ¹˗Òĉ¹¤§ ¢Ò´à¸Íä»äˑä˴áˉæ àÅÂ!$9",
"rejectNPCA": "à˝Í... Ȥ³˵Í§¡ÒÃÍÐäÃËÃÍ¤Ð?$2",
"rejectNPCB": "à˝Í... äˑ˕Ð$2#$e#ĉ¹ºÍ¡˗Òäˑä§!$3#$e#%â«àƯÂıÒĥ§àƁ¹Ȥ³ÍԒ",
"reject_two_heartA": "à˝Í... ĉ¹äˑŤ´Í˒Ò§Թ¹¹Ð ¢-¢Íâ·É¹Ð...$2#$e#à˝Í ĉ¹ºÍ¡˗Òäˑä§ @$3#$e#%â«àƯÂıÒĥ§àƁ¹Ȥ³ÍԒ",
"reject_two_heartB": "Ȥ³ıÒĥ§ŇÒã̋ ĉ¹ǭ´ĭ´ÍԒ¹Ð¤Ð...$6",
"reject_four_heartA": "à˝Í à¸ÍÍÂÒ¡à´µāºĉ¹ËÃÍ? ğ§¹Ð ĉ¹à˝Í... ړǪ¡Ƥāºà¸Í¹Ð á˅ĉ¹Ģ§äˑʴÍÂ ªÍºà¸ÍĪ¡àˇÒäË˓...$2#$e#ĉ¹¢Íâ·É¹Ð ˶Òàš´ġ¹äˑàʛ¹µÒÁчȤ³Ť´$2",
"reject_four_heartB": "à̎! à¸ÍÍ˒ÒѾ§Ƴº̃Í¹ę¡àÅÂƊ$2#$b#ºÒ§Ƨ...àÃÒ¤ÇÃä»ā¹Í˒Ò§˪Òæ¹Ð ƤՁÂ?$2#$e#ĉ¹ºÍ¡˗Òäˑä§ @$3",
"engageA": "â̍ ι¹ÍÐäÃˉÐ ÊÇÂĈ§àÅÂ$1",
"engageB": "ỄÍÂ¤Í¢Í§¹Ò§àǷÍ¡ËÃÍ? ÊÇÂĈ§àÅÂ$0#$e#ÍÐ-ÍÐäÃ¹Ð? á˅§§Ò¹? Ȥ³щµÅ¡¨ƃ§æ àÅÂ!$8",
"marriedA": "ÍÐ-ÍÐäÃ¹Ð? äˑãʺ˗Òà¸Í á˅§§Ò¹á̅ÇËÃÍ¡ËÃÍ?$3#$e#@ Ëɂ´à¶ÍÐ$2#$e#ĉ¹ºÍ¡ã̋Ëɂ´ä§!$6#$e#... ©-ĉ¹¨Ðä»ºÍ¡Ӵ¢Í§à¸Í¹Ð ˶Òà¸ÍĢ§ŇÒáºº׉ƽ¡$3#$e#%â«àƯÂıÒĥ§àƁ¹Ȥ³ÍԒ",
"marriedB": "à˝Í äˑ˕Ð$3#$e#ĉ¹¨Ðä»ºÍ¡Ӵ¢Í§à¸Í¹Ð ˶Òà¸ÍĢ§ŇÒáºº׉ƽ¡$3",
"refusal_knownA": "â̍... à˝Í.. ĉ¹Ģ§äˑ¾̃ÍÁŚÒËģº àҳÍ§Թ¹ÍÐ¹Ð$2#$b#¢Íâ·É¹Ð$6",
"refusal_knownB": "ȞÁ? à݋ÂÇʴÍÂ˗Òā¹ƽ¡Ƨ¹Ð$1",
"refusal_botherA": "ȝÁ? äˑ˕Ð$2",
"refusal_botherB": "Á-äˑ...$2",
"refusal_no_heartsA": "â̍ ġ¹ɤÊÇÂĈ§!$1",
"refusal_no_heartsB": "â̍ ġ¹ɤÊÇÂĈ§!$1",
"Resort_Entering": "à̂! ǖ§Ī¡Ƨ$9",
"Resort_Leaving": "á˒Ĉ§ ¨Ð˵Í§¡ĥº˺Ò¹ á̅ÇËÃÍàщÂ...$2",
"Resort_Shore": "¾Í˗ÒÂթÒàÊʣ¨á̅Ç ĉ¹ʁړǪ¡àУÁƋÇ àËȑÍ¹ā¹¹ÐàщÂ$0#$e#ºÒ§Ƨĉ¹ˉÒ¨Ð ä»š¹¢¹ÁĪ¡ËˉÍÂ$1",
"Resort_Chair": "µÍ¹áÃ¡ĉ¹à¤ƳÂ´ÁÒ¡æ àÅÂ á˅¡ÒÃÁÒàчÂÇŇÒã̋ĉ¹ ˌÍ¹¤ÅÒÂÁÒ¡àÅÂ˕Ð$1#$e#щæ ˶Òàš´Ȥ³˗Ò§æ ºÒ§ƧàÃÒˉÒ¨Ðä» ɤ»Ð¡Òģ§ā¹¹Ð$1",
"Resort_Bar": "թÒÁÐˑÇ§λ¹чāÊŇÒã̋ ġ¹Í˓ÍÂɊ´æ ä»àÅÂ¹ÐàщÂ!$1",
"Resort": "ä§ @! µÍ¹àŴ¹à˕¹ÍԒ àʫ¹ɫ˺Ò§ǣà»˕Ò?$1#$e#µÍ¹Թ¹ĉ¹àʫ¹¹Ð á̅Çʁ¾ÂÒÂÒÁ¨ÐĈºġ¹˴ÇÂ á˅˗Òġ¹ËƩä»á̅ÇÍÐƊ$2",

//SPECIFIC TILE DIALOGUE
"Custom_SophiaHouse_24_6": "Í-ÍÍ¡ä»¨Ò¡àƥÂ§ĉ¹¹Ð!$5",
"Custom_SophiaHouse_12_24": "%à¸ÍäˑµÍºÊ¹Í§",
"Custom_SophiaHouse_20_9": "%à¸ÍäˑµÍºÊ¹Í§",
"Custom_SophiaHouse_26_25": "%à¸ÍäˑµÍºÊ¹Í§",
"BlueMoonVineyard2_21_47": "*ȿ´ſ´*...$12",
"Hospital_5_17": "à˝Í ÊħÊƤ ĉ¹ıÒĥ§Ӣ§āº¡ÒÃ ä»ģºÂÒ¨Ò¡ËÁÍÎÒΓƷΒÍԒ$0",
"Town_42_86": "...$12",
"Saloon_20_19": "ĉ¹¾ÂÒÂÒÁ¨ÐàˢÒĪ§¤ÁˊÍÂæ äˑƱчäË¹àËÁÒÐàËʡ§ ä»¡˗Ò«Òɵ¹ƽ¡á̅Ç!$1",
"Custom_JenkinsHouse_23_27": "ħ¹׉ĉ¹ɤÍŹàÁÐ āºƇ¡àµÍΓ˴ÇÂ˕Ð$1",
"Custom_JenkinsHouse_29_11": "'âÃ§àƳÂ¹ÂÍ´ÇÒẪÒÂ (My Villain Academia)' ˉÐ à͈§ÁÒ¡àÅÂ¹Ð!$9",
"Custom_JenkinsHouse_19_39": "ºÒÂ Ƈ¡àµÍΓ!$1",
"Custom_SusanHouse_9_19": "à̎ ɛ«Ò¹! ¾̃ÍÁ¨ÐÊÍ¹ƇªÒ»ÃÐŴÉ΀ ã̋āºËɩǣĢ§¤Ð?$1",
"Custom_SusanHouse_5_17": "ڝÇÇÇ! ι¹ʁǴÍƇƨчȤ³ »ÃÐŴÉ΀ġ¹Ɗ¹Ð¤Ð",
"Custom_SusanHouse_11_17": "ι¹ġ¹Êȹ¡Ĉ§àÅÂ! ¢ÍºȤ³ч ªÇ¹ËɩÁÒ¹Ð¤Ð$1",
"HaleyHouse_2_21": "ÊħÊƤ àÎƵΒ$1",
"HaleyHouse_5_5": "ڝÇÇÇ! ¢Í§¾Ç¡Թ¹ġ¹ˉÒģ¡Ĉ§!$9",
"HaleyHouse_8_7": "ã̋ĉ¹ÅÍ§ã˚ËˉÍÂƊ!$1",
"HaleyHouse_4_20": "á̅Çà¨Íā¹¹Ð àÎƵΒ$1",
"HaleyHouse_14_21": "ÊħÊƤ àÍƁѕ",
"HaleyHouse_13_24": "ħ¹׉ĉ¹āºàÍƁѕ àʢº˼Ò˴ÇÂā¹˴ÇÂ˕Ð$1",
"HaleyHouse_16_8": "áººàʢºĭ¹׉ɤâÍà¤ǣà»˕Ò àÍƁƵ?$1",

//MAKEUP QUESTION
"summer_Sat": "ħ¹׉ĉ¹¡Ƴ´ÍÒÂäÅΉà¹ÍΓ ÁÒ˴ÇÂáËÅÐ$1#$q 4001/4002 makeup_followup#Ȥ³Ť´˗Òĉ¹á˅§Ë˹ÒâÍà¤ՁÂ?#$r 3001 25 makeup_yes#ġ¹ɤƤÁÒ¡æ àÅÂ#$r 4002 -50 makeup_no#à¸Íäˑá˅§Ë˹ÒʁÊÇÂÍԒá̅Ç¹Ð",
"makeup_yes": "˞Ò ¢ÍºȤ³¹Ð @$4",
"makeup_no": "âÍÐ-âÍ à˝Íá˅...$2#$b#...$6#$e#%â«àƯÂäˑÍÂÒ¡ȤÂāºȤ³á̅Ç",
"makeup_followup": "$p 4001#ĉ¹ªÍºàÇÅÒĉ¹ÊÇÂ¹Ð$9#$b#à˝Í... ġ¹ŇÒã̋ĉ¹àËȑÍ¹àʛ¹ ¤¹ãËˑàÅÂ$1#$e#ĉ¹Ëħ§˗ÒĪ¡ħ¹ ¨Ðä˴á˅§Ë˹ÒāºàÎƵΒ$9",

//SPRING AND GENERAL DIALOGUE
"spring_1": "Äɤãºä́¼ƅŇÒã̋ ĉ¹Ê§ºĈ§àÅÂ$0#$b#ĉ¹äˑƱÍÐäÃŇÒàÂÍÐę¡ËÃÍ¡ ƱáʴËġ¡äÇΉàÍ§$1#$e#ä§¢Íã̋àʛ¹ÄɤчƤŚÒËģºȤ³¹Ð@$9",
"spring_12": "ĉ¹ÍÂÒ¡ړĈ§àÅÂ˗Ò āÊ¨ÐŇÒÍÐäÃ µÍ¹à·È¡ÒÅäʲƽÊàµÍΓ$1",
"spring_18": "ĉ¹äˑʴÍÂªÍºä»ºÒΓ á˅˗Ò¾ӣ§׉ĉ¹¨Ðä»¹Ð ˶ÒÍÂÒ¡¨ÐÁÒËÒʁÁÒä˴¹Ð$0#$e#ĉ¹Ëħ§˗ÒāÊ¨ÐƱäʱ«ÍÊ̊Á¹Ð!$1",
"spring_23": "*à̎Í* ĉ¹äˑªÍº¡ÒÃà˵¹àÅÂ...$2#$e#ĉ¹ÁÒч §Ò¹à·È¡ÒÅ´Í¡ä́ ʁáʴÁÒš¹àˤ¡àˇÒԹ¹áËÅÐ$1",
"spring_28": "ÊħÊƤ @ Äɤãºä́¼ƅıÒĥ§¨Ð ˌÒ¹ä»á̅Ç¹Ð$0#$e#ƱËÅÒÂÍ˒Ò§ч ˵Í§ŇÒƽ¡àÂÍÐ ĉ¹Ʊ§Ò¹˵Í§ŇÒàÂÍÐàÅÂ$2",

"Mon": "à˝Í... ÊħÊƤʴÐ$2#$e#˵Í§¡ÒÃÍÐäÃǣ»˕ÒÇ¤Ð?$0",
"Mon2": "...$6#$e#%â«àƯÂıÒĥ§àƁ¹Ȥ³ÍԒ à¸ÍɤàÈ̃Òæ ¹Ð",
"Mon4": "¶- ˶ÒȤ³˵Í§¡ÒÃÊ»ƃ§à¡ÍΓ Ȥ³ÁÒ؛Íчĉ¹ʁä˴¹Ð¤Ð$0#$b#ĉ¹¢ÒÂäˑá¾§ËÃÍ¡ʴÐ$1#$e#â̽Ð Ȥ³ÊÒÁÒÃ¶؛Íġ¹ä˴ µÃ§ÊɁ´ã¹̋Í§¤ÍÊà¾ÅΒ ¢Í§ĉ¹¹Ð$0",
"Mon8": "à̎ ä§ÊºÒÂƤՁÂ!$1",
"Mon10": "ĉ¹ÍÂÒ¡¨Ðƫ¹ע¹ä» º¹ÂÍ´à¢ÒĪ¡¤Ճ§Ĉ§! àÃÒ¨Ðä»Ż¡Ź¡˴ÇÂā¹ ʁä˴¹Ð!$9#$e#˝Ð! á̅ÇµÍ¹àÃÒƫ¹à¢Ò àÃÒ¨ÐĈºȑÍā¹¹Ð$4",
"Tue": "¸-à¸Í˵Í§¡ÒÃÍÐäÃËÃÍ?$2#$e#ÁÒė¡·ÒÂËÃÍ? à˝Í...$2#$b#ä§$0",
"Tue2": "àұÍֱà¸ÍѾ§ä»ȤÂāº àÍƁѕáÅÐàÎƵΒÁÒǣ»˕ÒÇ? ĉ¹˗Òĉ¹¤ÇÃ ä»ËÒ¾Ç¡àˤÒ˺Ò§¹Ð$0#$e#ÊÍ§¤¹Թ¹àʛ¹àҮÍ¹чƤ¨ƃ§æ$1",
"Tue6": "àÍƁѕà¸ÍˉÒģ¡ÁÒ¡æ àÅÂ à¸Íã̋˼ÒԪ¹Ƥāºĉ¹$1#$e#ĉ¹˗Òĉ¹¤ÇÃ¨Ð µÍºá·¹à¸Í˺Ò§Ƥ¡˗Ò!$9",
"Tue10": "à˝Í àʛ¹ä§ÁÒä§˕Ð ¤¹˺Ò?$1#$e#µÍ¹׉ĉ¹ړǪ¡Ƥ à¾ÃÒÐà¸ÍÁÒËÒä§˕Ð$9#$e#%Ȥ³˚§ɘºã̋à¸Í à¸Í֢Áã̋Ȥ³",
"Wed": "ĉ¹ƋÇĈ§àÅÂ...$2#$e#ĉ¹˗Òĉ¹¤ÇÃä»ËÒÍÐäÃš¹ Ī¡ËˉÍÂƤՁÂ?$1",
"Wed4": "àҮÍ¹ĉ¹чҚÍÊ¡ÒΓàÅµ ıÒĥ§¨ÐÁÒËÒĉ¹˕Ð ĉ¹ªÍºà¸ÍÁÒ¡ à¸Íàʛ¹àҮÍ¹чƤчɊ´àÅÂ$9",
"Wed10": "@ ħ¹׉Ȥ³ɤˉÒģ¡Ĉ§àÅÂ$4#$e#%Ȥ³¡Í´â«àƯÂ à¸Í֢Áã̋Ȥ³",
"Thu": "ĉ¹ړǪ¡äˑʴÍÂÊºÒÂàÅÂ...$2#$e#...$6#$e#¢-¢Íâ·É¹Ð µÍ¹׉ĉ¹Ģ§äˑÍÂÒ¡¨ÐȤÂ$12#$e#%â«àƯÂıÒĥ§̃Í§ä̋...",
"Thu2": "à˝Í ä§ ÍÂÒ¡ȤÂËÃÍ?$0#$e#à˝Í à¸Íà¤ÂɤÍŹàÁÐàҳÍ§ 'áˑÁ´ÊÒÇīÇã¨ݶ¡ݲ¡ (School Girl Wizards)'ՁÂ?$1#$e#äˑà¤ÂɤËÃÍ äˑàʛ¹äÃ˨Ð$2",
"Thu6": "Ȫ´Թ¹àˢÒāºà¸ÍƤ¹Ð à¸Íã˪ÍÐäÃŇÒËÃÍ?$1#$e#̍Í! àˢÒã¨á̅Ç!$9^à¸ÍɤˉÒģ¡ÁÒ¡æàÅÂ! à¸Í˵Í§ºÍ¡ĉ¹¹Ð ˗Òà¸Íä˴Ȫ´Թ¹ ÁÒ¨Ò¡äË¹!$1#$e#̍Í! ַщàÍ§!$9",
"Thu10": "ĉ¹à¤ÂŤ´ä̇¹Ð˗Ò àÃÒ¨ÐÅÍ§ä»àчÂÇā¹ƤՁÂ! ġ¹¨Ð˵Í§Êȹ¡áˉæ àÅÂ$1#$e#*ܖº*$9",
"Fri": "ħ¹׉ÍԒƤæ ʁÍÂÒ¡ÊÇÂ àÅÂÅÍ§¡Ƴ´ÍÒÂäÅΉà¹ÍΓˉÐ$0#$b#à¸ÍŤ´˗Òġ¹ƤՁÂ?$2#$e#¢ÍºȤ³˨Ð$4",
"Fri2": "àȞÍ¡! à¸ÍŇÒã̋ĉ¹¡ĥÇ¹Ð!$5#$b#à˝Í.. ä§$2#$b#à¸ÍÍÂÒ¡ȤÂÍÐäÃ āºĉ¹ËÃÍ?$0#$e#¢Íâ·É¹Ð µÍ¹׉ĉ¹äˑ˗Ò§ˉÐ$2",
"Fri4": "ĉ¹˗Òĉ¹¤ÇÃ ؛ÍĪµΗÁÒàוÂ§ƤՁÂ? ĉ¹˵Í§¡ÒÃĪµΗˉÒģ¡æ ÁÒã̋ĉ¹¡Í´$1#$e#á˅... ¨ƃ§æ á̅Çĉ¹äˑړ˗Ò ¨ÐƱàÇÅÒàוÂ§¾Ç¡ġ¹ՁÂ$2",
"Fri8": "à¸ÍƱɵ¡¡ÃÐ˅ÒÂՁÂ? ¾Ç¡ġ¹ˉÒģ¡ÁÒ¡æ àÅÂ¹Ð!$9",
"Fri10": "à¸Íà¤ÂړǪ¡àË§ÒՁÂ µÍ¹ÍԒã¹¿ÒΓÁ %farm?$0#$e#äˑä˴ƱÍÐäÃžàÈÉËÃÍ¡ ч¶ÒÁä»ˉÐ$4#$e#%Ȥ³ɵºīÇâ«àƯÂ à¸Í֢Áã̋Ȥ³",
"Sat": "ä§$2#$e#...$2#$e#%â«àƯÂī¹Ëĥ§ã̋Ȥ³",
"Sat4": "ĉ¹Ëħ§˗Ò ŻáÍΓ¨ÐƱ¢ÒÂäʱ«ÍÊ̊Á¹Ð Ê¶Ò¹ччƱ¢ÒÂʁƱáʴ àȑÍ§á¡ÃÁàžÅĕ¹ˉÐƊ$0#$e#ĉ¹ªÍºäʱ«ÍÊ̊ÁчɊ´àÅÂ!$9#$b#Ê¡ÒΓàʥµġ¡¨Ð àÍÒÁÒã̋ĉ¹µÍ¹ч à¸ÍÁÒàђÂÁĉ¹ˉÐ$1",
"Sat8": "à̎ à¸Í! ÍÂÒ¡¨Ðä»š¹ÍÒËÒÃ āºĉ¹ч«Òɵ¹ρ§ՁÂ?$9#$e#ĉ¹ȤÂāºāÊã̋ä˴¹Ð àҳÍ§ÍÒËÒÃˉÐ$1#$e#%â«àƯÂ֢Áã̋Ȥ³",
"Sat10": "ä§ ړՁÂĉ¹ÍÂÒ¡¨Ð ȤÂāºà¸Íȷ¡æ ħ¹àÅÂ!$9#$e#ġ¹ğ§ɤá»Å¡æ ՁÂ?$2#$e#%Ȥ³¡Í´â«àƯÂ à¸ÍƱ¤ÇÒÁɊ¢",
"Sun": "à˝Íä§$2#$b#ã̋ĉ¹ʺÇÂÍÐäÃËÃÍ?$0",
"Sun4": "ħ¹׉ĉ¹āºàÎƵΒ àÃÒá˅§Ë˹Ò˴ÇÂā¹ ˴ÇÂáËÅÐ ©-ĉ¹Ť´˗Òġ¹Ƥ¹Ð$1^ħ¹׉ĉ¹āºàÎƵΒ àÃÒá˅§Ë˹Ò˴ÇÂā¹ ˴ÇÂáËÅÐ à¸ÍÅÍ§ÁÒá˅§Ë˹Ò āº¾Ç¡àÃÒƊ!$1#$e#©-ĉ¹Ť´˗Òġ¹Ƥ¹Ð$9",
"Sun8": "ä§! ŇÒäÁħ¹׉ ɤ¡ÃÐ»ד¡ÃÐà»˓ÒĈ§?$1#$e#à݋ÂÇʴÍÂȤÂā¹¹Ð @$9^à̎ ĉ¹˗ÒàÃÒÅÍ§ÁÒ á˅§Ë˹Ò˴ÇÂā¹Ī¡¤Ճ§ƤՁÂ!$1#$e#à݋ÂÇʴÍÂȤÂā¹¹Ð @$9",
"Sun10": "àÃÒÁÒáÅ¡à»ѕÂ¹¤ÇÒÁړ àбÂÇāº¿ÒΓÁā¹à¶ÍÐ! ĉ¹ƱɺµÃÍÐäÃºÒ§Í˒Ò§ чŇÒã̋ä˓ÍӇ¹ºɵɱ¹ ƱȤ³ÀÒ¾ע¹˴ÇÂ$1",


//SUMMER DIALOGUE
"summer_1": "à¸ÍړՁÂ˗ÒÄɤ׉ à¸Í¨Ð»ɵ¡ÍÐäÃ?$1#$e#ġ¹... Ċ¡¨Ð... àУÁ... ̃Í¹... á̅ÇƊ$2",
"summer_10": "ĉ¹ړá̅Ç˗Ò ħ¹¾٣§׉ĉ¹¨Ðã˚ÍÐäÃã¹ȫ» à·È¡ÒÅĥÇΓƤ$1#$e#äÇΉƍƃàƤÂÁ ¢Í§ä˓ÍӇ¹ºɵɱ¹ Ģ§ä§˕Ð!$9",
"summer_18": "¾ӣ§׉ĉ¹¨Ðà¨Íà¸Í ч«Òɵ¹ՁÂ?$1#$e#ĉ¹ıÒĥ§Ť´ÍԒ˗Ò ¨Ðä»Ƥǣ»˕ÒÇ$9",
"summer_22": "ĕÇÅÐ¤Ãã¹ÍŹàÁÐчĉ¹ªÍº ¼ÁƺªÁɮ$1#$b#ĉ¹àÅÂ̂ÍÁ¼ÁµÒÁà¸Í áÅÐĉ¹ʁªÍºÁÒ¡ ĉ¹¨Ðäˑ̂ÍÁƺҽ¹àÅÂ$9#$e#щ¹ÒÂړՁÂ˗ÒÍźà¡Å äˑà¤Â̂ÍÁƺ¼ÁàÅÂ$0#$e#ĉ¹ɮ´ɦ¡ãʺՁÂ? á»Å¡¨ƃ§æ$0",
"summer_28": "à·È¡ÒÅÃÐŊÒ áÁ§¡ÃÐ¾Ƀ¹áÊ§Ĉ¹·Γ ıÒĥ§ã¡̅àˢÒÁÒá̅Ç ĉ¹à˽ÒÃÍġ¹ÁÒȷ¡æ ƫàÅÂ$1#$e#ºÒ§Ƨĉ¹¤ÇÃŇÒ Ȫ´¤ÍÊà¾ÅΒ áÁ§¡ÃÐ¾Ƀ¹-áÊ§Ĉ·Γ$8",

"summer_Mon": "*à̎Í* ĉ¹äˑʴÍÂƱàѓÂÇáÃ§ ¨Ðä»äË¹àÅÂ$2#$b#ĉ¹˗Òĉ¹¤ÇÃä»àђÂÁ àÎƵΒāºàÍƁѕƤġÑÂ?$0#$e#̍ÒÒ! ¹-щ à¸ÍáÍºğ§ĉ¹ ɮ´āºĕÇàÍ§ËÃÍ!?$5#$e#%â«àƯÂıÒĥ§̚Í¤",
"summer_Mon4": "â̍ä§ @ ÁÒĞ¡ËÒÂã¨Ëĥ§¨Ò¡ ŇÒ¿ÒΓÁàÊʣ¨ËÃÍ?#$e#Ī»´ÒΛ׉ĉ¹˗Ò ĉ¹¨ÐÍԒà©Âæ ˉÐ$1#$e#ËȓÍ˗Ò... ¨ƃ§æ á̅Çĉ¹ÍÂÒ¡š¹¢¹Á¹Ð$2",
"summer_Mon8": "ä§ ÁÒĞ¡ËÒÂã¨¨Ò¡¡ÒÃ ŇÒ¿ÒΓÁËÃÍ?$1#$e#ĉ¹˗ÒĪ»´ÒΛ׉ĉ¹¨ÐĞ¡ˉÐ à¾ÃÒÐĉ¹ŇÒ§Ò¹Ëę¡ ÁÒÁÒ¡¾Íá̅Ç$9#$e#¨ƃ§æ á̅Çʁáʴ... ÍÂÒ¡Ğ¡š¹¢¹ÁˉÐ$2",
"summer_Mon10": "ĉ¹ä˴Ƃ¹ÁÒ˗Ò ƱզÒÍԒч¿ÒΓÁ¢Í§à¸Í à¸Í¨Ð˗ÒՁÂ˶Òĉ¹¢ÍɤˉÐ?$1#$e#à̂!$9",
"summer_Tue": "à¸ÍƱĪµΗàוÂ§ՁÂ? ĉ¹ÍÂÒ¡ä˴Ī¡ĕÇĈ§...$2",
"summer_Tue4": "ħ¹׉ĉ¹à¼ÅÍàËƲÂº Ȥ³¡ÃÐ˅ÒÂµÍ¹ĉ¹ıÒĥ§ ɤáÅä˓ÍӇ¹ÍÐ ĉ¹˗ÒȤ³¡ÃÐ˅ÒÂ ¤§äˑàʛ¹ÍÐäÃ¹Ð...$2",
"summer_Tue10": "ĉ¹ã˪àÇÅÒàǱÍºԷ§ħ¹ ÍԒāºàÎƵΒáÅÐʁàÍƁѕ ¾Ç¡à¸Íàʛ¹àҮÍ¹чƤ¨ƃ§æ$1",
"summer_Wed": "...$6#$e#%â«àƯÂıÒĥ§àƁ¹Ȥ³ÍԒ à¸ÍɤàÈ̃Ò",
"summer_Wed2": "āÊàʛ¹àҮÍ¹āº ¤ÃÍº¤ģÇ¢Í§ĉ¹ ÁÒԵ§á˅ĉ¹Ģ§àʛ¹àʔ¡¹Ð$0#$b#ĉ¹ªÍºÁÒ¡àÇÅÒ àˤÒÁÒàђÂÁĉ¹$1",
"summer_Wed6": "ɵ¡ħÇ¢Í§˻ÒÁÒƩˉÒģ¡ÁÒ¡! ¾Ç¡ġ¹ˉÒ¡Í´ÁÒ¡àÅÂ!$9#$e#ĉ¹˗Òĉ¹¤§˵Í§ ä»àђÂÁ¿ÒΓÁ»ɈĪµΗ ¢Í§˻ÒÁÒƩá̅Ç˕Ð! ĉ¹Ê§ĪÂĈ§˗Ò àºµлıÒĥ§ŇÒÍÐäÃÍԒ$1",
"summer_Wed10": "ħ¹׉ġ¹̃Í¹ÁÒ¡àÅÂ ĉ¹ÍÒ¨¨Ðä»˗ÒÂթÒ ч·ÐàÅĪ¡ËˉÍÂ$2#$e#ÍÂÒ¡ä»˗ÒÂթÒā¹ՁÂ @?$9",
"summer_Thu": "...$6#$e#¢-¢Í̃Í§ ã̋ĉ¹ÍԒ¤¹àƤÂÇà¶ÍÐ...$12#$e#%â«àƯÂī¹Ëĥ§ã̋Ȥ³",
"summer_Thu2": "ƇÇ¨Ò¡Ë˹Ò¼Ò àʛ¹ƇÇчĉ¹ªÍºчɊ´àÅÂ àËȑÍ¹ÁËÒÊɁ·ÃàҚÍÁāº Ɋ´¢Íº˿ÒàÅÂ àËȑÍ¹äˑƱħ¹¨º$0#$b#ĉ¹ÍÂÒ¡¨Ðàʫ¹ ƽ¡¿Ò¡¢Í§ÁËÒÊɁ·ÃĈ§$1",
"summer_Thu4": "ĉ¹äˑà¤Âä»чàËȑÍ§ ÁÒʱÍ¹àÅÂ ĉ¹¡ĥÇàҳÍ§˗Ò¨Ðà¨ÍÍÐäÃ ã¹àËȑÍ§ˉÐƊ$2#$e#ËÐ? à¸Íà¤ÂàˢÒä» ã¹àËȑÍ§á̅ÇËÃÍ!?$5#$b#ãʺƊà¸ÍǴÍę¡¼¨­ĠÂ á˅ĉ¹ֲ¢ÅÒ´àʛ¹˺ÒàÅÂ...$1",
"summer_Thu8": "Ȥ³à¨¹Ť¹Κϊ§äÇΉ¨Ò¡ĉ¹ ˊÍÂÁÒ¡àÅÂ˕Ð$1#$b#ĉ¹˗Ò֥¹¢Í§à¸Í ˉÒ¨ÐƤÁÒ¡áˉæ ĉ¹Ƥã¨¹Ð чà¸ÍªÍºäÇΉ¢Í§ĉ¹$9#$e#ä̇ʴÍÂà¨Íā¹ãËˑ¹Ð?$1",
"summer_Fri": "ä§ ħ¹׉ÍÒÃÁ΃ƤÅÐƊ?$2#$e#...$6",
"summer_Fri2": "ºÒ§Ƨĉ¹ʁŤ´ÍÂÒ¡¨Ð »ɵ¡Í˒Ò§ҽ¹ ¹Í¡¨Ò¡ÍӇ¹¹Ð á˅ä˓ÍӇ¹ºɵɱ¹ ʁ¨Ðäˑãʺ... ä˓ÍӇ¹ˉÐƊ$0",
"summer_Fri8": "ĉ¹ıÒĥ§ÇÒ¹á¼¹ àҳÍ§ä»Ż¡Ź¡ÍԒˉÐ ÍÒ¡ÒÈµÍ¹׉ġ¹àËÁÒÐÁÒ¡æ àÅÂ˕Ð¹Ð!$9#$e#ÍÂÒ¡ä»āºĉ¹˺Ò§ՁÂ? ġ¹Ʊӗ§Ë˭ÒÊÇÂæ ˴ÇÂ¹Ð$8",
"summer_Sat4": "â̍Â ĉ¹»Ç´˷Í§Ĉ§àÅÂ...$2#$e#ĉ¹˗Òàʛ¹à¾ÃÒÐ ɵ¡ÍÁчĉ¹š¹µÍ¹à˪Òáˉæ!?$6",
"summer_Sat8": "ڌ¤¹ªÍºÁÒË˹Ò˺Ò¹ĉ¹ ˊÍÂÁÒ¡àÅÂ$0#$e#ƇÇ¢Í§·ÐàÅĭ­Áƣ ġ¹ÊÇÂÁÒ¡àÅÂ ˶ÒÁÍ§¨Ò¡µÃ§׉ ġ¹àʛ¹Ȩ´чàÍÒä̇à´µʁƤ¹Ð$1",
"summer_Sun": "*Ǯ¡*... ǭ¡ ©-ĉ¹ŇÒÍÒÂäÅΉà¹ÍΓĞ§...$6#$e#... ¢-¢Íâ·É µÍ¹׉äˑãʺàÇÅÒч¨ÐÁÒȤÂˉÐ$6",
"summer_Sun4": "à¸ÍƱ¢¹Áŵ´ĕÇÁÒ˺Ò§ՁÂ? ĉ¹ÍÂÒ¡ä˴ÍÐäÃËÇÒ¹æ ¾ÍƤàÅÂ$0",
"summer_Sun8": "Ƈ¤àµÍΓāºĉ¹ äˑä˴à¨Íā¹ÁÒĞ¡ãËʽá̅Ç... ĉ¹ÍÂÒ¡ړĈ§˗Ò à¢Òàʛ¹Ģ§ä§˺Ò§$2#$e#à̍Í ĉ¹ªÍº¹Ð àÇÅÒà¸ÍÁÒàђÂÁĉ¹ˉÐ ÍÂÒ¡à˕Òښā¹ğ§ՁÂ?$1",
"summer_Sun10": "ĉ¹Ť´˗Ò àÃÒ¤ÇÃŇÒÍÒËÒÃàʢ¹ ·Ò¹˴ÇÂā¹¹Ð? à¸ÍŤ´˗ÒĢ§ä§˕Ð?$1#$e#à̂!$9",


// FALL DIALOGUE
"fall_1": "ÍӇ¹ч˵Í§àʁºã¹Äɤ׉ àÂÍÐÁÒ¡æ àÅÂ...$2#$e#Í-â̍ ä§!$5#$b#¢Íã̋âª¤Ƥ¹Ð @!$9",
"fall_4": "ħ¹׉àʛ¹ħ¹ч ġ¹ıÒĥ§¨Ðàš´ע¹...$6#$e#...$12#$e#¢-¢Íâ·É ©-ĉ¹ áʴÍÂÒ¡ÍԒ¤¹àƤÂÇˉÐ ĉ¹... Ëħ§˗ÒȤ³¨ÐàˢÒã¨¹Ð$12#$e#%â«àƯÂ¢Íã̋Ȥ³ÍÍ¡ä»",
"fall_15": "ıÒĥ§àµƳÂÁ¢Í§âªΗ ã¹§Ò¹áÊ´§Ɗ¹ˤÒ¾ӣ§׉ËÃÍ?$0#$e#ĉ¹ÍÂÒ¡ړĈ§˗ÒµÍ¹׉¿ÒΓÁ %farm àʛ¹Ģ§ä§˺Ò§! ĉ¹˗Òĉ¹˵Í§ä»àђÂÁËˉÍÂá̅Ç àÍÒ˕Ðĉ¹˵Í§ä»á̅Ç ºÒÂ$0",
"fall_18": "āÊƱäÇΉƃ§¿ɃµÍԒч̃Ò¹˴ÇÂ ˵Í§ä»ÅÍ§˺Ò§á̅Ç˕Ð$1#$e#à¸Íà¤Âä» Ëԑà¡ÒÐãºàſÃΉՁÂ?ĉ¹ÍÂÒ¡ä»ÁÒ¡àÅÂ¹Ð$0",
"fall_27": "à·È¡ÒÅɰµ àʛ¹à·È¡ÒÅчĉ¹ ªÍºчɊ´àÅÂ Ȥ³ˎÍÁ´ ˌÒ¹à¢ÒÇ§¡µä˴ȷ¡ƫàÅÂ á˅ġ¹ʁˉÒ¡ĥÇ¹Ð!$1#$b#áÅÐĉ¹ʁä˴¤ÍÊà¾ÅΒ˴ÇÂ!$9",
"fall_28": "ġ¹àУÁË¹Ð-Ë¹ÒÇע¹á̅Ç ÄɤË¹ÒÇıÒĥ§ÁÒǖ§Ɗ¹Ð$2#$e#¾ÂÒ¡Ã΃ÍÒ¡ÒÈºÍ¡˗Ò Ʊ¾ÒɂƋÁÐıÒĥ§à¤ҵÍ¹чÁÒ˕Ð$0",

"fall_Mon": "Ȥ³ʺÇÂä»ä¡Åæ ä˴ՁÂ? ħ¹׉ĉ¹à¨ÍÍÐäÃäˑƤÁÒˉÐ$2#$e#¢-¢Í̃Í§$6#$e#%â«àƯÂɤâ¡Ã¸...",
"fall_Mon4": "Ê¡ÒΓàÅµıÒĥ§ÁÒàђÂÁĉ¹˕Ð à¸ÍªÍºËÒ·Ò§ÁÒŇÒã̋ ĉ¹Ʊ¤ÇÒÁɊ¢µÅÍ´$1#$e#ĉ¹ÍÂÒ¡ã̋à¸ÍÁÒˊÍÂæ ¹Ð á˅ĉ¹àˢÒã¨˗Ò àȑÍ§á¡ÁàžÅĕ¹ġ¹ä¡Å...$2",
"fall_Mon8": "ä§ @ àÃÒˉÒ¨ÐÁÒÅÍ§ áÅ¡äÇΉā¹ŪÁɤ¹Ð ĉ¹ÍÂÒ¡ÍԒāºȤ³ áÅÐʁȤÂā¹ˉÐ$1#$e#ËȓÍäˑԧ¹àÃÒʁ ÁÒɤÍŹàÁÐ˴ÇÂā¹ʁä˴¹Ð! ƛΫ¹2¢Í§àҳÍ§ 'à«àÅÍΓċ¹' ıÒĥ§ŇÒÍԒˉÐ!$9",
"fall_Tue": "ĉ¹ƋÇÇÇÁÒ¡æ àÅÂÂ ġ¹ǖ§àÇÅÒš¹ǣĢ§¹Ð?$2",
"fall_Tue4": "à¸ÍäˑŤ´˗Ò â·¹ƺ¢Í§Äɤ׉ÊÇÂËÃÍ?$1#$b#ġ¹àËȑÍ¹āº àÃÒÍԒã¹ƽ¡âÅ¡àÅÂ$9",
"fall_Tue10": "à̎ ä§! ˶ÒȤ³ÍÂÒ¡¨ÐÅÍ§ŪÁ äʱ«ÍÊ̊ÁʁºÍ¡¹Ð ĉ¹¨ÐŇÒã̋š¹àÍ§$1#$e#á˅ʁäˑãʺˊÍÂàš¹ä»¹Ð Ȥ³˵Í§؛ÍÁÒàҬÍĉ¹˴ÇÂ!$9",
"fall_Wed": "µ-˵Í§¡ÒÃÍÐäÃ?$3#$e#â̽Ð ¢Íâ·É¹Ð ħ¹׉ĉ¹ړǪ¡Ǖ§æ Ź´ËˉÍÂˉÐ$2#$e#à¸ÍäˑàˢÒã¨ËÃÍ¡...$2",
"fall_Wed6": "ĉ¹ıÒĥ§Ť´ÍԒ˗Ò ¨Ð¤ÍÊà¾ÅΒàʛ¹ĕÇÍÐäÃƤ á˅ĉ¹ʁǙ¡æ ä̇ÍԒ˗ÒÍÂÒ¡¨Ðá˅§àʛ¹ à˨ÒËŭ§¹Ð$1#$e#äˑãʺáºº¾Ç¡ à˨ÒËŭ§ã¹¡ÒΓɥ¹¹Ð à˨ÒËŭ§чƱ¤ÇÒÁȴ̃ÒÂ! āº´ÒºчãËʽæ áÅÐʁ˼Ò¤ɅÁƺá´§!$9",
"fall_Thu": "*Ǯ¡*... ȝÍ.. ä§ @ Ç-ħ¹׉ÊºÒÂƤՁÂ?$6#$e#Ë-̋Ð ĉ¹? ©-ĉ¹âÍà¤$6#$e#*Ǯ¡*...$12#$e#%â«àƯÂıÒĥ§̃Í§ä̋",
"fall_Thu4": "ÍÐäÃ¹Ð à¸Íäˑà¤Âä˴Ƃ¹àҳÍ§ 'âÃ§àƳÂ¹ÂÍ´ÇÒẪÒÂ (My Villain Academia)' àÅÂËÃÍ?!$5#$b#ġ¹àʛ¹ÍŹàÁÐ чıÒĥ§ÁÒáÃ§àÅÂ¹Ð$9#$b#ĕÇËĥ¡ã¹ÍŹàÁÐàҳÍ§׉ ŇÒã̋ĉ¹Ǚ¡ǖ§ĕÇÅÐ¤Ã ºÒ§ĕÇàÅÂ$1#$e#ãʺĕÇчƱȪ´ƺàƒÂÇ ǣ»˕ÒÇ¹Ð?$0",
"fall_Thu8": "à̎ ä§! ĉ¹˗ÒàÃÒˉÒ¨ÐÁÒ˝Ò¹ġ§§Ð ˴ÇÂā¹Ī¡¤Ճ§¹Ð!$1",
"fall_Fri": "àȑÍ§à¾ƅá¡¹ġ¡¨Ð Ʊě­ËÒàҳÍ§ħªȎª ÍԒµÅÍ´àÅÂ ºÒ§¤Ճ§¹Ð Ė§¢ÂÐ˺Ò¹ĉ¹ ̅ÁÃÐà¹ÃÐ¹Ò´ä»ËÁ´$3#$e#à¸Íà¤Âà¨ÍËƱ لÂĖ§¢ÂÐ˺Ò§ՁÂ@?$2",
"fall_Fri4": "Ȥ³à¤Âä»чɸ¹Β¡ÒÃ»ÃÐȪÁ чàȑÍ§ɛɛՁÂ? ġ¹àʛ¹Ê¶Ò¹ччãËʽчɊ´ ã¹ÊÒ¸ÒÃ³ģ°àſΓ¹šÅΕ àÅÂ˕Ð$1#$e#ĉ¹à¤Âä» ¤ÍÊà¾ÅΒчι¹˴ÇÂ¹Ð$9",
"fall_Fri8": "ړՁÂ ĉ¹ÍÒ¨¨Ð»ɵ¡Í˒Ò§ҽ¹ ¹Í¡¨Ò¡ÍӇ¹ʁä˴¹Ð$1",
"fall_Sat": "©-ĉ¹Ʊě­ËÒàҳÍ§ËÒÂã¨ Ź´ËˉÍÂàұÍà˪Ò$2#$e#µÍ¹׉Ƥע¹á̅Ç˕Ð$2#$b#ĉ¹Ƥã¨¹Ðчàʛ¹˛Ç§ā¹$1",
"fall_Sat6": "à̎ ä§! à¸Íà¤ÂŇÒȪ´ע¹ÁÒàÍ§ՁÂ?$9#$b#àÍƁƵƱà¤ҳÍ§àʢº˼ÒчƤÁÒ¡æ àÅÂ ĉ¹˗Ò˶Òà¸Íä»¢Íã˪ àÍƁѕ˵Í§ã̋ã˪áˉæ àÅÂ$1#$e#â̽Ð à¸Íʁã˪ġ¹ËÃÍ ԧ¹ħ¹Ëĥ§àÃÒÅÍ§ÁÒàʢº˼Ò ˴ÇÂā¹¹Ð!$8",
"fall_Sat10": "Ê¡ÒΓàÅµıÒĥ§ÁÒàђÂÁĉ¹! áÅÐ¾Ç¡àÃÒʁ¨ Ð·Ò¹رÍϔÒ˴ÇÂā¹#$e#ºÒ§Ƨ à¸ÍÁÒ˓ÇÁḁ̂ÐÍÒËÒÃāºàÃÒ ʁä˴¹Ð˶ÒƱàÇÅÒ!$9",
"fall_Sun": "...$6#$e#%â«àƯÂıÒĥ§àƁ¹Ȥ³ÍԒ à¸ÍɤàÈ̃Ò",
"fall_Sun4": "Ȥ³à¨¹Ť¹Κàʛ¹¤¹чƤ¨ƃ§æ àÅÂ¹Ð ºÒ§¤Ճ§ĉ¹ʁàʫ¹ äÇΉªŹ´žàÈÉ ÍԒã¹ÍÍà´ÍΓ˴ÇÂ$1",
"fall_Sun8": "̇ÒÇ ġ¹ÂÒ¡¹ÐàщÂ ч¨ÐµÒÁã̋ė¹à¸Í! ĉ¹˗Òĉ¹˵Í§ä»»ģºĕÇ «ÐËˉÍÂá̅Ç!$9#$e#ä̇à¨Íā¹ãËˑ¹Ð @$1",


//WINTER DIALOGUE
"winter_1": "ºȓëÍÍÍ Á-ġ¹Ë¹ÒÇĈ§àÅÂ$2#$e#á˅˗Òĉ¹ªÍºÄɤË¹ÒÇчɊ´àÅÂ ¨ÐäˑàҚÍʁä˴¹Ð ġ¹ŇÒã̋ĉ¹ƱàÇÅÒ ɤÍŹàÁÐá̅Çʁ ĕ´Ȫ´¤ÍÊà¾ÅΒ˝Ð¹Ð!$9",
"winter_7": "ĉ¹äˑÍÂÒ¡àŴ¹ä»чˋÒ àҮÍч¨Ðä»ɤ¡ÒÃáʲ§µ¡»ÅÒ ÍÐäÃι¹àÅÂ$0#$e#ã̋ĉ¹ÍԒ˺Ò¹ÊºÒÂæ ɤÍŹàÁÐäˑä˴ËÃÍ?$2",
"winter_13": "ĉ¹āºàÍƁѕ ÍÒ¨¨Ðä˴á˅§¤ÍÊà¾ÅΒ ˴ÇÂā¹¹Ð ƤĈ§!$1",
"winter_18": "ĉ¹˗ÒǴ¹¾ӣ§׉ ¨Ðä»ºÒΓĪ¡ËˉÍÂˉÐ āÊàˤÒ¨ÐŇÒÍÒËÒÃرÍžàÈÉ ã̋ĉ¹˴ÇÂ!$1#$e#ġ¹ǴÍäʱ«ÍÊ̊ÁĢ§ä§˕Ð! ¨Ðàʛ¹ÍÐäÃƽ¡˹Ò?$9",
"winter_24": "ĉ¹àµƳÂÁ¢Í§¢ħ­ ä̇ã̋¤¹ҽ¹á̅Ç˕Ð!$8#$e#ã¹Թ¹ ĉ¹ã˚¢Í§ä̇àÂÍÐàÅÂ$1",
"winter_25": "ĉ¹ªÍºáÊ§ áÅÐºÃÃÂÒ¡ÒÈáºº׉Ĉ§ ĉ¹ÍÂÒ¡ã̋ġ¹àʛ¹áºº׉ ä»µÅÍ´àÅÂ$1",
"winter_28": "à¸ÍŤ´ä̇ǣĢ§˗Ò¨Ð»ɵ¡ÍÐäÃ µÍ¹թÒáʂ§ÅÐÅÒÂ?$1#$e#Í-â̽Ð ĉ¹ËÃÍ!? à˝Í$2#$b#¡- ʁ˵Í§àʛ¹ÍӇ¹ÍԒá̅Ç˕Ð!$1",

"winter_Mon": "ĉ¹¤ÇÃĕ´Ȫ´¤ÍÊà¾ÅΒ˅Í ËȓÍɤÍŹàÁÐƤ¹Ð? ȝÁÁ...$0#$e#ËȓÍ˗ÒŇÒԷ§ÊÍ§àÅÂ?$1",
"winter_Mon10": "ħ¹׉ġ¹Ë¹ÒÇĈ§àÅÂ ºÒ§Ƨĉ¹ʁËħ§¹Ð˗Ò ˺Ò¹ĉ¹¨ÐƱàµÒż§$2#$e#à̎ ĉ¹˗ÒàÃÒä»ż§ä¿˺Ò¹à¸ÍƤՁÂ? á̅Çʁ֛§ÁÒΓªàÁÅâÅΗ!$1",
"winter_Tue": "*Ǯ¡*...$6#$e#©-ĉ¹ړǪ¡äˑʴÍÂƤˉÐ ¢Íâ·É¹Ð$6",
"winter_Tue6": "ƫчá̅Ç ĉ¹ä»§Ò¹¤ÍÁƁ¤¤Í¹ чàȑÍ§ɛɛ˴ÇÂġ¹Êȹ¡ÁÒ¡ á̅Çʁ¹Ð @ µÍ¹á˅§ĕÇġ¹Êȹ¡ÁÒ¡àÅÂ!$9#$b#ȷ¡æ ¤¹ч§Ò¹á˅§ĕÇā¹àђÂÁɊ´æ ä»àÅÂ! ƫË˹Òĉ¹¨Ðá˅§ĕÇàʛ¹ ĕÇÍÐäÃƤ¹Ð$1",
"winter_Tue10": "ħ¹׉à¸ÍˉÒģ¡ àʛ¹žàÈÉàÅÂ¹Ð$4#$e#*ܖº*$9#$e#%Ȥ³ÁÍ§â«àƯÂ à¸Íī¹Ë˹ÒËƩ˴ÇÂ¤ÇÒÁàŢ¹",
"winter_Wed": "ĉ¹áʴÍÂÒ¡¨Ð¹Í¹Է§ħ¹ á̅Çʁš¹¢¹Á āºɤÍŹàÁÐ$2#$e#à̎Í ºÒ§Ƨĉ¹ÍÒ¨¨ÐŇÒġ¹ä˴ ã¹ħ¹Ɋ´Ī»´ÒΛ$3",
"winter_Wed4": "àұÍǴ¹ ĕÇÅÐ¤Ãчĉ¹ªÍºµÒÂ˝Ð ĉ¹ÍÒÃÁ΃àƺÂÁÒ¡æ àÅÂàщÂ$2#$b#ĉ¹ÍÂÒ¡¨ÐÍԒã¹̋Í§¤¹àƤÂÇ á̅ÇäˑŇÒÍÐäÃàÅÂ$6",
"winter_Wed8": "ÍÒ¡ÒÈË¹ÒÇæ áºº׉ŇÒã̋ĉ¹ÍÂÒ¡¨Ðȫ¡ĕÇ ÍԒã˵˼Ò˛Á¾̃ÍÁāº Ũºâ¡âˡ̃Í¹àÅÂ$9#$e#à̎ ºÒ§ƧàÃÒÍÒ¨¨ÐÁÒ Ũºâ¡âˡ˴ÇÂā¹ʁä˴¹Ð?$1",
"winter_Wed10": "ĉ¹˗ÒàÃÒ¤ÇÃáÇÐä»чºÒΓ á̅ÇʁËÒÍÐäÃš¹ā¹¹Ð!$1#$e#à´ÒƊ˗Òĉ¹¨Ðϊ§ÍÐäÃ!$1#$e#áˉ¹Í¹˗Ò˵Í§àʛ¹äʱ«ÍÊ̊Á ˗Òä»ι¹!$9",
"winter_Thu": "ħ¹׉àǱÍºҵ¹̅Á˝Ð$2#$e#ĉ¹˗Òĉ¹ˉÒ¨Ð˵Í§ËÒ ÃÍ§à˷Òݧ·ÁÒã˚Ƥ¡˗Ò$3",
"winter_Thu6": "àÍƁѕıÒĥ§ŇÒȪ´чÊÇÂÁÒ¡ à¸ÍÊÍ¹ĉ¹àҳÍ§¡ÒÃàʢº˼Ò˴ÇÂ$1#$e#ĉ¹ƱàÇÅÒ˗Ò§ ŇÒÍÐäÃàÂÍÐáÂÐàÅÂ à¸ÍʁàËȑÍ¹ā¹ãʺՁÂ?$9",
"winter_Thu10": "ä§Ɋ´чģ¡¢Í§ĉ¹!$9#$e#ÁÒã¡̅æ Ɗ$4#$e#*ܖº*$9",
"winter_Fri": "à˝Í ä§$0#$b#ÇÒ§á¼¹ŚÒËģºɊ´Ī»´ÒΛ׉ ä̇á̅ÇǣĢ§?$1#$e#¢Í§ĉ¹˵Í§ŇÒ§Ò¹áÊ´§ ã̋àÊʣ¨ˉÐ$0",
"winter_Fri4": "ƋÁÐƺ¢ÒÇıÒĥ§»¡¤ɅÁȷ¡æ Í˒Ò§àÅÂ ĉ¹ªÍºġ¹¹Ð!$1#$e#àƺÂ§¡ÃÍºá¡Ãº µÍ¹àŴ¹º¹ƋÁÐġ¹ˉÒѷ§ÁÒ¡æ àÅÂà¹ÍÐ!$9",
"winter_Fri8": "ڌ¤¹àˤÒ¨ÐÁÍ§ĉ¹á»Å¡æ ՁÂ ˶Òĉ¹˛Á˼Ò˛ÁÍÍ¡ä» ˢÒ§¹Í¡ˉÐ?$0#$e#¾-¾Ç¡àˤÒ¨ÐŤ´˗Òĉ¹˺ÒËÃÍ?$2#$b#ĉ¹˗Òĉ¹ã˚ÅÍ§¨ÍΛ¹Ƥ¡˗Ò$9",
"winter_Fri10": "ÍÂÒ¡¨Ðà˕¹»ÒƋÁÐā¹ՁÂ?$1#$b#ĉ¹¢ÍºÍ¡àÅÂ˗Òĉ¹ª¹Ðáˉæ!$9#$e#%Ȥ³ºÍ¡â«àƯÂ˗ÒäˑƱ·Ò§чà¸Í¨ÐàÍÒª¹ÐȤ³#$e#à¸Í˷Òĉ¹ËÃÍ?$4",
"winter_Sat": "¢¹Áĉ¹ËÁ´á̅Ç ĉ¹˗Òĉ¹˵Í§ä»؛ÍàОÁ á̅Ç˕Ð¹Ð$3#$e#à¸ÍƱ¢¹Áŵ´ĕÇ ÁÒ˺Ò§ՁÂ?$1",
"winter_Sat4": "Ȥ³ÍÂÒ¡¨Ðğ§ àҳÍ§µÅ¡äËÁ? Ȥ³¨ÐàƳÂ¡ '¢¹Áчäˑãʺ¢Í§Ȥ³' ˗ÒÍÐäÃ?$1#$e#¢¹ÁԪ¹¹¹¹!$8#$e#µÍ¹׉ĉ¹ƋÇá̅Ç...$2",
"winter_Sat8": "à̎ Ȥ³ˉÐ! ħ¹׉ƱÍÐäÃÊȹ¡æ ǣà»˕Ò?$9#$e#àұÍà˪Ò׉ ĉ¹ä˴ˡÒÇˢÒÁƒ´ĸÒā´ ¢Í§¡ÒÃá˅§¤ÍÊà¾ÅΒ ä»á̅Ç äˑƱÍÐäÃÁÒ¢ÇÒ§ĉ¹ ä˴ƽ¡á̅Ç˕Ð!$1",
"winter_Sat10": "Ç-ħ¹׉ĉ¹ړǪ¡äˑʴÍÂƤˉÐ$2#$e#ÎÐ?$0#$e#%Ȥ³¡Í´â«àƯÂ#$e#¢-¢ÍºȤ³¹Ð$1#$b#ړՁÂ à¸Íàʛ¹¤¹чŇÒã̋ĉ¹ Ʊ¤ÇÒÁɊ¢µÅÍ´àÅÂ¹Ð ºÒ§ƧàÃÒˉÒ¨Ð...$2#$e#à݋ÂÇʴÍÂŤ´ƧËĥ§ÅÐā¹$1#$e#%Ȥ³¡Í´â«àƯÂ",
"winter_Sun": "Ç-ħ¹׉Á-ġ¹Ë¹ÒÇÁÒ¡æàÅÂ...$2",
"winter_Sun6": "ė¡ÉÐ¡ÒÃá˅§Ë˹Ò¢Í§ĉ¹ Ƥע¹ÁÒ¡àÅÂ! ¡ÒÃ˫ÍÁˊÍÂæ щġ¹Ƥ¨ƃ§æ$1#$e#Ե§á˅̂ÒÂàˢÒÁÒч ÊµÒΓŴÇáÇÅѕà¸Íä˴àƳÂ¹ړ ÍÐäÃρ§˕Ð?$1#$e#â̍! ˉÒѷ§ÁÒ¡àÅÂ¹Ð!$9",
"winter_Sun10": "ĉ¹Ť´ÁÒµÅÍ´àÅÂ¹Ð ˗Ò˶Òĉ¹ä»ÍԒчҽ¹ ġ¹¨Ðàʛ¹Ģ§ä§$1#$e#ġ¹ˉÒ¨Ð˵Í§Êȹ¡ÁÒ¡áˉæ àÅÂ$9",

//SOPHIA 7 HEART EVENT DIALOGUE
"sophia_event1": "¢-¢Íºã¨$1#$b#ĉ¹˵Í§àƳÂ¹ړЪ§ãËˑæ ƽ¡ÁÒ¡ÁÒÂ ã¹µÍ¹áÃ¡ġ¹ÂÒ¡ÁÒ¡ á˅...$2#$b#ĉ¹ړǪ¡àËȑÍ¹āº˗Ò ĉ¹ä˴àŵºâµע¹ àʛ¹ڌãËʽ¤¹Ëѹ§$1",
"sophia_event2": "ÍÒÇÇ Ȥ³щˉÒģ¡Ĉ§$9#$b#Ȥ³ʁړãʺäËÁ Ê¡ÒΓàÅµà¤Ââ·ÃËÒĉ¹ȷ¡æ ħ¹!#$b#ġ¹... ƤÁÒ¡àÅÂ ¡ÒÃчä˴Ʊ¤¹áººȤ³ÍԒã¡̅æ ˉÐ àȑÍ§á¡ÃÁàžÅĕ¹ ÍԒ˛Ò§¨Ò¡чщÁÒ¡¨ƃ§æ$2",
"sophia_event3": "Ȥ³¨ÐʺÇÂĉ¹¨ƃ§æ ËÃÍ?$1#$b#!!!$9",
"sophia_event4": "ȝÁ ª-ãʺá̅Ç...?$2#$b#ĉ¹¨Ðã̋äÇΉºɵɱ¹ (Blue Moon wine) чˊÁÁÒ¹Ò¹āºà¸Í¢Ç´Ǚ§˕Ð$2#$b#ȝÁ àÍÒ˕Ð ¢ÍºȤ³чʺÇÂĉ¹¹Ð$1#$b#!!!$9",
"sophia_event5": "ͭÍÍÍ ÍÐäÃчàÃÒš¹ā¹ àʛ¹»ÃÐĸÒԧ¹ËÃÍ?$1#$b#âÍà¤̳!$9",
"sophia_event6": "ÍÐäÃчŇÒã̋ѷ§ä»àÅÂԧ¹ËÃÍ? ä˴!$9",
"sophia_event7": "ĉ¹ÍÂÒ¡š¹á¾¹àˤ¡áÅÐáÎªºÃÒÇΉ!$1",
}
