{
  //SPECIAL DIALOGUE
  "patio_Sophia": "ƇÇ¨Ò¡ÃÐàƪÂ§ч¿ÒΓÁ %farm ¢Í§àÃÒʁÊÇÂàËȑÍ¹ƇÇ·ÐàÅ чÁÍ§¨Ò¡ä˓ÍӇ¹¢Í§àˤÒ àËȑÍ¹ā¹¹Ð ÊÇÂÁÒ¡æ àÅÂ á¶ÁԷ§ËÁ´ʁàʛ¹¢Í§àÃÒ˴ÇÂ$1",
  "spouseRoom_Sophia": "щæ !$4#$b#àˤÒıÒĥ§Ť´˗Ò¨Ð˝Ò¹ ¡ÒΓɥ¹àҳÍ§äË¹˅ÍƤ¹Ð$9#$e#ËȓÍàˤÒ¨Ð˝Ò¹àҳÍ§чˤÒ§ ÍԒã̋¨ºʱÍ¹Ƥ˹Ò!$1",
  "funReturn_Sophia": "ħ¹׉àˤÒŇÒ§Ò¹ä˴àÂÍÐàÅÂ˕Ð!$9#$e#àˤÒģ¡ĕÇàÍ§¹Ð$4#$b#*˚§ɘº*!!!$9",
  "funLeave_Sophia": "щ ĕÇàÍ§! ħ¹׉àˤÒ˵Í§ä»ŇÒȸÃÐ¹Ð$1#$b#àˤÒ¨ÐŤ´ǖ§ĕÇàÍ§¹Ð$9#$e#Ǵ¹׉ä»ËÒÍÐäÃҤÁч«Òɵ¹ā¹à¶ÍÐ! āÊƱäʱ¡ÃÍº«ÍÊ̊Á ɺµÃàȑÍ§á¡ÃÁàžÅĕ¹ ˴ÇÂ¹Ð!$1",
  "OneKid_0": "àˤÒäˑÍÂÒ¡¨ÐàҚÍàÅÂ˗Ò µÍ¹׉àÃÒƱɵ¡á̅ÇˉÐ @ ȷ¡Í˒Ò§à»ѕÂ¹ä» ÁÒ¡àËȕÍ§àš¹$9#$e#àˤÒƱ¤ÇÒÁɊ¢¨ƃ§æ чä˴ÍӢāºĕÇàÍ§¹Ð ¡ÒÃä˴Ʊ¤ÃÍº¤ģÇƽ¡¤Ճ§ ġ¹àђÂÁÁÒ¡àÅÂ$1",
  "OneKid_1": "%kid1 īÇàÃÒÐàނ¡̽Ò¡µÍ¹чàˤÒ ŇÒË˹ÒµÒāºàƺÂ§µÅ¡æ$9#$e#àˤÒģ¡ч˺Ò¹¢Í§àÃÒ ƱàƺÂ§īÇàÃÒÐÍԒµÅÍ´àÅÂ!$8#$e#%Ȥ³ɵºīÇâ«àƯÂ à¸Í֢Áã̋Ȥ³",
  "OneKid_2": "щ ĕÇàÍ§! àˤÒıÒĥ§¨Ðä»؛Í ¾Ç¡¢Í§ã̋àʔ¡˝Í¹ ч̃Ò¹ƫáÍΓ¹Ð$1",
  "OneKid_3": "%kid1 ıÒĥ§ÍÍ¡ä»à˕¹Ŵ¹ÍԒˢÒ§¹Í¡ ˵Í§ĈºÁÒÍÒºթÒËˉÍÂ$0#$e#àˤÒړǪ¡˗Òċ¡ħ¹Ëѹ§ %kid1 ¨Ð¡ÅÒÂàʛ¹ªÒÇä˓ àËȑÍ¹āº¾Ç¡àÃÒ$1",
  "TwoKids_0": "àˤÒÍÂÒ¡¨ÐàÍÒËÁÍ¹ ÁÒŇÒàʛ¹˻ÍÁ»ÃÒ¡ÒÃã̋ %kid1 āº %kid2 Ĉ§! ĕÇàÍ§Ť´˗Ò¾Ç¡à¢Ò ¨ÐÊȹ¡ä»āºġ¹äËÁ?$1#$e#àˤÒŤ´˗Òàʔ¡æ ˉÒ¨ÐªÍº¹Ð$9",
  "TwoKids_1": "àˤÒà¨Í %kid2 Ɂ´àˢÒɁ´ÍÍ¡ã¹ ֥¹Ċ¡Ȫ´¤ÍÊà¾ÅΒ¢Í§àˤÒ àұÍà˪Ò׉$0#$e#äˑáˉ˗Ò àұÍ %kid2 âµע¹ àÃÒÍÒ¨¨Ðä˴¤ÍÊ˴ÇÂā¹ʁä˴!$1",
  "TwoKids_2": "щ ĕÇàÍ§! àÃÒ¤ÇÃ¨Ð¾Ò %kid1 āº %kid2 ä»чÊÇ¹ÊÒ¸ÒÃ³Ð àȑÍ§à¾ƅá¡¹˺Ò§¹Ð$1#$b#ġ¹¨Ð˵Í§Êȹ¡ÁÒ¡áˉæ !$9#$e#¨ÐŻ¡Ź¡˴ÇÂʁä˴¹Ð! àʛ¹ˢÍ̍Ò§чƤ ã¹¡ÒÃš¹¢¹ÁàÅÂ˕Ð!$1",
  "TwoKids_3": "%kid1 āº %kid2 àˢÒā¹ä˴ƤàÅÂ$1#$e#¾Ç¡àÃÒ˵Í§ŇÒã̋áˉã¨˗Ò ¾Ç¡à¢ÒԷ§Ӵ ړǪ¡ä˴ǖ§¤ÇÒÁģ¡! äˑÍÂÒ¡¨Ðã̋ã¤Ã¤¹Ëѹ§ ƍ¨©Òƽ¡¤¹ˉÐ$1",
  
  //SEASONAL DIALOGUE
  "spring_1": "ĕÇàÍ§ä˴¡Х¹ÅÐÍÍ§à¡ÊÃ áÅÐթÒËÇÒ¹ã¹ÍÒ¡ÒÈäËÁ!? Äɤãºä́¼ƅÁÒá̅Ç!$1#$e#à݋ÂÇàˤÒ¨Ð˵Í§áÇÐä»ч ä˓ÍӇ¹ËˉÍÂÅÐ ¨Ð˵Í§ŇÒÃÐá¹§ÍӇ¹á̅Ç˕Ð!$9#$b#¢Íã̋ħ¹׉ĕÇàÍ§âª¤Ƥ¹Ð ¤¹̪Í§ ġ¹¨Ð˵Í§àʛ¹ħ¹чӢ§áˉæ ä̇Ǵ¹׉¨Ð¡Í´ĕÇàÍ§ ã̋ÁÒ¡àʛ¹žàÈÉ¹Ð!$1",
  "spring_13": "àˤÒĢ§¤§ā§ÇÅàÇÅÒч ˵Í§ÍԒˇÒÁ¡ÅÒ§ɭ§ª¹ÍԒ...$2#$e#¾-¾Ç¡àÃÒĈºȑÍā¹ ã¹§Ò¹à·È¡ÒÅä˴äËÁ?$4",
  "spring_24": "¾Ç¡àÃÒäˑ˵Í§ä»§Ò¹ à˵¹œÒ´Í¡ä́ʁä˴¹Ð àˤÒäˑãʺ¤¹чªÍº... ¡ÒÃà˵¹$2#$e#ºÒ§ƧǴ¹׉àˤÒÍÒ¨¨Ð à˵¹āºĕÇàÍ§ÊÍ§¤¹?$4",
  "spring_28": "àš´ÍÐäÃע¹āº Äɤãºä́¼ƅàщÂ? ġ¹ËÁ´Äɤá̅Ç̍Ð!$5#$e#Ë˹Ò̃Í¹׉ àÃÒˉÒ¨Ðä»ªÒÂËÒ´ā¹¹Ð!$1",
  "summer_1": "щ ĕÇàÍ§! щǴÍħ¹áÃ¡áÅÐħ¹чӢ§ чɊ´¢Í§Äɤ! ¢Íã̋ħ¹׉ĕÇàÍ§âª¤Ƥ¹Ð!$9#$e#Ǵ¹׉àˤÒ¨ÐŇÒÍÒËÒÃϔÒã̋¹Ð äˑ˵Í§˛Ç§$1",
  "summer_11": "ĕÇàÍ§Ť´ÍÍ¡ǣĢ§˗Ò ħ¹׉¨ÐàÍÒÍÐäÃã˚Å§ä» ã¹Ë́Íá˛§âª¤ ¢Í§à·È¡ÒÅĥÇΓ?$1#$e#àˤÒ¨Ðà·äÇΉºɵɱ¹Å§ä»ã¹Ë́Í¢Í§ڌãËʽ˕Ð!$1",
  "summer_28": "ȝÁ Ǵ¹׉ĕÇàÍ§ÍÂÒ¡¨Ð ɤáÁ§¡Ð¾Ƀ¹¾Ç¡Թ¹äËÁ? àÃÒĈºȑÍā¹чˇÒàȓÍʁä˴¹Ð$4#$e#...ĕÇàÍ§Ť´˗ÒáÁ§¡Ð¾Ƀ¹ ˅ÍÂäËÁ?$0",
  "fall_1": "ŚÒËģºàˤÒÄɤãºä́˓Ç§ ¨ÐˉÒҥ¹à˵¹àËȑÍ¹Í˒Ò§à¤Â! àˤÒ¨ÐàʁºàбÂÇÍӇ¹Է§ËÁ´$1#$e#â̍Ð-â̍! äˑàʛ¹äÃ ĕÇàÍ§ĸÒàʛ¹¨Ð˵Í§ã˚ã¨āº §Ò¹¢Í§ĕÇàÍ§ã¹¿ÒΓÁ׉ àˤÒ¨ÐŤ´ǖ§ĕÇàÍ§¹Ð$9",
  "fall_4": "ħ¹׉àʛ¹ħ¹ч ˎÍāºáˑ¢Í§àˤÒ¨Ò¡ä»...$6#$b#¤- àˤÒâ´´àфÂÇÁÒ¹Ò¹àËȕÍàš¹ ¨¹ȕÁä»á̅Ç˗Ò ¡ÒÃƱ¤ÃÍº¤ģÇġ¹àʛ¹Ģ§ä§$12#$e#¢ÍºȤ³чÍԒµÃ§׉àҮÍàˤÒ ã¹ħ¹׉¹Ð$13#$e#%â«àƯÂıÒĥ§̃Í§ä̋#$e#%Ȥ³¡Í´â«àƯÂ à¸Í֢Áã̋Ȥ³",
  "fall_16": "ħ¹׉Ʊ§Ò¹áÊ´§Ɗ¹ˤÒ˕Ð! àˤÒړ¹Ð˗ÒĕÇàÍ§¨Ð˵Í§ª¹Ð ȷ¡¤¹¢Ò´ÅÍÂä»àÅÂ!$9#$e#àˤÒ¨ÐàÍÒäÇΉˊÁɺµÃãËˑ ä»ÍÇ´˕Ð$1",
  "fall_27": "щǴÍħ¹ËÅÍ¡ËÅÍ¹! ڗÇÇÇÇÇ! â̇ÇÇ!$9#$e#àˤÒÍÂÒ¡ړĈ§˗Ò ƫ׉à¢ÒÇ§¡µ¨Ðà»ѕÂ¹ä» ˺Ò§äËÁ¹Ð$1",
  "fall_28": "ºȓëÍÍÍ... Ë¹ÒÇĈ§àÅÂ Ǵ¹׉ƋÁÐˉÒ¨Ðµ¡Å§ÁÒ àÂÍÐàÅÂ˕Ð$2#$b#ę¡¾ÂÒ¡Ã΃ÍÒ¡ÒÈã¹ƧƷ ºÍ¡ä̇áººԹ¹!$1#$e#ĕÇàÍ§ʁړ ¡ÒÃ¡Í´àʛ¹ƇƨчƤ ã¹¡ÒÃŇÒã̋˓Ò§¡ÒÂÍºӭ¹...$4#$e#%â«àƯÂŇÒáÇÇµÒƇºħº",
  "winter_1": "àұÍǴ¹׉ƋÁÐµ¡Ëę¡ÁÒ¡àÅÂ! ÁÍ§ÍÍ¡ä»ˢÒ§¹Í¡Ɗ!$5#$e#Ǵ¹׉¾Ç¡àÃÒˉÒ¨Ð ¡Í´ā¹Ë˹ÒàµÒż§¹Ð ºÒ§ƧÍÒ¨¨ÐŇÒ ʊÍ¡â¡áÅµ̃Í¹˴ÇÂ?$4",
  "winter_8": "àˤÒړǪ¡ä˴! ĕÇàÍ§¨Ð˵Í§ª¹Ð¡ÒÃáʲ§Ă¹ µ¡»ÅÒã¹ħ¹׉!$1#$e#˶ÒĕÇàÍ§ª¹Ð˕Ðʁ - Ǵ¹׉¨Ð¡Í´ĕÇàÍ§ ÁÒ¡ע¹àʛ¹žàÈÉ...$4",
  "winter_25": "Ɋ¢Ī¹΅ħ¹´Ç§´ÒÇÄɤË¹ÒÇ¹Ð ¤¹̪Í§ àˤÒª§¡Òá¿ã̋ĕÇàÍ§˴ÇÂ! áººчĕÇàÍ§ªÍºι¹áËÅÐ! [395]$4#$e#ºÍ¡ã̋àˤÒړµÍ¹ч ĕÇàÍ§ÍÍÂÒ¡¨ÐàˢÒä»ã¹àȑÍ§ ˴ÇÂ¹Ð$4#$e#â̍ ȝÁ ĕÇàÍ§¨Ðä˴ģº¢Í§¢ħ­ 'žàÈÉ' ƧËĥ§$4#$e#ˑÒÂÂÂ ġ¹äˑãʺÍÐäÃчĕÇàÍ§ àŻ´à¨ÍËÃÍ¡ à݋ÂÇĕÇàÍ§ʁړàÍ§áËÅÐ Ť´˗ÒĕÇàÍ§ˉÒ¨ÐªÍº¹Ð!$4",
  "winter_28": "àˤÒàƺÂã¨чƋÁÐ äˑÍԒāºàÃÒá̅Ç àˤÒ¨Ð˵Í§Ť´ǖ§µÍ¹ч ˵Í§ϲÒáÃ§æ àÇÅÒàŴ¹ã¹ƋÁÐáˉàÅÂ$2#$e#%Ȥ³ɵºīÇâ«àƯÂ",
  
  //DAY DIALOGUE
  "Indoor_Day_0": "̍Ð ĕÇàÍ§! ÍɃ³ÊħÊڴ ËĥºÊºÒÂǣà»˕Ò?$1#$e#ıÒĥ§Ť´àҳÍ§чàÃÒÍÒ¨¨Ðä˴ ÅÍ§¤ÍÊà¾ÅΒȪ´ãËˑ˴ÇÂā¹!$9",
  "Indoor_Day_1": "*ËÒÇÇ* àˤÒĢ§ʷÇ§ÍԒàÅÂ$2#$e#¢Íã̋àʛ¹ħ¹чƤ¹Ð ¤¹̪Í§$1#$e#â̍ àˤÒȕÁä»ä˴Ģ§ä§ā¹˹Ò?$4#$b#*ܖº*!!!$9",
  "Indoor_Day_2": "à˒! ã¹чɊ´ĕÇàÍ§ʁҥ¹á̅Ç!$9#$e#ÍÂÒ¡¨Ðä˴ÍÐäÃ àʛ¹ÍÒËÒÃà˪Òǣà»˕Ò?$1",
  "Indoor_Day_3": "˶ÒĕÇàÍ§¨ÐÍÍ¡ä»ˢÒ§¹Í¡ ؛Í¢¹Áš¹à˕¹¨Ò¡ ̃Ò¹ƫáÍΓã̋ËˉÍÂä˴äËÁ?$1#$e#àˤÒģ¡¾Ç¡ġ¹Ɋ´æ ä»àÅÂ!$9",
  "Indoor_Day_4": "щ ĕÇàÍ§! àˤÒŇÒ¡Òá¿ã̋àÃÒԷ§Ӵ˕Ð[395]$4#$e#Ëħ§˗Òħ¹׉ĕÇàÍ§¨Ð ŇÒ§Ò¹ä˴ÃÒºҳ¹¹Ð ¤¹̪Í§!$1", 
  "Outdoor_0": "àˤÒªÍºÍÒ¡ÒÈÊ´Қ¹µÃ§׉Ĉ§ àˤÒل¹à¤ÂāºÅÁ·ÐàÅ чĞ´àˢÒÁÒ¨Ò¡ÁËÒÊɁ·Ã$0",
  "Outdoor_1": "ʺÒ§àʛ¹ħ¹чàËÁÒÐāº ¡ÒÃ˝Ò¹Ëę§ȚÍ ¹Í¡˺Ò¹Ĉ§àÅÂ! Ê´ãÊàËȕÍàš¹$1",
  "Outdoor_2": "àÃÒˉÒ¨Ðà»ѕÂ¹¾Ç¡¼Åä́ чĕÇàÍ§»ɵ¡Է§ËÁ´ ã̋¡ÅÒÂàʛ¹äÇΉ¹Ð! ĕÇàÍ§Ť´˗Òġ¹àʛ¹¤ÇÒÁŤ´чƤ ËȓÍà»˕Ò?$9",
  "Outdoor_3": "Í˒Òī¡âËÁ˕Ð ¤¹̪Í§ ˶ÒÍÂÒ¡¨ÐĞ¡ÁÒ¡Í´ā¹ ʁáʴºÍ¡¹Ð$1#$e#*ܖº*$9",
  "Outdoor_4": "щ ĕÇàÍ§! ħ¹׉ƱÍÐäÃÊȹ¡æ ˺Ò§äËÁ?$1#$e#ڝÇÇÇÇ ğ§ɤŚÒĄ­Ĉ§!$8",
  "Rainy_Day_0": "½¹µ¡˕Ð! ã¹ħ¹áºº׉ àˤÒÍÂÒ¡¨Ðȫ¡ĕÇã˵˼Ò˛Á á̅ÇɤÍŹàÁÐĈ§àÅÂ$1#$e#â̍! á̅ÇʁËϱÒ¢¹Á˴ÇÂ!$9",
  "Rainy_Day_1": "щ ĕÇàÍ§ ħ¹׉àʛ¹ħ¹½¹µ¡ƽ¡ħ¹˕Ð!$1#$e#à¢ƂºàˢÒÁÒã¡̅ƽ¡Ź´Ǚ§Ɗ ¤¹̪Í§$4#$e#*ܖº*$9",
  "Rainy_Day_2": "àˤÒÊ§ĪÂĈ§˗Ò ħ¹׉àÎƵΒıÒĥ§ŇÒÍÐäÃ? àˤÒÍÒ¨¨Ð˚§ˢÍ¤ÇÒÁä»ËÒĕÇàÍ§˕Ð$1",
  "Rainy_Day_3": "àÃÒˉÒ¨ÐÍԒˢÒ§ã¹ā¹Է§ħ¹¹Ð ɤËę§á̅Çʁš¹¢¹Á!$9#$e#̅Íà˕¹ˉÒ ¤¹̪Í§$1#$e#ÍÐ-ؽÁ! Â¡à̇¹˗ÒĕÇàÍ§ʁÊ¹ã¨!? ԧ¹àÃÒÁÒŇÒáººԹ¹ā¹à¶ÍÐ!$5",
  "Rainy_Day_4": "¹-щ ĕÇàÍ§ĸÒµÍ¹чĕÇàÍ§à¨ÍàˤÒ ̃Í§ä̋ÍԒ¡ÅÒ§ÊÒÂ½¹ä˴äËÁ? àˤÒƤã¨¹ÐчĕÇàÍ§ÍԒчι¹ ã¹ħ¹Թ¹...$2#$b#¤ÇÒÁ·Ã§ĸÒԹ¹¨Ðàʛ¹ Ъ§чƱʴÒчɊ´¢Í§àˤÒµÅÍ´ä»$1#$e#%Ȥ³ɵº¼Áâ«àƯÂ à¸Í֢Áã̋Ȥ³",
  
  //NIGHT DIALOGUE
  "Indoor_Night_0": "ħ¹׉ĕÇàÍ§ŇÒ§Ò¹«Ð¨¹ ¾ÅÒ´àÇÅÒš¹ˢÒÇàʢ¹àÅÂ¹Ð! ÍÂÒ¡š¹ÍÒËÒÃчàËȕÍä̇ՁÂ?$1#$e#ƎƎ! ˝Ðщ ¤¹̪Í§![727 231 207 199]$9",
  "Indoor_Night_1": "*â¤Ã¡* ˷Í§˹ÍÂæ щ¾ÂÒÂÒÁė¡·ÒÂàˤÒƽ¡á̅Ç$2#$e#à݋ÂÇʱÍ¹ àˤÒŤ´˗ÒàˤÒàˢÒã¨ġ¹¹Ð ġ¹ıÒĥ§ºÍ¡˗Ò... ǖ§àÇÅÒ¢Í§˗Ò§á̅Ç?$1",
  "Indoor_Night_2": "àˤÒà¤ÂÍÒĨÂÍԒã¹˺Ò¹ˎÍáˑ ÁÒ¹Ò¹ÁÒ¡æ ġ¹áÍºˉÒ¡ĥÇŹ´ËˉÍÂˉÐ µÍ¹ÍԒµÃ§Թ¹¤¹àƤÂÇ ã¹µÍ¹ч˿Òȑ´á̅Ç$0#$b#ËÅÒÂ˅ÍËÅÒÂǴ¹àÅÂ˕ÐчàˤÒ ¹Í¹äˑËĥº...$2#$e#á˅µÍ¹׉àˤÒ¡ĥºԵ§Ë˹ÒԵ§µÒ ÃÍ¤ÍÂã̋¾ÃÐÍÒŷµΒµ¡Ŵ¹ àʛ¹ˢÍ̍Ò§ã̋ÍԒã¡̅æ ĕÇàÍ§ä§$1#$e# щ ÍÂÒ¡¨Ð¹Í¹¡Í´ā¹ՁÂǴ¹׉?$4",
  "Indoor_Night_3": "*ËÒÇ* ʷÇ§ÁÒ¡¡¡àÅÂ àˤÒÍÂÒ¡ä»¹Í¹á̅Ç @?$1#$e#¢Íä»˝Ò¹¡ÒΓɥ¹ чàƥÂ§˅Íƽ¡Ź´ ġ¹ıÒĥ§ÍԒã¹ʺÇ§ä¤ΕáÁ¡ͻàÅÂ!$9",
  "Indoor_Night_4": "àˤÒĕ´Ɗ¹ã¨äˑä˴àÅÂ˗Ò ¨Ðã˪ħÊȴ֊¹äË¹ƤŚÒËģº Ȫ´¤ÍÊà¾ÅΒчàˤÒıÒĥ§ŇÒÍԒ$0#$e#ȝÁÁ àˤÒ¨ÐÅÍ§ä»¶ÒÁàÍƁѕÅÐā¹ à¸Í¶ę´àҳÍ§׉ÍԒá̅Ç!$1",
  "Rainy_Night_0": "щ ĕÇàÍ§! àˤÒƋÇ¢Í§ËÇÒ¹ÁÒ¡ħ¹׉ àˤÒàÅÂŇÒ¢¹ÁÁÒ˕Ð![232 234 223 220]$1#$e#*ܖº*$9",
  "Rainy_Night_1": "àʛ¹ºÃÃÂÒ¡ÒÈчàËÁÒÐāº ¡ÒÃ¹Í¹¡Í´ā¹ÁÒ¡...$4#$e#ä̇à¨Íā¹чàƥÂ§¹Ð ¤¹̪Í§?$4",
  "Rainy_Night_2": "àˤÒɤÍŹàÁÐчɤԵ§á˅àұÍà˪Ò ¨ºá̅Ç¹Ð...$9#$e#ġ¹àʛ¹ÀÒ¤˒ÍÂˉÐ Ʊáʴ5µÍ¹àÍ§...$0#$b#àˤÒËħ§˗Òà¢Ò¨ÐŇÒàОÁ¹Ð!$1",
  "Rainy_Night_3": "â̍ Ƥã¨ч¡ĥºÁÒĪ¡Ƨ! àˤÒŤ´ǖ§ĕÇàÍ§ÁÒ¡àÅÂ$1#$e#*ËÒÇ* ¨Ðä»¹Í¹á̅ÇàËÃÍ? àˤÒàО§ċ¡Ȫ´˼Òɫч¹Í¹ä» ġ¹àÅÂËÍÁáÅÐәÁ ÁÒ¡àÅÂ˕Ð$0",
  "Rainy_Night_4": "щ ¤¹̪Í§! àˤÒŇÒˢÒÇàʢ¹ä̇ µÍ¹ĕÇàÍ§ÍÍ¡ä»ˢÒ§¹Í¡áˉÐ! [727 231 207 199]$1",
  
  //AFFECTION DIALOGUE
  "Good_0": "àˢÒÁÒã¡̅æ ËˉÍÂƊ @$4#$e#ã¡̅¡˗ÒԹ¹ƽ¡...$4#$e#*ܖº*$9!!!#$b#ģ¡¹Ð!$9",
  "Good_1": "µÍ¹áÃ¡àˤÒŤ´˗Ò ġ¹ˉÒ¨ÐÂÒ¡¾ÍĕÇ ч¨ÐɤáÅä˓ÍӇ¹ºɵɱ¹ á˅¾ÍàÍÒàˢÒ¨ƃ§æ ʁäˑä˴ŕÒºÒ¡¢¹Ò´Թ¹¹Ð$1",
  "Good_2": "àˤÒà¤ÂŤ´ÁÒâ´ÂµÅÍ´àÅÂ˗Ò àˤÒ˵Í§ÍԒĕÇ¤¹àƤÂÇ µÒÁŕÒĞ§ä»µÅÍ´ƚƇµáˉæ$2#$b#àˤÒƤã¨¹ÐчàÃÒä˴ģ¡ā¹ ¤¹̪Í§$1#$e#*ܖº*$9",
  "Good_3": "ˉÐ-щ µÍ¹Å§àËȑÍ§ˉÐ ÃÐħ§ĕÇ˴ÇÂ¹Ð âÍà¤ՁÂ? àˤÒŤ´äˑÍÍ¡àÅÂ˗Ò àˤÒ¨ÐŇÒĢ§ä§˅Íä» ˶Òàš´ÍÐäÃע¹āºĕÇàÍ§$2#$e#Ȥ³ºÍ¡â«àƯÂ˗Òäˑ˵Í§ā§ÇÅ à¸Í֢Áã̋āºȤ³",
  "Good_4": "щ ĕÇàÍ§! Ǵ¹׉ÍÂÒ¡¨ÐŨºäÇΉºɵɱ¹ ˴ÇÂā¹äËÁ?$1",
  "Good_5": "äˑ˵Í§˛Ç§àˤÒ¹Ð ¤¹̪Í§! ä»ŇÒÍÐäÃчĕÇàÍ§˵Í§ŇÒà¶ÍÐ¹Ð!$9#$e#ÍԒµÃ§׉àˤÒʁÊºÒÂƤ¹Ð$1",
  "Good_6": "à݋ÂÇàˤÒ¨Ð̂ÍÁ¼Áƽ¡! ºÒ§ƧàˤÒˉÒ¨Ðà»ѕÂ¹ƺ¹Ð?$1#$e#ȝÁÁ... äˑ˕Ð àˤÒã̋ġ¹àʛ¹ƺ 'ªÁɮÊÒÂäËÁ' áºº׉áËÅÐƤá̅Ç!$9",
  "Good_7": "à̎ à̎! ȝÁ ˗Ò§ċ¡á»»ՁÂ˝Ð?$1#$e#ʁáʴ... ÍÂÒ¡¨ÐºÍ¡˗Ò àˤÒɰƁã¨ã¹ĕÇĕÇàÍ§ÁÒ¡àÅÂ¹Ð ȷ¡Í˒Ò§чĕÇàÍ§ŇÒàÅÂ$9#$b#àˤÒªÍºƚƇµч àÃÒàУÁ˵¹ġ¹˴ÇÂā¹ÁÒ¡àÅÂ... ġ¹àËȑÍ¹āºàʛ¹ ÊÇÃÃʹƇàÈÉàÅÂ˕Ð$1#$b#¾Ç¡àÃÒÁÒÍԒàҮÍ ā¹áÅÐā¹µÅÍ´ä»ā¹à¶ÍÐ¹Ð!$9",
  "Good_8": "ċ¡ħ¹Ǚ§ ¾Ç¡àÃÒˉÒ¨Ðä»§Ò¹¤ÍÊà¾ÅΒ ã¹àȑÍ§ɛɛā¹˺Ò§¹Ð! ĕÇàÍ§¨Ð˵Í§ģ¡ġ¹áˉæ !$1",
  "Good_9": "*ıÒĥ§ĮÁà¾Å§ÍԒ¤¹àƤÂÇ*$9#$e#â̍! ˗Òä§ ĕÇàÍ§!$1",
  "Neutral_0": "щ! Ê¡ÒΓàʥµıÒĥ§¨ÐÁÒ˕Ð ĕÇàÍ§âÍà¤ãʺäËÁ?$1#$e#ĕÇàÍ§àђÂÁчɊ´àÅÂ!$9",
  "Neutral_1": "ä̇ɤÍŹàÁÐ˴ÇÂā¹äËÁ? àˤÒ¨ÐŇÒ¢¹Áä̇š¹à˕¹ àÍ§àÅÂ¹Ð!$1",
  "Neutral_2": "щ ĕÇàÍ§ àˤÒ¨ÐŇÒ¤ÇÒÁÊÐÍÒ´˺Ò¹˕Ð ħ¹׉àщÂáËÅÐ$1",
  "Neutral_3": "ä˓ÍӇ¹ºɵɱ¹ˉÐ ä»ä˴ÊÇÂàÅÂ¹Ð ġ¹ÍÂÒ¡Ź´ËˉÍÂ ч¨ÐºƃËÒÃä˓ÍӇ¹¨Ò¡чщ á˅àˤÒäˑÊ¹ã¨ËÃÍ¡$1",
  "Neutral_4": "@ ĕÇàÍ§ÍÂÒ¡¨ÐÍԒч ÊµÒΓŴÇáÇÅѕ ¨¹ħ¹Ɋ´˷ÒÂ¢Í§ƚƇµ àÅÂǣà»˕Ò?$0#$e#àˤÒıÒĥ§Ť´˗Ò ºÒ§ƧËĥ§¨Ò¡׉ àÃÒÍÒ¨¨Ð̂ÒÂä»чҽ¹ ÍÒ¨¨Ðàʛ¹чËԑà¡ÒÐàſΓ¹?$1#$e#ä̇àÃÒʴÍÂȤÂàбÂÇāºàҳÍ§׉ ā¹ƧËĥ§ʁä˴ àʣÇæ ׉àˤÒĢ§äˑÍÂÒ¡¨Ð ̂ÒÂä»чäË¹ËÃÍ¡!$9",
  "Neutral_5": "ÊħÊƤ ¤¹̪Í§ ¾ÂÒÂÒÁŇÒ§Ò¹àˢÒ¹Ð!$1#$e#àˤÒàʛ¹ıÒĥ§ã¨ã̋ĕÇàÍ§ ÍԒàÊÁÍι¹áËÅÐ$9",
  "Neutral_6": "ĕÇàÍ§ړäËÁ àˤÒړǪ¡àËȑÍ¹āº˗Ò ˎÍáˑ¢Í§àˤÒ¨Ð˵Í§ɰƁã¨ ã¹ĕÇ¢Í§àˤÒáˉæ ˶Ò¾Ç¡à¢Òä˴ÁÒàʫ¹ ƚƇµ¢Í§àˤÒã¹µÍ¹׉$1#$e#Ȥ³ԋ¢Í§ĕÇàÍ§ʁàËȑÍ¹ā¹$1",
  "Neutral_7": "ȝÁÁÁ à˕ÒàҳÍ§Թ¹ã̋àˤÒğ§ƽ¡ÃÍº¹Ð àҳÍ§ч˗Ò ĕÇàÍ§ä˴ỄÍÂ¤Í¢Í§¹Ò§àǷÍ¡ (mermaid pendant) ÁÒä˴Ģ§ä§ˉÐ !$1#$e#Ƈ­­Ò¹чªÒÂËÒ´µ¹Թ¹! ˉÒ¡ĥÇɊ´æ ä»àÅÂ!$9",
  "Neutral_8": "*ËÒÇÇ* ¤-àˤÒäˑړ˗ÒŇÒäÁ ħ¹׉àˤÒǖ§... *ËÒÇÇ* ʷÇ§Ĉ§àÅÂ$2#$e#àˤÒ˗Ò¨Ðä»Ɨºċ¡ËˉÍÂ$1",
  "Neutral_9": "à̎! àʛ¹Í˒Ò§чĕÇàÍ§àʛ¹ã¹µÍ¹׉ µÅÍ´ä»àÅÂ¹Ð âÍà¤äËÁ?$9",
  "Bad_0": "@... ĕÇàÍ§Ģ§ģ¡àˤÒÍԒäËÁ?$2#$e#...$2#$e#ª-ʺÒ§ġ¹à¶ÍÐ ħ¹׉àˤÒʁáʴ... ړǪ¡á˒ÁÒ¡ˉÐ$6#$e#%â«àƯÂī¹Ë˹ÒËƩȤ³",
  "Bad_1": "àұÍǴ¹׉ ¤-àˤÒĝ¹̃ÒÂ àбÂÇāºˎÍáÅÐ¢Í§àˤÒ$6#$e#àˤÒâÍà¤ ġ¹ʁáʴºÒ§Í˒Ò§чàš´ע¹āºàˤÒ Ե§á˅àұÍʱÍ¹ι¹áËÅÐ$6#$e#...$12#$e#%Ȥ³¡Í´â«àƯÂ",
  "Bad_2": "ƽ¡äˑбħ¹ àˤÒƱę´āºËÁÍ¹Ð...$2#$e#àˤÒäˑÍÂÒ¡ä»àÅÂ$6#$e#%Ȥ³ºÍ¡â«àƯÂ˗Òȷ¡Í˒Ò§¨ÐâÍà¤",
  "Bad_3": "àˤÒ»Ç´˷Í§...$2#$e#àˤÒŤ´˗Ò àˤÒš¹¢¹ÁÁÒ¡ä»$3",
  "Bad_4": "ʺÇ§׉ĕÇàÍ§äˑʴÍÂÍԒ˺Ò¹àÅÂ¹Ð...$2#$e#àˤÒä˴ŇÒÍÐäÃż´ä»ǣà»˕Ò?$2",
  "Bad_5": "щ... ¾ӣ§׉àˤÒ¨ÐÍÍ¡ä»àчÂÇāºƇ¤àµÍΓ$0#$e#¾Ç¡àÃÒ¨Ðä» ŇÒÍÐäÃā¹ԧ¹ËÃÍ? äˑãʺàҳÍ§¢Í§ĕÇàÍ§щ$3#$e#%â«àƯÂī¹Ë˹ÒËƩȤ³",
  "Bad_6": "äˑãʺµÍ¹׉ àˤÒäˑä˴Ʊ¤ÇÒÁɊ¢ µÍ¹ÍԒāºĕÇàÍ§$3#$e#ĕÇàÍ§¤ÇÃ¨ÐŇÒ¤ÇÒÁÊÐÍÒ´ÃÍºæ ˺Ò¹ã̋ÁÒ¡¡˗Ò׉ àˤÒäˑãʺ¤¹ģºã˪¢Í§ĕÇàÍ§¹Ð$3",
  "Bad_7": "¢-¢Íâ·É¹Ð @ µÍ¹׉Ģ§äˑÍÂÒ¡¨ÐȤÂˉÐ$2#$e#àˤÒºÍ¡˗ÒäˑãʺµÍ¹׉ä§ Ëɂ´Ãº¡Ç¹àˤÒä˴á̅Ç¹Ð!$3#$e#%â«àƯÂıÒĥ§àƁ¹Ȥ³ÍԒ",
  "Bad_8": "µ-ĕÇàÍ§Ť´˗Ò àˤÒŵ´ĕÇàÍ§ ÁÒ¡àš¹ä»ǣà»˕Ò?...$2#$e#...$2#$e#%Ȥ³¡Í´áÅÐɵºīÇâ«àƯÂ à¸Í֢Áã̋Ȥ³",
  "Bad_9": "Á-àұÍà˪Ò׉ àˤÒËÒÂã¨ŕÒºÒ¡ÁÒ¡...$2#$b#¤-àˤÒâÍà¤...$6#$e#%Ȥ³¡Í´â«àƯÂ"
}
