 {
		"Rainy_Day_0": "à̎ чģ¡#$e#ħ¹׉½¹µ¡äˑȕÁɻȕÁµÒàÅÂ ɤáÅĕÇàÍ§ Í˒Òã̋àƫÂ¡˴ÇÂ˕Ð!#$e#¼ÁäˑÍÂÒ¡ã̋Ȥ³Ĉºäˢ",
		"Rainy_Day_1": "ÍɃ³ÊħÊڴ чģ¡#$e#¼Áª§¡Òá¿ä̇ã̋Ȥ³˴ÇÂ àҮÍã̋Ȥ³Íºӭ¹Ģ§ä§˕Ð! [395]",
		"Rainy_Day_2": "â̍... à̎ чģ¡#$e#¼ÁàО§¨Ð ÁÍ§ÍÍ¡ä»¹Í¡˺Ò¹... ɤàËȑÍ¹ħ¹׉½¹¨Ðµ¡¹Ð#$e#¼ÁËħ§˗ÒȤ³¨Ðäˑ˗ÒÍÐäÃ ˶Ò¼ÁÍԒá˅ã¹˺Ò¹",
		"Rainy_Day_3": "*¶Í¹ËÒÂã¨*... ÊħÊƤ @ ½¹µ¡ƽ¡á̅Ç#$e#¼Á¨ÐÍԒá˅ã¹˺Ò¹ á̅Çğ§à¾Å§ºɵΚ ċ¡ËˉÍÂá̅Çā¹ âÍà¤ãʺäËÁ?",
		"Rainy_Day_4": "ÍɃ³ÊħÊڴ¤ģº áˡÇµÒ´Ç§ã¨¢Í§¼Á#щ ¼ÁŇÒÍÒËÒÃà˪ÒáʸÁæ ã̋Ȥ³ ˴ÇÂã¨¢Í§¼ÁàÅÂ¹Ð [194 195 210 211 216]#$e#˶ÒȤ³ıÒĥ§ÇÒ§á¼¹¨Ð ÍÍ¡ä»ˢÒ§¹Í¡ã¹µÍ¹׉ Ȥ³¨Ð˵Í§¡ÒÃġ¹áˉæ ˕Ð!",
		"Rainy_Day_Clint": "à̎ чģ¡#$e#ħ¹׉½¹µ¡äˑȕÁɻȕÁµÒàÅÂ  ɤáÅĕÇàÍ§ Í˒Òã̋àƫÂ¡˴ÇÂ˕Ð!#$e#¼ÁäˑÍÂÒ¡ã̋Ȥ³Ĉºäˢ",
		"Rainy_Night_0": "ÊħÊƤ @ ɤàËȑÍ¹ˢÒ§¹Í¡¨ÐƱ¾Òɂ¹Ð ãʺՁÂ?#$e#¼ÁƤã¨Ĉ§ чµÍ¹׉Ȥ³ÍԒ˺Ò¹",
		"Rainy_Night_1": "чģ¡ Ȥ³àƫÂ¡âª¡àÅÂ! Ȥ³¨Ð˵Í§Ë¹ÒÇÁÒ¡áˉæ !#$e#ÁÒщƊ ã̋ÍÒËÒÃע¹ҚÍ¢Í§¼Á¨Ò¹׉ ŇÒã̋Ȥ³Íºӭ¹ע¹ċ¡ËˉÍÂ! [199]",
		"Rainy_Night_2": "*¶Í¹ËÒÂã¨*... ¼ÁËħ§˗Ò¾ӣ§׉àÃÒ¨Ðä˴àʫ¹ áÊ§ÍÒŷµΒ˺Ò§¹Ðчģ¡!#$e#ħ¹½¹µ¡ ġ¡¨ÐŇÒã̋¼ÁړǪ¡ËÁÍ§æ µÅÍ´àÅÂ",
		"Rainy_Night_3": "à̎ ɤƊ˗Òã¤Ã¡ĥº˺Ò¹á̅Ç!#$e#ħ¹׉¼ÁĈ´ÃÐàƪÂº à¾Å§ºɵΚ¢Í§¼ÁãËˑ˕Ð чģ¡#$e#¼ÁäˑʴÍÂÍÂÒ¡¨Ð ÍÍ¡ä»ˢÒ§¹Í¡µÍ¹ч ½¹ι¹Ģ§µ¡ÍԒċ¡àˇÒäË˓",
		"Rainy_Night_4": "ħ¹׉¢Í§Ȥ³àʛ¹Ģ§ä§˺Ò§˕Ð áˡÇµÒ¢Í§¼Á? ¼ÁËħ§˗ÒȤ³¨Ðäˑä˴ ĈºäˢÁÒ¨Ò¡ ˢÒ§¹Í¡ι¹¹Ð!#$e#ÍÐщ ҤÁ¡Òá¿āº¼ÁĪ¡áˡÇƊ! [395]",
		"Rainy_Night_Clint": "ħ¹׉¢Í§Ȥ³àʛ¹Ģ§ä§˺Ò§˕Ð áˡÇµÒ¢Í§¼Á? ¼ÁËħ§˗ÒȤ³¨Ðäˑä˴ ĈºäˢÁÒ¨Ò¡ ˢÒ§¹Í¡ι¹¹Ð!#$e#ÍÐщ ҤÁ¡Òá¿āº¼ÁĪ¡áˡÇƊ! [395]",
		"Indoor_Day_0": "ÍɃ³ÊħÊڴ чģ¡#$e#àұÍǴ¹Ȥ³ËĥºÊºÒÂǣà»˕Ò?#$e#¼ÁËħ§˗ÒàƺÂ§¡Ã¹¢Í§¼Á ¨Ðäˑä˴»Ʌ¡ã̋Ȥ³ҥ¹¹Ð",
		"Indoor_Day_1": "à̎ @ á¾¹àˤ¡ċ¡ËˉÍÂäËÁ?#$e#àұÍ܃ ¼ÁàО§¨ÐŇÒàÊʣ¨¨Ò¹Ǚ§... ǖ§¼Á¨Ðäˑáˉã¨˗Ò ġ¹¨ÐƤàˇÒчȤ³ŇÒǣà»˕Ò ʁà¶ÍÐ¹Ð! [211]",
		"Indoor_Day_2": "ħ¹׉Ȥ³Ʊá¼¹ÍÂÒ¡¨Ð ŇÒÍÐäÃàʛ¹žàÈÉǣà»˕Ò чģ¡?#$e#țÁ? ¼ÁËÃÍ?... â̍ ¼ÁŤ´˗ÒµÍ¹׉ ¼Á¤§ŇÒáʴι§ğ§à¾Å§ºɵΚˉÐ",
		"Indoor_Day_3": "ɤƊ @ ¼ÁŇÒÍÒËÒÃà˪Òã̋Ȥ³˴ÇÂ Ëĥ§¨Ò¡чȤ³ŇÒ§Ò¹ àǱÍºËę¡àˇÒ¼Á#$e#̅Íà˕¹ˉÒ! ¼Á׫§ã¨āº¡ÒÃ§Ò¹чȤ³ ŇÒ¨¹àËʙ´àËҩÍÂ¨ƃ§æ ¹Ð чģ¡ [194 195 210 211 216]$h",
		"Indoor_Day_4": "ÍɃ³ÊħÊڴ чģ¡! Ȥ³ÍÂÒ¡ä˴àˤ¡ċ¡ËˉÍÂäËÁ?#$e# ¼Áړ š¹àˤ¡àʛ¹ÍÒËÒÃà˪Ò... ġ¹ğ§ɤ... á»Å¡ ãʺäËÁ˕Ð?#$e#á˅¼ÁÍÂÒ¡¨ÐŇÒã̋Ȥ³ »ÃÐġºã¨¨ƃ§æ ¹Ð! [220 221]$4",
		"Indoor_Day_Clint": "à̎ @ á¾¹àˤ¡ċ¡ËˉÍÂäËÁ?#$e#àұÍ܃ ¼ÁàО§¨ÐŇÒàÊʣ¨¨Ò¹Ǚ§... ǖ§¼Á¨Ðäˑáˉã¨˗Ò ġ¹¨ÐƤàˇÒчȤ³ŇÒǣà»˕Ò ʁà¶ÍÐ¹Ð! [211]",
		"Indoor_Night_0": "à̎ Ȥ³ÁÒá̅Ç!#$e#¼ÁàО§¨ÐŤ´ÍԒ˗Ò àұÍäË˓Ȥ³¨Ð¡ĥº˺Ò¹ Ȥ³Ʊħ¹чƤǣà»˕Ò?",
		"Indoor_Night_1": "щ¤ģº ҤÁȫ»ËˉÍÂƊ чģ¡#$e#¼ÁäˑÍÂÒ¡¨Ðã̋Ȥ³ ˷Í§ЁÇ˅ÍË˹Ò¼Á!#$e#¼Á¨ƃ§Ĉ§¹ÐàщÂчģ¡ ҤÁã̋ËÁ´µÍ¹чġ¹Ģ§̃Í¹˕Ð [199 218 219 727 730]",
		"Indoor_Night_2": "*ËÒÇ*... â̍ à̎ áˡÇµÒ¢Í§¼Á#$e#à»˕Ò¹Ð ¼Áäˑä˴Ģ§ÍԒµÃ§׉ àҮÍÃÍ˵Í¹ģºȤ³¡ĥº˺Ò¹ ċ¡ËˉÍÂ... ËȓÍºÒ§Ƨ¼ÁÍÒ¨¨ÐŇÒ?!#$e#Ģ§ä§ʁá̅Çá˅ Ǵ¹׉àÃÒ¤ÇÃ¨Ðä»Ğ¡ ā¹ä˴á̅Ç˕Ð ãʺäËÁ?$h",
		"Indoor_Night_3": "Ȥ³ɤàËҩÍÂÁÒ¡àÅÂ¹Ð чģ¡ Ȥ³äˑä˴àʛ¹ÍÐäÃ ãʺäËÁ?#$e#Ȥ³ÍÂÒ¡... ÍÂÒ¡¨Ð... *¡ȕ¹թÒÅÒÂ*... ¹Ç´Ëĥ§Ī¡ËˉÍÂäËÁ?$4",
		"Indoor_Night_4": "àұÍʱÍ¹µÍ¹¼ÁĢ§ÍԒч̃Ò¹ ¼Áà¤ÂÍԒá˅ã¹˺Ò¹Է§ħ¹ ŇÒà¤ҳÍ§ȑÍËȓÍäˑʁ ËÅÍÁá˓á̅Çġ¹ŵ´Ğ¹ˉÐ#$e# ¡ÒÃÁÒã˪ƚƇµāºȤ³чщ àʛ¹¡ÒÃà»ѕÂ¹á»Å§чˉÒƂ¹Ƥ ÁÒ¡àÅÂ˕Ð!$h",
		"Indoor_Night_Clint": "à̎ Ȥ³ÁÒá̅Ç!#$e#¼ÁàО§¨ÐŤ´ÍԒ˗Ò àұÍäË˓Ȥ³¨Ð¡ĥº˺Ò¹ Ȥ³Ʊħ¹чƤǣà»˕Ò?",
		"Outdoor_0": "Ȥ³ŇÒä˴àђÂÁÁÒ¡¨ƃ§æ чģ¡!#$e#á˅Í˒ÒŇÒã̋ĕÇàÍ§ ŇÒ§Ò¹¨¹Ëę¡àš¹ä»˕Ð#$e#¼ÁªÍºã̋ڌªÒÂ¢Í§¼Á ɤƤáÅÐáʂ§áÃ§!$4^¼ÁªÍºã̋ڌËŭ§¢Í§¼Á ɤƤáÅÐáʂ§áÃ§!$4",
		"Outdoor_1": "ÍÒ... ʺÒ§àʛ¹ħ¹чƤÍÐäÃáºº׉!#$e#Ե§á˅¼Á̂ÒÂÁÒÍԒāºȤ³ ¼ÁʁړǪ¡Ƥע¹ÁÒ¡#$e#ƚƇµã¹¿ÒΓÁʺÒ§ Ê´Қ¹Ƥ¨ƃ§æ !$h",
		"Outdoor_2": "à̎ áˡÇµÒ Ȥ³ıÒĥ§ŇÒÍÐäÃÍԒËÃÍ?#$e#Ȥ³ʁړ ¼ÁړǪ¡«Òº׫§ÁÒ¡æ чä˴ÁÒÍԒчщāºȤ³ ġ¹Ƥ¡˗Ò¡ÒÃã˪ƚƇµч ̃Ò¹¢Í§¼ÁÁÒ¡",
		"Outdoor_3": "¼Áäˑà¤ÂÍÂÒ¡¨Ð ƱĪµΗàוÂ§ËÃÍ¡¹Ð á˅ %pet ŇÒã̋¼Áà»ѕÂ¹ä»#$e#Ȥ³àוÂ§ġ¹ä˴ƤÁÒ¡àÅÂ!",
		"Outdoor_Clint": "Ȥ³ŇÒä˴àђÂÁÁÒ¡¨ƃ§æ чģ¡!#$e#á˅Í˒ÒŇÒã̋ĕÇàÍ§ ŇÒ§Ò¹¨¹Ëę¡àš¹ä»˕Ð#$e#¼ÁªÍºã̋ڌªÒÂ¢Í§¼Á ɤƤáÅÐáʂ§áÃ§!$4^¼ÁªÍºã̋ڌËŭ§¢Í§¼Á ɤƤáÅÐáʂ§áÃ§!$4",
		"OneKid_0": "*¡ȕ¹թÒÅÒÂ* ¼Áä˴àʛ¹ˎÍ¤¹á̅Ç!... äˑÍÂÒ¡¨ÐàҚÍàÅÂ Ëħ§˗Ò¼Á¨Ðàʛ¹ ˎÍчƤ¡˗ÒˎÍ¢Í§¼Á¹Ð$2#$e#Ȥ³äˑ˵Í§˛Ç§¹Ð @ %kid1 ¨ÐƱħÂàʔ¡чÊÁɪÃ΃áºº#$e#¼Á¨ÐŇÒã̋áˉã¨ã¹àҳÍ§Թ¹$h",
		"OneKid_1": "ɤáˡÇµÒ´Ç§ã¨¢Í§àÃÒƊ ¼Áäˑà¤ÂŤ´àÅÂ˗Ò ¼Á¨Ðä˴ɮ´ĴÒ׉á˅ àÃÒƱ¤ÃÍº¤ģÇà̅¡æ чƇàÈÉÁÒ¡àÅÂ˕Ð$h#$e#*¶Í¹ËÒÂã¨* ÍÂÒ¡ã̋áˑä˴àʫ¹ÀÒ¾׉Ĉ§$2",
		"OneKid_2": "%kid1 ŇÒã̋¼ÁǙ¡ǖ§ĕÇàÍ§ µÍ¹àʔ¡Ɋ´æ ä»àÅÂ#$e#àÍÒ˕Ð äˑ˵Í§ā§ÇÅ¹Ðчģ¡ ¼Á¨ÐäˑĚ§Ąºã̋ %kid1 àŴ¹µÒÁÃÍÂà˷Ò¢Í§¼Á#$e#Ƈƨã˪ƚƇµ¢Í§Ȥ³ ɤˉÒÊ¹ã¨¡˗ÒàÂÍÐàÅÂ!$h",
		"OneKid_3": "¡ÒÃàʛ¹ˎÍ¤¹áˑ¤¹ ÁÒ¾̃ÍÁāº¤ÇÒÁģºż´ªÍº чТ§ãËʽ! ¼ÁƤã¨чàÃÒ à¼Ū­Ë˹Òāºġ¹˴ÇÂā¹¹Ð @!$h",
		"TwoKids_0": "ɵ¡æ ¢Í§àÃÒàʛ¹ÊÁĚŵյÒʴÒ ãʺՁÂ˕Ð чģ¡?",
		"TwoKids_1": "¾Ç¡àÃÒÁÒā¹ä¡ÅÁÒ¡ ãʺäËÁ @?#$e#¼ÁÍÂÒ¡¨Ʊ¤ÃÍº¤ģÇàʥ¡æ ¢Í§ĕÇàÍ§ÁÒµÅÍ´ á˅¼Áäˑà¤Â¡̅Òч¨Ð Ëħ§˗Ò¼Á¨Ðä˴ƱàÅÂ$4",
		"TwoKids_2": "Ȥ³Ť´˗Òàʔ¡æ Ʊ¤ÇÒÁɊ¢ËȓÍà»˕Ò?#$e# ºÒ§¤Ճ§¼ÁʁÍ´äˑä˴ ч¨Ðā§ÇÅ˗Ò¼Á¨ÐŇÒã̋ Ȥ³ż´Ëħ§àËȑÍ¹ ˎÍáÅÐáˑ¢Í§¼Á$2#$e#äˑƊ Ȥ³ɮ´ɦ¡ чģ¡ ¼ÁäˑƱÍÐäÃàËȑÍ¹à¢ÒàÅÂ$h",
		"TwoKids_3": "ġ¹ÂÍ´àђÂÁàÅÂ! Ʊà˨ÒĕÇàʥ¡æ ÊÍ§¤¹á̅Ç!#$e#áºº׉ ¾Ç¡à¢Ò¨ÐäˑƱħ¹àË§Ò#$e#ã¹°Ò¹Ðч¼Áàʛ¹ ɵ¡¤¹àƤÂÇ ¼Áړ˗Ò¼ÁıÒĥ§ ɮ´ÍÐäÃÍԒ!$h",
		"TwoKids_4": "%kid1 áÅÐ %kid2... ʺÒ§àʛ¹ҚÍчƇàÈÉ$h",
		"Good_0": "¼Á... ¼Áäˑä˴˨Í§Ȥ³ÍԒ¹Ð чģ¡ ¼ÁªÍºȤ³Í˒Ò§ ºƃɊ·ڸã¨¨ƃ§æ$4#$e#ÊÒÂµÒ¢Í§¼Á ġ¡¨Ðä»Ëɂ´ÍԒчȤ³!$h",
		"Good_1": "@ ¼Ááʴ... ¼Á... ¼ÁÍÂÒ¡¨Ðã̋Ȥ³ړ˗Ò ¼Áģ¡Ȥ³ Ȥ³¾Ò¼Áע¹ÁÒ¨Ò¡ËɅÁ ч¼Áĝ§ĕÇàÍ§àÍÒä̇ÁÒ ¹Ò¹ËÅÒÂƫ#$e#¢ÍºȤ³!$h",
		"Good_2": "*¶Í¹ËÒÂã¨* ¼Á˵Í§ŇÒĢ§ä§ǖ§¨Ð ӴÇÃāºȤ³¹Ð áˡÇµÒ´Ç§ã¨¢Í§¼Á? ¼Áʁàʛ¹áʴʺÒ§ƥàËʥ¡áʱæ чˉÒàҪÍ¤¹Ëѹ§$h#$e#àÍÒ˕Ð... µÍ¹׉¼Áàʛ¹ʺÒ§ƥàËʥ¡áʱæ чˉÒàҪÍ¢Í§Ȥ³$4#$e#¼Áģ¡Ȥ³ чģ¡!$h",
		"Good_3": "¼Á¢ÍɘºȤ³ä˴äËÁ чģ¡?#$e#Ȥ³¨Ðɘº¼ÁǴ¹ƧǙ§ʁä˴... ˶ÒȤ³˵Í§¡ÒÃˉÐ¹Ð$4",
		"Good_4": "ºÒ§¤Ճ§¼ÁÍ´äˑä˴ ч¨ÐÊ§ĪÂ˗Ò ŇÒäÁȤ³ǖ§àȕÍ¡¼Á ¨Ò¡¤¹Ե§ÁÒ¡ÁÒÂ#$e#äˑ˗Ò¨Ðàš´ÍÐäÃע¹ ¼Á¨Ð¾ÂÒÂÒÁŇÒã̋ƤчɊ´ àҮÍчȤ³¨Ðä˴äˑ˵Í§àƺÂã¨ чģºʺÍ´Í¡ä́¢Í§¼Á$h",
		"Good_5": "à̎ @ Ȥ³ĸÒч¤Ճ§Ëѹ§¼Áà¤Â à˕ÒàҳÍ§àбÂÇāˎÍ¢Í§¼Á ã̋Ȥ³ğ§ä˴äËÁ?#$e# ч¼Áà˕Òã̋ğ§˗Ò à¢Ò¾ÂÒÂÒÁàҮÍ¨Ðà»ѕÂ¹¼Á ã̋¡ÅÒÂàʛ¹¤¹ҽ¹Ģ§ä§?$s#$e#¼ÁáʴړǪ¡Ƃ¹ƤÁÒ¡æ чȤ³äˑà¤Â¾ÂÒÂÒÁ¨Ð à»ѕÂ¹á»Å§¼ÁàÅÂ$h",
		"Good_6": "¼Áړ˗Ò µÍ¹чàÃÒà¨Íā¹¤Ճ§áÃ¡ ¼Á¨Ð˵Í§ɤàËȑÍ¹ ڌªÒÂĕÇ¤¹àƤÂÇ чֲâÁâËáˉæ á̅Çʁà˫Òֻã̋Ȥ³ ĭ¾à¡Ã´à¤ҳÍ§ȑÍÍԒµÅÍ´#$e#¼ÁŤ´˗Òàʛ¹à¾ÃÒÐ ¼ÁÍÒÂàš¹¡˗Ò¨ÐàˢÒËÒȤ³Ƥæ ˉÐ#$e#¢ÍºȤ³âÂºÐч Ȥ³Ʊ¤ÇÒÁ¡̅ÒÁÒ¡¾Í àҮÍàÃÒԷ§ÊÍ§¤¹$4",
		"Good_7": "чģ¡ ¼Á... ؽÁ... àбÂÇāºàÍƁƵˉÐ...#$e#¼Á... ¼ÁړǪ¡˗Ò ÍÐäÃчàұÍʱÍ¹¼Áà¤ÂŇÒä̇ ġ¹қÍتÍ$s#$e#á˅Ȥ³äˑ˵Í§ā§ÇÅ¹Ð ġ¹ʁáʴ¡ÒÃݲ§ã¤ÃĪ¡¤¹ˉÐ á̅ÇµÍ¹׉ġ¹ʁàʛ¹ÍƤµ ä»ËÁ´á̅Ç˴ÇÂ!$h",
		"Neutral_0": "â̍ à̎ чģ¡ ¼ÁŤ´˗ÒàʣÇæ ׉àÃÒ˵Í§ÍÍ¡ä»؛Í¢Í§ ā¹Ī¡ËˉÍÂá̅Ç˕Ð#$e#څàʢ¹ġ¹ɤâ˕§æ á̅Ç",
		"Neutral_1": "Ȥ³Ť´˗ÒթÒËę¡¼ÁÅ§ǣà»˕Ò?#$e#àÍÒ˕Ð ˶ÒթÒËę¡¼ÁÅ§ʁ˵Í§ ¢ÍºȤ³ÍÒËÒÃàҮÍɊ¢ÀÒ¾ чȤ³ŇÒ˕Ð¹Ð$h",
		"Neutral_2": "¡ÒÃчȤ³ ړƇƨŇÒÍÒËÒÃàʛ¹Í˒Ò§Ƥ ǴÍЪ§чɊ´ÂÍ´ÁÒ¡ ¼Áä˴š¹ÍÒËÒÃч Ƥ˅ÍɊ¢ÀÒ¾àÊÁÍàÅÂ$h",
		"Neutral_3": "¼ÁƋÇàËȕÍàš¹! ¼ÁŤ´˗Ò¼Á¨Ð¡ÇÒ´څàʢ¹ ã̋à¡וÂ§àÅÂ!",
		"Neutral_4": "¡ÒÃŇÒ§Ò¹àʛ¹ʺÒ§ƥàËʥ¡ àʛ¹§Ò¹чàËҩÍÂ¨ƃ§æ ...#$e#¡ÒÃŇÒ¿ÒΓÁˉÐ Ƥ¡˗ÒàÂÍÐàÅÂ!$h",
		"Neutral_5": "Ȥ³à¤ÂɤÃÒÂ¡ÒÃÃÒŪƩá˛§ÍÒËÒÃ (Queen of Sauce) äËÁчģ¡?#$e#ġ¹ÊÍ¹ÍÐäÃºÒ§Í˒Ò§ ã̋āº¼Á¨ƃ§æ ¹Ð!",
		"Neutral_6": "ƍƃàƤÂÁàʛÂ¹á˓ч ·¹·Ò¹ÁÒ¡чɊ´ àƺÂáʴËÒÂÒ¡ä»ËˉÍÂ",
		"Bad_0": "¢Í̃Í§˕Ð áʴ... áʴ»˕ÍÂ¼Áä̇Í˒Ò§׉!$3#$e# µÍ¹׉¼ÁĢ§äˑÍÂÒ¡¨Ð ɮ´ÍÐäÃ...$s",
		"Bad_1": "*¶Í¹ËÒÂã¨* ħ¹׉¼ÁʴÍ¹ˢÒ§ړǪ¡á˒...$s",
		"Bad_2": "¼Áä˴... ¼Áä˴ŇÒÍÐäÃż´ä»ǣà»˕Ò?$s#$e# ŇÒäÁȤ³ǖ§ŇÒāº¼Ááºº׉? ¼ÁŤ´˗ÒàÃÒƱ¤ÇÒÁɊ¢ā¹...$s",
		"Bad_3": "¼ÁäˑÍÂÒ¡¨ÐàҚÍ˗Ò Ȥ³ʁ¾ÂÒÂÒÁ¨Ðà»ѕÂ¹¼Á àËȑÍÍ¹ā¹$3#$e#¼ÁŤ´˗ÒȤ³áµ¡˅Ò§...$s#$e#¼ÁŤ´˗ÒȤ³ã˚ã¨$3",
		"Bad_4": "ġ¹... ġ¹ʁáʴ...$3#$e#ºÒ§ч¼ÁÍÒ¨¨ÐàˢÒã¨ż´ä» á˅¼ÁړǪ¡ÃÒÇāº˗Ò ¾Ç¡àÃÒıÒĥ§áµ¡àʛ¹àњÂ§æ ...$s",
		"funLeave_Clint": "¢Íâ·É¹Ðчģ¡ §Ò¹ıÒĥ§̃Í§àƳÂ¡¼Á#$e#Ģ§ä§ڌ¤¹ʁĢ§˵Í§¡ÒÃ ºƃ¡ÒÃ¢Í§¼Á$h#$e#á˅¼Á¨Ð¡ĥºÁÒ˺Ò¹ ʱÍ¹чȤ³¨ÐړĕÇ«Ðƽ¡$h",
		"funReturn_Clint": "àÍ̎ áˡÇµÒ ¼Á¡ĥºÁÒá̅Ç!$h#$e#*¶Í¹ËÒÂã¨* ¡ĥºÁÒǖ§˺Ò¹á̅ÇړǪ¡ƤĈ§!$h#$e#¼ÁŤ´ǖ§Ȥ³$4",
		"spring_Clint": "áË§ÍԒá̅Ç Äɤãºä́¼ƅˉÐÊÇÂ§ÒÁ á̅ÇʁƤȷ¡Í˒Ò§àÅÂ á˅ġ¹ŇÒã̋ɰƁá˾¢Í§¼Á ıÒàƃºàщÂƊ...",
		"spring_1": "Ɋ¢Ī¹΅ƫãËˑ¹Ð чģ¡$h#$e#¼ÁƱ¤ÇÒÁɊ¢ ч¨Ðä˴ã˪àÇÅÒ׉āºȤ³!$4",
		"spring_12": "¾ӣ§׉Ȥ³¨Ðª¹Ðà¡Á˕Òäʲ ãʺäËÁ чģ¡?#$e#Ǵ¹¾ӣ§׉¼ÁÍÂÒ¡¨Ð š¹äʲàƘÂÇ¨Ò¹ãËʽĈ§$h",
		"spring_23": "Ȥ³ʁړ˗Ò¡ÒÃч˵Í§ɤ Ӵģ¡¾Ç¡Թ¹à˵¹œÒ˴ÇÂā¹ ŇÒã̋¼ÁړǪ¡àË§ÒàÊÁÍÁÒ#$e#á˅ƫ׉äˑãʺáººԹ¹! ƫ׉¼Áʁ¨Ðàʛ¹Ëѹ§ã¹ ¤¹чÍÍ¡ä»à˵¹œÒàËȑÍ¹ā¹$4",
		"summer_Clint": "֟ÇÇÇ! ġ¹̃Í¹Ĉ§...#$e#Äɤ̃Í¹ã¹á¶ºª¹º·щ ŇÒã̋̃Í¹¨¹ËÍºä˴àÅÂ...#$e#àҳÍ§ƤʁǴÍàÃÒƱ˵¹ä́ ã̋˓Áà§ÒàÂÍÐáÂÐ!$h",
		"summer_1": "֟ÇÇÇ... ¤ÇÒÁ̃Í¹щıÒĥ§ʶÒ¼Á#$e#ġ¹àǱÍº¨ÐàËȑÍ¹ ¡ÒÃŇÒ§Ò¹ã¡̅āºàµÒËÅÍÁ Է§ħ¹#$e#¼Áäˑä˴ªÍºÄɤ̃Í¹ ËÃÍ¡¹Ð чģ¡$s",
		"summer_10": "¼Áäˑړ¨ƃ§æ ˗Ò¨Ðá¹ÐŉÒã̋Ȥ³àÍÒÍÐäÃ ä»ã˚ã¹ȫ»ĥÇΓƤ ¢Íâ·É¹Ðчģ¡#$e# Ȥ³ŇÒÍÒËÒÃä˴Ƥ¡˗Ò¼Á#$e#á˅¼Ááˉã¨˗Ò Ȥ³¨ÐàȕÍ¡ÍÐäÃºÒ§Í˒Ò§ чŇÒã̋ڌ˗Ò¡ÒÃģ° »ÃÐėºã¨ÁÒ¡áˉæ !$h",
		"summer_27": "ɁÁâÃáÁ¹ŵ¡ĥºæ ¢Í§¼ÁˉÐ ¼ÁªÍºɤáÁ§¡Ð¾Ƀ¹áÊ§Ĉ¹·Γ ÁÒµÅÍ´àÅÂ˕Ð#$e#¼Ááʴäˑړ¨ÐºÍ¡ã̋ã¤Ãğ§... ¨¹¡ÃÐη§ƱȤ³!$h",
		"fall_Clint": "ÍÒ... ã¹чɊ´ÍÒ¡ÒÈʁàʢ¹Å§Ī¡Ƨ#$e#¼Áģ¡Äɤãºä́˓Ç§$h",
		"fall_1": "ã¹чɊ´ Äɤãºä́˓Ç§ʁÁÒǖ§á̅Ç! ¾Ç¡ãºä́ŇÒã̋¼ÁǙ¡ǖ§ ĭ­ÁƣáÅÐ¤ƃÊĕÅã¹àËȑÍ§ ÍԒµÅÍ´àÇÅÒ#$e#Ȥ³ړ˗Ò¼ÁËÁÒÂǖ§ÍÐäÃ ãʺäËÁ чģ¡?$h",
		"fall_15": "Ȥ³äˑ˗ÒÍÐäÃ˶Ò¾ӣ§׉¼Á š¹ÁÒ¡¡˗Ò»¡ŵã¹à·È¡ÒÅ ãʺäËÁ?#$e#¼ÁÊÒºÒ¹ ¼ÁĢ§ģ¡ƭȑÍ¡ÒÃŇÒÍÒËÒÃ ¢Í§Ȥ³чɊ´ÍԒ¹Ð! á˅ʺÇ§׉āÊâ¾˕àˢÒÁÒ ã¹¤ÇÒÁŤ´¼ÁÍԒˊÍÂæ$h",
		"fall_26": "Ȥ³ÍÒ¨¨ÐäˑړàҳÍ§׉¹Ð @ á˅§Ò¹à·È¡ÒÅɰµ ŇÒã̋¼ÁړǪ¡ā§ÇÅ...$s#$e#Է§ËÁ´àʛ¹à¾ÃÒÐ ¼ÁǴÍ¤¹ч˵Í§ģºż´ªÍº ŵ´Ե§¡Ã§Ă§â¤Ã§¡ÃÐɤ¡ чÁÒΓÅÍ¹ĈºÁÒ!",
		"winter_Clint": "ˢÒ§¹Í¡ġ¹Ë¹ÒÇŹ´ËˉÍÂ áË§ÍԒá̅Ç˕Ð á˅ƋÁÐġ¹ʁÊÇÂƤ ãʺäËÁ?",
		"winter_1": "ÄɤË¹ÒÇÁÒǖ§á̅Ç áˡÇµÒ#$e# Í˒Òā§ÇÅä»àÅÂ ʺÒ§ƥàËʥ¡áʱæ ¤¹׉¨ÐŇÒã̋Ȥ³Íºӭ¹àÍ§!$h",
		"winter_7": "*¡ȕ¹թÒÅÒÂ* Î... à̎... чģ¡?#$e#ä˴â»Ã´Í˒Ò... Í˒ÒīÇàÃÒÐàÂÒÐ¼ÁàÅÂ¹Ð á˅ã¹ħ¹¾ӣ§׉Ȥ³¨Ð Ի¹ÁȹÉΒƋÁÐāº¼ÁäËÁ?$4#$e#¼Á¨Ð˚§àƺÂ§àƚÂΓȤ³ ã¹¡ÒÃáʂ§Ă¹µ¡»ÅÒ ã̋Ĕ§чɊ´ч¼ÁŇÒä˴ àʛ¹¡ÒÃµÍºá·¹!$h",
		"winter_24": "Ȥ³ҥ¹à˵¹āº¡ÒÃ áÅ¡¢Í§¢ħ­ã¹ħ¹¾ӣ§׉äËÁ?#$e#¼Á¨Ðä¢̇֙Çã̋Ȥ³¹Ð ¾ӣ§׉Ȥ³¨Ðä˴ ä˴¢Í§чƤæ Ģ§ä§˕Ð$h",
		"winter_28": "ƽ¡Ëѹ§ƫıÒĥ§¨ÐËÁ´ä»#$e# ¼ÁƤã¨¹Ðчä˴ã˪ àÇÅÒƫ׉ä»āºȤ³ @!$h#$e#щ¤ģº ËÇÒ¹ã¨ ҤÁ! [346]",
		"spouseRoom_Clint": "#$c .5#¼ÁıÒĥ§ŵ´Ե§ à¤ҳÍ§ȑÍԷ§ËÁ´¢Í§¼Áчщ #$e#¼ÁËħ§˗Ò¨Ðä˴àŻ´̃Ò¹ чщã¹àʣÇæ ׉¹Ð ˶ÒȤ³âÍà¤āºġ¹ˉÐ чģ¡",
		"patio_Clint": "¼Á¾ÂÒÂÒÁ¨ÐĈ´ÃÐàƪÂº à¤ҳÍ§ȑÍ¢Í§¼Á... ¼ÁŇÒã̋ġ¹¡ÅÒÂàʛ¹áºº׉ ä»ä˴Ģ§ä§àщÂ?$s"
}
