{
		"Rainy_Day_Linus": "ʺÒ§àʛ¹ħ¹ч ÊÇÂ§ÒÁÍÐäÃÍ˒Ò§׉ àұÍ§Ò¹¢Í§Ȥ³àÊʣ¨á̅Ç ä»àŴ¹à˕¹˴ÇÂā¹à¶ÍÐ$h#$e#½¹ˉÐâÃáÁ¹ŵ¡¹Ð Ȥ³äˑŤ´áººԹ¹ËÃÍ?$4",
		"Rainy_Night_Linus": "ħ¹׉ ĉ¹ÍÍ¡ä»àŴ¹à˕¹ÃÐÂÐՊ¹æ ÁÒ˕Ð áʴÅ§ä»чˋÒàÍ§#$e#µÍ¹ч½¹µ¡ ·ÐàÅÊÒ»ɤɊ¢Ê§ºÁÒ¡$h",
		"Indoor_Day_Linus": "š¹ÍÒËÒÃà˪ÒĪ¡ËˉÍÂƊ чģ¡ [232 227 197]$h#$e#ÍÐäÃ¹Ð...? ι¹äˑãʺÍÒËÒÃà˪Ò...?$s",
		"Indoor_Night_Linus": "ħ¹׉ ĉ¹ŇÒ¤ÇÒÁÊÐÍÒ´˺Ò¹˴ÇÂ˕Ð чģ¡ ġ¹Ʊâ¤Å¹ÍԒã¹˺Ò¹àÂÍÐàÅÂ#$e#",
		"Outdoor_Linus": "ħ¹׉˿ÒàŻ´á̅Çʁ ªÇ¹ÁÍ§ÁÒ¡àÅÂ ãʺäËÁ˕Ð @?$h",
		"spring_Linus": "àʛ¹ƽ¡Ëѹ§ħ¹ ã¹Äɤãºä́¼ƅчÊ´ãÊ ʺÒ§àʛ¹ħ¹чˉÒã˪āº чģ¡¢Í§ĉ¹àƺÂ¨ƃ§$h",
		"summer_Linus": "Í˒ÒȕÁĞ¡ˌÍ¹˴ÇÂ˕Ð чģ¡ ˓Ò§¡ÒÂ¢Í§Ȥ³ ¨Ðä˴àʢ¹Å§˺Ò§ ˢÒ§¹Í¡ġ¹̃Í¹ÁÒ¡ àËȑÍ¹ıÒĥ§àȄÍ´àÅÂ$h",
		"fall_Linus": "Äɤãºä́¼ƅʺÒ§àʛ¹ ʺÇ§àÇÅчƤ¢Í§ƫ¨ƃ§æ$h",
		"winter_Linus": "̇ÒÇ... ƋÁÐ¨Ð˵Í§µ¡µÅÍ´Ǵ¹áˉàÅÂ$h",
		"Rainy_Day_0": "àʛ¹ħ¹чÊÇÂ§ÒÁĈ§ àұÍ§Ò¹¢Í§Ȥ³àÊʣ¨á̅Ç ä»àŴ¹à˕¹˴ÇÂā¹à¶ÍÐ$h#$e#½¹ˉÐâÃáÁ¹ŵ¡¹Ð Ȥ³äˑŤ´áººԹ¹ËÃÍ?$4",
		"Rainy_Day_1": "àƺÂ§à»ÒÐá»Ð¢Í§½¹ ŇÒã̋ĉ¹Ǚ¡ǖ§ɰà¢Ò#$e#ɰà¢ÒˇÒÁ¡ÅÒ§ÊÒÂ½¹ ɤˉÒѷ§ÁÒ¡ á˅¡ÒÃäˑ˵Í§ā§ÇÅàҳÍ§ àʕ¹·¨Ðɦ¡թÒˇÇÁʁàʛ¹ àҳÍ§чƇàÈÉÁÒ¡$h",
		"Rainy_Day_2": "˝Ðщ чģ¡¢Í§ĉ¹ Ȥ³¨Ð˵Í§¡ÒÃЪ§׉ àҮÍŇÒã̋Ȥ³Íºӭ¹ã¹ħ¹׉ [395]$h",
		"Rainy_Day_3": "ĉ¹Ť´˗Òħ¹׉ĉ¹¨Ð ÍÍ¡ä»àŴ¹à˕¹Ī¡ËˉÍÂ$h#$e#ɋºà¢ÒɤƱ¤ÇÒÁɊ¢àÊÁÍ àұÍä˴ҤÁϤÒāºթÒ½¹",
		"Rainy_Day_4": "ɤàËȑÍ¹Ëĥ§¤Ò¨ÐσÇ¹Ð$s#$e#äˑ˵Í§ā§ÇÅ¹Ð ËÇÒ¹ã¨¢Í§ĉ¹ ĉ¹¨ÐĈ´¡ÒÃġ¹àÍ§$h",
		"Rainy_Night_0": "àƺÂ§¢Í§½¹àʛ¹àƺÂ§¡˕ÍÁ чÊÁɪÃ΃áººŚÒËģº¡ÒÃ¹Í¹#$e#ġ¹ŇÒã̋ĉ¹Ǚ¡ǖ§˺Ò¹$h#$e#ä»¹Í¹ā¹à¶ÍÐ чģ¡$4",
		"Rainy_Night_1": "Ȥ³àƫÂ¡âª¡àÅÂ! ÁÒàÍÒȤ³ÍÍ¡¨Ò¡àغÍ˼ÒàƫÂ¡æ щā¹à¶ÍÐ$l",
		"Rainy_Night_2": "ħ¹׉ ĉ¹ÍÍ¡ä»àŴ¹à˕¹ÃÐÂÐՊ¹æ ÁÒ˕Ð áʴÅ§ä»чˋÒàÍ§#$e#µÍ¹ч½¹µ¡ ·ÐàÅÊÒ»ɤɊ¢Ê§ºÁÒ¡$h",
		"Rainy_Night_3": "ħ¹чäˑƱȤ³ ġ¹àË§ÒÁÒ¡àÅÂ ËÇÒ¹ã¨#$e#ĉ¹Ƥã¨чȤ³ÍӢ˺Ò¹á̅Ç$4",
		"Rainy_Night_4": "àÍÒщä»Ɗ ËÇÒ¹ã¨ ŇÒã̋˓Ò§¡ÒÂ¢Í§Ȥ³Íºӭ¹ ˴ÇÂ¢Í§Í˓ÍÂæ Ī¡ËˉÍÂ [727 728 457]$h",
		"Indoor_Day_0": "¡ÒÃч˵Í§ÍԒã¹˺Ò¹ ġ¹ŇÒã̋ĉ¹ړǪ¡Ƈµ¡ā§ÇÅ àʛ¹ºÒ§¤Ճ§$s#$e#á˅ġ¹Ʊ§Ò¹ч˵Í§ŇÒˉÐ¹Ð ĉ¹äˑàʛ¹äÃ$h",
		"Indoor_Day_1": "·Ò¹ÍÒËÒÃà˪ÒĪ¡ËˉÍÂƊ чģ¡¢Í§ĉ¹ [232 227 197]$h#$e#ÍÐäÃ¹Ð...? ι¹äˑãʺÍÒËÒÃà˪Ò...?$s",
		"Indoor_Day_2": "˶ÒȤ³¾ºáÁ§ɁÁã¹˺Ò¹˕Ðʁ ä˴â»Ã´Í˒ÒʶÒġ¹àÅÂ¹Ð! áʴºÍ¡ĉ¹á̅Çĉ¹¨Ð àÍÒġ¹ÍÍ¡ä»àÍ§",
		"Indoor_Day_3": "ħ¹׉¨Ð˵Í§àʛ¹ ħ¹чƇàÈÉÁÒ¡áˉæ$h#$e#¨ÐºÍ¡Ģ§ä§Ƥ˕Ð? ĉ¹ÍԒµÃ§׉āºȤ³ ãʺäËÁ˕Ð?$h",
		"Indoor_Day_4": "ġ¹ƱЪ§àʥ¡æ ÁÒ¡ÁÒÂч¨ÐŇÒã̋ Ȥ³Ʊ¤ÇÒÁɊ¢àұÍȤ³ á˅§§Ò¹āºã¤ÃĪ¡¤¹ чɊ´ÂÍ´ÁÒ¡æ Í˒Ò§Ȥ³ˉÐ @$4",
		"Indoor_Night_0": "ã̋ĉ¹ʺÇÂã̋Ȥ³ˌÍ¹¤ÅÒÂ¹Ð чģ¡#$e#ħ¹׉Ȥ³ŇÒ§Ò¹ ËÅÒÂÍ˒Ò§àÅÂ ¡̅ÒÁàةÍ¢Í§Ȥ³¨Ð˵Í§ àËҩÍÂ̅ÒÁÒ¡áˉæ",
		"Indoor_Night_1": "ĉ¹Ƥã¨чȤ³¡ĥºÁÒ˺Ò¹á̅Ç¹Ð чģ¡ ħ¹чäˑƱȤ³ġ¹ÂÒÇ¹Ò¹ àËȕÍàš¹$h#$e#ÁÒã˪àÇÅÒÂÒÁàʢ¹àƗÂºæ ˴ÇÂā¹ÊÍ§¤¹à¶ÍÐ",
		"Indoor_Night_2": "ħ¹׉ĉ¹àʁº¡ÇÒ´˺Ò¹˴ÇÂ˕Ð ËÇÒ¹ã¨ ġ¹Ʊâ¤Å¹ÍԒã¹˺Ò¹àÂÍÐàÅÂ#$e#",
		"Indoor_Night_3": "Ȥ³Է§ɤ¡ÃÐà«ÍÐ¡ÃÐàū§ Է§àʋ¡лËĥ§¨Ò¡чŇÒ§Ò¹Ëę¡ ÁÒԷ§ħ¹$4",
		"Indoor_Night_4": "ÍÒËÒÃàʢ¹ÍԒщá̅Ç чģ¡ [242 202 226]#$e#ĉ¹Ëħ§˗ÒȤ³¨ÐªÍºġ¹¹Ð$h",
		"Outdoor_0": "¸ÃÃÁªÒŵŤ´ǖ§ĉ¹$h#$e#á˅Í˒Òā§ÇÅä»àÅÂ чģ¡ ĉ¹ģ¡Ȥ³ÁÒ¡¡˗Ò¾Ç¡˵¹ä́ ËȓÍ¾Ç¡»ÅÒ ËȓÍÍÐäÃʁµÒÁч¸ÃÃÁªÒŵƱ$4",
		"Outdoor_1": "áʴºÍ¡ã̋ĉ¹ړ ˶ÒȤ³˵Í§¡ÒÃã̋ĉ¹ŇÒÍÐäÃ¹Ð чģ¡ ĉ¹ړ˗ÒȤ³Ӣ§áʴäË¹s$h",
		"Outdoor_2": "ÍÒ¡ÒÈчÊ´Қ¹ġ¹Ƥ˅Í ŨµƇ­­Ò³¢Í§àÃÒ#$e#ĉ¹¨Ðä»ÍԒµÃ§˹¹ ˶ÒȤ³˵Í§¡ÒÃÍÐäÃ!$h",
		"Outdoor_3": "ħ¹ʱÍ¹ĉ¹à¨ÍЪ§׉º¹ɰà¢Ò˕Ð чģ¡ [80 721 93]#$e#ĉ¹Ëħ§˗Ò ġ¹¨ÐƱ»ÃÐâÂªΉ¹Ð!$h",
		"Outdoor_4": "ħ¹׉˿ÒàŻ´á̅Çʁ ªÇ¹ÁÍ§ÁÒ¡àÅÂ ãʺäËÁ˕Ð @?$h",
		"OneKid_0": "%kid1 ÊÁɪÃ΃áººàËȕÍàš¹ @ ĉ¹Ʊ¤ÇÒÁɊ¢ÁÒ¡àÅÂ!$h",
		"OneKid_1": "ĉ¹ıÒĥ§ŇÒĕÇã̋ل¹à¤Âāº ¡ÒÃàʛ¹ˎÍÍԒ#$e#Ȥ³ɤ¨ÐàˢÒã¨ Ƈƨ¡ÒÃàוÂ§ɤàʔ¡Í ˒Ò§·ÐɅ»Ƀâ»˓§àÅÂ¹Ð @ ĉ¹ړ˗Òĉ¹Ѿ§¾ÒȤ³ä˴$h",
		"OneKid_2": "¾Ç¡àÃÒʺÒ§àʛ¹¤ÃÍº¤ģÇàʥ¡æ чáÊ¹ÁīÈ¨ÃÃΒ ĉ¹äˑà¤ÂŤ´àÅÂ˗Òĉ¹¨Ðä˴ ƱƚƇµáºº׉$h",
		"OneKid_3": "%kid1 ĕÇ˹ÍÂæ ıÒĥ§ĕÇãËʽע¹á̅Ç! ġ¹ĭÈ¨ÃÃΒÁÒ¡чàʔ¡ĕÇàʥ¡æ ÊÒÁÒÃ¶ĕÇâµע¹ä˴ÁÒ¡ ã¹ʺÇ§àÇÅÒՊ¹æ àËȑÍ¹˵¹¡̅Òàʥ¡æ ã˵áÊ§ÍÒŷµΒ",
		"TwoKids_0": "ĉ¹Ť´˗Òĉ¹áʱàš¹¡˗Ò ч¨ÐƱɵ¡ä˴á̅Ç$h#$e#ĉ¹Ƥã¨чĉ¹àˢÒã¨ż´! ¡ÒÃä˴àʛ¹ˎÍġ¹àђÂÁÁÒ¡",
		"TwoKids_1": "¾Ç¡àÃÒƱ¤ÃÍº¤ģÇàʥ¡æ чÊÁɪÃ΃áººÍÐäÃ¢¹Ò´׉!$h#$e#ĉ¹ģ¡Ȥ³ @$4",
		"TwoKids_2": "àÃÒ¾Ò %kid1 ä»µ¡»ÅÒā¹à¶ÍÐ ËÇÒ¹ã¨ àÃÒюàוÂ§àʔ¡ã̋ %kid2 ä˴ÍԒá̅Ç",
		"TwoKids_3": "ĉ¹˻Í¹ÍÒËÒÃã̋ %kid1 āº %kid2 á̅Ç¹Ð äˑƱÍÐäÃчȤ³˵Í§˛Ç§$h",
		"Good_0": "ĉ¹äˑà¤ÂړǪ¡Í˒Ò§׉ āº¤¹ҽ¹ÁÒʱÍ¹àÅÂ @ ĉ¹ģ¡Ȥ³Ĉ§$4",
		"Good_1": "ħ¹׉Ȥ³ɤˉÒѷ§Ĉ§àÅÂ ËÇÒ¹ã¨$h#$e#ĉ¹Ëħ§˗ÒȤ³¨Ð Ʊħ¹чàђÂÁÂÍ´¹Ð$4",
		"Good_2": "Ȥ³ɤˉÒËÅ§ãËÅÍ˒Ò§à¤ÂàÅÂ чģ¡¢Í§ĉ¹$4#$e#ǖ§á́˗Ò¨ÐàÅÍÐâ¤Å¹ʁµÒÁ$h",
		"Good_3": "ĉ¹à¤ÂŤ´˗Ò ĉ¹Ʊ¤ÇÒÁɊ¢āº¡ÒÃÍԒ¤¹àƤÂÇ... á˅Ëĥ§¨Ò¡Թ¹ĉ¹ʁ¾ºāºȤ³ ËÇÒ¹ã¨¢Í§ĉ¹$4#$e#ĉ¹äˑà¤ÂړÁÒ¡ʱÍ¹àÅÂ˗Ò ¡ÒÃä˴µ¡ËɅÁģ¡ġ¹¨Ð Ʊ¤ÇÒÁɊ¢ä˴ÁÒ¡¢¹Ò´׉$h",
		"Good_4": "ħ¹׉Ȥ³¨Ðä»àËȑÍ§ǣà»˕Ò чģ¡?#$e#¾¡ĭ¹׉ä»˴ÇÂƊ ¤ÇÒÁ»ÅÍ´ĠÂ¢Í§Ȥ³ àʛ¹àҳÍ§ĸÒàʛ¹¹Ð [773]",
		"Good_5": "ĉ¹ģ¡Ȥ³¹Ð @ áʴÍÂÒ¡ºÍ¡ã̋Ȥ³ړ àÍÒä̇ˉÐ$h",
		"Good_6": "¡ÒÃá˅§§Ò¹āºȤ³ àʛ¹¡ÒÃĕ´Ɗ¹ã¨чƤчɊ´ чĉ¹à¤ÂŇÒÁÒ ĉ¹Ʊ¤ÇÒÁɊ¢ÁÒ¡àÅÂ˕Ð$h#$e#ĉ¹Ëħ§˗ÒȤ³¨ÐړǪ¡ àËȑÍ¹ā¹āºĉ¹¹Ð$4",
		"Good_8": "ÁÒɘºĉ¹ËˉÍÂƊ чģ¡$4",
		"Good_9": "Ȥ³ÊÁɪÃ΃áººàËȑÍ¹à¤ÂàÅÂ ËÇÒ¹ã¨#$e#Ȥ³äˑáʱע¹àÅÂĪ¡ħ¹$h",
		"Neutral_0": "Ȥ³à¤ÂŤ´àҳÍ§ŵ´Ë˹Ò˅Ò§ àОÁ˺Ò§äËÁ? ĉ¹ªÍºáÊ§¸ÃÃÁªÒŵˉÐ",
		"Neutral_1": "ħ¹׉Ȥ³¨ÐŇÒÍÐäÃËÃÍ ËÇÒ¹ã¨?",
		"Neutral_2": "ĉ¹˗ÒթÒËę¡ĉ¹ע¹¹Ð Ե§á˅̂ÒÂÁÒÍԒчщˉÐ...",
		"Neutral_3": "ĉ¹ƋÇŹ´ËˉÍÂ",
		"Neutral_4": "ĉ¹Ģ§äˑä˴ŇÒ¤ÇÒÁÊÐÍÒ´àÅÂ... á˅¨ÐŇÒħ¹׉áËÅÐ",
		"Neutral_5": "ʺÇ§׉ĉ¹ړǪ¡ ֲàƑÂ¨Ģ§ä§ʁäˑړ...$h",
		"Neutral_6": "˶ÒȤ³ړǪ¡ā§ÇÅàҳÍ§àŧ¹ Ȥ³ȤÂāºĉ¹ä˴¹Ð#$e#ĉ¹à¡ƵÂ´àŧ¹ʁãʺ á˅ĉ¹ړ˗Òġ¹ǴÍ ¤ÇÒÁΪÇ̃ÒÂчĸÒàʛ¹$h",
		"Neutral_7": "Ե§á˅àÃÒá˅§§Ò¹ā¹ÁÒ ĉ¹ä˴à»ѕÂ¹ä»˺Ò§äËÁ @?$s",
		"Neutral_8": "ÊħÊƤ ËÇÒ¹ã¨",
		"Bad_5": "ĉ¹Ť´ǖ§àʕ¹·¢Í§ĉ¹¨ƃ§æ ...$s",
		"Bad_6": "ĉ¹˵Í§ä»¨Ò¡чщċ¡Ğ¡ ĉ¹˗Ò¨Ðä»àŴ¹à˕¹ċ¡ËˉÍÂ...$s#$e#äˑ˵Í§µÒÁÁÒ˕Ð$5",
		"Bad_7": "Ȥ³àÂÒΗħÂ¡˗Òĉ¹ÁÒ¡ µÍ¹׉ĉ¹ģºړġ¹á̅Ç˕Ð$s",
		"Bad_8": "ĉ¹Ť´˗Òĉ¹ÍÍ¡ä»ÍԒ¤¹àƤÂÇ ˉÒ¨ÐƤ¡˗Ò$s",
		"funLeave_Linus": "ħ¹׉ĉ¹¨Ðä»чɰà¢Ò¹Ð чģ¡ à¨Íā¹µÍ¹ĉ¹¡ĥº˺Ò¹¹Ð$h",
		"funReturn_Linus": "ħ¹׉ĉ¹Ť´ǖ§Ȥ³Ĉ§àÅÂ чģ¡ ĉ¹Ƥã¨Ĉ§ч¡ĥºÁÒá̅Ç$4",
		"spring_1": "¸ÃÃÁªÒŵã̋¾ÃàÃÒ˴ÇÂ ƫчÊÇÂ§ÒÁƽ¡ƫËѹ§$h#$e#¾Ç¡àÃÒ˵Í§ Í˒ÒȕÁч¨ÐړǪ¡¢ÍºȤ³",
		"spring_12": "µÍ¹чĉ¹»ÃÒ¡®ĕÇã¹ à·È¡ÒÅäʲƽÊàµÍΓ ĉ¹ɤ»ÃÐËÅÒ´àÊÁÍàÅÂ$s#$e#Í˒Ò˹ÍÂȤ³ʁ¨ÐÍԒчι¹... á̅Çʁ¾Ç¡äʲƫÈÒ¨$h",
		"spring_19": "ĉ¹à¨Í¼Åä́ã¹ˋÒ˴ÇÂ˕Ð àÍÒщ ĉ¹àʔ´ÁÒã̋Ȥ³ɵ¡Ǚ§˴ÇÂ [634 636]$h",
		"spring_23": "¾ӣ§׉àʛ¹§Ò¹à˵¹œÒ´Í¡ä́á̅Ç ËÇÒ¹ã¨ ĉ¹˫ÍÁà˵¹œÒàҮÍȤ³àÅÂ¹Ð$4#$e#àÃÒ¨ÐŇÒã̋àʔ¡æ ¾Ç¡Թ¹ËÁ´ˇÒä»àÅÂ!$h",
		"summer_1": "ŇÒã̋ĕÇàÍ§àʢ¹àˢÒä̇¹Ð чģ¡$4#$e#àˢÒÁÒˢÒ§ã¹¹Ð ˶ÒáÊ§ÍÒŷµΒáÃ§àš¹ä»",
		"summer_10": "ġ¹Ʊ¤ÇÒÁàʛ¹ä˴чàÂÍÐÁÒ¡ ŚÒËģºȫ»ã¹ħ¹¾ӣ§׉...#$e#ĕ´Ɗ¹ã¨ã̋Ƥ˕Ð чģ¡!$h",
		"summer_27": "¾Ç¡áÁ§¡Ð¾Ƀ¹áÊ§Ĉ¹·Γ ¨ÐÁÒчщã¹Ǵ¹¾ӣ§׉ ¾Ç¡ġ¹ÊÇÂ§ÒÁáÅÐã̋¤ÇÒÁړǪ¡ ˌÍ¹¤ÅÒÂàÊÁÍàÅÂ#$e#ä»ɤ¾Ç¡ġ¹˴ÇÂā¹¹Ð чģ¡¢Í§ĉ¹$h",
		"fall_1": "ĉ¹äˑʴÍÂā§ÇÅàҳÍ§ ÍÒ¡ÒÈË¹ÒÇчıÒĥ§¨ÐÁÒǖ§ Ī¡àˇÒä˓#$e#ĉ¹ҥ¹à˵¹ч¨Ðä˴ ˌÒ¹ġ¹ä»āºȤ³ @$h#$e#ĉ¹ړ˗ÒàÃÒ¨ÐŇÒã̋ ā¹áÅÐā¹Íºӭ¹$4",
		"fall_9": "àұÍÇÒ¹µÍ¹ĉ¹ä»àŴ¹à˕¹ ĉ¹áÇÐµ¡»ÅÒ˴ÇÂ#$e#ĉ¹Ëħ§˗ÒȤ³¨ÐƋÇÍԒ¹Ð! [227 228]",
		"fall_15": "ĉ¹ªÍº§Ò¹à·È¡ÒÅ¹Ð... â´Âà©¾ÒÐµÍ¹чȤ³ÍԒ чι¹ˉÐ чģ¡$4",
		"fall_26": "¾ӣ§׉ä»ˍÒà¢ÒÇ§¡µ ˴ÇÂā¹¹Ð ËÇÒ¹ã¨$h#$e#˶ÒàÃÒÍԒ˴ÇÂā¹ ʁäˑĸÒàʛ¹˵Í§¡ĥÇÍÐäÃ$h",
		"winter_1": "ĉ¹ړǪ¡Ƃ¹ƤāºË˹ÒË¹ÒÇ ä˴ÁÒ¡¡˗ÒàŴÁ à¾ÃÒÐġ¹äˑãʺĨµɳ¢Í§ĉ¹ ƽ¡˅Íä»á̅Ç#$e#ƋÁÐÊÇÂ§ÒÁÁÒ¡... á˅ʁäˑàˇÒȤ³ËÃÍ¡¹Ð @$h",
		"winter_7": "¾ӣ§׉Ȥ³ˉÒ¨ÐàˢÒ ¡ÒÃáʲ§Ă¹µ¡»ÅÒ¹Ð ËÇÒ¹ã¨$h#$e#Ȥ³¨Ð˵Í§ª¹Ðȷ¡¤¹ Í˒Ò§¢Ò´ÅÍÂáˉ¹Í¹! Ȥ³ˉÐä̃àƧÂÁ·Ò¹$h",
		"winter_24": "§Ò¹à·È¡ÒÅ¨ÐĈ´ע¹ ã¹ħ¹¾ӣ§׉á̅Ç Է§àȑÍ§¨ÐÊ˗Ò§äÊÇ ä»˴ÇÂ¤ÇÒÁɊ¢... ġ¹àʛ¹ÀÒ¾чÁīÈ¨ÃÃΒÁÒ¡$h",
		"winter_28": "ƫãËˑıÒĥ§¨ÐÁÒǖ§àÃÒá̅Ç чģ¡#$e#ÁÒ©ÅÍ§˴ÇÂā¹à¶ÍÐ àÍÒщ ģºщä»Ɗ [346]$h#$e#Ƨ׉ʁÁÒɘºĉ¹ËˉÍÂ$4",
		"spouseRoom_Linus": "#$c .5#ĉ¹äˑà¤ÂµÃÐËę¡àÅÂ˗Ò ĉ¹Ʊ¢Í§˹ÍÂáʴäË¹ ¨¹¡ÃÐη§ĉ¹ÅÍ§ àÍÒġ¹ÍÍ¡ÁÒÇÒ§ã¹̋Í§$h",
		"patio_Linus": "ġ¹Ƥ¹ÐчĢ§ÊÒÁÒÃ¶ÍÍ¡ÁÒ ι§ż§ä¿ä˴ã¹µÍ¹ч ĉ¹ÍÂÒ¡¨ÐŇÒ$h#$e#ι§āºĉ¹ċ¡á»»Ɗ$h"
}
