{
		"Rainy_Day_Willy": "ˢÒ§¹Í¡Ʊ¾ÒɂàˢÒ˕Ð ÃÐħ§Í˒Òã̋ĕÇ»ƅÇ¹Ð!",
		"Rainy_Night_Willy": "ÊÀÒ¾ÍÒ¡ÒÈÍÒ¨¨Ðá˒ ŚÒËģº¡ÒÃŇÒÊÇ¹ á˅ġ¹ʁƤчä˴ÍԒāºà¸Í à˨Ò»ÅÒ˹ÍÂ¢Í§ĉ¹$h#$e#ä»¹Í¹ā¹à¶ÍÐ$h",
		"Indoor_Day_Willy": "Ǵ¹׉Ƴº¡ĥº˺Ò¹¹Ð чģ¡! ĉ¹àÍÒ»ÅÒчĈºä˴àұÍħ¹ʱÍ¹ ÁÒŇÒÍÒËÒÃã̋#$e#$h",
		"Indoor_Night_Willy": "ÁÒÅÍ§·Ò¹»ÅÒщƊ чģ¡ [198 214 242 728 202 225 212]#$e#ªÍºäËÁ?$h",
		"Outdoor_Willy": "ħ¹׉àʛ¹ħ¹чƤŚÒËģº¡ÒÃ µ¡»ÅÒ$h#$e#Ǵ¹׉ĉ¹ÍÒ¨¨Ð¡ĥº˪ÒËˉÍÂ á˅à¸Íäˑ˵Í§àʛ¹˛Ç§ »ÅÒ˹ÍÂчģ¡",
		"spring_Willy": "Äɤãºä́¼ƅá̅ÇƊ¹Ð ãʺäËÁ˕Ð?",
		"summer_Willy": "ĉ¹˵Í§àÍÒä̊»ÅÒÍÍ¡ Ëĥ§¨Ò¡µ¡¾Ç¡ġ¹ע¹ÁÒ..#$e#äˑ˵Í§˛Ç§ чģ¡ ĉ¹¨Ðä»àÍÒġ¹ÍÍ¡ÁÒàÍ§ %pet ·Ò¹ä̊¾Ç¡׉ä˴¹Ð$h",
		"fall_Willy": "ÍÒ¡ÒÈàʢ¹àʣÇÁÒ¡àÅÂ à¹ÍÐ чģ¡?",
		"winter_Willy": "ƋÁÐµ¡á̅ÇËÃÍ? äÇĈ§?",
		"Rainy_Day_0": "ˢÒ§¹Í¡äˑ¾ÒɂàˢÒ˕Ð ÃÐħ§Í˒Òã̋ĕÇ»ƅÇ¹Ð!",
		"Rainy_Day_1": "ˢÒ§¹Í¡ι¹½¹µ¡¹Ð!#$e#ËÒÍÐäÃӭ¹æã˚ä̇˕Ð à˨Ò»ÅÒ˹ÍÂчģ¡$h",
		"Rainy_Day_2": "äˑƱÍÐäÃƤä»¡˗Ò½¹á̅Ç˕Ð#$e#ĉ¹˗Òħ¹׉»ÅÒ˵Í§Ǆ¡áˉ¹Í¹$h",
		"Rainy_Day_3": "à¸Í˵Í§ä»ŇÒ§Ò¹µÒ¡½¹ ¨ƃ§æËÃÍ »ÅÒ˹ÍÂчģ¡ ¢Í§ĉ¹?$s",
		"Rainy_Night_0": "½¹µ¡áºº׉ŇÒã̋ĉ¹Ť´ǖ§ ¡ÒÃÍԒ¤¹àƤÂÇч·ÐàÅ#$e#ĉ¹Ƥã¨ÁÒ¡чµÍ¹׉ä˴ÁÒÍԒ āºà¸Í$4",
		"Rainy_Night_1": "à¸ÍàËȑÍ¹áÁÇµ¡թÒàÅÂ!$s#$e#àˢÒä»ËÒчӭ¹æƊ ĉ¹¨ÐŇÒرÍϔÒã̋à¸Í [727 728 457]$h",
		"Rainy_Night_2": "ÍÒ¡ÒÈˢÒ§¹Í¡ι¹ɤäˑƤàÅÂ#$e#ĉ¹Ƥã¨чÍԒāºàÐÍ â´Âäˑ˵Í§ä»á˕¹àȓÍÍÍ¡ËÒ »ÅÒ$h",
		"Rainy_Night_3": "ÊÀÒ¾ÍÒ¡ÒÈÍÒ¨¨Ðá˒ŚÒËģº ¡ÒÃŇÒÊÇ¹ á˅ġ¹ʁƤчä˴ÍԒāºà¸Í à˨Ò»ÅÒ˹ÍÂ¢Í§ĉ¹$h#$e#ä»¹Í¹ā¹à¶ÍÐ$h",
		"Indoor_Day_0": "ÍɃ³ÊħÊڴ à˨Ò»ÅÒ˹ÍÂ¢Í§ĉ¹$h#$e#ĉ¹ŇÒÍÒËÒÃà˪Òä̇ã̋ [194 195 210 211 216]",
		"Indoor_Day_1": "Ǵ¹׉Ƴº¡ĥº˺Ò¹¹Ð чģ¡!#$e#ĉ¹àÍÒ»ÅÒчĈºä˴àұÍħ¹ʱÍ¹ÁÒŇÒÍÒËÒÃã̋$h",
		"Indoor_Day_2": "˵Í§ÍÍ¡ä»ɤáÅԷ§¿ÒΓÁƊ¹Ð?$h#$e#ŇÒã̋ĕÇàÍ§áʂ§áÃ§ä̇˕Ð чģ¡ [184]",
		"Indoor_Day_3": "ħ¹׉àËÁÒÐāº¡ÒÃä»Ż¡Ź¡ чªÒÂËÒ´ à¹ÍÐ чģ¡?$h",
		"Indoor_Night_0": "à̎ à˨Ò»ÅÒ˹ÍÂчģ¡ ħ¹׉àʛ¹ä§˺Ò§?$h#$e#à˕Òã̋ĉ¹ğ§ËˉÍÂƊ$h",
		"Indoor_Night_1": "ɤ¾ÃÐĈ¹·Γι¹Ɗ",
		"Indoor_Night_2": "ÁÒÅÍ§·Ò¹»ÅÒщƊ чģ¡ [198 214 242 728 202 225 212]#$e#ªÍºäËÁ?$h",
		"Indoor_Night_3": "ǖ§àÇÅÒ¹Í¹á̅Ç ãʺäËÁ˕Ð?$h#$e#ıÒĥ§ÁÒãʺäËÁ »ÅÒ˹ÍÂ¢Í§ĉ¹?$4",
		"Outdoor_0": "¿ÒΓÁщÊÇÂÁÒ¡àÅÂ#$e#ĉ¹ɰƁã¨ã¹ĕÇà¸ÍÁÒ¡$h",
		"Outdoor_1": "ħ¹׉ÍÒ¡ÒÈƤ¹Ð#$e#àÃÒ¤ÇÃä»àŴ¹à˕¹ā¹Ëĥ§§Ò¹à¸ÍàÊʣ¨¹Ð$h",
		"Outdoor_2": "ħ¹׉ÍÒ¡ÒÈɤƤÁÒ¡æàÅÂ... Ëħ§˗Ò¨ÐäˑƱ½¹¹Ð",
		"Outdoor_3": "ħ¹׉àʛ¹ħ¹чƤŚÒËģº¡ÒÃ µ¡»ÅÒ$h#$e#Ǵ¹׉ĉ¹ÍÒ¨¨Ð¡ĥº˪ÒËˉÍÂ á˅à¸Íäˑ˵Í§àʛ¹˛Ç§ »ÅÒ˹ÍÂчģ¡",
		"OneKid_0": "äˑà¤ÂŤ´àÅÂ˗Òĉ¹¨ÐƱɵ¡  ĉ¹àʛ¹ªÒÇ»ÃÐÁ§чƱ¤ÇÒÁɊ¢ чɊ´ã¹âÅ¡$h",
		"OneKid_1": "ĉ¹ÃÍħ¹ч %kid1 ¨Ðâµ¾Íä»µ¡»ÅÒāºĉ¹#$e#ĉ¹ıÒĥ§Ǚ¡ÀÒ¾·ƃ»µ¡»ÅÒāº ¤ÃÍº¤ģÇ$h",
		"OneKid_2": "à¸ÍŤ´˗Òɵ¡ƱÍÐäÃàËȑÍ¹ ĉ¹˺Ò§?#$e#á˅˵Í§ä˴Ъ§ƤæÁÒ¨Ò¡à¸Í àÂÍÐáˉ¹Í¹$h",
		"OneKid_3": "ĉ¹äˑÍÂÒ¡¨ÐàҚÍ˗ÒàÃÒ ¨ÐƱɵ¡ˉÒģ¡¢¹Ò´׉$h",
		"TwoKids_0": "Ëĥ§¨Ò¡ÍԒ¤¹àƤÂÇÁÒ¹Ò¹ ġ¹àʛ¹Ⱥ­ÁÒ¡чƱàʔ¡ 2 ¤¹׉ Ч§à˕¹ÃÍºæ ĉ¹$h",
		"TwoKids_1": "ĉ¹ºÍ¡à¸ÍˊÍÂ¾ÍäËÁ˗Ò ĉ¹ģ¡¤ÃÍº¤ģÇ¢Í§àÃÒ ÁÒ¡áʴäË¹?$h",
		"TwoKids_2": "àʔ¡æ áÅÐĉ¹¨Ðǝ¡µ¡»ÅÒч ÊÇ¹Ëĥ§˺Ò¹$h#$e#ÍÐäÃā¹? ġ¹ĕÇãËʽ¾ÍÊÁ¤ÇÃàÅÂ...$s",
		"TwoKids_3": "%kid1 àËȑÍ¹à¸ÍÁÒ¡àÅÂ$h#$e#%kid2? àËȑÍ¹ĉ¹ä§˕Ð!$h",
		"Good_0": "à¸ÍË˕ÍÁÒ¡àÅÂ ˶Òĉ¹Ģ§äˑړĈ¡à¸ÍÁÒ¡ ĉ¹¨ÐŤ´˗Òà¸Íàʛ¹ä«àÃ¹ ¢Í§˷Í§·ÐàÅ$4^à¸ÍÊÇÂÁÒ¡ ˶Òĉ¹Ģ§äˑړĈ¡à¸ÍÁÒ¡ ĉ¹¨ÐŤ´˗Òà¸Íàʛ¹ä«àÃ¹ ¢Í§˷Í§·ÐàÅ$4",
		"Good_1": "ǖ§ĉ¹¨ÐäˑÃÇÂ̅¹˿Ò á˅ĉ¹Ե§ã¨¨ÐÁÍº¤ÇÒÁģ¡ áÅÐ¤ÇÒÁɊ¢ã̋à¸Í à˨Ò»ÅÒ˹ÍÂ¢Í§ĉ¹$h",
		"Good_2": "ÃÍÂ֢Á¢Í§à¸Í ǴÍЪ§чŉÒ·Ò§ ĉ¹¡ĥº˺Ò¹¨Ò¡·ÐàÅ à˨Ò»ÅÒ˹ÍÂчģ¡¢Í§ĉ¹$4",
		"Good_3": "Ъ§àƤÂÇчĉ¹˵Í§¡ÒÃǴÍ ÍԒāºà¸Íä»µÅÍ´$h",
		"Good_4": "ĉ¹ÂÍÁã̋àʚ´µ¡»ÅÒчƤчɊ´ ¢Í§ĉ¹ã̋à¸Í чģ¡$h",
		"Good_5": "ªÒÇ»ÃÐÁ§ȷ¡¤¹ÍÂÒ¡ä» µÒÁËÒÊÁĚŵյÒʴÒã¹·ÐàÅ#$e#àʛ¹âª¤¢Í§ªÒÇ»ÃÐÁ§ ¾Ç¡Թ¹ ˚Ç¹¢Í§ĉ¹Թ¹ÍԒчщ$4",
		"Good_6": "ĉ¹âÍà¤¹Ð ˶ÒթÒ·ÐàÅ ¨ÐËÒÂä»ËÁ´âÅ¡ à¾ÃÒÐĉ¹Ģ§Ʊà¸ÍÍԒ »ÅÒ˹ÍÂчģ¡$h",
		"Good_7": "à¸ÍŇÒã̋ĉ¹àʛ¹ªÒÇ»ÃÐÁ§ чƱ¤ÇÒÁɊ¢чɊ´$4$e#ǖ§µ¡»ÅÒã¹ŅÒ¹Ò¹ä˴ ʁäˑƱ¤ÇÒÁɊ¢àˇÒ׉$h",
		"Neutral_0": "ĉ¹ƋÇ¨¹š¹»ÅÒÇÒÌ ä˴Է§ĕÇàÅÂ",
		"Neutral_1": "ĉ¹ŇÒ¡˕Í§ӗ¹µ¡»ÅÒµ¡ã˚ à˷Ò... ġ¹àʈº¡˗Òчĉ¹à¤Â â´¹à˅ÒÊá¹»֛§ā´ƽ¡$s",
		"Neutral_2": "àұÍÇÒ¹ĉ¹àǱÍºĈº »ÅÒɧˉÒ ĕÇчãËʽчɊ´ä˴á̅Ç á˅ġ¹ƱÍÐäÃċ¡ Í˒Ò§ÁÒĕ´ÊÒÂàʚ´¢Í§ĉ¹$5",
		"Neutral_3": "ħ¹׉à¸ÍƱá¼¹¨ÐŇÒÍÐäÃËÃÍ ? ĉ¹¤§˵Í§àƅ¡Ť´àҳÍ§»ÅÒ ċ¡ËˉÍÂ",
		"Bad_0": "ĉ¹äˑÍÂÒ¡ȤÂµÍ¹׉$s",
		"Bad_1": "à¸Íġ¹ä̃īÇã¨ ĉ¹ÍÂÒ¡ÍԒ¤¹àƤÂÇ$5",
		"Bad_2": "ĉ¹Ť´ǖ§¡ÒÃÍԒº¹àȓÍ áººчäˑƱã¤ÃÁÒӢ§āºĉ¹$5",
		"funLeave_Willy": "ħ¹׉ĉ¹˵Í§ä»̃Ò¹ɤàҳÍ§ àËҲÍ»ÅÒàʱÒчàËȕÍ чģ¡#$e#ĉ¹àƺÂã¨чä˴áʴė¡·ÒÂ ˢÒ§¹Í¡ι¹ġ¹àË§ÒÁÒ¡àÅÂ$h",
		"funReturn_Willy": "ħ¹׉àʛ¹ä§˺Ò§ чģ¡?#$e#̃Ò¹ˤÒàʱÒԹ¹àƗÂºÊ§º àËȑÍ¹чà¤Â ĉ¹áÇÐä»µ¡»ÅÒá̫ºǙ§#$e#¾Ç¡ġ¹ؤÍÁÒ¡àÅÂ щàÅÂ чģ¡ [147 149 146 139]#$e#à¸ÍÍÒ¨¨ÐàÍÒġ¹ä» ŇÒÍÒËÒÃʁä˴¹Ð$h",
		"spring_1": "ƫãËˑá̅ÇƊ¹Ð țÁ?#$e#Ëħ§˗Ò»ÅÒáÍ§âªї Ģ§ËÒš¹ÍԒ¹Ð...",
		"spring_12": "à¸ÍËÒäʲƽÊàµÍΓàʱ§Ɗ¹Ð țÁ?#$e#ĉ¹ŵ´ÍԒáʴāº¡ÒÃµ¡»ÅÒ...",
		"spring_23": "¾ӣ§׉à¸Í¨Ðà˵¹āºĉ¹äËÁ »ÅÒ˹ÍÂ¢Í§ĉ¹?$h",
		"summer_1": "֟Ç! ˢÒ§¹Í¡ι¹˵Í§̃Í¹ÁÒ¡ áˉàÅÂ#$e#à¨Í»ÅÒà·ÃÒ·ÊÒÂ٣§ àÂÍÐáˉ¹Í¹$h",
		"summer_10": "¾ӣ§׉à¸Í¨ÐàÍÒÍÐäÃã˚ȫ» ËÃÍ чģ¡?#$e#ĉ¹ËÃÍ? »¡ŵĉ¹ã˚ »ÅÒȴ¡˕Ð$h",
		"summer_27": "ȷ¡ƫĉ¹¨Ðι§ÍԒº¹àȓÍ ¤¹àƤÂÇ ɤáÁ§¡ÃÐ¾Ƀ¹áÊ§Ĉ¹·Γ á˅µÍ¹׉Ʊà¸Í˴ÇÂġ¹Ƥע¹ 10 àˇÒàÅÂ˕Ð$h",
		"fall_1": "ġ¹àУÁË¹ÒÇע¹á̅Ç... Ëħ§˗ÒàÃÒ¨Ðà¨Í á«ÅÁÍ¹ àʣÇæ ׉¹Ð",
		"fall_15": "¾ӣ§׉ä»à˕¹µ¡»ÅÒā¹ чģ¡ ĉ¹¨ÐàÍÒÃÒ§ħÅÁÒã̋à¸Í$h",
		"fall_26": "ĉ¹äˑʴÍÂÊ¹àҳÍ§à¢ÒÇ§µ¡ àˇÒäË˓ˉÐ#$e#á˅˶Òà¸Í¡ĥÇĉ¹¨ÐŉÒ·Ò§ã̋ ¹Ð à˨Ò»ÅÒ˹ÍÂ$h",
		"winter_1": "ڗÇÇ... ġ¹Ë¹ÒÇÁÒ¡àÅÂ#$e#ä˴àÇÅÒàŻ´ã˪ɍ»¡Ã΃µ¡»ÅÒ ã˵թÒáʂ§á̅Ç!$h",
		"winter_7": "à·È¡ÒÅчĉ¹¶ę´ÁÒǖ§á̅Ç! ƫ׉ĉ¹¨Ðª¹Ðã̋ä˴#$e#ÍÂÒ¡ã̋Ʊ¡ÒÃáʲ§Ă¹µ¡»ÅÒ àÂÍÐæ Ĉ§$h",
		"winter_24": "ȷ¡Ъ§чĉ¹˵Í§¡ÒÃã¹§Ò¹ ħ¹¾ӣ§׉ǴÍà¸Í¹Ð чģ¡... á̅Çʁ¡˕Í§ӗ¹µ¡»ÅÒãËˑ˴ÇÂ$h",
		"winter_28": "ƫ׉àʛ¹ƫчƤŚÒËģº¡ÒÃµ¡»ÅÒ ÁÒ¡àÅÂ á˅ƱÍ˒Ò§ҽ¹ч ŇÒã̋ġ¹ƤÁÒ¡æ ǴÍà¸Í¹Ð à˨Ò»ÅÒ˹ÍÂ$4#$e#ÁÒҤÁ©ÅÍ§ā¹à¶ÍÐ [346]",
		"spouseRoom_Willy": "#$c .5#àұÍá·§ʹщỄÒ§àÊʣ¨ àұÍäË˓ġ¹¨ÐÍÍ¡ÁÒɤƤÁÒ¡#$e#ã˚»ÅÒĞ¹ۨÍÐäÃˉÐËÃÍ...? ȷ¡Ğ¹ۨчµ¡ä˴àÅÂ!$h#$e#µÍ¹׉ ĉ¹àÍÒà¤ҳÍ§¡ÃÍ§ä»ä̇äË¹ ¹Ð...",
		"patio_Willy": "àÍÒע¹... ˴ÒÂщġ¹Ǖ§á̅Ç..."
}
