{
		"Rainy_Day_Pam": "ĉ¹äˑÍÂÒ¡ÍÍ¡ä»ˢÒ§¹Í¡ â´ÂчÊÀÒ¾ÍÒ¡ÒÈ àʛ¹áºº׉àÅÂ$s...#$e#ĉ¹ÍÒ¨¨ÐáʴËÒÍÐäÃŇÒ á¶Çæ ˺Ò¹",
		"Rainy_Night_Pam": "Ëħ§˗Òħ¹׉ à¸Í¨ÐäˑàƫÂ¡½¹¹Ð чģ¡#$e#ħ¹׉ˢÒ§¹Í¡ ɤäˑʴÍÂÊÐÍÒ´àÅÂ¹Ð",
		"Indoor_Day_Pam": "ÍɃ³ÊħÊڴ чģ¡ ħ¹ƽ¡ħ¹ŚÒËģº§Ò¹ÊÇ¹Ɗ¹Ð țÁ?#$e#à݋ÂÇĉ¹¨ÐŇÒرÍàʢ¹ã̋¹Ð$h",
		"Indoor_Night_Pam": "щ чģ¡ ĉ¹ӭ¹ġ¹ä̇ ŚÒËģºàʛ¹ÍÒËÒÃϔÒħ¹׉ [206]",
		"Outdoor_Pam": "à̎ чģ¡ ħ¹׉ɤÊ´ãÊƤ¹Ð ˗ÒäËÁ?",
		"spring_Pam": "ύ¡... âÃ¤ɰƁá˾ãºä́¼ƅ ¡ĥºÁÒàËȑÍ¹¡ÒÃáˡáˤ¹ Ɗ¹Ð$s",
		"summer_Pam": "*à̎Í* àËҗÍ¾Ç¡׉... ŇÒäÁ˵Í§á¤Γ àҳÍ§á˅§Ë˹Ò Ե§á˅áÃ¡˴ÇÂ¹Ð?$s",
		"fall_Pam": "ãºä́¾Ç¡׉˓Ç§ä»ηÇ˺Ò¹...#$e#áˉ¹Í¹¾Ç¡ġ¹ÊÇÂƤ á˅¡ÒÃàʁº¡ÇÒ´ ġ¹àʛ¹Ъ§чàʈº»Ç´Ɋ´æ",
		"winter_Pam": "ÍÂÒ¡àÍÒĕÇä»ÍԒ Ë˹ÒàµÒż§ËÃÍ àʔ¡˹ÍÂ?$h",
		"Rainy_Day_0": "ÃÐħ§Í˒Òã̋ĕÇàƫÂ¡¹Ð àʔ¡˹ÍÂ ĉ¹¨ÐäˑÂÍÁã̋à¸ÍÁÒ´Á áÍÁâÁàƩÂáººĉ¹!",
		"Rainy_Day_1": "ÍɃ³ÊħÊڴ$h#$e#щ àʔ¡˹ÍÂ  ¡Òá¿чƤáÅÐŇÒã̋áʂ§áÃ§ [395]",
		"Rainy_Day_2": "ĉ¹äˑʴÍÂä˴ŇÒÍÒËÒÃ  á˅щ чģ¡ àÍÒä»·Ò¹Ɗ [194 195 210 211 216]",
		"Rainy_Day_3": "ĉ¹äˑÍÂÒ¡ÍÍ¡ä»ˢÒ§¹Í¡ â´ÂчÊÀÒ¾ÍÒ¡ÒÈ àʛ¹áºº׉àÅÂ$s...#$e#ĉ¹ÍÒ¨¨ÐáʴËÒÍÐäÃŇÒ á¶Çæ˺Ò¹",
		"Rainy_Night_0": "Ëħ§˗Òħ¹׉à¸Í ¨ÐäˑàƫÂ¡½¹¹Ð чģ¡#$e#ħ¹׉ÍÒ¡ÒÈˢÒ§¹Í¡ ɤäˑʴÍÂÊÐÍÒ´àÅÂ¹Ð",
		"Rainy_Night_1": "à̎ à¸Í¡ĥºÁÒá̅Ç Ǵ¹׉àÃÒÍԒˢÒ§ã¹ā¹à¶ÍÐ",
		"Rainy_Night_2": "ĉ¹ӭ¹ȫ»ã̋à¸Í Ëħ§˗Òġ¹¨ÐÍ˓ÍÂ¹Ð [199 218 219 727 730]$h",
		"Rainy_Night_3": "ÍÒ... àƺÂ§¢Í§ÊÒÂ½¹... Ǵ¹׉¹Í¹ËĥºÊºÒÂáˉ¹Í¹$h",
		"Indoor_Day_0": "ÍɃ³ÊħÊڴ чģ¡ ħ¹ƽ¡ħ¹ŚÒËģº§Ò¹ÊÇ¹Ɗ¹Ð țÁ?#$e#à݋ÂÇĉ¹¨ÐŇÒÍÒËÒÃã̋¹Ð$h",
		"Indoor_Day_1": "à̎ чģ¡ ĉ¹ӭ¹¾Ç¡׉ã̇ ŚÒËģºÍÒËÒÃرÍà˪Ò [234]",
		"Indoor_Day_2": "à݋ÂÇĉ¹¨Ðä»àђÂÁà¾¹Ʃ¹Ð#$e#ĉ¹˗Òà¸ÍÍԒ¤¹àƤÂÇ â´ÂчäˑƱĉ¹ à¸Í˵Í§àË§ÒÁÒ¡æ áˉàÅÂ",
		"Indoor_Day_3": "ħ¹׉à¸Í¨ÐŇÒÍÐäÃËÃÍ àʔ¡˹ÍÂ? ƱÍÐäÃˉÒҥ¹à˵¹äËÁ?",
		"Indoor_Night_0": "Ğ¡ˌÍ¹˺Ò§¹Ð àʔ¡˹ÍÂ! à¸ÍŇÒ§Ò¹Ëę¡ÁÒԷ§ħ¹á̅Ç¹Ð à¸Í¤§»Ç´à˷Ò˺Ò§áËÅÐ$h",
		"Indoor_Night_1": "щ чģ¡ ĉ¹ӭ¹ġ¹ã̋à¸Í ŚÒËģºرÍϔÒ [206]",
		"Indoor_Night_2": "¾̃ÍÁ¹Í¹ǣĢ§ чģ¡?#$e#ĉ¹àО§ŇÒ§Ò¹àÊʣ¨$h",
		"Indoor_Night_3": "ÁÒщàÅÂ чģ¡ ã̋ĉ¹¹Ç´à˷Òã̋¹Ð#$e#à¸ÍÍԒāº§Ò¹Է§ħ¹àÅÂ à¸ÍˉÒ¨Ð»Ç´ÁÒ¡æ$h",
		"Outdoor_0": "à̎... Í˒ÒŇÒ§Ò¹ī¡âËÁ¹Ð àʔ¡˹ÍÂ$h",
		"Outdoor_1": "à¸ÍŇÒ§Ò¹ä˴àђÂÁÁÒ¡ чģ¡ à¸Íàʱ§ÁÒ¡$7",
		"Outdoor_2": "à̎ чģ¡ ħ¹׉ɤƤ¹Ð ˗ÒäËÁ?",
		"OneKid_0": "ĉ¹äˑà¤ÂŤ´ÁÒʱÍ¹àÅÂ ˗Ò¨ÐƱɵ¡ƽ¡¤¹ ¹Í¡¨Ò¡à¾¹Ʃ$h",
		"OneKid_1": "Ʊàʔ¡ƽ¡¤¹àƳÂ¡ĉ¹˗Òáˑ țÁ...?#$e#Ʊ¤ÇÒÁɊ¢Ĉ§àÅÂ$h",
		"OneKid_2": "%kid1 à˨Ò¤ÇÒÁģ¡¢Í§áˑ$h",
		"TwoKids_0": "à¾¹Ʃҥ¹à˵¹ÁÒ¡àÅÂ ч¨Ðä˴à¨Í˹Í§æ ¢Í§à¸Í$h#$e# à¸Í¨Ðàʛ¹Ȥ³¤ɳ¢Í§àʔ¡æ ã¹ƽ¡äˑбƫ$6",
		"TwoKids_1": "à¸Íàʛ¹ˎÍ чÂÍ´àђÂÁÁÒ¡àÅÂ àʔ¡˹ÍÂ$h^à¸Íàʛ¹áˑ чÂÍ´àђÂÁÁÒ¡àÅÂ àʔ¡˹ÍÂ$h",
		"TwoKids_2": "àÃÒƱ¤ÃÍº¤ģÇ чÊÁɪÃ΃áºº ãʺäËÁ˕Ð? @?$h",
		"Good_0": "ħ¹׉à¸ÍɤË˕Í¹Ð$7^ħ¹׉à¸ÍɤˉÒģ¡¹Ð$7",
		"Good_1": "à¸Íàʛ¹¤¹ʺÒ§Ī§à¡µ¹Ð ړÍÐäÃäËÁ?$7#$e#ÁÒщá̅Çɘºĉ¹ àʔ¡ѷÁ$4",
		"Good_2": "àÃÒỄÒ§ę¡ʶÒӴ ãʺäËÁ˕Ð?$h",
		"Good_3": "ĉ¹äˑŤ´˗Òĉ¹¨Ðä˴á˅§§Ò¹ á˅à¸ÍÁÒžɺ¨Ή˗Òġ¹äˑ¨ƃ§ ãʺäËÁ˕Ð?$h",
		"Good_4": "ģºʺÍ´Í¡ä́¨Ò¡à¸Í àʛ¹¡ÒÃĕ¡Ɗ¹ã¨чɦ¡ ˗ÒäËÁ?$7",
		"Neutral_0": "ĉ¹թÒËę¡Å´áËÅÐ à¸Íړá̅ÇǣĢ§?#$e#ĉ¹¤ÇÃ˵Í§š¹ÍÒËÒÃ чƤ˅ÍɊ¢ÀÒ¾á̅Ç",
		"Neutral_1": "ġ¹àʛ¹àҳÍ§»¡ŵ ч¨ÐÊ¡»Ã¡äÇáºº׉",
		"Neutral_2": "ƱÍÐäÃчŚÒĄ­ ˵Í§ŇÒħ¹׉äËÁ țÁ?#$e#ĉ¹ıÒĥ§¨Ðä»̃Ò¹ŻáÍΓˉÐ",
		"Bad_0": "»˕ÍÂĉ¹ÍԒ¤¹àƤÂÇ!$3",
		"Bad_1": "...$5",
		"Bad_2": "à¸ÍŇÒàËȑÍ¹ĉ¹àʛ¹¢ÂÐ$5#$e#...µÍ¹׉ĉ¹ĸÒä˴á̅Ç˗Ò ŇÒäÁĉ¹âÊ´ÁÒ¹Ò¹$s",
		"funLeave_Pam": "ħ¹׉ĉ¹ÍÍ¡ä»ˢÒ§¹Í¡¹Ð àʔ¡˹ÍÂ#$e#Í˒ÒŤ´ǖ§ĉ¹àš¹ä»˕Ð!$7",
		"funReturn_Pam": "ħ¹׉Ť´ǖ§à¸ÍĈ§ чģ¡#$e#Ƥã¨Ĉ§чä˴¡ĥºÁÒ$h",
		"spring_1": "ÊħÊƤƫãËˑ чģ¡ Ëħ§˗Ò¨Ðàʛ¹ƫчƤ¹Ð$h",
		"spring_12": "à¸Íàʱ§àҳÍ§ËÒ äʲƽÊàµÍΓãʺäËÁ?#$e#ª¹Ðá̅Ç àÍÒ¢Í§ÁÒã̋ĉ¹Ɗ чģ¡$h",
		"spring_23": "ĉ¹ËÒȪ´àʱÒæ àҮÍ§Ò¹ħ¹¾ӣ§׉àÅÂ¹Ð àʔ¡˹ÍÂ àÃÒ¨ÐâªΗã̋àʔ¡æ ɤ˗Òġ¹àʛ¹Ģ§ä§$7",
		"summer_1": "ύ¡... ¤ÇÒÁ̃Í¹¢Í§Ë˹Ò̃Í¹ äˑàËÁÒÐāºڌËŭ§ ƱÍÒɂáººĉ¹àÅÂ$s",
		"summer_10": "¾ӣ§׉ã˚àƪÂΓä»ã˚ȫ»Ɗ àʔ¡˹ÍÂ!$7#$e#ȷ¡¤Ճ§чĉ¹ŇÒ ˇÒ¹ڌ˗Òģ¡ġ¹àÅÂ˕Ð$h",
		"summer_27": "â̍ ãʺ... ¾ӣ§׉Ʊ§Ò¹à·È¡ÒÅƊ¹Ð țÁ?#$e#... ¾Ç¡ġ¹ÊÇÂÁÒ¡àÅÂãʺՁÂ˕Ð?",
		"fall_1": "Äɤãºä́˓Ç§ àʛ¹ÄɤчƤŚÒËģºÍÒËÒÃ áÅÐàƪÂΓ¨ƃ§æ$h",
		"fall_15": "ÍÒËÒÃч§Ò¹á¿Γι¹ ·Ò¹á̅Ç¹Í¹µÒÂµÒËĥºàÅÂ$7",
		"fall_26": "àˢÒÁÒàÅÂ à¢ÒÇ§¡µŚÒËģºħ¹¾ӣ§׉! ĉ¹äˑ¡ĥÇƬËÃÍ¡$h",
		"winter_1": "ÄɤË¹ÒÇÁÒäÇ¨ƃ§æ àÅÂ¹Ð țÁ?#$e#ÍÒ¨¨ÐƤ¡˗Ò ˶Òĉ¹Íºӭ¹Է§Ë˹ÒË¹ÒÇ׉ àʔ¡˹ÍÂ$7",
		"winter_7": "ĉ¹ģ¡à¸Í чģ¡ á˅¾ӣ§׉ĉ¹¨ÐàµÐˡ¹à¸Í$h",
		"winter_24": "ÃÍäˑäËÇá̅Ç ч¨Ð·Ò¹ÍÒËÒÃ¢Í§āÊ ħ¹à·È¡ÒÅħ¹¾ӣ§׉#$e#§Ò¹©ÅÍ§׉ àʛ¹Ъ§чƤчɊ´¢Í§ƫàÅÂ!$h",
		"winter_28": "äˑÍÂÒ¡¨ÐàҚÍàÅÂ ˗Ò¨ÐËÁ´ƫá̅Ç#$e#©ÅÍ§ā¹ чģ¡ щŚÒËģºƽ¡ƫчƤ¢Í§àÃÒ [346]$7",
		"spouseRoom_Pam": "#$c .5#ħ¹׉ĉ¹ÍÂÒ¡¨Ðáʴ ÍԒֲàƑÂ¨áÅÐ¹Í¹ɤƧƷ...",
		"patio_Pam": "äˑÍÂÒ¡¨ÐàҚÍàÅÂ ˗Òĉ¹ÍÂÒ¡ɤáÅÊÇ¹´Í¡ä́#$e#ġ¹ˉÒá»Å¡ã¨ÁÒ¡àÅÂ$h"
}
