{
		"Rainy_Day_Lewis": "ÊÀÒ¾ÍÒ¡ÒÈɤäˑʴÍÂƤàÅÂ...#$e#˶ÒȤ³˵Í§¡ÒÃĉ¹ ĉ¹¨Ðä»ËÒė¹Ƨ$h",
		"Rainy_Night_Lewis": "ĉ¹ŇÒȫ»ŚÒËģºȑÍϔÒ˕Ð [199 218 219 727 730]#$e#ĉ¹äˑä˴ŇÒÍÒËÒÃàʱ§áººāÊ á˅ĉ¹Ëħ§˗Ò Ȥ³¨ÐªÍºġ¹¹Ð$h",
		"Indoor_Day_Lewis": "ÍɃ³ÊħÊڴ чģ¡...#$e#ĉ¹àО§»Ʌ¡ĕÇàÍ§ã̋ҥ¹ щ ĉ¹Ëħ§˗Òġ¹¨ÐʺÇÂȤ³¹Ð [395]",
		"Indoor_Night_Lewis": "ħ¹׉ʺÒ§ÂÒÇ¹Ò¹...#$e#àÍ¡ÊÒÃáÅÐ§Ò¹ÁÒ¡ÁÒÂ$s#$e#ƽ¡Ī¡Ğ¡ àÃÒä»¹Í¹ā¹à¶ÍÐ¹Ð чģ¡ ĉ¹àËҩÍÂÁÒ¡àÅÂ",
		"Outdoor_Lewis": "1 ħ¹¢Í§Ȥ³щàУÁäÇÁÒ¡àÅÂ ãʺäËÁ˕Ð?#$e#ĉ¹äˑʴÍÂä˴ҥ¹à˪Òáºº׉àˇÒäË˓$h",
		"spring_Lewis": "Է§Ëԑ˺Ò¹ɤƱƚƇµƚÇÒ ã¹Äɤãºä́¼ƅ¹Ð ġ¹Ê´Қ¹ÁÒ¡àÅÂ$h",
		"summer_Lewis": "ĉ¹äˑʴÍÂªÍº ¤ÇÒÁ̃Í¹ã¹Äɤ̃Í¹àÅÂ...#$e#á˅ĉ¹˵Í§ŇÒË˹ÒµÒ Ʊ¤ÇÒÁɊ¢ã̋ڌ¤¹ɤ$h",
		"fall_Lewis": "Ëԑ˺Ò¹׉ɤˉÒģ¡ ã¹ƺ¢Í§Äɤãºä́˓Ç§¹Ð",
		"winter_Lewis": "ƋÁÐ¾Ç¡׉ˉÒģ¡ÁÒàÅÂ á˅ġ¹ʁÂÒ¡ч˵Í§àŴ¹ ä»äË¹ÁÒäË¹â´ÂäˑƱÃÍ§à˷Òݧ·...",
		"Rainy_Day_0": "ÊÀÒ¾ÍÒ¡ÒÈɤäˑʴÍÂƤàÅÂ...#$e#˶ÒȤ³˵Í§¡ÒÃĉ¹ ĉ¹¨Ðä»ËÒė¹Ƨ$h",
		"Rainy_Day_1": "ģºщä»àÅÂ чģ¡ ĉ¹ŇÒàÊʣ¨ÁÒċ¡Ğ¡á̅Ç [395]",
		"Rainy_Day_2": "ħ¹׉Ȥ³Ʊá¼¹ ¨ÐŇÒÍÐäÃËÃÍ чģ¡?#$e#ÊÀÒ¾ÍÒ¡ÒÈáºº׉ ŇÒã̋ĉ¹äˑÍÂÒ¡ÍÍ¡ä»ˢÒ§¹Í¡... Ƥ¹Ðчĉ¹Ʊ§Ò¹˵Í§ŇÒˢÒ§ã¹",
		"Rainy_Day_3": "ȞÁ... Ǵ¹׉àÃÒŇÒÍÐäÃ·Ò¹Ƥ?",
		"Rainy_Night_0": "ĉ¹ŇÒȫ»ŚÒËģºرÍϔÒħ¹׉˕Ð [199 218 219 727 730]#$e#ǖ§ĉ¹¨Ðäˑàʱ§ àҳÍ§ŇÒÍÒËÒÃ á˅Ëħ§˗Ò Ȥ³¨ÐªÍºġ¹¹Ð$h",
		"Rainy_Night_1": "½¹¾Ç¡׉ŇÒã̋˺Ò¹àÃÒɤˉÒ¹Í¹ ãʺäËÁ˕Ð чģ¡?$h#$e#àÃÒä»¹Í¹ā¹à¶ÍÐ$h",
		"Rainy_Night_2": "ËÒàغÍ˼Òӭ¹æÁÒã˚¹Ð чģ¡ ĉ¹äˑÍÂÒ¡ã̋Ȥ³äˑÊºÒÂ",
		"Rainy_Night_3": "Ǵ¹׉àÃÒàˢÒ¹Í¹àʣÇā¹¹Ð âÍà¤äËÁ?#$e#Ȥ³ɤË¹ÒÇæ ĉ¹¨ÐŇÒã̋Ȥ³ӭ¹ע¹àÍ§$h",
		"Indoor_Day_0": "ÍɃ³ÊħÊڴ чģ¡...#$e#ĉ¹àО§»Ʌ¡ĕÇàÍ§ã̋ҥ¹ щ ĉ¹Ëħ§˗Òġ¹¨ÐʺÇÂȤ³¹Ð [395]",
		"Indoor_Day_1": "ÍÒ ÊħÊƤÂÒÁà˪Ò чģ¡#$e#ĉ¹Ʊ§Ò¹˵Í§ŇÒã¹׉#$e#˶ÒȤ³˵Í§¡ÒÃÍÐäÃ Ȥ³ړ¹Ð˗Òĉ¹ÍԒäË¹$h",
		"Indoor_Day_2": "ĉ¹Ե§ã¨ŇÒرÍà˪ÒÁÒ¡àÅÂ чģ¡ [194 195 210 211 216]#$e#ġ¹ÃÊªÒŵƤäËÁ? ¾ÍƤĉ¹äˑãʺàª¿...",
		"Indoor_Day_3": "àұÍǴ¹¹Í¹ÊºÒÂǣà»˕Ò чģ¡?#$e#ĉ¹ËĥºÊºÒÂÁÒ¡àÅÂˢÒ§æȤ³$h",
		"Indoor_Night_0": "ħ¹׉ʺÒ§ÂÒÇ¹Ò¹...#$e#àÍ¡ÊÒÃá̅Ç§Ò¹ÁÒ¡ÁÒÂ$s#$e#ƽ¡ċ¡Ğ¡ àÃÒä»¹Í¹ā¹à¶ÍÐ¹Ð чģ¡ ĉ¹àËҩÍÂÁÒ¡àÅÂ",
		"Indoor_Night_1": "ĉ¹ŇÒÍÒËÒÃرÍϔÒã̋ [205 199 224]#$e#Ȥ³˗ÒĢ§ä§? ġ¹Ƥע¹¹Ð Ȥ³˗ÒäËÁ?$h",
		"Indoor_Night_2": "Ȥ³ړäËÁ ¾Ç¡à¢Òäˑà¤ÂºÍ¡ ˕Ç§Ë˹ÒàÅÂ˗Ò ¡ÒÃàʛ¹¹ÒÂ¡à·ÈÁ¹µƳ Ʊ§Ò¹àÍ¡ÊÒÃ˵Í§ŇÒ 95%... ĉ¹ÊÒºÒ¹$s#$e#Í˒Ò§äÃʁà¶ÍÐ... ħ¹׉àʛ¹ä§˺Ò§ чģ¡?",
		"Indoor_Night_3": "¿ÒΓÁàʛ¹Ê¶Ò¹ч чˌÍ¹¤ÅÒÂÁÒ¡àÅÂ#$e#ĉ¹ªÍºч¨ÐÍԒ µÃ§¡ÅÒ§¢Í§àȑÍ§¹Ð á˅Í˒ÒàˢÒã¨ż´˕Ð ÍԒчщġ¹Ê§ºÁÒ¡àÅÂ$h",
		"Outdoor_0": "ħ¹׉àʛ¹ħ¹чˉÒģ¡Ƥ¹Ð ãʺäËÁ˕Ð чģ¡?$h#$e#ħ¹áºº׉ġ¹ŇÒã̋¡ÒÃŇÒ§Ò¹ ˉÒҳ¹ÃÁΒÁÒ¡àÅÂ",
		"Outdoor_1": "ÊħÊƤ чģ¡ ˶ÒȤ³ÍÂÒ¡ã̋ĉ¹ŇÒÍÐäÃ ºÍ¡ä˴àÅÂ¹Ð#$e#ĉ¹¨ÐǴ´ǖ§Ȥ³àÊÁÍ",
		"Outdoor_2": "Í˒ÒŇÒ§Ò¹ī¡âËÁ¹Ð чģ¡",
		"Outdoor_3": "¡ÒÃŇÒ§Ò¹¢Í§Ȥ³щ àУÁá˅à˪ÒàÅÂ¹Ð ãʺäËÁ˕Ð?#$e#ʺÒ§ġ¹à¶ÍÐ á˅ĉ¹äˑʴÍÂä˴ҥ¹à˪Ò áºº׉àÅÂ$h",
		"OneKid_0": "ĉ¹ıÒĥ§Ť´˗Ò˶Ò %kid1 âµע¹¨Ðàʛ¹ªÒÇÊÇ¹äËÁ?#$e#ËȓÍàʛ¹¹ÒÂ¡à·ÈÁ¹µƳ áººĉ¹...$h",
		"OneKid_1": "ĉ¹äˑà¤ÂŤ´àҳÍ§ ¡ÒÃàʛ¹ˎÍ¤¹àÅÂ#$e#ġ¹˷Ò·ÒÂĉ¹ÁÒ¡ á˅ĉ¹Ƃ¹Ƥ˵Í¹ģºà˨ÒĕÇ˹ÍÂ àˢÒԚ¤ÃÍº¤ģÇ$h",
		"OneKid_2": "ä»àчÂÇāº¤ÃÍº¤ģÇā¹à¶ÍÐ чģ¡ áʴȤ³ ĉ¹ áÅÐà˨Ò%kid1$h",
		"TwoKids_0": "ĉ¹äˑÍÂÒ¡¨ÐàҚÍ˗Ò àÃÒ¨ÐƱɵ¡ 2 ¤¹$h#$e#ĉ¹Ƥã¨ÁÒ¡æ àÅÂ$h",
		"TwoKids_1": "àÃÒ˵Í§ã̋¤ÇÒÁÊ¹ã¨ %kid1 ã̋àˇÒāº %kid2 ¹Ð ĉ¹äˑÍÂÒ¡ã̋à¢Ò ˹ÍÂã¨ËȓÍƍ¨©Òā¹",
		"TwoKids_2": "Ȥ³àʛ¹ˎÍчàђÂÁÁÒ¡àÅÂ @$h^Ȥ³àʛ¹áˑчàђÂÁÁÒ¡àÅÂ @$h",
		"Good_0": "ĉ¹äˑà¤ÂړǪ¡áºº׉ āºã¤ÃÁÒʱÍ¹ @ Ȥ³ÁīÈ¨ÃÃΒÁÒ¡$4",
		"Good_1": "ħ¹׉Ȥ³ɤË˕Íàʛ¹žàÈÉ¹Ð чģ¡$h^ħ¹׉Ȥ³ɤˉÒģ¡àʛ¹žàÈÉ¹Ð чģ¡$h",
		"Good_2": "Ȥ³ŇÒ§Ò¹Ëę¡ àҮÍ¾Ç¡àÃÒàÂÍÐÁÒ¡ чģ¡ ĉ¹«Òº׫§ġ¹àÅÂ",
		"Good_3": "ĉ¹ģ¡Ȥ³¹Ð чģ¡ Í˒ÒȕÁġ¹˕Ð",
		"Good_4": "ĉ¹ÂÍÁģº˗Ò ĉ¹äˑà¤ÂŤ´àҳÍ§чċ¡ħ¹Ëѹ§ ¨Ðá˅§§Ò¹āºªÒÇä˓¤¹ãËˑ...#$e#áˉ¹Í¹ ĉ¹Ť´˗ÒȤ³ƱàÊˉΛÁÒ¡æ...$4",
		"Good_5": "ĉ¹ā§ÇÅÁÒ¡ µÍ¹чȤ³˚§¨´ËÁÒÂ àҳÍ§ָ¹Ò§àǷÍ¡!#$e#ġ¹àʛ¹ĴÒã˺ чĊ´à¨¹ÁÒ¡ãʺäËÁ...?$h",
		"Neutral_0": "Ëԑ˺Ò¹ɤǄ¡Ą¡ÁÒ¡ àұÍĈ´š¨¡ÃÃÁžàÈÉ ¹Í¡àËȉÍ¨Ò¡à·È¡ÒÅ#$e#ĉ¹Ƥã¨чä˴àʫ¹áººԹ¹",
		"Neutral_1": "ºÒ§¤Ճ§ĉ¹ʁŤ´˗Ò Ëԑ˺Ò¹׉¤§ÍԒä˴ â´Âчäˑ˵Í§Ʊ¹ÒÂ¡à·ÈÁ¹µƳ",
		"Neutral_2": "ȞÁ... ĉ¹ړǪ¡ƋÇ ĉ¹¨Ðä»ËÒ¢¹Áš¹ á̅Çä»ŇÒ§Ò¹˅Í...",
		"Bad_0": "...Ȥ³Ģ§ģ¡ĉ¹ÍԒäËÁ?$s",
		"Bad_1": "áʴ... »˕ÍÂã̋ĉ¹ÍԒ¤¹àƤÂÇ! ĉ¹Ӣ§ÍԒ àҳÍ§ÊÒà¡¢Í§âÂºÐ!$5",
		"Bad_2": "ĉ¹Ť´ÁÒµÅÍ´˗Ò Ӣ§àš¹ä»ч¨ÐƱ¤¹ģ¡...$s#$e#ĉ¹˗Òĉ¹Ť´ɦ¡$s",
		"funLeave_Lewis": "ĉ¹ƱȸÃÐà˓§˄Ç¹˵Í§ŇÒħ¹׉#$e#â̍ Ȥ³ړãʺäËÁ... àÍ¡ÊÒÃч˵Í§˚§ ¨´ËÁÒÂч˵Í§àƒÂ¹ ̃Ò¹ˤÒ˅Ò§æч˵Í§ä»ËÒ$h",
		"funReturn_Lewis": "ÊħÊƤ чģ¡ ĉ¹Ƥã¨чä˴¡ĥºÁÒċ¡Ƨ$h",
		"spring_1": "ÊħÊƤƫãËˑ чģ¡!#$e#щŚÒËģºƫãËˑчƤ ¢Í§¾Ç¡àÃÒ$h",
		"spring_12": "ºÒ§Ƨĉ¹ʁÍÂÒ¡µÒÁËÒ äʲƽÊàµÍΓ˺Ò§¹Ð#$e#á˅Ģ§ä§ĉ¹ʁäˑàʱ§ àҳÍ§׉ÍԒƤ$h",
		"spring_23": "áˉ¹Í¹ ĉ¹ړƇƨà˵¹! ¼Áàʛ¹¹ÒÂ¡à·ÈÁ¹µƳ... ġ¹àʛ¹§Ò¹¢Í§ĉ¹ ч˵Í§ړàҳÍ§ħ²¹¸ÃÃÁËԑ˺Ò¹!",
		"summer_1": "֟Ç... ÍÒ¡ÒÈ̃Í¹Է§Ǵ¹àÅÂ",
		"summer_10": "¢Íâ·Éчĉ¹ɤäˑ˗Ò§¹Ð чģ¡...#$e#ĉ¹ıÒĥ§àµƳÂÁàҳÍ§ ¡ÒÃÁÒ¢Í§ˇÒ¹ڌ˗Ò¾ӣ§׉",
		"summer_27": "¾ӣ§׉ ¾Ç¡áÁ§¡ÃÐ¾Ƀ¹áÊ§Ĉ¹·Γ ¨Ðà¼ÂĕÇÍÍ¡ÁÒ#$e#ĉ¹à¤Âàʫ¹ġ¹ËÅÒÂÃÍºá̅Ç á˅ġ¹ɤˉÒģ¡àËȑÍ¹àŴÁȷ¡ƫ",
		"fall_1": "ÍÒ... ã¹чɊ´ÍÒ¡ÒÈʁàʢ¹ע¹#$e#ĉ¹ģ¡Äɤãºä́˓Ç§ ġ¹àʛ¹àҳÍ§чƤч¨ÐĞ¡ˌÍ¹ áÅÐ·Ò¹ÍÒËÒÃÍ˓ÍÂæ Äɤ׉",
		"fall_15": "§Ò¹á¿Γá˅ÅÐƫ ˵Í§Ʊ¡ÒÃàµƳÂÁ§Ò¹àÂÍÐÁÒ¡#$e#á˅ġ¹ƱàتÍ§Ëĥ§ƽ¡ÁÒ¡ÁÒÂ чªÒÇ˺Ò¹äˑړ",
		"fall_26": "à¢ÒäˑÍÂÒ¡ã̋ã¤ÃړËÃÍ¡ á˅ĉ¹¨ÐºÍ¡àҳÍ§Ǚ§ ã̋Ȥ³ړ...#$e#§Ò¹ħ¹¾ӣ§׉ ˎÍÁ´ʺÇÂàÃÒàÂÍÐÁÒ¡ à¢ÒÁÒʺÇÂàÃÒȷ¡ƫàÅÂ$h",
		"winter_1": "â̍ àұÍǴ¹ƋÁÐµ¡˕Ð!#$e#á»Å¡Ĉ§ ĸÒä˴˗Ò äˑƱã¹¾ÂÒ¡Ã΃ÍÒ¡ÒÈ¹Ð...#$e#ĉ¹à´Ò˗ÒÄɤË¹ÒÇ ÁÒàȒÍ¹á̅Ç˕Ð",
		"winter_7": "¾ӣ§׉ Ȥ³¨Ðä»áʲ§µ¡»ÅÒäËÁ чģ¡?#$e#Ȥ³àʱ§àҳÍ§׉¹Ð",
		"winter_24": "Ëħ§˗ÒȤ³¨ÐàµƳÂÁ¢Í§¢ħ­ ŚÒËģº§Ò¹ħ¹¾ӣ§׉á̅Ç¹Ð чģ¡",
		"winter_28": "ÍÒ ã¡֪̅¹ƫá̅ÇƊ¹Ð#$e#ҤÁ©ÅÍ§ā¹à¶ÍÐ [346]",
		"spouseRoom_Lewis": "#$c .5#ĉ¹ƱàÍ¡ÊÒÃʁŇÒħ¹׉#$e#à˪Ò׉àʛ¹à˪ÒчƤ¢Í§ĉ¹ ʱÍ¹Ȥ³ҥ¹«Ðƽ¡ á˅µÍ¹׉ĉ¹ŇÒã¡̅àÊʣ¨á̅Ç",
		"patio_Lewis": "ĉ¹Ƥã¨чĉ¹ƱàÇÅÒɤáÅÊÇ¹$h"
}
