﻿
{ 
  //SPECIAL DIALOGUE
  //"Introduction": "You must be Mr. @. Pleasure to meet you.$5^You must be Ms. @. Pleasure to meet you.$5",
  "pamHouseUpgrade": "¼Á¨Ðäˑɮ´˗Ò ¼ÁړǪ¡á»Å¡ã¨á́á˅˹ÍÂ àұÍµÍ¹чâÃź¹ºÍ¡˗Ò Ȥ³àʛ¹¤¹ÍÒÊÒÍÍ¡àŧ¹ àҮÍỄÒ§˺Ò¹ãËˑã̋á¾Á$1",
  "pamHouseUpgradeAnonymous": "âÃź¹Ğ²¹ÒĕÇàÍ§ä»ä˴ƽ¡Ԣ¹ ˴ÇÂ¡ÒÃÍÍ¡áºº ˺Ò¹áÊ¹ÊÇÂËĥ§Թ¹ã̋á¾Á$0#$e#µÍ¹׉ч¼ÁÊ§ĪÂ...  ã¤ÃǴÍڌã̋¡ÒÃÊęºÊȹ¹ĥºæ ¤¹׉? ºÒ§Ƨ¼ÁÍÒ¨¨Ðà¤Âà¨Í āºà¢ÒËȓÍà¸Í ÁÒʱÍ¹ʁä˴¹Ð¤ģº!$1#$e#%ā¹à¸ÍΓ֢Áã̋ĉ¹ áÅÐàÍÒȑÍáµÐчËÁÇ¡¢Í§à¢Ò",
  "Resort_Entering": "ƇÅѕɰƁã¨ã¹àȓÍ¢Í§à¢Ò ÁÒ¡àÅÂ¤ģº ä˴Ƃ¹ÁÒ˗Òàʛ¹¢Í§ ˎÍ¢Í§à¢ÒÁÒʱÍ¹ˉ¤ģº$0",
  "Resort_Leaving": "ºÒ§Ƨ¼Á¤§˵Í§ ¨Í§ėÇΓ˚Ç¹ĕÇ¢Í§à¡ÒÐ ˺Ò§á̅Ç˕Ð¤ģº...$0",
  "Resort_Shore": "Ȥ³ä˴¾ºàҮÍ¹˓ÇÁ§Ò¹ ¢Í§¼ÁËȓÍĢ§¤ģº? à¢ÒÍÒĨÂÍԒã¹զÒ º¹à¡ÒÐ׉áËÅÐ",
  "Resort_Chair": "»ƃÈ¹ÒÁÒ¡ÁÒÂº¹à¡ÒÐ׉ ¾̃ÍÁŚÒËģº¡ÒÃˤ¹¾º á̅Ç˕Ð¤ģº$0",
  "Resort_Bar": "¢ÍºȤ³¨Ò¡ã¨àÅÂ¹Ð чàʛ¹ºÒΓà·¹à´ÍΓã̋ˉÐ¤ģº āÊ$1",
  "Resort": "%ā¹à¸ÍΓ ıÒĥ§Ӣ§āº¡ÒÃŚÒÃÇ¨ħµȶâºÃÒ³ÍԒ",
  
  //SPRING AND GENERAL DIALOGUE
  "spring_1": "*ɺ´թÒɱ¡* à¡ÊÃ´Í¡ä́щ...$2",
  "spring_12": "à¾¹ƩáÅÐàʔ¡æ ıÒĥ§ÃÐºÒÂƺäʲ ÍԒˢÒ§ã¹̋Í§ÊɁ´ˉÐ¤ģº$1",
  "spring_23": "Í´Ê§ĪÂäˑä˴¨ƃ§æ ˗ÒŻáÍΓ¨Ð¢ÒÂÍÐäÃ чɪ¸Ɗ¹ˤÒã¹ħ¹¾ӣ§׉...$5",
  
  "Mon": "â̍ ÊħÊƤ¤ģº Ȥ³ @!$5^â̍ ÊħÊƤ¤ģº Ȥ³ @!$5#$b#§Ò¹ч¿ÒΓÁàʛ¹Í˒Ò§äÃ˺Ò§¤ģº?$1",
  "Mon2": "*ËÒÇ* ÊħÊƤ¤ģºȤ³ @!$5^*ËÒÇ* ÊħÊƤ¤ģºȤ³ @!$5#$b#¢ÍÍĠÂ¨ƃ§æ ч¼ÁÊÐǥÁÊÐȕÍä»ËˉÍÂ ¼ÁġÇá˅ˤ¹¤̇Ò ħµȶâºÃÒ³Է§Ǵ¹$5#$e#àұÍˤ¹¾ºЪ§ч äˑà¤Âàʛ¹чړĈ¡ÁÒʱÍ¹... ʁȕÁàҳÍ§àÇÅÒä»ʷÒÂæ «Ðȷ¡Ƨ!$1",
  "Mon10": "àÃÒä˴ģººƃ¨Ò¤ ħµȶâºÃÒ³чáÊ¹ˉÒѷ§ áÅÐƋ¹á˓àҮÍĈ´áÊ´§...$5#$b#áÅÐщǴÍ˚Ç¹áˊ§¢Í§Ȥ³¤ģº Ȥ³ @ [336]^áÅÐщǴÍ˚Ç¹áˊ§¢Í§Ȥ³¤ģº Ȥ³ @ [336]",
  "Tue": "ħµȶâºÃÒ³чÊÒºɺ­ Ģ§¤§¹Í¹ËĥºäËÅÍԒã¹خ¹Ŵ¹ ã˵à˷Ò¢Í§¾Ç¡àÃÒ ȷ¡¢³Ðч˒Ò§ä»...$5#$e#ˇÒ¹à·ÈÁ¹µƳàÅƇÊ ºÍ¡āº¼Á˗ÒˇÒ¹àʫ¹ Ȥ³Ȣ´ħµȶâºÃÒ³ ע¹ÁÒ¨Ò¡ÃÍºæ àȑÍ§$5",
  "Tue6": "¼ÁıÒĥ§äµ˓µÃÍ§ àҳÍ§¤ÇÒÁˉÒàҚÍȆÍ ¢Í§º·¤ÇÒÁƇĈÂÍԒ¤ģº...$5#$b#Ģ§ƱàҳÍ§ˉÒā§¢Ò àбÂÇāº¤¹чàƒÂ¹Ъ§׉$5#$e#¢Íã̋âª¤Ƥ¤ģº Ȥ³ @$5^¢Íã̋âª¤Ƥ¤ģº Ȥ³ @$5",
  "Wed": "¼ÁƱ¤ÇÒÁàкÂÇªÒ­ ·Ò§ÀÒÉÒÍԒäˑ˹ÍÂ¤ģº ÃÇÁǖ§ÀÒÉÒ¢Í§¤¹á¤ÃÐ˴ÇÂ$5#$b#àÃÒ˵Í§Ʊ¤ÇÒÁàˢÒã¨ ã¹ËÅÒ¡ËÅÒÂÀÒÉÒ àҮÍä¢¤ÇÒÁĥº¢Í§ÍƤµ$1",
  "Wed8": "Ȥ³·ÃÒºʲÒÇËȓÍĢ§¤ģº? Ʊę¡ŚÒÃÇ¨ˤ¹¾ºħµȶâºÃÒ³ ã¹·ÐàÅ·ÃÒÂ¤Òƅâˡ!$1#$e#ȆÍàʛ¹¡ÒÃˤ¹¾º чáÊ¹ŚÒĄ­ÁÒ¡ ŚÒËģºخ¹чá˛§׉$5",
  "Thu": "*à̎Í* ºÒ§¤¹ʁàʁºËę§ȚÍã˚Ԫ¹ äˑà¤Â¨Ðɦ¡ч¢Í§ġ¹àÅÂ...$2#$e#â̍ Í˒Òä˴àʁºàƺÂ§ˊ¹¢Í§¼Á ä»ã˚ã¨àÅÂ¤ģº Ȥ³ @$5^â̍ Í˒Òä˴àʁºàƺÂ§ˊ¹¢Í§¼Á ä»ã˚ã¨àÅÂ¤ģº Ȥ³ @$5",
  "Thu8": "ºÒ§Ƨ ÍÒËÒÃáÅÐà¤ҳÍ§ҤÁƤæ ʁ¤ÇÃ¨Ðɦ¡Ĉ´á¨§ä̇ ŚÒËģº¡ÒÃŇÒ§Ò¹Ëę¡ µÅÍ´Ī»´ÒΛ!$1#$e#äˑ·ÃÒº˗Ò Ȥ³à¤ÂÅÍ§ʄÍ¡à·ÅчҚÍ˗Ò '»ÃÐ¡ÒÂ´ÒÇËÒ§' ËȓÍĢ§¤ģº?$5",
  "Fri": "Ī¡ħ¹Ëѹ§¹Ð ¼Á¨Ð»ÃÐ¡ÒÈ¡ÒÃˤ¹¾º чŇÒã̋âÅ¡ÊÐàȇÍ¹!$1",
  "Fri6": "ʺÇ§׉ä˴ˤ¹¾ºħµȶÍÐäÃ чɤàʛ¹Ъ§âºÃÒ³˺Ò§äËÁ¤ģº?$5#$e#Ʊ¤ÇÒÁĥºÁÒ¡ÁÒÂ чĢ§¤§ɦ¡ĝ§ÍԒã˵Ŵ¹ ã¹ÊµÒΓŴÇáÇÅѕá˛§׉$1",
  "Sat": "à¾¹Ʃ¨ÐÁÒÊÍ¹Ëę§ȚÍ ã̋āºá¨ÊáÅÐƇ¹à«¹· ч̋Í§ÊɁ´ 3-4 ħ¹˅ÍĪ»´ÒΛˉÐ$5",
  "Sat4": "ħµȶâºÃÒ³áÅÐƋ¹á˓ чȤ³ºƃ¨Ò¤ÁÒ àʛ¹ĕÇʺÇÂã¹¡ÒÃ ˤ¹¤̇Ò¢Í§¼Á Ȥ³ @$5^ħµȶâºÃÒ³áÅÐƋ¹á˓ чȤ³ºƃ¨Ò¤ÁÒ àʛ¹ĕÇʺÇÂã¹¡ÒÃ ˤ¹¤̇Ò¢Í§¼Á Ȥ³ @$5#$e#¢ÍºȤ³¨ƃ§æ $5",
  "Sun": "§Ò¹ã¹¿ÒΓÁħ¹׉¢Í§Ȥ³ àÊʣ¨àƳÂº̃ÍÂá̅Ç ËȓÍ¤ģº?$5#$e#Ǵ¹׉¼ÁƱ§Ò¹ ˤ¹¤̇Òч˵Í§ŇÒ˅Í... àУÁ¨ÐàˢÒã¡̅ ¡ÒÃˤ¹¾ºчТ§ãËʽá̅Ç!$1",
  
  //SUMMER DIALOGUE
  "summer_1": "ħ¹׉ʺÒ§̃Í¹Íº̍ÒÇ...$2",
  "summer_10": "ˇÒ¹ڌ˗Ò¨ÐÁÒ˓ÇÁ ã¹à·È¡ÒÅч¨ÐĈ´ע¹ ħ¹¾ӣ§׉¤ģº$1#$e#ˇÒ¹ڌ˗Òàʛ¹ˢÒÃÒª¡ÒÃ чˉÒĭÈ¨ÃÃΒ¤ģº à¢ÒÊÒÁÒÃ¶¤§¤Ðá¹¹ ¤ÇÒÁàҚÍρ¹ä̇ɺ§¡˗Ò ÁÒµÃ°Ò¹àÊÁÍ$5",
  "summer_28": "ƱËę§ȚÍчƱÃÒÂÅÐàƽÂ´ àбÂÇāº¡ÒÃˤ¹¾º ·Ò§Ƈ·ÂÒÈÒÊµΓ¢Í§ áÁ§¡ÃÐ¾Ƀ¹áÊ§Ĉ¹·Γ ÍԒã¹̋Í§ÊɁ´¤ģº$5#$b#ʺÒ§àʛ¹Ъ§ƱƚƇµ á˛§˷Í§·ÐàÅчáÊ¹ˉÒѷ§$1",
  
  "summer_Mon": "Ȥ³ÍÒ¨¨Ð¾ºħµȶ ĝ§ÍԒч¿ÒΓÁ¢Í§Ȥ³ ʁä˴¤ģº$5#$e#Ʊ»ÃÐħŵÈÒÊµΓÁÒ¡ÁÒÂ ч¿ÒΓÁ %farm$5",
  "summer_Mon6": "¾Ç¡ÊäÅΑԹ¹ ¤§ÍԒÁÒÂÒÇ¹Ò¹¡˗Ò 40,000 ƫ Ȥ³ÍÒ¨¨Ðˤ¹¾ºÊäÅΑ ч¡ÅÒÂàʛ¹Ƌ¹ ÃÐË˗Ò§¡ÒÃ¼¨­ĠÂ¢Í§Ȥ³ ʁä˴¹Ð¤ģº$5#$e#˞Ò˞Ò! ¾Ç¡ĪµΗ»ÃÐËÅÒ´ƱÁÒÂÒÇ¹Ò¹ʱÍ¹ÁȹÉΒ«Ðƽ¡$1",
  "summer_Sat": "Ȥ³ÍÒ¨¨Ð¾º´ÒºâºÃÒ³ ä˴чˋÒ·Ò§ŷÈµÐħ¹µ¡¤ģº$5#$e#à¤ÂƱ¡ÒÃ˅Íښàš´ע¹чι¹ àұÍ¹Ò¹ÁÒá̅Ç...$5#$e#¢Íã̋âª¤Ƥ¤ģº Ȥ³ @$5^¢Íã̋âª¤Ƥ¤ģº Ȥ³ @$5",
  "summer_Sat6": "ħ¹׉¹¡˚§àƺÂ§̃Í§ā¹ àؘÍÂá˨ÇàÅÂ¹Ð$5#$e#̍ÒÒ àǱÍº¨ÐȕÁä»àÅÂ... ¼Á˵Í§ä»àŵÁ à¤ҳÍ§ã̋ÍÒËÒÃ¹¡ Ī¡ËˉÍÂ$1",
  
  //FALL DIALOGUE
  "fall_1": "ÍÒ... Ȥ³ä˴Ƃ¹àƺÂ§Թ¹äËÁ¤ģº?$5#$b#àƺÂ§ãºä́¡̳Íºá¡̳º »ƅÇ˓Í¹ä»µÒÁÅÁ$1",
  "fall_5": "àұÍħ¹ʱÍ¹ƇÅѕ ä˴à˕ÒàҳÍ§¡ÒÃµ¡»ÅÒ ã̋¼Áğ§¤ģº$1#$e#à¢Òġ¡¨Ðµ¡»ÅÒ чáˑթÒã¹àȑÍ§ µÍ¹¡ÅÒ§ǔ¡...$5#$b#ė¹ã´Թ¹àÍ§... ʁƱáÊ§˚Í§»ÃÐ¡ÒÂ ¨Ò¡áˑթÒӞ§ÁÒµÃ§àËҲÍ ч»ÅÒÂàʚ´¢Í§à¢Ò!$1#$b#à¢ÒºÍ¡˗Ò ι¹àʛ¹Ъ§ч '»ÅÒ Angler' ËȓÍ»ÅÒµ¡àʚ´ġ¡¨ÐŇÒ$5",
  "fall_15": "ˇÒ¹à·ÈÁ¹µƳàÅƇÊ ºÍ¡˗Ò¨ÐƱę¡ˇÍ§àчÂÇ »ÃÐÁÒ³ 2 âËÅ ÁÒàчÂÇªÁ§Ò¹à·È¡ÒÅ ã¹ħ¹¾ӣ§׉¤ģº$5",
  
  "fall_Tue": "¼ÁˉÐ à¤Âˤ¹¾ºЪ§чˉÒàËȕÍàҚÍ ã¹¢³ÐıÒĥ§ŇÒƇĈÂ чÁËÒƇ·ÂÒĥÂàұÍµÍ¹ËәÁæ ˴ÇÂ¹Ð¤ģº$5#$e#¢Íã̋ħ¹׉àʛ¹ħ¹чƤ¤ģº Ȥ³ @$0^¢Íã̋ħ¹׉àʛ¹ħ¹чƤ¤ģº Ȥ³ @$5",
  "fall_Tue8": "¢ÍºȤ³ŚÒËģº¡ÒÃ ºƃ¨Ò¤¢Í§Ȥ³¤ģº Ȥ³ @$5^¢ÍºȤ³ŚÒËģº¡ÒÃ ºƃ¨Ò¤¢Í§Ȥ³¤ģº Ȥ³ @$5#$e#Ȥ³ä˴ŇÒЪ§чТ§ãËʽ ÁÒ¡¡˗Òчã¤ÃĪ¡¤¹¨ÐŇÒä˴!$1",
  "fall_Fri": "Ъ§»ÃÐŴÉ΀¢Í§¤¹á¤ÃÐԹ¹ Ȩ´»ÃÐ¡ÒÂ¡ÒÃ»ůħŵ ɍµÊÒË¡ÃÃÁηÇâÅ¡àÅÂ¤ģº$5#$e#à·¤â¹âÅƲ¢Í§¾Ç¡à¢Ò àʛ¹ĕÇıÒË¹´ŷÈ·Ò§ ¢Í§âÅ¡ÊġÂãËˑ чàÃÒÍÒĨÂÍԒ$1#$e#¢¹Ò´թÒġ¹ ËȓÍˆÒ¹Ƌ¹чɤÊ¡»Ã¡... Ģ§¡ÅÒÂàʛ¹áË˕§¾ĥ§§Ò¹ ĸÒàʛ¹¢Í§Ī§¤ÁàÃÒ$5",
  "fall_Fri8": "ºÒ§¤Ճ§¼ÁʁÍÍ¡ä»ˢÒ§¹Í¡ áÅÐȒ¹ÁÍ§ä»·Ò§ÊÇ¹ ¢Í§ȪÁªÁ ºÒ§¤¹ʁʷÇ¹ÍԒāº§Ò¹ ¢Í§¾Ç¡à¢Ò$5#$b#˶Ò¼Áàʫ¹ƽ¡Ò ź¹â©ºÅ§ä»чι¹ ¼Áʁ¨ÐƳºЧ§ä» ä˕ġ¹ė¹Ƨ!$1",
  
  //WINTER DIALOGUE
  "winter_1": "˶ÒȤ³ړǪ¡˝Í¹à¾ƵÂ ¨Ò¡¤ÇÒÁË¹ÒÇàʢ¹ÅÐʁ áÇÐÁÒч̋Í§ÊɁ´ä˴¹Ð¤ģº$5#$b#àµÒż§¨ÐʺÇÂã̋Ȥ³ ړǪ¡ӭ¹ע¹ä˴$1",
  "winter_24": "ªÒÇàȑÍ§ËÅÒÂ¤¹ ɤ¨Ðҥ¹à˵¹āº§Ò¹à·È¡ÒÅ á˛§´Ç§´ÒÇÄɤË¹ÒÇ¹Ð¤ģº$1#$e#¼Á¨Ðàʛ¹ɵ¡ȑÍ¢Í§āÊ ã¹¡ÒÃàµƳÂÁÍÒËÒÃ ã¹§Ò¹¤ģº$5",
  "winter_28": "ƋÁÐıÒĥ§¨ÐÅÐÅÒÂ ËÒÂä»ã¹àʣÇæ ׉¤ģº$5#$e#¢Íã̋âª¤ƤÁÒàȒÍ¹āºȤ³ ã¹Äɤ¡ÒÅà¾ÒÐ»ɵ¡ чıÒĥ§¨ÐÁÒǖ§¤ģº Ȥ³ @$5^¢Íã̋âª¤ƤÁÒàȒÍ¹āºȤ³ ã¹Äɤ¡ÒÅà¾ÒÐ»ɵ¡ чıÒĥ§¨ÐÁÒǖ§¤ģº Ȥ³ @$5",
  
  "winter_Tue": "ȝÁÁÁÁÁ...$2#$e#...$2#$e#â̍ ÊħÊƤ¹Ð¤ģº ¼ÁıÒĥ§¤ӣ¹Ť´àбÂÇāº... §Ò¹ƇĈÂ¢Í§¼Á чıÒĥ§ǖ§·Ò§ĕ¹$5#$e#¢Íã̋ħ¹׉àʛ¹ħ¹чƤ¤ģº Ȥ³ @$5^¢Íã̋ħ¹׉àʛ¹ħ¹чƤ¤ģº Ȥ³ @$5",
  "winter_Tue8": "¤ƅ¹·ºÍ¡āº¼Á˗Ò à¢ÒړǪ¡àËȑÍ¹àʛ¹ ę¡âºÃÒ³¤Ƥá̅ÇµÍ¹׉$5#$e#̍Í ι¹ʁà¾ÃÒÐ˗Ò¼ǥ¡â¾Ã§ 'geodes' чȤ³ġ¡ŉÒÁÒ ã̋àˤÒÊā´ã̋ˉÐ¤ģº$1",
  "winter_Thu8": "¼Á¨ÐäˑƱħ¹ȕÁ ¤ÇÒÁ¡̅ÒËÒ­¢Í§Ȥ³ µÍ¹чÍԒã¹àËȑÍ§¤ģº$5",
  "winter_Sun": "ÊħÊƤ¤ģº Ȥ³ @ ¢Íã̋Ȥ³ä˴ŇÒħ¹׉ã̋ƤчɊ´!$1^ÊħÊƤ¤ģº Ȥ³ @ ¢Íã̋Ȥ³ä˴ŇÒħ¹׉ã̋ƤчɊ´!$1",
  "winter_Sun6": "â̍ Ȥ³ã˪¨Íºã¹¡ÒÃȢ´ ħµȶâºÃÒ³ÍÍ¡ÁÒ¨Ò¡Ŵ¹ ËȓÍ¤ģºι¹?$5#$e#¼ÁƱ¾υÇ¢¹Ò´¾¡¾ÒÍԒ ¼Áã̋Ȥ³ȒÁä˴¹Ð¤ģº$1",
  
  //EVENT DIALOGUE
  "gunther_event1": "ãʺá̅Ç ƱËÅÒ¡ËÅÒÂÍÒÃÂ¸ÃÃÁ чà¤ÂÍÒĨÂÍԒã¹ɋºà¢Òá˛§׉ àұÍËÅÒẪÍÂƫʱÍ¹ àÍÅΏ ¤¹á¤ÃÐ Ƈ­­Ò¹ã¹à§Òȑ´...$5#$b#¼ÁĢ§¤§ӡ§ρ¹ч¨Ðä¢ ¤ÇÒÁĥº¢Í§ÍÒÃÂ¸ÃÃÁ âºÃÒ³àË˕Ò׉¤ģº$5",
  "gunther_event2": "ĭ¹׉¼Áàʫ¹˴ÇÂāºȤ³ @ ¤ģº$5^ĭ¹׉¼Áàʫ¹˴ÇÂāºȤ³ @ ¤ģº$5",
  "gunther_event3": "ȝÁ... ˉÒŤ´¹Ð¤ģº ƱÍÒɇ¸ÁÒ¡ÁÒÂėº¶Á ÍԒã¹خ¹Ŵ¹чàÃÒȒ¹ÍԒ$5#$b#ºÒ§Ƨ Ī¡ħ¹Ëѹ§ àÃÒÍÒ¨¨Ðˤ¹¾º ˵¹µÍá˛§Ê§¤ÃÒÁâºÃÒ³ ˅Ò§àˌÒĞ¹ۨä˴¹Ð¤ģº...$5",
  "gunther_event4": "ȝÁÁ...#$b#ԧ¹¢ÍÍȹ­Òŵã̋¼Á ä˴ÅÍ§ã˪ˢÍÊɃ»¢Í§¼Á ã¹¡Ãƣ׉¤ģº Ȥ³ @^ȝÁÁ...#$b#ԧ¹¢ÍÍȹ­Òŵã̋¼Á ä˴ÅÍ§ã˪ˢÍÊɃ»¢Í§¼Á ã¹¡Ãƣ׉¤ģº Ȥ³ @$5",
  "gunther_event5": "ι¹Ɗ¹Ð... ãʺ¤ģº ¼ÁړǪ¡»ÃÐËˑÒ$2#$b#щàʛ¹¤Ճ§áÃ¡ч¼Á ä˴ŚÒÃÇ¨àËȑÍ§ˉÐ¤ģº$5#$b#¼ÁړǪ¡àʛ¹àƑÂÃŵ¨ƃ§æ чä˴ę¡¼­¨ĠÂчˉÒęºȆÍ àʺ¹Ȥ³àʛ¹ڌلÁā¹àÅÂ¤ģº$1",
  "gunther_event6": "ι¹ŇÒã̋ӭ¹ã¨àÅÂ¤ģº$5#$b#¼ÁړǪ¡àʛ¹àƑÂÃŵ¨ƃ§æ чä˴ę¡¼¨­ĠÂчˉÒęºȆÍ àʺ¹Ȥ³àʛ¹ڌلÁā¹àÅÂ¤ģº$1",
  "gunther_event7": "¼Á¨ÐÃÐħ§Ëĥ§ã̋àÍ§¤ģº$5",
  "gunther_event8": "¼Á¨ÐÃÐħ§Ëĥ§ã̋àÍ§¤ģº$5"
  
}

