﻿
{ 
  //SPECIAL DIALOGUE
  "Introduction": "Ȥ³¤§¨Ðàʛ¹ Ȥ³ @ ʺÒ§àʛ¹àƑÂÃŵÍ˒Ò§Т§ чä˴¾ºȤ³¤ģº^Ȥ³¤§¨Ðàʛ¹ Ȥ³ @ ʺÒ§àʛ¹àƑÂÃŵÍ˒Ò§Т§ чä˴¾ºȤ³¤ģº",

  "Mon": "ÊħÊƤ¤ģº#$e#à¨ÍħµȶâºÃÒ³ ˉÒÊ¹ã¨˺Ò§äËÁ¤ģº?",
  "Tue": "à̍Í.. ÊħÊƤ¤ģº$0",
  "Wed": "ÊħÊƤ¤ģº Ȥ³ @^ÊħÊƤ¤ģº Ȥ³ @",
  "Thu": "Ƃ¹ƤµÍ¹ģºԚ ŚÒę¡§Ò¹âºÃÒ³Ƥ",
  "Fri": "ÊħÊƤ$0",
  "Sat": "Ʊá¼¹ŚÒËģº ħ¹Ëɂ´Ɋ´Ī»´ÒΛ׉ ËȓÍĢ§¤ģº?",
  "Sun": "¢Íã̋àʛ¹ħ¹чƤ¤ģºȤ³ @^¢Íã̋àʛ¹ħ¹чƤ¤ģºȤ³ @",

}

