{
	"Name": "Swirl Stone",
	"Description": "(ËÔ¹ÁéÇ¹) ÍÐäÃ¹Ô???",
	"Category": "MonsterLoot",
	"Edibility": -300,
	"EdibleIsDrink": false,
	"EdibleBuffs": null,
	"CanSell": false,
	"Price": 7500,
	"IsColored": false,
	"GiftTastes":
	{
		"Love": ["MarlonFay", "Wizard", "Krobus", "Dwarf"],
		"Like": ["Abigail", "Morgan", "GuntherSilvian" ],
		"Dislike": ["Olivia", "Leo", "Andy", "Sophia", "Martin", "Apples", "Victor", "Claire", "Susan", "MorrisTod", "Alex", "Elliott", "Harvey", "Sam", "Sebastian", "Shane", "Emily", "Haley", "Leah", "Maru", "Penny", "Caroline", "Clint", "Demetrius", "Evelyn", "George", "Gus", "Jas", "Jodi", "Kent", "Lewis", "Linus", "Marnie", "Pam", "Pierre", "Robin", "Sandy", "Vincent", "Willy"]
	}
}
