{
	"Name": "Big Bark Burger",
	"Description": "(àºÍÃìà¡ÍÃìÍÃèÍÂãË­èàµçÁ¤Ó) ÁÑ¹¤×Í·ÃÔ»à»ÔéÅºÕ ªèÒ§àË¹ÕÂÇ¹ØèÁ ªØèÁ©èÓ·Ø¡¤ÃÑé§·Õè¡Ñ´",
	"Category": "Cooking",
	"Edibility": 85,
	"EdibleIsDrink": false,
	"EdibleBuffs": 
	{
        "Farming": 0,
        "Fishing": 0,
        "Mining": 0,
        "Luck": 0,
        "Foraging": 0,
        "MaxStamina": 0,
        "MagnetRadius": 0,
        "Speed": 1,
        "Defense": 0,
        "Attack": 3,
        "Duration": 480,
    },
	"Recipe":
    {
    "ResultCount": 1,
    "Ingredients": [ { "Object": "Puppyfish", "Count": 1, }, { "Object": 216, "Count": 1 }, { "Object": 247, "Count": 1 } ],
    "CanPurchase": true,
    "PurchaseFrom": "Gus",
    "PurchasePrice": 5500,
    "PurchaseRequirements": [ "f Gus 1250" ],
    },
	"CanSell": false,
	"Price": 400,
	"IsColored": false,
	"GiftTastes":
	{
	    "Love": [ "Gus", "Martin" ],
		"Like": [ "Kent", "Vincent", "Jas" ],
		"Hate": [ "Dwarf", "Krobus", "Apples", "Sophia" ]
	},
}
