﻿{
"Mon": "%ªÒƵ: *̫Í¡ææ*#$e#%ªÒƵ: *̫Í¡*?",
"Tue": "%ªÒƵ: *¡ÃÐ̥Ò¡¡*",
"Wed": "%ªÒƵ: *̫Í¡æ*#$e#%ªÒƵ: *̫Í¡ ̫Í¡ ̫Í¡¡*!",
"Thu": "%ªÒƵ: *̫Í¡ææ*",
"Fri": "%ªÒƵ: *¡ÃÐ̥Ò¡¡*#$e#%ªÒƵ: *̫Í¡*?",
"Sat": "%ªÒƵ: *̫Í¡ææ*",
"Sun": "%ªÒƵ: *̫Í¡ææ*#$e#%ªÒƵ: *̫Í¡ ̫Í¡ ̫Í¡¡*!",

"AnimalShop_30_16": "%ªÒƵıÒĥ§ɤâ·ÃėÈΉ",
"Forest_79_15": "%ªÒƵ¾ÂÒÂÒÁÍ˒Ò§àʕÁчàҮÍʺÇÂÁÒƩ",
"CommunityCenter_9_26": "%ªÒƵıÒĥ§ŇÒЪ§àÅÇ̃ÒÂ"
}
