{
  "13.000": "%Ƈ¤àµÍΓ ıÒĥ§ҤÁϤÒāºŷÇėÈΉ ¢Í§·ÐàÅĭ­Áƣ",
  "Tue.001": "%Ƈ¤àµÍΓ ıÒĥ§à˕¹ɘŹâˑ¤ÒΓµ",
  "Fri.000": "%Ƈ¤àµÍΓ ıÒĥ§à˕¹ɘŹâˑ¤ÒΓµ",
  "Fri.001": "%Ƈ¤àµÍΓ ıÒĥ§à˕¹¿Ò´ğ¡·Í§",
 
  "spring_21_2.003": "%Ƈ¤àµÍΓ ıÒĥ§ÁÍ§ÍÍ¡ä» Ģ§ɋºà¢Ò",
  "summmer_21.003": "%Ƈ¤àµÍΓ ıÒĥ§ÁÍ§ÍÍ¡ä» Ģ§ɋºà¢Ò",
  "fall_21.003": "%Ƈ¤àµÍΓ ıÒĥ§ÁÍ§ÍÍ¡ä» Ģ§ɋºà¢Ò",
  "winter_21.003": "%Ƈ¤àµÍΓ ıÒĥ§ÁÍ§ÍÍ¡ä» Ģ§ɋºà¢Ò",
  
  "7.000": "%Ƈ¤àµÍΓ ıÒĥ§à˕¹ ¨ÍÁ¢âÁÂÁÒÂÒ 5",
  "Mon.000": "%Ƈ¤àµÍΓ ıÒĥ§à˕¹ à´ÍÐàÅà¨¹΄ÍÍ¿̅§",
  "Wed.000": "%Ƈ¤àµÍΓ ıÒĥ§à˕¹ ºɵÍÐäÅΏƳà´ÁΎĊ¹ 2",
  "winter_Thu.000": "%Ƈ¤àµÍΓ ıÒĥ§à˕¹ ɛà»ÍΓ ÊáÁª ūÊàµÍΓ",
  "spring_4.000": "%Ƈ¤àµÍΓ ıÒĥ§à˕¹ ¨ÍÁ¢âÁÂÁÒÂÒ 5",
  "spring_21.000": "%Ƈ¤àµÍΓ ıÒĥ§à˕¹ à´ÍÐàÅà¨¹΄ÍÍ¿̅§",
  "summer_9.000": "%Ƈ¤àµÍΓ ıÒĥ§à˕¹ ºɵÍÐäÅΏƳà´ÁΎĊ¹ 2",
  "summer_21.000": "%Ƈ¤àµÍΓ ıÒĥ§à˕¹ ɛà»ÍΓ ÊáÁª ūÊàµÍΓ",
  "fall_Thu.000": "%Ƈ¤àµÍΓ ıÒĥ§à˕¹ à´ÍÐàÅà¨¹΄ÍÍ¿̅§",
  "winter_9.000": "%Ƈ¤àµÍΓ ıÒĥ§à˕¹ à´ÍÐàÅà¨¹΄ÍÍ¿̅§",
  
  "rain8.001": "%Ƈ¤àµÍΓ ıÒĥ§à˕¹ɘŹâˑ¤ÒΓµ",
  
  "marriage.000": "â̍ ÊħÊƤ¤ģº! ¼ÁıÒĥ§ ¨Ð؛Í¢Í§àˢÒ˺Ò¹¾ÍƤ ä̇à¨Íā¹àʢ¹׉ч˺Ò¹¹Ð¤ģº$1",
  "marriage.001": "ä§¤ģº чģ¡ ¼Áĕ´Ɗ¹ã¨¨Ð áÇÐàђÂÁȤ³áˑĪ¡ËˉÍÂˉÐ¤ģº ¨Ðä˴ËƂºËę§ȚÍÁÒĪ¡à˕Á ˴ÇÂ¤ģº$1",
  "marriage.002": "¼ÁԵ§ã¨˗Ò¨ÐËƂºäÇΉ ˢÒ§˕Ò§щĪ¡áˡÇÃÐË˗Ò§ ÁÒàђÂÁȤ³áˑˉÐ¤ģº$3#$b#˶ÒÍÂÒ¡ҤÁ˴ÇÂā¹ ʁƃ¹ä˴àÅÂ¹Ð¤ģº$1",
  "marriage.003": "¼ÁƤã¨ чàÃÒÍÒĨÂÍԒ ŵ´āºàȑÍ§à¾ƅá¡¹¹Ð¤ģº ¼Á¨Ðä˴¡ĥºä»àђÂÁȤ³áˑä˴$1",
  "marriage.004": "âÍ.. чģ¡ÁÒàђÂÁ¼Á µÍ¹¼Á ÁÒËÒȤ³áˑ˴ÇÂàËÃÍ¤ģº? ˉÒģ¡чɊ´àÅÂ¤ģº!$4#$b#¾Ç¡àÃÒˉÒ¨Ðä»ҤÁā¹ ч«Òɵ¹ Ǵ¹׉ƤՁÂ¤ģº!$1",
  "marriage.005": "¼ÁàО§¨ÐʺÇÂâÃź¹ ʻÍÁÊÐ¾Ò¹׉¤ģº ġ¹àђÂÁä»àÅÂãʺäËÁ¤ģº?$3?#$e#¼Áģ¡Ȥ³Ĉ§àÅÂ!$4",
  "marriage.006": "¼ÁıÒĥ§¨Ðä»«Òɵ¹á̅Ç˕Ð¤ģº à¨Íā¹чι¹¹Ð¤ģº!$1",
  "marriage.007": "¼ÁԵ§µÒÃÍȷ¡ħ¹Ɉ¡Γ ч¾Ç¡àÃÒ¨ÐÊÒÁÒÃ¶ҤÁ áÅÐ»˕ÍÂã¨ā¹ ä»µÒÁчŤ´ä˴Ĉ§àÅÂ¤ģº ¼ÁàǱÍº¨ÐàÍÒª¹Ð à¡Á׉ä˴á̅Ç¤ģº!$1",
  
  "NightMarket.001": "¼Á؛Íâ·à·Áǥ¡ĥº¾Ç¡щ ÁÒ¨Ò¡Ȥ³¤¹ч¤ɅÁĕÇƁ´Ū´ µÃ§Թ¹$1"
}
