{
    "header": {
        "target": "w",
        "formatVersion": 5,
        "hidef": true,
        "compressed": 128
    },
    "readers": [
        {
            "type": "Microsoft.Xna.Framework.Content.DictionaryReader`2[[System.Int32, mscorlib, Version=4.0.0.0, Culture=neutral, PublicKeyToken=b77a5c561934e089],[System.String, mscorlib, Version=4.0.0.0, Culture=neutral, PublicKeyToken=b77a5c561934e089]]",
            "version": 0
        },
        {
            "type": "Microsoft.Xna.Framework.Content.Int32Reader",
            "version": 0
        },
        {
            "type": "Microsoft.Xna.Framework.Content.StringReader",
            "version": 0
        }
    ],
    "content": {
        "0": "Greenhorn (15k)^ÁÕà§Ô¹ 15,000g^true^-1^18",
        "1": "Cowpoke (50k)^ÁÕà§Ô¹ 50,000g^true^0^21",
        "2": "Homesteader (250k)^ÁÕà§Ô¹ 250,000g^true^1^20",
        "3": "Millionaire (1mil)^ÁÕà§Ô¹ 1,000,000g^true^2^1",
        "4": "Legend (10mil)^ÁÕà§Ô¹ 10,000,000g^false^-1^3",
        "5": "A Complete Collection^ºÃÔ¨Ò¤ÊÔè§¢Í§ãËé¾Ô¾Ô¸ÀÑ³±ì¤Ãº·Ø¡ªÔé¹^true^28^0",
        "6": "A New Friend^ÁÕ¤ÇÒÁÊÑÁ¾Ñ¹¸ì ÃÐ´ÑºËÑÇã¨ 5 ´Ç§ ¡Ñºã¤ÃÊÑ¡¤¹^true^-1^14",
        "7": "Best Friends^ÁÕ¤ÇÒÁÊÑÁ¾Ñ¹¸ì ÃÐ´ÑºËÑÇã¨ 10 ´Ç§ ¡Ñºã¤ÃÊÑ¡¤¹^true^6^31",
        "9": "The Beloved Farmer^ÁÕ¤ÇÒÁÊÑÁ¾Ñ¹¸ì ÃÐ´ÑºËÑÇã¨ 10 ´Ç§ ·Ñé§ËÁ´ 8 ¤¹^true^7^32",
        "11": "Cliques^ÁÕ¤ÇÒÁÊÑÁ¾Ñ¹¸ì ÃÐ´ÑºËÑÇã¨ 5 ´Ç§ ·Ñé§ËÁ´ 4 ¤¹^true^6^26",
        "12": "Networking^ÁÕ¤ÇÒÁÊÑÁ¾Ñ¹¸ì ÃÐ´ÑºËÑÇã¨ 5 ´Ç§ ·Ñé§ËÁ´ 10 ¤¹^true^11^25",
        "13": "Popular^ÁÕ¤ÇÒÁÊÑÁ¾Ñ¹¸ì ÃÐ´ÑºËÑÇã¨ 5 ´Ç§ ·Ñé§ËÁ´ 20 ¤¹^true^12^11",
        "15": "Cook^·ÓÍÒËÒÃ·Õèáµ¡µèÒ§¡Ñ¹ 10 ÍÂèÒ§^true^18^12",
        "16": "Sous Chef^·ÓÍÒËÒÃ·Õèáµ¡µèÒ§¡Ñ¹ 25 ÍÂèÒ§^true^15^7",
        "17": "Gourmet Chef^·ÓÍÒËÒÃãËé¤Ãº·Ø¡ÍÂèÒ§^true^16^35",
        "18": "Moving Up^»ÃÑº»ÃØ§ºéÒ¹^true^-1^13",
        "19": "Living Large^»ÃÑº»ÃØ§ºéÒ¹ãËéà»ç¹ÃÐ´ÑºÊÙ§ÊØ´^true^18^15",
        "20": "D.I.Y.^ÊÃéÒ§ÊÔè§¢Í§·Õèáµ¡µèÒ§¡Ñ¹ 15 ªÔé¹^true^-1^29",
        "21": "Artisan^ÊÃéÒ§ÊÔè§¢Í§·Õèáµ¡µèÒ§¡Ñ¹ 30 ªÔé¹^true^20^16",
        "22": "Craft Master^ÊÃéÒ§ÊÔè§¢Í§ãËé¤Ãº·Ø¡ÃÙ»áºº^true^21^23",
        "24": "Fisherman^µ¡»ÅÒ·Õèáµ¡µèÒ§¡Ñ¹ 10 µÑÇ^true^-1^28",
        "25": "Ol' Mariner^µ¡»ÅÒ·Õèáµ¡µèÒ§¡Ñ¹ 24 µÑÇ^true^24^5",
        "26": "Master Angler^µ¡»ÅÒãËé¤Ãº·Ø¡ª¹Ô´^true^25^24",
        "27": "Mother Catch^µ¡»ÅÒ 100 µÑÇ^true^64^30",
        "28": "Treasure Trove^ºÃÔ¨Ò¤ÊÔè§¢Í§ 40 ªÔé¹ ãËé¾Ô¾Ô¸ÀÑ³±ì^true^-1^6",
        "29": "Gofer^ªèÇÂàËÅ×ÍªÒÇàÁ×Í§ ãËé¤Ãº 10 ¤ÃÑé§^true^-1^22",
        "30": "A Big Help^ªèÇÂàËÅ×ÍªÒÇàÁ×Í§ ãËé¤Ãº 40 ¤ÃÑé§^true^29^10",
        "31": "Polyculture^¢ÒÂ¾×ª¼Å·Ø¡ª¹Ô´ ª¹Ô´ÅÐ 15 ªÔé¹^true^-1^34",
        "32": "Monoculture^¢ÒÂ¾×ª¼Åª¹Ô´à´ÕÂÇ ãËé¤Ãº 300 ªÔé¹^true^-1^33",
        "34": "Full Shipment^¢ÒÂ¾×ª¼ÅãËé¤Ãº·Ø¡ª¹Ô´^true^-1^9"
    }
}
