{
    "header": {
        "target": "w",
        "formatVersion": 5,
        "hidef": true,
        "compressed": 128
    },
    "readers": [
        {
            "type": "Microsoft.Xna.Framework.Content.DictionaryReader`2[[System.Int32, mscorlib, Version=4.0.0.0, Culture=neutral, PublicKeyToken=b77a5c561934e089],[System.String, mscorlib, Version=4.0.0.0, Culture=neutral, PublicKeyToken=b77a5c561934e089]]",
            "version": 0
        },
        {
            "type": "Microsoft.Xna.Framework.Content.Int32Reader",
            "version": 0
        },
        {
            "type": "Microsoft.Xna.Framework.Content.StringReader",
            "version": 0
        }
    ],
    "content": {
        "0": "House Plant/50/-300/Crafting -9/(µé¹äÁé»ÃÐ´Ñº) ãªéµ¡áµè§ºéÒ¹ ËÃ×ÍäÃè/true/true/0/House Plant",
        "1": "House Plant/50/-300/Crafting -9/(µé¹äÁé»ÃÐ´Ñº) ãªéµ¡áµè§ºéÒ¹ ËÃ×ÍäÃè/true/true/0/House Plant",
        "2": "House Plant/50/-300/Crafting -9/(µé¹äÁé»ÃÐ´Ñº) ãªéµ¡áµè§ºéÒ¹ ËÃ×ÍäÃè/true/true/0/House Plant",
        "3": "House Plant/50/-300/Crafting -9/(µé¹äÁé»ÃÐ´Ñº) ãªéµ¡áµè§ºéÒ¹ ËÃ×ÍäÃè/true/true/0/House Plant",
        "4": "House Plant/50/-300/Crafting -9/(µé¹äÁé»ÃÐ´Ñº) ãªéµ¡áµè§ºéÒ¹ ËÃ×ÍäÃè/true/true/0/House Plant",
        "5": "House Plant/50/-300/Crafting -9/(µé¹äÁé»ÃÐ´Ñº) ãªéµ¡áµè§ºéÒ¹ ËÃ×ÍäÃè/true/true/0/House Plant",
        "6": "House Plant/50/-300/Crafting -9/(µé¹äÁé»ÃÐ´Ñº) ãªéµ¡áµè§ºéÒ¹ ËÃ×ÍäÃè/true/true/0/House Plant",
        "7": "House Plant/50/-300/Crafting -9/(µé¹äÁé»ÃÐ´Ñº) ãªéµ¡áµè§ºéÒ¹ ËÃ×ÍäÃè/true/true/0/House Plant",
        "8": "Scarecrow/50/-300/Crafting -9/(ËØè¹äÅè¡Ò) »éÍ§¡Ñ¹¼×ª¼Å äÁèãËé¶Ù¡ÍÕ¡Ò¡Ô¹ (ÁÕ¼ÅÃÐÂÐ 8 \"ªèÍ§\")/true/true/0/Scarecrow",
        "9": "Lightning Rod/50/-300/Crafting -9/(ÊÒÂÅèÍ¿éÒ) ÊÐÊÁ¾ÅÑ§§Ò¹ ¨Ò¡¾ÒÂØ½¹¿éÒ¤Ð¹Í§ áÅÐà»ÅÕèÂ¹ãËéà»ç¹áºµàµÍÃÕè/true/true/0/Lightning Rod",
        "10": "Bee House/50/-300/Crafting -9/(ºéÒ¹¼Öé§) ÇÒ§äÇé¹Í¡ºéÒ¹ áÅéÇÃÍ¹éÓ¼Öé§áÊ¹ÍÃèÍÂ! (Â¡àÇé¹Ä´ÙË¹ÒÇ)/true/true/0/Bee House",
        "12": "Keg/50/-300/Crafting -9/(¶Ñ§ËÁÑ¡) ËÁÑ¡¼Ñ¡ ËÃ×Í¼ÅäÁé ãËé¡ÅÒÂà»ç¹à¤Ã×èÍ§´×èÁ/true/true/0/Keg",
        "13": "Furnace/50/-300/Crafting -9/(àµÒËÅÍÁ) ËÅÍÁ¡éÍ¹áÃèãËé¡ÅÒÂà»ç¹á·è§ â´Âãªé¶èÒ¹ËÔ¹à»ç¹àª×éÍà¾ÅÔ§/true/true/0/Furnace",
        "15": "Preserves Jar/50/-300/Crafting -9/(¶Ñ§¶¹ÍÁÍÒËÒÃ) á»ÃÃÙ»¼Ñ¡Ê´ ãËé¡ÅÒÂà»ç¹¼Ñ¡´Í§ á»ÃÃÙ»¼ÅäÁé ãËé¡ÅÒÂà»ç¹áÂÁ/true/true/0/Preserves Jar",
        "16": "Cheese Press/50/-300/Crafting -9/(à¤Ã×èÍ§·Óà¹Âá¢ç§) ·Óà¹Âá¢ç§¨Ò¡¹Á/true/true/0/Cheese Press",
        "17": "Loom/50/-300/Crafting -9/(¡Õè·Í¼éÒ) ·Í¼éÒ â´Âãªé¢¹á¡Ð/true/true/0/Loom",
        "19": "Oil Maker/50/-300/Crafting -9/(à¤Ã×èÍ§Ê¡Ñ´¹éÓÁÑ¹) Ê¡Ñ´¹éÓÁÑ¹ ¨Ò¡¢éÒÇâ¾´, ´Í¡·Ò¹µÐÇÑ¹ ËÃ×ÍàËç´·ÃÑ¿à¿ÔÅ/true/true/0/Oil Maker",
        "20": "Recycling Machine/50/-300/Crafting -9/(à¤Ã×èÍ§ÃÕä«à¤ÔÅ) à»ÅÕèÂ¹¢ÂÐ·Õèä´é¨Ò¡ ¡ÒÃµ¡»ÅÒ ãËéà»ç¹·ÃÑ¾ÂÒ¡Ã·ÕèÁÕ¤Ø³¤èÒ/true/true/0/Recycling Machine",
        "21": "Crystalarium/50/-300/Crafting -9/(à¤Ã×èÍ§¤Ñ´ÅÍ¡ÍÑ­Á³Õ) ãÊèÍÑ­Á³Õ·ÕèµéÍ§¡ÒÃÅ§ä» áÅéÇà¤Ã×èÍ§¨Ð¤Ñ´ÅÍ¡ÍÑ­Á³Õ ÍÍ¡ÁÒàÍ§/true/true/0/Crystalarium",
        "22": "Table Piece L/50/-300/Crafting -9/(âµêÐ½Ñè§«éÒÂ) ½Ñè§«éÒÂ ¢Í§âµêÐ¢¹Ò´ãË­è/true/true/0/Table Piece L",
        "23": "Table Piece R/50/-300/Crafting -9/(âµêÐ½Ñè§¢ÇÒ) ½Ñè§¢ÇÒ ¢Í§âµêÐ¢¹Ò´ãË­è/true/true/0/Table Piece R",
        "24": "Mayonnaise Machine/50/-300/Crafting -9/(à¤Ã×èÍ§·ÓÁÒÂÍ§à¹Ê) á»ÃÃÙ»ä¢è ãËé¡ÅÒÂà»ç¹ÁÒÂÍ§à¹Ê/true/true/0/Mayonnaise Machine",
        "25": "Seed Maker/50/-300/Crafting -9/(à¤Ã×èÍ§¼ÅÔµàÁÅç´¾Ñ¹¸Øì) ãÊè¾×ª¼Å ·Õèä´é¨Ò¡¡ÒÃà¾ÒÐ»ÅÙ¡Å§ä» à¾×èÍà»ÅÕèÂ¹à»ç¹àÁÅç´¾Ñ¹¸ìØ à¤Ã×èÍ§¹ÕéäÁèÊÒÁÒÃ¶ãªé§Ò¹ ¡Ñº¾×ª¼Å·Õèä´é¨Ò¡µé¹äÁé ËÃ×Íà¡çºÁÒ¨Ò¡¢éÒ§·Ò§ä´é/true/true/0/Seed Maker",
        "26": "Wood Chair/50/-300/Crafting -9/(à¡éÒÍÕéäÁé) à¡éÒÍÕé·ÕèÊÒÁÒÃ¶ ËÑ¹Ë¹éÒä´é 4 ·ÔÈ·Ò§/true/true/0/Wood Chair",
        "27": "Wood Chair/50/-300/Crafting -9/(à¡éÒÍÕéäÁé) à¡éÒÍÕé·ÕèÊÒÁÒÃ¶ ËÑ¹Ë¹éÒä´é 4 ·ÔÈ·Ò§/true/true/0/Wood Chair",
        "28": "Skeleton Model/50/-300/Crafting -9/(ËØè¹â¤Ã§¡ÃÐ´Ù¡¨ÓÅÍ§) ËØè¹¨ÓÅÍ§â¤Ã§¡ÃÐ´Ù¡/true/true/0/Skeleton Model",
        "29": "Obelisk/50/-300/Crafting -9/(àÊÒâÍàºÅÔÊ¡ì) »ÃÐµÙÁÔµÔ ·Õè´ÙàËÁ×Í¹á¼è¾ÅÑ§§Ò¹»ÕÈÒ¨ ªÑèÇÃéÒÂÍÍ¡ÁÒ/false/true/0/Obelisk",
        "31": "Chicken Statue/50/-300/Crafting -9/(ä¡èäÁéá¡ÐÊÅÑ¡) äÁéá¡ÐÊÅÑ¡ ·ÕèÊÃéÒ§à»ç¹ÃÙ»ä¡è/true/true/0/Chicken Statue",
        "32": "Stone Cairn/50/-300/Crafting -9/(¡Í§ËÔ¹) ªÔé¹ÊèÇ¹µ¡áµè§ÊÓËÃÑº¿ÒÃìÁ¢Í§¤Ø³/true/true/0/Stone Cairn",
        "33": "Suit Of Armor/50/-300/Crafting -9/(ªØ´à¡ÃÒÐÍÑÈÇÔ¹) ªÔé¹ÊèÇ¹µ¡áµè§ÊÓËÃÑº¿ÒÃìÁ¢Í§¤Ø³/true/true/0/Suit Of Armor",
        "34": "Sign Of The Vessel/50/-300/Crafting -9/(ÊÑ­ÅÑ¡É³ìáËè§ÃèÒ§·Ã§) ªÔé¹ÊèÇ¹µ¡áµè§ÊÓËÃÑº¿ÒÃìÁ¢Í§¤Ø³/true/true/0/Sign Of The Vessel",
        "35": "Basic Log/125/-300/Crafting -9/(¢Í¹äÁé) ªÔé¹ÊèÇ¹µ¡áµè§ÊÓËÃÑº¿ÒÃìÁ¢Í§¤Ø³/true/true/0/Basic Log",
        "36": "Lawn Flamingo/50/-300/Crafting -9/(¿ÅÒÁÔ§â¡é¼éÒ) ªÔé¹ÊèÇ¹µ¡áµè§ÊÓËÃÑº¿ÒÃìÁ¢Í§¤Ø³/true/true/0/Lawn Flamingo",
        "37": "Wood Sign/5/-300/Crafting -9/(»éÒÂäÁé) ÇÒ§äÍà·Áº¹»éÒÂà¾×èÍáÊ´§ÃÙ»äÍà·Á¹Ñé¹ º¹»éÒÂáµèäÍà·Á¨ÐäÁèÅ´¨Ó¹Ç¹Å§/true/true/0/Wood Sign",
        "38": "Stone Sign/5/-300/Crafting -9/(»éÒÂËÔ¹) ÇÒ§äÍà·Áº¹»éÒÂà¾×èÍáÊ´§ÃÙ»äÍà·Á¹Ñé¹ º¹»éÒÂáµèäÍà·Á¨ÐäÁèÅ´¨Ó¹Ç¹Å§/true/true/0/Stone Sign",
        "39": "Dark Sign/5/-300/Crafting -9/(à¤Ã×èÍ§ËÁÒÂÁ×´) ÇÒ§äÍà·Áº¹»éÒÂà¾×èÍáÊ´§ÃÙ»äÍà·Á¹Ñé¹ º¹»éÒÂáµèäÍà·Á¨ÐäÁèÅ´¨Ó¹Ç¹Å§/true/true/0/Dark Sign",
        "40": "Big Green Cane/50/-300/Crafting -9/(äÁéà·éÒÊÕà¢ÕÂÇÍÑ¹ãË­è) ªÔé¹ÊèÇ¹µ¡áµè§ÊÓËÃÑº¿ÒÃìÁ¢Í§¤Ø³/true/true/0/Big Green Cane",
        "41": "Green Canes/50/-300/Crafting -9/(äÁéà·éÒÊÕà¢ÕÂÇ) ªÔé¹ÊèÇ¹µ¡áµè§ÊÓËÃÑº¿ÒÃìÁ¢Í§¤Ø³/true/true/0/Green Canes",
        "42": "Mixed Cane/50/-300/Crafting -9/(äÁéà·éÒËÅÒ¡ÊÕ) ªÔé¹ÊèÇ¹µ¡áµè§ÊÓËÃÑº¿ÒÃìÁ¢Í§¤Ø³/true/true/0/Mixed Cane",
        "43": "Red Canes/50/-300/Crafting -9/(äÁéà·éÒÊÕá´§) ªÔé¹ÊèÇ¹µ¡áµè§ÊÓËÃÑº¿ÒÃìÁ¢Í§¤Ø³/true/true/0/Red Canes",
        "44": "Big Red Cane/50/-300/Crafting -9/(äÁéà·éÒÊÕá´§ÍÑ¹ãË­è) ªÔé¹ÊèÇ¹µ¡áµè§ÊÓËÃÑº¿ÒÃìÁ¢Í§¤Ø³/true/true/0/Big Red Cane",
        "45": "Ornamental Hay Bale/50/-300/Crafting -9/(¿Ò§»ÃÐ´Ñº) ªÔé¹ÊèÇ¹µ¡áµè§ÊÓËÃÑº¿ÒÃìÁ¢Í§¤Ø³/true/true/0/Ornamental Hay Bale",
        "46": "Log Section/175/-300/Crafting -9/(¢Í¹äÁé·Õè¶Ù¡¼èÒ) ªÔé¹ÊèÇ¹µ¡áµè§ÊÓËÃÑº¿ÒÃìÁ¢Í§¤Ø³/true/true/0/Log Section",
        "47": "Grave Stone/50/-300/Crafting -9/(»éÒÂËÅØÁÈ¾) ªÔé¹ÊèÇ¹µ¡áµè§ÊÓËÃÑº¿ÒÃìÁ¢Í§¤Ø³/true/true/0/Grave Stone",
        "48": "Seasonal Decor/50/-300/Crafting -9/(¢Í§µ¡áµè§µÒÁÄ´Ù¡ÒÅ) ¡ÒÃµ¡áµè§¹Õéà»ÅÕèÂ¹ä»µÒÁÄ´Ù¡ÒÅ/true/true/0/Seasonal Decor",
        "52": "Stone Frog/50/-300/Crafting -9/(¡ºËÔ¹) ÊÇ¹ÈÔÅ»ÐÊÓËÃÑº¿ÒÃìÁ¢Í§¤Ø³/true/true/0/Stone Frog",
        "53": "Stone Parrot/50/-300/Crafting -9/(¹¡á¡éÇËÔ¹) ÊÇ¹ÈÔÅ»ÐÊÓËÃÑº¿ÒÃìÁ¢Í§¤Ø³/true/true/0/Stone Parrot",
        "54": "Stone Owl/50/-300/Crafting -9/(¹¡ÎÙ¡ËÔ¹) ÊÇ¹ÈÔÅ»ÐÊÓËÃÑº¿ÒÃìÁ¢Í§¤Ø³/true/true/0/Stone Owl",
        "55": "Stone Junimo/50/-300/Crafting -9/(¨Ù¹ÔâÁèËÔ¹) ÊÇ¹ÈÔÅ»ÐÊÓËÃÑº¿ÒÃìÁ¢Í§¤Ø³/true/true/0/Stone Junimo",
        "56": "Slime Ball/50/-300/Crafting -9/(ÅÙ¡ºÍÅÊäÅÁì) ÅÙ¡ºÍÅ·ÕèàµçÁä»´éÇÂ àÁ×Í¡¢Í§ÊäÅÁì/true/true/2/Slime Ball",
        "62": "Garden Pot/1000/-300/Crafting -9/(¡ÃÐ¶Ò§µé¹äÁé) »ÅÙ¡¾×ª¼Å·Ø¡Ä´ÙàÁ×èÍÍÂÙèã¹ÃèÁ ¹Í¡ºéÒ¹ÊÒÁÒÃ¶»ÅÙ¡¾×ªµÒÁ Ä´Ù¡ÒÅä´éà·èÒ¹Ñé¹/true/false/0/Garden Pot",
        "64": "Bookcase/50/-300/Crafting -9/(ªÑé¹Ë¹Ñ§Ê×Í) ªÑé¹ÊÓËÃÑº à¡çºË¹Ñ§Ê×Í/true/false/1/Bookcase",
        "65": "Fancy Table/50/-300/Crafting -9/(âµêÐá¿¹«Õ) âµêÐ¡ÅÁ ·Õè¶Ù¡¼ÅÔµÁÒÍÂèÒ§´Õ/true/false/1/Fancy Table",
        "66": "Ancient Table/50/-300/Crafting -9/(âµêÐâºÃÒ³) âµêÐ·Õè¶Ù¡»¡¤ÅØÁ ä»´éÇÂãÂáÁ§ÁØÁË¹ÒàµÍÐ/true/false/1/Ancient Table",
        "67": "Ancient Stool/50/-300/Crafting -9/(ÁéÒ¹Ñè§âºÃÒ³) ¡ÅÔè¹ÁÑ¹àËÁ×Í¹ ËéÍ§¢Í§¤Ø³ÂÒÂ/true/false/1/Ancient Stool",
        "68": "Grandfather Clock/50/-300/Crafting -9/(¹ÒÌÔ¡Òà¨éÒ¤Ø³»Ùè) ÁÑ¹à¡èÒÁÒ¡... áÅéÇ´ÙàËÁ×Í¹ÅÙ¡µØéÁ¹Ñè¹ ¨Ð¶Ù¡Ê¹ÔÁ¡Ô¹¨¹¢ÂÑºäÁèä´éáÅéÇ/true/false/1/Grandfather Clock",
        "69": "Teddy Timer/50/-300/Crafting -9/(¹ÒÌÔ¡ÒËÁÕ) ÁÑ¹¤×Í¹ÒÌÔ¡Òà¨éÒ¤Ø³»Ùè ·ÕèÃÙ»ÃèÒ§à»ç¹ËÁÕ/true/false/1/Teddy Timer",
        "70": "Dead Tree/0/-300/Crafting -9/(µé¹äÁéµÒÂ) ÁÑ¹á¢ç§¨¹à»ç¹ËÔ¹ ÁÒ¹Ò¹ÁÒ¡áÅéÇ ªèÒ§¹èÒÊ§ÊÒÃ¨ÃÔ§æ/true/false/1/Dead Tree",
        "71": "Staircase/0/-300/Crafting -9/(ºÑ¹ä´àËÁ×Í§) ãªéà´Ô¹·Ò§Å§ä»ã¹ ÃÐ´ÑºªÑé¹ÅèÒ§æ ¢Í§àËÁ×Í§./true/false/1/Staircase",
        "72": "Tall Torch/0/-300/Crafting -9/(¤ºà¾ÅÔ§·Ã§ÊÙ§) ¡éÒ¹ÁÑ¹·Ó¨Ò¡äÁéä¼è/true/false/1/Tall Torch",
        "73": "Ritual Mask/0/-300/Crafting -9/(Ë¹éÒ¡Ò¡¾Ô¸Õ¡ÃÃÁ) ÁÑ¹ãË­è à¡Ô¹¡ÇèÒ·Õè¨ÐÊÇÁãÊè/true/false/1/Ritual Mask",
        "74": "Bonfire/0/-300/Crafting -9/(¡Í§ä¿) ¡Í§¶èÒ¹ÊÕá´§ ·ÕèàÃ×Í§áÊ§ÍÂèÒ§¹ØèÁ¹ÇÅ/true/false/1/Bonfire",
        "75": "Bongo/0/-300/Crafting -9/(¡ÅÍ§ºÍ§â¡) ÍØ»¡Ã³ìà¢éÒ¨Ñ§ËÇÐ ·ÕèÁÕàÊÕÂ§ÍÑ¹ä¾àÃÒÐ/true/false/1/Bongo",
        "76": "Decorative Spears/0/-300/Crafting -9/(ËÍ¡) äÁèãªè¢Í§µºáµè§ ·Õè»ÅÍ´ÀÑÂÁÒ¡¹Ñ¡/true/false/1/Decorative Spears",
        "78": "Boulder/0/-300/Crafting -9/(¡éÍ¹ËÔ¹) ËÔ¹·ÕèÁÕ¤ÇÒÁË¹Òá¹è¹ÊÙ§/true/false/1/Boulder",
        "79": "Door/0/-300/Crafting -9/(»ÃÐµÙ) ¡Åä¡·Õè«èÍ¹ÍÂÙè ¨Ð·ÓãËéÁÑ¹Å§ä»ã¹¾×é¹/true/false/1/Door",
        "80": "Door/0/-300/Crafting -9/(»ÃÐµÙ) ¡Åä¡·Õè«èÍ¹ÍÂÙè ¨Ð·ÓãËéÁÑ¹Å§ä»ã¹¾×é¹/true/false/1/Door",
        "81": "Locked Door/0/-300/Crafting -9/(»ÃÐµÙ¶Ù¡ÅçÍ¤) ¡Åä¡·Õè«èÍ¹ÍÂÙè ¨Ð·ÓãËéÁÑ¹Å§ä»ã¹¾×é¹/true/false/2/Locked Door",
        "82": "Locked Door/0/-300/Crafting -9/(»ÃÐµÙ¶Ù¡ÅçÍ¤) ¡Åä¡·Õè«èÍ¹ÍÂÙè ¨Ð·ÓãËéÁÑ¹Å§ä»ã¹¾×é¹/true/false/2/Locked Door",
        "83": "Wicked Statue/0/-300/Crafting -9/(ÃÙ»»Ñé¹ªÑèÇÃéÒÂ) ÃÙ»»Ñé¹¹Õè.. á¤èÁÍ§¡ç·ÓãËé ÃÙéÊÖ¡äÁè´Õà·èÒäËÃè/true/false/0/Wicked Statue",
        "84": "Wicked Statue/0/-300/Crafting -9/(ÃÙ»»Ñé¹ªÑèÇÃéÒÂ) ÁÑ¹ÁÕºÒ§ÍÂèÒ§á»Å¡æ à¡ÕèÂÇ¡ÑºÃÙ»»Ñé¹¹Õé/true/false/2/Wicked Statue",
        "85": "Sloth Skeleton L/0/-300/Crafting -9/(â¤Ã§¡ÃÐ´Ù¡ÊÅÍ¸) ÊÅÍ¸µÑÇ¹Õé à¤ÂÍÒÈÑÂÍÂÙèã¹»èÒ·Öº ã¹ÊÁÑÂ´Ö¡´ÓºÃÃ¾ì ¡ÃÒÁÍÑ¹á¢ç§á¡Ãè§¢Í§ÁÑ¹ ÊÒÁÒÃ¶©Õ¡¡ÃÐªÒ¡ä´éáÁé¡ÃÐ·Ñè§ ÅÓµé¹¢Í§µé¹äÁé·Õèá¢ç§·ÕèÊØ´/true/false/0/Sloth Skeleton L",
        "86": "Sloth Skeleton M/0/-300/Crafting -9/(â¤Ã§¡ÃÐ´Ù¡ÊÅÍ¸) ¡ÃÐ´Ù¡¢Í§ÊÅÍ¸ ÊÑµÇì·Õèà¤ÂÁÕªÕÇÔµÍÂÙèã¹ªèÇ§ ÂØ¤¡èÍ¹»ÃÐÇÑµÔÈÒÊµÃì/true/false/0/Sloth Skeleton M",
        "87": "Sloth Skeleton R/0/-300/Crafting -9/(â¤Ã§¡ÃÐ´Ù¡ÊÅÍ¸) ¢ÒËÅÑ§ áÅÐËÒ§¢Í§ÊÅÍ¸ ÊÑµÇì·Õèà¤ÂÁÕªÕÇÔµÍÂÙèã¹ªèÇ§ ÂØ¤¡èÍ¹»ÃÐÇÑµÔÈÒÊµÃì/true/false/0/Sloth Skeleton R",
        "88": "Standing Geode/0/-300/Crafting -9/(á·è¹ÇÒ§áÃè) ¡éÍ¹áÃè¢¹Ò´ãË­è ·ÕèÇÒ§ÍÂÙèº¹á·è¹ ÁÕ¼ÅÖ¡ÊÕÁèÇ§áÇÇÇÒÇ¢¹Ò´àÅç¡ ¹ÑºÃéÍÂ»ÃÐ´ÑºÍÂÙèÃÍºæ/true/false/0/Standing Geode",
        "89": "Obsidian Vase/0/-300/Crafting -9/(á¨¡Ñ¹ËÔ¹ÍÍº«Ôà´ÕÂ¹) á¨¡Ñ¹ÊÇÂ§ÒÁ ·Õè·Ó¢Öé¹¨Ò¡ËÔ¹ÍÍº«Ôà´ÕÂ¹ áÅÐ·Í§¤Ó/true/false/0/Obsidian Vase",
        "90": "Bone Mill/0/-300/Crafting -9/(à¤Ã×èÍ§º´¡ÃÐ´Ù¡) à»ÅÕèÂ¹¡ÃÐ´Ù¡ãËéà»ç¹»ØëÂ/true/true/0/Bone Mill",
        "94": "Singing Stone/0/-300/Crafting -9/(¡éÍ¹ËÔ¹ÃéÍ§à¾Å§) ÁÑ¹¨ÐÊè§àÊÕÂ§´Ñ§Ê´ãÊ ÍÍ¡ÁÒ·Ø¡¤ÃÑé§·Õèà¤ÒÐ/true/false/0/Singing Stone",
        "95": "Stone Owl/0/-300/Crafting -9/(ÃÙ»»Ñé¹¹¡ÎÙ¡) äÁèá¹èªÑ´ÇèÒ ÁÑ¹ÁÒ¨Ò¡·ÕèäË¹ áµèÁÑ¹´Ù´ÕÁÒ¡/true/false/0/Stone Owl",
        "96": "Strange Capsule/0/-300/Crafting -9/(ËÅÍ´·´ÅÍ§»ÃÐËÅÒ´) ÁÑ¹ÁÕ¡éÍ¹á»Å¡æ ¼ÅØºæ â¼Åèæ ÍÂÙèãµé¢Í§àËÅÇã¹ËÅÍ´¹Õé/true/false/0/Strange Capsule",
        "98": "Empty Capsule/0/-300/Crafting -9/(ËÅÍ´·´ÅÍ§à»ÅèÒ) ÁÑ¹ÁÕÃÍÂáµ¡ ÍÂÙèµÃ§¡ÃÐ¨¡/true/false/0/Empty Capsule",
        "99": "Feed Hopper/0/-300/Crafting -9/(à¤Ã×èÍ§´Ö§Ë­éÒ) ÁÑ¹´Ö§Ë­éÒÁÒ¨Ò¡ ÂØé§©Ò§ä´éâ´ÂµÃ§/true/false/0/Feed Hopper",
        "101": "Incubator/0/-300/Crafting -9/(à¤Ã×èÍ§¿Ñ¡ä¢è) ãªé¿Ñ¡ä¢èä¡è ËÃ×Íä¢èà»ç´/true/false/2/Incubator",
        "104": "Heater/0/-300/Crafting -9/(à¤Ã×èÍ§·Ó¤ÇÒÁÃéÍ¹) ªèÇÂãËéÊÑµÇìÍºÍØè¹ áÅÐÁÕ¤ÇÒÁÊØ¢ ·èÒÁ¡ÅÒ§Ä´ÙË¹ÒÇ/true/false/0/Heater",
        "105": "Tapper/0/-300/Crafting -9/(à¤Ã×èÍ§à¨ÒÐµé¹äÁé) ãªéà¨ÒÐµÔ´¡Ñºµé¹àÁà»ÔéÅ µé¹âÍê¡ ËÃ×Íµé¹Ê¹ â´Â¨ÐÁÕ¶Ñ§ÃÍ§ÍÂÙè´éÒ¹ÅèÒ§ à¾×èÍÃÍ§ÃÑº¹éÓËÇÒ¹ ÂÒ§äÁé ËÃ×Í¹éÓÁÑ¹´Ô¹/true/false/0/Tapper",
        "106": "Camera/0/-300/Crafting -9/(¡ÅéÍ§¶èÒÂÃÙ») ¡ÅéÍ§¶èÒÂÃÙ»à¡èÒæ ·ÕèÍÂÙèº¹¢ÒµÑé§¡ÅéÍ§/true/false/0/Camera",
        "107": "Plush Bunny/0/-300/Crafting -9/(µØê¡µÒ¡ÃÐµèÒÂ) ÁÑ¹ãË­è ÁÑ¹¹ØèÁ áÅÐÁÑ¹¹èÒÃÑ¡/false/true/0/Plush Bunny",
        "108": "Tub o' Flowers/0/-300/Crafting -9/(¶Ñ§´Í¡äÁé) ´Í¡äÁé·Õè¶Ù¡»ÅÙ¡ã¹¶Ñ§äÁéâÍê¡ ÍÍ¡´Í¡ã¹Ä´ÙãºäÁé¼ÅÔ áÅÐÄ´ÙÃéÍ¹/true/true/0/Tub o' Flowers",
        "109": "Tub o' Flowers/0/-300/Crafting -9/(¶Ñ§´Í¡äÁé) ´Í¡äÁé·Õè¶Ù¡»ÅÙ¡ã¹¶Ñ§äÁéâÍê¡ ÍÍ¡´Í¡ã¹Ä´ÙãºäÁé¼ÅÔ áÅÐÄ´ÙÃéÍ¹/true/true/0/Tub o' Flowers",
        "110": "Rarecrow/0/-300/Crafting -9/(ËØè¹äÅè¡ÒËÒÂÒ¡) ÊÐÊÁãËé¤Ãº! (1 ¨Ò¡ 8)/true/true/0/Rarecrow",
        "111": "Decorative Pitcher/0/-300/Crafting -9/(àËÂ×Í¡·Í§àËÅ×Í§) ÁÑ¹à»ç¹¢Í§·ÓÁ×Í ·ÓÁÒ¨Ò¡·Í§àËÅ×Í§/true/true/0/Decorative Pitcher",
        "112": "Dried Sunflowers/0/-300/Crafting -9/(´Í¡·Ò¹µÐÇÑ¹áËé§) ¢Í§µ¡áµè§ºéÒ¹ ·ÕèªèÇÂãËéºéÒ¹ÁÕÊÕÊÑ¹Ê´ãÊ/true/true/0/Dried Sunflowers",
        "113": "Rarecrow/0/-300/Crafting -9/(ËØè¹äÅè¡ÒËÒÂÒ¡) ÊÐÊÁãËé¤Ãº! (2 ¨Ò¡ 8)/true/true/0/Rarecrow",
        "114": "Charcoal Kiln/0/-300/Crafting -9/(àµÒà¼Ò¶èÒ¹) à»ÅÕèÂ¹äÁé 10 ªÔé¹ ãËé¡ÅÒÂà»ç¹¶èÒ¹/true/true/0/Charcoal Kiln",
        "116": "Stardew Hero Trophy/0/-300/Crafting -9/(¶éÇÂÃÒ§ÇÑÅÇÕÃºØÃØÉ) ÃÒ§ÇÑÅ·ÕèÁÕà¡ÕÂÃµÔ·ÕèÊØ´ ·Õè¼ÙéÍÒÈÑÂÍÂÙèã¹ÊµÒÃì´ÔÇáÇÅÅÕè¨ÐÊÒÁÒÃ¶ä´éÃÑº!/true/true/0/Stardew Hero Trophy",
        "117": "Soda Machine/0/-300/Crafting -9/(µÙé¡´¹éÓÍÑ´ÅÁ) ÁÕáµèÊÔè§´Õæ àÁ×èÍ¡´ÍÍ¡ÁÒ/true/true/0/Soda Machine",
        "118": "Barrel/0/-300/Crafting -9/(¶Ñ§) .../true/true/0/Barrel",
        "119": "Crate/0/-300/Crafting -9/(ÅÑ§) .../true/true/0/Crate",
        "120": "Barrel/0/-300/Crafting -9/(¶Ñ§) .../true/true/0/Barrel",
        "121": "Crate/0/-300/Crafting -9/(ÅÑ§) .../true/true/0/Crate",
        "122": "Barrel/0/-300/Crafting -9/(¶Ñ§) .../true/true/0/Barrel",
        "123": "Crate/0/-300/Crafting -9/(ÅÑ§) .../true/true/0/Crate",
        "124": "Barrel/0/-300/Crafting -9/(¶Ñ§) .../true/true/0/Barrel",
        "125": "Crate/0/-300/Crafting -9/(ÅÑ§) .../true/true/0/Crate",
        "126": "Rarecrow/0/-300/Crafting -9/(ËØè¹äÅè¡ÒËÒÂÒ¡) ÊÐÊÁãËé¤Ãº! (3 ¨Ò¡ 8)/true/true/0/Rarecrow",
        "127": "Statue Of Endless Fortune/0/-300/Crafting -9/(ÃÙ»»Ñé¹¢Í§âª¤ªÐµÒ·ÕèäÁèÃÙé¨º) ÁÑ¹¶Ù¡ÊÃéÒ§¨Ò¡·Í§·Ó ÁÑ¹ÁÕäÇé·ÓÍÐäÃ?/true/true/0/Statue Of Endless Fortune",
        "128": "Mushroom Box/0/-300/Crafting -9/(¡ÅèÍ§àËç´) àËç´¨ÐàµÔºâµ·Ø¡æ 2-3 ÇÑ¹/true/true/2/Mushroom Box",
        "130": "Chest/0/-300/Crafting -9/(ËÕºà¡çº¢Í§) ãªéÊÓËÃÑºà¡çºÊÔè§¢Í§µèÒ§æ/true/true/0/Chest",
        "136": "Rarecrow/0/-300/Crafting -9/(ËØè¹äÅè¡ÒËÒÂÒ¡) ÊÐÊÁãËé¤Ãº! (4 ¨Ò¡ 8)/true/true/0/Rarecrow",
        "137": "Rarecrow/0/-300/Crafting -9/(ËØè¹äÅè¡ÒËÒÂÒ¡) ÊÐÊÁãËé¤Ãº! (5 ¨Ò¡ 8)/true/true/0/Rarecrow",
        "138": "Rarecrow/0/-300/Crafting -9/(ËØè¹äÅè¡ÒËÒÂÒ¡) ÊÐÊÁãËé¤Ãº! (6 ¨Ò¡ 8)/true/true/0/Rarecrow",
        "139": "Rarecrow/0/-300/Crafting -9/(ËØè¹äÅè¡ÒËÒÂÒ¡) ÊÐÊÁãËé¤Ãº! (7 ¨Ò¡ 8)/true/true/0/Rarecrow",
        "140": "Rarecrow/0/-300/Crafting -9/(ËØè¹äÅè¡ÒËÒÂÒ¡) ÊÐÊÁãËé¤Ãº! (8 ¨Ò¡ 8)/true/true/0/Rarecrow",
        "141": "Prairie King Arcade System/0/-300/Crafting -9/(µÙéà¡Á Prairie King) àÅè¹à¡Á 'Journey Of The Prairie King' ä´é·ÕèºéÒ¹!/true/true/0/Prairie King Arcade System",
        "143": "Wooden Brazier/25/-300/Crafting -9/(¡ÃÐ¶Ò§ä¿äÁéÊÒÁ¢Ò) ãËéáÊ§ÊÇèÒ§/true/true/0/Wooden Brazier",
        "144": "Stone Brazier/40/-300/Crafting -9/(¡ÃÐ¶Ò§ä¿ËÔ¹) ãËéáÊ§ÊÇèÒ§/true/true/0/Stone Brazier",
        "145": "Gold Brazier/100/-300/Crafting -9/(¡ÃÐ¶Ò§ä¿·Í§¤Ó) ãËéáÊ§ÊÇèÒ§/true/true/0/Gold Brazier",
        "146": "Campfire/0/-300/Crafting -9/(¡Í§ä¿) ãËéáÊ§ÊÇèÒ§/true/true/0/Campfire",
        "147": "Stump Brazier/80/-300/Crafting -9/(¡ÃÐ¶Ò§ä¿·èÍ¹äÁé) ãËéáÊ§ÊÇèÒ§/true/true/0/Stump Brazier",
        "148": "Carved Brazier/200/-300/Crafting -9/(¡ÃÐ¶Ò§ä¿äÁéá¡ÐÊÅÑ¡) ãËéáÊ§ÊÇèÒ§/true/true/0/Carved Brazier",
        "149": "Skull Brazier/300/-300/Crafting -9/(¡ÃÐ¶Ò§ä¿ËÑÇ¡ÃÐâËÅ¡) ãËéáÊ§ÊÇèÒ§/true/true/0/Skull Brazier",
        "150": "Barrel Brazier/80/-300/Crafting -9/(¡ÃÐ¶Ò§ä¿¶Ñ§äÁé) ãËéáÊ§ÊÇèÒ§/true/true/0/Barrel Brazier",
        "151": "Marble Brazier/500/-300/Crafting -9/(¡ÃÐ¶Ò§ä¿ËÔ¹ÍèÍ¹) ãËéáÊ§ÊÇèÒ§/true/true/0/Marble Brazier",
        "152": "Wood Lamp-post/50/-300/Crafting -9/(â¤Áä¿äÁé) ãËéáÊ§ÊÇèÒ§/true/true/0/true/Wood Lamp-post",
        "153": "Iron Lamp-post/100/-300/Crafting -9/(â¤Áä¿àËÅç¡) ãËéáÊ§ÊÇèÒ§/true/true/0/true/Iron Lamp-post",
        "154": "Worm Bin/0/-300/Crafting -9/(à¤Ã×èÍ§ÊÃéÒ§àËÂ×èÍµ¡»ÅÒ) ¼ÅÔµàËÂ×èÍÊÓËÃÑºµ¡»ÅÒ/true/true/0/Worm Bin",
        "155": "??HMTGF??/0/-300/Crafting -9/??HMTGF??/true/true/0/??HMTGF??",
        "156": "Slime Incubator/0/-300/Crafting -9/(à¤Ã×èÍ§¿Ñ¡ä¢èÊäÅÁì) ¿Ñ¡ä¢èÊäÅÁì ªèÇÂãËéàÅÕéÂ§ÊäÅÁì¹Í¡ºéÒ¹ä´é/true/false/0/Slime Incubator",
        "158": "Slime Egg-Press/0/-300/Crafting -9/(à¤Ã×èÍ§¼ÅÔµä¢èÊäÅÁì) ºÕºÍÑ´ªÔé¹ÊèÇ¹¢Í§äÊÅÁì 100 ªÔé¹ ãËé¡ÅÒÂà»ç¹ä¢èÊäÅÁì ÁÑ¹¤×Í¤ÇÒÁËÑÈ¨ÃÃÂì ¢Í§ÇÔ·ÂÒÈÒÊµÃì!/true/false/0/Slime Egg-Press",
        "159": "Junimo Kart Arcade System/0/-300/Crafting -9/(µÙéà¡Á Junimo Kart) àÅè¹à¡Á '¨Ù¹ÔâÁè¤ÒÃì· (Junimo Kart)' ä´é·ÕèºéÒ¹!/true/true/0/Junimo Kart Arcade System",
        "160": "Statue Of Perfection/0/-300/Crafting -9/(ÃÙ»»Ñé¹¢Í§¤ÇÒÁÊÁºÙÃ³ìáºº) ÁÑ¹¶Ù¡ÊÃéÒ§¨Ò¡ÍÔÃÔà´ÕÂÁºÃÔÊØ·¸Ôì/true/true/0/Statue Of Perfection",
        "161": "??Pinky Lemon??/0/-300/Crafting -9/??¾Ô§¤ì¡Õé àÅÁÍ¹??/true/true/0/??Pinky Lemon??",
        "162": "??Foroguemon??/0/-300/Crafting -9/??â¿âÃ¡ÙàÍÁÍ¹??/true/true/0/??Foroguemon??",
        "163": "Cask/0/-300/Crafting -9/(¶Ñ§ºèÁ) ãªéã¹ËéÍ§ãµé´Ô¹ ¡Ñº¼ÅÔµ¼Å·ÕèÁÕÍÒÂØ àªè¹ äÇ¹ìáÅÐªÕÊ/true/true/0/Cask",
        "164": "Solid Gold Lewis/0/-300/Crafting -9/(ÃÙ»»Ñé¹·Í§¤ÓàÅÇÔÊ) â¤Ã§¡ÒÃÅÑº¢Í§¹ÒÂ¡à·ÈÁ¹µÃÕ/true/true/0/Solid Gold Lewis",
        "165": "Auto-Grabber/0/-300/Crafting -9/(à¤Ã×èÍ§à¡çºà¡ÕèÂÇÍÑµâ¹ÁÑµÔ) à¡çºà¡ÕèÂÇ¼Å¼ÅÔµ¨Ò¡ÊÑµÇì¢Í§¤Ø³ â´ÂÍÑµâ¹ÁÑµÔã¹·Ø¡æ àªéÒ/true/true/0/Auto-Grabber",
        "167": "Deluxe Scarecrow/50/-300/Crafting -9/(ËØè¹äÅè¡Òáºº¾ÔàÈÉ) »éÍ§¡Ñ¹¼×ª¼Å äÁèãËé¶Ù¡ÍÕ¡Ò¡Ô¹ (ÁÕ¼ÅÃÐÂÐ 16 \"ªèÍ§\")/true/true/0/Deluxe Scarecrow",
        "174": "Barrel/0/-300/Crafting -9/.../true/true/0/Barrel",
        "175": "Crate/0/-300/Crafting -9/.../true/true/0/Crate",
        "182": "Geode Crusher/0/-300/Crafting -9/(à¤Ã×èÍ§º´¨ÕâÍ´) ¼èÒà»Ô´¨ÕâÍ´(Geodes) ÍÑµâ¹ÁÑµÔ µéÍ§¡ÒÃ¶èÒ¹ËÔ¹(Coal) à¾×èÍ·Ó§Ò¹/true/true/0/Geode Crusher",
        "184": "Seasonal Plant/50/-300/Crafting -9/(äÁé»ÃÐ´ÑºµÒÁÄ´Ù¡ÒÅ) äÁé»ÃÐ´Ñº·Õèà»ÅÕèÂ¹á»Å§µÒÁÄ´Ù¡ÒÅ äÁè¨Óà»ç¹µéÍ§Ã´¹éÓ/true/true/0/Seasonal Plant",
        "188": "Seasonal Plant/50/-300/Crafting -9/(äÁé»ÃÐ´ÑºµÒÁÄ´Ù¡ÒÅ) äÁé»ÃÐ´Ñº·Õèà»ÅÕèÂ¹á»Å§µÒÁÄ´Ù¡ÒÅ äÁè¨Óà»ç¹µéÍ§Ã´¹éÓ/true/true/0/Seasonal Plant",
        "192": "Seasonal Plant/50/-300/Crafting -9/(äÁé»ÃÐ´ÑºµÒÁÄ´Ù¡ÒÅ) äÁé»ÃÐ´Ñº·Õèà»ÅÕèÂ¹á»Å§µÒÁÄ´Ù¡ÒÅ äÁè¨Óà»ç¹µéÍ§Ã´¹éÓ/true/true/0/Seasonal Plant",
        "196": "Seasonal Plant/50/-300/Crafting -9/(äÁé»ÃÐ´ÑºµÒÁÄ´Ù¡ÒÅ) äÁé»ÃÐ´Ñº·Õèà»ÅÕèÂ¹á»Å§µÒÁÄ´Ù¡ÒÅ äÁè¨Óà»ç¹µéÍ§Ã´¹éÓ/true/true/0/Seasonal Plant",
        "200": "Seasonal Plant/200/-300/Crafting -9/(äÁé»ÃÐ´ÑºµÒÁÄ´Ù¡ÒÅ) äÁé»ÃÐ´Ñº·Õèà»ÅÕèÂ¹á»Å§µÒÁÄ´Ù¡ÒÅ äÁè¨Óà»ç¹µéÍ§Ã´¹éÓ/true/true/0/Seasonal Plant",
        "204": "Seasonal Plant/50/-300/Crafting -9/(äÁé»ÃÐ´ÑºµÒÁÄ´Ù¡ÒÅ) äÁé»ÃÐ´Ñº·Õèà»ÅÕèÂ¹á»Å§µÒÁÄ´Ù¡ÒÅ äÁè¨Óà»ç¹µéÍ§Ã´¹éÓ/true/true/0/Seasonal Plant",
        "208": "Workbench/1000/-300/Crafting -9/(âµêÐ·Ó§Ò¹¢Í§ªèÒ§) àÁ×èÍÊÃéÒ§äÇé ·èÒ¹¨ÐÊÒÁÒÃ¶ãªé ÇÑÊ´Øã¹ËÕº·ÕèÍÂÙèµÔ´¡Ñ¹ »ÃÐ´ÔÉ°ìÊÔè§¢Í§ä´éâ´Â äÁèµéÍ§¾¡ÇÑÊ´ØäÇéã¹¡ÃÐà»ëÒ/true/true/0/Workbench",
        "209": "Mini-Jukebox/1500/-300/Crafting -9/(µÙéà¾Å§¢¹Ò´àÅç¡) ªèÇÂãËé¤Ø³àÅè¹ à¾Å§â»Ã´¢Í§¤Ø³ä´é/true/true/0/Mini-Jukebox",
        "211": "Wood Chipper/500/-300/Crafting -9/(à¤Ã×èÍ§ÂèÍÂäÁé) ãÊèªÔé¹ÊèÇ¹¢Í§äÁéà¹×éÍá¢ç§(Hardwood) Å§ä»à¾×èÍà»ÅÕèÂ¹ ãËéà»ç¹äÁé¸ÃÃÁ´ÒËÅÒÂªÔé¹/true/true/0/Wood Chipper",
        "214": "Telephone/1000/-300/Crafting -9/(â·ÃÈÑ¾·ì) ãªéà¾×èÍµÃÇ¨ÊÍº àÇÅÒ·Ó¡ÒÃ¢Í§ÃéÒ¹¤éÒ áÅÐ¤ÅÑ§ÊÔ¹¤éÒä´é/true/true/0/Telephone",
        "216": "Mini-Fridge/1500/-300/Crafting -9/(µÙéàÂç¹¢¹Ò´àÅç¡) ªèÇÂãËé¤Ø³à¡çº ÊèÇ¹¼ÊÁà¾ÔèÁàµÔÁ ÊÓËÃÑº·ÓÍÒËÒÃ/true/true/0/Mini-Fridge",
        "219": "Cursed P.K. Arcade System/0/-300/Crafting -9/ÁÕºÒ§ÍÂèÒ§äÁè¶Ù¡µéÍ§¡Ñº Prairie King Arcade System.../true/true/0/Cursed P.K. Arcade System",
        "231": "Solar Panel/0/-300/Crafting -9/(á¼§à«ÅÅìáÊ§ÍÒ·ÔµÂì) ÊÃéÒ§áºµàµÍÃÕèÍÂèÒ§ªéÒæ àÁ×èÍ·Ôé§äÇé¡ÅÒ§á´´/true/true/0/Solar Panel",
        "232": "Stone Chest/0/-300/Crafting -9/(ËÕºÊâµ¹) ·Õè¨Ñ´à¡çºÊÔè§¢Í§¢Í§¤Ø³/true/true/0/Stone Chest",
        "238": "Mini-Obelisk/0/-300/Crafting -9/(àÊÒâÍàºÅÔÊ¡ì¢¹Ò´àÅç¡) ÇÒ§ÊÍ§ÍÑ¹º¹¿ÒÃìÁ à¾×èÍÇÒÃì»ä»ÁÒÃÐËÇèÒ§¾Ç¡ÁÑ¹/true/true/0/Mini-Obelisk",
        "239": "Farm Computer/0/-300/Crafting -9/(¤ÍÁ¾ÔÇàµÍÃì) Êá¡¹¿ÒÃìÁáÅÐáÊ´§¢éÍÁÙÅ·Õèà»ç¹»ÃÐâÂª¹ì/true/true/0/Farm Computer",
        "246": "Coffee Maker/0/-300/Crafting -9/(à¤Ã×èÍ§ª§¡Òá¿) ª§¡Òá¿Ê´ãËÁè·Ø¡àªéÒ â´ÂÍÑµâ¹ÁÑµÔ/true/true/0/Coffee Maker",
        "247": "Sewing Machine/0/-300/Crafting -9/(¨Ñ¡ÃàÂçº¼éÒ) ãªéµÑ´àÂçºàÊ×éÍ¼éÒ¨Ò¡·ÕèºéÒ¹¢Í§¤Ø³ ä´éÍÂèÒ§ÊÐ´Ç¡ÊºÒÂ!/true/true/0/Sewing Machine",
        "248": "Mini-Shipping Bin/0/-300/Crafting -9/ÊÔ¹¤éÒ·ÕèãÊèäÇé ¨ÐÃÇÁÍÂÙèã¹¡ÒÃ¨Ñ´Êè§·Ø¡¤×¹/true/true/0/Mini-Shipping Bin",
        "254": "Ostrich Incubator/0/-300/Crafting -9/(µÙé¿Ñ¡ä¢è¹¡¡ÃÐ¨Í¡à·È) ¿Ñ¡ä¢è¹¡¡ÃÐ¨Í¡à·È ãËéà»ç¹ÅÙ¡¹¡¡ÃÐ¨Í¡à·È ÇÒ§äéã¹¤Í¡/true/true/0/Ostrich Incubator",
        "256": "Junimo Chest/0/-300/Crafting -9/(ËÕº¢Í§¨Ù¹ÔâÁè) ´éÇÂÍÓ¹Ò¨¢Í§¾ÅÑ§áËè§»èÒ ËÕº¢Í§¨Ù¹ÔâÁè·Ø¡ãº ¨Ðàª×èÍÁµèÍä»ÂÑ§¨Ø´ËÁÒÂà´ÕÂÇ¡Ñ¹/true/true/0/Junimo Chest",
        "264": "Heavy Tapper/0/-300/Crafting -9/(à¤Ã×èÍ§à¨ÒÐµé¹äÁé¾ÅÑ§ÊÙ§) ãªéà¨ÒÐµÔ´¡Ñºµé¹àÁà»ÔéÅ µé¹âÍê¡ ËÃ×Íµé¹Ê¹ à¾×èÍÃÍ§ÃÑº¼ÅÔµÀÑ³±ì¨Ò¡µé¹äÁéàËÅèÒ¹Ñé¹! ·Ó§Ò¹ä´éÃÇ´àÃçÇ¡ÇèÒà¤Ã×èÍ§à¨ÒÐµé¹äÁé·ÑèÇä» ¶Ö§ 2 à·èÒ/true/false/0/Heavy Tapper",
        "265": "Deconstructor/0/-300/Crafting -9/(à¤Ã×èÍ§áÂ¡ªÔé¹ÊèÇ¹) ãªé·ÓÅÒÂäÍà·çÁ¤ÃÒ¿ áÅÐ¨Ðä´éÃÑºÇÑµ¶Ø´Ôº·ÕèÁÕ»ÃÐâÂ¹ªì¡ÅÑº¤×¹ÁÒ/true/true/0/Deconstructor",
        "272": "Auto-Petter/0/-300/Crafting -9/(à¤Ã×èÍ§´ÙáÅÊÑµÇìàÅÕéÂ§ÍÑµâ¹ÁÑµÔ) â¨¨éÒ¤ÍÃìà»ÍÃìàÃªÑè¹ ä´é¨´ÊÔ·¸ÔºÑµÃ¢Í§à·¤â¹âÅÂÕ¹Õé ÊÓËÃÑº¡ÒÃãªé§Ò¹ã¹âÃ§¹Ò à¾×èÍªèÇÂà¾ÔèÁ¤ÇÒÁà¾ÅÔ´à¾ÅÔ¹ ãËé¡ÑºÊÑµÇìàÅÕéÂ§¢Í§¤Ø³ áµèÂÑ§ä§¡çäÁèÊÒÁÒÃ¶á·¹·Õè ¡ÒÃàÍÒã¨ãÊè¨Ò¡¼ÙéàÅÕéÂ§ä´é ¡ÒÃÅÙºÊÑµÇìàÅÕéÂ§´éÇÂÁ×Í¹Ñé¹ ªèÇÂÊè§àÊÃÔÁ»¯ÔÊÑÁ¾Ñ¹¸ì´éÒ¹Í×è¹æ ´éÇÂ/true/true/0/Auto-Petter",
        "275": "Hopper/0/-300/Crafting -9/(ÎÍ»à»ÍÃì) ÊÔè§¢Í§·ÕèÇÒ§ÍÂÙèÀÒÂã¹ ¨Ð¶Ù¡Êè§µèÍà¢éÒä»ã¹ à¤Ã×èÍ§·ÕèÍÂÙè´éÒ¹Ë¹éÒâ´ÂÍÑµâ¹ÁÑµÔ/true/true/0/Hopper",
        "278": "Campfire/0/-300/Crafting -9/(¡Í§ä¿) ·ÓÍÒËÒÃä´é·Ø¡·Õè!/true/true/1/Campfire",
        "280": "Statue Of True Perfection/0/-300/Crafting -9/(ÃÙ»»Ñé¹¢Í§¤ÇÒÁÊÁºÙÃ³ìáºº·Õèá·é¨ÃÔ§) ÁÑ¹¶Ù¡ÊÃéÒ§¨Ò¡ÍÔÃÔà´ÕÂÁºÃÔÊØ·¸Ôì/true/true/0/Statue Of True Perfection"
    }
}
