{
    "header": {
        "target": "w",
        "formatVersion": 5,
        "hidef": true,
        "compressed": 128
    },
    "readers": [
        {
            "type": "Microsoft.Xna.Framework.Content.DictionaryReader`2[[System.String, mscorlib, Version=4.0.0.0, Culture=neutral, PublicKeyToken=b77a5c561934e089],[System.String, mscorlib, Version=4.0.0.0, Culture=neutral, PublicKeyToken=b77a5c561934e089]]",
            "version": 0
        },
        {
            "type": "Microsoft.Xna.Framework.Content.StringReader",
            "version": 0
        }
    ],
    "content": {
        "Silo": "390 100 330 10 334 5/3/3/-1/-1/-2/-1/null/Silo/(ÂØé§©Ò§) ÊÒÁÒÃ¶µÑ´Ë­éÒ áÅÐà¡çºË­éÒäÇéà»ç¹ÍÒËÒÃÊÑµÇìä´é/Buildings/none/48/128/-1/null/Farm/100/false",
        "Mill": "388 150 390 50 428 4/4/2/-1/-1/-2/-1/null/Mill/(âÃ§ÊÕ) ãªéÊÓËÃÑºÊÕËÃ×Íº´ ¢éÒÇ ¢éÒÇÊÒÅÕ áÅÐËÑÇºÕ·/Buildings/none/64/128/-1/null/Farm/2500/false",
        "Earth Obelisk": "337 10 86 10/3/2/-1/-1/-2/-1/null/Earth Obelisk/(Í¹ØÊÒÇÃÕÂì´Ô¹) ÊÒÁÒÃ¶à¤Å×èÍ¹ÂéÒÂ¤Ø³ ä»ÂÑ§ÀÙà¢Ò/Buildings/none/48/128/-1/null/Farm/500000/true",
        "Water Obelisk": "337 5 372 10 393 10/3/2/-1/-1/-2/-1/null/Water Obelisk/(Í¹ØÊÒÇÃÕÂì¹éÓ) ÊÒÁÒÃ¶à¤Å×èÍ¹ÂéÒÂ¤Ø³ ä»ÂÑ§ªÒÂËÒ´/Buildings/none/48/128/-1/null/Farm/500000/true",
        "Desert Obelisk": "337 20 88 10 90 10/3/2/-1/-1/-2/-1/null/Desert Obelisk/(Í¹ØÊÒÇÃÕÂì·ÐàÅ·ÃÒÂ) ÊÒÁÒÃ¶à¤Å×èÍ¹ÂéÒÂ¤Ø³ ä»ÂÑ§·ÐàÅ·ÃÒÂ/Buildings/none/48/128/-1/null/Farm/1000000/true",
        "Island Obelisk": "337 10 852 10 91 10/3/2/-1/-1/-2/-1/null/Island Obelisk/(Í¹ØÊÒÇÃÕÂìËÁÙèà¡ÒÐ) ÊÒÁÒÃ¶à¤Å×èÍ¹ÂéÒÂ¤Ø³ ä»ÂÑ§ËÁÙèà¡ÒÐ¢Ô§/Buildings/none/48/128/-1/null/Farm/1000000/true",
        "Junimo Hut": "390 200 268 9 771 100/3/2/-1/-1/-2/-1/null/Junimo Hut/(¡ÃÐ·èÍÁ¨Ù¹ÔâÁè) ¨Ù¹ÔâÁè¨Ðà¡çºà¡ÕèÂÇ¾×ª¼ÅÃÍºæ ¡ÃÐ·èÍÁ¢Í§ÁÑ¹ãËé¤Ø³/Buildings/none/48/64/-1/null/Farm/20000/true",
        "Gold Clock": "/3/2/-1/-1/-2/-1/null/Gold Clock/(¹ÒÌÔ¡Ò·Í§) »éÍ§¡Ñ¹äÁèãËéàÈÉ«Ò¡ »ÃÒ¡¯ã¹¿ÒÃìÁ¢Í§¤Ø³ »éÍ§¡Ñ¹ÃÑéÇäÁèãËé¾Ñ§·ÅÒÂ/Buildings/none/48/80/-1/null/Farm/10000000/true",
        "Stable": "709 100 335 5/4/2/-1/-1/-2/-1/null/Stable/(¤Í¡ÁéÒ) ÊÒÁÒÃ¶àÅÕéÂ§ÁéÒ áÅÐ¢ÕèÁéÒä´é ÊÃéÒ§àÊÃç¨¨ÐÁÕÁéÒãËé/Buildings/none/64/96/-1/null/Farm/10000/false",
        "Well": "390 75/3/3/-1/-1/-1/-1/null/Well/(ºèÍ¹éÓºÒ´ÒÅ) áËÅè§¹éÓà¾×èÍ¡ÒÃÍØ»âÀ¤ºÃÔâÀ¤ áÅÐàµÔÁ¹éÓãËé¡ÑººÑÇÃ´¹éÓ/Buildings/none/32/32/-1/null/Farm/1000/false",
        "Shipping Bin": "388 150/2/1/-1/-1/-1/-1/null/Shipping Bin/(¶Ñ§¢¹Êè§) âÂ¹¢Í§äÇé¢éÒ§ã¹ à¾×èÍ¢ÒÂã¹àÇÅÒÍÑ¹ÊÑé¹/Buildings/none/48/80/-1/null/Farm/250/false/0",
        "Coop": "388 300 390 100/6/3/1/2/2/2/Coop/Coop/(àÅéÒ¢¹Ò´àÅç¡) ãªéàÅÕéÂ§ÊÑµÇì¢¹Ò´àÅç¡ àÅÕéÂ§ä´éÊÙ§ÊØ´ 4 µÑÇ/Buildings/none/64/96/4/null/Farm/4000/false",
        "Big Coop": "388 400 390 150/6/3/1/2/2/2/Coop2/Big Coop/(àÅéÒ¢¹Ò´¡ÅÒ§) ãªéàÅÕéÂ§ÊÑµÇì¢¹Ò´àÅç¡ àÅÕéÂ§ä´éÊÙ§ÊØ´ 8 µÑÇ ÊÃéÒ§àÊÃç¨¨ÐÁÕà¤Ã×èÍ§¿Ñ¡ä¢èãËé ãªéàÅÕéÂ§à»ç´ä´é/Upgrades/Coop/64/96/8/null/Farm/10000/false",
        "Deluxe Coop": "388 500 390 200/6/3/1/2/2/2/Coop3/Deluxe Coop/(àÅéÒ¢¹Ò´ãË­è) ãªéàÅÕéÂ§ÊÑµÇì¢¹Ò´àÅç¡ àÅÕéÂ§ä´éÊÙ§ÊØ´ 12 µÑÇ ÁÕÃÐººãËéÍÒËÒÃÍÑµâ¹ÁÑµÔ ãªéàÅÕéÂ§¡ÃÐµèÒÂä´é/Upgrades/Big Coop/64/96/12/null/Farm/20000/false",
        "Barn": "388 350 390 150/7/4/1/3/3/3/Barn/Barn/(¤Í¡¢¹Ò´àÅç¡) ãªéàÅÕéÂ§ÊÑµÇì¢¹Ò´ãË­è àÅÕéÂ§ä´éÊÙ§ÊØ´ 4 µÑÇ/Buildings/none/96/96/4/null/Farm/6000/false",
        "Big Barn": "388 450 390 200/7/4/1/3/4/3/Barn2/Big Barn/(¤Í¡¢¹Ò´¡ÅÒ§) ãªéàÅÕéÂ§ÊÑµÇì¢¹Ò´ãË­è àÅÕéÂ§ä´éÊÙ§ÊØ´ 8 µÑÇ ÊÑµÇìÊÒÁÒÃ¶ÍÍ¡ÅÙ¡ä´é ãªéàÅÕéÂ§á¾Ðä´é/Upgrades/Barn/96/96/8/null/Farm/12000/false",
        "Deluxe Barn": "388 550 390 300/7/4/1/3/4/3/Barn3/Deluxe Barn/(¤Í¡¢¹Ò´ãË­è) ãªéàÅÕéÂ§ÊÑµÇì¢¹Ò´ãË­è àÅÕéÂ§ä´éÊÙ§ÊØ´ 12 µÑÇ ÁÕÃÐººãËéÍÒËÒÃÍÑµâ¹ÁÑµÔ ãªéàÅÕéÂ§á¡Ð áÅÐËÁÙä´é/Upgrades/Big Barn/96/96/12/null/Farm/25000/false",
        "Slime Hutch": "390 500 338 10 337 1/11/6/5/5/-1/-1/SlimeHutch/Slime Hutch/(âÃ§à¾ÒÐÊäÅÁì) à¾ÒÐàÅÕéÂ§ä´éÊÙ§ÊØ´ 20 µÑÇ ¤ÍÂàµÔÁ¹éÓãËé¾Ç¡ÁÑ¹ áÅéÇ¾Ç¡ÁÑ¹¨ÐÊÃéÒ§ ÅÙ¡ºÍÅÊäÅÁìÍÍ¡ÁÒ/Buildings/none/96/96/20/null/Farm/10000/false",
        "Shed": "388 300/7/3/3/2/-1/-1/Shed/Shed/(âÃ§à¡çº¢Í§) ÀÒÂã¹ÍÒ¤ÒÃÇèÒ§à»ÅèÒ ÊÒÁÒÃ¶ÇÒ§ÍÐäÃ¡çä´é ·Õè¤Ø³µéÍ§¡ÒÃ! ÊÒÁÒÃ¶µ¡áµè§ÀÒÂã¹ä´é/Buildings/none/96/96/20/null/Farm/15000/false",
        "Big Shed": "388 550 390 300/7/3/3/2/-1/-1/Shed2/Big Shed/(âÃ§à¡çº¢Í§¢¹Ò´ãË­è)à¾ÔèÁ¢¹Ò´âÃ§à¡çº¢Í§ à»ç¹ÊÍ§à·èÒ áÅÐÂÑ§ÊÒÁÒÃ¶ µ¡áµè§ÀÒÂã¹ä´é/Upgrades/Shed/96/96/20/null/Farm/20000/false",
        "Stone Cabin": "390 10/5/3/2/1/-1/-1/Cabin/Cabin/(¡ÃÐ·èÍÁ) ·Õè¾Ñ¡ÊÓËÃÑºà¾×èÍ¹! à§Ô¹ÍØ´Ë¹Ø¹¨Ò¡¡Í§·Ø¹à¡ÉµÃàÁ×Í§/Buildings/none/96/96/20/null/Farm/100/false/0",
        "Plank Cabin": "388 5 771 10/5/3/2/1/-1/-1/Cabin/Cabin/(¡ÃÐ·èÍÁ) ·Õè¾Ñ¡ÊÓËÃÑºà¾×èÍ¹! à§Ô¹ÍØ´Ë¹Ø¹¨Ò¡¡Í§·Ø¹à¡ÉµÃàÁ×Í§/Buildings/none/96/96/20/null/Farm/100/false/0",
        "Log Cabin": "388 10/5/3/2/1/-1/-1/Cabin/Cabin/(¡ÃÐ·èÍÁ) ·Õè¾Ñ¡ÊÓËÃÑºà¾×èÍ¹! à§Ô¹ÍØ´Ë¹Ø¹¨Ò¡¡Í§·Ø¹à¡ÉµÃàÁ×Í§/Buildings/none/96/96/20/null/Farm/100/false/0",
        "Greenhouse": "/7/6/3/5/-1/-1/null/Greenhouse/(àÃ×Í¹¡ÃÐ¨¡) ãªéà¾ÒÐ»ÅÙ¡¾×ªä´é·Ø¡Ä´Ù »ÅÙ¡ä´é·Ñé§»Õ!/Buildings/none/64/96/-1/null/Farm/-1/false/0/2 6 3 6 4 6 2 7 3 7 4 7",
        "Mine Elevator": "388 30 390 15 334 5/4/2/1/1/-1/-1/null/Mine Elevator/(ÅÔ¿µìàËÁ×Í§) ãªéà´Ô¹·Ò§ÍÂèÒ§ÃÇ´àÃçÇ ä»ÂÑ§ÅÔ¿µìµÑÇÍ×è¹ ·Õèä´éÊÃéÒ§äÇéÀÒÂã¹àËÁ×Í§ â´Âã¹áµèÅÐªÑé¹ÊÃéÒ§ä´éà¾ÕÂ§ 1 µÑÇ/Buildings/none/64/64/-1/MineElevator/UndergroundMine",
        "Fish Pond": "390 200 152 5 153 5/5/5/-1/-1/-2/-1/null/Fish Pond/(ºèÍàÅÕéÂ§»ÅÒ) ÊÒÁÒÃ¶à¡çºà¡ÕèÂÇ ¼Å¼ÅÔµ¨Ò¡»ÅÒ ¨Ó¹Ç¹¢Í§»ÅÒ ¨Ðà¾ÔèÁ¢Öé¹àÁ×èÍàÇÅÒ¼èÒ¹ä»/Buildings/none/76/78/10/null/Farm/5000/false/2",
        "Chicken": "animal/500/64/64/Chicken/(ä¡è) ÍÍ¡ä¢èáÊ¹ÍÃèÍÂ ÁÕ·Ñé§ËÁ´ÊÍ§ÊÕ/null/Farm",
        "Duck": "animal/1000/64/64/Duck/(à»ç´) ÍÍ¡ä¢è áÅÐºÒ§¤ÃÑé§¡ç·Ó¢¹ÃèÇ§äÇé/null/Farm",
        "Rabbit": "animal/1500/64/64/Rabbit/(¡ÃÐµèÒÂ) ÊÑµÇì¹èÒÃÑ¡ ¢¹¹ØèÁ»Ø¡»ØÂ!/null/Farm",
        "Cow": "animal/1000/64/96/Cow/(ÇÑÇ) ¼ÅÔµ¹éÓ¹Á·ÕèÁÑ¹áÅÐà¢éÁ¢é¹/null/Farm",
        "Sheep": "animal/1500/64/96/Sheep/(á¡Ð) ¢¹¢Í§¾Ç¡ÁÑ¹à»ç¹ÊÔè§·ÕèÅéÓ¤èÒ/null/Farm",
        "Goat": "animal/1500/64/96/Goat/(á¾Ð) ¼ÅÔµ¹éÓ¹ÁáÊ¹ÍÃèÍÂ!/null/Farm",
        "Pig": "animal/2000/64/96/Pig/(ËÁÙ) ¾Ç¡ÁÑ¹¶Ù¡½Ö¡ÁÒà»ç¹¾ÔàÈÉãËé¤é¹ËÒàËç´·ÃÑ¿à¿ÔÅ/null/Farm"
    }
}
