{
    "header": {
        "target": "w",
        "formatVersion": 5,
        "hidef": true,
        "compressed": 128
    },
    "readers": [
        {
            "type": "Microsoft.Xna.Framework.Content.DictionaryReader`2[[System.Int32, mscorlib, Version=4.0.0.0, Culture=neutral, PublicKeyToken=b77a5c561934e089],[System.String, mscorlib, Version=4.0.0.0, Culture=neutral, PublicKeyToken=b77a5c561934e089]]",
            "version": 0
        },
        {
            "type": "Microsoft.Xna.Framework.Content.Int32Reader",
            "version": 0
        },
        {
            "type": "Microsoft.Xna.Framework.Content.StringReader",
            "version": 0
        }
    ],
    "content": {
        "504": "Sneakers/(ÃÍ§à·éÒ¼éÒãº) ÁÑ¹ºÍººÒ§ä»Ë¹èÍÂ áµè¡ç·Ñ¹ÊÁÑÂ´Õ!/50/1/0/0",
        "505": "Rubber Boots/(ÃÍ§à·éÒÂÒ§) ªèÇÂ»¡»éÍ§¨Ò¡¸ÒµØµèÒ§æ/50/0/1/1",
        "506": "Leather Boots/(ÃÍ§à·éÒË¹Ñ§) Ë¹Ñ§ÁÑ¹ÍèÍ¹¹ØèÁÁÒ¡/50/1/1/2",
        "507": "Work Boots/(ÃÍ§à·éÒËÑÇàËÅç¡) »ÅÒÂÃÍ§à·éÒàÊÃÔÁàËÅç¡ à¾×èÍ¡ÒÃ»éÍ§¡Ñ¹áºº¾ÔàÈÉ/50/2/0/3",
        "508": "Combat Boots/(ÃÍ§à·éÒ·ËÒÃ) ÃÍ§à·éÒÊÓËÃÑºµèÍÊÙé àÊÃÔÁ´éÇÂãÂàËÅç¡/150/3/0/4",
        "509": "Tundra Boots/(ÃÍ§à·éÒ¡Ñ¹Ë¹ÒÇ) ¢¹ÍÑ¹Ë¹Ò¹ØèÁ¢Í§ÃÍ§à·éÒ ¨ÐªèÇÂãËé¢éÍà·éÒÍºÍØè¹ÍÂÙèàÊÁÍ/150/2/1/5",
        "510": "Thermal Boots/(ÃÍ§à·éÒÅØÂËÔÁÐ) ÁÑ¹¶Ù¡ÍÍ¡áººÁÒÊÓËÃÑº ÊÀÒ¾ÍÒ¡ÒÈÍÑ¹àÅÇÃéÒÂ/50/1/2/6",
        "511": "Dark Boots/(ÃÍ§à·éÒË¹Ñ§´Ó) ÁÑ¹¶Ù¡ÊÃéÒ§¨Ò¡Ë¹Ñ§Ë¹ÒÊÕ´Ó/250/4/2/7",
        "512": "Firewalker Boots/(ÃÍ§à·éÒÅØÂä¿) ¡ÅèÒÇ¡Ñ¹ÇèÒÃÍ§à·éÒ¹Õé ÊÒÁÒÃ¶·¹·Ò¹µèÍÅÒÇÒ·ÕèÃéÍ¹ÃÐÍØä´é/250/3/3/8",
        "513": "Genie Shoes/(ÃÍ§à·éÒ¨Ô¹¹Õè) ÊÑÁ¼ÑÊä´é¶Ö§¾ÅÑ§§Ò¹ºÒ§ÍÂèÒ§ ã¹à¹×éÍ¼éÒ·ÕèãªéÊÃéÒ§ÃÍ§à·éÒ/250/1/6/9",
        "514": "Space Boots/(ÃÍ§à·éÒÍÇ¡ÒÈ) ÃÍ§à·éÒ·ÕèÁÕÊÕÁèÇ§áÇÇÇÒÇ ·Õèà¡Ô´¨Ò¡¡ÒÃ¶Ñ¡·Í ´éÇÂàÊé¹ãÂÍÔÃÔà´ÕÂÁ/450/4/4/10",
        "515": "Cowboy Boots/(ÃÍ§à·éÒ¤ÒÇºÍÂ) ÁÑ¹¤×ÍÃÍ§à·éÒ·Õè´Ù´Õ·ÕèÊØ´ ã¹ÂØ¤¹ÕéáÅéÇ/250/2/2/11",
        "804": "Emily's Magic Boots/(ÃÍ§à·éÒÇÔàÈÉ¢Í§àÍÁÔÅÕè) àÍÁÔÅÕèµÑ´àÂçºãËé´éÇÂ¤ÇÒÁÃÑ¡ ÂèÍÂÊÅÒÂä´é 100%!/250/4/4/13",
        "806": "Leprechaun Shoes/(ÃÍ§à·éÒàÅ¾ÃÔ¤Í¹) ÊèÇ¹·Õèà»ç¹ËÑÇà¢çÁ¢Ñ´·Ó¨Ò¡·Í§¤ÓàªÕÂÇ¹Ð/250/2/1/14",
        "853": "Cinderclown Shoes/(ÃÍ§à·éÒµÑÇµÅ¡«Ô¹à´ÍÃì) ÃÍ§à·éÒÇÔàÈÉàËÅèÒ¹Õé à»ç¹¢Í§µÑÇµÅ¡¤¹á¤ÃÐ ·ÕèÁÕª×èÍàÊÕÂ§/1000/6/5/15",
        "854": "Mermaid Boots/(ÃÍ§à·éÒ¹Ò§à§×Í¡) ´éÇÂà¡Åç´¹Ò§à§×Í¡ ªèÇÂãËéÃÍ§à·éÒàËÅèÒ¹Õé ÁÕÍÍÃèÒ»éÍ§¡Ñ¹/1000/5/8/16",
        "855": "Dragonscale Boots/(ÃÍ§à·éÒà¡Åç´ÁÑ§¡Ã) ÃÍ§à·éÒ·ÕèÊèÍ§áÊ§ ÃÐÂÔºÃÐÂÑºàËÅèÒ¹Õé ÁÕ¤ÇÒÁàË¹ÕÂÇÍÂèÒ§ÁÒ¡/1000/7/0/17",
        "878": "Crystal Shoes/(ÃÍ§à·éÒ¤ÃÔÊµÑÅ) ÃÍ§à·éÒ·ÕèÊèÍ§áÊ§ ÃÐÂÔºÃÐÂÑºàËÅèÒ¹Õé ¨Ð·ÓãËéà·éÒ¢Í§¤Ø³ ÃÙéÊÖ¡»ÅÍ´ÀÑÂ/1000/3/5/18"
    }
}
