{
    "header": {
        "target": "w",
        "formatVersion": 5,
        "hidef": true,
        "compressed": 128
    },
    "readers": [
        {
            "type": "Microsoft.Xna.Framework.Content.DictionaryReader`2[[System.Int32, mscorlib, Version=4.0.0.0, Culture=neutral, PublicKeyToken=b77a5c561934e089],[System.String, mscorlib, Version=4.0.0.0, Culture=neutral, PublicKeyToken=b77a5c561934e089]]",
            "version": 0
        },
        {
            "type": "Microsoft.Xna.Framework.Content.Int32Reader",
            "version": 0
        },
        {
            "type": "Microsoft.Xna.Framework.Content.StringReader",
            "version": 0
        }
    ],
    "content": {
        "0": "Farmer Pants/Farmer Pants/(¡Ò§à¡§ªÒÇäÃè) ÊÐ´Ç¡ÊºÒÂáÅÐ·¹·Ò¹ ÊÓËÃÑºãªé§Ò¹¹Ò¹æã¹·Øè§/0/-1/50/255 235 203/true/Pants",
        "1": "Shorts/Shorts/(¡Ò§à¡§¢ÒÊÑé¹) ÊØ´ÂÍ´ÊÓËÃÑºÇÑ¹Ë¹éÒÃéÍ¹... ¨¹¢Ò¢Í§¤Ø³àÍ§ ÂÑ§àÍèÂ¢Íº¤Ø³/1/-1/50/255 235 203/true/Pants",
        "2": "Dress/Long Dress/(ªØ´¡ÃÐâ»Ã§ÂÒÇ) ¡ÃÐâ»Ã§·Õè·Ñé§ÂÒÇáÅÐ¾ÃÔéÇäËÇ/2/-1/50/255 235 203/true/Pants",
        "3": "Skirt/Skirt/(¡ÃÐâ»Ã§) ¡ÃÐâ»Ã§¹èÒÃÑ¡/3/-1/50/255 235 203/true/Pants",
        "4": "Pleated Skirt/Pleated Skirt/(¡ÃÐâ»Ã§¨Õº) ¡ÃÐâ»Ã§¨Õº·Õè¹èÒÃÑ¡/4/-1/50/255 235 203/true/Pants",
        "5": "Dinosaur Pants/Dinosaur Pants/(¡Ò§à¡§ä´â¹àÊÒÃì) àËÅèÒ¡Ò§à¡§·Õè¶Ù¡¤Ô´ÇèÒ ÊÙ­¾Ñ¹¸Øìä»¹Ò¹áÅéÇ!/5/-1/50/255 255 255/false/Pants",
        "6": "Grass Skirt/Grass Skirt/(¡ÃÐâ»Ã§Ë­éÒ) ªØ´¡ÃÐâ»Ã§·Õè·Ó¨Ò¡Ë­éÒáËé§/6/-1/50/255 255 255/false/Pants",
        "7": "Luau Skirt/Luau Skirt/(¡ÃÐâ»Ã§ÅÑÇÃì) ¡ÃÐâ»Ã§·Õè¼ÅÔµ¢Öé¹â´Â ÁÕ¨Ø´ÁØè§ËÁÒÂãËé¤Ø³à»ç¹ 'ÅÑÇÃì' »ÒÃìµÕé/7/-1/50/255 255 255/false/Pants",
        "8": "Genie Pants/Genie Pants/(¡Ò§à¡§¨Ô¹¹Õè) ¡Ò§à¡§·Õè¾Í§ÍÍ¡ÁÒã¡Åé´éÒ¹ÅèÒ§ ¤ÇÒÁ»ÃÒÃ¶¹Ò¢Í§¤Ø³ ä´éÃÑº¡ÒÃµÍºÃÑºáÅéÇ!/8/-1/50/255 235 203/true/Pants",
        "9": "Tight Pants/Tight Pants/(¡Ò§à¡§ÃÑ´ÃÙ») ¡Ò§à¡§·Õèâ¤µÃ¨ÐÃÑ´ÃÙ»/9/-1/50/255 235 203/true/Pants",
        "10": "Baggy Pants/Baggy Pants/(¡Ò§à¡§·Ã§ËÅÇÁ) ¡Ò§à¡§¢ÒÂÒÇËÅÇÁæ/10/-1/50/255 235 203/true/Pants",
        "11": "Simple Dress/Simple Dress/(ªØ´à´ÃÊàÃÕÂº§èÒÂ) à´ÃÊàÃÕÂº¹ØèÁÅ×è¹ ÂÒÇ»Ò¹¡ÅÒ§/11/-1/50/255 235 203/true/Pants",
        "12": "Relaxed Fit Pants/Relaxed Fit Pants/(¡Ò§à¡§¿ÔµÊºÒÂ) ¡Ò§à¡§àËÅèÒ¹Õé ÁÕ¾×é¹·ÕèàËÅ×Í¹Ô´Ë¹èÍÂ ãËé¡Ñº¢Ò/12/-1/50/255 235 203/true/Pants",
        "13": "Relaxed Fit Shorts/Relaxed Fit Shorts/(¢ÒÊÑé¹¿ÔµÊºÒÂ)¡Ò§à¡§¢ÒÊÑé¹àËÅèÒ¹Õé ÁÕ¾×é¹·ÕèàËÅ×Í ÍÕ¡àÅç¡¹éÍÂãËé¢Ò/13/-1/50/255 235 203/true/Pants",
        "14": "Polka Dot Shorts/Polka Dot Shorts/(¡Ò§à¡§¢ÒÊÑé¹ÅÒÂ¨Ø´) ÍØêºÊì!/14/-1/50/255 235 203/false/Pants",
        "15": "Trimmed Lucky Purple Shorts/Trimmed Lucky Purple Shorts/(¡Ò§à¡§¢ÒÊÑé¹¢ÅÔºÊÕÁèÇ§¹Óâª¤) ¡Ò§à¡§¢ÒÊÑé¹¼éÒäËÁÊÕÁèÇ§ ¢ÅÔº·Í§ËÃÙËÃÒ.../15/-1/50/255 235 203/false/Pants",
        "998": "Prismatic Pants/Prismatic Pants/(¡Ò§à¡§»ÃÔ«ÖÁ) ¡Ò§à¡§·ÕèÃÐÂÔºÃÐÂÑºáÇÇÇÒÇ ä»´éÇÂ¾ÅÑ§§Ò¹áºº á·è§»ÃÔ«ÖÁ/0/-1/50/255 235 203/false/Pants/Prismatic",
        "999": "Prismatic Genie Pants/Prismatic Genie Pants/(¡Ò§à¡§¨Ô¹¹Õèáºº»ÃÔ«ÖÁ) ¡Ò§à¡§·ÕèÃÐÂÔºÃÐÂÑºáÇÇÇÒÇ ä»´éÇÂ¾ÅÑ§§Ò¹áºº á·è§»ÃÔ«ÖÁ/8/-1/50/255 235 203/false/Pants/Prismatic",
        "1000": "Classic Overalls/Classic Overalls/(¡Ò§à¡§¡Ñ¹à»×éÍ¹) ªØ´·Ó¿ÒÃìÁáºº¤ÅÒÊÊÔ¡/0/-1/50/255 255 255/false/Shirt",
        "1002": "Mint Blouse/Mint Blouse/(àÊ×éÍÊµÃÕÊÕÁÔ¹·ì) àÊ×éÍÊÕà¢ÕÂÇÍèÍ¹¹èÒÃÑ¡/2/-1/50/255 255 255/false/Shirt",
        "1003": "Dark Shirt/Dark Shirt/(àÊ×éÍÊÕà¢éÁ) àÊ×éÍàªÔéµ·ÕèÁÕÊÕà¢éÁµÑÇË¹Öè§/3/-1/50/255 255 255/false/Shirt",
        "1004": "Skull Shirt/Skull Shirt/(àªÔéµÃÙ»ËÑÇ¡ÐâËÅ¡) àÊ×éÍàªÔéµ·ÕèÁÕÃÙ»¡ÐâËÅ¡ ·Õè¹èÒ¡ÅÑÇ¾ÔÁ¾ìàÍÒäÇé/4/-1/50/255 255 255/false/Shirt",
        "1005": "Light Blue Shirt/Light Blue Shirt/(àªÔéµÊÕ¿éÒÍèÍ¹) àÊ×éÍàªÔéµÊÕ¿éÒÍèÍ¹µÑÇË¹Öè§/5/-1/50/255 255 255/false/Shirt",
        "1006": "Tan Striped Shirt/Tan Striped Shirt/(àÊ×éÍÅÒÂ·Ò§ÊÕá·¹) àÊ×éÍàªÔéµÊÕá·¹ ·ÕèÁÕá¶ºÊÕ¢ÒÇ¾Ò´¡ÅÒ§/6/-1/50/255 255 255/false/Shirt",
        "1007": "Green Overalls/Green Overalls/(¡Ò§à¡§¡Ñ¹à»×éÍ¹ÊÕà¢ÕÂÇ) ¤ÇÒÁ¹ÔÂÁ¹éÍÂ¡ÇèÒ ¡Ò§à¡§·Ó¿ÒÃìÁáºº¤ÅÒÊÊÔ¡/7/-1/50/255 255 255/false/Shirt",
        "1008": "Good Grief Shirt/\"Good Grief\" Shirt/(àÊ×éÍàªÔéµ\"âÍéâË!\") àÊ×éÍàªÔéµà¡èÒ´Ù´ÕµÑÇË¹Öè§.../8/-1/50/255 255 255/false/Shirt",
        "1009": "Aquamarine Shirt/Aquamarine Shirt/(àªÔéµÍ¤ÇÒÁÒÃÕ¹) àÊ×éÍàªÔéµ ÊÕà¢ÕÂÇ¹éÓà§Ô¹ÍèÍ¹µÑÇË¹Öè§/9/-1/50/255 255 255/false/Shirt",
        "1010": "Suit Top/Suit Top/(ÊÙ··èÍ¹º¹) ·èÍ¹º¹·Õèà»ç¹·Ò§¡ÒÃ àËÁÒÐ¡Ñº§Ò¹á¿¹«Õ áÅÐ§Ò¹à©ÅÔÁ©ÅÍ§/10/-1/50/255 255 255/false/Shirt",
        "1011": "Green Belted Shirt/Green Belted Shirt/(àªÔéµà¢çÁ¢Ñ´à¢ÕÂÇ) àÊ×éÍàªÔê´à¢çÁ¢Ñ´à¢ÕÂÇ/11/-1/50/255 255 255/false/Shirt",
        "1012": "Lime Green Striped Shirt/Lime Green Striped Shirt/(àÊ×éÍàªÔéµÅÒÂà¢ÕÂÇÁÐ¹ÒÇ) àÊ×éÍàªÔéµÊÕà¢ÕÂÇÁÐ¹ÒÇ ¤Ò´ÅÒÂÊÕ¢ÒÇ/12/-1/50/255 255 255/false/Shirt",
        "1013": "Red Striped Shirt/Red Striped Shirt/(àÊ×éÍàªÔéµá´§ÅÒÂ¢ÇÒ§) àÊ×éÍàªÔéµÊÕá´§ÅÒÂ¢ÇÒ§ÊÕ¢ÒÇ/13/-1/50/255 255 255/false/Shirt",
        "1014": "Skeleton Shirt/Skeleton Shirt/(àÊ×éÍâ¤Ã§¡ÃÐ´Ù¡) àÊ×éÍàªÔéµ·Õè¾ÔÁ¾ìÅÒÂ â¤Ã§¡ÃÐ´Ù¡/14/-1/50/255 255 255/false/Shirt",
        "1015": "Orange Shirt/Orange Shirt/(àªÔéµÊÕÊéÁ) àÊ×éÍàªÔéµÊÕÊéÁµÑÇË¹Öè§/15/-1/50/255 255 255/false/Shirt",
        "1016": "Night Sky Shirt/Night Sky Shirt/(àªÔéµ·éÍ§¿éÒÃÒµÃÕ) àÊ×éÍàªÔéµ·Õè·ÓãËé¹Ö¡¶Ö§·éÍ§¿éÒÂÒÁÃÒµÃÕ/16/-1/50/255 255 255/false/Shirt",
        "1017": "Mayoral Suspenders/Mayoral Suspenders/(¡Ò§à¡§¾ÃéÍÁÊÒÂàÍÕêÂÁ) ÊÒÂàÍÕêÂÁ´Ö§¡Ò§à¡§¤Ùè¹Ö§ ·Õè´Ù¤Øé¹¨¹ÊÂÍ§.../17/-1/50/255 255 255/false/Shirt",
        "1018": "Brown Jacket/Brown Jacket/(á¨ç¤à¡çµÊÕ¹éÓµÒÅ) á¨ç¤à¡çµ·Õè´ÕáÅÐ¤§·¹ ·Ó¨Ò¡ÇÑÊ´ØÊÕ¹éÓµÒÅ/18/-1/50/255 255 255/false/Shirt",
        "1019": "Sailor Shirt/Sailor Shirt/(àÊ×éÍ¡ÐÅÒÊÕ) ·ÓãËé¤Ô´¶Ö§·ÐàÅ¡ÇéÒ§/19/-1/50/255 255 255/false/Shirt",
        "1020": "Green Vest/Green Vest/(àÊ×éÍ¡Ñê¡ÊÕà¢ÕÂÇ) àÊ×éÍ¡Ñê¡áººàÃÕÂº ÊÕà¢ÕÂÇãÊè·ÑºàÊ×éÍàªÔéµ/20/-1/50/255 255 255/false/Shirt",
        "1021": "Yellow and Green Shirt/Yellow and Green Shirt/(àÊ×éÍàªÔéµÊÕàËÅ×Í§à¢ÕÂÇ) àÊ×éÍàªÔéµÊÕàËÅ×Í§ ÁÕÅÒÂ¢ÇÒ§ÊÕà¢ÕÂÇ/21/-1/50/255 255 255/false/Shirt",
        "1026": "Light Blue Striped Shirt/Light Blue Striped Shirt/(àªÔéµÊÕ¿éÒÊÇèÒ§ÅÒÂ¢ÇÒ§) àÊ×éÍàªÔéµ¹éÓà§Ô¹ÍèÍ¹ ·ÕèÁÕÅÒÂá¶ºÊÕ¢ÒÇ/26/-1/50/255 255 255/false/Shirt",
        "1027": "Pink Striped Shirt/Pink Striped Shirt/(àÊ×éÍªÁ¾ÙÅÒÂ¢ÇÒ§) àÊ×éÍÊÕªÁ¾Ù·ÕèÁÕÅÒÂ¢ÇÒ§/27/-1/50/255 255 255/false/Shirt",
        "1028": "Heart Shirt/Heart Shirt/(àªÔéµÃÙ»ËÑÇã¨) à»Ô´à¼Â¤ÇÒÁÃÙéÊÖ¡¢Í§¤Ø³ãËé¼Ùé¤¹ÃÑºÃÙé ´éÇÂàÊ×éÍ·Õè¹ØèÁà»ç¹¾ÔàÈÉµÑÇ¹Õé/28/-1/50/255 255 255/false/Shirt",
        "1029": "Work Shirt/Work Shirt/(àªÔéµ·Ó§Ò¹) ÊÓËÃÑºÇÑ¹·ÕèÂÒÇ¹Ò¹ã¹·Øè§/29/-1/50/255 255 255/false/Shirt",
        "1030": "Store Owner's Jacket/Store Owner's Jacket/(á¨ç¤à¡çµà¨éÒ¢Í§ÃéÒ¹) á¨ç¤à¡çµ·Õè´ÙàËÁ×Í¹ÇèÒ ÁÑ¹¨Ð¶Ù¡ÊÇÁãÊèâ´Â ¾èÍ¤éÒàÁ×Í§àÅç¡æ/30/-1/50/255 255 255/false/Shirt",
        "1034": "Green Tunic/Green Tunic/(àÊ×éÍ¤ÅØÁÊÕà¢ÕÂÇ) àÊ×éÍàªÔéµÊÓËÃÑº¹Ñ¡¼¨­ÀÑÂ/34/-1/50/255 255 255/false/Shirt",
        "1035": "Fancy Red Blouse/Fancy Red Blouse/(àÊ×éÍÊµÃÕá¿¹«ÕÊÕá´§) àÊ×éÍÊÕá´§Ê´ãÊ »ÃÐ´Ñº´éÇÂ¡ÃÐ´ØÁ ÊÕàËÅ×Í§à»ç¹»ÃÐ¡ÒÂ/35/-1/50/255 255 255/false/Shirt",
        "1038": "Plain Shirt/Plain Shirt/(àÊ×éÍàªÔéµàÃÕÂº) àÊ×éÍàªÔéµàÃÕÂº»¡µÔ¸ÃÃÁ´Ò/38/41/50/255 235 203/false/Shirt",
        "1039": "Retro Rainbow Shirt/Retro Rainbow Shirt/(àªÔéµÊÕÃØé§ÂéÍ¹ÂØ¤) àÊ×éÍàªÔê´¸ÃÃÁ´Ò ÅÒÂÊÒÂÃØé§·Õè¤èÍÂæ¨Ò§ä»/39/-1/50/255 255 255/false/Shirt",
        "1042": "Lime Green Tunic/Lime Green Tunic/(àÊ×éÍ¤ÅØÁÊÕà¢ÕÂÇÁÐ¹ÒÇ) àÊ×éÍ¤ÅØÁÊÕà¢ÕÂÇÊ´ãÊ ¡Ñºà¢çÁ¢Ñ´/42/-1/50/255 255 255/false/Shirt",
        "1071": "White Overalls Shirt/White Overalls Shirt/(àÊ×éÍàªÔéµÊÕ¢ÒÇÅéÇ¹) àÊ×éÍËÅÇÁ¤ÅÒÊÊÔ¤ ¾ÃéÍÁàÊ×éÍàªÔéµÊÕ¢ÒÇ áÅÐà¢çÁ¢Ñ´/71/-1/50/255 0 0/false/Shirt",
        "1087": "Neat Bow Shirt/Neat Bow Shirt/(àÊ×éÍàªÔéµà¹ÕêÂº) àÊ×éÍàªÔéµáºº¡ÃÐ´ØÁµÔ´¡ÃÐ´ØÁ¼Ù¡âºÇì·Õèâ´´à´è¹/87/-1/50/220 48 62/false/Shirt",
        "1123": "Shirt And Tie/Shirt And Tie/(àÊ×éÍáÅÐà¹¤ä·) àÊ×éÍàªÔéµá¢¹ÂÒÇÊÕ¢ÒÇáÅÐà¹¤ä·/123/-1/50/255 0 0/true/Shirt",
        "1127": "Emily's Magic Shirt/Emily's Magic Shirt/(àÊ×éÍÇÔàÈÉ¢Í§àÍÁÔÅÕè) ·Ó´éÇÂ¤ÇÒÁÃÑ¡â´ÂàÍÁÔÅÕè ÂéÍÁÊÕ´éÇÂÊÕ¸ÃÃÁªÒµÔ ·Ñé§ËÁ´!/127/-1/50/255 235 203/false/Shirt",
        "1128": "Striped Shirt/Striped Shirt/(àÊ×éÍàªÔéµÅÒÂ) ¹Õè¤×ÍàÊ×éÍàªÔéµ·ÕèÁÕÅÒÂàÊé¹¨Ò§æÍÂÙèº¹¹Ñé¹/128/-1/50/255 235 203/true/Shirt",
        "1129": "Tank Top/Tank Top/(àÊ×éÍ¡ÅéÒÁ) àÊ×éÍäÁèÁÕá¢¹/129/130/50/255 235 203/true/Shirt/Sleeveless",
        "1131": "Cowboy Poncho/Cowboy Poncho/(¼éÒ¤ÅØÁ¤ÒÇºÍÂ) ªØ´ã¹µÓ¹Ò¹¨Ò¡ªÒÇµÐÇÑ¹µ¡âºÃÒ³/131/-1/50/255 235 203/true/Shirt",
        "1132": "Crop Tank Top/Crop Tank Top/(àÊ×éÍ¡ÅéÒÁ¤ÃçÍº) àÊ×éÍäÁèÁÕá¢¹µÑ´ªÒÂàÊ×éÍÊÑé¹/132/133/50/255 235 203/true/Shirt/Sleeveless",
        "1134": "Bikini Top/Bikini Top/(àÊ×éÍºÔ¡Ô¹Õè) á¡è¹ËÅÑ¡¢Í§Ä´ÙÃéÍ¹àÅÂ/134/-1/50/255 235 203/true/Shirt/Sleeveless",
        "1135": "Wumbus Shirt/Wumbus Shirt/(àªÔéµÇÑÁºÑÊ) àÊ×éÍàªÔéµÅÒÂµÑÇ»ÃÐËÅÒ´ÊÕà¢ÕÂÇ/135/-1/50/255 255 255/false/Shirt",
        "1136": "80's Shirt/80's Shirt/(àÊ×éÍÂØ¤ 80) àÊ×éÍ»Ò´äËÅè·Õèà¡ëÊØ´æ/152/136/50/255 235 203/true/Shirt",
        "1137": "Letterman Jacket/Letterman Jacket/(á¨ç¤à¡çµºØÃØÉä»ÃÉ³ÕÂì) á¨ç¤à¡çµ·ÕèäËÅàÇÕÂ¹ä»´éÇÂ ¤ÇÒÁÁØè§ÁÑè¹µÑé§ã¨/137/-1/50/207 40 21/true/Shirt",
        "1138": "Black Leather Jacket/Black Leather Jacket/(á¨ç¤à¡çµË¹Ñ§ÊÕ´Ó) àÊ×éÍá¨ç¤à¡çµÊØ´à·è·ÓÁÒ¨Ò¡Ë¹Ñ§ÊÕ´Ó/138/-1/50/255 255 255/false/Shirt",
        "1139": "Strapped Top/Strapped Top/(àÊ×éÍÊÒÂà´ÕèÂÇ) àÊ×éÍÊÒÂà´ÕèÂÇ/139/-1/50/255 235 203/true/Shirt/Sleeveless",
        "1140": "Button Down Shirt/Button Down Shirt/(àÊ×éÍÁÕ¡ÃÐ´ØÁ) àÊ×éÍ¸ÃÃÁ´Ò ·ÕèàÃÕÂº§èÒÂ/140/-1/50/255 235 203/true/Shirt",
        "1141": "Crop Top Shirt/Crop Top Shirt/(àÊ×éÍàÍÇÅÍÂ) àÊ×éÍÂ×´·Õè´ÙÊÑé¹à»ç¹¾ÔàÈÉ/141/-1/50/255 235 203/true/Shirt",
        "1142": "Tube Top/Tube Top/(à¡ÒÐÍ¡) àÊ×éÍà¡ÒÐÍ¡ÃÑ´ÃÙ»/142/-1/50/255 235 203/true/Shirt/Sleeveless",
        "1143": "Tye Die Shirt/Tye Die Shirt/(àÊ×éÍÁÑ´ÂéÍÁ) àÊ×éÍÂ×´ÁÑ´·ÕèÂéÍÁ´éÇÂËÅÒÂæ ÊÕ/143/-1/50/255 255 255/false/Shirt",
        "1148": "Steel Breastplate/Steel Breastplate/(à¡ÃÒÐàËÅç¡) à¡ÃÒÐµ¡áµè§·ÕèÊÃéÒ§¨Ò¡àËÅç¡/148/-1/50/255 255 255/false/Shirt",
        "1149": "Copper Breastplate/Copper Breastplate/(àÊ×éÍà¡ÃÒÐ·Í§á´§) àÊ×éÍà¡ÃÒÐµ¡áµè§·ÕèÊÃéÒ§¨Ò¡·Í§á´§/149/-1/50/255 255 255/false/Shirt",
        "1150": "Gold Breastplate/Gold Breastplate/(àÊ×éÍà¡ÃÒÐ·Í§) àÊ×éÍà¡ÃÒÐµ¡áµè§ÊÃéÒ§´éÇÂ·Í§/150/-1/50/255 255 255/false/Shirt",
        "1151": "Iridium Breastplate/Iridium Breastplate/(à¡ÃÒÐÍÔÃÕà´ÕÂÁ) àÊ×éÍà¡ÃÒÐ»ÃÐ´Ñº·Õè·Ó¨Ò¡áÃèÍÔÃÕà´ÕÂÁá·é/151/-1/50/255 255 255/false/Shirt",
        "1153": "Fake Muscles Shirt/Fake Muscles Shirt/(àÊ×éÍ¡ÅéÒÁ»ÅÍÁ) ¤Ø³¨Ðà¢éÒÂÔÁ ËÃ×ÍÇèÒãÊèàÊ×éÍµÑÇ¹Õéá·¹/153/-1/50/249 174 137/true/Shirt",
        "1154": "Flannel Shirt/Flannel Shirt/(àÊ×éÍàªÔéµ¼éÒá¿Å¹à¹Å) àÊ×éÍàªÔéµá¢¹ÂÒÇ»ØèÁË¹Ò ·ÕèÁÕÃÙ»áººÅÒÂ¢Õ´¡Ò¡ºÒ· àËÁÒÐÊÓËÃÑº ÍÒ¡ÒÈË¹ÒÇ·ÕèÊØ´/154/-1/50/255 255 255/true/Shirt",
        "1155": "Bomber Jacket/Bomber Jacket/(á¨ç¤à¡çµºÍÁàºÍÃì) á¨ç¤à¡çµ·ÕèË¹ÒáÅÐ·¹·Ò¹ à¤Â¶Ù¡ãÊèâ´Â¹Ñ¡ºÔ¹ÃºàÁ×èÍ¹Ò¹ÁÒáÅéÇ/155/-1/50/255 255 255/false/Shirt",
        "1156": "Caveman Shirt/Caveman Shirt/(àÊ×éÍÁ¹ØÉÂì¶éÓ) ÂØ¤ËÔ¹ÊØ´¤ÅÒÊÊÔ¤!/156/-1/50/255 255 255/false/Shirt/Sleeveless",
        "1157": "Fishing Vest/Fishing Vest/(àÊ×éÍ¡Ñê¡µ¡»ÅÒ) ÁÕ¡ÃÐà»ëÒÁÒ¡ÁÒÂ·Õè¨Ðà¡çº ÊÔè§¢Í§à¤Ã×èÍ§ãªé¢Í§¤Ø³/157/-1/50/255 255 255/false/Shirt",
        "1158": "Fish Shirt/Fish Shirt/(àÊ×éÍÅÒÂ»ÅÒ) àÊ×éÍ·ÕèÁÕâÅâ¡é»ÅÒ/158/-1/50/150 200 100/true/Shirt",
        "1159": "Shirt And Belt/Shirt And Belt/(àÊ×éÍáÅÐà¢çÁ¢Ñ´) àÊ×éÍ¸ÃÃÁ´Ò·ÕèÁÕà¢çÁ¢Ñ´ÊÕ¹éÓµÒÅ/159/-1/50/255 255 255/true/Shirt",
        "1160": "Gray Hoodie/Gray Hoodie/(ÎÙé´´ÕéÊÕà·Ò) àÊ×éÍÊÇÁËÑÇÊÕà·Ò·ÕèÁÕÎÙé´/160/-1/50/255 255 255/false/Shirt",
        "1161": "Blue Hoodie/Blue Hoodie/(ÎÙé´´ÕéÊÕ¹éÓà§Ô¹) àÊ×éÍÊÇÁËÑÇÊÕ¹éÓà§Ô¹·ÕèÁÕÎÙé´/161/-1/50/255 255 255/false/Shirt",
        "1162": "Red Hoodie/Red Hoodie/(ÎÙé´´ÕéÊÕá´§) àÊ×éÍÊÇÁËÑÇÊÕá´§·ÕèÁÕÎÙé´/162/-1/50/255 255 255/false/Shirt",
        "1163": "Denim Jacket/Denim Jacket/(á¨ç¤à¡çµÂÕ¹Êì) á¨ç¤à¡çµ·¹·Ò¹·Ó¨Ò¡¼éÒÂÕ¹Êì/163/-1/50/255 255 255/false/Shirt",
        "1164": "Track Jacket/Track Jacket/(á¨ç¤à¡çµ¡ÕÌÒ) àÊ×éÍá¨ç¤à¡çµºÒ§æ ·Õè·Ó¨Ò¡ÇÑÊ´ØÂ×´ËÂØè¹/164/-1/50/255 255 255/false/Shirt",
        "1165": "White Gi/White Gi/(ªØ´½Ö¡ÊÕ¢ÒÇ) àÊ×éÍ¼éÒËÅÇÁæ â´Â·ÑèÇä»¨ÐÊÇÁâ´Â¼Ùé·ÕèãªéÈÔÅ»Ð¡ÒÃµèÍÊÙé/165/-1/50/255 255 255/false/Shirt",
        "1166": "Orange Gi/Orange Gi/(ªØ´½Ö¡ÊÕÊéÁ) àÊ×éÍ¼éÒËÅÇÁæ â´Â·ÑèÇä»¨ÐÊÇÁâ´Â¼Ùé·ÕèãªéÈÔÅ»Ð¡ÒÃµèÍÊÙé/166/-1/50/255 255 255/true/Shirt/Sleeveless",
        "1167": "Gray Vest/Gray Vest/(àÊ×éÍ¡Ñê¡ÊÕà·Ò) àÊ×éÍ¡Ñê¡ÊÕà·ÒãÊè·ÑºàÊ×éÍàªÔéµÊÕ¢ÒÇ/167/-1/50/255 255 255/false/Shirt/Shirt",
        "1168": "Kelp Shirt/Kelp Shirt/(àÊ×éÍÊÒËÃèÒÂ·ÐàÅ) àËÁ×Í¹ÇèÒ¤Ø³ä»ÍÒº¹éÓã¹·ÐàÅÁÒ ¡ÅÔè¹¡çàËÁ×Í¹/168/-1/50/255 255 255/false/Shirt/Sleeveless",
        "1169": "Studded Vest/Studded Vest/(àÊ×éÍ¡Ñê¡ËÁØ´) àÊ×éÍ¡Ñê¡ÊÕ´ÓàÃÕÂ§ÃÒÂ´éÇÂËÁØ´âÅËÐ/169/-1/50/255 255 255/false/Shirt/Sleeveless",
        "1170": "Gaudy Shirt/Gaudy Shirt/(àÊ×éÍÊÕ©Ù´©Ò´) ÁÑ¹à»ç¹ÊÕ¹éÓà§Ô¹·Ò§¡ÒÃÃÑ¡ÉÒ.../170/-1/50/255 255 255/false/Shirt/Shirt",
        "1171": "Oasis Gown/Oasis Gown/(àÊ×éÍ¤ÅØÁâÍàÍ«ÔÊ) ÍÑ­Á³ÕáËè§·ÐàÅ·ÃÒÂ./171/-1/50/255 255 255/false/Shirt/Sleeveless",
        "1172": "Blacksmith Apron/Blacksmith Apron/(¼éÒ¡Ñ¹à»×éÍ¹¢Í§ªèÒ§µÕàËÅç¡) Êè§ÁÍº¨Ò¡ÃØè¹ÊÙèÃØè¹/172/-1/50/255 255 255/false/Shirt",
        "1173": "Neat Bow Shirt/Neat Bow Shirt/(àÊ×éÍàªÔéµà¹ÕêÂº) àÊ×éÍàªÔéµµÔ´¡ÃÐ´ØÁ ÁÕâºÇìà´è¹ÊÐ´Ø´µÒ/173/-1/50/255 0 0/true/Shirt",
        "1174": "High-Waisted Shirt/High-Waisted Shirt/(àªÔéµ·Ã§àÍÇÊÙ§) àÊ×éÍ·Ã§¡Ò§à¡§àÍÇÊÙ§ ·ÕèÊÒÁÒÃ¶ÂéÍÁÊÕ¢éÒ§ÅèÒ§ä´é/174/-1/50/255 0 0/true/Shirt",
        "1175": "High-Waisted Shirt/High-Waisted Shirt/(àªÔéµ·Ã§àÍÇÊÙ§) àÊ×éÍ·Ã§¡Ò§à¡§ÂÕ¹ÊìàÍÇÊÙ§ ·ÕèÊÒÁÒÃ¶ÂéÍÁÊÕÊèÇ¹º¹ä´é/175/-1/50/255 0 0/true/Shirt",
        "1176": "Basic Pullover/Basic Pullover/(àÊ×éÍÊÇÁËÑÇ) ÁÑ¹à»ç¹àÊ×éÍÊÇÁËÑÇ¸ÃÃÁ´Ò/176/177/50/255 0 0/true/Shirt",
        "1178": "Turtleneck Sweater/Turtleneck Sweater/(ÊàÇµàµÍÃì¤ÍàµèÒ) ÊàÇµàµÍÃì ÊÃéÒ§¤ÇÒÁÃéÍ¹ÊèÇ¹¤Í/178/-1/50/255 0 0/true/Shirt",
        "1179": "Iridium Energy Shirt/Iridium Energy Shirt/(àÊ×éÍ¾ÅÑ§ÍÔÃÔà´ÕÂÁ) áÊ´§¾ÅÑ§§Ò¹ÍÔÃÔà´ÕÂÁ ¢Í§¤Ø³/179/-1/50/255 0 0/false/Shirt",
        "1180": "Tunnelers Jersey/Tunnelers Jersey/(àÊ×éÍ¶Ñ¡ÃÑ´ÃÙ»·Ñ¹à¹àÅÍÃì) àÊ×éÍ¡ÕÌÒ·ÕÁ·Ñ¹à¹àÅÍÃì (Tunnelers) ¨Ò¡àÁ×Í§«Ù«Ù/180/-1/50/255 0 0/false/Shirt",
        "1183": "Gray Suit/Gray Suit/(ÊÙ·ÊÕà·Ò) ÊÙ·ÊÕà·Ò·ÕèÊÑè§µÑ´¢Öé¹ÁÒà©¾ÒÐ/183/-1/50/255 0 0/false/Shirt",
        "1184": "Red Tuxedo/Red Tuxedo/(·Ñ¡«Ôâ´éÊÕá´§) ·èÍ¹º¹ÊØ´ËÃÙ ÊÓËÃÑº§Ò¹à»ç¹·Ò§¡ÒÃ/184/-1/50/255 0 0/false/Shirt",
        "1185": "Navy Tuxedo/Navy Tuxedo/(·Ñ¡«Ôâ´éÊÕ¡ÃÁ·èÒ) ·èÍ¹º¹ÊØ´ËÃÙ ÊÓËÃÑº§Ò¹à»ç¹·Ò§¡ÒÃ/185/-1/50/255 0 0/false/Shirt",
        "1186": "Holiday Shirt/Holiday Shirt/(àÊ×éÍàªÔéµÎÍÅÔà´Âì) ÊÓËÃÑº©ÅÍ§à·È¡ÒÅ ´Ç§´ÒÇÄ´ÙË¹ÒÇ/186/-1/50/255 0 0/false/Shirt",
        "1187": "Leafy Top/Leafy Top/(àÊ×éÍãºäÁé) àÊ×éÍ¹Õé»ÃÐ´Ñºä»´éÇÂãºäÁé¢Í§¨ÃÔ§/187/-1/50/255 0 0/false/Shirt",
        "1188": "Goodnight Shirt/Goodnight Shirt/(¡Ùê´ä¹·ìàªÔéµ) ÁÕ¡ÃÐà»ëÒãË­èº¹àÊ×éÍ áÅÐÁÕÅÒÂÃÙ»´Ç§¨Ñ¹·Ãì/188/-1/50/255 0 0/false/Shirt",
        "1189": "Green Belted Shirt/Green Belted Shirt/(àÊ×éÍàªÔéµÊÕà¢ÕÂÇ) àÊ×éÍàªÔéµÊÕà¢ÕÂÇ·ÕèÁÕà¢çÁ¢Ñ´/189/-1/50/255 0 0/false/Shirt",
        "1190": "Happy Shirt/Happy Shirt/(áÎ»»ÕéàªÔéµ) ¹Õèà»ç¹àÊ×éÍ·ÕèÁÕ¤ÇÒÁÊØ¢·ÕèÊØ´/190/-1/50/255 0 0/false/Shirt",
        "1191": "Shirt with Bow/Shirt with Bow/(àªÔéµ¾ÃéÍÁâºÇì) àÊ×éÍµÑÇ¹ÕéÁÒ¾ÃéÍÁ âºÇìàÅç¡æÃÍºæ¤Í/191/-1/50/255 0 0/true/Shirt",
        "1192": "Jester Shirt/Jester Shirt/(à¨ÊàµÍÃìàªÔéµ) ´Ö§ÍÔ¹à¹ÍÃì¤ÇÒÁà»ç¹ µÑÇµÅ¡ÍÍ¡ÁÒÊÔ/192/-1/50/255 0 0/false/Shirt",
        "1193": "Ocean Shirt/Ocean Shirt/(âÍàªÕèÂ¹àªÔéµ) àÊ×éÍ·ÕèàËÁ×Í¹¤Å×è¹ãµé·ÐàÅ/193/-1/50/255 0 0/false/Shirt",
        "1194": "Dark Striped Shirt/Dark Striped Shirt/(àÊ×éÍÅÒÂ·Ò§ÊÕà¢éÁ) àÊ×éÍÊÕà¢éÁ·ÕèÁÕá¶ºÊÕÊ´ãÊ/194/-1/50/255 0 0/true/Shirt",
        "1195": "Bandana Shirt/Bandana Shirt/(ºÒ¹´Ò¹èÒàªÔéµ) àÊ×éÍ¾ÃéÍÁ¼éÒ¾Ñ¹¤Í·Õè·ÓãËé ¤Í¢Í§¤Ø³ÊÐÍÒ´ÁÒ¡/195/-1/50/255 0 0/false/Shirt",
        "1196": "Backpack Shirt/Backpack Shirt/(áºç¤á¾ç¤àªÔéµ) àÊ×éÍàªÔéµ¸ÃÃÁ´Ò·ÕèÁÕ¡ÃÐà»ëÒà»é¼éÒãº/196/-1/50/255 0 0/true/Shirt",
        "1197": "Purple Blouse/Purple Blouse/(àÊ×éÍÊµÃÕÊÕÁèÇ§) àÊ×éÍÊµÃÕÊÕÁèÇ§ÍÑ¹ÊÇÂ§ÒÁ/197/-1/50/255 0 0/false/Shirt",
        "1198": "Vintage Polo/Vintage Polo/(àÊ×éÍâ»âÅÇÔ¹à·¨) ÁÑ¹¨Ò§ËÒÂä»µÒÁ¡ÒÅàÇÅÒ á¶Á¡ÅÔè¹¡çàËÁ×Í¹ µÙéàÊ×éÍ¼éÒà¡èÒæ/198/-1/50/255 0 0/false/Shirt",
        "1199": "Toga Shirt/Toga Shirt/(àÊ×éÍ¤ÅØÁ) ´Õä«¹ì´ÙâºÃÒ³ áµè¡çâ»Ãè§´Õ!/199/-1/50/255 0 0/false/Shirt/Sleeveless",
        "1200": "Star Shirt/Star Shirt/(ÊµÒÃìàªÔéµ) ´ÒÇ¤ÇÃ¨ÐÊèÍ§áÊ§ã¹·ÕèÁ×´ÊÔ áµè¹ÕèäÁè/200/-1/50/255 0 0/true/Shirt",
        "1201": "Classy Top/Classy Top/(¤ÅÒÊ«Õè·êÍ») ÁÑ¹ãËé¤ÇÒÁÃÙéÊÖ¡àËÁ×Í¹ ¡ÓÁÐËÂÕè·Õè¹ÔèÁ·ÕèÊØ´/201/202/50/255 0 0/false/Shirt",
        "1203": "Bandana Shirt/Bandana Shirt/(ºÒ¹´Ò¹èÒàªÔéµ) àÊ×éÍ¾ÃéÍÁ¼éÒ¾Ñ¹¤Í à¾×èÍ»éÍ§¡Ñ¹¤Í¢Í§¤Ø³ ¨Ò¡ÍÑ¹µÃÒÂ/203/-1/50/255 0 0/false/Shirt",
        "1204": "Vacation Shirt/Vacation Shirt/(áÇà¤ªÑè¹àªÔéµ) ÁÑ¹à»ç¹àÊ×éÍ·èÍ§à·ÕèÂÇ¨Ò¡ËÁÙèà¡ÒÐà¿ÔÃì¹/204/-1/50/255 0 0/false/Shirt",
        "1205": "Green Thumb Shirt/Green Thumb Shirt/(àÊ×éÍ¡ÃÕ¹·ÑÁ»ì) ÁÑ¹ÁÒ¾ÃéÍÁ¡Ñº´Ô¹¼ÊÁ/205/-1/50/255 0 0/false/Shirt",
        "1206": "Bandana Shirt/Bandana Shirt/(ºÒ¹´Ò¹èÒàªÔéµ) àÊ×éÍ·ÕèÁÕ¼éÒ¾Ñ¹¤Í à¾×èÍãËé¤Í¢Í§¤Ø³ ÃÙéÊÖ¡¹ØèÁ/206/-1/50/255 0 0/false/Shirt",
        "1207": "Slime Shirt/Slime Shirt/(àÊ×éÍÊäÅÁì) àÊ×éÍ·ÕèàËÁ×Í¹ÊäÅÁìÂÑ¡Éì/207/-1/50/255 0 0/false/Shirt",
        "1208": "Excavator Shirt/Excavator Shirt/(àÍç¡«ì¤ÒàÇàµÍÃìàªÔéµ) ´Ù¤Á´Õ¹ÐàÇÅÒ¢Ø´ËÒ¿ÍÊ«ÔÅ/208/-1/50/255 0 0/false/Shirt",
        "1209": "Sports Shirt/Sports Shirt/(àÊ×éÍ¡ÕÌÒ) à¤ÒÐÍÍ¡¨Ò¡ÊÇ¹´éÇÂÃÙ»ÅÑ¡É³ì·Õè¤ÅÒÊÊÔ¡/209/-1/50/255 0 0/true/Shirt",
        "1210": "Heart Shirt/Heart Shirt/(àÊ×éÍàªÔéµËÑÇã¨) à»Ô´à¼Â¤ÇÒÁÃÙéÊÖ¡¢Í§¤Ø³ãËé¼Ùé¤¹ÃÑºÃÙé ´éÇÂàÊ×éÍàªÔéµ·Õè¹ØèÁà»ç¹¾ÔàÈÉµÑÇ¹Õé/210/-1/50/255 255 255/true/Shirt",
        "1211": "Dark Jacket/Dark Jacket/(á¨ç¤à¡çµÊÕà¢éÁ) á¨ç¤à¡çµ«Öè§·Ó¨Ò¡ ¼éÒÂÕ¹ÊìÊÕà¢éÁºØ´éÇÂ¢¹á¡Ð./211/-1/50/255 0 0/false/Shirt",
        "1212": "Sunset Shirt/Sunset Shirt/(«Ñ¹à«ç·àªÔéµ) àÊ×éÍ·Õèä´éÃÑºáÃ§ºÑ¹´ÒÅã¨ ¨Ò¡ªèÇ§àÇÅÒ ·ÕèàÃéÒÍÒÃÁ³ìÁÒ¡·ÕèÊØ´¢Í§ÇÑ¹/212/-1/50/255 0 0/false/Shirt",
        "1213": "Chef Coat/Chef Coat/(àÊ×éÍâ¤é·¢Í§àª¿) à¤Ã×èÍ§áºº»ÃÐà¾³Õ ¢Í§ËÑÇË¹éÒàª¿/213/-1/50/255 0 0/false/Shirt",
        "1214": "Shirt O' The Sea/Shirt O' The Sea/(àÊ×éÍâÍà´ÍÐ«Õ) ÁÑ¹ÁÕ¡ÅÔè¹àËÁ×Í¹à¡Å×Íã¹·ÐàÅ/214/-1/50/255 0 0/false/Shirt",
        "1215": "Arcane Shirt/Arcane Shirt/(àÊ×éÍÍÒÃìà¤¹) ¤Ø³ÊÒÁÒÃ¶ÃÙéÊÖ¡¶Ö§¾ÅÑ§¨Ò¡àÊ×éÍ¼éÒµÑÇ¹Õé/215/-1/50/255 0 0/false/Shirt",
        "1216": "Plain Overalls/Plain Overalls/(¡Ò§à¡§ËÅÇÁæ) ¡Ò§à¡§¤ÅÒÊÊÔ¡¡ÑºàÊ×éÍ ·ÕèÊÒÁÒÃ¶ÂéÍÁÊÕä´é/216/-1/50/255 0 0/true/Shirt",
        "1217": "Sleeveless Overalls/Sleeveless Overalls/(àÊ×éÍá¢¹¡Ø´) ¡Ò§à¡§¤ÅÒÊÊÔ¡ ¡ÑºàÊ×éÍá¢¹¡Ø´ ·ÕèÊÒÁÒÃ¶ÂéÍÁÊÕä´é/217/-1/50/255 0 0/true/Shirt/Sleeveless",
        "1218": "Cardigan/Cardigan/(¤ÒÃì´Ôá¡¹) àÊ×éÍÊàÇµàµÍÃì¶Ñ¡ÅÒÂ»ØèÁÊØ´¹ØèÁ¹ÔèÁ/218/-1/50/255 0 0/true/Shirt",
        "1219": "Yoba Shirt/Yoba Shirt/(àÊ×éÍâÂºÐ) àÊ×éÍ·ÕèáÊ´§ãËéàËç¹¶Ö§ 'ÊÑ­ÅÑ¡É³ìáËè§ÃèÒ§·Ã§'/219/-1/50/255 0 0/false/Shirt",
        "1220": "Necklace Shirt/Necklace Shirt/(à¹¤àÅ«àªÔéµ) àÊ×éÍ·ÕèÁÕÊÃéÍÂ¤Í·Í§¤Ó/220/-1/50/255 0 0/true/Shirt",
        "1221": "Belted Coat/Belted Coat/(â¤é·ÊÕ´Ó) àÊ×éÍâ¤é·ÊÕ´Ó¹ØèÁ¹ÔèÁ ·ÕèÁÕà¢çÁ¢Ñ´·Õèâ´´à´è¹/221/-1/50/255 0 0/false/Shirt",
        "1222": "Gold Trimmed Shirt/Gold Trimmed Shirt/(àÊ×éÍ¢Íº·Í§) àÊ×éÍ·ÕèÁÕ¢ÍºÊÕ·Í§/222/-1/50/255 0 0/true/Shirt",
        "1223": "Prismatic Shirt/Prismatic Shirt/(àÊ×éÍ¾ÃÔÊÁÒµÔ¡) ÁÑ¹ÃÐÂÔºÃÐÂÑºä»´éÇÂ ¾ÅÑ§§Ò¹¢Í§¾ÃÔÊÁÒµÔ¡/223/-1/50/255 0 0/false/Shirt/Prismatic",
        "1224": "Pendant Shirt/Pendant Shirt/(à¾¹á´¹·ìàªÔéµ) àÊ×éÍ·ÕèÁÕ¨ÕéÊÃéÍÂ¤Í¢¹Ò´ãË­è/224/-1/50/255 0 0/true/Shirt",
        "1225": "High Heat Shirt/High Heat Shirt/(àÊ×éÍ¤ÇÒÁÃéÍ¹ÊÙ§) àÊ×éÍ·Õèà¡×Íº¨Ð´ÙàËÁ×Í¹ÇèÒ ÁÑ¹à»ç¹ä¿!!/225/-1/50/255 0 0/false/Shirt",
        "1226": "Flames Shirt/Flames Shirt/(àÊ×éÍáËè§à¾ÅÔ§) ´Ùà·èä»¡Ñºä¿ÃéÍ¹æ/226/-1/50/255 0 0/false/Shirt",
        "1227": "Antiquity Shirt/Antiquity Shirt/(àÊ×éÍâºÃÒ³) àÊ×éÍàªÔéµ·ÕèÁÕÅÇ´ÅÒÂâºÃÒ³/227/-1/50/255 0 0/false/Shirt",
        "1228": "Soft Arrow Shirt/Soft Arrow Shirt/(àÊ×éÍÅÒÂÅÙ¡ÈÃ) àÊ×éÍàªÔêµÊÕÍèÍ¹·ÕèÁÕ ÅÇ´ÅÒÂÅÙ¡ÈÃªÕé¢Öé¹/228/-1/50/255 0 0/false/Shirt",
        "1229": "Doll Shirt/Doll Shirt/(àÊ×éÍµØê¡µÒ) àÊ×éÍ·ÕèÁÕãºË¹éÒµØê¡µÒâºÃÒ³á»Å¡»ÃÐËÅÒ./229/-1/50/255 0 0/false/Shirt",
        "1230": "Jewelry Shirt/Jewelry Shirt/(àÊ×éÍÍÑ­Á³Õ) àÊ×éÍ¾ÃéÍÁâ«èÊÕ·Í§µÑÇË¹Öè§/230/-1/50/255 0 0/false/Shirt",
        "1231": "Canvas Jacket/Canvas Jacket/(á¨ç¤à¡çµ¼éÒãº) á¨ç¤à¡çµÊÕ¹éÓµÒÅ·ÕèÁÕ«Ñº¢¹á¡Ð/231/-1/50/255 0 0/false/Shirt",
        "1232": "Trash Can Shirt/Trash Can Shirt/(àÊ×éÍ¶Ñ§¢ÂÐ) àÊÁ×Í¹¤Ø³ÊÇÁãÊè¶Ñ§¢ÂÐÍÂÙè/232/-1/50/255 0 0/false/Shirt/Sleeveless",
        "1233": "Rusty Shirt/Rusty Shirt/(àÊ×éÍ¢Öé¹Ê¹ÔÁ) à»ç¹àÊ×éÍ·Õè·ÓãËé ´ÙàËÁ×Í¹à»×éÍ¹Ê¹ÔÁ/233/-1/50/255 0 0/false/Shirt",
        "1234": "Circuitboard Shirt/Circuitboard Shirt/(àÊ×éÍá¼§Ç§¨Ã) àÊ×éÍ¹Õé´ÙàËÁ×Í¹ á¼¹Ç§¨ÃÍÔàÅç¡·ÃÍ¹Ô¡ÊìàÅÂ/234/-1/50/255 0 0/false/Shirt",
        "1235": "Fluffy Shirt/Fluffy Shirt/(àÊ×éÍ»Ø¡»ØÂ) ÁÑ¹ªèÒ§»Ø¡»ØÂ/235/-1/50/255 0 0/false/Shirt",
        "1236": "Sauce-Stained Shirt/Sauce-Stained Shirt/(àÊ×éÍ«ÍÊÊ»Òà¡µµÕ) ÁÑ¹àµçÁä»´éÇÂ«ÍÊÊ»Òà¡µµÕ ´Ñ§¹Ñé¹¤Ø³¨ÐäÁèÃÙéÊÖ¡áÂè¡ÑºÁÑ¹!/236/-1/50/255 0 0/false/Shirt",
        "1237": "Brown Suit/Brown Suit/(ÊÙ·ÊÕ¹éÓµÒÅ) ªØ´ÊÙ·ÊÕ¹éÓµÒÅÁÒµÃ°Ò¹ÊÓËÃÑº¸ØÃ¡Ô¨/237/-1/50/255 0 0/false/Shirt",
        "1238": "Golden Shirt/Golden Shirt/(àÊ×éÍÊÕ·Í§) ÁÑ¹¤×ÍàÊ×éÍ·ÕèÁÕÊÕ·Í§à»Åè§»ÃÐ¡ÒÂ/238/-1/50/255 0 0/false/Shirt",
        "1239": "Captain's Uniform/Captain's Uniform/(ªØ´¢Í§¡Ñ»µÑ¹) ªØ´ÊØ´¤ÅÒÊÊÔ¡ ¢Í§¡Ñ»µÑ¹àÃ×Í/239/-1/50/255 0 0/false/Shirt",
        "1240": "Officer Uniform/Officer Uniform/(à¤Ã×èÍ§áººà¨éÒË¹éÒ·Õè) à¤Ã×èÍ§áººà¨éÒË¹éÒ·Õè¡®ËÁÒÂ ÊØ´¤ÅÒÊÊÔ¤/240/-1/50/255 0 0/false/Shirt",
        "1241": "Ranger Uniform/Ranger Uniform/(ªØ´àÃ¹à¨ÍÃì) ªØ´ÂÙ¹Ô¿ÍÃìÁ¤ÅÒÊÊÔ¡ ÊÓËÃÑºà¨éÒË¹éÒ·ÕèÍØ·ÂÒ¹/241/-1/50/255 0 0/false/Shirt",
        "1242": "Blue Long Vest/Blue Long Vest/(àÊ×éÍ¡Ñê¡ÂÒÇÊÕ¿éÒ) àÊ×éÍ¡Ñê¡ÊÕ¿éÒÂÒÇ ·Ñºº¹àÊ×éÍÊÕà·Ò/242/-1/50/255 0 0/false/Shirt/Sleeveless",
        "1243": "Regal Mantle/Regal Mantle/(àÊ×éÍ¤ÅØÁËÃÙËÃÒ) àÊ×éÍÊÕÁèÇ§ËÃÙËÃÒ/243/-1/50/255 0 0/false/Shirt",
        "1244": "Relic Shirt/Relic Shirt/(àÊ×éÍ¢Í§ÃÙ»»Ñé¹) ©Ñ¹à¨ÍÃÙ»»Ñé¹ÊÕ·Í§ áÅÐ©Ñ¹¡çä´éàÊ×éÍµÑÇ¹ÕéÁÒ à¾×èÍ¾ÔÊÙ¨¹ìÁÑ¹!/244/-1/50/255 0 0/false/Shirt",
        "1245": "Bobo Shirt/Bobo Shirt/(àÊ×éÍâºâºé) àÊ×éÍÊÕªÁ¾Ù·ÕèÁÕÃÙ»¤¹·Õè´Ù»ÃÐËÅÒ´/245/-1/50/255 0 0/false/Shirt",
        "1246": "Fried Egg Shirt/Fried Egg Shirt/(àÊ×éÍä¢è´ÒÇ) µ×è¹ä´éáÅéÇ ¶Ö§àÇÅÒÊÓËÃÑºä¢èáÅéÇ/246/-1/50/255 0 0/false/Shirt",
        "1247": "Burger Shirt/Burger Shirt/(àÊ×éÍàºÍÃìà¡ÍÃì) ãÊè¢Í§·Õè¤Ø³¡Ô¹«ÐÊÔ!/247/-1/50/255 0 0/false/Shirt",
        "1248": "Collared Shirt/Collared Shirt/(àÊ×éÍ¤Í»¡) àÊ×éÍàªÔéµ¤Í»¡á¢ç§ÊÕ¢ÒÇ/248/-1/50/255 0 0/true/Shirt",
        "1249": "Toasted Shirt/Toasted Shirt/(àÊ×éÍ¢¹Á»Ñ§»Ôé§) ÁÑ¹àËÁ×Í¹¢¹Á»Ñ§»Ôé§àºÒæ ¹Ð/249/-1/50/255 0 0/false/Shirt",
        "1250": "Carp Shirt/Carp Shirt/(àÊ×éÍ»ÅÒ¤ÒÃì¾) ËÑÇ»ÅÒ¤ÒÃì¾»ÃÐ´ÑºÍÂÙè´éÒ¹Ë¹éÒ/250/-1/50/255 0 0/false/Shirt",
        "1251": "Red Flannel Shirt/Red Flannel Shirt/(àÊ×éÍÊÑ¡ËÅÒ´ÊÕá´§) àÊ×éÍÊÑ¡ËÅÒ´ÊÕá´§·ÕèÁÕÅÒÂÊÕ¹éÓà§Ô¹/251/-1/50/255 0 0/false/Shirt",
        "1252": "Tortilla Shirt/Tortilla Shirt/(àÊ×éÍµÍÃìµÕÂèÒ) àÊ×éÍÂ×´·Õèà¹×éÍ¼éÒÅÐÁéÒÂ¤ÅéÒÂ¡Ñºá»é§µÍÃìµÔ­èÒ/252/-1/50/255 0 0/false/Shirt",
        "1253": "Warm Flannel Shirt/Warm Flannel Shirt/(àÊ×éÍÊÑ¡ËÅÒ´ÍÑ¹ÍºÍØè¹) àÊ×éÍÊÑ¡ËÅÒ´ÊÕ¹éÓµÒÅáÅÐÊÕá´§ÍÑ¹ÍºÍØè¹/253/-1/50/255 0 0/false/Shirt",
        "1254": "Sugar Shirt/Sugar Shirt/(àÊ×éÍ¹éÓµÒÅ) ÁÑ¹ªèÒ§àµçÁä»´éÇÂ '¾ÅÑ§áËè§àºÒËÇÒ¹'/254/-1/50/255 0 0/false/Shirt",
        "1255": "Green Flannel Shirt/Green Flannel Shirt/(àÊ×éÍ¼éÒÊÑ¡ËÅÒ´ÊÕà¢ÕÂÇ) àÊ×éÍÊÑ¡ËÅÒ´·ÕèÁÕÅÇ´ÅÒÂÊÕà¢ÕÂÇáÅÐ¹éÓµÒÅ/255/-1/50/255 0 0/false/Shirt",
        "1256": "Oil Stained Shirt/Oil Stained Shirt/(àÊ×éÍÂéÍÁÊÕ¹éÓÁÑ¹) ÁÑ¹ÁÕ¤ÃÒº¹éÓÁÑ¹ÍÂÙèáÅéÇà¾×èÍãËé´Ùà»ç¹ÁÑ¹ÇÒÇ/256/-1/50/255 0 0/false/Shirt/Sleeveless",
        "1257": "Morel Shirt/Morel Shirt/(àÊ×éÍàËç´âÁàÃÅ) àÊ×éÍµÑÇ¹ÕéÁÕÃÙ»àËç´·Õèà»ç¹µÑÇá·¹Ä´ÙãºäÁé¼ÅÔ/257/-1/50/255 0 0/false/Shirt",
        "1258": "Spring Shirt/Spring Shirt/(àÊ×éÍàªÔéµÄ´ÙãºäÁé¼ÅÔ) ÁÑ¹ÊÇèÒ§äÊÇ Ê´ª×è¹ áÅÐÁÕÊÕÊÑ¹¢Í§Ä´ÙãºäÁé¼ÅÔ/258/-1/50/255 0 0/false/Shirt",
        "1259": "Sailor Shirt/Sailor Shirt/(àÊ×éÍ¡ÐÅÒÊÕ) ·ÓãËé¤Ø³¹Ö¡¶Ö§·ÐàÅà»Ô´/259/-1/50/255 0 0/true/Shirt",
        "1260": "Rain Coat/Rain Coat/(àÊ×éÍ¡Ñ¹½¹) àÊ×éÍ¡Ñ¹½¹ÊÕàËÅ×Í§ÍÑ¹¤ÅÒÊÊÔ¤/260/-1/50/255 0 0/false/Shirt",
        "1261": "Sailor Shirt/Sailor Shirt/(àÊ×éÍ¡ÐÅÒÊÕ) «Öè§áµ¡µèÒ§¨Ò¡àÊ×éÍ¡ÐÅÒÊÕÊèÇ¹ãË­è àÊ×éÍµÑÇ¹ÕéÊÒÁÒÃ¶ÂéÍÁä´é áÅÐÁÕ»¡ÊÕ¢ÒÇ/261/-1/50/255 0 0/true/Shirt",
        "1262": "Dark Bandana Shirt/Dark Bandana Shirt/(àÊ×éÍàªÔéµºÒ¹´Ò¹èÒÊÕà¢éÁ) àÊ×éÍÊÕà¢éÁ¡Ñº¼éÒ¾Ñ¹¤Í·ÕèÁÕÊÕÊÑ¹/262/-1/50/255 0 0/true/Shirt",
        "1263": "Dark Highlight Shirt/Dark Highlight Shirt/(àÊ×éÍäÎäÅ·ìÊÕà¢éÁ) àÊ×éÍÊÕà¢éÁ·ÕèÁÕäÎäÅµìÊÇèÒ§äÊÇ/263/-1/50/255 0 0/true/Shirt",
        "1264": "Omni Shirt/Omni Shirt/(àÊ×éÍÍÍÁ¹Ô) ÁÑ¹¶Ù¡áµéÁ´éÇÂà¡Åç´ÊÕÃØé§!!/264/-1/50/255 0 0/false/Shirt",
        "1265": "Bridal Shirt/Bridal Shirt/(àÊ×éÍà¨éÒÊÒÇ) àÊ×éÍÊèÇ¹º¹ÊÕ¢ÒÇÊÇÂ àËÁÒÐÊÓËÃÑºà¨éÒÊÒÇ/265/-1/50/255 0 0/false/Shirt",
        "1266": "Brown Overalls/Brown Overalls/(¡Ò§à¡§àÍÕêÂÁÊÕ¹éÓµÒÅ) ÁÑ¹ÂÒ¡·Õè¨ÐàËç¹¤ÃÒºÊ¡»Ã¡º¹¡Ò§à¡§¹Õé/266/-1/50/255 0 0/false/Shirt",
        "1267": "Orange Bow Shirt/Orange Bow Shirt/(àÊ×éÍâºÇìÊéÁ) àÊ×éÍàªÔéµÅÒÂ¢ÇÒ§ÊÕÊéÁ¡ÑºâºÇìÊÕ¢ÒÇ¢¹Ò´ãË­è/267/-1/50/255 0 0/false/Shirt",
        "1268": "White Overalls/White Overalls/(¡Ò§à¡§àÍÕêÂÁÊÕ¢ÒÇ) ÃÙ»ÅÑ¡É³ì·ÕèÊÐÍÒ´µÒ¢Í§ªÒÇäÃèÊØ´¤ÅÒÊÊÔ¤/268/-1/50/255 0 0/false/Shirt",
        "1269": "Pour-Over Shirt/Pour-Over Shirt/(àÊ×éÍ â¾Ãì-âÍàÇÍÃì) ÅÇ´ÅÒÂ«Ô¡á«¡·Õè¤Øé¹à¤Â »ÃÐ´ÑºÅ§º¹àÊ×éÍµÑÇ¹Õé ÍèÒ... ¡ÅÔè¹¹Ñè¹/269/-1/50/255 0 0/false/Shirt",
        "1270": "Green Jacket Shirt/Green Jacket Shirt/(àÊ×éÍá¨ç¤à¡çµÊÕà¢ÕÂÇ) áÃ§ºÑ¹´ÒÅã¨¨Ò¡àÊ×éÍ¢Í§à»ç´ àÊ×éÍÊÒÁÒÃ¶ÂéÍÁÊÕä´é/270/-1/50/255 0 0/true/Shirt",
        "1271": "Short Jacket/Short Jacket/(á¨ç¤à¡çµÊÑé¹) á¨ç¤à¡çµÂéÍÁÊÕÊÑé¹æ º¹àÊ×éÍ/271/-1/50/255 0 0/true/Shirt",
        "1272": "Polka Dot Shirt/Polka Dot Shirt/(àÊ×éÍÅÒÂ¨Ø´) àÊ×éÍÊÕ´Ó·ÕèÁÕÅÒÂ¨Ø´/272/-1/50/255 0 0/true/Shirt",
        "1273": "White Dot Shirt/White Dot Shirt/(àÊ×éÍ¨Ø´¢ÒÇ) àÊ×éÍÂéÍÁÊÕ¢ÒÇÅÒÂ¨Ø´/273/-1/50/255 0 0/true/Shirt",
        "1274": "Camo Shirt/Camo Shirt/(àÊ×éÍÅÒÂ·ËÒÃ) ªèÇÂãËé¤Ø³¡ÅÁ¡Å×¹ ¡ÑºÊÔè§áÇ´ÅéÍÁ/274/-1/50/255 0 0/false/Shirt",
        "1275": "Dirt Shirt/Dirt Shirt/(à´ÔÃì·àªÔéµ) ¤Ø³¨Ð´Ùâ¤µÃàËÁÒÐã¹¿ÒÃìÁ!/275/-1/50/255 0 0/false/Shirt",
        "1276": "Crab Cake Shirt/Crab Cake Shirt/(á¤Ãºà¤é¡àªÔéµ) àµÃÕÂÁ«ÍÊÍÑÅÂÍÅÕ (aioli) äÇéÅèÇ§Ë¹éÒ à¾×èÍ¤ÇÒÁà¾ÅÔ´à¾ÅÔ¹¢Í§¤Ø³ ÍÃèÍÂàËÒÐ!!/276/-1/50/255 0 0/false/Shirt",
        "1277": "Silky Shirt/Silky Shirt/(àÊ×éÍÂ×´á¾ÃäËÁ) ·Ó¨Ò¡ÇÑÊ´Ø¹ØèÁÅ×è¹´Ø¨á¾ÃäËÁ/277/-1/50/255 0 0/true/Shirt",
        "1278": "Blue Buttoned Vest/Blue Buttoned Vest/(àÊ×éÍ¡Ñê¡¹éÓà§Ô¹µÔ´¡ÃÐ´ØÁ) ÁÑ¹à»ç¹àÊ×éÍÊÕ¹éÓà§Ô¹·ÕèÁÕá¢¹ÂéÍÁÊÕä´é/278/-1/50/255 0 0/true/Shirt",
        "1279": "Faded Denim Shirt/Faded Denim Shirt/(àÊ×éÍàªÔéµÂÕ¹ÊìÊÕ«Õ´) ÁÑ¹à»ç¹àÊ×éÍÂÕ¹Êì·ÕèÁÕÃÙ»ÅÑ¡É³ì ·ÕèàµçÁä»´éÇÂ½Øè¹áÅÐÊÕ«Õ´¨Ò§/279/-1/50/255 0 0/false/Shirt",
        "1280": "Red Buttoned Vest/Red Buttoned Vest/(àÊ×éÍ¡Ñê¡á´§µÔ´¡ÃÐ´ØÁ) àÊ×éÍÊÕá´§·ÕèÁÕá¢¹ÂéÍÁÊÕä´é/280/-1/50/255 0 0/true/Shirt",
        "1281": "Green Buttoned Vest/Green Buttoned Vest/(àÊ×éÍ¡Ñê¡ÊÕà¢ÕÂÇµÔ´¡ÃÐ´ØÁ) ÁÑ¹à»ç¹àÊ×éÍ¡Ñê¡ÊÕà¢ÕÂÇ·ÕèÁÕá¢¹ÂéÍÁÊÕä´é/281/-1/50/255 0 0/true/Shirt",
        "1282": "Tomato Shirt/Tomato Shirt/(àÊ×éÍÁÐà¢×Íà·È) àÊ×éÍ·ÕèÁÕ¤ÓµÍºãËéá¡è ¤Ó¶ÒÁÍÑ¹ÂÔè§ãË­è 'ÁÐà¢×Íà·È¹Ñé¹...' (ÊèÇ¹·ÕèàËÅ×ÍÁÑ¹à»×éÍ¹ä»ËÁ´àÅÂ)./282/-1/50/255 0 0/false/Shirt/Sleeveless",
        "1283": "Fringed Vest/Fringed Vest/(àÊ×éÍ¡Ñê¡½ÍÂ) àÊ×éÍ¡Ñê¡ÊÕ¹éÓµÒÅÃÔÁàÊ×éÍá¢¹¡Ø´/283/-1/50/0 50 200/true/Shirt/Sleeveless",
        "1284": "Globby Shirt/Globby Shirt/(¡ÅêÍººÕéàªÔéµ) ÁÑ¹ÁÕÅÇ´ÅÒÂ¢Í§ËÂ´¹éÓàÅç¡æ·Õè¨Óá¹¡äÁèä´é/284/-1/50/0 50 200/true/Shirt",
        "1285": "Midnight Dog Jacket/Midnight Dog Jacket/(á¨ç¤à¡çµÊØ¹Ñ¢ÃÒµÃÕ) ÁÑ¹¶Ù¡ÂéÍÁÊÕ¹éÓà§Ô¹ÃÒµÃÕà¢éÁ ¨Ò¡¹éÓËÁÖ¡/285/-1/50/0 50 200/false/Shirt",
        "1286": "Shrimp Enthusiast Shirt/Shrimp Enthusiast Shirt/(àÊ×éÍàªÔéµ¢Í§¤¹¤ÅÑè§ä¤Åé¡Øé§) ÊÓËÃÑº¼Ùé·ÕèÍÂÒ¡·Ò¹¡Øé§¨Ó¹Ç¹ÁÒ¡/288/-1/50/0 50 200/false/Shirt",
        "1287": "Tea Shirt/Tea Shirt/(àÊ×éÍ¹éÓªÒ) áÃ§ºÑ¹´ÒÅã¨¨Ò¡à¤Ã×èÍ§´×èÁ·Õèâ´è§´Ñ§/287/-1/50/0 50 200/false/Shirt",
        "1288": "Trinket Shirt/Trinket Shirt/(·ÃÔ§à¡çµàªÔéµ) àÊ×éÍ·ÕèÁÕÅÙ¡¡ÅÁá¡éÇÊÕ ¢¹Ò´ãË­èµÔ´ÍÂÙè¡ÑºÁÑ¹/290/-1/50/0 50 200/false/Shirt",
        "1289": "Darkness Suit/Darkness Suit/(ÊÙ·áËè§¤ÇÒÁÁ×´) ªØ´ÊÙ·ÊÕ´Ó´éÒ¹º¹ÁÕ¡ÃÐà»ëÒÊÕèàËÅÕèÂÁÊÕá´§·Õè¨Ò§/291/-1/50/0 50 200/false/Shirt",
        "1290": "Mineral Dog Jacket/Mineral Dog Jacket/(á¨ç¤à¡çµÁÔà¹ÍÃÑÅ´êÍ¡) ÁÑ¹ÍÑ´á¹è¹ä»´éÇÂáÃè¸ÒµØ¨Ò¡ÁËÒÊÁØ·Ã/292/-1/50/0 50 200/false/Shirt",
        "1291": "Magenta Shirt/Magenta Shirt/(àªÔéµÊÕÁèÇ§á´§) à»ç¹à©´ÊÕ·ÕèÁÕàÍ¡ÅÑ¡É³ì à¢éÒ¡Ñ¹¡ÑºàËç´áÁç¡ÁèÒ à»ç¹ÍÂèÒ§´ÕàÅÂÅèÐ /293/-1/50/0 50 200/false/Shirt",
        "1292": "Ginger Overalls/Ginger Overalls/(àÊ×éÍ¢Ô§) à»ç¹â·¹ÊÕ·Õèä´éáÃ§ºÑ¹´ÒÅã¨ ÁÒ¨Ò¡ÊÕ¢Í§àºÕÂÃì¢Ô§/294/-1/50/0 50 200/false/Shirt",
        "1293": "Banana Shirt/Banana Shirt/(àÊ×éÍàªÔéµ¡ÅéÇÂ)¶éÒ¤Ø³ªÍº¡ÅéÇÂÅèÐ¡ç ¹Ö¡¶Ö§àÊ×éÍµÑÇ¹ÕéäÇéÊÔ/295/-1/50/0 50 200/false/Shirt",
        "1294": "Yellow Suit/Yellow Suit/(àÊ×éÍÊÕàËÅ×Í§) ´Ùà»ç¹¤¹µÃ§ä»µÃ§ÁÒ´Õ ·Õè¨ÐàÅ×Í¡ãÊèàÊ×éÍµÑÇ¹Õé/296/-1/50/0 50 200/false/Shirt",
        "1295": "Hot Pink Shirt/Hot Pink Shirt/(àÊ×éÍÊÕªÁ¾ÙÎÍµ¾Ô§¤ì) àÊ×éÍàªÔéµà¹×éÍà¹ÕÂ¹ ÊÕªÁ¾Ù´Ùà¢éÒ¡Ñºà¢µÃéÍ¹/297/-1/50/0 50 200/false/Shirt",
        "1296": "Tropical Sunrise Shirt/Tropical Sunrise Shirt/(àÊ×éÍÂÒÁÊ¹¸ÂÒ) àÊ×éÍµÑÇ¹ÕéãËé¡ÅÔè¹àËÁ×Í¹¡Ñº ÁÐ¾ÃéÒÇ¨Ñ§àÅÂ¹Ð/298/-1/50/0 50 200/false/Shirt",
        "1297": "Island Bikini/Island Bikini/(ºÔ¡Ô¹ÕÃÔÁËÒ´) ¢Í§¤ÅÒÊÊÔ¤ »ÃÐ¨Óà¡ÒÐãºà¿ÔÃì¹/299/-1/50/255 195 0/true/Shirt/Sleeveless",
        "1997": "Magic Sprinkle Shirt/Magic Sprinkle Shirt/(àÁ¨Ô¡Ê»ÃÔ§à¤ÔÅÊìàªÔéµ) àÊ×éÍàªÔéµ·Õè¶Ù¡âÃÂä»´éÇÂ¾ÃÔÊÁÒµÔ¡/272/-1/50/0 50 200/false/Shirt/Prismatic",
        "1998": "Prismatic Shirt/Prismatic Shirt/(àÊ×éÍ¾ÃÔÊÁÒµÔ¡) ÁÑ¹ÃÐÂÔºÃÐÂÑºä»´éÇÂ ¾ÅÑ§§Ò¹¢Í§¾ÃÔÊÁÒµÔ¡ ÁÕá¢¹ÊÕà¢éÁ/289/-1/50/0 50 200/false/Shirt/Prismatic",
        "1999": "Prismatic Shirt/Prismatic Shirt/(àÊ×éÍ¾ÃÔÊÁÒµÔ¡) ÁÑ¹ÃÐÂÔºÃÐÂÑºä»´éÇÂ ¾ÅÑ§§Ò¹¢Í§¾ÃÔÊÁÒµÔ¡ ÁÕá¢¹ÊÕ¢ÒÇ/288/-1/50/0 50 200/false/Shirt/Prismatic",
        "-1": "Pants/Pants/(¡Ò§à¡§) ¡Ò§à¡§·Õè¤Ø³ÊÇÁãÊèä´é/0/-1/50/255 235 203/true/Pants",
        "-2": "Shirt/Shirt/(àÊ×éÍàªÔéµ) àªÔéµ·Õè¤Ø³ÊÇÁãÊèä´é/0/-1/50/255 255 255/false/Shirt"
    }
}
