{
    "header": {
        "target": "w",
        "formatVersion": 5,
        "hidef": true,
        "compressed": 128
    },
    "readers": [
        {
            "type": "Microsoft.Xna.Framework.Content.DictionaryReader`2[[System.String, mscorlib, Version=4.0.0.0, Culture=neutral, PublicKeyToken=b77a5c561934e089],[System.String, mscorlib, Version=4.0.0.0, Culture=neutral, PublicKeyToken=b77a5c561934e089]]",
            "version": 0
        },
        {
            "type": "Microsoft.Xna.Framework.Content.StringReader",
            "version": 0
        }
    ],
    "content": {
        "Maru0": "ĉ¹ҥ¹à˵¹ÁÒ¡¨ƃ§æ¹Ð$h#$b#à¾ÃÒÐĉ¹¨Ðä˴¡ÅÒÂàʛ¹ ÀÃÃÂÒ¢Í§à¸Íá̅ÇĢ§ä§˕Ð ўў$l",
        "Maru1": "ĉ¹˵Í§àµƳÂÁã¨ŚÒËģº¡ÒÃàʛ¹ ÀÃÃÂÒà˨Ò¢Í§¿ÒΓÁ á̅ÇáËÅÐ",
        "Leah0": "...$l#$e#ĉ¹ړǪā§ÇÅŹ´ËˉÍÂ á˅ʁƱ¤ÇÒÁɊ¢¹Ð$h",
        "Leah1": "ĉ¹ĝ¹ÁÒµÅÍ´àÅÂ˕Ð˗Ò ÍÂÒ¡¨Ðã˪ƚƇµ ÍԒã¹¿ÒΓÁĪ¡á˛§Ǚ§$h#$e#à¾ÃÒÐ©ÐԹ¹µÍ¹׉ ĉ¹ʁàÅÂƱ¤ÇÒÁɊ¢ÁÒ¡æ àÅÂ˕Ð",
        "Haley0": "ĉ¹Ʊ¤ÇÒÁɊ¢ÁÒ¡àÅÂ¹Ð!$h#$e#ġ¹àʛ¹Ъ§чĉ¹à˽Òĝ¹ǖ§ µÅÍ´àÇÅÒàÅÂ˕Ð$l",
        "Haley1": "äˑàʛ¹äÃËÃÍ¡ ĉ¹ړƤ˗Ò¾Ç¡àÃÒ ¤§¨ÐäˑƱàÇÅÒä»Į¹Ʃɱ¹˴ÇÂā¹ à¾ÃÒÐà¸Í¨Ð˵Í§¤ÍÂ ɤáÅ¿ÒΓÁ¢Í§à¸Í#$e#á˅µÍ¹׉ĉ¹àÍ§ ʁ¡ÅÒÂÁÒàʛ¹¤¹ɤáÅ¿ÒΓÁ āºà¸Íá̅ÇàËȑÍ¹ā¹!",
        "Penny0": "@.. ĉ¹ړǪ¡¡ĥÇŹ´ËˉÍÂ à¾ÃÒÐщˉÐàʛ¹¡ÒÃà»ѕÂ¹á»Å§ ¤Ճ§ãËʽã¹ƚƇµĉ¹àÅÂ¹Ð!#$e#á˅äˑ˵Í§˛Ç§ËÃÍ¡ à¾ÃÒÐ¢³ÐàƤÂÇā¹ ġ¹ʁàʛ¹¡ÒÃà»ѕÂ¹á»Å§ чŇÒã̋ĉ¹Ʊ¤ÇÒÁɊ¢чɊ´ ã¹ƚƇµàËȑÍ¹ā¹$h",
        "Penny1": "¾Ç¡àÃÒıÒĥ§¨Ð¡ÅÒÂàʛ¹ ¤ÃÍº¤ģÇ¿ÒΓÁàʥ¡æ àʣÇæ׉á̅ÇƊ¹Ð$l#$e#ĉ¹Ƥã¨¨ƃ§æ¹Ð чà¸ÍƱ¤ÇÒÁړǪ¡ āºĉ¹áºº׉$h",
        "Abigail0": "áÎÐáÎÐ ĉ¹àщÂ¹Ð? á˅§§Ò¹? ĉ¹äˑà¤ÂŤ´ÁÒʱÍ¹àÅÂ˗Ò ġ¹¨Ðàš´ע¹¨ƃ§æ$h#$e#áºº׉¾Ç¡àÃÒ ¤§ƱàҳÍ§Êȹ¡æÁÒ¡ÁÒÂ ÃÍ¾Ç¡àÃÒÍԒàÅÂ˕Ðūê$h",
        "Abigail1": "ĉ¹ıÒĥ§ËՁ¹āº ªÒÇä˓ԧ¹àËÃÍàщÂ ̇ÒÇ!$h#$e#ƚƇµ¢Í§¾Ç¡àÃÒ¤§¨Ðà»ѕÂ¹ ä»ƽ¡ÁÒ¡àÅÂęº¨Ò¡׉$l",
        "Sam0": "Ʊ¤ÇÒÁɊ¢ªÐġ´ ч¨Ðä˴àʛ¹ÊÒƱ¢Í§Ȥ³ @$l#$e#ġ¹ҥ¹à˵¹ÁÒ¡",
        "Sam1": "äˑŤ´äˑĝ¹àÅÂ ˗Òġ¹¨Ðàš´ע¹ä˴ щġ¹âª¤Ƥ¨ƃ§æ$l#$e#¼ÁÃÍá·ºäˑäËÇá̅Ç ŚÒËģº§Ò¹á˅§§Ò¹$h",
        "Sebastian0": "ƽ¡äˑбħ¹ ¼Á¨Ðä˴ä»ã˪ƚƇµ ÍԒã¹¿ÒΓÁá̅ÇƊ¹Ð ¼ÁäˑÍÂÒ¡¨ÐàҚÍàÅÂ$h#$e#á˅Ģ§ä§¼ÁʁƱ¤ÇÒÁɊ¢¹Ð$l",
        "Sebastian1": "µÍ¹à¨ÍȤ³¤Ճ§áÃ¡ã¹àȑÍ§ ¼Áäˑà¤ÂŤ´ÁÒʱÍ¹˗Ò àÃÒ¨Ðä˴á˅§§Ò¹ā¹$l#$e#ƚƇµàÃÒщʁá»Å¡¹Ð˗ÒՁÂ?$h",
        "Harvey0": "â̍¾ÃÐà˨Ò! ¼Á˵Í§àµƳÂÁÍÐäÃËÅÒÂæÍ˒Ò§ ŚÒËģº§Ò¹á˅§§Ò¹щàÅÂ¹Ð ¼Áá·º¨Ð˺ÒàÅÂ˕Ð$l#$e#á˅Ëĥ§¨Ò¡ч¾Ç¡àÃÒԷ§ËÁ´ ̂ÒÂä»ÍÒĨÂÍԒ˴ÇÂч¿ÒΓÁá̅Ç ¼Á¤§¨ÐړǪ¡â˕§ע¹àÂÍÐàÅÂ$h",
        "Harvey1": "¼ÁړǪ¡Ʊ¤ÇÒÁɊ¢¨ƃ§æ¹Ð$h#$e#щàʛ¹¤ÇÒÁ»ÃÒÃ¶¹Ò чäˑà¤ÂºÍ¡ã¤ÃÁÒʱÍ¹àÅÂ˕Ð$l",
        "Elliott0": "ч¿ÒΓÁ¨Ð˵Í§àʛ¹Ê¶Ò¹ч чàËÁÒÐŚÒËģºàƒÂ¹áˉæ ĉ¹àµƳÂÁ¡ÒÃä̇˕Ç§Ë˹Ò á̅ÇáËÅÐ$h#$e#àÃÒ¨Ð˵Í§àʛ¹ӴчƤáˉæ$l",
        "Elliott1": "щɤÃÒÇāº¡ÒÃÍÍ¡¼¨­ĠÂàÅÂ! ¼ÁړǪ¡ҥ¹à˵¹ÁÒ¡ á̅ÇȤ³˕Ð?$h#$e#àÃÒ¨Ðã˪˺Ò¹чªÒÂËÒ´àʛ¹ ˺Ò¹Ğ¡µÒ¡ÍÒ¡ÒÈ ʁä˴¹Ð$l",
        "Alex0": "@ ׉àʛ¹Ъ§чƤчɊ´ чà¤Âàš´ע¹ÁÒàÅÂ˕Ð$l#$e#ĉ¹á·º¨ÐÃÍäˑäËÇá̅Ç$h",
        "Alex1": "ĉ¹àУÁģ¡¡ÒÃàʛ¹ªÒÇÊÇ¹ á̅Ç˕Ð$h",
        "Shane0": "ºÒ§˚Ç¹¢Í§¼Á ıÒĥ§á»Å¡ã¨ ˗Òщäˑãʺ¡ÒÃ à˕¹µÅ¡ºÒ§Í˒Ò§ ãʺäËÁ#$e#¼ÁäˑÍÂÒ¡àҚÍàÅÂ˗Ò à¸Í˵Í§¡ÒÃ¨Ðá˅§§Ò¹ āº¤¹Í˒Ò§¼Á¨ƃ§æ",
        "Shane1": "@...â̍Ç īÇ¼ÁËɁ¹֕Ç ÍÒ¨¨Ðà¾ÃÒÐħ¹׉ ¼ÁĢ§äˑä˴š¹àƪÂΓ",
        "Emily0": "à¸ÍàҚÍäËÁ˗Ò àÃÒıÒĥ§¨Ðä˴ÍԒ ˴ÇÂā¹? ĉ¹äˑà¤ÂÍÒĨÂ ÍԒāº¤¹ҽ¹ÁÒʱÍ¹àÅÂ ¹Í¡¨Ò¡¤ÃÍº¤ģÇĉ¹#$e#ġ¹... ˉÒҥ¹à˵¹¹Ð",
        "Emily1": "ĉ¹ړÁÒµÅÍ´˗Ò ¨ÐƱºÒ§Í˒Ò§ ŚÒĄ­ÁÒ¡æ àš´ע¹āºàÃÒ... ĉ¹áʴäˑŤ´ ˗Òġ¹¨Ðàʛ¹ àҳÍ§׉!$h#$e#à˨Ò¹¡áˡÇ ġ¹ҥ¹à˵¹Ɋ´æ",
        "Krobus0": "@... ˢÒà¡Ã§˗ÒàÃÒ¨Ð˵Í§ àʁºàҳÍ§׉ä̇àʛ¹¤ÇÒÁĥº... Է§Ъ§ƱƚƇµáººˢÒ áÅÐâÅ¡¢Í§à˨Ò ˅Ò§ʁäˑÂÍÁģº ¡ÒÃÍԒ˓ÇÁā¹¢Í§¾Ç¡àÃÒ",
        "Krobus1": "à˨ÒړãʺËȓÍäˑ ˗ÒˢÒǴÍЪ§ч»ÃÐËÅÒ´чɊ´ ч¨Ðã˪ƚƇµÍԒ˴ÇÂā¹ ˢÒäˑÊÒÁÒÃ¶ÍÍ¡¨Ò¡˺Ò¹ä˴..."
    }
}
