{
    "header": {
        "target": "w",
        "formatVersion": 5,
        "hidef": true,
        "compressed": 128
    },
    "readers": [
        {
            "type": "Microsoft.Xna.Framework.Content.DictionaryReader`2[[System.String, mscorlib, Version=4.0.0.0, Culture=neutral, PublicKeyToken=b77a5c561934e089],[System.String, mscorlib, Version=4.0.0.0, Culture=neutral, PublicKeyToken=b77a5c561934e089]]",
            "version": 0
        },
        {
            "type": "Microsoft.Xna.Framework.Content.StringReader",
            "version": 0
        }
    ],
    "content": {
        "LostItemQuest_DefaultThankYou": "Ȥ³ËÒġ¹à¨Í! ¢ÍºȤ³ÁÒ¡",
        "NewChild_SecondChild1": "áʴÁÍ§ä»ч ¤ÃÍº¤ģÇàʥ¡æ ¢Í§àÃÒ... àÃÒÁÒä¡ÅÁÒ¡ Ɓãʺǣ?",
        "NewChild_SecondChild2": "ɵ¡чˉÒģ¡ÊÍ§¤¹... àÃÒÁÒä¡ÅÁÒ¡ Ɓãʺǣ?",
        "NewChild_Adoption": "Ƃ¹Ƥ˵Í¹ģº {0} à˨ÒĕÇàʥ¡Ԛ¤ÃÍº¤ģÇ¢Í§àÃÒ ġ¹ÂÍ´àђÁÁÒ¡",
        "NewChild_FirstChild": "ȷ¡Í˒Ò§ˌÒ¹ä»Í˒Ò§ÃÒºҳ¹ µÍ¹׉ {0} àʛ¹Ъ§àʥ¡æ ã¹¤ÃÍº¤ģÇ àÃÒâª¤ƤÁÒ¡чƱËɩ˹ÍÂ",
        "Spouse_KitchenBlocked": "àÃÒƱ¡̅ÇÂä́Ƒ´¢ÇÒ§ ч̋Í§¤ģÇ... ĉ¹à´Ò˗ÒǴ¹׉Ȥ³¤§ äˑä˴·Ò¹ÍÒËÒÃϔÒ$a",
        "Spouse_MonstersInHouse": "ÍÒΛ... чģ¡? ŇÒäÁÁÍ¹ÊàµÍΓÁÒ ÍԒã¹˺Ò¹¢Í§àÃÒä˴˕Ð?",
        "Farm_RobinWorking_ReadyTomorrow": "{0} ¨ÐàÊʣ¨ħ¹¾ӣ§׉! ˉÒҥ¹à˵¹ãʺäËÁ˕Ð?",
        "Farm_RobinWorking1": "{0} ¨ÐàÊʣ¨ã¹ƽ¡ {1} ħ¹ щà¸ÍŇÒàʛ¹ ݛ˅Ò§˗Òĉ¹ äˑÍԒщ˴ÇÂ¹Ð",
        "Farm_RobinWorking2": "{0} ¨ÐàÊʣ¨ã¹ {1} ħ¹ ĉ¹¨ÐŇÒ§Ò¹׉ã̋ Է§¡ÅÒ§ħ¹áÅÐ¡ÅÒ§Ǵ¹!",
        "AnimalShop_Marnie_Trash": "ŇÒäÁà¸Íǖ§ä˴ÁÍ§ Ė§¢ÂÐ¢Í§ĉ¹˕Ð?$s",
        "JoshHouse_Alex_Trash": "țÁ.. Ȥ³ıÒĥ§ŇÒÍÐäÃ?$s",
        "SamHouse_Sam_Trash": "à̎ Í˒ÒÁÍ§Å§ä» ã¹Թ¹!$a",
        "SeedShop_Abigail_Drawers": "ä§ äˑä˴Ť´ǖ§ġ¹àÅÂ! щàʛ¹ч˚Ç¹ĕÇ!$a",
        "Wizard_Hatch": "Ȥ³¨ÐŇÒÍÐäÃ? ĉ¹Íȹ­Òµà©¾ÒÐ¤¹ч ä̇ã¨àˇÒԹ¹ã̋àˢÒÁÒä˴",
        "Clint_NoInventorySpace": "à̎ ɍ»¡Ã΃¢Í§à¸ÍàÊʣ¨á̅Ç á˅à¸ÍäˑƱخ¹ч ŚÒËģºä̇àʁºġ¹",
        "Clint_StillWorking": "ȝÁ ĉ¹Ģ§¤§ŇÒ§Ò¹ {0} ã̋à¸ÍÍԒä§˕Ð ġ¹¤§äˑàÊʣ¨ ħ¹׉ËÃÍ¡",
        "Gunther_MuseumComplete": "¢Í¢ÍºȤ³ƽ¡¤Ճ§ ŚÒËģºȷ¡¤ÇÒÁʺÇÂàËȕÍ ¢Í§Ȥ³чŇÒã̋ žž¸Ġ³΁ɤˉÒѷ§ ä˴¢¹Ò´׉!",
        "Gunther_NothingToDonate": "ɤàËȑÍ¹˗ÒȤ³ äˑƱÍÐäÃ ч¨Ðºƃ¨Ò¤ã̋āº·Ò§ žž¸Ġ³΁ ġ¹¨ÐƤ¡˗Ò׉ ˶ÒȤ³äˑÍԒчщ áÅÐŇÒºÒ§Í˒Ò§ àʺ¹¡ÒÃ˕ÒÊÁĚŵ ˉÐ¤ģº?",
        "Gunther_NoArtifactsFound": "ÊħÊƤ¤ģº! Ƃ¹Ƥ˵Í¹ģºԚ 'ŚÒę¡§Ò¹âºÃÒ³¤Ƥ¢Í§ ÊµÒΓŴÇáÇÅѕ'#$b#ȝÁ... щÍÒ¨¨Ðàʛ¹àҳÍ§ˉÒÍÒÂ à¾ÃÒÐڌɤáÅ ¤¹ʱÍ¹Ë˹Ò׉ àʛ¹ڌıÒāºɤáÅ ¤ÍÅàʥ¡Ċ¹Է§ËÁ´ àÃÒǈ§Ģ§äˑƱħµȶâºÃÒ³ (Artifacts) ŚÒËģºáÊ´§#$b#¼ÁŤ´˗Ò ¨Ðáˡě­ËÒä˴ àʣÇæ׉! à˝ÍȤ³¤ģº ËÒ¡Ȥ³¾ºħµȶâºÃÒ³ (Artifacts) ËȓÍ á˓¸Òȵ˅Ò§æ ... ¡Ƀ³Òá˨§ã̋ ·Ò§àÃÒ·ÃÒºä˴ËȓÍäˑ?",
        "Sandy_PlayerClubMember": "àš´ÍÐäÃע¹? Ȥ³àʛ¹ÊÁÒŪ¡¢Í§ÊâÁÊÃ?!",
        "MisterQi_PlayerClubMember": "àђÂÁ ã¹чɊ´ʁä˴¾ºà¸Íċ¡Ƨ¹Ð àʔ¡˹ÍÂ Ƃ¹Ƥ˵Í¹ģºԚ ÊâÁÊÃɊ´žàÈÉ¢Í§ĉ¹#$e#à¸ÍƱ '»ÃÐ¡ÒÂä¿'... ι¹ǴÍÊÒàËȵч ŇÒã̋ĉ¹àȕÍ¡à¸Í#$e#»ÃÐ¡ÒÂä¿ÍÐäÃԧ¹ËÃÍ? ÍÒ... à«¹Κ¢Í§¤ÇÒÁàҚÍÁâÂ§ ÃÐË˗Ò§àҳÍ§ǥ¡ĥºáÅÐƈÅ»ÐˉÐ...#$b#¤¹áºº¾Ç¡àÃÒƱË˹Òч ˵Í§ģ¡ÉÒ¤ÇÒÁƱƚƇµƚÇÒã̋âÅ¡ãº׉ ŇÒã̋¤¹¸ÃÃÁ´Òä˴֥ÁÃÊ ¤ÇÒÁäˑ¸ÃÃÁ´Ò#$e#àʔ¡˹ÍÂ à¸ÍɤƊ... âÅ¡ʁàËȑÍ¹āº 'ˢÒÇªÒÁǙ§' ǖ§ġ¹¨ÐƱˢÒÇƱāºÍԒã¹Թ¹ á˅ġ¹¨Ðä»ƱȤ³ʴÒÍÐäÃ ˶ÒäˑƱ«ÍÊÃÊàʔ´ ÁÒàОÁÃÊªÒŵ ι¹ʁǴÍȨ´чàÃÒàˢÒÁÒƱº·ºÒ·#$b#à¸ÍäˑÊ§ĪÂ˺Ò§ËÃÍ˗Ò ã¤ÃàÍÒƻºÊÁĚŵ¾Ç¡Թ¹ ä»ä̇чµÃÍ¡àˢÒàËȑÍ§? ĉ¹ªÍºч¨ÐŇÒã̋¤¹ҽ¹»ÃÐËÅÒ´ã¨#$e#ċ¡ħ¹Ǚ§à¸Í¨ÐàˢÒã¨ áʴ¾ÂÒÂÒÁŇÒã̋ƤчɊ´ àˇÒчà¸Í¨ÐŇÒä˴áÅÐ Í˒ÒÂÍÁá˾ʁ¾Í",
        "Robin_HouseUpgrade_Accepted": "¢ÍºȤ³! ĉ¹¨ÐàУÁ§Ò¹ ã¹ħ¹¾ӣ§׉ ĉ¹¤Ò´˗Ò§Ò¹ ¤§àÊʣ¨ÀÒÂã¹ 3 ħ¹",
        "Robin_PamUpgrade_Accepted": "˴ÇÂ¤ÇÒÁ ã¨¡̇Ò§¢Í§à¸Í! ĉ¹¨ÐàУÁ§Ò¹ĭ¾à¡Ã´ ã¹ħ¹¾ӣ§׉ ˵Í§ã˪àÇÅÒ »ÃÐÁÒ³ 3 ħ¹",
        "Mines_PlayerKilled_Robin": "...¾ºà¸Í ËÁ´Êŵã¹àËȑÍ§ ĉ¹àǱÍºàˢÒã¨ż´ àʫ¹à¸Íàʛ¹ˇÍ¹ä́ á»Å¡æ «Ðƽ¡!#$b#ÃÐġ´ÃÐħ§ ã¹¤Ճ§˅Íä»˴ÇÂ µ¡Å§äËÁ?$s",
        "Mines_PlayerKilled_Clint": "...ĉ¹¾ºȤ³ ËÁ´Êŵã¹àËȑÍ§ ĉ¹Ť´¨ÐÃÐàź´ ·Ò§ÍÍ¡ àҮÍÅÒ¡Ȥ³ ÍÍ¡ä»¨Ò¡чщ#$b#ÃÐġ´ÃÐħ§ ã¹¤Ճ§˅Íä»˴ÇÂ âÍà¤?$s",
        "Mines_PlayerKilled_Maru_Spouse": "...¾ºà¸ÍËÁ´Êŵã¹àËȑÍ§ à¸ÍËÒÂä»¹Ò¹ÁÒ¡ áÅÐĉ¹àУÁ àʛ¹˛Ç§Ȥ³!#$b#ÃÐġ´ÃÐħ§ ã¹¤Ճ§˅Íä»˴ÇÂ µ¡Å§äËÁ?$s",
        "Mines_PlayerKilled_Maru_NotSpouse": "...ĉ¹¾ºȤ³ËÁ´Êŵã¹àËȑÍ§ ĉ¹ıÒĥ§ËÒá˓ÍԒ áÅÐàǱÍºч¨ÐàËƲÂº ƸÃÉÐ¢Í§Ȥ³á̅Ç!#$b#ÃÐġ´ÃÐħ§ ã¹¤Ճ§˅Íä»˴ÇÂ µ¡Å§äËÁ?$s",
        "Mines_PlayerKilled_Linus": "...ĉ¹¾ºȤ³ ËÁ´Êŵã¹àËȑÍ§ Ȥ³âª¤Ƥá̅Ç чĉ¹ˌÒ¹ÁÒ à¨ÍàˢÒ!#$b#ÃÐġ´ÃÐħ§ ã¹¤Ճ§˅Íä»˴ÇÂ âÍà¤?$s",
        "Mines_PlayerKilled_Spouse_PlayerMale": "Ȥ³ËÒÂĕÇä»¹Ò¹ ĉ¹ړǪ¡˛Ç§ÁÒ¡! ĉ¹ړǪ¡äˑƤàÅÂчàʫ¹ ˓Ò§¡ÒÂȤ³˝Í¹̅Ò...$s",
        "Mines_PlayerKilled_Spouse_PlayerFemale": "Ȥ³ËÒÂĕÇä»¹Ò¹ ĉ¹àʛ¹˛Ç§Ȥ³¹Ð! ĉ¹àǱÍº¨ÐƱÍÒ¡ÒÃīÇã¨ÇÒÂ àұÍàʫ¹˓Ò§Ȥ³˝Í¹̅Ò...$a",
        "Morris_PlayerSignedUp": "àђÂÁÂÍ´ÁÒ¡! Ƃ¹ƤµÍ¹ģºԚºƃĩ·â¨˨Ò! ¡ĥºÁÒƽ¡¤Ճ§ã¹ħ¹¾ӣ§׉ áÅÐ¾Ç¡àÃÒ¨ÐàУÁž¨ÒÃ³Ò ºÒ§˚Ç¹¢Í§â¤Ã§¡ÒÃ Ğ²¹ÒȪÁª¹... â̍ á̅ÇʁÍ˒ÒȕÁ¾¡¡ÃÐà͛ÒÊµÒ§ʹ ¢Í§Ȥ³ÁÒ˴ÇÂ˕Ð ўæ#$b#µÍ¹׉ã̋¼Áâ·ÃĨ¾· ËÒ¹ÒÂ¡à·ÈÁ¹µƳàÅƇÊá̅Ç ÁÒɤā¹˗Ò¨Ð»ģº»Ƀ§ɸ¹ΒȪÁª¹àʱÒæ чˉÒģ§àƑÂ¨ι¹Ģ§ä§...",
        "Morris_ComeBackLater": "¡ĥºÁÒã¹ħ¹¾ӣ§׉ áÅÐàÃÒ¨Ðàʫ¹¡ÒÃàУÁ˵¹ ¡ÒÃĞ²¹ÒËԑ˺Ò¹ºÒ§˚Ç¹... àƮÂ§á˅Í˒ÒȕÁ ŉÒàŧ¹ÁÒã̋ÁÒ¡æ ¹Ð ƎƎ",
        "Morris_Greeting": "Ƃ¹Ƥ˵Í¹ģºԚ̃Ò¹â¨˨Ò! ħ¹׉Ȥ³àʛ¹Ģ§ä§˺Ò§?#$b#¼ÁäˑÍÂÒ¡¨ÐàҚÍ ˗ÒàÃÒ¨Ðä˴à¨Íā¹ ¼ÁҚÍÁÍΓƃÊ àʛ¹ĕÇá·¹ˍÒÂɤáÅ ¤ÇÒÁǞ§¾Íã¨¢Í§ɵ¡ˤÒâ¨˨Ò#$b#àұÍȤ³ĕ´Ɗ¹ã¨ч¨Ðàʛ¹ ÊÁÒŪ¡¢Í§â¨˨Ò¼ÁƂ¹Ƥч¨Ð ÁÍº»ÃÐÊº¡ÒÃ΃чáÊ¹Ɋ¢ ã̋āºȤ³",
        "Morris_WeekendGreeting": "Ƃ¹Ƥ˵Í¹ģºԚ̃Ò¹â¨˨t! Ɋ´Ī»´ÒΛ¢Í§Ȥ³àʛ¹Ģ§ä§˺Ò§?#$b#µÍ¹׉¾Ç¡àÃÒıÒĥ§ ÍԒÃÐË˗Ò§¡ÒÃŵ´Ե§ ÃÐººÊÁÒŪ¡áººãËˑÍԒ ¡Ƀ³Ò¡ĥºÁÒµÃÇ¨ÊÍºàҮÍ àʛ¹ÊÁÒŪ¡¢Í§àÃÒã¹ÀÒÂËĥ§!",
        "Morris_FirstGreeting": "Ƃ¹Ƥ˵Í¹ģºԚ̃Ò¹â¨˨Ò! ħ¹׉Ȥ³àʛ¹Ģ§ä§˺Ò§?#$b#µÍ¹׉¾Ç¡àÃÒıÒĥ§ ÍԒÃÐË˗Ò§¡ÒÃŵ´Ե§ ÃÐººÊÁÒŪ¡áººãËˑÍԒ ¡Ƀ³Ò¡ĥºÁÒµÃÇ¨ÊÍºàҮÍ àʛ¹ÊÁÒŪ¡¢Í§àÃÒã¹ÀÒÂËĥ§!",
        "Morris_FirstGreeting_CommunityCenterComplete": "Ƃ¹Ƥ˵Í¹ģºԚ̃Ò¹â¨˨Ò! ħ¹׉Ȥ³àʛ¹Ģ§ä§˺Ò§?#$b#ˉÒàƺÂ´ÒÂ¨ƃ§æ àҩÍ§¨Ò¡àËȵ¡ÒÃ΃ч äˑ¤Ò´Ť´ʁàÅÂĢ§äˑÊÒÁÒÃ¶ Ҳ¹ˢÍàÊ¹ÍŚÒËģº ÊÁÒŪ¡â¨˨Òä˴ã¹µÍ¹׉ ¼Áρ¹ã¨˗Òġ¹¨Ðɦ¡»˕Í ÂÍÍ¡ÁÒàʣÇæ׉áËÅÐ!",
        "Morris_WeekendGreeting_CommunityCenterComplete": "Ƃ¹Ƥ˵Í¹ģºԚ̃Ò¹â¨˨Ò! Ɋ´Ī»´ÒΛ¢Í§Ȥ³àʛ¹Ģ§ä§˺Ò§?#$b#ˉÒàƺÂ´ÒÂ¨ƃ§æ àҩÍ§¨Ò¡àËȵ¡ÒÃ΃ч äˑ¤Ò´Ť´ʁàÅÂĢ§äˑÊÒÁÒÃ¶ Ҳ¹ˢÍàÊ¹ÍŚÒËģº ÊÁÒŪ¡â¨˨Òä˴ã¹µÍ¹׉ ¼Áρ¹ã¨˗Òġ¹¨Ðɦ¡»˕ÍÂ ÍÍ¡ÁÒàʣÇæ׉áËÅÐ!",
        "Morris_WeekendGreeting_MembershipAvailable": "Ƃ¹Ƥ˵Í¹ģºԚ̃Ò¹â¨˨Ò! Ɋ´Ī»´ÒΛ¢Í§Ȥ³àʛ¹Ģ§ä§˺Ò§?#$b#µÍ¹׉Ȥ³ÊÒÁÒÃ¶àʛ¹ ÊÁÒŪ¡¢Í§àÃÒä˴á̅Ç! ¡ÒÃàʛ¹ÊÁÒŪ¡¢Í§â¨˨Ò Ȥ³¨ÐÊÒÁÒÃ¶ŇÒã̋ȪÁª¹àš´¡ÒÃ »ģº»Ƀ§à»ѕÂ¹á»Å§ä˴ Ⱥ¤¤ÅÒ¡ÃڌàƺÂÊÅÐ¢Í§àÃÒ ¨ÐʺÇÂ»ģº»Ƀ§ȪÁª¹... ˴ÇÂ¡ÒÃʸÒÂʴÒ¸ÃÃÁàƩÂÁ áˉ¹Í¹ÍԒá̅Ç#$b#â̍ áÅÐƽ¡Í˒Ò§Ǚ§... ¹ÒÂ¡à·ÈÁ¹µƳàÅƇÊĪ­­Òāº àÃÒ˗Ò˶ÒƱã¤ÃʁµÒÁÁÒ˓ÇÁāºàÃÒ à¢Ò¨ÐÂÍÁã̋àÃÒà»ѕÂ¹ ɸ¹ΒȪÁª¹àʱÒæËĥ§Թ¹ ã̋àʛ¹â¡Ĕ§Ɗ¹ˤÒ¢Í§â¨˨Ò ġ¹ƇàÈÉÁÒ¡ãʺՁÂ˕Ð?#$q -1 -1#ʴÒÊġ¤ÃÊÁÒŪ¡ {0}g ˗Òä§˕Ð ÍÂÒ¡¨ÐÁÒ˓ÇÁā¹āºàÃÒäËÁ? #$r -1 -1 Yes#ÍÂÒ¡#$r -1 -1 No#äˑÍÂÒ¡",
        "Morris_FirstGreeting_MembershipAvailable": "Ƃ¹Ƥ˵Í¹ģºԚ̃Ò¹â¨˨Ò! ħ¹׉Ȥ³àʛ¹Ģ§ä§˺Ò§?#$b#µÍ¹׉Ȥ³ÊÒÁÒÃ¶àʛ¹ ÊÁÒŪ¡¢Í§àÃÒä˴á̅Ç! ¡ÒÃàʛ¹ÊÁÒŪ¡¢Í§â¨˨Ò Ȥ³¨ÐÊÒÁÒÃ¶ŇÒã̋ȪÁª¹àš´¡ÒÃ »ģº»Ƀ§à»ѕÂ¹á»Å§ä˴ Ⱥ¤¤ÅÒ¡ÃڌàƺÂÊÅÐ¢Í§àÃÒ ¨ÐʺÇÂ»ģº»Ƀ§ȪÁª¹... ˴ÇÂ¡ÒÃʸÒÂʴÒ¸ÃÃÁàƩÂÁ áˉ¹Í¹ÍԒá̅Ç#$b#â̍ áÅÐƽ¡Í˒Ò§Ǚ§... ¹ÒÂ¡à·ÈÁ¹µƳàÅƇÊĪ­­Òāº àÃÒ˗Ò˶ÒƱã¤ÃʁµÒÁÁÒ˓ÇÁāºàÃÒ à¢Ò¨ÐÂÍÁã̋àÃÒà»ѕÂ¹ ɸ¹ΒȪÁª¹àʱÒæËĥ§Թ¹ ã̋àʛ¹â¡Ĕ§Ɗ¹ˤÒ¢Í§â¨˨Ò ġ¹ƇàÈÉÁÒ¡ãʺՁÂ˕Ð?#$q -1 -1#ʴÒÊġ¤ÃÊÁÒŪ¡ {0}g ˗Òä§˕Ð ÍÂÒ¡¨ÐÁÒ˓ÇÁā¹āºàÃÒäËÁ? #$r -1 -1 Yes#ÍÂÒ¡#$r -1 -1 No#äˑÍÂÒ¡",
        "Morris_WeekendGreeting_SecondPlayer": "Ƃ¹Ƥ˵Í¹ģºԚ̃Ò¹â¨˨Ò! Ɋ´Ī»´ÒΛ¢Í§Ȥ³àʛ¹Ģ§ä§˺Ò§?#$b#ȝÁ... Ě¹Ǘ¡¢Í§àÃÒáÊ´§ã̋àʫ¹˗Ò Ȥ³ã˪ƚƇµã¹¿ÒΓÁāº¤¹ҽ¹... ¢Íâ·É¹Ð¤ģº á˅àÃÒÊÒÁÒÃ¶àÊ¹Í¡ÒÃàʛ¹ÊÁÒŪ¡ ã̋āºà˨Ò¢Í§чÍԒàˇÒԹ¹ *ËÁÒÂǖ§ ڌà˕¹Ëĥ¡*",
        "Morris_FirstGreeting_SecondPlayer": "Ƃ¹Ƥ˵Í¹ģºԚ̃Ò¹â¨˨Ò! ħ¹׉Ȥ³àʛ¹Ģ§ä§˺Ò§?#$b#ȝÁ... Ě¹Ǘ¡¢Í§àÃÒáÊ´§ã̋àʫ¹˗Ò Ȥ³ã˪ƚƇµã¹¿ÒΓÁāº¤¹ҽ¹... ¢Íâ·É¹Ð¤ģº á˅àÃÒÊÒÁÒÃ¶àÊ¹Í¡ÒÃàʛ¹ÊÁÒŪ¡ ã̋āºà˨Ò¢Í§чÍԒàˇÒԹ¹ *ËÁÒÂǖ§ ڌà˕¹Ëĥ¡*",
        "Morris_StillProcessingOrder": "µÍ¹׉¾Ç¡àÃÒıÒĥ§ńÒàŹ¹¡ÒÃ µÒÁĴÒϊ§Ğ²¹ÒȪÁª¹¢Í§Ȥ³ ¡Ƀ³Ò¡ĥºÁÒƽ¡¤Ճ§àұÍàÃÒ ńÒàŹ¹¡ÒÃàÊʣ¨àƳÂº̃ÍÂá̅Ç",
        "Morris_CommunityDevelopmentForm_PlayerMale": "$q -1 -1#Ȥ³ڌªÒÂ¤ģº ¼ÁƱáºº¿ÍΓÁ¡ÒÃĞ²¹ÒȪÁª¹â¨˨Ò ã̋āºȤ³ Ê¹ã¨¨ÐɤäËÁ¤ģº?#$r -1 -1 Yes#Ê¹ã¨#$r -1 -1 No#äˑÊ¹ã¨",
        "Morris_CommunityDevelopmentForm_PlayerFemale": "$q -1 -1#Ȥ³ڌËŭ§¤ģº ¼ÁƱáºº¿ÍΓÁ¡ÒÃĞ²¹ÒȪÁª¹â¨˨Ò ã̋āºȤ³ Ê¹ã¨¨ÐɤäËÁ¤ģº??#$r -1 -1 Yes#Ê¹ã¨#$r -1 -1 No#äˑÊ¹ã¨",
        "PurchasedItem_1_QualityHigh": "à̎ {0}#$b# ĉ¹áÇÐä»ч̃Ò¹ˤÒ ¢Í§ƫáÍΓÁÒàұÍħ¹ʱÍ¹ á̅Çʁ؛Í {1} {2} ÁÒ ġ¹àʛ¹¤Ճ§áÃ¡¢Í§ĉ¹ чä˴àʫ¹¢Í§¾Ç¡Թ¹...#$b#ĉ¹àÍÒġ¹ÁÒŇÒàʛ¹ ÍÒËÒÃϔÒàұÍǴ¹׉... ġ¹ŇÒã̋˺Ò¹¢Í§ĉ¹ àʕÁä»˴ÇÂ¡Х¹¢Í§ {3}.. ġ¹àʛ¹ÍÐäÃчàђÂÁÁÒ¡!$h#$b#ĉ¹Ƥã¨чàʫ¹¤ĥ§Ɗ¹ˤÒ ¢Í§ƫáÍΓàУÁàОÁע¹ƽ¡¤Ճ§ #$e# Ģ§ä§ʁµÒÁ...",
        "PurchasedItem_1_QualityLow": "à̎ {0}#$b#ĉ¹áÇÐä»ч̃Ò¹ˤÒ ¢Í§ƫáÍΓÁÒàұÍħ¹ʱÍ¹ á̅Çʁ؛Í {1} {2} ÁÒ ġ¹àʛ¹¤Ճ§áÃ¡¢Í§ĉ¹ чä˴àʫ¹¢Í§¾Ç¡Թ¹...#$b#ĉ¹àÍÒġ¹ÁÒŇÒàʛ¹ ÍÒËÒÃϔÒàұÍǴ¹׉... ġ¹ŇÒã̋˺Ò¹¢Í§ĉ¹ àʕÁä»˴ÇÂ¡Х¹¢Í§ {3} ĉ¹äˑړ˴ÇÂ՛Ò˗ÒƫáÍΓä»ËÒ ¢Í§¾Ç¡Թ¹ÁÒ¨Ò¡äË¹$s#$e# Ģ§ä§ʁµÒÁ...",
        "PurchasedItem_2_QualityHigh": "ÊħÊƤ... àұÍħ¹ʱÍ¹Ȥ³ä˴¢ÒÂ {1} {2} ã̋āº̃Ò¹¢ÒÂ¢Í§ǣà»˕Ò? ĉ¹Ť´˗Òĉ¹؛Íġ¹ÁÒ¹Ð...#$e#ġ¹àʛ¹¢Í§чȤ³ÀÒ¾ʴÍ¹ˢÒ§ƤàÅÂ˕Ð ĉ¹»ÃÐėºã¨ÁÒ¡",
        "PurchasedItem_2_QualityHigh_Jodi": "ÊħÊƤ... àұÍħ¹ʱÍ¹Ȥ³ä˴¢ÒÂ {1} {2} ã̋āº̃Ò¹¢ÒÂ¢Í§ǣà»˕Ò? ĉ¹Ť´˗Òĉ¹؛Íġ¹ÁÒ¹Ð... #$e#ġ¹àʛ¹¢Í§чȤ³ÀÒ¾ʴÍ¹ˢÒ§ƤàÅÂ˕Ð ġ¹ŇÒã̋ĉ¹ړǪ¡àËȑÍ¹ ä˴¡ĥºä»ч¡ÃÐˇÍÁËĥ§àʱÒ ¢Í§Ȥ³ÂÒÂė¹Ƨчĉ¹ä˴¡Х¹ġ¹àÅÂ˕Ð...",
        "PurchasedItem_2_QualityLow": "ÊħÊƤ... àұÍħ¹ʱÍ¹Ȥ³ä˴¢ÒÂ {1} {2} ã̋āº̃Ò¹¢ÒÂ¢Í§ǣà»˕Ò? ĉ¹Ť´˗Òĉ¹؛Íġ¹ÁÒ¹Ð... #$e#Ȥ³ÀÒ¾ʁã˪ä˴ÍԒ¹Ð",
        "PurchasedItem_3_QualityLow_Rude": "àұÍǴ¹׉ĉ¹ä»؛Í¢Í§ á̅Çʁ؛Í {1} {2} ÁÒ ġ¹Å´ÃÒ¤ÒàËȕÍáʴ {3}g àÍ§#$e# ġ¹ǴÍ {4}! äˑ˵Í§Ê§ĪÂàÅÂƫáÍΓà¤Â¢ÒÂ {5} ɦ¡ÁÒ¡æ...",
        "PurchasedItem_3_QualityHigh_Rude": "àұÍǴ¹׉ĉ¹ä»؛Í¢Í§ á̅Çʁ؛Í {1} {2} ÁÒ ġ¹Å´ÃÒ¤ÒàËȕÍáʴ {3}g àÍ§#$e#ġ¹àʛ¹ {4} чƤ¨ƃ§æ",
        "PurchasedItem_3_NonRude": "àұÍǴ¹׉ĉ¹ä»؛Í¢Í§ á̅Çʁ؛Í {1} {2} ÁÒ ġ¹Å´ÃÒ¤ÒàËȕÍáʴ{3}g àÍ§#$e# ÃÒ¤ÒƤ¢¹Ò´׉ ĉ¹»˕ÍÂˌÒ¹ä»äˑä˴ËÃÍ¡",
        "PurchasedItem_4": "àұÍħ¹ʱÍ¹ĉ¹ÍԒч̃Ò¹¢ÒÂ¢Í§ á̅ÇƫáÍΓʁàÍÒ {1} {2} чà¸ÍàÍÒä»ã̋à¢ÒÁÒã̋ĉ¹ɤ#$e#ĉ¹؛Íġ¹¡ĥºÁÒ$h",
        "PurchasedItem_5_VegetableOrFruit": "àұÍħ¹ʱÍ¹ĉ¹؛Í {2} чÍ˓ÍÂчɊ´ÁÒ¨Ò¡̃Ò¹¢Í§ƫáÍΓ#$b#à¢ÒºÍ¡˗Òà¢Ò»ɵ¡ġ¹àÍ§ чÊÇ¹Ëĥ§˺Ò¹¢Í§à¢Ò ĉ¹äˑړÁÒʱÍ¹àÅÂ˗Ò ƫáÍΓàʛ¹ªÒÇÊÇ¹чƱ ¾ÃÊÇÃÃʹ¢¹Ò´Թ¹!$h#$b#ɤàËȑÍ¹Ȥ³ˉÒ ¨ÐƱӴáʲ§á̅ÇáËÅÐ ãʺՁÂ?",
        "PurchasedItem_5_Cooking": "àұÍħ¹ʱÍ¹ĉ¹؛Í {2} чÍ˓ÍÂчɊ´ÁÒ¨Ò¡̃Ò¹¢Í§ƫáÍΓ#$b#à¢ÒºÍ¡˗Òà¢Ò»Ƀ§ ġ¹àÍ§â´Âã˪ħµȶŴº˷Í§Ж¹ ĉ¹äˑړÁÒʱÍ¹àÅÂ˗ÒƫáÍΓ àʛ¹ˎÍ¤ģÇч {3} {4} ¢¹Ò´Թ¹!",
        "PurchasedItem_5_Foraged": "àұÍħ¹ʱÍ¹ĉ¹؛Í {2} чÍ˓ÍÂчɊ´ÁÒ¨Ò¡̃Ò¹¢Í§ƫáÍΓ à¢ÒºÍ¡˗Òà¢Ò¾ºġ¹˴ÇÂĕÇàÍ§ µÍ¹чà¢ÒıÒĥ§ŚÒÃÇ¨ɰà¢Ò ĉ¹äˑړÁÒʱÍ¹àÅÂ˗ÒƫáÍΓ ¨Ðàʛ¹ę¡àŴ¹ˋÒчƱ¾ÃÊÇÃÃʹ¢¹Ò´Թ¹ !",
        "PurchasedItem_Teen": "à̎ ĉ¹؛Í {2} ÁÒ¨Ò¡̃Ò¹¢ÒÂ¢Í§àұÍǴ¹ áˑ¢Í§ĉ¹ÍÂÒ¡ä˴ÍÐäÃ ċ¡Í˒Ò§чàËÁÒÐ¨Ðàʛ¹رÍϔÒ",
        "PurchasedItem_Abigail_QualityLow": "à̎ ¾Ç¡àÃÒš¹ {2} ¾Ç¡Թ¹чà¸Í¢ÒÂ ã̋āº̃Ò¹¢Í§àÃÒàʛ¹ ÍÒËÒÃϔÒàұÍǴ¹... ĉ¹Ť´˗Òġ¹àУÁч¨ÐäˑʴÍÂ Ƥá̅Ç˕ÐáÅÐˎÍ¢Í§ĉ¹ʁ·¹äˑä˴ ¨¹˵Í§àÍÒġ¹ä»âÂ¹֗§$h#$b#á˒¨ƃ§æ ġ¹ÃÊªÒŵàËȑÍ¹āº {3}$s",
        "PurchasedItem_Abigail_QualityHigh": "à̎ ¾Ç¡àÃÒš¹ {2} ¾Ç¡Թ¹чà¸Í¢ÒÂ ã̋āº̃Ò¹¢Í§àÃÒàʛ¹ ÍÒËÒÃϔÒàұÍǴ¹... ĉ¹Ť´˗Òġ¹àУÁч¨ÐäˑʴÍÂ Ƥá̅Ç˕ÐáÅÐˎÍ¢Í§ĉ¹ʁ·¹äˑ ä˴¨¹˵Í§àÍÒġ¹ä»âÂ¹֗§$h#$b#á˅ǖ§Í˒Ò§Թ¹ġ¹ʁĢ§ƤÍԒ¹Ð",
        "PurchasedItem_Caroline_QualityLow": "â̍ @... щġ¹ˉÒÍÒÂĈ§ ĉ¹àÍÒ {2} чà¸Í¢ÒÂã̋¾Ç¡àÃÒ ä»ã˚ã¹Ė§Ëġ¡ݾÂ$s#$b#µÍ¹׉¡Х¹¢Í§ȷ¡Í˒Ò§ ġ¹ÊÂÍ§ä»ËÁ´àÅÂ à¸Íä»ËÒ¢Í§֊¹Թ¹ÁÒ¨Ò¡äË¹¹Ð?",
        "PurchasedItem_Caroline_QualityHigh": "â̍ @... щġ¹ˉÒÍÒÂĈ§ ĉ¹àÍÒ {2} чà¸Í¢ÒÂã̋¾Ç¡àÃÒ ä»ã˚ã¹Ė§Ëġ¡ݾÂ$s#$b#á˅˶ÒÁÍ§ã¹áʷƤ ¾Ç¡Ë¹Í¹ģ¡ġ¹ÁÒ¡àÅÂ¹Ð! ġ¹äˑà¤ÂɤƱ¤ÇÒÁɊ¢ä»ÁÒ¡¡˗Ò׉àÅÂ!",
        "PurchasedItem_Pierre_QualityLow": "à̎ ĸÒ {2} чà¸ÍºÍ¡ĉ¹àұÍħ¹ʱÍ¹ä˴ՁÂ? Ɋ´˷ÒÂĉ¹ʁàÍÒġ¹ä»ŇÒàʛ¹ àÁɩžàÈÉŚÒËģºرÍϔÒ ã̋āº¤ÃÍº¤ģÇ¢Í§ĉ¹˕Ð#$b#ĉ¹ɮ´äˑä˴˗Òġ¹àʛ¹чҚ¹ªÍº...$s#$b#...àÍÒ˕Ð... ¡ĥºä»ŇÒȸÃš¨Ɗ¹Ð ػÁ?",
        "PurchasedItem_Pierre_QualityHigh": "à̎ ĸÒ {2} чà¸Í¢ÒÂã̋ĉ¹àұÍħ¹ʱÍ¹ä˴ՁÂ? Ɋ´˷ÒÂĉ¹ʁàÍÒġ¹ä»ŇÒàʛ¹ àÁɩžàÈÉŚÒËģºرÍϔÒ ã̋āº¤ÃÍº¤ģÇ¢Í§ĉ¹˕Ð#$b#ÀÃÃÂÒ¢Í§ĉ¹ģ¡ġ¹àÅÂ˕Ð!... áÅÐá́¡ÃÐη§áʭº׊ʁàУÁ¨Ð àˢÒä»ã¹àȑÍ§àҮÍġ¹Ëĥ§¨Ò¡ч ĉ¹ã˚Ъ§˅Ò§æÅ§ä»ã¹«ÍÊÎÍÂū¹$h#$b#...àÍÒ˕Ð... ¡ĥºä»ŇÒȸÃš¨Ɗ¹Ð ػÁ?",
        "PurchasedItem_Haley": "àÍƁƵ¾ÂÒÂÒÁʺÇÂĉ¹ {1} {2} ŚÒËģºرÍϔÒã¹ȷ¡æ Ǵ¹...ĉ¹âÂ¹ġ¹֗§µÍ¹чà¸ÍÁÍ§ä»·Ò§ҽ¹#$e#ĉ¹äˑªÍºÍÒËÒÃɊ¢ÀÒ¾...$s",
        "PurchasedItem_Elliott": "àұÍħ¹ʱÍ¹ĉ¹àʫ¹ƫáÍΓƱƊ¹ˤÒãËˑ {2} ! ƇàÈÉÁÒ¡ ġ¹Ʊ¡Х¹ËÍÁчÊÁɪÃ΃áºº...áÅÐÊ´ãËˑÁÒ¡˴ÇÂ!",
        "PurchasedItem_Alex": "à̎ àұÍǴ¹׉ĉ¹؛Í {1} {2} ÁÒ¨Ò¡̃Ò¹ˤÒ Ȥ³ÂÒÂŇÒá¤Êà«ÍâÃÅ ɺµÃžàÈÉ¢Í§ÂÒÂ...",
        "PurchasedItem_Leah": "àұÍħ¹ʱÍ¹ĉ¹؛Í {1} {2} ÁÒ¨Ò¡̃Ò¹¢Í§ƫáÍΓ ġ¹àˢÒā¹Í˒Ò§ÊÁɪÃ΃áºº āºĜ¡ÃÍ§¨Ò¹áÅÐàˢÒā¹ä˴Ƥ āº«ÍÊƇ¹à¡Ã·ɺµÃ 'žàÈÉ' ¢Í§ĉ¹",
        "PurchasedItem_1_QualityHigh_Willy": "à̎ {0}#$b# àұÍħ¹ʱÍ¹ĉ¹áÇÐä»ч ̃Ò¹¢Í§ƇÅѕá̅Çʁ؛Í {1} {2} ÁÒ˴ÇÂ ĉ¹äˑà¤Âàʫ¹ĕÇчÊ´ ¢¹Ò´׉ÁÒʱÍ¹àÅÂ!#$b#ĉ¹ʁàÅÂàÍÒġ¹ä»ŇÒ àʛ¹ÍÒËÒÃàʢ¹àұÍǴ¹׉ á̅Çġ¹ʁŇÒã̋¡Х¹¢Í§ {3} ٟ§àʕÁ˺Ò¹¢Í§ĉ¹àÅÂ ġ¹àʛ¹чҚ¹ªÍºàÅÂáËÅÐ!$h#$b#à¢ÒºÍ¡ĉ¹˗Òà¸ÍĈºġ¹àÍ§àÅÂ... ĉ¹»ÃÐėºã¨ÁÒ¡!#$e# Ģ§ä§ʁµÒÁ...",
        "PurchasedItem_1_QualityLow_Willy": "à̎ {0}#$b#àұÍħ¹ʱÍ¹ĉ¹áÇÐä»ч ̃Ò¹¢Í§ƇÅѕá̅Çʁ؛Í{1} {2} à¢ÒºÍ¡ĉ¹˗Òà¸ÍĈºġ¹àÍ§àÅÂ!#$b#àұÍǴ¹׉ĉ¹àÍÒġ¹ä»ŇÒàʛ¹رÍϔÒ áÅÐ à̍Í... ġ¹ŇÒã̋˺Ò¹¢Í§ĉ¹ àʕÁä»˴ÇÂ¡Х¹¢Í§ {3} ĉ¹äˑړá́¡ÃÐη§˗Òà¸Íä»ËÒ ¢Í§áººԹ¹ÁÒ¨Ò¡äË¹...$s#$e#Ģ§ä§ʁµÒÁ...",
        "PurchasedItem_2_QualityHigh_Willy": "ÊħÊƤ... àұÍħ¹ʱÍ¹à¸Íä˴¢ÒÂ {1} {2} ã̋āº̃Ò¹¢ÒÂɍ»¡Ã΃µ¡»ÅÒǣà»˕Ò? ĉ¹Ť´˗Òĉ¹؛Íġ¹ÁÒ¹Ð... #$e#ġ¹àʛ¹¢Í§чʴÍ¹ˢÒ§ ¨ÐƱȤ³ÀÒ¾àђÂÁàÅÂ˕Ð ĉ¹»ÃÐėºã¨ÁÒ¡",
        "PurchasedItem_2_QualityHigh_Jodi_Willy": "ÊħÊƤ... àұÍħ¹ʱÍ¹à¸Íä˴¢ÒÂ {1} {2} ã̋āº̃Ò¹¢ÒÂɍ»¡Ã΃µ¡»ÅÒǣà»˕Ò? ĉ¹Ť´˗Òĉ¹؛Íġ¹ÁÒ¹Ð... #$e#ġ¹àʛ¹¢Í§чʴÍ¹ˢÒ§ ¨ÐƱȤ³ÀÒ¾àђÂÁàÅÂ˕Ð àةÍáˉ¹ÁÒ¡àÅÂ",
        "PurchasedItem_2_QualityLow_Willy": "ÊħÊƤ... àұÍħ¹ʱÍ¹à¸Íä˴¢ÒÂ {1} {2} ã̋āº̃Ò¹¢ÒÂ¢Í§ǣà»˕Ò? ĉ¹Ť´˗Òĉ¹؛Íġ¹ÁÒ¹Ð...#$e#ġ¹Ʊ¡Х¹àËȑÍ¹āº¾Ç¡»ÅÒ á˅ʁâÍà¤¹Ð",
        "PurchasedItem_3_QualityLow_Rude_Willy": "àұÍǴ¹ĉ¹ä»؛Í¢Í§ á̅Çʁ؛Í {1} {2} ¡ĥºÁÒ¨Ò¡ 'ĊÁĚ¤àʁµ (chum-bucket)' ġ¹Å´ÃÒ¤ÒàËȕÍáʴ {3}g #$e# ġ¹ʁǴÍ {4}! äˑá»Å¡ã¨àÅÂчƇÅѕàǱÍº¨ÐàÍÒ {5} ä»á¨¡¿Ƴ...",
        "PurchasedItem_3_QualityHigh_Rude_Willy": "àұÍǴ¹ĉ¹ä»؛Í¢Í§ á̅Çʁ؛Í {1} {2} ¡ĥºÁÒ ġ¹Å´ÃÒ¤ÒàËȕÍáʴ {3}g àÍ§#$e# ġ¹àʛ¹ {4} чàђÂÁ¨ƃ§æ",
        "PurchasedItem_3_NonRude_Willy": "àұÍǴ¹ĉ¹ä»؛Í¢Í§ á̅Çʁ؛Í {1} {2} ¡ĥºÁÒ ġ¹Å´ÃÒ¤ÒàËȕÍáʴ {3}g àÍ§#$e#ÃÒ¤ÒƤ¢¹Ò´׉ ĉ¹»˕ÍÂˌÒ¹ä»äˑä˴ËÃÍ¡",
        "PurchasedItem_4_Willy": "àұÍħ¹ʱÍ¹ ĉ¹ä»ч̃Ò¹¢Í§ƇÅѕà¢ÒàÍÒ {1} {2} чà¸ÍàÍÒä»ã̋à¢ÒÍÍ¡ÁÒã̋ĉ¹ɤ #$e#ĉ¹àÍÒġ¹ä»ŇÒàʛ¹ÍÒËÒÃàʢ¹ àŵÁÁÐ¹ÒÇÅ§ä»á̅Çʁ š¹āºˢÒÇžÃÒ¿äÃͻ àђÂÁàÅÂ˕Ð!$h",
        "PurchasedItem_Pierre_QualityLow_Willy": "ÍÐÎÍÂ... Ȥ³ĸÒ {2} чȤ³¢ÒÂã̋¼ÁàұÍħ¹ʱÍ¹ä˴ՁÂ? ι¹áËÅÐ àұÍǴ¹¼ÁàÍÒġ¹ä»·Í´ āº¡ÃÐ·Ðã¹¡ÃÐˇÍÁ¢Í§¼Á...#$b#ġ¹àʛ¹»ÅÒчàةÍàËȑÍ¹ á˻§чɊ´Ե§á˅¼Áà¤Âš¹ÁÒàÅÂ...$s",
        "PurchasedItem_Pierre_QualityHigh_Willy": "ÍÐÎÍÂ! Ȥ³ĸÒ {2} чȤ³àÍÒÁÒàұÍħ¹ʱÍ¹ä˴ՁÂ?ι¹áËÅÐ àұÍǴ¹¼ÁàÍÒġ¹ä»·Í´ āº¡ÃÐ·Ðã¹¡ÃÐˇÍÁ¢Í§¼Á...#$b#ġ¹àʛ¹»ÅÒчàђÂÁчɊ´àˇÒч ¼Áà¤Âš¹ÁÒԵ§á˅àʥ¡¨¹âµ!$h",
        "Town_DumpsterDiveComment_Child": "à˝Í...Ȥ³ıÒĥ§ŇÒÍÐäÃ?$s",
        "Town_DumpsterDiveComment_Linus": "ıÒĥ§ËÒÍÐäÃàËÃÍ?$h",
        "Town_DumpsterDiveComment_Teen": "ȝÁ....ŇÒäÁȤ³ǖ§لÂ¢ÂÐ˕Ð?$s",
        "Town_DumpsterDiveComment_Adult": "à̎ Ëɂ´¹Ð! ...ג!$s",
        "SkullCavern_100_event": "clubloop/-100 -100/farmer 6 6 2 MrQi 10 7 0/specificTemporarySprite qiCave/removeQuest 30/viewport 10 7 true/pause 3500/speak MrQi \"àђÂÁ àђÂÁÁÒ¡ àђÂÁÂÍ´ÁÒ¡... Ȥ³ŇÒġ¹ŚÒàʣ¨\"/pause 500/playSound boop/faceDirection MrQi 3 true/pause 50/faceDirection MrQi 2/pause 100/playSound boop/animate MrQi false false 100 0 1 2 3 3 3 2 1 0/pause 1500/speak MrQi \"Ƨ׉àˢÒÁÒã¡̅æËˉÍÂ... äˑ˵Í§ÍÒÂ\"/emote farmer 40/playSound boop/pause 500/move farmer 0 4 1/move farmer 4 0 0/pause 500/stopJittering/speak MrQi \"ĉ¹ä˴Ƃ¹ÁÒ˗Ò ħ¹׉à¸Í¾ÂÒÂÒÁ ¨ÐÅ§ã̋ǥ¡Å§ä»ã¹զÒ׉...#$b#ĉ¹àÅÂ˵Í§ÁÒɤ ˴ÇÂĕÇàÍ§ċ¡ËˉÍÂ!\"/animate MrQi false false 100 0 1 2 3 3 3 2 1 2 3 3 3 2 1 0/pause 1000/playSound boop/pause 1000/speak MrQi \"ˉÒ»ÃÐėºã¨... ˉÒ»ÃÐėºã¨ÁÒ¡ ¡ÒÃ¨ÐÅ§ÁÒ¨¹ǖ§чщä˴ ˵Í§ƱƭȑÍƧàƤÂÇ!#$b#...ǖ§á́˗Òà¸Í¨ÐỄÒ§Ě¹ä´ àҮÍˢÒÁä»ËÅÒÂԪ¹àÅÂʁµÒÁ ©ÅÒ´Ƥщ á˅ʁáˉÅÐ˗Òġ¹äˑʴÍÂ¨Ð ƱàƑÂÃŵċ¡àˇÒäË˓$1#$b#ǖ§Í˒Ò§Թ¹ʁµÒÁ ¡ÒÃȢ´Ƌ¹¾Ç¡Թ¹¨Ð˵Í§ àʛ¹§Ò¹чËę¡ÁÒ¡áˉæáÅÐ ¡ÒÃӗÁà·ι¹ ʁÊÁ¤ÇÃä˴ģº¡ÒÃªÁàªÂ Ȥ³àʛ¹¤¹žàÈÉ àʔ¡˹ÍÂ\"/pause 500/speak MrQi \"µÍ¹׉... ä»чḁ̂ÐáÅÐҤÁ¹ÁžàÈÉ ч¼ÁàµƳÂÁàÍÒä̇ã̋Ȥ³«Ð\"/pause 500/move farmer 3 0 0/move farmer 0 -1 0/emote farmer 8/speak MrQi \"ġ¹ɦ¡àƳÂ¡˗Ò 'թÒ¹ÁɗƍƃàƤÂÁ'... Ëѹ§ǭ¡ãËʽàҮÍɊ¢ÀÒ¾á̅Ç Ȥ³¨Ðáʂ§á¡˓§ÁÒ¡ע¹\"/pause 1000/faceDirection farmer 2 true/specificTemporarySprite removeSprite 803/farmerEat 803/awardFestivalPrize qimilk/pause 2000/message \"ÃÊªÒŵġ¹á˒ÁÒ¡ á̅ÇÃÊĪÁĜÊʁ á˒¡˗ÒÃÊªÒŵ«Ðƽ¡\"/pause 100/pause 500/jump farmer/playSound reward/message \"... á˅ʴÒ¾ĥ§ƚƇµ¢Í§Ȥ³ àОÁע¹Í˒Ò§¶ÒÇÃ 25 ¾ÍÂ·!\"/pause 1000/fade/viewport -1000 -1000/pause 500/playSound boop/speak MrQi \"¢Íã̋ÍÍ¡ä»¾ºà¨Íāºâª¤Ƥ¹Ð àʔ¡˹ÍÂ\"/pause 500/playSound boop/end",
        "SkullCavern_100_event_honorable": "clubloop/-100 -100/farmer 6 6 2 MrQi 10 7 0/specificTemporarySprite qiCave/removeQuest 30/viewport 10 7 true/pause 3500/speak MrQi \"àђÂÁ àђÂÁÁÒ¡ àђÂÁÂÍ´ÁÒ¡... Ȥ³ŇÒġ¹ŚÒàʣ¨\"/pause 500/playSound boop/faceDirection MrQi 3 true/pause 50/faceDirection MrQi 2/pause 100/playSound boop/animate MrQi false false 100 0 1 2 3 3 3 2 1 0/pause 1500/speak MrQi \"Ƨ׉àˢÒÁÒã¡̅æËˉÍÂ... äˑ˵Í§ÍÒÂ\"/emote farmer 40/playSound boop/pause 500/move farmer 0 4 1/move farmer 4 0 0/pause 500/stopJittering/speak MrQi \"ĉ¹ä˴Ƃ¹ÁÒ˗Ò ħ¹׉à¸Í¾ÂÒÂÒÁ ¨ÐÅ§ã̋ǥ¡Å§ä»ã¹զÒ׉...#$b#ĉ¹àÅÂ˵Í§ÁÒɤ ˴ÇÂĕÇàÍ§ċ¡ËˉÍÂ!\"/animate MrQi false false 100 0 1 2 3 3 3 2 1 2 3 3 3 2 1 0/pause 1000/playSound boop/pause 1000/speak MrQi \"ˉÒ»ÃÐėºã¨... ˉÒ»ÃÐėºã¨ÁÒ¡ à¸ÍˌÒ¹¡ÒÃ·´ÊÍº¢Í§ĉ¹ ä˴Í˒Ò§ÂÍ´àђÂÁ àʔ¡˹ÍÂ#$b#ĉ¹ړǪ¡Ƃ¹ƤÁÒ¡чà¸Í˷Ò·ÒÂ ĕÇàÍ§áÅÐÅ§ÁÒÍ˒Ò§ƱàƑÂÃŵ á·¹ч¨ÐˢÒÁºÒ§Ԫ¹ ä»˴ÇÂ¡ÒÃỄÒ§Ě¹ä´#$b#ġ¹áÊ´§ã̋àʫ¹˗ÒȤ³àʛ¹¤¹¨ƃ§ àʔ¡˹ÍÂ Ȥ³àʛ¹¤¹ƱËĥ¡à¡³΁#$b#Ȥ³àˢÒã¨ǖ§¤ÇÒÁŚÒĄ­ ¢Í§¡ÒÃ˷Ò·ÒÂĕÇàÍ§áÅÐ ģ¡ÉÒĕÇàÍ§ä̇ã¹ÁÒµÃ°Ò¹чɺ§ ǖ§á́˗Ò¨ÐäˑƱã¤Ã¤ÍÂ ĈºµÒÁÍ§Ȥ³ÍԒʁµÒÁ#$b#ι¹ʁǴÍàËȵ¼Å˗Ò ŇÒäÁȤ³ǖ§àʛ¹¤¹žàÈÉ àʔ¡˹ÍÂ... àʫ¹ՁÂ? Ȥ³ÊÍ¹â´Â¡ÒÃáÊ´§àʛ¹ĕÇÍ˒Ò§ ¼ÁªÍºġ¹ÁÒ¡àÅÂ˕Ð\"/pause 500/speak MrQi \"µÍ¹׉... ä»чḁ̂ÐáÅÐҤÁ¹ÁžàÈÉ ч¼ÁàµƳÂÁàÍÒä̇ã̋Ȥ³«Ð\"/pause 500/move farmer 3 0 0/move farmer 0 -1 0/emote farmer 8/speak MrQi \"ġ¹ɦ¡àƳÂ¡˗Ò 'թÒ¹ÁɗƍƃàƤÂÁ'... Ëѹ§ǭ¡ãËʽàҮÍɊ¢ÀÒ¾á̅Ç Ȥ³¨Ðáʂ§á¡˓§ÁÒ¡ע¹\"/pause 1000/faceDirection farmer 2 true/specificTemporarySprite removeSprite 803/farmerEat 803/awardFestivalPrize qimilk/pause 2000/message \"ÃÊªÒŵġ¹á˒ÁÒ¡ á̅ÇÃÊĪÁĜÊʁá˒¡˗Ò ÃÊªÒŵ«Ðƽ¡\"/pause 100/pause 500/jump farmer/playSound reward/message \"...á˅ʴÒ¾ĥ§ƚƇµ¢Í§Ȥ³ àОÁע¹Í˒Ò§¶ÒÇÃ 25 ¾ÍÂ·!\"/pause 1000/fade/viewport -1000 -1000/pause 500/playSound boop/speak MrQi \"¢Íã̋ÍÍ¡ä»¾ºà¨Íāºâª¤Ƥ¹Ð àʔ¡˹ÍÂ\"/pause 500/playSound boop/end",
        "Robin_UpgradeConstruction_Festival": "âÍà¤ ĉ¹¨ÐàУÁŇÒ§Ò¹˅ÍàŵÁ {1} ¢Í§à¸Í Ëĥ§¨Ò¡ħ¹¾ӣ§׉¹Ð ʺÇ§à·È¡ÒÅĉ¹¨ÐŻ´ģº§Ò¹àÊÁÍáËÅÐ!$h",
        "Robin_UpgradeConstruction": "âÍà¤ ĉ¹¨ÐàУÁŇÒ§Ò¹˅ÍàŵÁ {1} ¢Í§à¸Í â´ÂàУÁÍ˒Ò§áÃ¡ ħ¹¾ӣ§׉à˪Ò¹Ð!$h",
        "Robin_NewConstruction_Festival": "âÍà¤ ĉ¹¨ÐàУÁỄÒ§ {0} ãËˑ¢Í§à¸Í Ëĥ§¨Ò¡ħ¹¾ӣ§׉¹Ð ʺÇ§à·È¡ÒÅ ĉ¹¨ÐŻ´ģº§Ò¹àÊÁÍáËÅÐ!$h",
        "Robin_NewConstruction": "âÍà¤ ĉ¹¨ÐàУÁỄÒ§ {0} ãËˑ¢Í§à¸Í â´ÂàУÁã¹ħ¹¾ӣ§׉à˪Ò¹Ð!$h",
        "Robin_Instant": "{0} щġ¹ŚÒàʣ¨ɳ»ÍԒá̅Ç äˑ˵Í§àƺÂàÇÅÒỄÒ§! ÊÐ´Ç¡ƤäˑãʺàËÃÍ?$h",
        "Morris_JojaCDConfirm": "ÂÍ´àђÂÁ! àÃÒ¨ÐÍÍ¡ä» ŇÒ§Ò¹ã̋Ǵ¹׉ áÅÐġ¹¨Ð¾̃ÍÁ ŚÒËģºȤ³ ã¹ħ¹¾ӣ§׉",
        "Morris_BuyMovieTheater": "ÍÒ ɵ¡ˤÒ¤¹â»Ã´¢Í§¾Ç¡àÃÒ... ¼ÁƱʲÒÇчˉÒҥ¹à˵¹ÁÒºÍ¡Ȥ³! ŚÒę¡§Ò¹ãËʽâ¨˨ÒÍȹġŵ¡ÒÃʱÍỄÒ§ 'âÍ¡ÒÊá˛§¤ÇÒÁĚ¹àŷ§' á·¹чâ¡Ĕ§Ɗ¹ˤÒã¡̅æщá̅Ç ¾Ç¡àÃÒĢ§¢Ò´áʴę¡Å§ȷ¹ڌƂ¹Ƥ ч¨ÐÊęºÊȹ¹ƇĪÂėÈΉ ¢Í§àÃÒàˇÒԹ¹! Ĕ§Թ¹ ¼ÁʁàÅÂÁÒËÒȤ³â´Âч äˑ˵Í§Ť´ÍÐäÃÁÒ¡àÅÂ Ȥ³ǴÍÊÁÒŪ¡â¨˨Ò чàƺÂÊÅÐáÅÐã¨ƤчɊ´¢Í§àÃÒ#$b#$q -1 -1#àÃÒÊÒÁÒÃ¶ŇÒã̋ġ¹àš´ע¹ä˴ ˴ÇÂàŧ¹ȷ¹ĸÒ˹ÍÂàʥ¡˹ÍÂàˇÒԹ¹... *áʴ¡æ*... 500,000g...$h#$r -1 -1 Yes#ä˴àÅÂ #$r -1 -1 No#äˑƱ·Ò§",
        "Morris_TheaterBought": "¤҃§̅Ò¹...!$2#$b#*ÍÐá˞Á*... ¼ÁËÁÒÂǖ§... àђÂÁä»àÅÂ! ƧÁ§Ò¹ʱÍ¹ỄÒ§â¨˨Ò¢Í§àÃÒ ¨ÐàУÁʱÍỄÒ§ÍÒ¤ÒÃãËˑ ¢Í§àÃÒã¹Ǵ¹׉! ¢ÍºȤ³чÊęºÊȹ¹§Ò¹¢Í§àÃÒ",
        "Morris_NoMoreCD": "ÍÒ! ɵ¡ˤÒ¤¹â»Ã´¢Í§¼Á... ʺÒ§ˉÒàƺÂ´ÒÂ¨ƃ§æчʺÇ§ ׉¼ÁĢ§äˑƱá¼¹¡ÒÃĞ²¹Ò ȪÁª¹àОÁàŵÁ",
        "Island_willy_rescue": "à¸ÍâÍà¤ՁÂ? ĉ¹àʫ¹à¸Íà¡Âע¹ÁÒ ÍԒчªÒÂν§ˉÐ$s^à¸ÍâÍà¤ՁÂ? ĉ¹àʫ¹à¸Íà¡Âע¹ÁÒ ÍԒчªÒÂν§ˉÐ$s#$b#à¸ÍŇÒã̋ĉ¹àʛ¹˛Ç§¹Ð... Ǚ¡˗Ò¨Ðä˴¡ÅÒÂàʛ¹ ¤¹ËÒÂÊÒºɺ­á̅Ç! ÃÐħ§ĕÇ˴ÇÂ¹ÐړՁÂ...$s#$b#чщãʺ˗Ò¨Ð»ÅÍ´ĠÂ ä»àÊÁÍ˕Ð",
        "Island_leo_rescue": "ɤàËȑÍ¹˗ÒȤ³ Ģ§ƱƚƇµÍԒ¹Ð¤ģº$u#$b#àҮÍ¹¢Í§¼Áчàʛ¹¹¡ ÁÍ§àʫ¹Ȥ³àˢÒˉÐ ¼ÁʁàÅÂʺÇÂ¾ÒȤ³ÁÒчщ$s#$b#ʺÇÂÃÐħ§ĕÇ˴ÇÂ¹Ð¤ģº ¼ÁäˑÍÂÒ¡¨ÐÁÒι§ ̃Í§äËƽ¡á̅Ç¹Ð...$s",
        "Birdie0": "äˑŤ´˗Ò¨Ðä˴à¨Íã¤Ã ÁÒº¹à¡ÒÐ׉ƽ¡àƺÂá̅Ç Ƥã¨чàʫ¹à¸ÍÍԒчщ¹Ð!",
        "Birdie1": "à¤ÂƱʲÒÇȕÍ˗Ò àұÍ¹Ò¹ÁÒá̅Çº¹à¡ÒÐ׉ ƱÍÒÃÂ¸ÃÃÁ¢Í§¤¹á¤ÃÐ à¤ÂÍÒĨÂÍԒчщ#$e#à¤ÂàˢÒä»ã¹ɰà¢Òä¿ ËȓÍĢ§˕Ð̻Ð? Ʊá˅«Ò¡à¤ҳÍ§Ĉ¡Ãá»Å¡ æ àʕÁä»ËÁ´àÅÂ...",
        "Birdie2": "˶ÒړǪ¡˷Í§ä̊äˑƤ Ţ§Ī¡֊¹ʺÇÂä˴¹Ð...",
        "Birdie3": "à¤Âä»àʫ¹ÈÒÅà˨Ò »ƃÈ¹Òã¹ˋÒǥ¡ՁÂ? ¡Х¹´Í¡ä́ËÍÁÁÒ¡ æ àÅÂ˕Ð... àʛ¹Ëѹ§ã¹чâ»Ã´¢Í§ĉ¹àÅÂ$h",
        "Birdie4": "رÍà˪Òã¹ȷ¡ æ ħ¹ ĉ¹ġ¡¨Ðš¹àȌÍ¡º´ Ī¡ªÒÁáÅÐթÒÁÐˑÇ§Ԥ¹Ê´ ġ¹ŇÒã̋ĉ¹Ģ§ɤàʔ¡ÍԒ!",
        "Birdie5": "ĉ¹ġ¡¨ÐàŴ¹ä»ªÒÂËÒ´ȷ¡ æ ħ¹ àҮÍɤ˗ÒƱÍÐäÃĞ´ע¹ν§ ÁÒ˺Ò§ËȓÍà»˕Ò Ʊá˅¢Í§á»Å¡ æ àʕÁàÅÂ˕Ð!",
        "Birdie6": "¡ÃÐˇÍÁ¢Í§ĉ¹ÍÒ¨¨Ðàʥ¡ á˅ʁàƮÂ§¾ÍŚÒËģº Ъ§чĉ¹˵Í§¡ÒÃá̅Ç˕Ð áÅÐ¹Í¡¹Í¡àËȉÍ¨Ò¡׉¹Ð ĉ¹ỄÒ§ġ¹àÍ§˴ÇÂ",
        "Birdie12": "*à̎Í*... ¡ÒÃÍԒã¹âÅ¡ãº׉àщÂ ºÒ§Ƨʁäˑړ¹Ð˗ÒЪ§ чàÃÒàȕÍ¡ä»ġ¹ɦ¡ՁÂ$s#$b#¢Íâ·Éчˊ¹ã̋ğ§¹Ðчģ¡ ºÒ§Ƨĉ¹ʁŤ´ä»àҳÍÂáËÅÐ...",
        "Birdie15": "¼Åä́ »ÅÒ ÍÒËÒÃˋÒ... ÍÒËÒÃчƤàÅÂ! ړǪ¡ǖ§Ɋ¢ÀÒ¾ чıÒĥ§ÃÍÍԒàÅÂ",
        "Birdie17": "ÍÒ¡ÒÈÍºӭ¹ áÅÐˉÒģ¡µÅÍ´ƫàÅÂ˕Ð... Ƥ˅Í¡ÃÐɤ¡¡ÃÐàׄÂÇ ¢Í§ĉ¹àƺÂ¡ÃÐäÃщ...",
        "Birdie19": "à¤Âàʫ¹áˇ¹ɪªÒ¡̅ÇÂ àʥ¡ æ ã¹ˋÒ˺Ò§ՁÂ? ˶Òĉ¹Ʊ¡̅ÇÂ˕Ðʁ ¨ÐàÍÒġ¹ä»ÇÒ§á̅Çʁ ÃÍɤ˗Ò¨ÐƱÍÐäÃàš´ע¹... ˞Ò ˞Ò...$h",
        "Birdie22": "ÊħÊƤ˨Ð... ħ¹׉à¸ÍɤÊ´ãÊ áÅÐáʂ§áÃ§ÁÒ¡àÅÂ¹Ð!$h",
        "Birdie23": "ĉ¹ÍԒчщÁÒ¹Ò¹ÁÒ¡ ÁÒ¡¨¹äˑä˴Ƃ¹àƺÂ§ ¢Í§·ÐàÅƽ¡á̅Ç...",
        "Birdie28": "Ǵ¹׉¾ÃÐĈ¹·àʕÁ´Ç§... äˑ˗ÒчˌÒ¹ÁÒ¨Ðàʛ¹Ģ§ä§ ʁ˵Í§ÃÐħ§ĕÇ˴ÇÂ¹Ð... ˇÒ¹ɰµˉÐÍԒäˑɊ¢ËÃÍ¡",
        "Birdie_NoGift": "â̍ äˑ äˑ äˑ... ĉ¹äˑ˵Í§¡ÒÃЪ§¢Í§ ËÃÍ¡¹Ðчģ¡ àʁºàÍÒä̇à¶ÍÐ¹Ð",
        "ProfessorSnail_Hint_828": "§Ò¹ƇĈÂ¢Í§ĉ¹ֺ˗Ò à¤ÂƱ¡ºÊÒÂĞ¹ۨǙ§ ÍÒĨÂÍԒº¹à¡ÒÐ׉ ġ¹ªÍºÍÒĨÂÍԒµÒÁчȑ´ ؚ¹áÅÐƱȎªĞ¹ۨàÂÍÐ æ...",
        "ProfessorSnail_Hint_827": "¹Ò¹ÁÒá̅Ç ˤÒ§¤ÒÇզÒÊÒÂĞ¹ۨ ËÒÂÒ¡ÍÒĨÂÍԒчщ Ëĥ¡°Ò¹ֺã̋àʫ¹˗Ò ¾Ç¡ġ¹·¹¤ÇÒÁ̃Í¹ä˴Ƥ ˉÒÊ¹ã¨Ƥщ?",
        "ProfessorSnail_Hint_826": "țÁÁÁ... ¨ɱ¡¢Í§ĉ¹ºÍ¡˗Ò ¿ÍÊūÅɗ (snake spines) ÍÒ¨¨Ðà¨Íä˴·Ò§ν§ µÐħ¹µ¡¢Í§à¡ÒÐ",
        "ProfessorSnail_Hint_825": "˶Òàʫ¹ÍÐäÃã¹Ŵ¹˕Ðʁ Í˒ÒȕÁȢ´ġ¹¹Ð äˑړËÃÍ¡˗Ò¨ÐƱÍÐäÃ ÍԒˢÒ§ã˵ι¹!",
        "ProfessorSnail_Hint_824": "ʱÍ¹¨ÐÁÒŵ´ÍԒã¹զÒ ĉ¹ŚÒÃÇ¨˓Í§˹àʥ¡ æ ÍԒáËÅÐ Ʊá˅¿ÍÊūÅԷ§Թ¹! ˶Òàʛ¹à¸Í¹Ð ĉ¹¨ÐȷºƋ¹á̅ÇʁËÒġ¹«Ð",
        "ProfessorSnail_Hint_822": "ړՁÂ ĉ¹¾ę¹ä˴àÅÂ˗Ò ˶ÒȤ³ÅÍ§˓Í¹á˓ɤƽ¡Ź´ ÍÒ¨¨Ðà¨ÍÍÐäÃˉÒÊ¹ã¨ äˑä¡Å¨Ò¡áˑթÒʁä˴",
        "ProfessorSnail_Hint_821": "ړàбÂÇāºàҳÍ§µ¡»ÅÒ º¹à¡ÒÐ׉ՁÂ àˇÒчړÁÒ¹Ð»ÅÒº¹à¡ÒÐ׉ ªÍº¡ÃÐɤ¡âºÃÒ³ (Ancient bones) àÍÒÁÒ¡ æ àÅÂ...",
        "ProfessorSnail_Hint_820": "à¤Âà¨ÍÁÐ¾̃ÒÇ ¼Åƺ·Í§º¹à¡ÒÐՁÂ? ġ¹ƱʲÒÇȕÍˉÐ ˗ÒƱ¢Í§ˉÒÊ¹ã¨ÍԒˢÒ§ã¹ ¼Å¢Í§ġ¹àƮÂºä»ËÁ´...",
        "SummitEvent_Intro_Lewis": "̇ÒÇ... ɤƇÇ¾Ç¡׉Ɗ",
        "SummitEvent_Dialogue1_Lewis": "ړՁÂ @... ĉ¹àʛ¹¹ÒÂ¡à·ÈÁ¹µƳ ¢Í§àȑÍ§׉ÁÒ¹Ò¹ÁÒ¡#$b#ڌ¤¹àˢÒÁÒáÅÐ¨Ò¡ä» àÃÒ˅Ò§ʁˌÒ¹ʺÇ§àÇÅÒ чÂÒÇ¹Ò¹áÅÐáÊ¹ŕÒºÒ¡",
        "SummitEvent_Dialogue2_Lewis": "á˅ʁ˵Í§ɮ´˕Ð ˗ÒËÅÒÂƫчä˴àʛ¹ ¹ÒÂ¡à·ÈÁ¹µƳÁÒ׉ äˑƱÍÐäÃŇÒã̋ĉ¹ɰƁã¨ àˇÒчä˴àʫ¹˗Ò %farm ¿ÒΓÁ àŵºâµע¹¨Ò¡ȑÍ¢Í§Ȥ³ˉÐ$h#$b#Ȥ³ä˴¾Ò¿ÒΓÁÁÒä¡Å ¡˗Ò¤ÇÒÁĝ¹¢Í§Ȥ³ԋàƺÂƽ¡#$b#áÅÐƽ¡Í˒Ò§ʁǴÍ Ȥ³ʺÇÂà»ѕÂ¹á»Å§чщ",
        "SummitEvent_Outro_Lewis": "Ȥ³¤§¨ÐäˑړƊ¹Ð á˅ĉ¹Ê¹ã¨áÅÐ˛Ç§àȑÍ§ æ ׉ÁÒ¡¡˗ÒчŤ´ƽ¡ @.#$b#%year ƫчˌÒ¹ÁÒ׉ ʁáÍºā§ÇÅǖ§Í¹Ò¤µ ¢Í§чщÍԒáËÅÐ¹Ð$s#$b#á˅µÍ¹׉¡ĥºړǪ¡ ÊºÒÂã¨ע¹ÁÒàƺÂÍ˒Ò§Թ¹#$b#ã¤Ã¨Ðä»ړ˕Ð˗Ò ªÒÇä˓áÊ¹Ƥ¤¹Ǚ§ ч̂ÒÂàˢÒÁÒԹ¹¨ÐʺÇÂ à»ѕÂ¹á»Å§ȷ¡ æ Í˒Ò§ע¹ÁÒ?$h#$b#...¢ÍºȤ³¹Ð",
        "SummitEvent_Intro_Morris": "ͭÒ @... ɵ¡ˤÒâ¨˨Ò¤¹â»Ã´¢Í§ĉ¹",
        "SummitEvent_Dialogue1_Morris": "ړÍÐäÃՁÂ µÍ¹чĉ¹ɦ¡˚§ÁÒчщ %year ƫʱÍ¹ ĉ¹ȆÍ˗Òàʛ¹Ëѹ§ã¹ ¤ÇÒÁ̅ÁàËÅÇ¢Í§ÍÒƚ¾àÅÂ#$b#ڌĈ´¡ÒÃâ¨˨Ò ˵Í§¡ÅÒÂÁÒàʛ¹ڌĈ´¡ÒÃ ã¹ÊÒ¢Òàʥ¡ æ ã¹àȑÍ§áºº׉àщÂ¹Ð?$h",
        "SummitEvent_Dialogue2_Morris": "á˅ʁ˵Í§ºÍ¡˕Ð¹Ð ˗Òчщàŵºâµע¹ÁÒ¡àÅÂ ŚÒËģºĉ¹ã¹ʺÇ§чˌÒ¹ÁÒ#$b#¡ÒÃŇÒ§Ò¹чщʁŇÒã̋àʫ¹ ÍÐäÃãËˑ æ ã¹ƚƇµàƮÂºàÅÂ ʁȆÍ˗Òàʛ¹»ÃÐÊº¡ÒÃ΃ чɤ¨Ð... âÍà¤ÍԒ˕Ð¹Ð",
        "SummitEvent_Outro_Morris": "ʁáʴÍÂÒ¡¨Ðɮ´˗Ò @... ĉ¹ړǪ¡Ƃ¹Ƥāºȷ¡ æ Ъ§ч¹ÒÂŇÒã̋āº ºƃĩ·¢Í§àÃÒÁÒ¡ æ àÅÂ¹Ð#$b#àÃÒáʂ§á¡˓§ע¹ä˴ ʁà¾ÃÒÐÊÁÒŪ¡ȷ¡ æ ¤¹àÅÂ˕Ð ġ¹ŇÒã̋ĉ¹ɰƁã¨ч¨Ð ŇÒ§Ò¹ã̋āººƃĩ·˅Íä»$h",
        "SummitEvent_Intro_Spouse": "щ @.",
        "SummitEvent_Intro2_Spouse": "ˢÒ§º¹׉щ ÊÇÂĈ§àÅÂ¹Ð...",
        "SummitEvent_Intro2_Spouse_Gruff": "ƇÇÊÇÂƤ¹Ð ̋Ð?",
        "SummitEvent_Dialogue1_Spouse": "ĉ¹áʴŤ´ǖ§àҳÍ§àұÍ %year ƫʱÍ¹ˉÐ...\"/pause 1000/speak spouse \"àÃÒˌÒ¹ÍÐäÃ˴ÇÂā¹ ʁàÂÍÐщãʺՁÂ˕Ð?$h",
        "SummitEvent_Dialogue2_Spouse": "...á˅ɤƊ ˗ÒàÃÒÁÒä˴ä¡Å¢¹Ò´äË¹.",
        "SummitEvent_Dialogue3_Alex": "ã¹чɊ´ĉ¹ʁړá̅Ç ˗ÒĕÇàÍ§ÍÂÒ¡¨Ðàʛ¹ÍÐäÃ... á̅Çʁρ¹ã¨ע¹ÁÒ¡ æ àÅÂ˕ÐàбÂÇāºà̊¹·Ò§ ã¹Í¹Ò¤µ¢Í§ĕÇàÍ§\"/pause 500/speak Alex \"Ť´ÀÒ¾äˑÍÍ¡àÅÂáËÐ ˗Òĉ¹¨ÐÁÒчщĢ§ä§ â´ÂчäˑƱà¸ÍˉÐ @.",
        "SummitEvent_Dialogue3_Sebastian": "ʱÍ¹ч¨ÐÁÒà¨Íà¸Í ĉ¹ã˪àÇÅÒ˚Ç¹ãËʽ ġÇá˅ËƩ¤ÇÒÁ¨ƃ§... à¾ÃÒÐĉ¹Ť´˗Ò¤§¨Ð äˑƱħ¹ä˴à¨Í¤ÇÒÁɊ¢#$b#...á˅µÍ¹׉à¸ÍʁŇÒã̋àʫ¹á̅Ç ˗ÒâÅ¡ʁäˑä˴ã¨̃ÒÂàÊÁÍä»$h\"/faceDirection Sebastian 3/pause 500/speak Sebastian \"...ι¹ʁàʛ¹Ëѹ§ã¹àËȵ¼Å чĉ¹ģ¡à¸Í¹Ð...",
        "SummitEvent_Dialogue3_Sam": "ړǪ¡˗ÒĕÇàÍ§à»ѕÂ¹ä»àÂÍÐ àÅÂ¹ÐËĥ§¨Ò¡ä˴à¨Íà¸Í... ړãʺՁÂ?#$b#...à¸ÍÍÒ¨¨ÐàƳÂ¡ĉ¹˗Ò 'àʔ¡âµàʕÁħÂ'ʁä˴¹Ð... áËÐáËÐ.$10#$b#á˅µÍ¹׉ĉ¹ʁÍԒµÃ§׉ ччŇÒã̋ĉ¹ҥ¹à˵¹ÁÒ¡ ч¨Ðä˴Ť´àҳÍ§¢Í§àÃÒ...$l#$b#ǖ§¨ÐËÁÒÂǖ§àҳÍ§¸ÃÃÁ´Ò æ ʁà¶ÍÐ ...à˝Í ...Í˒Ò§؛Í¢Í§ĺÒ ËȓÍà»ѕÂ¹˼Ò̍ÍÁ ...áËÐ$10",
        "SummitEvent_Dialogue3_Shane": "˶Ò¼Áäˑä˴à¨ÍāºȤ³ @... ¼Á¤§äˑä˴ÁÒȒ¹µÃ§׉#$b#¤§¨ÐˉÒàƺÂ´ÒÂÁÒ¡ æ àÅÂ˕Ð à¾ÃÒÐ¡ÒÃע¹ÁÒɤ¹¡º¹׉ ġ¹ƇàÈÉÁÒ¡àÅÂ!$h\"/emote farmer 16/pause 1000/speak Shane \"... ¼Á... ¼ÁªÍºŇÒĕÇµÅ¡ÍԒˊÍÂ æ ʁà¾ÃÒÐ...ι¹áËÅÐ...$s#$b#¼ÁŤ´˗Ò¡ÒÃäˑŇÒã̋àʛ¹ àҳÍ§ãËʽáÅÐàʁºġ¹ä̇ ¨ÐŇÒã̋¼Áɤäˑ˝Í¹áÍ\"/emote Shane 28/speak Shane \"á˅ȷ¡ æ ħ¹чˌÒ¹ÁÒ àÇÅÒчã˪āºȤ³ŇÒã̋¼ÁړǪ¡ ρ¹ã¨ã¹ĕÇàÍ§ע¹ÁÒ¡#$b#˝Ò... ¼ÁŤ´˗ÒЪ§чĕÇàÍ§ ÍÂÒ¡¨Ðɮ´ʁǴÍ...#$b#¼ÁäˑàƺÂã¨àÅÂ чä˴á˅§§Ò¹āºȤ³!$h",
        "SummitEvent_Dialogue3_Elliott": "àͫ... ġ¹àО§¨ÐàУÁ˵¹àÍ§...$h#$b#àÃÒÁÒǖ§Ȩ´ɺ§Ɋ´ á̅Çʁ¨ƃ§ á˅äˑãʺáʴ¡ÒÂÀÒÂ¹Í¡¹Ð... ˶Ò¨Ðã̋à»ƳÂºàƧÂº¨ƃ§ æ ˕Ðʁ#$b#˺Ò¨ƃ§ à˨Òº·à˨Ò¡ÅÍ¹ÍԒä˴ƊˉÒ!$l",
        "SummitEvent_Dialogue3_Harvey": "µÍ¹чÍԒˢÒ§ æ Ȥ³ ¼Áʁäˑ¡ĥÇч¨Ðµ¡Ë˹Ò¼Ò ËȓÍ¡ÃÐâ´´Å§ä» á̅Çà¨Íâ¢´Ƌ¹ι¹àÅÂ...$l\"/jump Harvey/shake Harvey 1000/pause 1000/speak Harvey \"...$8#$b#¼Á... ¼Áģ¡áÅÐà¤ÒÃ¾Ȥ³ÁÒ¡ æ àÅÂ¹Ð @...$l",
        "SummitEvent_Dialogue3_Abigail": "¡ÒÃä˴Ȓ¹ÁÍ§¢Íº˿Ò ¨Ò¡µÃ§׉щ... ړǪ¡ä˴ǖ§¤ÇÒÁړǪ¡ ¢Í§ĕÇàÍ§ã¹ã¨àÅÂ˕Ð#$b#ĉ¹Ƥã¨чä˴ÍÍ¡ä»¼¨­ĠÂ µÒÁч˅Ò§ æ â´ÂчƱà¸Í˴ÇÂä§˕Ð...$l",
        "SummitEvent_Dialogue3_Emily": "щġ¹ʺÇ§àÇÅÒžàÈÉàÅÂ...#$b#ĉ¹Ť´ÁÒµÅÍ´àÅÂ ˗ÒĪ¡ħ¹Ëѹ§¨Ðä˴ÁÒȒ¹ ÍԒµÃ§׉āºà¸Í ړǪ¡ǖ§ġ¹ä˴ÍԒµÅÍ´ ¨Ò¡ˡ¹׺§¢Í§īÇã¨#$b#µÍ¹׉ġ¹ʁàʛ¹¨ƃ§á̅Ç\"/pause 500/speak Emily \"âÅ¡àÃÒʁáºº׉áËÅÐ¹Ð Է§á»Å¡áÅÐƇàÈÉä»¾̃ÍÁ æ ā¹...$l",
        "SummitEvent_Dialogue3_Haley": "*ĲÒ*... $h\"/faceDirection farmer 1 true/emote farmer 8/pause 1000/speak Haley \"â̽Ð ġ¹ʁáʴԹ¹áËÅÐ...#$b#ã¹°Ò¹Ðàʔ¡ڌËŭ§ ĉ¹ʁĝ¹˗ÒĪ¡ħ¹ ¨Ðä˴¾ºģ¡á˷¾̃ÍÁ æ āºɘºáÃ¡àˢÒàƺÂƧ$l",
        "SummitEvent_Dialogue3_Leah": "ĉ¹Ť´˗ÒàÃÒà¨Íá̅Ç˕Ð Ъ§чµÒÁËÒā¹ÍԒ#$b#ι¹ʁǴÍ¡ÒÃчä˴ÍԒāºà¸Í чщĢ§ä§˕Ð$l",
        "SummitEvent_Dialogue3_Penny": "àÃÒƱ˺Ò¹чÊÇÂ§ÒÁ áÅÐ¤ÃÍº¤ģÇчˉÒģ¡... щǴÍЪ§чĉ¹ĝ¹ǖ§ ÁÒµÅÍ´àÅÂ˕Ð$l",
        "SummitEvent_Dialogue3_Maru": "à¸ÍŇÒÍÐäÃŚÒàʣ¨àÂÍÐÁÒ¡ æ àÅÂ¹ÐԵ§á˅̂ÒÂÁÒщ @ ˉÒàËȕÍàҚÍ¨ƃ§ æ\"/pause 300/faceDirection Maru 3/pause 400/speak Maru \"Ť´˗Ò¤§¨Ð»ÅÍ´ĠÂƤ ˶Ò¨ÐºÍ¡ã̋à¸Í àʛ¹ªÒÇä˓˅Íä»!$h",
        "SummitEvent_closingmessage": "ʺÒ§àʛ¹à̊¹·Ò§ч ÂÒÇ¹Ò¹¾ÍĕÇàÅÂ...",
        "SummitEvent_closingmessage2": "ã¹чɊ´ Ȥ³ʁ˷Ò·ÒÂĕÇàÍ§ŚÒàʣ¨á̅Ç",
        "SummitEvent_closingmessage3": "ÊÁɪÃ΃áººÍÐäÃàʺ¹׉!",
        "SummitEvent_closingmessage4": "àÃÒ¤ÍÂà˽Òɤ ÍԒȷ¡ƭˡÒÇàÅÂ",
        "SummitEvent_closingmessage5": "áÅÐȤ³ʁŇÒã̋àÃÒ ɰƁã¨àÍÒÁÒ¡ æ àÅÂ!"
    }
}
