{
    "header": {
        "target": "w",
        "formatVersion": 5,
        "hidef": true,
        "compressed": 128
    },
    "readers": [
        {
            "type": "Microsoft.Xna.Framework.Content.DictionaryReader`2[[System.String, mscorlib, Version=4.0.0.0, Culture=neutral, PublicKeyToken=b77a5c561934e089],[System.String, mscorlib, Version=4.0.0.0, Culture=neutral, PublicKeyToken=b77a5c561934e089]]",
            "version": 0
        },
        {
            "type": "Microsoft.Xna.Framework.Content.StringReader",
            "version": 0
        }
    ],
    "content": {
        "White Chicken": "1/3/176/174/cluck/8/32/48/32/8/32/48/32/0/false/Coop/16/16/16/16/4/7/null/641/800/äʱƺ¢ÒÇ/à̅Ò",
        "Brown Chicken": "1/3/180/182/cluck/8/32/48/32/8/32/48/32/0/false/Coop/16/16/16/16/7/4/null/641/800/äʱƺթÒµÒÅ/à̅Ò",
        "Blue Chicken": "1/3/176/174/cluck/8/32/48/32/8/32/48/32/0/false/Coop/16/16/16/16/7/4/null/641/800/äʱƺ˿Ò/à̅Ò",
        "Void Chicken": "1/3/305/305/cluck/8/32/48/32/8/32/48/32/0/false/Coop/16/16/16/16/4/4/null/641/800/äʱƺńÒ/à̅Ò",
        "Golden Chicken": "1/3/928/928/cluck/8/32/48/32/8/32/48/32/0/false/Coop/16/16/16/16/7/4/null/641/800/äʱ·Í§ĴÒ/à̅Ò",
        "Duck": "2/5/442/444/Duck/8/32/48/32/8/32/48/32/0/false/Coop/16/16/16/16/3/8/null/642/1200/àʛ´/à̅Ò",
        "Rabbit": "4/6/440/446/rabbit/8/32/48/32/8/32/48/32/0/false/Coop/16/16/16/16/10/5/null/643/8000/¡ÃÐ˅ÒÂ/à̅Ò",
        "Dinosaur": "7/0/107/-1/none/8/32/48/32/8/32/48/32/0/false/Coop/16/16/16/16/1/8/null/644/1000/ä´â¹àÊÒΓ/à̅Ò",
        "White Cow": "1/5/184/186/cow/36/64/64/64/36/64/64/64/1/false/Barn/32/32/32/32/15/5/Milk Pail/639/1500/ħÇƺ¢ÒÇ/¤Í¡",
        "Brown Cow": "1/5/184/186/cow/36/64/64/64/36/64/64/64/1/false/Barn/32/32/32/32/15/5/Milk Pail/639/1500/ħÇƺթÒµÒÅ/¤Í¡",
        "Goat": "2/5/436/438/goat/24/64/84/64/24/64/84/64/1/false/Barn/32/32/32/32/10/5/Milk Pail/644/4000/á¾Ð/¤Í¡",
        "Pig": "1/10/430/-1/pig/24/64/84/64/24/64/84/64/1/false/Barn/32/32/32/32/20/5/null/640/16000/Ëɱ/¤Í¡",
        "Hog": "1/5/640/-1/pig/24/64/84/64/24/64/84/64/2/false/Barn/32/32/32/32/20/5/null/640/1500/Ëɱáʱ/¤Í¡",
        "Sheep": "3/4/440/-1/sheep/24/64/84/64/24/64/84/64/1/true/Barn/32/32/32/32/15/5/Shears/644/8000/á¡Ð/¤Í¡",
        "Ostrich": "7/7/289/-1/Ostrich/24/64/84/64/24/64/84/64/0/false/Barn/32/32/32/32/15/5/null/644/16000/¹¡¡ÃÐ¨Í¡à·È/¤Í¡"
    }
}
