{
    "header": {
        "target": "w",
        "formatVersion": 5,
        "hidef": true,
        "compressed": 128
    },
    "readers": [
        {
            "type": "Microsoft.Xna.Framework.Content.DictionaryReader`2[[System.Int32, mscorlib, Version=4.0.0.0, Culture=neutral, PublicKeyToken=b77a5c561934e089],[System.String, mscorlib, Version=4.0.0.0, Culture=neutral, PublicKeyToken=b77a5c561934e089]]",
            "version": 0
        },
        {
            "type": "Microsoft.Xna.Framework.Content.Int32Reader",
            "version": 0
        },
        {
            "type": "Microsoft.Xna.Framework.Content.StringReader",
            "version": 0
        }
    ],
    "content": {
        "0": "Cowboy Hat/(ËÁÇ¡¤ÒÇºÍÂ) Ë¹Ñ§ÁÑ¹à¡èÒ áÅÐáµ¡ÅÒÂ áµèá»Å¡·ÕèÍèÍ¹¹ØèÁ ÁÑ¹ÁÕ¡ÅÔè¹àËÁç¹ÍÑº´éÇÂ/false/true",
        "1": "Bowler Hat/(ËÁÇ¡¡ÅÁ·Ã§ÊÙ§) ÊÃéÒ§¨Ò¡¤ÇÒÁÃÙéÊÖ¡àÃÕÂº§èÒÂ/false/true",
        "2": "Top Hat/(ËÁÇ¡·Ã§ÊÙ§) ËÁÇ¡¤ÅÒÊÊÔ¤¢Í§ÊØÀÒ¾ºØÃØÉ/false/true",
        "3": "Sombrero/(ËÁÇ¡»Õ¡¡ÇéÒ§) ËÁÇ¡·Õè¶Ù¡ÊÒ¹¨Ò¡¿Ò§ àËÁÒÐÊÓËÃÑº§Ò¹Ã×è¹àÃÔ§/false/true",
        "4": "Straw Hat/(ËÁÇ¡¿Ò§) àºÒºÒ§áÅÐ´Ù´Õ ¹ÕèáËÅÐ¤ÇÒÁÊØ¢¢Í§à¡ÉµÃ¡Ã/false/true",
        "5": "Official Cap/(ËÁÇ¡·Ò§¡ÒÃ) ´ÙàËÁ×Í¹ÇèÒÁÑ¹à»ç¹¢Í§ ºØÃØÉä»ÃÉ³ÕÂìËÃ×ÍµÓÃÇ¨ ÂÑ§¤§¤ÇÒÁÅÐàÁÕÂ´ÅÐäÁáÅÐÍÔ·¸Ô¾ÅäÇé/false/true",
        "6": "Blue Bonnet/(ËÁÇ¡ÊµÃÕÊÕ¿éÒ) ÊÔè§àµ×Í¹ã¨ãËé¹Ö¡¶Ö§ ªèÇ§àÇÅÒÍÑ¹àÃÕÂº§èÒÂ ´éÇÂËÁÇ¡ÊµÃÕ¹Õé/false/true",
        "7": "Plum Chapeau/(ËÁÇ¡ÊÕ¾ÅÑÁ) ËÁÇ¡¸ÃÃÁ´Ò äÁèÁÕÍÐäÃ¾ÔàÈÉ/false/true",
        "8": "Skeleton Mask/(Ë¹éÒ¡Ò¡¡ÃÐâËÅ¡) ´Ç§µÒÊÕá´§ àÃ×Í§áÊ§ÍÂèÒ§¹èÒ¾ÔÈÇ§/true/true",
        "9": "Goblin Mask/(Ë¹éÒ¡Ò¡¡ÍºÅÔ¹) á¡Åé§à¾×èÍ¹ºéÒ¹ ´éÇÂË¹éÒ¡Ò¡·Õè¹èÒ¢ÂÐá¢Â§¹Õé ËÙÂÒ§ªèÇÂà¾ÔèÁ¤ÇÒÁ¹èÒµ×è¹àµé¹./true/true",
        "10": "Chicken Mask/(Ë¹éÒ¡Ò¡¡Øê¡ä¡è) á¹èã¨ä´éàÅÂÇèÒË¹éÒ¡Ò¡¹Õé¨Ð·ÓãËéà¢ÒÂÔéÁä´é/true/true",
        "11": "Earmuffs/(·Õè¤ÃÍºËÙ¡Ñ¹Ë¹ÒÇ) ·ÓãËéËÙÍºÍØè¹ ºØ´éÇÂ¼éÒ¡ÓÁÐËÂÕè¨Ò¡»ÃÒÊÒ·/true/false",
        "12": "Delicate Bow/(¡Ôêºà¾ªÃ) ÍÑ­Á³ÕÊÕªÁ¾ÙàÅç¡æ áÇÇÇÒÇàÁ×èÍ¤Ø³¨éÍ§ÁÍ§ÁÑ¹/true/false",
        "13": "Tropiclip/(¡Ôêºµé¹»ÒÅìÁ) ÃÙ»ÃèÒ§ÁÑ¹àËÁ×Í¹ µé¹»ÒÅìÁµé¹àÅç¡æ/true/false",
        "14": "Butterfly Bow/(âºÇì¼ÕàÊ×éÍ) ÊÔè§¹ÕéÁÑ¹àºÒÁÒ¡/true/false",
        "15": "Hunter's Cap/(ËÁÇ¡¹ÒÂ¾ÃÒ¹) ËÁÇ¡·ÕèºØ´éÇÂ¢¹á¡Ð ãËé¤ÇÒÁÍºÍØè¹ àÁ×èÍÊÇÁãÊèà¢éÒä»ã¹»èÒÅÖ¡/false/true",
        "16": "Trucker Hat/(ËÁÇ¡¤¹¢ÑºÃ¶ºÃÃ·Ø¡) µÒ¢èÒÂ´éÒ¹ËÅÑ§ ·ÓãËéÈÕÃÉÐàÂç¹ÊºÒÂ/false/true",
        "17": "Sailor's Cap/(ËÁÇ¡¡ÐÅÒÊÕ) ËÁÇ¡´ÙãËÁè áÅÐà»ç¹·Ò§¡ÒÃ/false/true",
        "18": "Good Ol' Cap/(ËÁÇ¡á¡ê»ãºà¡èÒ) ËÁÇ¡à¡èÒæ »Õ¡ËÁÇ¡Âè¹æ ´ÙàËÁ×Í¹¨Ð¼èÒ¹ ÍÐäÃÁÒàÂÍÐàÅÂ·Õà´ÕÂÇ/false/true",
        "19": "Fedora/(ËÁÇ¡¿Õ´ÍÃÒ) ËÁÇ¡·Ã§ËÃÙ ¢Í§ªÒÇàÁ×Í§/false/true",
        "20": "Cool Cap/(ËÁÇ¡á¡ê»ÊØ´à·è) ´ÙàËÁ×Í¹ÊÕÁÑ¹«Õ´ËÁ´áÅéÇ ÁÑ¹à¤ÂÁÕÊÕ¿éÒÊ´ÁÒ¡èÍ¹/false/true",
        "21": "Lucky Bow/(·Õè¤Ò´¼Á¹Óâª¤) µÃ§¡ÅÒ§¹Ñè¹ ·ÓÁÒ¨Ò¡·Í§¤ÓàªÕÂÇ¹Ð/true/false",
        "22": "Polka Bow/(·Õè¤Ò´¼ÁÅÒÂ¨Ø´) ã¤Ãä´éàËç¹ÊÔè§¹Õé µéÍ§àËÅÕÂÇÁÍ§·Ø¡¤¹/true/false",
        "23": "Gnome's Cap/(ËÁÇ¡¢Í§â¹Á) â¹ÁµÑÇ¹ÕéÁÕËÑÇ·ÕèãË­èÁÒ¡/false/true",
        "24": "Eye Patch/(¼éÒ»Ô´µÒ) äÁèÁÕ·Ò§ºÍ¡ä´éËÃÍ¡ÇèÒ ¹ÕèÁÑ¹¢Í§¨ÃÔ§ ËÃ×Íá¤èà¤Ã×èÍ§»ÃÐ´Ñº ¨Ò¡ÃéÒ¹¤éÒ/true/true",
        "25": "Santa Hat/(ËÁÇ¡«Ò¹µéÒ) ËÁÇ¡à©ÅÔÁ©ÅÍ§ Ä´Ù¡ÒÅÊØ´áÊ¹ÇÔàÈÉ/false/true",
        "26": "Tiara/(ÃÑ´à¡ÅéÒ) à¤Ã×èÍ§»ÃÐ´ÑºÈÕÃÉÐ ·ÕèµÃ§¡ÅÒ§ÁÕÍÑ­Á³ÕÊÕÁèÇ§ ÅéÍÁÃÍºä»´éÇÂ·Í§¤Ó/true/true",
        "27": "Hard Hat/(ËÁÇ¡¹ÔÃÀÑÂ) ËÁÇ¡·Ã§¡ÅÁ ·ÕèªèÇÂ»¡»éÍ§ÈÕÃÉÐ¨Ò¡ÍÑ¹µÃÒÂ/false/true",
        "28": "Sou'wester/(ËÁÇ¡¡Ñ¹½¹) ÃÙ»·Ã§¢Í§ÁÑ¹ªèÇÂãËé¡ÐÅÒÊÕ äÁèà»ÕÂ¡·èÒÁ¡ÅÒ§¾ÒÂØ½¹/false/true",
        "29": "Daisy/(´Í¡à´«Õè) ´Í¡à´«Õè¨Ò¡Ä´ÙãºäÁé¼ÅÔ ·Õè¶Ù¡¹ÓÁÒãªé¡ÅÑ´¼Á/true/false",
        "30": "Watermelon Band/(·Õè¤Ò´¼ÁÊÕáµ§âÁ) ÊÕÊÑ¹¢Í§ÁÑ¹ ä´éÃÑºáÃ§ºÑ¹´ÒÅã¨¨Ò¡ áµ§âÁã¹Ë¹éÒÃéÍ¹/true/false",
        "31": "Mouse Ears/(ËÙË¹Ù) ÁÑ¹·ÓÁÒ¨Ò¡ãÂÊÑ§à¤ÃÒÐËì/true/true",
        "32": "Cat Ears/(ËÙáÁÇ) ÁÕË¹Ç´´éÇÂ¹Ð/true/true",
        "33": "Cowgal Hat/(ËÁÇ¡¤ÒÇà¡ÔÃìÅ) ËÁÇ¡·Õè»ÃÐ´Ñº ä»´éÇÂà¾ªÃ»ÅÍÁ/false/true",
        "34": "Cowpoke Hat/(ËÁÇ¡â¤ºÒÅ) ËÁÇ¡ÊÓËÃÑº ¼ÙéàªÕèÂÇªÒ­àÃ×èÍ§â¤/false/true",
        "35": "Archer's Cap/(ËÁÇ¡¹Ñ¡¸¹Ù) ËÁÇ¡·Õè·Ñ¹ÊÁÑÂ â´ÂäÁèµéÍ§ä»Ê¹ã¨ÇèÒ ¤Ø³à»ç¹¹Ñ¡¸¹ÙËÃ×ÍäÁè/false/true",
        "36": "Panda Hat/(ËÁÇ¡á¾¹´éÒ) ËÁÇ¡á¾¹´éÒ¹èÒÃÑ¡/false/true",
        "37": "Blue Cowboy Hat/(ËÁÇ¡¤ÒÇºÍÂÊÕ¿éÒ) ËÁÇ¡¤ÒÇºÍÂà´¹ÔÁÊÕ¿éÒàÂç¹µÒ/false/true",
        "38": "Red Cowboy Hat/(ËÁÇ¡¤ÒÇºÍÂÊÕá´§) ËÁÇ¡¤ÒÇºÍÂ ·ÕèÊÐ´Ø´µÒã¹Ë¹Ñ§¹ÔèÁÊÕá´§/false/true",
        "39": "Cone Hat/(ËÁÇ¡ÃÙ»¡ÃÇÂ) ¤ÇÒÁÍÂÒ¡ÃÙéÍÂÒ¡àËç¹ ¨Ò¡´Ô¹á´¹·ÕèËèÒ§ä¡Å/false/true",
        "40": "Living Hat/(ËÁÇ¡ÅÔ¿ÇÔè§) ÁÑ¹´Ù´«Ñº¤ÇÒÁª×é¹ ¨Ò¡Ë¹Ñ§ÈÕÃÉÐ¢Í§¤Ø³ä´éàÅÂ äÁè¨Óà»ç¹µéÍ§ãªé¹éÓ!/false/true",
        "41": "Emily's Magic Hat/(ËÁÇ¡ÇÔàÈÉ¢Í§àÍÁÔÅÕè) ·Ó´éÇÂ¤ÇÒÁÃÑ¡â´ÂàÍÁÔÅÕè ÁÑ¹à»ç¹ÊÒÃÍÔ¹·ÃÕÂì 100%!/false/true",
        "42": "Mushroom Cap/(ËÁÇ¡àËç´) ÁÑ¹ÁÕ¡ÅÔè¹àËÁ×Í¹´Ô¹/false/true",
        "43": "Dinosaur Hat/(ËÁÇ¡ä´â¹àÊÒÃì) ËÁÇ¡¡ç´ÙàËÁ×Í¹ ä´â¹àÊÒÃìµÑÇàÅç¡æ/false/true",
        "44": "Totem Mask/(Ë¹éÒ¡Ò¡â·à·çÁ) äÁèµéÍ§¡Ñ§ÇÅ ÁÑ¹¨ÐäÁè·ÓãËéãºË¹éÒ ¢Í§¤Ø³àÊÕÂÃÙ»/true/true",
        "45": "Logo Cap/(ËÁÇ¡âÅâ¡é) ËÁÇ¡ÊÕá´§ ·ÕèÁÕâÅâ¡éÍÂÙè´éÒ¹Ë¹éÒ/false/true",
        "46": "Wearable Dwarf Helm/(ËÁÇ¡¤¹á¤ÃÐ) ËÁÇ¡¹ÔÃÀÑÂÊÓËÃÑº¤¹á¤ÃÐ ·ÕèÁÕ¢¹Ò´ãË­èàÅç¡¹éÍÂ/hide/true",
        "47": "Fashion Hat/(ËÁÇ¡á¿ªÑè¹) ËÁÇ¡á¿ªÑè¹ ·ÕèÁÕ¢¹ã¹»Õ¡/false/true",
        "48": "Pumpkin Mask/(Ë¹éÒ¡Ò¡¿Ñ¡·Í§) ÊÑ¡ÇÑ¹Ë¹Öè§ÁÑ¹¨Ðà»ç¹¿Ñ¡·Í§·ÕèÂÔè§ãË­è.../hide/true",
        "49": "Hair Bone/(áÎÃìâº¹) âºÇì¼Ù¡¼Á ÃØè¹¡èÍ¹»ÃÐÇÑµÔÈÒÊµÃì/true/false",
        "50": "Knight's Helmet/(ËÁÇ¡ÍÑÈÇÔ¹) ÁÑ¹´ÙàËÁ×Í¹¢Í§¨ÃÔ§ÁÒ¡!/hide/true",
        "51": "Squire's Helmet/(ËÁÇ¡µØÅÒ¡ÒÃ) à»Ô´ãºË¹éÒà¾×èÍà¾ÔèÁ ¡ÒÃäËÅ¢Í§ÍÒ¡ÒÈ/hide/true",
        "52": "Spotted Headscarf/(¼éÒ¤ÅØÁÈÕÃÉÐÅÒÂ¨Ø´) ¼éÒ¾Ñ¹¤ÍÅÒÂ¨Ø´ÊÕá´§¼Ù¡ÃÍºÈÕÃÉÐ/hide/true",
        "53": "Beanie/(ËÁÇ¡) ËÁÇ¡·Õè´ÙÍºÍØè¹ÁÕ¢¹Ò´¤èÍ¹¢éÒ§á¹è¹/hide/true",
        "54": "Floppy Beanie/(ËÁÇ¡¿ÅÍ»»Õé) ËÁÇ¡·Õè´ÙÍºÍØè¹·ÕèÁÕÃÙ»·Ã§¾Í´Õ/hide/true",
        "55": "Fishing Hat/(ËÁÇ¡µ¡»ÅÒ) ¢Íº¡ÇéÒ§ªèÇÂãËé¤Ø³ÁÕà§ÒàÁ×èÍ¤Ø³µ¡»ÅÒº¹½Ñè§áÁè¹éÓ/false/true",
        "56": "Blobfish Mask/(Ë¹éÒ¡Ò¡ºÅçÍº¿Ôª) àËÁ×Í¹¿Í§¹éÓ¨ÃÔ§æ !/true/true",
        "57": "Party Hat/(ËÁÇ¡»ÒÃìµÕé) ËÁÇ¡ÊÕá´§ ·Õè·ÓãËé¡ÒÃà©ÅÔÁ©ÅÍ§Ê¹Ø¡ÂÔè§¢Öé¹/false/true",
        "58": "Party Hat/(ËÁÇ¡»ÒÃìµÕé) ËÁÇ¡ÊÕ¿éÒ ·Õè·ÓãËé¡ÒÃà©ÅÔÁ©ÅÍ§Ê¹Ø¡ÂÔè§¢Öé¹/false/true",
        "59": "Party Hat/(ËÁÇ¡»ÒÃìµÕé) ËÁÇ¡ÊÕà¢ÕÂÇ ·Õè·ÓãËé¡ÒÃà©ÅÔÁ©ÅÍ§Ê¹Ø¡ÂÔè§¢Öé¹/false/true",
        "60": "Arcane Hat/(ËÁÇ¡ÍÒÃìà¤¹) ª¹Ô´¢Í§ËÁÇ¡¤ÒÇºÍÂ·Õè¾èÍÁ´ÊÇÁãÊè/false/true",
        "61": "Chef Hat/(ËÁÇ¡àª¿) ËÁÇ¡áºº´Ñé§à´ÔÁ ÊÇÁãÊèâ´ÂËÑÇË¹éÒ¾èÍ¤ÃÑÇ/hide/true",
        "62": "Pirate Hat/(ËÁÇ¡â¨ÃÊÅÑ´) ËÁÇ¡¡Ñ»µÑ¹·ÕèÁÕ¡ÐâËÅ¡ÈÕÃÉÐ ·Õè¹èÒ¡ÅÑÇÍÂÙè´éÒ¹Ë¹éÒ/false/true",
        "63": "Flat Topped Hat/(ËÁÇ¡·Ã§áº¹) ËÁÇ¡áººà¡èÒ·Õè¤ÃÑé§Ë¹Öè§ à¤Â¶×ÍÇèÒ·Ñ¹ÊÁÑÂÁÒ¡/false/true",
        "64": "Elegant Turban/(¼éÒâ¾¡ËÑÇ·ÕèÊ§èÒ§ÒÁ) ¼éÒâ¾¡ËÑÇ¼éÒäËÁÊÕ´Óà¹×éÍ´Õ »ÃÐ´Ñº´éÇÂÊÕ·Í§/false/true",
        "65": "White Turban/(¼éÒâ¾¡ËÑÇÊÕ¢ÒÇ) ¼éÒâ¾¡ËÑÇ¼éÒäËÁÊÕ¢ÒÇÅÐàÍÕÂ´ »ÃÐ´Ñº´éÇÂÊÕ¹éÓà§Ô¹/false/true",
        "66": "Garbage Hat/(ËÁÇ¡¢ÂÐ) ÁÑ¹à»ç¹¢ÂÐ·ÕèÊÒÁÒÃ¶ '¹Ó¡ÅÑºÁÒãªéãËÁè' ã¹ËÁÇ¡.../false/true",
        "67": "Golden Mask/(Ë¹éÒ¡Ò¡·Í§¤Ó) ·ÕèÅÐÅÖ¡¡ÒÃÅÐàÅè¹·ÕèÂÖ´ÁÑè¹ ¢Í§·ÐàÅ·ÃÒÂ¤ÒÅÔâ¡é!/true/true",
        "68": "Propeller Hat/(ËÁÇ¡ãº¾Ñ´) ËÁÇ¡â§èæ ·ÕèÁÕãº¾Ñ´ÍÂÙè´éÒ¹º¹/false/true",
        "69": "Bridal Veil/(¼éÒ¤ÅØÁË¹éÒà¨éÒÊÒÇ) ËÁÇ¡áºº´Ñé§à´ÔÁÊÓËÃÑºà¨éÒÊÒÇ/false/true",
        "70": "Witch Hat/(ËÁÇ¡áÁèÁ´) ËÁÇ¡áËÅÁ·Õèà»ç¹·Õè¹ÔÂÁ ¢Í§áÁèÁ´/false/true",
        "71": "Copper Pan/(¡ÃÐ·Ð·Í§á´§) ¤Ø³ÇÒ§¡ÃÐ·Ð·Í§á´§ º¹ËÑÇ¢Í§¤Ø³.../false/true",
        "72": "Green Turban/(¼éÒâ¾¡ËÑÇÊÕà¢ÕÂÇ) ¼éÒâ¾¡ËÑÇäËÁÊÕà¢ÕÂÇ »ÃÐ´Ñº´éÇÂà¤Ã×èÍ§»ÃÐ´Ñº·Í§´éÒ¹Ë¹éÒ/false/true",
        "73": "Magic Cowboy Hat/(ËÁÇ¡¤ÒÇºÍÂÇÔàÈÉ) ÁÑ¹ÊèÍ§áÊ§´éÇÂ¾ÅÑ§§Ò¹ ¨Ò¡á·è§»ÃÔ«ÖÁ/false/true/Prismatic",
        "74": "Magic Turban/(¼éÒâ¾¡ËÑÇÇÔàÈÉ) ÁÑ¹ÊèÍ§áÊ§´éÇÂ¾ÅÑ§§Ò¹ ¨Ò¡á·è§»ÃÔ«ÖÁ/false/true/Prismatic",
        "75": "Golden Helmet/(ËÁÇ¡·Í§¤Ó) ·ÓÁÒ¨Ò¡ÁÐ¾ÃéÒÇ·Í§¤Ó ¤ÃÖè§Ë¹Öè§/false/true",
        "76": "Deluxe Pirate Hat/(ËÁÇ¡â¨ÃÊÅÑ´ áºº¾ÔàÈÉ)ÁÕáµèâ¨ÃÊÅÑ´á»Å¡ æ à·èÒ¹Ñé¹áËÅÐ ·Õè¨ÐãÊèÍÍ¡ÁÒä´é/false/true",
        "77": "Pink Bow/(âºÇìªÁ¾Ù) à»ç¹âºÇì·ÕèãË­èÍÐäÃ¢¹Ò´¹Õé!/true/false",
        "78": "Frog Hat/(ËÁÇ¡¡º) à¾×èÍ¹ÃÑ¡µÑÇÅ×è¹ ·ÕèÍÒÈÑÂÍÂÙèº¹ËÑÇ¢Í§¤Ø³/hide/true",
        "79": "Small Cap/(ËÁÇ¡ãºàÅç¡) à»ç¹ËÁÇ¡·ÕèÍÍ¡áºº µÒÁËÅÑ¡¤ÇÒÁà»ç¹¨ÃÔ§ ãËéÁÒ¡ÂÔè§¢Öé¹/false/true",
        "80": "Bluebird Mask/(Ë¹éÒ¡Ò¡ºÅÙàºÔÃì´) ãÊèÁÑ¹à¾×èÍ·ÓãËé¤Ø³ àËÁ×Í¹¡Ñº¾èÍ¤éÒ¤¹â»Ã´/hide/true",
        "81": "Deluxe Cowboy Hat/(ËÁÇ¡¤ÒÇºÍÂ áºº¾ÔàÈÉ) ËÁÇ¡¤ÒÇºÍÂ·ÕèÁÕ ÃÙ»·Ã§â´´à´è¹¡ÇèÒà´ÔÁ/false/true",
        "82": "Mr. Qi's Hat/(ËÁÇ¡¢Í§ Mr.Qi) ËÁÇ¡¢Í§ Mr. Qi's ·ÕèªÇ¹ãËé¨´¨Ó/false/true",
        "83": "Dark Cowboy Hat/(ËÁÇ¡¤ÒÇºÍÂ) ËÁÇ¡¤ÒÇºÍÂÊÕ´Ó ·Ñ¹ÊÁÑÂÊØ´ æ/false/true",
        "84": "Radioactive Goggles/(áÇè¹¡ÑÁÁÑ¹µÀÒ¾ÃÑ§ÊÕ) ¶Ö§¨Ðª×èÍ¹Õé¡çà¶ÍÐ áµèÁÑ¹äÁèä´éªèÇÂÍÐäÃàÅÂ/true/true",
        "85": "Swashbuckler Hat/(ËÁÇ¡¹Ñ¡´Òº) ËÁÇ¡¹Ñ¡´Òº ·ÕèÍÍ¡áººÁÒÍÂèÒ§´Õ/false/true",
        "86": "Qi Mask/(Ë¹éÒ¡Ò¡ Qi) ???/hide/true",
        "87": "Star Helmet/(ËÁÇ¡áËè§´Ç§´ÒÇ) ËÁÇ¡ÊÕá´§·ÕèÁÕ´ÒÇÍÂÙè´éÇÂ/false/true",
        "88": "Sunglasses/(áÇè¹¡Ñ¹á´´) ÅØ¤ÊºÒÂ æ àËÁÒÐÊÓËÃÑºÇÑ¹àºÒ æ/true/true",
        "89": "Goggles/(áÇè¹Ë¹ÒàµÍÐ) ÁÑ¹¨ÐªèÇÂ·ÓãËé¤Ø³ ÃÙéÊÖ¡»ÅÍ´ÀÑÂ¢Öé¹ 10 ÃÐ´Ñº/true/true",
        "90": "Forager's Hat/(ËÁÇ¡¹Ñ¡»Åé¹) ¹ÕèáËÅÐ¤ÇÒÁÊØ¢!/false/true",
        "91": "Tiger Hat/(ËÁÇ¡àÊ×Í) Ê§èÒ§ÒÁ´Ñè§àÊ×Í«ÐäÁèÁÕ/hide/true",
        "92": "???/???/hide/true",
        "93": "Warrior Helmet/(ËÁÇ¡¹Ñ¡Ãº) à»Å×Í¡ä¢è¹¡¡ÃÐ¨Í¡à·È ·Õè´Ñ´á»Å§à»ç¹ËÁÇ¡/false/true"
    }
}
