{
    "header": {
        "target": "w",
        "formatVersion": 5,
        "hidef": true,
        "compressed": 128
    },
    "readers": [
        {
            "type": "Microsoft.Xna.Framework.Content.DictionaryReader`2[[System.String, mscorlib, Version=4.0.0.0, Culture=neutral, PublicKeyToken=b77a5c561934e089],[System.String, mscorlib, Version=4.0.0.0, Culture=neutral, PublicKeyToken=b77a5c561934e089]]",
            "version": 0
        },
        {
            "type": "Microsoft.Xna.Framework.Content.StringReader",
            "version": 0
        }
    ],
    "content": {
        "Robin": "ÊħÊƤ!^ĉ¹Ʊä́ÇÒ§ä̇ÃÍºæ àÂÍÐàÅÂ... ĉ¹Ť´˗ÒȤ³ÍÒ¨¨Ðä˴ã˪ġ¹ ģ¡ÉÒĕÇàÍ§˴ÇÂ!  ^   -âÃź¹%item object 388 50 %%[#]¢Í§¢ÇÑ­¨Ò¡âÃºÔ¹",
        "Demetrius": "ÊħÊƤ @^ àұÍħ¹ʱÍ¹ ¼Áä˴Å§ä»ŚÒÃÇ¨ÀÒ¤Ê¹ÒÁÁÒ á̅Çʁà¨ÍĕÇÍ˒Ò§á»Å¡æ ˴ÇÂ˕Ð ^ Ëħ§˗ÒȤ³àÍ§ʁ¨ÐÊ¹ã¨ġ¹àËȑÍ¹¼Á¹Ð     ^   -ŴƱà·ƳÂÊ%item object 392 1 394 1 132 1 66 1 %%[#]¢Í§¢ÇÑ­¨Ò¡´ÔÁÕà·ÃÕÂÊ",
        "Linus": "ÊħÊƤàҮÍ¹ÂÒ¡ ^ʺÇ§׉·ÐàÅÊÒ»º¹ɰà¢Ò ʺÒ§àÁµµÒāº¼Á¨ƃ§æ ¼ÁÍÂÒ¡¨Ðáˊ§âª¤ÅÒÀ׉ã̋Ȥ³˴ÇÂ¹Ð  ^   -ƵęÊ%item object 136 1 143 1 202 1 227 1 228 1 %%[#]¢Í§¢ÇÑ­¨Ò¡ÅÕ¹ÑÊ",
        "Pierre": "àƳÂ¹ˇÒ¹ɵ¡ˤÒڌƱɍ»¡ÒÃÐȤ³ ^¢Í¢ÍºȤ³чä˴ÁÒàђÂÁàƲÂ¹ ̃Ò¹¢Í§ƫáÍΓ! Ъ§чá¹ºÁÒ˴ÇÂǴÍ 'àŧ¹Ǵ¹ (Cash-back) ' ¨Ò¡˚Ç¹Å´àŪ­ãËˑã¹âÍ¡ÒÊË˹Ò! ^   -ƫáÍΓ^  ».Å. ¢ÍÍĠÂËÒ¡ˢÍ¤ÇÒÁ׉ Ãº¡Ç¹ˇÒ¹ @ ¢Íã̋Ʊ¤ÇÒÁɊ¢!%item money 250 601  %%[#]¢Í§¢ÇÑ­¨Ò¡»ÕáÍÃì",
        "Caroline": "ÊħÊƤ @^ щàʛ¹Ĝ¡¨Ò¡ÊÇ¹˹ÍÂæ чĉ¹áÍºŇÒ˕Ð µÍ¹׉Ȥ³ÍÒ¨¨ÐƱĜ¡àÂÍÐ ¨¹äˑړ¨ÐàÍÒä»ŇÒÍÐäÃ á˅ʁ... àÍÒàËÍÐà¹ÍÐ   ^   -á¤âÃäÅΉ%item object 190 1 192 1 24 1 %%[#]¢Í§¢ÇÑ­¨Ò¡á¤âÃäÅ¹ì",
        "George": "à¨ÍƋ¹Ȥ³ÀÒ¾Ƥ˕Ð ^ ºÒ§ƧȤ³ˉÒ¨ÐŉÒġ¹ä»ỄÒ§¢Í§ ËȓÍÍÐäÃŇÒ¹Í§Թ¹ä˴¹Ð  ^   -¨ÍΓ¨%item object 390 35 %%[#]¢Í§¢ÇÑ­¨Ò¡¨ÍÃì¨",
        "Evelyn": "ÊħÊƤ ĉ¹Ëħ§˗Ò¿ÒΓÁ¢Í§à¸Í¤§ä»ä˴Ƥ¹Ð ^ щàʛ¹Ъ§¢Í§àʥ¡˹ÍÂ¨Ò¡ã¹¤ģÇĉ¹ Ëħ§˗Òġ¹¨Ðäˑáµ¡ã¹«Í§«ÐʱÍ¹¹Ð  ^   -àÍàÇÍƅ¹ %item object 216 1 220 1 223 1 %%[#]¢Í§¢ÇÑ­¨Ò¡àÍàÇÍÅÔ¹",
        "Pam": "à̎ ^ ĉ¹à¨Íщã¹֥¹Ċ¡ à¸ÍˉÒ¨ÐÅÍ§àÍÒä»ã˪ɤ¹Ð   ^   -á¾Á%item object 346 1 349 1 787 1 %%[#]¢Í§¢ÇÑ­¨Ò¡á¾Á",
        "Lewis": "@^ Ƥã¨¨ƃ§æчȤ³ä˴̂ÒÂÁÒÍԒчщ ¼Áá¹ºàʊ¤àź¡àŧ¹ÁÒ 500 G ¨Ò¡¡Í§ȷ¹¡ÒÃà¡ÉµÃ ¢Í§ÊµÒΓŴÇáÇÅѕ àҮÍàʛ¹ıÒĥ§ã¨ã¹ ¡ÒÃŇÒ§Ò¹¢Í§Ȥ³ ^ ºÒ§ƧȤ³¤ÇÃ¨Ðä»؛ÍàÁʥ´ÁÒÅÍ§»ɵ¡ɤ¹Ð  ^  ˴ÇÂ¤ÇÒÁ¨ƃ§ã¨ àÅƇÊ%item money 500 501 %%[#]¢Í§¢ÇÑ­¨Ò¡àÅÇÔÊ",
        "Gus": "@!^¹ÒÂ˵Í§àוÂ§ĉ¹Ī¡ËˉÍÂ¹ÐчºÒΓ à˪Ò׉ àˢÒã̘!   ^   -ÊËÒÂ āÊ%item object 224 1 213 1 211 1 207 1 200 1 195 1 198 1 %%[#]¢Í§¢ÇÑ­¨Ò¡¡ÑÊ",
        "Clint": "à˝ÍÍ ÊħÊƤ...     ^ ¢Íâ·ÉƧÅÒÂȑÍĉ¹ġ¹á˒ä»ËˉÍÂ ĉ¹ŇÒáˇ§âÅËÐàËȕÍˉÐ ĉ¹Ť´˗ÒȤ³ˉÒ¨Ð˵Í§¡ÒÃġ¹¹Ð  ^   -¤ƅ¹· ʺÒ§ƥàËʥ¡%item object 334 1 335 1 336 1 %%[#]¢Í§¢ÇÑ­¨Ò¡¤ÅÔ¹·ì",
        "Jodi": "ÊħÊƤ @^ ĉ¹ϊ§ݾÂÁÒÁÒ¡àš¹ä»ˉÐ! ĉ¹¾ę¹ä˴àÅÂ˗ÒȤ³¤§¨Ð ŉÒä»ã˪»ÃÐâÂªΉä˴ ɤáÅĕÇàÍ§Ƥæ¹Ð  ^   -â¨ׄ%item object 368 5 369 5 370 5 %%[#]¢Í§¢ÇÑ­¨Ò¡â¨´Õé",
        "Kent": "ÊħÊƤ @^ à˨Ò׉ġ¹ӝ¹à¡ÒÐÍԒԪ¹à¤ҳÍ§ȑÍˉÐ ¼ÁŤ´˗ÒȤ³¤§¨Ðã˪ġ¹ä˴¹Ð ºÒ§Ƨ  ^   -à¤¹·%item object 286 1 287 1 288 1 787 1 %%[#]¢Í§¢ÇÑ­¨Ò¡à¤¹·ì",
        "Emily": "ä§! ^ àʛ¹Ģ§ä§˺Ò§? Ëħ§˗Ò¹ÒÂ¨ÐªÍº ¢Í§¢ħ­чĉ¹˚§ä»¹Ð... ȝÁ... ̪ÒÂºÒÂ! +   ^   -àÍƁѕ%item object 397 1 428 1 440 1 %%[#]¢Í§¢ÇÑ­¨Ò¡àÍÁÔÅÕè",
        "Marnie": "ÊħÊƤ @^ Ȥ³àʛ¹àҮÍ¹˺Ò¹чƤÁÒ¡ ĉ¹Ť´˗Ò ĉ¹ˉÒ¨Ð˚§ÍÒËÒÃĪµΗä»ã̋ºÒ§˚Ç¹ àҮÍã̋Ȥ³ŇÒ§Ò¹ʷÒÂע¹¹Ð ښæ! ^   -ÁÒƩ%item object 178 30 %%[#]¢Í§¢ÇÑ­¨Ò¡ÁÒ¹Õ",
        "Shane": "à̎ ^¼ÁŤ´˗Òġ¹ˉÒ¨ÐÊȹ¡ ǖ§ä˴˚§¨´ËÁÒÂÁÒã̋ ʁäˑړËÃÍ¡˗Ò¨ÐàƒÂ¹ÍÐäÃ á˅ʁ¹Ð ^à̍Ò Ʊ¢Í§¢ħ­¨Ðã̋˴ÇÂ¹Ð Í˒Òä»ºÍ¡ã¤Ã˕Ð ĉ¹áÍºàÍÒġ¹ÁÒ¨Ò¡¤ĥ§ ¢Í§̃Ò¹â¨˨ÒàұÍ¹Ò¹ÁÒá̅Ç ^âÍà¤ ä̇à¨Íā¹¹Ð  ^   -àª¹%item object 215 1 206 1 %%[#]¢Í§¢ÇÑ­¨Ò¡àª¹",
        "Wizard": "ä§ ¤¹àʱ§ ^ ĉ¹á¹º¢Í§ÁÒã¹á¾¤׉˴ÇÂ ġ¹àʛ¹¤ÇÒÁĥºÁÒ¡¹Ð ã˪Ƥæ˕Ð      ^   -àʭÁ. ÃÒÊâÁàƤÂÊ, ˎÍÁ´%item object 422 1 82 1 84 1 70 1 %%[#]¢Í§¢ÇÑ­¨Ò¡¾èÍÁ´",
        "Sandy": "ÊħÊƤ¨Ò¡·ÐàÅ·ÃÒÂ¤Òƅâˡ! ^ ÁÒËÒËˉÍÂ àҪÍчщÁÒ¡ :( àˢÒÁÒàÍÒ¢Í§чщä˴àÅÂ á̅ÇʁÁÒ¢ÍºȤ³ĉ¹˴ÇÂ˕Ð   ^   -á«¹ׄ%item object 88 1 90 1 218 1 %%[#]¢Í§¢ÇÑ­¨Ò¡á«¹´Õé",
        "afterSamShow": "@ ^ âªΗâ¤µÃʣÍ¤àÅÂ ĉ¹ÍÂÒ¡¨ÐºÍ¡˗Ò ¢ÍºȤ³ƽ¡¤Ճ§ŚÒËģº¤ÇÒÁʺÇÂàËȕÍ ã¹¡ÒÃỄÒ§Ç§´¹µƳчҥ¹µÒҥ¹ã¨׉ àÃÒ¤§ŇÒäˑä˴˶ÒäˑƱȤ³   ^   -á«Á[#]¢éÍ¤ÇÒÁ¢Íº¤Ø³¨Ò¡á«Á",
        "afterArtShow": "ÊħÊƤ @ ^ ĉ¹¢Í¢ÍºȤ³ƽ¡¤Ճ§ч ÁÒ§Ò¹áÊ´§ƈÅ»Ð¢Í§ĉ¹¹Ð ĉ¹Ƥã¨чġ¹ŚÒàʣ¨ ĉ¹¢ÒÂ§Ò¹ƈÅ»Ð¢Í§ĉ¹ àǱÍºËÁ´àÅÂ˕Ð ȷ¡¤¹ªÁĉ¹áÅÐã̋ıÒĥ§ã¨ĉ¹ Ëħ§˗Ò¨Ð¾ºā¹ƽ¡¹Ð  ^   -ƵÍÒ[#]¢éÍ¤ÇÒÁ¢Íº¤Ø³¨Ò¡ÅÕÍÒ",
        "haleyGarden": "@ ^ ĉ¹˗Òġ¹ˉÒÊȹ¡Ƥ¹Ðч àƒÂ¹¨´ËÁÒÂËÒȤ³áºº׉ ^ ĉ¹Êȹ¡ÁÒ¡µÍ¹ÍԒч¤Í¡ħÇàұÍÇÒ¹ˉÐ... ĉ¹àУÁàˢÒã¨˗ÒŇÒäÁȤ³àȕÍ¡ ч¨Ðàʛ¹à¡ÉµÃ¡Ã Ëħ§˗Ò¨Ðà¨Íā¹ƽ¡¹Ð  ^   -àÎƵΒ[#]¢éÍ¤ÇÒÁ¢Í§àÎÅÕÂì",
        "PennyCleanTrailer": "¢Íâ·ÉàбÂÇāº àҳÍ§ч˺Ò¹ĉ¹àұÍÇÒ¹¹Ð... áˑ¢Í§ĉ¹à¸ÍֲâÁâËä»ËˉÍÂˉÐ ^ ȕÁæġ¹ä»à¶ÍÐ  ^   -à¾¹Ʃ[#]¢Íâ·É¢Í§à¾¹¹Õ",
        "Duck": "ÊħÊƤ @ ^ Ȥ³ä˴žɺ¨Ήá̅Ç˗ÒÊÒÁÒÃ¶àוÂ§äʱä˴ à¾ÃÒÐ©ÐԹ¹ ĉ¹ǈ§àУÁ¢ÒÂàʛ´ч̃Ò¹¢Í§ĉ¹á̅Ç!      ^   -ÁÒƩ[#]¨ÓË¹èÒÂà»ç´!",
        "Rabbits": "ÊħÊƤ @ ^ µÍ¹׉ĉ¹Ʊ¡ÃÐ˅ÒÂ¢ÒÂã¹̃Ò¹á̅Ç¹Ð ġ¹¨Ðã̋¢¹әÁæāºà¸Íä˴àÂÍÐàÅÂ       ^   -ÁÒƩ[#]¨ÓË¹èÒÂ¡ÃÐµèÒÂ!",
        "Sheep": "ÊħÊƤ @ ^ Ȥ³ä˴žɺ¨Ήá̅Ç˗ÒÊÒÁÒÃ¶àוÂ§ħÇä˴ ĉ¹àÅÂàУÁ¢ÒÂá¡Ðч̃Ò¹¢Í§ĉ¹á̅Ç¹Ð!       ^   -ÁÒƩ[#]¨ÓË¹èÒÂá¡Ð!",
        "Goats": "ÊħÊƤ @ ^ µÍ¹׉ч̃Ò¹¢Í§ĉ¹Ʊá¾Ð¢ÒÂá̅Ç¹Ð à¸ÍŇÒä˴ƤÁÒ¡æ        ^   -ÁÒƩ[#]¨ÓË¹èÒÂá¾Ð!",
        "Pigs": "ÊħÊƤ @ ^ Ȥ³ÁÒä˴ä¡ÅÁÒ¡àƧÂºāºµÍ¹чÁÒãËˑ ¼ÅʁǴÍĉ¹ĕ´Ɗ¹ã¨àУÁ¢ÒÂËɱч̃Ò¹ ÅÍ§ÁÒɤƊËɱ¾Ç¡׉ġ¹ɦ¡ǝ¡ÁÒ àÍÒä̇ËÒàʫ´·ģ¿àſÅ˕Ð       ^   -ÁÒƩ[#]¨ÓË¹èÒÂËÁÙ!",
        "SeaAmulet": "@ ^ ¼Á¨Ðã̋ĴÒá¹ÐŉÒāºȤ³¹Ð à¾ÃÒÐ¼ÁªÍºȤ³ áÅÐ¼Á˵Í§¡ÒÃã̋Ȥ³ÍԒã¹àȑÍ§ Pelican ˅Í ˶ÒȤ³ÍÂÒ¡¨Ðá˅§§Ò¹ Ȥ³¨Ð˵Í§ã̋ 'ỄÍÂ¹Ò§àǷÍ¡' äˑ˵Í§ā§ÇÅ˗Ò¤¹¨ÐÁÍ§Ģ§ä§ ¤¹ã¹àȑÍ§׉àˢÒã¨Ƥ˗Òġ¹ËÁÒÂǖ§ÍÐäÃ ġ¹àʛ¹»ÃÐà¾ƣàʱÒáʱˉÐ ¢Íã̋âª¤Ƥ! ^   -àÅƇÊ[#]à¡ÕèÂÇ¡ÑºÊÃéÍÂ¹Ò§à§×Í¡",
        "Bouquet": "@ ^ àËȑÍ¹˗ÒȤ³ıÒĥ§ àУÁàˢÒËÒڌ¤¹á̅Ç¹Ð ˶ÒȤ³áÊ´§˗Òģ¡ã¤ÃÅÐʁ ÁÒ؛Í´Í¡ä́ч̃Ò¹ĉ¹Ɗ ÃÒ¤Ò˒ÍÁàÂÒ ɦ¡ã¨ȷ¡¤¹ ˶ÒÍÂÒ¡Ʊ¤ÃÍº¤ģÇÅÐʁ щ˕Ð ˡÒÇáÃ¡! ^   -ƫáÍΓ[#]à¡ÕèÂÇ¡ÑºªèÍ´Í¡äÁé",
        "RobinCooking": "ÊħÊƤ @ ^ щàʛ¹ɺµÃàʱÒáʱ¢Í§Ȥ³˒Òĉ¹àÍ§ ¢Íã̋Í˓ÍÂ¹Ð!   ^   -âÃź¹%item cookingRecipe %%[#]ÊÙµÃÍÒËÒÃ ¢Í§¤ÃÍº¤ÃÑÇâÃºÔ¹",
        "DemetriusCooking": "ÍÂÒ¡ÁÒ¡˕ÒÇ '¢ÍºȤ³' чÊ¹ã¨ã¹§Ò¹¢Í§ĉ¹ щàʛ¹ɺµÃÍÒËÒÃчĉ¹ªÍºˉÐ ^   -ŴƱà·ƳÂÊ%item cookingRecipe %%[#]ÊÙµÃÍÒËÒÃ¢Í§´ÔÁÕà·ÃÕÂÊ",
        "LinusCooking": "@ ^ àʛ¹Í˒Ò§äÃ˺Ò§? ĉ¹ƱɺµÃ¡ÒÃŇÒÍÒËÒÃ àбÂÇāº»ÅÒÁÒã̋ˉÐ ^   -ƵęÊ%item cookingRecipe %%[#]ÊÙµÃÍÒËÒÃ¢Í§ÅÕ¹ÑÊ",
        "PierreCooking": "ĥºɊ´ÂÍ´: ^ щàʛ¹ɺµÃ¡ÒÃŇÒ·ÒΓµºɵàºÍѓ˕Ð Í˒ÒºÍ¡ã¤Ã¹Ð ĉ¹ã̋Ȥ³à¾ÃÒÐ Ȥ³àʛ¹àҮÍ¹чƤÁÒ¡àÅÂ˕Ð ^   -ƫáÍΓ%item cookingRecipe %%[#]·ÒÃìµª×èÍ´Ñ§¢Í§»ÔáÍÃì",
        "CarolineCooking": "ÊħÊƤ @ ^ äˑƱÍÐäÃчˉÒ¾Íã¨ ä»¡˗Ò¡ÒÃŇÒÍÒËÒÃ ˴ÇÂĜ¡Ê´æ¨Ò¡Ĝ¡ч»ɵ¡àÍ§ËÃÍ¡ щá̅Ç ĉ¹ä˴á¹ºɺµÃÍÒËÒÃÁÒã̋á̅Ç¹Ð ɤáÅĕÇàÍ§˴ÇÂ ^   -á¤âÃäÅΉ%item cookingRecipe %%[#]ÊÙµÃÍÒËÒÃ¢Í§á¤âÃäÅ¹ì",
        "GeorgeCooking": "ĉ¹Ť´˗Ò ĉ¹ˉÒ¨Ðã̋ɺµÃ¢Í§ĉ¹ чÇÒ§֗§ä̇á¶Ç׉ Í˒Òà¼Òġ¹˕Ð ^   -¨ÍΓ¨%item cookingRecipe %%[#]ÊÙµÃÍÒËÒÃ¢Í§¨ÍÃì¨",
        "EvelynCooking": "ÊħÊƤ @ ^ ĉ¹ġ¡¨Ðäˑã̋ɺµÃã¤Ã¹Ð á˅Ե§á˅Ȥ³àˢÒÁÒ Ȥ³ʁƤāº¨ÍΓ¨ÁÒµÅÍ´ ĉ¹àÅÂàÍÒÁÒã̋ ^   -àÍÇàÍƅ¹%item cookingRecipe %%[#]ÊÙµÃÍÒËÒÃ¢Í§àÍàÇÍÅÔ¹",
        "PamCooking": "ÊħÊƤ ä̍Ëɩ ^ щàʛ¹ɺµÃ¢¹Áàʥ¡æ чˎÍ¢Í§ĉ¹ à¤ÂŇÒˉÐ ʴÍÂæŇÒ˕Ð ^   -á¾Á%item cookingRecipe %%[#]ÊÙµÃÍÒËÒÃ¢Í§á¾Á",
        "LewisCooking": "@ ^ Í˒ÒȕÁ˗Ò˵Í§š¹ÍÒËÒÃ чƱ»ÃÐâÂªΉËȓÍäˑʁ¨ÐäˑƱ ¾ĥ§§Ò¹ã¹¡ÒÃŇÒ§Ò¹ ã¹ĉ¹ÃÇºÃÇÁɺµÃâ»Ã´ÁÒã̋ ɤã̋Ƥ˕Ð˗Ò ã˪ÁÐàǲÍà·ÈɊ¡ˉÐ! ^   -àÅƇÊ%item cookingRecipe %%[#]ÊÙµÃÍÒËÒÃ¢Í§àÅÇÔÊ",
        "GusCooking": "ÊħÊƤ @ ^ щàʛ¹ɺµÃ¨Ò¡̃Ò¹¢Í§ĉ¹ ĉ¹¨Ðã̋ġ¹āºàҮÍ¹ĉ¹Í˒Ò§àƤÂÇ¹Ð ^   -āÊ%item cookingRecipe %%[#]ÊÙµÃÍÒËÒÃ¢Í§¡ÑÊ",
        "ClintCooking": "à˝Í ĉ¹ړ˗Òĉ¹ƱɺµÃÍÒËÒÃäˑÁÒ¡ ^ ĉ¹¨Ð˚§ã̋Ȥ³ĭ¹Ǚ§ÅÐā¹ ^ ġ¹ˉÒ¨ÐʺÇÂȤ³ã¹¡ÒÃȢ´á˓ ɤáÅĕÇàÍ§Ƥæ˕Ð ^   -¤ƅ¹·%item cookingRecipe %%[#]ÊÙµÃÍÒËÒÃ¢Í§¤ÅÔ¹·ì",
        "JodiCooking": "@ ^ ɺµÃ׉ŇÒã̋ĉ¹ª¹ÐàƅÈ ã¹¡ÒÃáʲ§ŇÒÍÒËÒÃ˕Ð Ëħ§˗ÒȤ³¨ÐªÍºġ¹¹Ð ¢ÍºȤ³чàʛ¹àҮÍ¹ā¹ ^   -â¨ׄ%item cookingRecipe %%[#]ÊÙµÃÍÒËÒÃ¢Í§â¨´Õé",
        "KentCooking": "щàʛ¹ɺµÃÍÒËÒÃ¨Ò¡˅Ò§»ÃÐà·È ^ ÍÂÒ¡ºÍ¡¢ÍºȤ³чŇÒã̋ĉ¹ړǪ¡Ƃ¹Ƥ¹Ð ^^   -à¤¹·%item cookingRecipe %%[#]ÊÙµÃÍÒËÒÃ¢Í§à¤¹·ì",
        "EmilyCooking": "@! ^ ¡ĥºīÇ¨´ËÁÒÂɤƊ ġ¹àʛ¹ɺµÃÍÒËÒÃѫ§Ƥ˅ÍɊ¢ÀÒ¾ÁÒ¡æ˕Ð! ^ ġ¹¨ÐŇÒã̋Ȥ³ړǪ¡ҥ¹ĕÇ á̅Çà¨Íā¹  ^   -àÍƁѕ%item cookingRecipe %%[#]ÊÙµÃÍÒËÒÃà¾×èÍÊØ¢ÀÒ¾ ¢Í§àÍÁÔÅÕè",
        "MarnieCooking": "ǖ§àҮÍ¹˺Ò¹ ^ àұÍĉ¹äˑä˴ɤáÅĪµΗ ĉ¹ʁŇÒÍÒËÒÃ˕Ð ä˴àÇÅÒáˊ§ě¹ɺµÃã̋á̅Ç ^ Ëħ§˗ÒȤ³¨ÐªÍº¹Ð! ^   -ÁÒƩ%item cookingRecipe %%[#]ÊÙµÃÍÒËÒÃ¢Í§ÁÒ¹Õ",
        "ShaneCooking": "@ ^ ĉ¹¾ºщã¹ŹµÂÊÒÃˉÐ áÅÐĉ¹Ť´˗Òġ¹ˉÒÊ¹ã¨Ƥ ĉ¹¨ÐƤã¨ÁÒ¡˶ÒȤ³ã̋ĉ¹ŪÁ àұÍȤ³ŇÒġ¹àÊʣ¨¹Ð ƎƎ ^   -àª¹%item cookingRecipe %%[#]ÊÙµÃÍÒËÒÃ¢Í§àª¹",
        "SandyCooking": "ÊħÊƤ @ ^ ĉ¹àҪÍÁÒ¡ч˵Í§ÍԒчщ ã¹·ÐàÅ·ÃÒÂ àÅÂ˵Í§àƒÂ¹¨´ËÁÒÂÁÒ ĉ¹ƱɺµÃȫ»áÊ¹Í˓ÍÂ á¹ºÁÒ˕Ð  ÁÒàђÂÁā¹˺Ò§¹Ð! ^   -á«¹ׄ%item cookingRecipe %%[#]ÊÙµÃÍÒËÒÃ¢Í§á«¹´Õé",
        "WillyCooking": "ÊħÊƤ @ ^ ĉ¹ÍÂÒ¡áˊ§ɺµÃÍÒËÒÃ¢Í§ˎÍĉ¹ã̋ˉÐ ġ¹˵Í§ã˪»ÅÒÊ´æàˇÒԹ¹¹Ð  ^   -ƇÅѕ%item cookingRecipe %%[#]ÊÙµÃÍÒËÒÃ¢Í§ÇÔÅÅÕè",
        "mom1": "ÊħÊƤ @^ àʛ¹Ģ§ä§˺Ò§ɵ¡ áˑŤ´ǖ§ɵ¡ÁÒ¡Ե§á˅ɵ¡ä»ÍԒι¹ Ëħ§˗ÒƚƇµ¡ÒÃŇÒ¿ÒΓÁ¨Ðàʛ¹ä»˴ÇÂƤ¹Ð ^ ģ¡ áˑ   ^ ».Å. áˑ˚§Ȥ¡ֱ¢Í§â»Ã´ɵ¡ä»ã̋˴ÇÂ¹Ð <%item object 223 1 %%[#]¨Ò¡áÁè",
        "mom2": "\n        ÊħÊƤ @ ^ ¹Ò¹á̅Ç¹ÐԵ§á˅áˑ ä˴Ƃ¹ʲÒÇ¨Ò¡ɵ¡ ºÒ§Ъ§чι¹ÍÒ¨¨ÐŇÒã̋ ɵ¡àËȑÍ¹ä˴¡ĥº˺Ò¹á̅Ç Ť´ǖ§ɵ¡ÁÒ¡æ ^ ģ¡ áˑ ^ ».Å. áˑà¨Í«Í§àŧ¹чԋ֗§ä̇ã̋ˉÐ%item money 500 501 %%[#]¨Ò¡áÁè #2",
        "mom3": "ÊħÊƤ @^ áˑàʫ¹º·¤ÇÒÁч àбÂÇāºɵ¡ã¹Ëę§ȚÍžÁΎ ɤàËȑÍ¹˗ÒƚƇµã¹ª¹º· àËÁÒÐāºɵ¡¹Ð áˑɰƁã¨ã¹ĕÇɵ¡¹Ð ɤáÅĕÇàÍ§Ƥæ ģ¡ áˑ[#]¨Ò¡áÁè #3",
        "mom4": "ǖ§ @^ àʛ¹Í˒Ò§äÃ˺Ò§? ɵ¡¤§ıÒĥ§ỄÒ§ ·ģ¾ΒÊÁĚŵÍԒч¿ÒΓÁ Í˒ÒȕÁáˑáʱæ ¤¹׉¢Í§ɵ¡µÍ¹ч ɵ¡àʛ¹ÁËÒàÈÃÉƠÅÐ! ^  ģ¡ áˑ   ^   ».Å. ·Ò¹àˤ¡ã̋Í˓ÍÂ¹Ð!%item object 221 1 %%[#]¨Ò¡áÁè #4",
        "dad1": "ÊħÊƤ @ ɵ¡ģ¡^  »ģºĕÇàˢÒāºƚƇµãËˑä˴ǣĢ§˕Ð? äˑÍÂÒ¡¨ÐàҚÍàÅÂ˗Ò ɵ¡¨Ðâµàʛ¹ڌãËʽ¢¹Ò´׉á̅Ç.... àÇÅÒʁˌÒ¹ä»àʣÇ¹Ð ¾Íɵ¡ÍÍ¡ä»á̅Ç ˎÍʁƱàŧ¹àËȕÍÍԒàÂÍÐ àÅÂ˚§ÁÒã̋àʛ¹¢Í§¢ħ­àʥ¡æ ˹ÍÂæ ˕Ð¹Ð ^  ˴ÇÂģ¡ ˎÍ%item money 500 501 %%[#]¨Ò¡¾èÍ",
        "dad2": "ǖ§ @ ^ ƇǖƚƇµª¹º·àʛ¹Ģ§ä§ ˺Ò§ŚÒËģºɵ¡˕Ð? чщɤàË§Òæ¾ÍäˑƱɵ¡¹Ð á˅ˎÍʁɰƁã¨ã¹Ъ§чɵ¡ŇÒ ^ ģ¡ ¨Ò¡ˎÍ ^ ».Å. ¾º«Í§¨´ËÁÒÂāºàŧ¹ чԋ֗§ä̇ŚÒËģºɵ¡%item money 500 501 %%[#]¨Ò¡¾èÍ #2",
        "dad3": "ǖ§ @ ^ ˎÍä˴˝Ò¹º·¤ÇÒÁ àбÂÇāºɵ¡ ã¹Ëę§ȚÍžÁΎ˷Í§Ж¹! ˎÍ»ÃÐėºã¨ āº¤ÇÒÁǴºË˹Òã¹¿ÒΓÁÁÒ¡! àʁºщä̇áÅÐˎÍáʱæɊ´чģ¡¢Í§ɵ¡ ÍÒ¨ÍÍ¡¨Ò¡Ě§¡ÐâÅËɳã¹à¡ÒÐàſΓ¹Ëĥ§¨Ò¡׉ ;)  ^ ģ¡ ¨Ò¡ˎÍ[#]¨Ò¡¾èÍ #3",
        "dad4": "ǖ§ @ ^ ˎÍړ˗Òɵ¡ıÒĥ§Ӣ§ÍԒāº¿ÒΓÁ áÅÐι¹ǴÍàËȵ¼Åчɵ¡ÁÒàђÂÁäˑä˴ ˎÍàˢÒã¨ ɵ¡ŇÒ§Ò¹Ëę¡ÁÒ¡... ŇÒ˅Íä»á̅Çɵ¡¨ÐŇÒÍÐäÃ ã̋ŚÒàʣ¨ä˴ȷ¡Í˒Ò§ ^ ģ¡ ¨Ò¡ˎÍ ^ ».Å. ÃÇÁǖ§Ƌ¹Ȥ³ÀÒ¾Ƥщ˴ÇÂ%item object 390 30 %%[#]¨Ò¡¾èÍ #4",
        "newsstory": "ÊħÊƤ @ ^ ġ¹àʛ¹¤ÇÒÁƂ¹Ƥ¢Í§àÃÒÍ˒Ò§Т§ ч¨Ðá˨§ã̋Ȥ³·ÃÒº˗Ò ¿ÒΓÁ¢Í§Ȥ³¨Ðɦ¡ŉÒàÊ¹Í ã¹Ī»´ÒΛĖ´ä»¢Í§¤ÍĥÁΉã¹ ҺÍÊÒ¸ÒÃ³Ð¢Í§ÊµÒΓŴÇáÇÅѕ ¢ÍáÊ´§¤ÇÒÁƂ¹Ƥ àÃÒ»ÃÐėºã¨āº¤ÇÒÁˡÒÇË˹Ò Í˒Ò§ÃÇ´àʣÇ¢Í§Ȥ³ ^   -àÍÊƷƧ[#]¨´ËÁÒÂ¢èÒÇ",
        "pierreBackpack": "(â˦É³Ò)  ^ 'ĉ¹à¨Í¢Í§ƤÁÒ¡æ á˅¡ĥº¾º˗Ò ¡ÃÐà͛ÒäˑƱч¨Ðã˚!' ^^Ȥ³à¤Â»ÃÐÊºě­ËÒ àʺ¹׉ËȓÍäˑ? ŻáÍΓʺÇÂȤ³ä˴! àƮÂ§áÇÐ̃Ò¹¢ÒÂ¢Í§ĺÒ ¢Í§ŻáÍΓħ¹׉ àÃÒ¾̃ÍÁ¢ÒÂ ¡ÃÐà͛Ò¢¹Ò´ 24 ʺÍ§ã̋āºȤ³àÊÁÍ!^ ä̇à¨Íā¹![#]¡ÃÐà»ëÒà»éÊÐ¾ÒÂËÅÑ§ ¨Ò¡»ÔáÍÃì",
        "pierreHours": "(â˦É³Ò)   ^^ ̃Ò¹ˤÒηÇä»¢Í§ƫáÍΓàŻ´ 7 ħ¹˅ÍĪ»´ÒΛá̅Ç![#]»ÔáÍÃì¢ÂÒÂàÇÅÒà»Ô´ÃéÒ¹",
        "robinKitchenLetter": "ǖ§Ȥ³à˨Ò¢Í§¿ÒΓÁ^@ ^^ĉ¹ÍÂÒ¡¢Íâ·Éч̅ÍȤ³àҳÍ§ ¡ÃÐˇÍÁàʱÒæ¢Í§ԋȤ³ µÍ¹чàÃÒà¨Íā¹¤Ճ§áÃ¡ ġ¹àʛ¹˺Ò¹àʥ¡æ чɤƤˉÐ!^^Ģ§ä§«Ð Ȥ³ÍÒ¨˵Í§ã˪خ¹ч ÁÒ¡ע¹ċ¡ħ¹ Թ¹áËÅÐчĉ¹ʺÇÂä˴ ˶ÒȤ³àÍÒħµȶŴºÁÒá̅ÇʸÒÂʴÒ˨Ò§ ĉ¹ÊÒÁÒÃ¶¢ÂÒÂ˺Ò¹Ȥ³ä˴ ^(Ʊ˅ÍË˹ÒĖ´ä») ^^¡ÒÃ¢ÂÒÂԢ¹áÃ¡¢Í§ĉ¹ǴÍ ̋Í§¤ģÇ ˴ÇÂ̋Í§¤ģÇ Ȥ³ÊÒÁÒÃ¶ŇÒÍÒËÒÃµÒÁɺµÃчƱä˴! ^^Í˒Ò§äÃʁµÒÁ Ëħ§˗Ò¤§¨ÐàУÁړǪ¡àËȑÍ¹ ä˴ÍԒ˺Ò¹ã¹ÊµÒΓŴÇáÇÅѕ!^^    ʺÒ§ä́˷Í§Ж¹á¶Ç׉ ^        âÃź¹[#]ºÃÔ¡ÒÃ¨Ò¡âÃºÔ¹",
        "taxPassed": "ǖ§ @^ ÀÒƹ ¡ÒÃĈ´˚§ˌÒ¹á̅Ç â´Âã¹ħ¹׉ ÀÒƹ 3% ¨Ðɦ¡ī¡ÍÍ¡¨Ò¡ıÒäÃ ¡ÒÃĈ´˚§Ɗ¹ˤÒԷ§ËÁ´¢Í§Ȥ³ ¹Í¡¨Ò¡׉ ʴÒ¸ÃÃÁàƩÂÁŚÒËģº ¡ÒÃºƃ¡ÒÃÊÒ¸ÒÃ³ÐĢ§¤§Ʊ¼ÅÍԒ à¨Íā¹ãËˑàʣÇæ׉!! ^   -¹ÒÂ¡à·ÈÁ¹µƳ[#]ÀÒÉÕä´éÃÑº¡ÒÃÍ¹ØÁÑµÔáÅéÇ",
        "taxRejected": "ǖ§ @ ^ ÀÒƹĈ´˚§Թ¹ɦ¡»ůàÊ¸ ıÒäÃ¨Ò¡¡ÒÃĈ´˚§Ɗ¹ˤÒ ¢Í§Ȥ³Ģ§ÍԒàËȑÍ¹àŴÁ ʴÒ¸ÃÃÁàƩÂÁŚÒËģº ¡ÒÃºƃ¡ÒÃÊÒ¸ÒÃ³Ð ¨ÐĢ§¤§àËȑÍ¹àŴÁàʺ¹ā¹ à¨Íā¹ãËˑàʣÇæ ׉  ^   -¹ÒÂ¡à·ÈÁ¹µƳ[#]ÀÒÉÕ¶Ù¡¡ÒÃ»¯ÔàÊ¸",
        "quest10": "@^¼Áä˴Ƃ¹ÁÒ˗Ò Ȥ³ä»ʺÇÂ¤¹ºÒ§¤¹ã¹àȑÍ§ ÁÒá̅ÇËŹ ȷ¡¤¹ړǪ¡¢Íºã¨ÁÒ¡ ¼Áã̋ÃÒ§ħÅȤ³ã¹àȄÍ¹׉˴ÇÂ \"ÃÒ§ħÅàҮÍ¹˺Ò¹Ƥà˄¹\" (ÃÇÁǖ§àŧ¹àʥ¡˹ÍÂ) ŇÒ˅Íä»¹Ð! ^   -¹ÒÂ¡à·ÈÁ¹µƳ%item money 500 501 %%[#]à¾×èÍ¹ºéÒ¹·Õè´Õ·ÕèÊØ´",
        "quest35": "ǖ§ @^Ȥ³ä˴ʺÇÂàËȕÍ ¤¹ÁÒ¡ÁÒÂԵ§á˅ ̂ÒÂàˢÒÁÒÍԒчщ ڌ¤¹ä˴ºÍ¡āº¼ÁàÊÁÍ àбÂÇāºчƤæчȤ³ä˴ŇÒÅ§ä»! â»Ã´ģºщàʛ¹ÃÒ§ħÅµÍºá·¹ ^   -¹ÒÂ¡à·ÈÁ¹µƳ%item money 2500 2501 %%[#]¢éÍ¤ÇÒÁ¢Íº¤Ø³ ¨Ò¡àÅÇÔÊ",
        "quest100": "@^àÃÒƱ¤ÇÒÁƂ¹Ƥч¨Ð »ÃÐ¡ÒÈ˗ÒȤ³ä˴ģºàȕÍ¡ ã̋ä˴ģºÃÒ§ħÅ \"àҮÍ¹˺Ò¹á˛§ƫ\"! áÅÐȤ³¨Ðä˴ģºÃÒ§ħÅ àʛ¹àŧ¹ĸÒ¹Ç¹ 10,000g ·Ò§àÃÒ¢ÍáÊ´§¤ÇÒÁƂ¹Ƥ! áÅÐȷ¡¤¹ã¹àȑÍ§˵Í§¡ÒÃч¨Ð '¢ÍºȤ³' ŚÒËģºȷ¡Ъ§чȤ³ä˴ŇÒ ^   -¹ÒÂ¡à·ÈÁ¹µƳ%item money 10000 10001 %%[#]à¾×èÍ¹ºéÒ¹áËè§»Õ",
        "hero_update": "@^ǖ§àÇÅÒĈ´ĭ¹Ĕº¢Í§ ƷÃȺɃÉÊµÒΓŴÇ (Stardew hero)! ĉ¹ä˴á¹ºä̇ ã¹«Í§¨´ËÁÒÂáÂ¡˅Ò§ËÒ¡á̅Ç âª¤Ƥã¹Äɤ¡ÒÅ׉¹Ð!  ^   -¹ÒÂ¡à·ÈÁ¹µƳ[#]¨Ñ´ÍÑ¹´ÑºÇÕÃºØÃØÉÊµÒÃì´ÔÇ",
        "hero_update1": "%update",
        "CF_Fish": "ÊħÊƤ @^ ƭȑÍµ¡»ÅÒ¢Í§à¸Í Ƥ¡˗Ò¢Í§ˎÍĉ¹«Ðƽ¡... ˉÒ»ÃÐėºã¨ ^ ÊµÒΓ´ÃÍ» (Stardrop) ׉àʛ¹ÁÃ´¡µ¡·Í´˅Íā¹ÁÒ ã¹µÃÐɑÅƇÅѕàʛ¹àÇÅÒ... â̍ ʁ»ÃÐÁÒ³Ğ¹¡˗Òƫá̅Ç ^áÅÐĉ¹ʁäˑƱɵ¡ËÅÒ¹... àÅÂÍÂÒ¡ã̋à¸Íàʁºġ¹ä̇^^ -ƇÅѕ   ^ %item object 434 1 %%[#]ÁÃ´¡µ¡·Í´ ¢Í§¤ÃÍº¤ÃÑÇÇÔÅÅÕè",
        "adoptionLetter": "ÊħÊƤ @ áÅÐӴ¤ÃÍ§^¢ÍáÊ´§¤ÇÒÁƂ¹Ƥ˴ÇÂ!! ĴÒ̃Í§¢Íɍ»¡ÒÃÐàʔ¡¢Í§Ȥ³ ä˴ģº¡ÒÃÍȹġŵá̅Ç ^àÃÒıÒĥ§ŇÒ§Ò¹ā¹Í˒Ò§Ëę¡ àҮÍĄ´àȕÍ¡·ÒÃ¡чàËÁÒÐÊÁ āº¾Ç¡Ȥ³ÁÒ¡чɊ´ ^ÊÁÒŪ¡ãËˑã¹¤ÃÍº¤ģÇȤ³ ¨ÐÁÒǖ§ÀÒÂã¹ 2 Ī»´ÒΛ^^ -ºƃĩ·Ĉ´¡ÒÃģºàוÂ§àʔ¡àſΓ¹šÅΕ[#]á¨é§¼Å¡ÒÃ¢ÍÃÑº ºØµÃºØ­¸ÃÃÁ",
        "stardewHeroMine": "ˢÍ¤ÇÒÁĥº: ˶ÒȤ³ÊÒÁÒÃ¶ä»ǖ§ ˴Ò¹˕Ò§Ɋ´¢Í§àËȑÍ§ƽ¡¤Ճ§ ¤ÇÒÁĥºıÒĥ§ÃÍȤ³ÍԒ ÃÐħ§ àËȑÍ§¨Ðĭ¹µÃÒÂÁÒ¡ע¹[#]¢éÍ¤ÇÒÁÅÑº",
        "fertilizers": "ǖ§àҮÍ¹˺Ò¹ ^¼ÁËħ§˗ÒȤ³¨ÐƱ¤ÇÒÁɊ¢ āº˺Ò¹ãËˑ¢Í§Ȥ³¹Ð ч¼ÁàƒÂ¹¨´ËÁÒÂÁÒǖ§Ȥ³ à¾ÃÒÐ¼Á¨Ðá˨§ã̋·ÃÒº˗Ò ч̃Ò¹¢Í§¼Áä˴ŉÒ 'ݾÂ' ÁÒÇÒ§¢ÒÂá̅Ç ŇÒäÁȤ³äˑÅÍ§áÇÐÁÒɤËˉÍÂ˕Ð Ȥ³ÍÒ¨¨ÐÊ¹ã¨؛Íġ¹Ī¡ȶ§ʁä˴¹Ð?  ^   -ƫáÍΓ[#]»ØëÂ¢Í§»ÔáÍÃì",
        "fertilizers2": "ǖ§ @^µÍ¹׉ĉ¹¢ÒÂݾÂчȤ³ÀÒ¾ɺ§ע¹ ÃÇÁǖ§ȎªĞ¹ۨãËˑæƽ¡˴ÇÂ! á̅Çà¨Íā¹ ^   -ƫáÍΓ[#]»ØëÂ¤Ø³ÀÒ¾ÊÙ§¢Í§»ÔáÍÃì",
        "abbySpiritBoard": "ÊħÊƤ @ ^ħ¹ã´ħ¹Ëѹ§Ȥ³¤ÇÃ¨Ð ÁÒч̋Í§¢Í§ĉ¹µÍ¹ϔÒæ... ºÒ§Ƨ»ÃÐÁÒ³ 2 ӗÁ ^ĉ¹ƱÍÐäÃºÒ§Í˒Ò§ÍÂÒ¡ä̋Ȥ³ɤ ^   -áʭº׊[#]¢éÍ¤ÇÒÁ¢Í§áÍçººÕé",
        "pennySpa": "ÁÒà¨Íĉ¹ã¹âÃ§ÍÒºթÒµÍ¹ȑ´¹Ð ^   -à¾¹Ʃ[#]¢éÍ¤ÇÒÁ¢Í§à¾¹¹Õ",
        "incubator": "Dear @^^ ¢ÍºȤ³ŚÒËģº¡ÒÃ؛Íà̅ÒáººãËˑ ¹Í¡¨Ò¡¨ÐàОÁ ıÒĥ§¡ÒÃ¼ƅµäʲ ¢Í§Ȥ³á̅Çĉ¹Ģ§ä˴ ŵ´Ե§à¤ҳÍ§ğ¡äʲã̋Ȥ³˴ÇÂ ^¡ÒÃã˪à¤ҳÍ§ğ¡äʲԹ¹  àƮÂ§áʴÇÒ§äʲÀÒÂã¹ ˶Òã¹à̅Ò¢Í§Ȥ³Ʊخ¹ч˗Ò§¾Í äʲ¨Ðğ¡àÍ§ÀÒÂã¹äˑбħ¹!^^ àËȑÍ¹à¤Â ¢ÍºȤ³ŚÒËģºȸÃš¨¢Í§Ȥ³^-âÃź¹[#]à¡ÕèÂÇ¡Ñºà¤Ã×èÍ§¿Ñ¡ä¢è",
        "hatter": "Ëħ´Ƥ^^àÃÒ¢ÒÂËÁÇ¡˕Ð àˢÒã¨µÃ§ā¹à¹ÍÐ â̫Ðàˡ?^^ÁÒч˺Ò¹̃Ò§àʱÒâ¤µÃàʱÒι¹áËÅÐ àÍÒàŧ¹ÁÒ˴ÇÂ˕Ð^^-ËɩËÁÇ¡[#]ÎÑÅâÂëÇÇÇÇ â»êÐà¡é",
        "Beat_PK": "¢ÍáÊ´§¤ÇÒÁƂ¹Ƥ!! ^ ^ Ȥ³ª¹Ð '¡ÒÃàŴ¹·Ò§¢Í§ÃÒªÒá¾ΓƳ (Journey Of The Prairie King)', áÅÐɦ¡ӪÁã¹¡ÒÃĈºÃÒ§ħÅ ¢Í§ڌª¹ÐžàÈÉ¢Í§àÃÒ! ^Ȥ³ª¹Ðà¡ÁÃÒªÒá¾ΓƳ (Prairie King Arcade System)!^ã¹µÍ¹׉àŪ­Ȥ³Êȹ¡ä»āº '¡ÒÃàŴ¹·Ò§¢Í§ÃÒªÒá¾ΓƳ (Journey Of The Prairie King)' ч˺Ò¹¢Í§Ȥ³ä˴àÅÂ^^Ȥ³ÊÁ¤ÇÃä˴ģºġ¹! ^-ƧÁĞ²¹ÒÃÒªÒá¾ΓƳ%item bigobject 141 %%[#]¾Õ.à¤. ÂÔ¹´Õ´éÇÂ!",
        "JunimoKart": "¢ÍáÊ´§¤ÇÒÁƂ¹Ƥ!! ^ ^ Ȥ³ª¹ÐÃÐĔºԷ§ËÁ´ã¹ 'ɘŹâˑ¤ÒΓ· (JunimoKart)'...¨ƃ§æ á̅Ç Ȥ³àʛ¹¤¹áÃ¡ ã¹ÊÒ°ÒÃ³ģ°àſΓ¹šÅΕчŇÒä˴! ^ ÃÒ§ħÅ: ɘŹâˑ¤ÒΓ· (Junimo Kart) ŚÒËģºÀÒÂã¹˺Ò¹! ^ ^ ¢Íã̋Êȹ¡!^-ƧÁĞ²¹ÒɘŹâˑ¤ÒΓ·%item bigobject 159 %%[#]Junimo Kart »ÃÐÊº¤ÇÒÁÊÓàÃç¨!",
        "elliottReading": "@^¼ÁƱʲÒÇƤ... ¼ÁàƒÂ¹ŹÂÒÂàÊʣ¨á̅Ç!! ¼Á¨Ð˝Ò¹ġ¹ã̋ ڌ¤¹ğ§ч̋Í§ÊɁ´ˊÒÂħ¹׉ Ëħ§˗Ò¨Ðà¨ÍȤ³чι¹! ^   -àÍÅàƵÂµ[#]¡ÒÃÍèÒ¹¢Í§àÍÅàÅÕÂµ",
        "elliottBoat": "ʺÇÂÁÒ¾ºĉ¹чˇÒàȓÍ µÍ¹à˪Òħ¹ÍÒŷµΒ ĉ¹Ť´ÍÐäÃä˴ºÒ§Í˒Ò§ ^   -àÍÅàƵÂµ[#]¢éÍ¤ÇÒÁ¢Í§àÍÅàÅÕÂµ",
        "harveyBalloon": "@ ^¼ÁƱÍÐäÃ¨ÐŇÒã̋ Ȥ³»ÃÐËÅÒ´ã¨˕Ð ÁÒà¨Íā¹ч·Ò§Ã¶ä¿¹Ð ^   -ÎÒΓƷΒ[#]à«ÍÃìä¾ÃÊì¢Í§ÎÒÃìÇÕÂì",
        "samMessage": "@ ^ÁÒà¨Íā¹чË˹Ò˺Ò¹¼Á Ëĥ§¾ÃÐÍÒŷµΒµ¡Ŵ¹ ^   -á«Á[#]¢éÍ¤ÇÒÁ¢Í§á«Á",
        "joshMessage": "@ ^ÁÒà¨Íā¹ч«Òɵ¹ Ëĥ§¾ÃÐÍÒŷµΒµ¡Ŵ¹¹Ð ^   -Íàʥ¡ͻ[#]¤ÓàªÔ­¢Í§ÍàÅç¡«ì",
        "lewisStatue": "@ ^^ã¹ÀÒÂË˹Ò ĉ¹¨Ð¢ÍºȤ³Í˒Ò§ÁÒ¡ ˶ÒȤ³àƅ¡ÇÒ§¢Í§˚Ç¹ĕÇ¢Í§ĉ¹ ä̇ã¹àȑÍ§ã̋ȷ¡¤¹àʫ¹!! ^^ĉ¹äˑ¾Íã¨ÁÒ¡!! ^^àÍÒàŧ¹щä» áÅÐÍ˒Òɮ´ǖ§ 'â¤Ã§¡ÒÃ' ¢Í§ĉ¹āºȷ¡¤¹ ĸÒä̇!%item money 750 751 %%[#]¨´ËÁÒÂâ¡Ã¸¢Í§àÅÇÔÊ",
        "marnieAutoGrabber": "@ ^ĉ¹ƱƊ¹ˤÒ ÁÒãËˑ˴ÇÂ ...àƳÂ¡˗Ò \"à¤ҳÍ§àʁºàбÂÇĭµâ¹ġŵ (Auto-Grabber)\"^^Ъ§׉¨ÐʺÇÂȤ³Ƴ´¹ÁħÇ ¹Áá¾Ð ĕ´¢¹á¡Ð¢Í§Ȥ³ Է§ËÁ´â´Âĭµâ¹ġŵ!! ^^ȆÍ˗Òàʛ¹ 'à¤ҳÍ§ȑÍËɳËÃÒ' Ĕ§Թ¹ ĉ¹¨Ð¢ÒÂã̋Ȥ³ã¹ÃÒ¤Ò 25,000g ^^    -ÁÒƩ[#]»ÃÐ¡ÒÈà¡ÕèÂÇ¡Ñº 'à¤Ã×èÍ§à¡çºà¡ÕèÂÇÍÑµâ¹ÁÑµÔ'",
        "EmilyClothingTherapy": "@ ^ĉ¹Ʊ¤ÇÒÁŤ´ãËˑч˺ÒÁÒ¡ ĉ¹ÍÂÒ¡¨ÐàŪ­Ȥ³ä».... ġ¹àƳÂ¡˗Ò \"څÅÍ§Ȫ´ËÃÃÉÒ\"^^ä˴â»Ã´ÁÒч˺Ò¹ ¹ÒÂ¡à·ÈÁ¹µƳ ã¹ħ¹׉˴ÇÂ¹Ð ĉ¹ƱÍÐäÃ¨Ðã̋Ȥ³ªÁ^^ ģ¡¹Ð àÍƁѕ[#]äÍà´ÕÂ¢Í§àÍÁÔÅÕè",
        "EmilyCamping": "@ ^ä»Ե§á¤Á΋ā¹! ^^ ÁÒ¾ºĉ¹чˋÒū¹à´ÍΓá«» (Cindersap forest) Ëĥ§ 10pm^^ ˴ÇÂģ¡ àÍƁѕ[#]¤ÓàªÔ­¢Í§àÍÁÔÅÕè",
        "EmilyDoneCamping": "¢ÍºȤ³чÁÒ¾ºĉ¹àұÍǴ¹... àʛ¹ʺÇ§àÇÅÒчƱʴÒŚÒËģºĉ¹ ^ĉ¹Ƥã¨чƱËƱ»ÃÒ¡¯ĕÇע¹! ^^á̅Ç¾ºā¹ãËˑ^^  ˴ÇÂģ¡ àÍƁѕ[#]¢éÍ¤ÇÒÁ¢Í§àÍÁÔÅÕè",
        "foundLostTools": "ǖ§ @ ^Ʊ¤¹àÍÒà¤ҳÍ§ȑÍ ¢Í§Ȥ³ä»áÅÐĉ¹ ä»¾ºã¹Ė§¢ÂÐàұÍǴ¹ ^^ä»ģºġ¹ä˴чŚÒę¡§Ò¹¹ÒÂ¡à·ÈÁ¹µƳ ^^  -¹ÒÂ¡à·ÈÁ¹µƳàÅƇÊ[#]à¤Ã×èÍ§Á×Í·ÕèËÒÂä»",
        "fishing2": "ĉ¹ƱƊ¹ˤÒãËˑàˢÒÁÒ...^ àʚ´µ¡»ÅÒáººËɳËÃÒ áÅÐ¾Ç¡àËҲÍчȤ³ ÊÒÁÒÃ¶ã˚ġ¹àˢÒä»ä˴! ^Ȥ³ÊÒÁÒÃ¶ã˪àËҲÍ àҮÍч¨ÐŇÒã̋»ÅÒ š¹àʚ´äÇע¹ Ëħ§˗Ò¨Ðä˴à¨Íā¹àʣÇæ ׉! ^   -ƇÅѕ[#]äÍà·ÁãËÁè¢Í§ÇÔÅÅÕè",
        "fishing6": "ÁÒч̃Ò¹ĉ¹á̅ÇÅÍ§ɤàʚ´ Ą¹ãËˑчĉ¹àÍÒÁÒ¢ÒÂɤƊ ^ġ¹ƤчɊ´á̅Çчàŧ¹¨Ð؛Íä˴... áÅÐȤ³ÊÒÁÒÃ¶á˅§ġ¹àОÁ ˴ÇÂɍ»¡Ã΃á˅§àʚ´! ^Ëħ§˗Ò¨Ðà¨Íā¹àʣÇæ׉! ^   -ƇÅѕ[#]äÍà·ÁãËÁè¢Í§ÇÔÅÅÕè #2",
        "wizardJunimoNote": "áË˕§ˢÍɱÅ¢Í§ĉ¹ºÍ¡ĉ¹˗Ò à¸Íä˴àˢÒä»àŴ¹˴ÍÁæÁÍ§æ ã¹ɸ¹ΒȪÁªÁàʱÒæι¹Ɗ¹Ð ^ ŇÒäÁäˑÁÒàђÂÁĉ¹Ī¡ËˉÍÂ˕Ð? ^  чŎÒę¡¢Í§ĉ¹ÍԒчŷÈµÐħ¹µ¡ ¢Í§ˋÒŵ´ŕÒ¸ÒÃ ã¹ËÍ¤ÍÂàʱÒæ ĉ¹ÍÒ¨¨ÐƱˢÍɱÅÍÐäÃºÒ§Í˒Ò§ чʺÇÂµÍºĴÒ¶ÒÁàбÂÇāº 'ËɩĕÇě­ËÒ' ¢Í§à¸Íʁä˴¹Ð^   -àʭÁ. ÃÒÊâÁàƤÂÊ, ˎÍÁ´%item quest 1 true %%[#]¡ÒÃàÃÕÂ¡µÑÇ¢Í§¾èÍÁ´",
        "winter_18": "ǖ§ @^ ĉ¹ÍÂÒ¡¨Ðã̋ˢÍɱÅ ÍÐäÃºÒ§Í˒Ò§āºà¸Í àбÂÇāºà·È¡ÒÅч¨Ðǖ§׉Ī¡ËˉÍÂ¹Ð чàƳÂ¡˗Ò§Ò¹©ÅÍ§´ÒÇÄɤË¹ÒÇˉÐ ġ¹ǖ§àÇÅÒá̅ÇчȪÁª¹¢Í§àÃÒ ¨ÐÃÇÁĕÇā¹á̅ÇÃÐǥ¡ä»ǖ§Ъ§Ƥæ ч¾Ç¡àÃÒä˴ģºã¹ƫ׉ ^ Ъ§ч¾Ç¡àÃÒŇÒā¹ àʛ¹»ÃÐĸÒã¹à·È¡ÒÅ׉ǴÍ ¡ÒÃ \"áÅ¡¢Í§¢ħ­\" чѫ§ȷ¡æ¤¹ã¹àȑÍ§¨Ðɦ¡ӪÁ ã̋ÁÍº¢Í§¢ħ­ã̋āº¤¹Թ¹æ ѫ§ã¹ħ¹à·È¡ÒÅԹ¹ ȷ¡æ¤¹¨ÐŉÒ¢Í§¢ħ­ ÁÒÁÍºã̋àҮÍ¹ĥºԹ¹ áÅÐà«ÍΓä¾Κà¢ÒËȓÍà¸Í ˴ÇÂÍÐäÃºÒ§Í˒Ò§чƇàÈÉ! ^^ ƫ׉ àҮÍ¹ĥº¢Í§à¸ÍǴÍ:^ %secretsanta ^ Í˒ÒºÍ¡ã¤Ã˕Ð! §Ò¹¨ÐàУÁã¹ħ¹ч 25 àÇÅÒ 10 âÁ§à˪Ò ¨¹ǖ§ˊÒÂ 2 чɸ¹Β¡ÅÒ§¢Í§àȑÍ§¹Ð á̅Çà¨Íā¹! ^   -¹ÒÂ¡à·ÈÁ¹µƳàÅƇÊ[#]¢Í§¢ÇÑ­ÅÑº ¨Ò¡ã¤Ã¡Ñ¹¹Ð",
        "ccBulletinThankYou": "ǖ§ @ ^ µÍ¹׉ȷ¡æ ¤¹ã¹àȑÍ§˅Ò§ɮ´ǖ§ ¤ÇÒÁàؽÍÍÒ·Ã¢Í§à¸Í! ^ àʫ¹ä˴Ċ´˗Ò ƱĞÊȴã˚¢Í§ºÒ§Í˒Ò§ ч¾Ç¡à¢Òà¤ÂÍÂÒ¡ä˴áÅÐ àƒÂ¹»ÃÐ¡ÒÈŵ´ä̇ч ˻ÒÂá¶Å§¡ÒÃ΃ã¹ɸ¹ΒȪÁª¹ Ե§á˅àұÍƫчá̅Ç »ÃÒ¡¯ע¹ã¹˺Ò¹¢Í§á˅ÅÐ¤¹ áÅÐĞÊȴàË˕ÒԹ¹ʁɦ¡ʸÒË˹Ò˗Ò ˚§ÁÒ¨Ò¡¿ÒΓÁ¢Í§à¸Í Է§ËÁ´àÅÂ! ^ ¢ÍºȤ³ÁÒ¡¹Ð чà¸ÍàƺÂàÇÅÒä»āº ÍÐäÃàʥ¡˹ÍÂàË˕Ò׉... á˅¾Ç¡àÃÒȷ¡¤¹ ړǪ¡Ƥàʛ¹Í˒Ò§ÁÒ¡! ^   -¹ÒÂ¡à·ÈÁ¹µƳàÅƇÊ[#]¤Ó¢Íº¤Ø³¨Ò¡ ¡ÃÐ´Ò¹»ÃÐ¡ÒÈ",
        "guildQuest": "ĉ¹àʫ¹Ȥ³ıÒĥ§ŚÒÃÇ¨ÍԒчàËȑÍ§ Ȥ³àʛ¹¤¹чƱŨµƇ­­Ò³ á˛§¡ÒÃ¼¨­ĠÂ ĉ¹ÊÒÁÒÃ¶ºÍ¡ä˴àÅÂ ^˶ÒȤ³ÊÒÁÒÃ¶ıÒĈ´ ÊäÅΑ 10 ĕÇä˴˕Ðʁ Ȥ³¨Ðä˴ÁÒàʛ¹˚Ç¹Ëѹ§ ¢Í§šÅ΄ę¡¼¨­ĠÂ¢Í§ĉ¹ ^ɤáÅĕÇàÍ§˴ÇÂ    -ÁÒΓÅÍ¹%item quest 15 true %%[#]à¤ÇÊà¾×èÍ¦èÒÊäÅÁì",
        "skullCave": "à¸Íä˴à¢Òä»ã¹ զÒīÇ¡ÃÐâËÅ¡á̅ÇƊ¹Ð ^á˅ĉ¹ƱÍÐäÃч˷Ò·ÒÂ¡˗ÒԹ¹à˨ÒËɩ ä»ã̋ä˴Í˒Ò§ϥÒ 25 Ԫ¹Ɗ  ĉ¹Ƃ¹ƤÁÍºàŧ¹ˡÍ¹âµ àʛ¹ɰà¢Òã̋à¸ÍàÅÂ ˶Òà¸Íä»ǖ§ä˴ˉÐ¹Ð ^ àҮÍ¹¢Í§Ȥ³ Mr. Qi%item quest 20 %%[#]¡ÒÃ·éÒ·ÒÂ¢Í§ Qi",
        "robinWell": "âÃź¹àÍ§! ^ĉ¹ړƤ˗ÒÃÍºæ¿ÒΓÁ¢Í§à¸Í ƱƋ¹ÃÐà¡ÐÃÐ¡Ðàʛ¹ĸÒ¹Ç¹ÁÒ¡ ^ ˶Òà¸ÍƱÁÒ¡àš¹ä»ÅÐʁ à¸ÍÍÒ¨¨ÐÍÂÒ¡ã̋ĉ¹ ỄÒ§ˊÍàʁºթÒã̋à¸Íʁä˴¹Ð ^ˊÍàʁºթÒàщÂ ÊÒÁÒÃ¶ÇÒ§ä˴ȷ¡ч º¹¿ÒΓÁ¢Í§à¸ÍàÅÂ˕Ð áÅÐŇÒ»ÃÐâÂªΉ˴ÇÂ¡ÒÃàŵÁթÒ ã̋ĚÇÃ´թÒ¢Í§à¸Íä§ ^^ àұÍà¸Í¾̃ÍÁá̅Ç áʴáÇÐÁÒч̃Ò¹¢Í§ĉ¹¾̃ÍÁƋ¹ 75 ˡÍ¹ áÅÐàŧ¹ƽ¡ 1000 àˇÒԹ¹àÍ§^-âÃź¹[#]ÊÃéÒ§ºèÍ¹éÓ",
        "landslideDone": "ǖ§ڌƱɍ»¡ÒÃÐȤ³ȷ¡ˇÒ¹: ^·Ò§àÃÒ̃Ò¹â¨˨Òä˴áˡě­ËÒ Ŵ¹¶˕Áĭ¹àҩÍ§ÁÒ¨Ò¡ ¡ÒÃȢ´à¨ÒÐã¡̅áË˕§թÒ º¹ɰà¢Ò¢Í§·Ò§ºƃĩ·á̅Ç Í˒Ò§äÃʁµÒÁ·Ò§ºƃĩ· Ʊ¤ÇÒÁ»ÃÐÊ§ʹч¨Ðá˨§ˇÒ¹˗Ò ¡ÒÃ¡ÃÐŇÒ¢Í§·Ò§ºƃĩ·Թ¹ ÍԒÀÒÂã˵¡®ËÁÒÂ (̍Ò§ƍ§µÒÁãºÍȹ­ÒµʱÍỄÒ§àÅ¢ч L61091 ˍÒÂĞ²¹Òºƃĩ·â¨˨Ò ¡ÒÃŵ´µÒÁɤáÅÊÀÒ¾áÇ´̅ÍÁ ¢Í§˷Í§Ж¹àʛ¹Ъ§ч·Ò§ºƃĩ·ã̋ ¤ÇÒÁŚÒĄ­àʛ¹ĭ¹ĔºáÃ¡ ^^ ·Ò§ºƃĩ·¢ÍÍĠÂã¹¤ÇÒÁ äˑÊÐ´Ç¡чàš´ע¹ĭ¹àҩÍ§ÁÒ¨Ò¡ ɍĚŵàËȵã¹¤Ճ§׉ ^ ·Ò§àÃÒ¢Í¢ÍºȤ³ ˇÒ¹ڌƱɍ»¡ÒÃÐȤ³чã̋ ¤ÇÒÁÊęºÊȹ¹·Ò§ºƃĩ·àÃÒ Í˒Ò§˅ÍàҩÍ§^^-ÁÍΓƃÊ ^ĕÇá·¹ˍÒÂºƃËÒÃ ¤ÇÒÁǞ§¾Íã¨¢Í§ɵ¡ˤÒ[#]â¨¨éÒä´é¨Ñ´¡ÒÃ´Ô¹¶ÅèÁáÅéÇ",
        "QiChallengeComplete": "Ȥ³ŇÒä˴^ ĉ¹»ÃÐėºã¨ÁÒ¡àÅÂ^ ¢Íã̋Êȹ¡āº¢Í§ÃÒ§ħÅ¢Í§Ȥ³^   -Qi.%item money 10000 %%[#]¡ÒÃ·éÒ·ÒÂ¢Í§ Qi àÊÃç¨ÊÁºÙÃ³ì",
        "spring_2_1": "ä§ ÊħÊƤ ^ĉ¹àО§¡ĥºÁÒ¨Ò¡ ¡ÒÃµ¡»ÅÒ ^à¸Í¤ÇÃÁÒчªÒÂËÒ´˺Ò§¹Ð ^ĉ¹ƱºÒ§Í˒Ò§¨Ðã̋ ^  -ƇÅѕ%item quest 13 true %%[#]¤ÓàªÔ­¢Í§ÇÔÅÅÕè",
        "spring_12": "á˄ @ ^ã¹ħ¹¾ӣ§׉àÃÒ¨ÐƱ§Ò¹ à·È¡ÒÅäʲƽÊàµÍΓ ã¹ĈȵģÊ¡ÅÒ§àȑÍ§ ^^ѫ§Ȥ³ÁÒ˓ÇÁÊȹ¡āºàÃÒä˴ Ե§á˅àÇÅÒ 9 âÁ§à˪Òǖ§ˊÒÂ 2 ^Í˒Ò¾ÅÒ´āºš¨¡ÃÃÁà¡Á˕Òäʲ˕Ð ^  -¹ÒÂ¡à·ÈÁ¹µƳàÅƇÊ[#]»ÃÐ¡ÒÈà·È¡ÒÅä¢è",
        "spring_15_1": "ÊħÊƤ чģ¡... ^^ĉ¹ړ˗Òà¸ÍѾ§àУÁ˵¹ āº¡ÒÃàʛ¹ªÒÇä˓ ĉ¹àÅÂÍÂÒ¡ã̋ĴÒá¹ÐŉÒŹ´ËˉÍÂ ^^Ȏª˚Ç¹ãËʽâµáʴÄɤ¡ÒÅàƤÂÇ àұÍÄɤ̃Í¹ÁÒǖ§ Ȏªã¹Äɤãºä́¼ƅ¨ÐµÒÂԷ§ËÁ´ ^à¾ÃÒÐ©ÐԹ¹ÇÒ§á¼¹Ƥæ ÅÐ^^ -Ȥ³ÂÒÂàÍàÇÍƅ¹[#]à¤Åç´ÅÑº¢Í§àÍàÇÍÅÔ¹",
        "spring_23": "ÊħÊƤ @ ^¾ӣ§׉¾Ç¡àÃÒȷ¡¤¹ ä˴ģºàŪ­ä»ã¹à·È¡ÒÅ´Í¡ä́ ^^˶ÒȤ³ÍÂÒ¡ËÒӴã¨ ч˵Í§¡ÒÃà˵¹œÒāºȤ³! ^§Ò¹à˵¹œÒĈ´ÍԒчˋÒ ·Ò§µÐħ¹µ¡¢Í§àȑÍ§  ÁÒÃÐË˗Ò§ 9 âÁ§à˪Òǖ§ˊÒÂ 2 ˶ÒȤ³Ê¹ã¨^  -¹ÒÂ¡à·ÈÁ¹µƳàÅƇÊ[#]»ÃÐ¡ÒÈ§Ò¹ 'à·È¡ÒÅ´Í¡äÁé'",
        "summer_10": "ǖ§ @ ^¾ӣ§׉àÃÒ¨ÐƱ¡ÒÃÃÇÁĕÇā¹ч ªÒÂËÒ´»ÃÐĸÒƫāº§Ò¹ĥÇΓ ¢Í§àȑÍ§à¾ƅá¡¹ ^^äÎäÅ·¢Í§§Ò¹ǴÍ¨ÐƱ¢Í§š¹ ¨Ò¡ȷ¡¤¹ áˉã¨¹Ð˗ÒȤ³¨ÐŉÒºÒ§Í˒Ò§ чƤÁÒÃÇÁ˴ÇÂ! ڌ˗Ò¡ÒÃģ°ʁ¨ÐàˢÒ˓ÇÁ§Ò¹׉˴ÇÂ ¢Íã̋Ȥ³»ÃÐ¾ÄŵĕÇƤæ^ÁÒчªÒÂËÒ´ä˴Ե§á˅àÇÅÒ 9 âÁ§à˪Òǖ§ˊÒÂ 2^   -¹ÒÂ¡à·ÈÁ¹µƳàÅƇÊ[#]»ÃÐ¡ÒÈ§Ò¹ 'à·È¡ÒÅÅÑÇÃì'",
        "summer_28": "ǖ§ @ ^Ǵ¹׉ àÇÅÒ»ÃÐÁÒ³ 10PM ¨ÐƱ»ÃÒ¡¯¡ÒÃ΃чÊÇÂ§ÒÁ áÅÐËÒɤä˴ÂÒ¡àš´ע¹ ^^¡ÃÐ¾Ƀ¹áÊ§Ĉ¹·Γ¨ÐÅÍÂˌÒ¹ÁÒ чàȑÍ§à¾ƅá¡¹ ÃÐË˗Ò§¡ÒÃàŴ¹·Ò§Í¾Â¾ ä»·Ò§ã˵ã¹ÄɤË¹ÒÇ ^^¾Ç¡àÃÒȷ¡¤¹¨Ðä»ÃÇÁĕÇā¹ àҮÍä»¤ÍÂɤчªÒÂËÒ´ Ȥ³˵Í§äˑÍÂÒ¡¾ÅÒ´áˉæ!^á̅Çà¨Íā¹Ǵ¹׉¹Ð^ -ŴƱà·ƳÂÊ[#]à·È¡ÒÅ¡ÃÐ¾ÃØ¹áÊ§¨Ñ¹·Ãì",
        "fall_9": "ǖ§ @ ^Ëѹ§Ī»´ÒΛ¨Ò¡ħ¹׉ àÃÒ¨ÐƱ§Ò¹áÊ´§Ɗ¹ˤÒ ÊµÒΓŴÇáÇÅѕч¨ȵģÊ¡ÅÒ§àȑÍ§! ^ġ¹àʛ¹§Ò¹чãËʽчɊ´¢Í§ƫ  ڌ¤¹¨Ò¡Է§»ÃÐà·È¨ÐàˢÒÁÒч àȑÍ§àʥ¡æ¢Í§àÃÒ^˶ÒȤ³˵Í§¡ÒÃ Ȥ³ÊÒÁÒÃ¶Ե§̃Ò¹áÊ´§Ɗ¹ˤÒ ¨Ò¡¿ÒΓÁ¢Í§Ȥ³ã¹§Ò¹׉ áʴŉÒ¢Í§чƤчɊ´ÁÒ 9 ֊¹ ġ¹¨ÐáÊ´§ǖ§¤ÇÒÁÊÒÁÒÃ¶¢Í§Ȥ³  Ȥ³¨Ðä˴ģº¡ÒÃĕ´Ɗ¹¨Ò¡Ȥ³ÀÒ¾ áÅÐ¤ÇÒÁËÅÒ¡ËÅÒÂ¢Í§ ¡ÒÃĈ´âªΗ¢Í§^§Ò¹¨ÐàУÁàÇÅÒ 9 âÁ§à˪Ò... Í˒Ò¾ÅÒ´˕Ð!^   -¹ÒÂ¡à·ÈÁ¹µƳàÅƇÊ[#]»ÃÐ¡ÒÈ§Ò¹ 'ÊµÒÃì´ÔÇáÇÅÅÕèá¿Ãì'",
        "fall_15": "ǖ§ @ ^¼ÁáʴÍÂÒ¡¨ÐàȅÍ¹Ȥ³˗Ò §Ò¹áÊ´§Ɗ¹ˤÒÊµÒΓŴÇáÇÅѕ ¨ÐĈ´ע¹ã¹ħ¹¾ӣ§׉ ^Í˒ÒȕÁч¨ÐŉÒħµȶŴº¢Í§Ȥ³ 9 Í˒Ò§ŚÒËģº Ե§̃Ò¹áÊ´§Ɗ¹ˤÒ ^ĸÒä̇¹Ð §Ò¹¨ÐàУÁàÇÅÒ 9 âÁ§à˪Ò ч·ÒÇΉÊá¤ÇΓ á̅Çà¨Íā¹!^   -¹ÒÂ¡à·ÈÁ¹µƳàÅƇÊ[#]á¨é§àµ×Í¹§Ò¹ 'ÊµÒÃì´ÔÇáÇÅÅÕèá¿Ãì'",
        "fall_26": "ǖ§ @ ^ړǪ¡ä˴ǖ§ºÃÃÂÒ¡ÒÈ ĭ¹àʢ¹ÂÐàȒÍ¡׉ՁÂ? ġ¹ÍÒ¨¨Ðàʛ¹àƮÂ§áʴĪ­­Ò³ ¡ÒÃ¡ĥºÁÒ¢Í§ÅÁË¹ÒÇ... ^ËȓÍÍÒ¨¨ÐƱ¾ĥ§§Ò¹ºÒ§Í˒Ò§ ʻÍ¹ÍԒʁàʛ¹ä˴ ÁÒ˓ÇÁ§Ò¹©ÅÍ§ã¹ħ¹¾ӣ§׉ āº¾Ç¡àÃÒƊ... āº§Ò¹à·È¡ÒÅɰµ (Spirit's Eve)^˶ÒÍÂÒ¡¨ÐàˢÒ˓ÇÁ ʁÁÒч¨ȵģÊ¡ÅÒ§àȑÍ§µÍ¹ àÇÅÒ 4 ӗÁ ¹Ð^  -¹ÒÂ¡à·ÈÁ¹µƳàÅƇÊ[#]»ÃÐ¡ÒÈ§Ò¹à·È¡ÒÅÀÙµ",
        "winter_7": "ǖ§ @ ^¾ӣ§׉àÃÒ¨ÐÃÇÁĕÇā¹ч Ë˹Ò˺Ò¹ÁÒƩ ŚÒËģºà·È¡ÒÅá˛§թÒáʂ§ ^^ġ¹àʛ¹§Ò¹©ÅÍ§ã¹ÄɤË¹ÒÇ... ¨ÐƱÁȹÉΒƋÁÐ ¡ÒÃá¡ÐÊĥ¡թÒáʂ§ áÅÐ¡ÒÃáʲ§Ă¹µ¡»ÅÒ ã¹թÒáʂ§!^§Ò¹ƱԵ§á˅ 9 âÁ§à˪Òǖ§ˊÒÂ 2 ¹Ð ˶ÒȤ³ÍÂÒ¡Ʊ˚Ç¹˓ÇÁāºàÃÒ^  -¹ÒÂ¡à·ÈÁ¹µƳàÅƇÊ[#]»ÃÐ¡ÒÈ§Ò¹ 'à·È¡ÒÅáËè§¹éÓá¢ç§'",
        "winter_14": "àУÁ¾ӣ§׉á̅Ç ^ч¡Í§ė¾àȓÍƊ¹ˤÒ ¨ÐÁÒàƧÂºˇÒчàȑÍ§à¾ƅá¡¹ àҮÍ¾̃ÍÁŚÒËģº 'µÅÒ´ÃÒµƳ' чĈ´ע¹àʛ¹»ÃÐĸÒȷ¡ƫ ^^µÅÒ´¨ÐàŻ´àÇÅÒ 5 âÁ§àʢ¹ áÅÐ¨ÐÍԒчˇÒàȓÍàʛ¹àÇÅÒ 3 ħ¹!^^â»Ã´ÁÒàȒÍ¹ªÒÂËÒ´Ëĥ§ 5 âÁ§àʢ¹àʛ¹˵¹ä» àҮÍàˢÒ˓ÇÁÁË¡ÃÃÁ¤Ճ§׉ ^  Ʊ¡Òá¿¿Ƴ![#]»ÃÐ¡ÒÈ§Ò¹ 'µÅÒ´ÃÒµÃÕ'",
        "spring_11_1": "»ÃÐ¡ÒÈ¢Í§ËÒÂ:^ĉ¹ŇÒ¢ÇÒ¹ĭ¹â»Ã´ËÒÂ! ËÒ¡Ȥ³à¨Íġ¹ â»Ã´˚§Ǵ¹ã̋àʣÇчɊ´ ĉ¹ŕÒºÒ¡ÁÒ¡˶ÒäˑƱġ¹ ƱÃÒ§ħÅ 250g ŚÒËģº¤¹чËÒġ¹à¨Í^   -âÃź¹%item quest 100 %%[#]¢ÇÒ¹·ÕèËÒÂä» ¢Í§âÃºÔ¹",
        "spring_19_1": "Ȥ³ªÒÇä˓ @^ĉ¹ƱàҳÍ§¢Í̃Í§Ȥ³ ĉ¹˵Í§¡ÒÃ˵¹¡ÐËϵÒ´Í¡ (cauliflower) Ê´æŚÒËģº ɺµÃÍÒËÒÃчÍÂÒ¡¨ÐŇÒ àÍÒÁÒã̋ċ¡ĭ¹ä˴äËÁ?^   -â¨ׄ%item quest 101 %%[#]â¨´ÕéµéÍ§¡ÒÃ´Í¡¡ÐËÅèÓ",
        "summer_3_1": "@^ġ¹ˉÒÍÒÂ¨ƃ§æч¨Ðɮ´àҳÍ§׉āºȤ³... ǴÍĉ¹ËÒ¡Ò§à¡§ƺˑÇ§ŉÒâª¤äˑà¨Í Ԫ¹äˑړ¨ÐºÍ¡Ģ§ä§āºã¤ÃƤ à̇¹á˅Ȥ³ Ȥ³ǴÍ¤¹àƤÂÇчĉ¹ä̇ã¨ ^˶ÒȤ³à¨Íġ¹á̅Ç ŉÒÁÒã̋ĉ¹\"Í˒Ò§ÃÐġ´ÃÐħ§\"˴ÇÂ á̅Çĉ¹¨ÐƂ¹ƤʸÒÂã̋Í˒Ò§§ÒÁàÅÂ ^¢ÍºȤ³^   -¹ÒÂ¡à·ÈÁ¹µƳàÅƇÊ%item quest 102 %%[#]àÅÇÔÊµéÍ§¡ÒÃ ¤ÇÒÁªèÇÂàËÅ×Í",
        "summer_14_1": "à̎ àʔ¡˹ÍÂ ^¤Í˻Òá̋§¨¹àËȕÍá˅¡ÃÐɤ¡á̅Ç ˻Ò¡ÃÐËÒÂàƪÂΓ˝Í¹¨ƃ§æ Ëɩ¾Í¨ÐƱäËÁ? ˻ÒäˑàÍÒàƪÂΓàʱÒ¹Ð ˵Í§àƪÂΓ˝Í¹æ àˇÒԹ¹^   -á¾Á%item quest 103 %%[#]¤Ó¢Í¢Í§á¾Á",
        "summer_20_1": "@^ĉ¹ÃÇºÃÇÁˢÍɱÅ¤ÇÒÁĪÁĞ¹Έ ÃÐË˗Ò§¤ÇÒÁ˄Ò§ã¹Ŵ¹āº ÃÐĔºթÒµÒÅã¹Ȏª àҳÍ§ġ¹ÂÒÇ ĉ¹˵Í§¡ÒÃàÁÅÍ¹ (melon) Ê´ ¨Ò¡¿ÒΓÁ¢Í§Ȥ³ ˶ÒàÍÒÁÒã̋ĉ¹ä˴ɵ¡Ëѹ§ ĉ¹¨Ð¢ÍºȤ³ÁÒ¡^   -ŴƱà·ƳÂÊ%item quest 104 %%[#]µÑÇÍÂèÒ§·´ÅÍ§ ¢Í§´ÔÁÔà·ÃÕÂÊ",
        "summer_25_1": "ǖ§à˨Ò¢Í§¿ÒΓÁ @:^ÍÒ¡ÒÃàʈº¢Í§àʲÒĉ¹ ġ¹àУÁÁÒƽ¡á̅Ç˕Ð á̅Çà˨ÒړËȓÍ»˕ÒÇÍÐäÃʺÇÂä˴? ^ã˪à˨Ò¾ƃ¡чàʜ´̃Í¹ɦæä§˕Ð^ ě­ËÒǴÍ ·ģ¾ÂÒ¡Ãĉ¹ËÁ´ä»á̅Ç ˶Òà¸ÍƱċ¡ĭ¹ч¨Ðã̋ ĉ¹ʁ¨Ðàʛ¹Ë׉Ⱥ­Ȥ³à¸ÍàÅÂ˕Ð^   -¨ÍΓ¨%item quest 105 %%[#]¨ÍÃì¨µéÍ§¡ÒÃ¾ÃÔ¡",
        "fall_3_1": "ÊħÊƤ @ ĉ¹˵Í§¡ÒÃã̋ħÇ¢Í§ĉ¹ ä˴ģº¡ÒÃģ¡ÉÒàʛ¹žàÈÉ ¾Ç¡à¢ÒıÒĥ§Ƥע¹ áÅÐƋÇ Ȥ³ÊÒÁÒÃ¶ŉÒĜ¡â¢Á (amaranth) ÁÒã̋ĉ¹ä˴äËÁ ¾Ç¡à¢Òģ¡Ъ§׉ÁÒ¡ ^¢ÍºȤ³¹Ð^   -ÁÒƩ%item quest 106 %%[#]¤Ó¢Í¢Í§ÁÒ¹Õ",
        "fall_8_1": "ÊħÊƤ^ ʺÇ§׉àʛ¹Äɤ¢Í§áºʥ¤àºÍΓѓàÅÂ¹Ð ӞÁä́àʕÁä»˴ÇÂ¼Å¢Í§ġ¹ ĉ¹ÍÂÒ¡¨Ðàʁºġ¹Ī¡ËˉÍÂ á˅˗Òĉ¹ŇÒµÐ¡̃Ò¢Í§ĉ¹ËÒÂä» ʺÇÂĉ¹ËˉÍÂä˴äËÁ?^   -ƵęÊ%item quest 107 %%[#]µÐ¡ÃéÒ¢Í§ÅÔ¹ÑÊËÒÂä»",
        "fall_19_1": "@ ^ĉ¹ÍÂÒ¡¨Ð؛Í ğ¡·Í§¨Ò¡à¸ÍˉÐ ɵ¡ÊÒÇ¢Í§ĉ¹āºĉ¹ÍÂÒ¡¨ÐŇÒ â¤Áä¿¨Ò¡ğ¡·Í§ ŚÒËģº§Ò¹à·È¡ÒÅɰµ (Spirit's Eve) ч¨Ðǖ§щ ^   -á¤âÃäÅΉ%item quest 108 %%[#]¤Ó¢Í¢Í§á¤âÃäÅ¹ì",
        "winter_2_1": "à̎ ĉ¹ƱàҳÍ§˷Ò·ÒÂàʥ¡˹ÍÂ ÁÒ½Ò¡ˉÐ^ ĈºËǡ¡¡ÃÐ´Í§ (squid) ÁÒã̋ĉ¹^ à¸ÍÊÒÁÒÃ¶µ¡ġ¹ä˴á¶Çæ·ÐàÅ ã¹àÇÅÒ¡ÅÒ§Ǵ¹ á˅˗Ò¾Ç¡ġ¹¨Ðâ¼˕ÁÒà©¾ÒÐ ã¹ÄɤË¹ÒÇàˇÒԹ¹¹Ð^   -ƇÅѕ%item quest 109 %%[#]¡ÒÃ·éÒ·ÒÂ¢Í§ÇÔÅÅÕè",
        "winter_6_1": "ĉ¹ƱàҳÍ§á»Å¡æ ¨Ð¢Í̃Í§ËˉÍÂ¹Ð ʺÇÂàʁºàʛ¹¤ÇÒÁĥº˴ÇÂä˴äËÁ?^ ĉ¹ÍÂÒ¡ã̋à¸Í ˚§ÍàÁŷÊä»ã̋àÍƁƵ à¾ÃÒÐ˗Òġ¹àʛ¹Ƌ¹чà¸ÍªÍºÁÒ¡ á̅ÇºÍ¡à¸Í˴ÇÂ˕Ð˗Ò ĉ¹àʛ¹¤¹˚§ÁÒã̋^   -¤ƅ¹·%item quest 110 %%[#]¤Ó¢Íá»Å¡æ ¢Í§¤ÅÔ¹·ì",
        "winter_12_1": "@ ^µÍ¹׉ˢÒıÒĥ§Ǩ¡ÉÒàбÂÇāº ÈÒÊµΓá˛§¡ÒÃŇÒ¹ÒÂà§Ò чɺ­ËÒÂä»ÍԒ ˢÒ˵Í§¡ÒÃ¢Í§Ъ§Ëѹ§чàƳÂ¡˗Ò 'Ƌ¹á˛§¤ÇÒÁȑ´ (Void Essence)' ŉÒġ¹ÁÒã̋ˢÒ á̅Çà˨Ò¨Ðä˴ģº ¡ÒÃµÍºá·¹^ -àʭÁ. ÃÒÊâÁàƤÂÊ,ˎÍÁ´%item quest 111 %%[#]¤Ó¢Í¢Í§¾èÍÁ´",
        "winter_17_1": "@ ^¢Íâ·É¹ÐчÃº¡Ç¹Ȥ³ƽ¡ á˅ĉ¹ƱºÒ§Í˒Ò§ã̋ʺÇÂ ^ĉ¹ä˴ˤÍ¹ãËˑÁÒáÅÐĉ¹˵Í§¡ÒÃ ·´ÊÍº¤ÇÒÁáʂ§āºá˓ËÅÒÂæªŹ´ɤ ^Ãº¡Ç¹ʺÇÂËÅÍÁIron bar á̅ÇŉÒÁÒã̋ĉ¹ËˉÍÂ¹Ð? ^¢ÍºȤ³ÁÒ¡^ -¤ƅ¹·%item quest 112 %%[#]¤Ó¢Í¢Í§¤ÅÔ¹·ì",
        "winter_21_1": "@ ^àʛ¹ä§˺Ò§? Ëħ§˗ÒÄɤË¹ÒÇ¨ÐäˑâË´̃ÒÂ āºȤ³ÁÒ¡àš¹ä»¹Ð^àÍÒ˕Ð ĉ¹àƒÂ¹щÁÒàҮÍ¨Ð¢Íä́ ¨Ò¡Ȥ³Ī¡ËˉÍÂ ˶ÒȤ³ƱÍԒ ĉ¹ʁ˵Í§¡ÒÃĪ¡10֊¹^˶ÒäˑƱʁäˑàʛ¹äÃ¹Ð ģ¡ÉÒĕÇ˴ÇÂ˕Ð!^  -âÃź¹%item quest 113 %%[#]¤Ó¢Í¢Í§âÃºÔ¹",
        "winter_26_1": "ǖ§ @ ^ĉ¹ÍÂÒ¡ŇÒÊɥΗ»ÅÒ á˅ĉ¹˵Í§¡ÒÃ»ÅÒĭÅºÒ¤ÍΓ (albacore)! ĉ¹ړ˗Òġ¹àǱÍº¨ÐËÁ´Äɤá̅Ç... ¢Íâ·ÉчºÍ¡˪Òä» ĈºÁÒã̋ċ¡ĕÇä˴äËÁ?^   -āÊ%item quest 114 %%[#]¡ÑÊµéÍ§¡ÒÃ»ÅÒµÑÇ¹Õé",
        "spring_1_2": "á˨§ã̋·ÃÒº: ^^ÃÒ¤Ò¢Í§ħµȶŴºч̃Ò¹¢Í§âÃź¹ áÅÐ¤ƅ¹·àОÁע¹[#]á¨é§àÃ×èÍ§ÃÒ¤ÒÇÑµ¶Ø´Ôº",
        "spring_6_2": "@ ^ĉ¹ıÒĥ§˵Í§¡ÒÃáÍ»ƃ¤Í· (Apricot) Ê´æÍ˒Ò§ÁÒ¡ ĉ¹ËÒäˑä˴ċ¡ĭ¹ч̃Ò¹ˤÒ ĉ¹ʁàÅÂÁÒ¶ÒÁȤ³ ¨ÐʸÒÂã̋Í˒Ò§§ÒÁàÅÂ˕Ð!^   -àÍƁѕ%item quest 115 %%[#]¤Ó¢Í¢Í§àÍÁÔÅÕè",
        "spring_15_2": "ǖ§ @ ^ĉ¹ÍÂÒ¡ã̋¢Í§¢ħ­ à«Íä¾ÃͻÊÒƱĉ¹ à¢ÒªÍº˵¹ËÍÁÁÒ¡ ʺÇÂŉÒÁÒã̋ĉ¹ËˉÍÂä˴äËÁ?^   -Ȥ³ÂÒÂàÍàÇÍƅ¹%item quest 116 %%[#]à«ÍÃìä¾ÃÊì¢Í§àÍàÇÍÅÔ¹",
        "spring_21_2": "»ÃÐ¡ÒÈ^щƫáÍΓàÍ§... ĉ¹ÍÂÒ¡š¹»ÅÒŴº (sashimi) ÁÒ¡æàÅÂ ĉ¹ʸÒÂá¾§áˉ¹Í¹ ŚÒËģº¤¹чàÍÒÁÒã̋^   -ƫáÍΓ%item quest 117 %%[#]¤ÇÒÁËÔÇâËÂ¢Í§»ÕáÍÃì",
        "summer_6_2": "˵Í§¡ÒÃę¡µ¡»ÅÒ ^ĉ¹˵Í§¡ÒÃĕÇÍ˒Ò§ »ÅÒě¡à˻Òчã˪ä˴ ĉ¹ıÒĥ§·´ÅÍ§àбÂÇāº žÉч»˕ÍÂ¨Ò¡»ÅÒě¡à˻Ò^ÃÒ§ħÅ: 1000g^ -ŴƱà·ƳÂÊ%item quest 118 %%[#]§Ò¹ÇÔ¨ÑÂ¢Í§´ÔÁÕà·ÃÕÂÊ",
        "summer_15_2": "ǖ§à˨Ò¢Í§¿ÒΓÁ @ ^ĉ¹ÍÂÒ¡ã̋ÁÐàȏÍ§ (Starfruit) āºÀÃÃÂÒĉ¹ ã¹ħ¹¤ÃºÃÍº¢Í§àÃÒˉÐ Ȥ³»ɵ¡ġ¹ä̇ã¹¿ÒΓÁȤ³ ËȓÍà»˕Ò? ˶ÒȤ³àÍÒÁÒã̋ĉ¹ċ¡ĭ¹ ĉ¹¨ÐƤã¨ÁÒ¡àÅÂ^   -à¤¹·%item quest 119 %%[#]à¤¹·ìµéÍ§¡ÒÃ¢Í§¢ÇÑ­",
        "summer_21_2": "@ ^ĉ¹˵Í§¡ÒÃթÒġ¹àʫ´·ģ¿àſÅ (truffle oil) Í˒Ò¶ÒÁ˗ÒŇÒäÁ ^ -¹ÒÂ¡à·ÈÁ¹µƳàÅƇÊ%item quest 120 %%[#]¤Ó¢Í¢Í§àÅÇÔÊ",
        "fall_6_2": "˵Í§¡ÒÃ: ÅÍºΚàµÍΓ (Lobster) 1 ĕÇ ŚÒËģºȫ»¤ƳÁف§чĉ¹ ıÒĥ§ŇÒÍԒ^¨Ò¡: āÊ à˨Ò¢Í§«Òɵ¹ÊµÒΓ´ÃÍ» ^ÃÒ§ħÅ: 800g%item quest 121 %%[#]¡ÑÊµéÍ§¡ÒÃÅÍºÊìàµÍÃì",
        "fall_19_2": "»ÃÐ¡ÒÈ ^ã¤Ã¾Í¨ÐƱ áºµàµÍƳ (Battery pack) ˺Ò§? ƳâÁ·â·ÃĨ¾·¢Í§ĉ¹ ġ¹áºµËÁ´ áÅÐġ¹ʁӢ§ÂÒ¡ÁÒ¡æ ч¨Ð˵Í§¤ÍÂɅ¡ ÍÍ¡¨Ò¡â«¿Ò àҮÍä»à»ѕÂ¹ʺÍ§^  -á¾Á%item quest 122 %%[#]á¾ÁµéÍ§¡ÒÃ¤ÇÒÁªèÇÂàËÅ×Í",
        "winter_5_2": "@ ^µÍ¹׉ĉ¹ıÒĥ§ŇÒ ¤·ÒàÍ¹ªÒ¹·á˛§¾ĥ§ÁīÈ¨ÃÃΒ (enchanted staff of phenomenal power) ÍԒ ^á˅Ģ§¢Ò´¢Í§ºÒ§Í˒Ò§ÍԒ: áˇ§ƍƃàƤÂÁ (Iridium bar) ^ĉ¹àʕÁã¨ч¨ÐʸÒÂã̋ 5 àˇÒ¢Í§ÃÒ¤ÒµÅÒ´àÅÂ ÊÐ´Ç¡àұÍäË˓ʁàÍÒÁÒàÅÂ¹Ð ^ -àʭÁ. ÃÒÊâÁàƤÂÊ, ˎÍÁ´%item quest 123 %%[#]¾èÍÁ´µéÍ§¡ÒÃäÍà·ÁËÒÂÒ¡",
        "winter_13_2": "ĉ¹Ʊ¡ÒÃ˷Ò·ÒÂãËˑ: Ĉº»ÅÒƅ§¤ÍΓ´ (Lingcod) ÁÒã̋ĉ¹^ġ¹äˑä˴ĈºʷÒÂæËÃÍ¡ á˅ĉ¹ړ˗ÒŇÒä˴^  -ƇÅѕ%item quest 124 %%[#]¡ÒÃ·éÒ·ÒÂ¢Í§ÇÔÅÅÕè #2",
        "winter_19_2": "ǖ§ @ ^ĉ¹Ʊě­ËÒчáˡäˑµ¡¨ƃ§æ ĉ¹ÍÂÒ¡¨ÐŇÒ â¤âʴ-â¹-âˉ ч«Òɵ¹ÁÒ¡æàÅÂ á˅ĉ¹äˑړ¨Ðä»ËÒÁÐ¾̃ÒÇ (coconut) чäË¹ˉÐƊ!^ʺÇÂĉ¹ËˉÍÂ¹Ð?^  -āÊ%item quest 125 %%[#]¡ÑÊµéÍ§¡ÒÃÁÐ¾ÃéÒÇ",
        "winter_24": "ǖ§ @ ^ħ¹¾ӣ§׉ʁ¨Ðàʛ¹à·È¡ÒÅ ´Ç§´ÒÇÄɤË¹ÒÇá̅Ç ^à¸ÍàµƳÂÁ¢Í§¢ħ­ŚÒËģº 'àҮÍ¹ĥº'... %secretsanta á̅ÇËȓÍĢ§? ^à·È¡ÒÅ¨ÐàУÁµÍ¹ 9 âÁ§à˪Ò ã¹¨ȵģÊ¡ÅÒ§àȑÍ§ á̅Çà¨Íā¹! ^   -¹ÒÂ¡à·ÈÁ¹µƳàÅƇÊ[#]á¨é§àµ×Í¹à·È¡ÒÅ '´Ç§´ÒÇÄ´ÙË¹ÒÇ'",
        "passedOut1_Billed_Male": "àƳÂ¹ƁÊàµÍΓ @^Ǵ¹ʱÍ¹ ÊÁÒŪ¡ƧÁ¤¹Ëѹ§¢Í§â¨˨ÒÁÒ¾ºȤ³ µÍ¹ä˴ģººÒ´àʈº ƧÁá¾·Βɦ¡˚§ä» àҮÍŉÒĕÇȤ³˚§ǖ§˺Ò¹ Í˒Ò§»ÅÍ´ĠÂ^àÃÒƤã¨чȤ³äˑàʛ¹äÃ! ^^(Ȥ³ä˴ģº¡ÒÃàƳÂ¡àʁºàŧ¹ {0}g ŚÒËģººƃ¡ÒÃ׉) ^^-ÁÍΓƃÊ ^ĕÇá·¹ˍÒÂºƃËÒÃ ¤ÇÒÁǞ§¾Íã¨¢Í§ɵ¡ˤÒ[#]ãºá¨é§Ë¹Õé¢Í§â¨â¨éÒ",
        "passedOut1_Billed_Female": "àƳÂ¹Ȥ³ @^Ǵ¹ʱÍ¹ ÊÁÒŪ¡ƧÁ¤¹Ëѹ§¢Í§â¨˨ÒÁÒ¾ºȤ³ µÍ¹ä˴ģººÒ´àʈº ƧÁá¾·Βɦ¡˚§ä» àҮÍŉÒĕÇȤ³˚§ǖ§˺Ò¹ Í˒Ò§»ÅÍ´ĠÂ^àÃÒƤã¨чȤ³äˑàʛ¹äÃ! ^^(Ȥ³ä˴ģº¡ÒÃàƳÂ¡àʁºàŧ¹ {0}g ŚÒËģººƃ¡ÒÃ׉) ^^-ÁÍΓƃÊ ^ĕÇá·¹ˍÒÂºƃËÒÃ ¤ÇÒÁǞ§¾Íã¨¢Í§ɵ¡ˤÒ[#]ãºá¨é§Ë¹Õé¢Í§â¨â¨éÒ",
        "passedOut1_NotBilled_Male": "àƳÂ¹Ȥ³ @^Ǵ¹ʱÍ¹ ÊÁÒŪ¡ƧÁ¤¹Ëѹ§¢Í§â¨˨ÒÁÒ¾ºȤ³ µÍ¹ä˴ģººÒ´àʈº ƧÁá¾·Βɦ¡˚§ä» àҮÍŉÒĕÇȤ³˚§ǖ§˺Ò¹ Í˒Ò§»ÅÍ´ĠÂ^àÃÒƤã¨чȤ³äˑàʛ¹äÃ! ^^àҩÍ§¨Ò¡Ȥ³äˑƱàŧ¹ ·Ò§àÃÒǈ§äˑä˴Ť´ ʴÒã˪ʸÒÂã¹¡ÒÃ ã˪ºƃ¡ÒÃ׉ ^^-ÁÍΓƃÊ ^ĕÇá·¹ˍÒÂºƃËÒÃ ¤ÇÒÁǞ§¾Íã¨¢Í§ɵ¡ˤÒ[#]á¨é§µÒÁ¢éÍ¡ÓË¹´·Ò§¡¯ËÁÒÂ",
        "passedOut1_NotBilled_Female": "àƳÂ¹Ȥ³ @^Ǵ¹ʱÍ¹ ÊÁÒŪ¡ƧÁ¤¹Ëѹ§¢Í§â¨˨ÒÁÒ¾ºȤ³ µÍ¹ä˴ģººÒ´àʈº ƧÁá¾·Βɦ¡˚§ä» àҮÍŉÒĕÇȤ³˚§ǖ§˺Ò¹ Í˒Ò§»ÅÍ´ĠÂ^àÃÒƤã¨чȤ³äˑàʛ¹äÃ! ^^àҩÍ§¨Ò¡Ȥ³äˑƱàŧ¹ ·Ò§àÃÒǈ§äˑä˴Ť´ ʴÒã˪ʸÒÂã¹¡ÒÃ ã˪ºƃ¡ÒÃ׉ ^^-ÁÍΓƃÊ ^ĕÇá·¹ˍÒÂºƃËÒÃ ¤ÇÒÁǞ§¾Íã¨¢Í§ɵ¡ˤÒ[#]á¨é§µÒÁ¢éÍ¡ÓË¹´·Ò§¡¯ËÁÒÂ",
        "passedOut2": "@ ^ Ȥ³âª¤Ƥ чĉ¹¾ºȤ³àұÍǴ¹! Ȥ³ËÁ´ÊŵáÅÐƱ¤¹ ıÒĥ§ˤ¹¡ÃÐà͛Ò¢Í§Ȥ³ ĉ¹äˑړ˗Ò¾Ç¡à¢Ò àÍÒàŧ¹ä»ä˴àˇÒäË˓... ^¾Ç¡à¢ÒЧ§ËƩė¹Ƨ µÍ¹ĉ¹ıÒĥ§àˢÒä»ËÒ ^ÃÐġ´ÃÐħ§˴ÇÂ! ^^-ƵęÊ[#]¢éÍ¤ÇÒÁ¨Ò¡ÅÕ¹ÑÊ",
        "passedOut3_Billed": "@^ Ʊ¤¹֗§Ȥ³ä̇ч¤ƅŹ¡àұÍǴ¹ Ȥ³ËÁ´ÊŵàҩÍ§¨Ò¡¤ÇÒÁ˝Í¹à¾ƵÂ!^ Ȥ³¤ÇÃɤáÅĕÇàÍ§ã̋ÁÒ¡¡˗Ò׉ áÅÐ¤ÇÃ¡ĥºä»чàƥÂ§ àұÍǖ§àÇÅÒ¾ÍàËÁÒÐ^¼ÁàƳÂ¡àʁºàŧ¹¨Ò¡Ȥ³ {0}g àʛ¹ʴÒã˪ʸÒÂ ·Ò§¡ÒÃá¾·Β¢Í§Ȥ³ ^^-ËÁÍÎÒΓƷΒ[#]¨Ò¡¤ÅÔ¹Ô¡¤Ø³ËÁÍÎÒÃìÇÕÂì",
        "passedOut3_NotBilled": "@^ Ʊ¤¹֗§Ȥ³ä̇ч¤ƅŹ¡àұÍǴ¹ Ȥ³ËÁ´ÊŵàҩÍ§¨Ò¡¤ÇÒÁ˝Í¹à¾ƵÂ!^ Ȥ³¤ÇÃɤáÅĕÇàÍ§ã̋ÁÒ¡¡˗Ò׉ áÅÐ¤ÇÃ¡ĥºä»чàƥÂ§ àұÍǖ§àÇÅÒ¾ÍàËÁÒÐ^àҩÍ§¨Ò¡Ȥ³äˑƱàŧ¹ ¼Áǈ§äˑŤ´ʴÒã˪ʸÒÂ чã˪ã¹¡ÒÃģ¡ÉÒȤ³ ^^-ËÁÍÎÒΓƷΒ[#]ºÃÔ¡ÒÃ·Ò§¡ÒÃá¾·Âì¿ÃÕ ¢Í§ÎÒÃìÇÕÂì",
        "passedOut4": "@  ^^àÇÅÒÃÒÇæƥ 3 ¾º˗Òà¸Í¤ϷÒË˹ÒÅ§ã¹â¤Å¹^^à¸Í¤ÇÃ¾ÂÒÂÒÁ ¡ĥº˺Ò¹ã̋àʣÇ¡˗Ò׉!^^     -ÁÒΓÅÍ¹[#]¢éÍ¤ÇÒÁ¨Ò¡ÁÒÃìÅÍ¹",
        "elliottLetter1": "@ чģ¡ ^^¼ÁàО§ÁÒǖ§á¡ÃÁàžÅĕ¹ (Glampleton) Ȩ´àУÁ˵¹¡ÒÃàŴ¹·Ò§ ¼ÁȕÁä»á̅Ç˗ÒàȑÍ§׉ ƱƚƇµƚÇÒáʴäË¹! ¶¹¹чàʕÁä»˴ÇÂڌ¤¹... ¾Ç¡à¢ÒɤàËȑÍ¹¨Ðà˓§Ƴº ËȓÍĪºÊ¹ áÅÐäˑړÍÐäÃàÅÂàбÂÇāº ÊÀÒ¾áÇ´̅ÍÁ¢Í§¾Ç¡à¢Ò ¼ÁŤ´ǖ§àȑÍ§à¾ƅá¡¹á̅Ç! ^^Ȩ´àУÁ˵¹¡ÒÃàŴ¹·Ò§¢Í§¼Á àУÁ¨Ò¡̃Ò¹Ëę§ȚÍ˷Í§Ж¹ Ǵ¹׉¼Á˵Í§ÂÍÁģº˗Ò ¼Á»ÃÐËˑÒàʥ¡˹ÍÂ àұÍŤ´àбÂÇāº ¡ÒÃɮ´ã¹чÊÒ¸ÒÃ³Ð... ˷Í§¢Í§¼ÁړǪ¡àËȑÍ¹ ɦ¡ƪºàʛ¹à¾Ã·à«ÅáÅÐ ÃÒ´˴ÇÂ«ÍÊƚÊàʜ´ Ëħ§˗Ò¼Á¨Ðâª¤Ƥ! ^^-ģ¡¹Ð àÍÅàƵÂµ^^».Å. ¼ÁËħ§˗ÒȤ³¨Ð ÍԒã¹¤ÇÒÁÊ§ºǴ¹׉ áÅÐäˑ¡ĥÇч¨ÐÍԒ¤¹àƤÂÇ ã¹˺Ò¹Ëĥ§ãËʽ!%item conversationTopic ElliottGone2 0 %%[#]¨´ËÁÒÂ¨Ò¡ÊÒÁÕ¢Í§©Ñ¹",
        "elliottLetter2": "á˄ @ Ɋ´чģ¡^^ƤàÅÂŚÒËģº¤Ճ§áÃ¡чä˴˝Ò¹ á́˗ÒڌªÁ¨Ð˹ÍÂ¡˗Òч¼Á˵Í§¡ÒÃ Í˒Ò§äÃʁµÒÁ¼Á¢ÒÂËę§ȚÍ ä˴àƮÂ§¾Íч¨Ð¤ÃÍº¤ɅÁ ʴÒã˪ʸÒÂ¢Í§âÃ§áÃÁ! ƽ¡äˑбΪÇâÁ§¼Á¨Ðä»ч àȑÍ§ºÃÃ¾ȺɃÉ¢Í§¼Á ¡ÒÃ˝Ò¹àұÍÇÒ¹ ǴÍ¡ÒÃӭ¹à¤ҳÍ§ ˅Íä»¨Ðàʛ¹¨ƃ§á̅Ç ÍÒ¨¨ÐɥÁµÒÁàÅÂʁä˴… ^¼ÁŤ´ǖ§à¸ÍÁÒ¡ Í˒ÒȕÁ·Ò¹ã̋Í˓ÍÂ¹Ð â̍Í˒ÒȕÁ˗Ò¼Á ֗§àˤ¡ɫä̇ã¹څàʢ¹....^˴ÇÂģ¡ àÍÅàƵÂµ%item conversationTopic ElliottGone3 0 %%[#]¨´ËÁÒÂ¨Ò¡ÊÒÁÕ¢Í§©Ñ¹ 2",
        "elliottLetter3": "ǖ§ËÇÒ¹ã¨¢Í§¼Á @ ^^ġ¹àʛ¹»ÃÐÊº¡ÒÃ΃ чÂÍ´àђÂÁã¹àȑÍ§ɛɛàұÍǴ¹! ɤàËȑÍ¹˗Ò¨ÐƱ©Ò¡ ÇÃÃ³¡ÃÃÁчƤч... ƱËÅÒÂƊº¤¹àˢÒÁÒã¹ ̋Í§˝Ò¹Ëę§ȚÍ¢Í§¼Á! ¼Áàʋ¹ÅÒÂàʋ¹ÁÒ¡ÁÒÂ ġ¹á»Å¡ч¨ÐȆÍ˗Òàʛ¹Ⱥ¤¤ÅŚÒĄ­ Է§ËÁ´׉àʛ¹ĴÒ¶ÒÁ ¢Í§¡ÃÍºŨ¹µ¹Ò¡ÒÃчТ§ãËʽ... à¾ÃÒÐá˷¨ƃ§ äˑƱã¤ÃžàÈÉ à©¾ÒÐāºàÍÅàƵÂµ чȤ³ӗÁà·àʺ¹à¤Â ^^ŚÒËģºµÍ¹׉¼ÁÍԒ¤¹àƤÂÇ ã¹̋Í§Ğ¡âÃ§áÃÁ¢Í§¼Á ¼Áš¹ÍÒËÒÃчÂÍ´àђÂÁ¢Í§â¨˨Ò... ^^ġ¹¤ÇÃ¨ÐàƳÂ¡˗Ò 'ÍÒËÒÃ'?^ËȓÍ 'ħµȶчš¹ä˴' Ƥ˕Ð? ^¼Áäˑ˵Í§Ť´¹Ò¹ ^ġ¹˵Í§àʛ¹Í˒Ò§Ëĥ§ ^^¼ÁÃÍ¤ÍÂч¨Ð¡ĥº˺Ò¹àʣÇæ׉ Ëħ§˗ÒȤ³¨ÐªÍºàˤ¡ɫ ^^-ģ¡ àÍÅàƵÂµ%item conversationTopic ElliottGone4 0 %%[#]¨´ËÁÒÂ¨Ò¡ÊÒÁÕ¢Í§©Ñ¹ 3",
        "elliottLetter4": "ã¹¤ÇÒÁĝ¹ àұÍä˴ģºàƑÂÃŵāº ɁÁÁÍ§ĭ¹ɺ§˚§ ^¼Á˨Í§ÁÍ§·ÐàÅ ƧÊ´ãÊ^˨Í§ÁÍ§ä»чªÒÂν§ ч˛Ò§ä¡Å ^ч¼Áä˴àŴ¹ˌÒ¹ á˅µÍ¹׉àÇÅÒä˴º´Ě§ ¤ÇÒÁ·Ã§ĸÒ¢Í§¼Á ^^ƱàƮÂ§Ëѹ§Ê¶Ò¹чŹģ¹´Γ ^ч¼Á¨ÐÍԒчι¹Ī¡ħ¹ ^ã¹ɋºà¢ÒɊ´ÊÇÒ· ччÂÍ´ģ¡ÃÍ¤ÍÂ: ^˺Ò¹àʥ¡æ ¢Í§àÃÒˢÒ§ÊÃÐթÒ ^^-àÍÅàƵÂµ%item conversationTopic ElliottGone5 0 %%[#]¨´ËÁÒÂ¨Ò¡ÊÒÁÕ¢Í§©Ñ¹ 4",
        "elliottLetter5": "á˄чģ¡ @^^¾Ç¡à¢Ò˚Ç¹ãËʽ ġ¡¨ÐàҪÍāº˝Ò¹¢Í§¼Á á˅¼Á¨ÐäˑÂÍÁã̋Ȥ³àҪÍ āºÃÒÂÅÐàƽÂ´¾Ç¡Թ¹áˉ ^^àұÍǖ§àÇÅÒԹ¹ ¼Ááˉã¨˗ÒȤ³¨Ð ҥ¹à˵¹āºġ¹! ¼Áá·ºÃÍäˑäËÇá̅Ç ч¨Ðä˴¡ĥºä» áÅÐÍÂÒ¡ɤ˗Ò ƱÍÐäÃǴºä»á̅ÇË˹Ò˺Ò§ ^^¡ÒÃàŴ¹·Ò§чáÊ¹ÂÒÇ¹Ò¹ ÃÐË˗Ò§àȑÍ§á˅˕ÐàȑÍ§ ¼ÁŇÒã̋ĕÇàÍ§Êȹ¡ â´Â¡ÒÃŻ´µÒáÅÐŤ´ǖ§ àҳÍ§ÃÒÇ˅Ò§æã¹¿ÒΓÁ... ¼Áàʫ¹Ė§Ëġ¡àË̅ÒËÇÒ¹ àʫ¹á˓ã¹àµÒà¼Ò áÅÐàʫ¹̋Í§¤ģÇàʥ¡æ чƱ¡Х¹ËÍÁ¢Í§ ÍºàªÂáÅÐɵ¡Ĉ¹·Ήà·È áʴǙ¡ǖ§ʁƱ¤ÇÒÁɊ¢á̅Ç! ^^Í˒ÒÍԒã¹àËȑÍ§¨¹ǔ¡Ҥ¹¹Ð чģ¡ ġ¹ĭ¹µÃÒÂÁÒ¡¹ÐړäËÁ! ËÒ¡ĸÒàʛ¹¨ƃ§æ... ¾¡ÍÒËÒÃä»˴ÇÂã̋àƮÂ§¾Í¹Ð ^^-ģ¡ àÍÅàƵÂµ%item conversationTopic ElliottGone6 0 %%[#]¨´ËÁÒÂ¨Ò¡ÊÒÁÕ¢Í§©Ñ¹ 5",
        "elliottLetter6": "ǖ§ÂÍ´ģ¡ @^^щˉÒ¨Ðàʛ¹¨´ËÁÒÂ ©ĚºɊ´˷ÒÂá̅Ç ʱÍ¹ч¼Á¨Ðä˴¡ĥº˺Ò¹ щàʛ¹¡ÒÃàŴ¹·Ò§чƤ... ǖ§¨ÐäˑʴÍÂà¨ÍàҳÍ§ҥ¹à˵¹ ÁÒ¡ÁÒÂʁà¶ÍÐ ġ¹ʁƤ¹Ðчä˴àʫ¹ڌ¤¹ Ʊ¤ÇÒÁɊ¢āº§Ò¹¢Í§¼Á á˅ǖ§Ģ§ä§ ¼ÁʁÍÂÒ¡¡ĥº ä»ч˺Ò¹ÍԒƤ ^^¼ÁÁÍ§ËÒЪ§»ÅÍºâÂ¹ ÀÒÂã¹˺Ò¹Ëĥ§àʥ¡æι¹ §Ò¹ã¹¿ÒΓÁ чˉÒǞ§¾Íã¨ ƱÍÒËÒÃŇÒàÍ§ áÅÐчŚÒĄ­чɊ´ ¤ÇÒÁÍºӭ¹ÀÒÂã¹ Ȍ¹˼ÒıÒÁÐËђāºȤ³ ^^á̅Ç¾ºā¹!^-ģ¡, àÍÅàƵÂµ%item conversationTopic ElliottGone7 0 %%[#]¨´ËÁÒÂ¨Ò¡ÊÒÁÕ¢Í§©Ñ¹ 6",
        "MarlonRecovery": "@ ^¾º¢Í§чà¸ÍŇÒËÒÂä»^^¤Ճ§Ë˹Ò ɤáÅĕÇàÍ§ã̋Ƥ˴ÇÂ!^   -ÁÒΓÅÍ¹%item itemRecovery %%[#]ÁÒÃìÅÍ¹à¨ÍÊÔè§¢Í§¢Í§¤Ø³",
        "RarecrowSociety": "ǖ§Ȥ³ @ ^^¡ÒÃɍŷÈµ¹¢Í§Ȥ³Թ¹ ˉÒ»ÃÐėºã¨Í˒Ò§Т§... ^^ƱàƮÂ§äˑб¤¹àˇÒԹ¹ чä˴ģº¤ÍÅàʥ¡Ċ¹ ӫ¹ä˕¡ÒáººÊÁɪÃ΃!^^â»Ã´ÂÍÁģºžÁΎàƒÂÇ֊¹׉ àҮÍÃÐǥ¡ǖ§¤ÇÒÁŚÒàʣ¨¢Í§Ȥ³^   -à´ÍÐ á«´.ƛ. ÊÁÒ¤Áӫ¹ä˕¡ÒËÒÂÒ¡ (The Z.C. Rarecrow Society)%item craftingRecipe Deluxe_Scarecrow %%[#]¨Ò¡ÊÁÒ¤ÁËØè¹äÅè¡Ò",
        "CarolineTea": "ǖ§ @ ^^¢ÍºȤ³ŚÒËģº ¡ÒÃÁÒàȒÍ¹̋Í§ģºáÊ§ ¢Í§ĉ¹àұÍÇÒ¹׉ ĉ¹ġ¡¨ÐҤÁªÒ¤¹àƤÂÇ á˅ġ¹ʁÊȹ¡Ƥ чä˴ҤÁāºà¸Í! ^^ĉ¹ä˴ģºĴÒá¹ÐŉÒàбÂÇāº Ƈƨ¡ÒÃàµƳÂÁáÅÐ»ɵ¡ªÒ чà¸ÍƱ äÃѫ§¤ÇÒÁ¡´Ĕ¹ã´æ á˅˶Ò˵¹ªÒàŵºâµע¹ÁÒ˺Ò§ ¢Íã̋ŉÒªÒĪ¡˶ÇÂÁÒã̋ĉ¹˴ÇÂ!^^-á¤âÃäÅΉ%item craftingRecipe Tea_Sapling %%[#]¢éÍ¤ÇÒÁà¡ÕèÂÇ¡Ñº ªÒ¢Í§á¤âÃäÅ¹ì",
        "WoodChipper": "˗Òä§ @ ^^ĉ¹ÍÂÒ¡ã̋à¸Íä˴ړĈ¡ āºЪ§¢Í§֊¹ãËˑчĉ¹Ʊ... ġ¹ɦ¡àƳÂ¡˗Ò 'à¤ҳÍ§˒ÍÂä́ (Wood Chipper)'^^Ȥ³ÊÒÁÒÃ¶ã˪ġ¹ àҮÍĕ´ä́àةÍáʂ§ (hardwood) ÍÍ¡àʛ¹ ä́¸ÃÃÁ´Ò (wood) ËÅÒÂ֊¹ !^^ĉ¹ړ˗Òġ¹àʛ¹àҳÍ§ÂÒ¡ ч¨ÐËÒä́ã¹ÄɤË¹ÒÇ Ĕ§Թ¹˶ÒȤ³Ʊě­ËÒ ã¹¡ÒÃĈ´ËÒä́ ž¨ÒÃ³Ò؛Íċ¡ĭ¹Ɗ^       -âÃź¹[#]¡ÒÃá¨é§àµ×Í¹à¡ÕèÂÇ¡Ñº à¤Ã×èÍ§ÂèÍÂäÁé (Wood Chipper)",
        "willyBackRoomInvitation": "@,^^µÍ¹׉ĉ¹àŻ´̋Í§˴Ò¹Ëĥ§¢Í§̃Ò¹á̅Ç^˶ÒƱâÍ¡ÒÊʁÅÍ§áÇÐÁÒƊ^ƱºÒ§Í˒Ò§чĉ¹ÍÂÒ¡¨Ðã̋ɤ˴ÇÂ^^-ƇÅѕ[#]àÂÕèÂÁªÁËéÍ§ËÅÑ§ÃéÒ¹ ¢Í§ÇÔÅÅÕè",
        "KrobusCrafting": "@ ˢÒäˑáˉã¨˗Ò ÃÐººҺÍÊÒÃ¢Í§ÁȹÉΒ ŇÒ§Ò¹Í˒Ò§äÃ ˢÒʁàÅÂä»¢Íã̋ˎÍÁ´ ʺÇÂˢÒàƒÂ¹¨´ËÁÒÂ׉^^ˢÒËħ§˗Òà˨Ò¨ÐÊºÒÂƤ¹Ð^^ˢÒÍÂÒ¡¨Ðáˊ§Ě¹Ъ§׉āºà˨Ò... ġ¹àʛ¹Ě¹Ǘ¡àбÂÇāº ¡ÒÃỄÒ§¢Í§ºÒ§Í˒Ò§ ¨Ò¡Ъ§ƱƚƇµ à©¡àʺ¹àƤÂÇāºˢÒ^^   -â¤ÃĚÊ%item craftingRecipe Dark_Sign %%[#]¨´ËÁÒÂ¨Ò¡â¤ÃºÑÊ",
        "georgeGifts": "ǖ§ @^^¢ÍºȤ³ÁÒ¡ŚÒËģº˵¹ËÍÁ ¾Ç¡ġ¹ɤÊ´ãËˑáÅÐˉÒÍ˓ÍÂÁÒ¡ ¨ÍΓ¨¨Ð˵Í§ªÍºġ¹ÁÒ¡áˉæ ^^ħ¹׉ĉ¹Ե§ã¨¨ÐŇÒã̋à¢Ò»ÃÐËÅÒ´ã¨˴ÇÂ¢Í§¢ħ­àʥ¡æ ч˛ÍÊÁĚŵàÍÒä̇ 12 ˛Í (¢Íºã¨à¸ÍÁÒ¡¹Ð!) ˶ÒÍÂÒ¡ÁÒʁáÇÐÁÒ¹Ð!^^-àÍàÇÍƅ¹^^».Å. â»Ã´ģº¢Í§¢ħ­֊¹׉ä̇ËˉÍÂ¹Ð ĉ¹Ť´˗Òà¸Í¨ÐªÍºġ¹áˉ!%item bigobject 246 %%[#]¢éÍ¤ÇÒÁ¢Íº¤Ø³¨Ò¡àÍàÇÍÅÔ¹",
        "robinResource": "à˞ @^^Ƃ¹Ƥ˴ÇÂ¹ÐчàÍÒª¹Ð¡ÒÃ˷Ò·ÒÂàʥ¡æ ˹ÍÂæ ¢Í§ĉ¹ä˴ ĉ¹»ÃÐėºã¨ÁÒ¡àÅÂ˕Ð!^^ŚÒËģºâºęÊžàÈÉ ĉ¹á¹ºžÁΎàƒÂÇ¢Í§¡˕Í§áººãËˑÁÒ˴ÇÂ ¢Íã̋Êȹ¡!^^-âÃź¹^^^^».Å. -- µÍ¹׉à¸ÍƱħµȶŴº¾Ç¡Թ¹¡Í§ÍԒàʕÁä»ËÁ´ ŇÒäÁäˑáÇÐÁÒỄÒ§ÍÐäÃċ¡ËˉÍÂ˕Ð?%item craftingRecipe Stone_Chest %%[#]¡ÒÃµ×è¹·ÃÑ¾ÂÒ¡Ã¢Í§âÃºÔ¹",
        "ClintReward": "ȝÁ ÊħÊƤ...     ^¢ÍºȤ³чʺÇÂĉ¹ıÒĈ´ĪµΗ»ÃÐËÅÒ´¾Ç¡Թ¹¹Ð^^ĉ¹äˑ¡ĥÇàÅÂċ¡¡ÐŹ´! ...á˅ġ¹ŇÒã̋àËȑÍ§»ÅÍ´ĠÂÁÒ¡ע¹ŚÒËģºȷ¡æ ¤¹... ãʺՁÂ?^^ģºžÁΎàƒÂÇщä»Ɗ (Ëħ§˗Òġ¹¨ÐäˑŇÒã̋ĉ¹µ¡§Ò¹¹Ð...)^^   -¤ƅ¹· ʺÒ§ƥàËʥ¡%item craftingRecipe Geode_Crusher %%[#]¤Ó¢Íº¤Ø³¢Í§¤ÅÔ¹·ì",
        "ClintReward2": "ȝÁ ÊħÊƤ...     ^¢ÍºȤ³чʺÇÂĉ¹ıÒĈ´ĪµΗ»ÃÐËÅÒ´ƽ¡á̅Ç¹Ð^^ºÒ§Ƨ¤Ճ§Ë˹Ò ĉ¹ÍÒ¨¨ÐĈ´¡ÒÃġ¹˴ÇÂĕÇàÍ§... ˶Òĉ¹ƱàÇÅÒˉÐ¹Ð!^^ģºäÍà·Á֊¹׉ä»Ɗ ĉ¹à¨Íġ¹ã¹̋Í§ˢÒ§Ëĥ§áËˉÐ...^^   -¤ƅ¹· ʺÒ§ƥàËʥ¡%item object 286 10 287 5 231 3 %%[#]ÍÕ¡Ë¹Öè§¤Ó¢Íº¤Ø³ ¢Í§¤ÅÔ¹·ì",
        "willyBugWadCutscene": "^^   -ƇÅѕ%item craftingRecipe Quality_Bobber %%[#]¤Ó¢Íº¤Ø³¢Í§ÇÔÅÅÕè",
        "MSB_Pierre": "ǖ§ @^^ĉ¹Ť´˗Òڌ¤¹äˑʴÍÂÊ¹ã¨ 'Ɗ¹ˤÒžàÈÉ¢Í§ŻáÍΓ' àˇÒчĉ¹Ëħ§ä̇...^^Ģ§ä§ʁµÒÁ щǴÍĖ§¢¹˚§¢¹Ò´ܚÇ (Mini-Shipping Bin) Ė§àʱÒ¢Í§ĉ¹^¤Ճ§Ë˹ÒчȤ³à¨Í¼Å¼ƅµчàËÁÒÐ¨Ðàʛ¹ 'Ɗ¹ˤÒžàÈÉ¢Í§ŻáÍΓ' Ȥ³ˉÒ¨Ð˚§ÁÒã̋¼Áä˴¹Ð?^^   -ŻáÍΓ%item bigobject 248 %%[#]ÊÔ¹¤éÒ¾ÔàÈÉ¢Í§»ÔáÍÃì",
        "MSB_Lewis": "@^ĉ¹ÍÂÒ¡¨Ð¢ÍºȤ³ чà¸ÍÊ¹ã¨ĴÒϊ§؛ÍžàÈÉ¢Í§ĉ¹ ¤ÇÒÁӗÁà·ŇÒ§Ò¹Է§ËÁ´¢Í§à¸Í ŇÒã̋ÀÒ¾ĥ¡É΃¢Í§àȑÍ§à¾ƅá¡¹Ƥע¹ÁÒ¡^щǴÍĖ§¢¹˚§¢¹Ò´ܚÇ (Mini-Shipping Bin) ĕÇá·¹¢Í§¤ÇÒÁ¢ÍºȤ³Í˒Ò§«Òº׫§¢Í§ĉ¹^ÇÒ§ġ¹ä̇µÃ§äË¹ʁä˴ áÅÐĉ¹¨ÐáÇÐä»ɤġ¹àұÍĉ¹ÍԒá¶ÇԹ¹áˉ¹Í¹^^   -àÅƇÊ%item bigobject 248 %%[#]¤Ó¢Íº¤Ø³¢Í§àÅÇÔÊ",
        "WizardReward": "ĕÇÍ˒Ò§чà˨Ò˚§ÁÒŇÒã̋ˢÒàˢÒã¨ ¡ÅäÅ¢Í§Ъ§ƱƚƇµч̅ÁàËÅÇчàƳÂ¡˗Ò 'ĪµΗ»ÃÐËÅÒ´' ä˴ƤÁÒ¡æ^^ˢÒä˴ỄÒ§ɺµÃŷ§à¨ÍΓȩ¹ч¨Ðã̋Ъ§ƱƚƇµ¾Ç¡׉ǡ¹àÁÒע¹ÁÒ ã˪ġ¹˴ÇÂ¤ÇÒÁÃÐġ´ÃÐħ§˕Ð...^^   -àʭÁ. ÃÒÊâÁàƤÂÊ, ˎÍÁ´%item craftingRecipe Monster_Musk %%[#]¡ÒÃ¤é¹¾º¢Í§¾èÍÁ´",
        "WizardReward2": "¢ÍºȤ³ŚÒËģºàʭ¡â·¾ÅÒÊǋÁ (ectoplasm) чà˨Ò˚§ÁÒã̋ˢÒ¹Ð ġ¹ŇÒã̋ˢÒˡÒÇË˹ÒТ§ãËʽã¹§Ò¹ƇÈÇÐ¡Åוĥº^^à˨Ò¨Ð¾ºžÁΎàƒÂÇ¢Í§à¤ҳÍ§Ĉ¡ÃчƱ»ÃÐâÂªΉчɊ´чˢÒá¹ºÁÒ˴ÇÂ...^^   -àʭÁ. ÃÒÊâÁàƤÂÊ, ˎÍÁ´%item craftingRecipe Mini-Obelisk %%[#]¤ÇÒÁ¡éÒÇË¹éÒ¢Í§¾èÍÁ´",
        "DemetriusReward": "ÊħÊƤ¤ģº @^^¢ÍºȤ³чʺÇÂ¼Áã¹àҳÍ§»ÅÒ¹Ð¤ģº^â´Â»¡ŵá̅Ç¸ÃÃÁªÒŵģ¡ÉÒЪ§˅Ò§æ ã̋ÊÁȴÅä˴ƤÁÒ¡æ á˅ºÒ§¤Ճ§ě¨ĈÂºÒ§Í˒Ò§чɦ¡ỄÒ§ע¹ʁŇÒÅÒÂÊÁȴÅԹ¹ä˴^^¼Áä˴á¹ºžÁΎàƒÂÇ¨Ò¡ŹµÂÊÒÃƇ·ÂÒÈÒÊµΓ чȤ³ˉÒ¨ÐÊ¹ã¨ÁÒ˴ÇÂ¤ģº^^-ŴƱà·ƳÂÊ%item craftingRecipe Farm_Computer %%[#]¤Ó¢Íº¤Ø³¢Í§´ÔÁÕà·ÃÕÂÊ",
        "willyHours": "ʲÒÇƤ!^^àȓÍŕÒàʱÒ¤ÇÃʴÒāº˷Í§·ÐàÅƽ¡¤Ճ§Ǚ§á̅Ç ¢ÍºȤ³à¸ÍÁÒ¡¹Ð!^^áÇÐÁÒч̋Í§˴Ò¹Ëĥ§àұÍäË˓ʁä˴чà¸Í˵Í§¡ÒÃ¨Ð˕Í§àȓÍ^^µÍ¹׉̃Ò¹¢Í§ĉ¹àŻ´àÇÅÒ 8AM ¢Í§ȷ¡ħ¹ à¸Í¨Ðä˴ÍÍ¡àŴ¹·Ò§ä˴äÇËˉÍÂĢ§ä§˕Ð^^-ƇÅѕ[#]àÃ×Í¢Í§ÇÔÅÅÕè",
        "linusTrashCleanup": "ÊħÊƤ @^^¢ÍºȤ³чʺÇÂ¼ÁŇÒ¤ÇÒÁÊÐÍÒ´ÃÍºæ ɋºà¢Ò¹Ð^áË˕§թÒɤÊÐÍÒ´ע¹ÁÒ¡àÅÂ˕Ð ĉ¹Ť´˗Òȷ¡¤¹¨Ð˵Í§ړǪ¡¢ÍºȤ³áˉæ ĉ¹ړ˗Òĉ¹¨Ť´áººԹ¹^àҮÍá·¹ĴÒ'¢ÍºȤ³' ĉ¹¨ÐÊÍ¹Ȥ³»ɵ¡ãÂȎª (fiber) ĉ¹Ëħ§˗Òġ¹¨Ðàʛ¹»ÃÐâÂªΉ¹Ð^^-ƵęÊ%item craftingRecipe Fiber_Seeds %%[#]¤Ó¢Íº¤Ø³¢Í§ÅÕ¹ÑÊ",
        "gusGiantOmelet": "ÊħÊƤ @^^¢Íºã¨ŚÒËģºäʲ¹Ð^äʲá´§ɤÁīÈ¨ÃÃΒÁÒ¡... ¼ÁŤ´˗Òġ¹¨Ð¡ÅÒÂàʛ¹äʲàƘÂÇчƤчɊ´àˇÒчà¤ÂƱÁÒ¢Í§¼Á!^^â»Ã´ģºЪ§׉ä̇àʛ¹¢Í§¢ħ­^^-āÊ%item bigobject 216 %%[#]ä¢èà¨ÕÂÇàÅ×Í§ª×èÍ¢Í§¡ÑÊ",
        "pamNewChannel": "à˞ àʔ¡˹ÍÂ^^¢Íºã¨ŚÒËģº 'թÒ¼Åä́' ¹Ð ġ¹ƱÃÊªÒŵч...ƱáʴËѹ§àƤÂÇ...äˑƱÍÐäÃàËȑÍ¹àÅÂ˕Ð ^^Ģ§ä§ʁµÒÁ à¸Íà¤ÂàŻ´ƧƷʺÍ§ 736 ՁÂ? ġ¹àʛ¹ÃÒÂ¡ÒÃµ¡»ÅÒ»ÃÐĸÒÄɤˉÐ à¸ÍˉÒ¨ÐÊ¹ã¨ġ¹¹Ð^^ɤáÅĕÇàÍ§˴ÇÂ˕Ð^-á¾Á[#]à¡Ãç´àÅç¡æ ¢Í§á¾Á",
        "emilyStones": "Ëħ´Ƥ @^^¢ÍºȤ³ƽ¡¤Ճ§ŚÒËģºĭ­ÁƣчàђÂÁÂÍ´¹Ð^¾Ç¡׉ÊÁɪÃ΃áººŚÒËģº¡ÒÃĈ´¾ĥ§§Ò¹ãËˑ¢Í§ĉ¹!^ĉ¹ÍÂÒ¡¨Ð¢ÍºȤ³à¸Í˴ÇÂ¢Í§¢ħ­Ɋ´žàÈÉ֊¹׉ ĉ¹Ëħ§˗Òà¸Í¨ÐỄÒ§¼Å§Ò¹чˉÒĭÈ¨ÃÃΒä˴¨Ò¡ġ¹¹Ð!^^-àÍƁѕ%item bigobject 247 %%[#]ÍÑ­Á³Õ¢Í§àÍÁÔÅÕè",
        "carolineSO": "ÊħÊƤ˨Ð @^^àÅƇÊºÍ¡ĉ¹˗Òà¸Í˚§ħµȶŴº¨Ò¡à¡ÒÐÁÒàÂÍÐáÂÐàÅÂ! ġ¹àђÂÁÂÍ´ÁÒ¡ŚÒËģº¡ÒÃỄÒ§¼ƅµĠ³΁áººãËˑ... ġ¹àŻ´âÅ¡ãºãËˑ¢Í¡ÒÃŇÒÍÒËÒÃàÅÂ˕Ð!^ĉ¹á¹º¢Í§¢ħ­ÁÒã̋à¸Í˴ÇÂ¹Ð... žÁΎàƒÂÇчˉÒ¨ÐƱ»ÃÐâÂªΉŚÒËģºà¸ÍĢ§ä§˕Ð̘Ð^^-á¤âÃäÅΉ%item craftingRecipe Solar_Panel %%[#]ÇÑµ¶Ø´Ôºà¢µÃéÍ¹ ¢Í§á¤âÃäÅ¹ì",
        "WillyTropicalFish": "@^^Ƃ¹Ƥ˴ÇÂŚÒËģº¤ÇÒÁŚÒàʣ¨¨Ò¡·ƃ»µ¡»ÅÒчà¡ÒÐ¹Ð ĉ¹˕ÐɰƁã¨ã¹ĕÇà¸Í¨ƃ§¨ƃê§!^^àÍÒщ àÍÒڅ»ÅÒžàÈÉщä»Ɗ ġ¹¨ÐɤáʸÁã¹˺Ò¹¢Í§à¸Íáˉæ^^-ƇÅѕ%item furniture 2312 %%[#]¡ÒÃ·éÒ·ÒÂ ·Õèà¢µÃéÍ¹¢Í§ÇÔÅÅÕè",
        "passedOutIsland": "@^^à¸Íäˑâ¾˕ÁÒчàȓÍ ĉ¹ʁàÅÂÁÒµÒÁËÒà¸Í^^à¨Íà¸Í¹Í¹áˌÍԒº¹خ¹¾̃ÍÁāº¹¡áˡÇӴǙ§ чıÒĥ§àÍÒ·Í§ÍÍ¡ÁÒ¨Ò¡¡ÃÐà͛Ò¢Í§à¸ÍáˉÐ!^^˵Í§ÅÒ¡à¸ÍÁÒчàȓÍµÅÍ´·Ò§àÅÂàщÂ ĉ¹ړǪ¡˗Ò¢ÒԷ§ÊÍ§ˢÒ§¢Í§ĉ¹àËȑÍ¹ف§թÒǸ´àÅÂáÎÐ...^-ƇÅѕ",
        "passedOutIsland_Leo": "Ƥ¤ģº @^^àұÍǴ¹׉¼Áà¨Í¤¹¹Í¹ÍԒˇÒÁ¡ÅÒ§¤ÇÒÁȑ´^ġ¹äˑãʺчч»ÅÍ´ĠÂàÅÂ˝Ð àҮÍ¹¹¡ʁàÅÂÂ¡Ȥ³ÁÒчàƥÂ§^Ëĥ§¨Ò¡׉ʁÃÐħ§ËˉÍÂ¹Ð^^-ƵâÍ^^».Å. ƇÅѕʺÇÂ¼ÁàƒÂ¹à˨Òщ",
        "guntherBones": "ÊħÊƤ @^^¢ÍºȤ³ŚÒËģº¡ÃÐɤ¡Է§ËÁ´ι¹¹Ð ¼ÁĢ§Ʊƽ¡ĴÒµÍºч˵Í§µÒÁËÒƽ¡àÂÍÐàÅÂ! ι§Ť´˗Òá˅ÅÐ֊¹˚Ç¹àʛ¹¢Í§Ъ§ƱƚƇµчƱƚƇµÍԒã¹ÍƤµ ʺÒ§ˉÒËÅ§ãËÅ«Ð¨ƃ§^^â»Ã´ģºƇƨỄÒ§ā§ī¹׉ä̇àʛ¹¢Í§¢ħ­á·¹ĴÒ¢ÍºȤ³˴ÇÂ!^^-ā¹à¸ÍΓ%item craftingRecipe Bone_Mill %%[#]¢éÍ¤ÇÒÁ¢Í§¡Ñ¹à¸ÍÃì",
        "LeoCooking": "@^щǴÍÍÒËÒÃ¨Ò¡˺Ò¹¢Í§¼Á ¼ÁáÅÐ¤ÃÍº¤ģÇ¢Í§¼ÁªÍºġ¹ÁÒ¡àÅÂ˕Ð Ëħ§˗ÒȤ³¨ÐªÍºġ¹¹Ð^^  -ƵâÍ^^».Å. ƇÅѕʺÇÂ¼ÁàƒÂ¹à˨Òщ%item cookingRecipe %%[#]ÊÙµÃÍÒËÒÃ¢Í§ÅÕâÍ",
        "spring_1_1": "= Ƃ¹Ƥ˵Í¹ģºԚ Stardew Valley Mod ÀÒÉÒä·Â^ ã˪āº Stardew Valley 1.5.5 àˇÒԹ¹!!^  --Mod update&Status--^ -Dialogue NPC -100%^ -Mail Box -100%^ -NPCGiftTastes -100%^ -Marriage Dialogue-100%^ -Dialogue ηÇä» -100%^ -Festivals -100%^ -Events -100%^ -Extra Dialogue -100%^^+ Ĉ´ŇÒáÅÐá»Åâ´Â Translator Army^ Memee Thechoco, MemoLiza, Pookhao23, RushingOn, SabiMiyato, Tomyamkung.^^< ÃÒÂҚÍڌâ´à¹·áÍ»ע¹ Play Store^ 'ELL, Krit, Memee Thechoco, ŹÃ¹ÒÁ.^^= CODER & MODDER^ 'ELL, SabiMiyato.^^< ĕ´˅ÍƇƤâÍ & ¡ÃÒſ¡^ Shibosan, ɫŪÇ.^^= ڌĈ´ŇÒàÇÍΓĊ¹ 1.0-1.8.8^ SORNZiLLATE, NoTSoXDream, JASON.^^< ·íÒàƩÂºę¡á»Å^ Davykun, iParnRequiem, PangInFN, ProfessorHydra, Tawan, unknownwmz.^^= ¢ÍºȤ³ƧÁ§Ò¹àŴÁ^ Artdekdok, cybertorns, MiXEL.SC, NoTSoXDream, Pigter, sornzilla, superogira.^^< Chief Beta Tester^ Grace Manassanan.^^= Beta tester^ Alice, Agist, Anel, BirdBBK, Kazuma, PadalPrussus, TaNGGoDZeeD, wa.%item money 500 501 %%[#]¨´ËÁÒÂ¨Ò¡·ÕÁá»Å"
    }
}
