{
    "header": {
        "target": "w",
        "formatVersion": 5,
        "hidef": true,
        "compressed": 128
    },
    "readers": [
        {
            "type": "Microsoft.Xna.Framework.Content.DictionaryReader`2[[System.String, mscorlib, Version=4.0.0.0, Culture=neutral, PublicKeyToken=b77a5c561934e089],[System.String, mscorlib, Version=4.0.0.0, Culture=neutral, PublicKeyToken=b77a5c561934e089]]",
            "version": 0
        },
        {
            "type": "Microsoft.Xna.Framework.Content.StringReader",
            "version": 0
        }
    ],
    "content": {
        "Green Slime": "24/5/0/0/false/1000/766 .75 766 .05 153 .1 66 .015 92 .15 96 .005 99 .001/1/.01/4/2/.00/true/3/ÊäÅÁìà¢ÕÂÇ",
        "Dust Spirit": "40/6/0/0/false/1000/382 .5 433 .01 336 .001 84 .02 414 .02 97 .005 99 .001/2/.00/4/3/.00/true/2/ÀÙµ½Øè¹¼§",
        "Bat": "24/6/0/0/true/1000/767 .9 767 .4 108 .001 287 .02 96 .005 99 .001/1/.01/4/3/.00/true/3/¤éÒ§¤ÒÇ",
        "Frost Bat": "36/7/0/0/true/1000/767 .9 767 .55 108 .001 287 .02 97 .005 99 .001/1/.01/4/3/.00/true/7/¤éÒ§¤ÒÇ¹éÓá¢ç§",
        "Lava Bat": "80/15/0/0/true/1000/767 .9 767 .7 108 .001 287 .02 98 .005 99 .001/1/.01/4/3/.00/true/15/¤éÒ§¤ÒÇÅÒÇÒ",
        "Iridium Bat": "300/30/0/0/true/1000/386 .9 386 .5 386 .25 386 .1 288 .05 768 .5 773 .05 349 .05 787 .05 337 .008/1/.01/4/3/.00/true/22/¤éÒ§¤ÒÇÍÔÃÔà´ÕÂÁ",
        "Stone Golem": "45/5/0/0/false/1000/390 .9 80 .1 382 .1 380 .1 96 .005 99 .001/5/.01/3/2/.00/true/5/â¡àÅÁËÔ¹",
        "Wilderness Golem": "30/5/0/0/false/1000/771 .9 771 .5 770 .5 382 .1 86 .005 72 .001/1/.01/3/2/.00/true/5/â¡àÅÁ»èÒà¶×èÍ¹",
        "Grub": "20/4/0/0/false/1000/684 .6 273 .05 273 .05 157 .02 114 .005 96 .005 99 .001/0/.005/3/1/.00/true/2/µÑÇÍèÍ¹áÁÅ§",
        "Fly": "22/6/0/0/true/1000/684 .9 157 .02 114 .005 96 .005 99 .001/1/.005/13/2/.0/true/10/áÁÅ§ÇÑ¹¶éÓ",
        "Frost Jelly": "106/7/0/0/false/1000/766 .75 412 .08 70 .02 98 .015 92 .5 97 .005 99 .001/0/.01/4/2/.0/true/6/ÊäÅÁì¿éÒ",
        "Sludge": "205/16/0/0/false/1000/766 .8 157 .1 -4 .1 72 .01 92 .5 98 .005 99 .001/0/.01/4/2/.0/true/10/ÊäÅÁìâ¤Å¹",
        "Shadow Guy": "125/20/0/0/false/0/769 .75 769 .1 329 .02 337 .002 336 .01 335 .02 334 .04 203 .04 293 .03 108 .003 -4 .1 98 .005 99 .001/2/.01/-1/2/.0/true/15/Á¹ØÉÂìà§Ò",
        "Ghost": "96/10/0/3/false/0/768 .95 768 .1 156 .08 338 .08 -6 .2 97 .005 99 .001/3/.01/12/4/.0/true/15/¼Õ",
        "Carbon Ghost": "190/25/0/3/false/0/749 .99 338 .1/3/.01/12/4/.0/true/20/¼Õ¤ÒÃìºÍ¹",
        "Duggy": "40/6/0/0/false/0/286 .25 535 .25 280 .03 105 .02 86 .1 72 .01 96 .005 99 .001/0/.01/1/2/.0/true/10/µØè¹´Ñê¡¡Õé",
        "Rock Crab": "30/5/0/0/false/0/717 .15 286 .4 96 .005 99 .001/1/0/1/2/.0/true/4/»ÙËÔ¹",
        "Lava Crab": "120/15/0/0/false/0/717 .25 287 .4 98 .005 99 .001/3/0/1/3/.0/true/12/»ÙÅÒÇÒ",
        "Iridium Crab": "240/15/0/0/false/0/732 .5 386 .5 386 .5 386 .5/3/0/1/3/.0/true/20/»ÙÍÔÃÔà´ÕÂÁ",
        "Fireball": "1/18/0/0/true/0/72 .0000001/0/0/-1/3/.00/false/0/ºÍÅä¿",
        "Squid Kid": "1/18/0/0/true/0/768 .75 814 .2 336 .05 287 .1 288 .05 98 .005 99 .001/2/0/6/3/.0/true/15/Ê¤ÇÔ´¤Ô´",
        "Skeleton Warrior": "300/12/1/3/false/0/769 .25 105 .03 106 .03 166 .001 60 .04 232 .04 72 .03 74 .01 97 .005 99 .001/3/0/5/2/.0/true/15/â¤Ã§¡ÃÐ´Ù¹Ñ¡Ãº",
        "Crow": "1/0/0/1/false/0/-4 .9/3/0/5/2/.0/false/1/ÍÕ¡Ò",
        "Frog": "1/0/0/1/false/0/-4 .9/3/0/5/2/.0/false/1/¡º",
        "Cat": "300/0/0/0/false/0/-6 .001/3/0/6/2/.0/false/0/áÁÇ",
        "Shadow Brute": "160/18/0/0/false/0/769 .75 769 .1 337 .002 336 .01 335 .02 334 .04 203 .04 108 .003 -4 .1 98 .005 99 .001 74 .0005/2/.01/8/3/.0/true/15/¨Ôê¡â¡ëà§Ò",
        "Shadow Shaman": "80/17/0/0/false/0/769 .75 769 .2 337 .002 336 .01 335 .02 334 .04 108 .003 -4 .1 98 .005 99 .001 74 .0005/2/.01/8/3/.0/true/15/¤¹·Ã§à§Ò",
        "Skeleton": "140/10/0/2/false/2000/881 .5 881 .4 881 .2 579 .005/1/.01/8/2/.0/true/8/â¤Ã§¡ÃÐ´Ù¡",
        "Skeleton Mage": "60/5/0/2/false/2000/80 0/1/.01/8/2/.0/true/8/â¤Ã§¡ÃÐ´Ù¹Ñ¡àÇ·Âì",
        "Metal Head": "40/15/0/0/false/2000/768 .65 378 .1 378 .1 380 .1 380 .1 382 .1 98 .005 99 .001/8/.01/8/2/.0/true/6/à¨éÒËÑÇàËÅç¡",
        "Spiker": "5/15/0/0/false/2000/378 .1 378 .1 380 .1 380 .1 382 .1/4/.01/8/2/.0/true/1/Êä»à¡ÍÃì",
        "Bug": "1/8/0/0/false/2000/684 .76 157 .02 114 .005 96 .005 99 .001/0/0/-1/2/.0/true/1/áÁÅ§",
        "Mummy": "260/30/0/3/false/1000/768 .99 428 .2 428 .05 768 .15 243 .04 856 .01 99 .001 74 .001/0/.01/8/2/.0/true/20/ÁÑÁÁÕè",
        "Big Slime": "60/5/0/0/false/1000/766 .99 766 .9 766 .4 99 .001/0/.01/5/2/.0/true/7/ÊäÅÁìµÑÇãË­è",
        "Serpent": "150/23/0/2/true/1000/769 .99 769 .15 287 .15 226 .06 446 .008 74 .001/0/.01/13/2/.0/true/20/§Ù¾ÔÉ",
        "Pepper Rex": "300/15/0/0/false/1000/80 0/5/.01/3/2/.0/true/7/à¾¾à¾ÍÃì àÃ¡«ì",
        "Tiger Slime": "415/23/0/0/false/1000/766 .8 157 .1 -4 .1 72 .01 92 .5 98 .005 99 .001/0/.01/4/2/.0/true/20/ÊäÅÁìÅÒÂàÊ×Í",
        "Lava Lurk": "220/15/0/0/false/1000/881 .5 881 .4 881 .2 852 .15/5/.01/3/2/.0/true/12/¹Ñ¡«ØèÁÅÒÇÒ",
        "Hot Head": "250/18/0/0/false/2000/768 .65 287 .1 378 .1 378 .1 380 .1 380 .1 382 .1 833 .1 833 .1 98 .005 99 .001/8/.01/8/2/.0/true/16/¨ÍÁËÑÇÃéÍ¹",
        "Magma Sprite": "220/15/0/0/true/2000/848 .5 848 .2/8/.01/8/2/.0/true/15/ÀÙµáÁ¡ÁèÒ",
        "Magma Duggy": "380/16/0/0/false/0/831 .5 831 .5 288 .4 848 .4 848 .15/0/.01/1/2/.0/true/18/µØè¹´Ñê¡¡ÕéáÁ¡ÁèÒ",
        "Magma Sparker": "310/15/0/0/true/2000/848 .5 848 .2/8/.01/8/2/.0/true/17/áÁ¡ÁèÒ¨ÍÁ»Ð·Ø",
        "False Magma Cap": "290/15/0/0/false/0/851 .99 848 .5 848 .2/3/0/1/3/.0/true/14/àËç´áÁ¡ÁèÒ?",
        "Dwarvish Sentry": "300/18/0/0/true/0/60 .1 62 .1 64 .1 66 .1 68 .1 70 .1 72 .1/5/0/-1/3/.0/true/15/·ËÒÃÂÒÁ¤¹á¤ÃÐ",
        "Putrid Ghost": "500/25/0/3/false/0/749 .99/3/.01/12/4/.0/true/25/¼ÕàËÁç¹â©è",
        "Shadow Sniper": "300/18/0/0/false/0/769 .75 769 .1 337 .002 336 .01 335 .02 334 .04 203 .04 108 .003 -4 .1 98 .005 99 .001 74 .0005/2/.1/8/3/.0/true/20/¾ÃÒ¹à§Ò",
        "Spider": "200/15/0/0/false/0/769 .75 769 .1 337 .002 336 .01 335 .02 334 .04 203 .04 108 .003 -4 .1 98 .005 99 .001 74 .0005/2/.1/8/3/.0/true/15/áÁ§ÁØÁ",
        "Royal Serpent": "150/23/0/2/true/1000/769 .99 769 .15 287 .15 226 .06 446 .008 74 .001/0/.01/13/2/.0/true/20/à¨éÒáËè§§Ù¾ÔÉ",
        "Blue Squid": "80/18/0/0/true/0/768 .75 814 .2 336 .05 287 .1 288 .05 98 .005 99 .001/2/0/6/3/.0/true/15/ËÁÖ¡ÊÕ¤ÃÒÁ"
    }
}
