{
    "header": {
        "target": "w",
        "formatVersion": 5,
        "hidef": true,
        "compressed": 128
    },
    "readers": [
        {
            "type": "Microsoft.Xna.Framework.Content.DictionaryReader`2[[System.String, mscorlib, Version=4.0.0.0, Culture=neutral, PublicKeyToken=b77a5c561934e089],[System.String, mscorlib, Version=4.0.0.0, Culture=neutral, PublicKeyToken=b77a5c561934e089]]",
            "version": 0
        },
        {
            "type": "Microsoft.Xna.Framework.Content.StringReader",
            "version": 0
        }
    ],
    "content": {
        "Universal_Love": "74 446 797 373 279",
        "Universal_Like": "-2 -7 -26 -75 -80 72 395 613 634 635 636 637 638 724 459 873",
        "Universal_Neutral": "194 216 262 304 815",
        "Universal_Dislike": "-4 -8 -12 -15 -16 -19 -22 -24 -25 -28 -74 78 169 246 247 305 309 310 311 403 419 423 535 536 537 725 726 749 271",
        "Universal_Hate": "0 -20 -21 92 110 111 112 142 152 153 157 178 105 168 170 171 172 374 376 378 380 397 420 684 721 766 767 772 203 308 265 909 910",
        "Robin": "à̽Ð щã̋ĉ¹àËÃÍ? âËÇÇÇ ĉ¹ģ¡ġ¹ÁÒ¡àÅÂ˕Ð!!/224 426 636/¢ÍºȤ³¹Ð! щġ¹ƤÁÒ¡àÅÂ¨ƃ§æ!/-6 -79 424 709/à˝Í... ã̋ÁÒ... ŇÒäÁàËÃÍ?/16 330/̋Ð... щġ¹á˒ÁÒ¡æ àÅÂ¹Ð!/2/¢Íºã¨¹Ð щˉÒ¨ÐƱ»ÃÐâÂªΉʁä˴//",
        "Demetrius": "Ȥ³ã̋¼ÁàËÃÍ? щġ¹àђÂÁÁÒ¡æàÅÂ!/207 232 233 400/¢ÍºȤ³¤ģº! ¨Ð˵Í§àʛ¹ĕÇÍ˒Ò§чˉÒÊ¹ã¨ ÁÒ¡áˉ/-5 -79 422/...ġ¹ǴÍÍÐäÃˉÐ?/80 330/ä̍щġ¹ˉÒ¢ÂÐá¢Â§ÁÒ¡àÅÂ¹Ð/2/Ȥ³щƱթÒã¨¨ƃ§æ ¹Ð/-4/",
        "Maru": "ι¹ġ¹...? â̍̇ÒÇÇ @! щġ¹ˉÒ»ÃÐėºã¨Ɋ´æä»àÅÂ!/72 197 190 215 222 243 336 337 400 787 910/щàʛ¹¢Í§¢ħ­чɊ´ÂÍ´ÁÒ¡æ ¢ÍºȤ³¹Ð!/-260 62 64 66 68 70 334 335 725 726 909/â̍... ã̋ĉ¹àËÃÍ? ĉ¹¨ÐÇÒ§ġ¹ä̇µÃ§׉ÅÐā¹.../-4 330 414 410 404 724/ރ! à¸ÍŤ´˗Òĉ¹¨ÐªÍºä̍щàËÃÍ?/340 342 2 430 416/¢ÍºȤ³¹Ð//",
        "Sebastian": "¼ÁªÍºġ¹ÁÒ¡àÅÂ¹Ð Ȥ³ړä˴Ģ§ä§ˉÐ?/84 227 236 575 305/¢ÍºȤ³ ¼ÁªÍºġ¹¹Ð/267 614 276/...?/-81 30 -80/...¼Áà¡ƵÂ´à˨Òщ/-5 2 459 195 201 240 330 -26 873/...¢ÍºȤ³¹Ð/-4/",
        "Linus": "щġ¹Ɋ´ÂÍ´ä»àÅÂ! à˨ÒŇÒã̋ħ¹׉ àʛ¹ħ¹žàÈÉä»àÅÂ¹ÐàщÂ/88 90 234 242 280/àʛ¹¢Í§¢ħ­чƤÁÒ¡àÅÂ ¢ÍºȤ³!/-5 -6 -79 -81/țÁ.. ˢÒäˑä˴ªÍºġ¹ę¡ËÃÍ¡¹Ð/-2 330/ŇÒäÁà˨Òǖ§ã̋¢Í§áºº׉ āºˢÒ˕Ð? Ť´˗Òà¾ÃÒÐˢÒ ÍÒĨÂÍԒã¹à˵¹· àÅÂ˵Í§ªÍº¢ÂÐǣä§/2/¢Í§¢ħ­àËÃÍ? Ƥ¨ƃ§/-4/",
        "Pierre": "щġ¹¢Í§â»Ã´¢Í§¼ÁàÅÂ! ¢ÍºȤ³¤ģº!/202/Ȥ³щʺÒ§ƱթÒã¨¨ƃ§æ ¼ÁªÍºġ¹ÁÒ¡àÅÂ˕Ð/-5 -6 -7 18 22 402 418 259/щġ¹ äˑãʺ¢Í§ч¼ÁªÍºàˇÒäË˓.../-2 -81 330/ä˴â»Ã´ Í˒ÒàÍÒġ¹ÁÒã̋¼Áƽ¡àÅÂ¹Ð¤ģº/167 -4 199 270 229 248/¢Í§¢ħ­àËÃÍ? ¢ÍºȤ³¤ģº!//",
        "Caroline": "à¸Í¨Ðã̋щ... āºĉ¹àËÃÍ? µÒÂ˕Ð ©-ĉ¹Ƥã¨¨¹ɮ´äˑɦ¡á̅Ç/213 614 593 907/â̍ ¾ÃÐà˨Ò! ã̋ĉ¹¨ƃ§æàËÃÍ?/-7 18 815 402 418/à̍Í äˑ˕Ð äˑ.../-81 330 300 306 307/¢ÂÐĊ´æàÅÂ ĉ¹ړǪ¡á˒¹ÐړäËÁ/80 296/â̍ Ƥ¨ƃ§ ¢Íºã¨¹Ð̘Ð//",
        "Abigail": "àÃÒģ¡Ъ§׉чɊ´àÅÂ˕Ð! à¸ÍщƤɊ´чàÅÂ @!/66 128 220 226 276 611 904/àͭ? ړä˴Ģ§ä§ˉÐ˗ÒàÃÒƋÇÍԒ? щġ¹ɤˉÒš¹ÁÒ¡àÅÂ!//ºÍ¡àÃÒËˉÍÂƊ ˗ÒàÃÒ¤ÇÃàÍÒġ¹ä»ŇÒÍÐäÃ?/-5 -75 -79 16 245 246/Ť´Ģ§ä§? ǖ§àÍÒà˨ÒщÁÒã̋àÃÒàщÂ!/330/àÍÒ¢Í§¢ħ­ÁÒã̋àËÃÍ? ¢ÍºȤ³¹Ð//",
        "Alex": "à̎ à͈§ä»àÅÂ! ĉ¹ªÍºà˨ÒщÁÒ¡àÅÂ˕Ð!/201 212 662 664/щġ¹àђÂÁàÅÂ! ¢ÍºȤ³¹Ð/-5/ȝÁ.. âÍà¤ ¢Íºã¨/16 330/àÍÒ¨ƃ§àËÃÍàщÂ? щġ¹¢ÂÐĊ´æ/80/¢Íºã¨!//",
        "George": "щġ¹¢Í§чĉ¹ªÍºġ¹ÁÒ¡ ¢Íºã¨à¸ÍÁÒ¡/20 205/¢Íºã¨/18 195 199 200 214 219 223 231 233/ι¹àʛ¹¢Í§¢ħ­чá˒ÁÒ¡/-80 16/щ¤§¨Ðàʛ¹¢Í§¢ħ­ ч˛ÇÂáµ¡чɊ´ чĉ¹à¤Âàʫ¹àƚÂÇ˕Ð ¢Íºã¨àËȕÍàš¹/22 80 330/¢Í§¢ħ­? ȞÁ...#$e#à¸ÍËħ§ÍÐäÃµÍºá·¹ǣà»˕Ò?//",
        "Evelyn": "*ɺ´ÅÁËÒÂã¨*... щġ¹ÁīÈ¨ÃÃΒÁÒ¡àÅÂ˕Ð˨Ð!$u#$e#à¸ÍŇÒã̋ڌËŭ§áʱæ ¤¹Ëѹ§Ʊ¤ÇÒÁɊ¢ÁÒ¡àÅÂ¹Ð˨Ð/72 220 239 284 591 595/µÒÂ¨ƃ§ ġ¹ɤÂÍ´àђÂÁä»àÅÂ˨Ð à¸ÍʺÒ§ƱթÒã¨àËȕÍàš¹/-6 18 402 418/ȝÁ.. ÂÒÂ¤ÇÃ¨ÐàÍÒġ¹ ä»ä̇µÃ§äË¹ƤàщÂ?/16 80/...¡Х¹ġ¹á˒ÁÒ¡àÅÂ/225 226 227 228 219 396 397 393 372 248 296 -4 330/ƤÍÐäÃÍ˒Ò§׉ ¢Íºã¨˨Ð//",
        "Lewis": "̇ÒÇ щġ¹¢Í§ªÍº¢Í§ĉ¹àƚÂÇ˕Ð! ¢ÍºȤ³ÁÒ¡àÅÂ!/200 208 235 614 260/¢ÍºȤ³¹Ð щġ¹Ƥ¨ƃ§æ!/-80 24 88 90 192 258 264 272 274 278/ȝÁ.. ĉ¹¨ÐȆÍ˗Òġ¹àʛ¹¤ÇÒÁã¨Ƥ ¢Í§à¸Íʁá̅Çā¹.../-6 16 330/ä̍щ ġ¹ŇÒã̋ĉ¹ړǪ¡äˑƤàÅÂ¹Ð àʛ¹¢Í§¢ħ­ чˉÒ¡ĥÇÍÐäÃáºº׉/80/à¸ÍщàؽÍàدÍÁÒ¡àÅÂ ¢ÍºȤ³ÁÒ¡¹Ð//",
        "Clint": "ãʺàÅÂ! щàʛ¹¢Í§чˢÒËÒÍԒ¾ÍƤ!/60 62 64 66 68 70 336 337 605 649 749/àʛ¹¢Í§½Ò¡чˉÒÊ¹ã¨Ƥ¹Ð ¢ÍºȤ³ÁÒ¡!/334 335/*¶Í¹ËÒÂã¨*.../-80 2 16 80 /Ъ§׉ŇÒã̋ˢÒړǪ¡äˑÊºÒÂã¨/4/¢Íºã¨/-15/",
        "Penny": "¢ÍºȤ³ÁÒ¡àÅÂ! ĉ¹ªÍºЪ§׉ÁÒ¡æ!/60 376 651 72 164 218 230 244 254/¢ÍºȤ³˹Ò ġ¹ɤžàÈÉ¡˗Ò»¡ŵÁÒ¡àÅÂ˕Ð/-6 20 22/˝Ò.. щ.. ã̋ĉ¹àËÃÍ? ¢Íºã¨/-4 80 330 456 457 444 440 422 420/؍Â.. ¢Íâ·É¨ƃ§æ¹Ð á˅ĉ¹à¡ƵÂ´ġ¹ÁÒ¡àÅÂ˝Ð/446 346 348 303 304 398 459 873/¢ÍºȤ³˨Ð ġ¹ɤƤĈ§àÅÂ//",
        "Pam": "à̎! щġ¹Ʊ¤ÇÒÁËÁÒÂÁÒ¡àÅÂ¹Ð! ¢Íºã¨ÁÒ¡æ à˨ÒËɩ/24 90 199 208 303 346 459 873/à¸ÍŇÒƤÁÒ¡àÅÂà˨ÒËɩ ¢Íºã¨!/-6 -75 -79 18 227 228 231 232 233 234 235 236 238 402 418/ġ¹äˑãʺ¢Í§чĉ¹ªÍº àˇÒäË˓ËÃÍ¡/-5 16 80 330/ä̍щġ¹ˉÒà¡ƵÂ´ÁÒ¡àÅÂ¹Ð$u#$e#(щġ¹¾Ç¡µÅ¡̃ÒÂ ÍÐäÃáººԹ¹ǣà»˕Ò?)/149 151/¢Íºã¨ÁÒ¡ à˨ÒËɩ/-4/",
        "Emily": "¢Í§¢ħ­щġ¹àУ´ÁÒ¡àÅÂ! ¢ÍºȤ³ÁÒ¡æ ¹Ð!/60 62 64 66 68 70 241 428 440/¢ÍºȤ³¹Ð! ĉ¹ړǪ¡ǖ§¤ÇÒÁړǪ¡Ƥæ ˌÒ¹¢Í§¢ħ­щàÅÂ/18 82 84 86 196 200 207 230 235 402 418/â·ÉƧ¹Ð @ ĉ¹äˑªÍºġ¹ˉÐ/78 2 232 233 225 226/¢Í§¢ħ­чàʕÁä»˴ÇÂ ¤ÇÒÁړǪ¡áʷÅº¢¹Ò´׉ ĉ¹äˑÍÂÒ¡ä˴ËÃÍ¡¹Ð/212 213 227 228/¢Íºã¨¹Ð!//",
        "Haley": "¾ÃÐà˨Ò щġ¹¢Í§ªÍº¢Í§ĉ¹àÅÂ˕Ð!!/221 421 610 88/*̍Ò»Ò¡ˤÒ§*...ã̋ĉ¹? ¢ÍºȤ³¹Ð!!/18 60 62 64 70 88 222 223 232 233 234 402 418/à˝Í.. щġ¹àʛ¹¢Í§¢ħ­чàЉÁÁÒ¡/-5 -6 -75 -79 -81 80 -27/ˉÒ¢ÂÐá¢Â§!/-4 2 16 330 74/¢ÍºȤ³¹Ð ĉ¹ªÍº¢Í§¢ħ­ˉÐ//",
        "Jas": "*̍Ò»Ò¡ˤÒ§*...̇ÒÇ!! ¢ÍºȤ³¹Ð¤Ð!$h/221 595 604/Ëɩģ¡¢Í§¢ħ­! ¢ÍºȤ³ʴÒ!/18 60 64 70 88 232 233 234 222 223 340 344 402 418 903/щǴÍ¢Í§¢ħ­ã̋ËɩàËÃÍ...$s/-5 -81 -75 -79 80/ތÂ ġ¹áËÂÐæ ˴ÇÂ˝Ð$s/253 395 459 -26 2 16 330 873/¢ÍºȤ³ʴÒ!//",
        "Vincent": "̇ÒÇ ¢ÍºȤ³ÁÒ¡æ ÎÐ! ! щġ¹ÂÍ´àђÂÁÁÒ¡!/221 398 612 721 903/ã̋¼ÁàËÃÍ? ̇ÒÇ ¢ÍºȤ³ÎÐ!/18 60 64 70 88 232 233 234 222 223 340 344 402 418/щġ¹äˑÊȹ¡¹ÐÎÐ...$s/-5 -75 -79 -81 80/ËǢÂ щġ¹ÍÐäÃ˝Ð?$s/253 395 459 -26 2 16 330 873/¢ÍºȤ³ÎÐ!//",
        "Jodi": "â̍ ˉÒģ¡ÍÐäÃÍ˒Ò§׉¹Ð ĉ¹ģ¡ġ¹ÁÒ¡àÅÂ˕Ð˨Ð!/72 200 211 214 220 222 225 231/¢Íºã¨¹Ð щŇÒã̋ħ¹׉ àʛ¹ħ¹žàÈÉ¢Í§ĉ¹àÅÂ˕Ð/-5 -6 -79 18 402 418/ȞÁ... ĉ¹˗Òĉ¹¤§àÍÒġ¹ ä»Ëġ¡àʛ¹ݾÂä˴˕ÐՁ§.../-81 80 248 330/*Ë˹Òƛ´*... ĉ¹à¡ƵÂ´ġ¹.../18 22 396/à¸ÍщˉÒģ¡¨ƃ§æàÅÂ ¢Íºã¨˨Ð//",
        "Kent": "â̍...! áˑà¤Âã̋¢Í§áºº׉āº¼Á µÍ¹àʔ¡æ ˕Ð щŇÒã̋¼ÁǙ¡ǖ§¤ÇÒÁ·Ã§ĸÒƤæ µÍ¹Թ¹àÅÂ ¢ÍºȤ³ÁÒ¡/607 649/à̎ щġ¹àʛ¹¢Í§¢ħ­чƤÁÒ¡æ àÅÂ¹Ð ¢ÍºȤ³/-5 -79 18 402 418/˝Ò... щġ¹... ġ¹ǴÍÍÐäÃˉÐ? țÁ.../80 330 416 873/щ... ¾Ç¡ġ¹ã̋¼Áš¹à˨ÒщµÍ¹ч àʛ¹àªÅÂÍԒã¹Ȥ¡â¡â·â˓ ¼ÁıÒĥ§¾ÂÒÂÒÁ¨ÐȕÁġ¹ÍԒ *ĕÇϊ¹*/-6 2 227 229 456/Ȥ³ƱթÒã¨ÁÒ¡àÅÂ ¤ÃÍº¤ģÇ¢Í§¼Á¨Ð˵Í§ªÍºġ¹áˉ//",
        "Sam": "щáËÅÐ! ãʺàÅÂ! äˑƱÍÐäÃч¼Á¨ÐªÍº ä»ÁÒ¡¡˗Ò׉á̅Ç˕Ð!/90 206 655 658 562 731/¢Íºã¨! ¼ÁªÍºġ¹ÁÒ¡æ àÅÂ/167 210 213 220 223 224 228 232 233 239 -5/ȞÁ... щġ¹... ʁˉÒÊ¹ã¨˕ÐՁ§/-81 80 152 330 -75/Ȥ³àˢÒã¨ÍÐä˺Ò§ǣà»˕ÒàщÂ țÍ?/306 307 342 -15 2/Ȥ³àÍÒÁÒã̋¼ÁàËÃÍ ¢ÍºȤ³!//",
        "Leah": "âË! ıÒĥ§ÍÂÒ¡ä˴ÍԒ¾ÍƤàÅÂ˕Ð! ¢ÍºȤ³ÁÒ¡àÅÂ¹Ð!/196 200 348 606 651 650 426 430/àʛ¹¢Í§¢ħ­чƤÁÒ¡àÅÂ! ¢Íºã¨¹Ð!/-5 -6 -79 -81 18 402 169 406 408 418 86/ȝÁ.. ÃÊŹÂÁ¢Í§á˅ÅÐ¤¹ ¤§äˑʴÍÂàËȑÍ¹ā¹Ɗ¹Ð/-2 2 152 330 221 223 229 232 233 241 209 194/àʛ¹¢Í§¢ħ­чá˒ä»Ź´¹Ð ړäËÁ?/305 211 210 206 216/¢Íºã¨˨Ò//",
        "Shane": "â̍ ̇ÒÇ @! Ȥ³ړä˴Ģ§ä§ˉÐ ˗Òщġ¹àʛ¹¢Í§ªÍº¢Í§¼Á?/206 215 260 346/щġ¹àђÂÁä»àÅÂ ¢Íºã¨!/-5 -79 303/¼ÁäˑªÍºġ¹àÅÂ/-81 152 330/ŇÒäÁȤ³ǖ§àÍÒ¢ÂÐ¢Í§Ȥ³ ÁÒã̋¼ÁˉÐ?/80 342/â̍ ã̋¼ÁàËÃÍ ¢Íºã¨!//",
        "Marnie": "щàʛ¹¢Í§¢ħ­чàђÂÁчɊ´àÅÂ! ¢Íºã¨˨Ð!!/72 221 240 608/¢Íºã¨˨Ð!/-5 -6 402 418/â̍.. ¨Ðģºä̇á̅Çā¹˨Ð/16 152/щġ¹äˑƱ»ÃÐâÂªΉÍÐäÃàÅÂ... ĉ¹äˑàˢÒã¨à¸ÍàÅÂ/330/¢Íºã¨˨Ð ġ¹ɤƤÁÒ¡àÅÂ//",
        "Elliott": "@ щàʛ¹¢Í§¢ħ­чÊÇÂ§ÒÁÁÒ¡àÅÂ ¢Íºã¨¹Ð!/715 732 218 444 637 814/щã̋¼ÁàËÃÍ? ˉÒƂ¹Ƥ¨ƃ§æ àÅÂ!/727 728 -79 60 80 82 84 149 151 346 348 728/ȝÁ.. ¼Áäˑä˴äˑªÍºġ¹ËÃÍ¡¹Ð/16 206 330 -79 -81 -6/à˨ÒщŇÒã̋¼ÁړǪ¡á˒ ˵Í§ä»ÃÐºÒÂÍÒÃÁ΃ËˉÍÂ˕Ð/80 154 300 296/â̍ ¢Í§¢ħ­! ¢ÍºȤ³¹Ð!/-4/",
        "Gus": "à¸Í¨Ðã̋à˨Òщ... āºĉ¹àËÃÍ? ĉ¹äˑړ¨Ð¢ÍºȤ³Ģ§ä§Ƥ/72 213 635 729 907/â̍ ¾ÃÐà˨Ò! ã̋ĉ¹¨ƃ§æ àËÃÍ?/348 303 -7 18/äˑ äˑ äˑ.../16 330/щġ¹¢ÂÐĊ´æ ĉ¹ړǪ¡äˑªÍºàÅÂ¹Ð?/80 167 648/â̍ Ƥ¨ƃ§ ¢Íºã¨ÁÒ¡//",
        "Dwarf": "à̎ ˢÒªÍº¢Í§¾Ç¡׉¹Ð à˨Ò¨ÐËÒ¢Í§Ƥæ áºº׉ä˴¨Ò¡ã¹àËȑÍ§˕Ð/554 60 62 64 66 68 70 749/ÍÒ.. ġ¹ŇÒã̋ˢÒŤ´ǖ§˺Ò¹/78 82 84 86 96 97 98 99 121 122/țÁ... ¾Ç¡ÁȹÉΒªÍº¢Í§áºº׉Ɗ¹Ð?/-5 -6 16 -81 2 4 330/ˢÒäˑÊ¹ËÃÍ¡¹Ð ˗Òà˨Ò¨Ðàʛ¹àˌÒĞ¹ۨäË¹ á˅щġ¹àʛ¹¢ÂÐä̃ʴÒ//à¤ҳÍ§ɪªÒ! ¢Íºã¨ÁÒ¡/-28/",
        "Wizard": "ÍÒÒ à˨ÒЪ§׉ġ¹àʕÁä»˴ÇÂ ¾ĥ§§Ò¹וĥºчáʂ§á¡˓§ ġ¹¨ÐƱ»ÃÐâÂªΉāº¡ÒÃǨ¡ÉÒ ¢Í§ˢÒÁÒ¡ƧàƤÂÇ ¢Íºã¨ÁÒ¡!/155 422 769 768/¢Íºã¨¨ƃ§æ à˨ÒЪ§׉ƱȤ³ÊÁĚŵËÅÒÂÍ˒Ò§ чˉÒÊ¹ã¨äˑ˹ÍÂƧàƤÂÇ/-12 72 82 84/à˨ÒЪ§щġ¹?... ˢÒŤ´˗ÒˢÒ¨ÐÅÍ§âÂ¹ġ¹ Å§ä»ã¹¡Í§ä¿ á̅ÇÃÍɤ˗Ò¨Ðàš´ÍÐäÃע¹˺Ò§/-5 -6 -81 2 16 330 766/ҍ¡¡... à˨ÒЪ§׉ ġ¹àʕÁä»˴ÇÂ¤ÇÒÁ¸ÃÃÁ´Ò ˶Òàʛ¹ä»ä˴ ʁäˑ˵Í§àÍÒÁÒã̋ˢÒƽ¡á̅Ç¹Ð//¢Íºã¨ à˨ÒЪ§׉ ġ¹¨ÐƱ»ÃÐâÂªΉÁÒ¡ƧàƤÂÇ ˢÒŤ´˗Òԧ¹¹Ð//",
        "Harvey": "ã̋¼ÁàËÃÍ? щàʛ¹¢Í§ч¼ÁªÍºÁÒ¡æ àÅÂ! Í˒Ò§āº˝Ò¹ã¨¼ÁÍÍ¡ Í˒Ò§Թ¹áËÅÐ/348 237 432 395 342/ι¹àʛ¹¢Í§¢ħ­чƤÁÒ¡ ¢ÍºȤ³¹Ð!/-81 -79 -7 402 614 418 422 436 438 442 444 422/țÁ... áˉã¨á̅ÇàËÃÍ ˗Òġ¹Ƥ˅ÍɊ¢ÀÒ¾ˉÐ?/-4 424 426 2 330 233 232 238 234 223 222 221 220 216 211 210 208 206 205/...¼Á˗Ò¼Áá˾¢Í§¾Ç¡׉¹Ð/296 245 397 396 394 393 392/¢ÍºȤ³ Ȥ³àʛ¹¤¹чƱթÒã¨ÁÒ¡àÅÂ//",
        "Sandy": "âÍ̍! ĉ¹˕Ðģ¡´Í¡ä́¨Ò¡ɋºà¢Ò¨ƃ§æ ˹Ò Ʊ¤ÇÒÁɊ¢¨ƃ§æ àÅÂ!~/18 402 418 905/ġ¹ɤÊÇÂĈ§àÅÂ ¢Íºã¨ÁÒ¡¹Ð!/-75 -79 88 428 436 438 440/â̍... ȝÁ.. ¢Íºã¨á̅Çā¹/-4 2 330/*´Á* ...щġ¹ÍÐäÃˉÐ?//ã̋ĉ¹Ɗ¹Ð? ¢ÍºȤ³!//",
        "Willy": "àђÂÁàÅÂ! щ˶ÒˎÍ¢Í§ĉ¹Ģ§ÍԒ¹Ð à¢Ò¤§Ƥã¨àʛ¹˺Òáˉæ/72 143 149 154 276 337 698/ġ¹ɤƤ¨ƃ§æ ¢ÍºȤ³ÁÒ¡!/66 336 340 699 707 198 202 209 212 213 214 219 225 727 730 728 732/ȞÁ... à¸ÍªÍº¢Í§áºº׉ԧ¹àËÃÍ? țÍ/-7 -81 2 4 330/...*´Á*... ¤§¾Í¨ÐàÍÒä»àʛ¹ àËҲÍ˕Í»ÅÒäËÇ˕ÐՁ§//¢Í§¢ħ­! ¢ÍºȤ³/-4 227 228 242/",
        "Krobus": "щàʛ¹¢Í§¢ħ­чƇàÈÉÁÒ¡ ŚÒËģº¾Ç¡àÃÒá̅Ç ġ¹àʛ¹àƑÂÃŵÍ˒Ò§Т§ чƱ¤¹ÁÒÁÍºã̋¹Ð/72 16 276 337 305 308/¢ÍºȤ³ÁÒ¡/66 265 336 340/ÁȹÉΒщʺÒ§... ƱÃÊŹÂÁчˉÒÊ¹ã¨/-7 -81 2 330/â̍... ȝÁ.. ˢÒ¨Ðģºġ¹ä̇á̅Çā¹//¢ÍºȤ³//",
        "Leo": "¼Áģ¡ĭ¹׉àÅÂáËÅÐ ¼Á¨ÐàÍÒġ¹ä»àʁº ã¹ģ§¢Í§¼Á¹Ð/444 289 834 906/Ȥ³áˉã¨ËÃÍ? щġ¹ƤÁÒ¡àÅÂ.../852 396 392 394 397 905/â̽Ð... ¼Áäˑړ˗Ò¼Á¨Ð˒ÍÂä̍щä˴ՁÂ.../-7 -81 2 330 303 459 342 346 348/*ȿ´ſ´* *ȿ´ſ´*... Ȥ³àÍÒä̍щã̋¼ÁŇÒäÁ˝Ð? ÍÂÒ¡ã̋¼Áĝ§ġ¹ã̋Ȥ³ËÃÍ?/257 253 247 271 283 304 303 346 873 348 459 167/¼Á¨Ðģº¢Í§¢ħ­¢Í§Ȥ³ä̇/-4 395/"
    }
}
