{
    "header": {
        "target": "w",
        "formatVersion": 5,
        "hidef": true,
        "compressed": 128
    },
    "readers": [
        {
            "type": "Microsoft.Xna.Framework.Content.DictionaryReader`2[[System.String, mscorlib, Version=4.0.0.0, Culture=neutral, PublicKeyToken=b77a5c561934e089],[System.String, mscorlib, Version=4.0.0.0, Culture=neutral, PublicKeyToken=b77a5c561934e089]]",
            "version": 0
        },
        {
            "type": "Microsoft.Xna.Framework.Content.StringReader",
            "version": 0
        }
    ],
    "content": {
        "House": "ÍÒ¤ÒÃ/-50 -10/Ëĥ§¤Ò/-25 0/¢ÍºáÅÐ»ÃÐɥ/-25 -8",
        "Log Cabin": "ÍÒ¤ÒÃ/-20 20/Ëĥ§¤Ò/-15 5/¢ÍºáÅÐ»ÃÐɥ/-10 5",
        "Stone Cabin": "ÍÒ¤ÒÃ/-15 25/Ëĥ§¤Ò/-15 5/¢ÍºáÅÐ»ÃÐɥ/-5 5",
        "Plank Cabin": "ÍÒ¤ÒÃ/-55 -20/Ëĥ§¤Ò/-10 5/¢ÍºáÅÐ»ÃÐɥ/-55 -30",
        "Stable": "ÍÒ¤ÒÃ/-20 5/Ëĥ§¤Ò/-25 0/¢ÍºáÅÐ»ÃÐɥ/-15 0",
        "Big Shed": "ÍÒ¤ÒÃ/-45 -10/Ëĥ§¤Ò/-20 5/¢ÍºáÅÐ»ÃÐɥ/-25 0",
        "Deluxe Coop": "ÍÒ¤ÒÃ/-25 0/Ëĥ§¤Ò/-15 5/¢ÍºáÅÐ»ÃÐɥ/-25 0",
        "Deluxe Barn": "ÍÒ¤ÒÃ/-15 0/Ëĥ§¤Ò/-10 5/¢ÍºáÅÐ»ÃÐɥ/-10 5/"
    }
}