{
    "header": {
        "target": "w",
        "formatVersion": 5,
        "hidef": true,
        "compressed": 128
    },
    "readers": [
        {
            "type": "Microsoft.Xna.Framework.Content.DictionaryReader`2[[System.Int32, mscorlib, Version=4.0.0.0, Culture=neutral, PublicKeyToken=b77a5c561934e089],[System.String, mscorlib, Version=4.0.0.0, Culture=neutral, PublicKeyToken=b77a5c561934e089]]",
            "version": 0
        },
        {
            "type": "Microsoft.Xna.Framework.Content.Int32Reader",
            "version": 0
        },
        {
            "type": "Microsoft.Xna.Framework.Content.StringReader",
            "version": 0
        }
    ],
    "content": {
        "1": "Location/Meet The Wizard/ÁÕ¨´ËÁÒÂ¶Ö§¤Ø³ ¨Ò¡¾èÍÁ´·éÍ§¶Ôè¹ à¢ÒÍéÒ§ÇèÒ ÁÕ¢éÍÁÙÅà¡ÕèÂÇ¡Ñº ÈÙ¹ÂìªØÁª¹à¡èÒ (Old Community Center)/ä»·ÕèËÍ¤ÍÂ¾èÍÁ´/WizardHouse/-1/0/-1/false",
        "2": "Basic/The Mysterious Qi/ã¹¡ÅèÍ§»ÃÔÈ¹Ò¹Õé ¤Ø³¾ºâ¹éµà¡ÕèÂÇ¡Ñº ¤Óá¹Ð¹Óá»Å¡æ Å§¹ÒÁâ´Â 'Mr. Qi'/âÂ¹à»Å×Í¡ËÍÂÊÕÃØé§ (Rainbow shell) ã¹¡ÅèÍ§·ÕèÊ¶Ò¹ÕÃ¶ä¿/null/-1/0/-1/false",
        "3": "Basic/The Mysterious Qi/¤Ø³ä´é¾ºâ¹éµá»Å¡æ ·Õèà¢ÕÂ¹¢Öé¹â´Â 'Mr.Qi' ¤Ó¢Í¹ÕéÂÔè§´ÙÂÔè§á»Å¡/ãÊèºÕ·Êì (Beets) 10 ËÑÇ ã¹µÙéàÂç¹ºéÒ¹ ¹ÒÂ¡àÅÇÔÊ/null/-1/0/-1/false",
        "4": "Basic/The Mysterious Qi/¤Ø³ä´é¾ºâ¹éµá»Å¡æ ÍÕ¡ÍÑ¹¹Ö§ã¹µÙéàÂç¹¢Í§àÅÇÔÊ ¤ÃÑé§¹Õé¤Óá¹Ð¹Ó ÁÑ¹´Ù¤ÅØÁà¤Ã×ÍÁÒ¡æ/\"ãËéÍÒËÒÃÁ×éÍÊØ´·éÒÂ ¢Í§à¢Ò¡ÑºÁÑ§¡Ã·ÃÒÂ\"/null/-1/0/-1/false",
        "5": "Basic/The Mysterious Qi/¤Ø³ä´é¾ºâ¹éµá»Å¡æ ã¹´Ç§µÒ¢Í§ÁÑ§¡Ã·ÃÒÂ ´ÙàËÁ×Í¹ÇèÒ ¡ÒÃÅèÒÊÁºÑµÔ·Õèá»Å¡ »ÃÐËÅÒ´¢Í§ Mr. Qi ä´éÊÔé¹ÊØ´Å§áÅéÇ/µÃÇ¨ÊÍº¡Í§äÁé ¢éÒ§ºéÒ¹¢Í§¤Ø³/null/-1/0/-1/false",
        "6": "ItemHarvest/Getting Started/¶éÒ¤Ø³µéÍ§¡ÒÃ à»ç¹ªÒÇäÃèÅÐ¡ç ¤Ø³µéÍ§àÃÕÂ¹ÃÙé ¾×é¹°Ò¹«Ð¡èÍ¹ ãªé¨Íºà¾×èÍ¾ÃÇ¹´Ô¹ ¨Ò¡¹Ñé¹ËÇèÒ¹àÁÅç´ ãÊèã¹´Ô¹·Õè¾ÃÇ¹áÅéÇ Ã´¹éÓ·Ø¡ÇÑ¹¨¹¡ÇèÒ¾×ª¼Å ¨Ð¾ÃéÍÁÊÓËÃÑº ¡ÒÃà¡çºà¡ÕèÂÇ/»ÅÙ¡áÅÐà¡çºà¡ÕèÂÇ ËÑÇ¼Ñ¡¡Ò´ (Parsnip)/24/h7 8/100/-1/true",
        "7": "Building/Raising Animals/âÃºÔ¹ à¸Íà»ç¹ªèÒ§äÁé·éÍ§¶Ôè¹ ÍÒÈÑÂÍÂÙè·Ò§µÍ¹àË¹×Í¢Í§àÁ×Í§ ÊÓËÃÑº¡ÒÃáÅ¡à»ÅÕèÂ¹ ÇÑÊ´Ø¡Ñºà§Ô¹¹Ñé¹ à¸Í¨ÐÊÃéÒ§ÊÔè§¡èÍÊÃéÒ§ ã¹¿ÒÃìÁ¢Í§¤Ø³ ¤Ø³¨ÐµéÍ§ãËéà¸Í ÊÃéÒ§àÅéÒËÃ×ÍâÃ§¹ÒãËé à¾×èÍ·Õè¤Ø³¨Ð ÊÒÁÒÃ¶àÅÕéÂ§ÊÑµÇìä´é/¡èÍÊÃéÒ§àÅéÒ (Coop)/Coop/-1/100/-1/true",
        "8": "Crafting/Advancement/ã¹¢³Ð·Õè¤Ø³ ä´éÃÑº»ÃÐÊº¡ÒÃ³ì ¤Ø³¨Ð¤é¹¾ºÇÔ¸Õ »ÃÐ´ÔÉ°ì (Craft) ÊÔè§ãËÁèæ à¾×èÍ·Õè¨ÐÊÃéÒ§¡ÓäÃ áÅÐ·ÓãËéªÕÇÔµ§èÒÂ¢Öé¹ ÍÂèÒ§àªè¹ ËØè¹äÅè¡Ò (Scarecrow) ¨Ð»¡»éÍ§¾×ª¼Å¨Ò¡ÍÕ¡Ò ·Õè¨ÐÁÒ¡Ô¹¾×ª¼Å ÍÑ¹ÁÕ¤èÒ¢Í§¤Ø³/ÊÓàÃç¨ Farming level 1 áÅÐ»ÃÐ´ÔÉ°ìËØè¹äÅè¡Ò (Scarecrow)/8 true/-1/100/-1/true",
        "9": "Social/Introductions/ÁÑ¹¨Ð´ÕÁÒ¡àÅÂ¹Ð ¶éÒ¤Ø³ä»á¹Ð¹ÓµÑÇ ¡Ñº¤¹Í×è¹æ ÃÍºæ àÁ×Í§ ºÒ§¤¹ÍÒ¨¨Ð ÃÙéÊÖ¡¡Ñ§ÇÑÅ·Õè¨Ðä´é¾º ªÒÇÊÇ¹¤¹ãËÁè ¡çä´é¹Ð/./null/25/0/-1/true",
        "10": "Basic/Copper Ore/¤Ø³¤é¹¾ºàÈÉ áÃè·Í§á´§ (Copper ore) ¤Ø³äÁèá¹èã¨ÇèÒ ¨Ðãªé§Ò¹ àÈÉªÔé¹ÊèÇ¹¹ÕéÂÑ§ä§ áµèªèÒ§µÕàËÅç¡ ·éÍ§¶Ôè¹ÃÙéÇÔ¸Õ/¹ÓàÈÉ áÃè·Í§á´§ (Copper ore) ä»·ÕèÃéÒ¹µÕàËÅç¡¢Í§¤ÅÔ¹·ì/./-1/0/-1/false",
        "11": "Crafting/Forging Ahead/ËÒ¡¤Ø³µÑé§ã¨ ¨Ð¢Ø´àËÁ×Í§µèÍä»ÅÐ¡ç ¤Ø³¹èÒ¨ÐÊÃéÒ§àµÒËÅÍÁ¹Ð/»ÃÐ´ÔÉ°ìàµÒËÅÍÁ (Furnace) ÊÑ¡àµÒ/13 true/12/0/-1/true",
        "12": "ItemHarvest/Smelting/µÍ¹¹Õé¤Ø³ä´éÊÃéÒ§ àµÒËÅÍÁáÅéÇ ÊÒÁÒÃ¶¶ÅØ§áÃè ºÒ§ÍÂèÒ§ä´é µÒÁ¤Óá¹Ð¹Ó¢Í§¤ÅÔ¹·ì ¶éÒ¤Ø³ãÊè áÃè·Í§á´§ (Copper ore) 5 ¡éÍ¹ áÅÐ ¶èÒ¹ (Coal) 1 ¡éÍ¹ ã¹àµÒËÅÍÁÅèÐ¡ç ¤Ø³¨Ðä´éÃÑºá·è§·Í§á´§ (Copper bar) 1 á·è§/ãªé§Ò¹àµÒËÅÍÁ (Furnace) à¾×èÍÊÃéÒ§á·è§·Í§á´§ (Copper Bar) ÊÑ¡ªÔé¹/334 1/-1/0/-1/true",
        "13": "Basic/To The Beach/ºÒ§¤¹·Õèª×èÍÇÔÅÅÕèä´éªÇ¹¤Ø³ä»·Õè ªÒÂËÒ´·Ò§µÍ¹ãµé ¢Í§àÁ×Í§ à¢ÒºÍ¡ÇèÒ ÁÕ¢Í§ºÒ§ÍÂèÒ§ ¨ÐÁÍºãËé¤Ø³/ä»·ÕèÃÔÁªÒÂËÒ´ ¡èÍ¹ 5 âÁ§àÂç¹/-1/-1/0/-1/true",
        "14": "Basic/Explore The Mine/ÁÕàËÁ×Í§à¡èÒæ ÍÂÙè·ÕèÀÙà¢Ò ·Ò§àË¹×Í¢Í§àÁ×Í§ ÍÒ¨¾ºáÃèÅéÓ¤èÒ¢éÒ§ã¹ áµèÁÒÃìÅÍ¹ºÍ¡ÇèÒ ÁÑ¹¤èÍ¹¢éÒ§·Õè¨Ð ÍÑ¹µÃÒÂ/Å§ä»ªÑé¹·Õè 5 ¢Í§àËÁ×Í§/17/17/0/-1/false",
        "15": "Monster/Initiation/¶éÒ¤Ø³¦èÒ ÊäÅÁì 10 µÑÇä´é ¤Ø³¨Ðä´éÃÑºµÓáË¹è§ ã¹ÊÁÒ¤Á¹Ñ¡¼¨­ÀÑÂ (Adventurer's Guild) /¦èÒ 0 ã¹ 10 ÊäÅÁì/Green_Slime 10/16/0/-1/false",
        "16": "Location/Initiation/¤Ø³»ÃÐÊº¤ÇÒÁÊÓàÃç¨ ã¹¡ÒÃ¦èÒ! ÊäÅÁì 10 µÑÇáÅéÇ µÍ¹¹Õé¤Ø³ÊÒÁÒÃ¶ à¢éÒä»ã¹ ÊÁÒ¤Á¹Ñ¡¼¨­ÀÑÂ (Adventurer's Guild) ä´éáÅéÇ/ à¢éÒä»ã¹ ÊÁÒ¤Á¹Ñ¡¼¨­ÀÑÂ /AdventureGuild/-1/0/-1/false",
        "17": "Basic/Deeper In The Mine/´ÙàËÁ×Í¹ÇèÒ ÅÔ¿·ì¢Í§àËÁ×Í§ ÂÑ§¤§·Ó§Ò¹ÍÂÙè ÁÑ¹¨ÐªèÇÂãËé¤Ø³ ÊÒÁÒÃ¶¡ÅÑºä»ªÑé¹·Õè¤Ø³ ¤é¹¾ºä´éÍÂèÒ§ÃÇ´àÃçÇ ã¹¡ÒÃÅ§ä»ªÑé¹ÅÖ¡æ /Å§ä»ªÑé¹·Õè 40 ¢Í§àËÁ×Í§ /18/18/0/-1/false",
        "18": "Basic/To The Bottom?/¨¹¶Ö§µÍ¹¹Õé äÁèÁÕÃèÍ§ÃÍÂ¢Í§ªÑé¹ÊØ´·éÒÂ ÁÑ¹ÅÖ¡á¤èäË¹¡Ñ¹¹Ð?/Å§àËÁ×Í§¶Ö§ªÑé¹ÊØ´·éÒÂ/-1/-1/0/-1/false",
        "19": "Basic/The Skull Key/¤Ø³¾º¡Ø­á¨ÃÙ»ÃèÒ§á»Å¡æ ·Õè¡é¹àËÁ×Í§ /ËÒÇÑµ¶Ø»ÃÐÊ§¤ì¢Í§¡Ø­á¨ÃÙ»ËÑÇ¡ÐâËÅ¡/-1/-1/0/-1/false",
        "20": "Basic/Qi's Challenge/¤Ø³¶Ù¡·éÒ·ÒÂãËéÅ§ ¶éÓËÑÇ¡ÐâËÅ¡¶Ö§ªÑé¹·Õè 25 ¤Ø³¨Ðä´éÃÒ§ÇÑÅÁÒ¡ÁÒÂ ËÒ¡¤Ø³·ÓÊÓàÃç¨/ Å§ä»·ÕèªÑé¹ 25 ¢Í§¶éÓËÑÇ¡ÐâËÅ¡ (Skull Cavern)/-1/-1/0/-1/false",
        "21": "Basic/Marnie's Request/ÁÒ¹ÕÁÒ·Õè¿ÒÃìÁáÅÐ¶ÒÁ¤Ø³ÇèÒ ¾Í¨ÐËÒá¤ÃÍ·¶éÓ (Cave Carrot) ä´éäËÁ à¸Í¡ÓÅÑ§¾ÂÒÂÒÁ ½Ö¡ãËéá¾ÐãËé¾Ù´ áÅÐ¾Ç¡ÁÑ¹´ÙàËÁ×Í¹¨ÐªÍºá¤ÃÍ·¶éÓ à»ç¹¢Í§ÇèÒ§ÁÒ¡/¾¡ á¤ÃÍ·¶éÓ (Cave Carrot) ÊÑ¡ÍÑ¹ ä»·ÕèÃéÒ¹¢Í§ÁÒ¹Õ/-1/-1/0/-1/true",
        "22": "Basic/Fish Casserole/â¨´ÕéµéÍ§¡ÒÃãËé¤Ø³ ä»¡Ô¹¢éÒÇàÂç¹´éÇÂ¡Ñ¹µÍ¹ 1 ·ØèÁ à¸ÍÁÕà¾ÕÂ§¤Ó¢Íà´ÕÂÇ ¤×ÍãËé¤Ø³¹Ó »ÅÒ¡Ð¾§»Ò¡¡ÇéÒ§ (Largemouth bass) ÁÒãËéà¸ÍÊÓËÃÑº·ÓËÁéÍµØë¹»ÅÒ /¹Ó»ÅÒ¡Ð¾§»Ò¡¡ÇéÒ§ (Largemouth bass) ÊÑ¡µÑÇ ä»ËÒâ¨´Õé·ÕèºéÒ¹µÍ¹ 1 ·ØèÁ (19:00) /-1/-1/0/-1/true",
        "23": "Location/Archaeology/¤Ø³¾ºÇÑµ¶Ø·Õè´ÙâºÃÒ³ ÁÑ¹ÍÒ¨à»ç¹ÊÔè§»ÃÐ´ÔÉ°ì ª¹Ô´Ë¹Öè§àÁ×èÍ¹Ò¹ÁÒáÅéÇ? ºÒ§·Õ¡Ñ¹à¸ÍÃì¼Ùé´ÙáÅ ¾Ô¾Ô¸ÀÑ³±ì·éÍ§¶Ôè¹ÍÒ¨ÁÕ¤ÓµÍº /¾Ù´¤ØÂ¡Ñº¡Ñ¹à¸ÍÃì·Õè¾Ô¾Ô¸ÀÑ³±ì/ArchaeologyHouse/-1/0/-1/true",
        "24": "Basic/Archaeology/¡Ñ¹à¸ÍÃì¢ÍãËé¤Ø³ ºÃÔ¨Ò¤ÇÑµ¶ØâºÃÒ³ (Artifacts) ËÃ×ÍáÃè (Minerals) ·Õè¤Ø³à¨Í ä»·Õè¾Ô¾Ô¸ÀÑ³±ì à¢ÒºÍ¡ÇèÒ à¢Ò¨ÐãËé¢Í§ËÒÂÒ¡¡Ñº¤Ø³ à»ç¹¤ÃÑé§¤ÃÒÇ/ºÃÔ¨Ò¤ÇÑµ¶ØâºÃÒ³ (Artifacts) ËÃ×ÍáÃè (Minerals) ãËé¡Ñº¾Ô¾Ô¸ÀÑ³±ì/-1/-1/250/-1/true",
        "25": "Basic/How To Win Friends/¡ÒÃÁÍº ¢Í§¢ÇÑ­ à»ç¹ÇÔ¸Õ·Õè´Õã¹¡ÒÃ ÊÃéÒ§ÁÔµÃÀÒ¾ àÃÕÂ¹ÃÙéÃÊ¹ÔÂÁ ¢Í§áµèÅÐ¤¹ áÅéÇ¨Ð·ÓãËé¤Ø³ à»ç¹·Õè¹ÔÂÁã¹ àÇÅÒäÁè¹Ò¹/ÁÍº¢Í§¢ÇÑ­ãËéã¤ÃÊÑ¡¤¹/-1/-1/100/-1/true",
        "26": "Basic/\"Rat Problem\"/ÁÕºÒ§ÍÂèÒ§á»Å¡æ ¡ÓÅÑ§à¡Ô´¢Öé¹ã¹ÈÙ¹ÂìªØÁª¹ (Community Center).../ÊÓÃÇ¨´éÒ¹ã¹¢Í§ÈÙ¹ÂìªØÁª¹ (Community Center)/-1/-1/0/-1/true",
        "27": "Basic/Goblin Problem/ÁÕ¡çÍºÅÔ¹ÁÒ¢ÇÒ§àÊé¹·Ò§ ä»ÂÑ§¡ÃÐ·èÍÁáÁèÁ´ µéÍ§ËÒÇÔ¸ÕºÒ§ÍÂèÒ§ ãËéà¢Ò¶ÍÂÍÍ¡ä».... ºÒ§·Õ©Ñ¹¤ÇÃËÒ¢éÍÁÙÅà¾ÔèÁàµÔÁ à¡ÕèÂÇ¡Ñº¾Ç¡¡çÍºÅÔ¹/ä»ãËé¶Ö§·Ò§à¢éÒ¡ÃÐ·èÍÁáÁèÁ´/-1/-1/0/-1/true",
        "28": "Basic/Dark Talisman/¾èÍÁ´¢ÍãËé©Ñ¹¹Ó ËÁÖ¡àÇ·Á¹µÃì (Magic ink) ¡ÅÑºÁÒ¨Ò¡ºéÒ¹ ¢Í§ÀÃÃÂÒà¡èÒ¢Í§à¢Ò... áµè¡ÒÃà¢éÒä»ã¹¹Ñé¹ ©Ñ¹¨ÐµéÍ§ÁÕÂÑ¹µìáËè§¤ÇÒÁÁ×´ (Dark Talisman) /à¢éÒÊÙè·èÍÃÐºÒÂ¹éÓáÅÐ¶ÒÁâ¤ÃºÑÊ à¡ÕèÂÇ¡ÑºÂÑ¹µìáËè§¤ÇÒÁÁ×´ (Dark talisman)/-1/-1/0/-1/false",
        "29": "Basic/Strange Note/¤Ø³¾ºâ¹éµ ÅÒÂÁ×ÍËÁÕà¢ÕèÂ ¢ÍãËé¤Ø³¹Ó \"àÁ-»Ò Å à« Í ÃØ¿\" ä»ÂÑ§ \"»è Ò ÅÖ¡ Åº\"/¹Ó \"àÁ-»Ò Å à« Í ÃØ¿ (àÁà»ÔéÅä«ÃÑ»)\" ä»ÂÑ§ \"»è Ò ÅÖ¡ Åº (»èÒÅÖ¡ÅÑº-Secret Woods)\"/-1/-1/0/-1/true",
        "30": "Basic/Cryptic Note/¤Ø³¾º¢éÍ¤ÇÒÁ·ÕèÍèÒ¹ÇèÒ \"ÁÕºÒ§¤¹ÃÍ¾º¤Ø³ÍÂÙè·ÕèªÑé¹ 100 ¢Í§ ¶éÓËÑÇ¡ÐâËÅ¡ (Skull Cavern) \"/Å§ä»ªÑé¹·Õè 100 ã¹¶éÓËÑÇ¡ÐâËÅ¡ (Skull Cavern)/-1/-1/0/-1/true",
        "31": "Basic/A Winter Mystery/¤Ø³¾ºà§Ò´Ó·Õè´Ù ¹èÒÊ§ÊÑÂá¶Ç»éÒÂÃ¶ºÑÊ àÁ×èÍ¤Ø³ÊÑ§à¡µàËç¹ ÁÑ¹¡çË¹Õä»·Ò§àÁ×Í§áÅéÇ ÍÒ¨à»ç¹àºÒÐáÊºÒ§ÍÂèÒ§¡çà»ç¹ä´é?/µÒÁËÒà§Ò´Ó/-1/-1/0/-1/true",
        "100": "LostItem/Robin's Lost Axe/âÃºÔ¹·Ó¢ÇÒ¹àÅèÁâ»Ã´¢Í§à¸ÍËÒÂ ¤ÃÑé§ÊØ´·éÒÂà¸Í¨Óä´éÇèÒ ãªéÁÑ¹µÑ´äÁé·ÕèºÃÔàÇ³µÍ¹ãµé ¢Í§¿ÒÃìÁ»ÈØÊÑµÇìÁÒ¹Õ/µÒÁËÒ¢ÇÒ¹¢Í§âÃºÔ¹/Robin 788 Forest 110 81/-1/250/-1/true/à̎ à¸ÍËÒ¢ÇÒ¹ĉ¹à¨Íá̅Ç! â˕§Í¡ä»Ƨ... ĉ¹àǱÍºĕ´֙Çà˷Òä»á̅Ç µÍ¹ã˪¢ÇÒ¹ƽ¡ĭ¹ ¢ÍºȤ³!",
        "101": "ItemDelivery/Jodi's Request/â¨´ÕéµéÍ§¡ÒÃ´Í¡¡ÐËÅèÓ ÊÓËÃÑºãªé·ÓÊÙµÃÍÒËÒÃ ·Õèà¸Í¡ÓÅÑ§·ÓÍÂÙè à¸Í¢ÍãËé¤Ø³àÍÒ ä»ãËéà¸ÍË¹Öè§´Í¡/¹Ó ´Í¡¡ÐËÅèÓ (Cauliflower) ä»ãËéâ¨´Õé Ë¹Öè§´Í¡/Jodi 190/-1/350/-1/true/â̍ ι¹ɤˉÒÍ˓ÍÂÁÒ¡! ¢ÍºȤ³ щáËÅÐчĉ¹˵Í§¡ÒÃ ġ¹¨Ð˵Í§ÊÁɪÃ΃áººŚÒËģº á¡§¡ÐËѓàËȕÍ§¢Í§ĉ¹",
        "102": "LostItem/Mayor's \"Shorts\"/¹ÒÂ¡à·ÈÁ¹µÃÕàÅÇÔÊ ä´é·Ó \"¡Ò§à¡§¢ÒÊÑé¹\" ÊÕÁèÇ§ËÒÂä» à¢Ò¢ÍãËé¤Ø³ªèÇÂ¤é¹ËÒ áÅÐ¹ÓÁÑ¹¡ÅÑºÁÒ¤×¹à¢Ò... ÍÂèÒ§à§ÕÂºæ /µÒÁËÒ ¡Ò§à¡§¢ÒÊÑé¹ÊÕÁèÇ§ ¹Óä»Êè§¤×¹ãËéàÅÇÔÊ/Lewis 789 AnimalShop 13 7/-1/750/-1/true/à¸Íà¨Íġ¹... чäË¹? ...â̍!...ȝÁÁÁ...ǫ#$b#ι¹ä§? ĉ¹äˑړ˗Òġ¹ ä»ÍԒчι¹ä˴Ģ§ä§...*áʴ¡ áʴ¡*#$b#ړā¹áʴà¸Íāºĉ¹¹Ð µÒÁ׉áËÅÐ?$u",
        "103": "ItemDelivery/Pam Is Thirsty/á¾Á¡ÓÅÑ§ÍÂÒ¡´×èÁàºÕÂÃìÊ´ (Pale ale) àºÕÂÃìáºº¸ÃÃÁ´Ò¤§äÁèªèÇÂ ¤Ø³ÊÒÁÒÃ¶ËÁÑ¡´éÇÂµÑÇàÍ§ä´é ¶éÒ¤Ø³ÁÕ´Í¡ÎçÍ¾ (Hops) áÅÐ¶Ñ§ËÁÑ¡ /ËÒàºÕÂÃìÊ´ (Pale ale) ä»ãËéá¾Á/Pam 303/-1/350/-1/true/àÍÒÁÒã̋ĉ¹ *Â¡«´*... ÍÒÒÒÒ ġ¹ãʺàÅÂ#$b#ġ¹àђÂÁÁÒ¡áÅÐ ё¡Х¹áÅÐÃÊ¢Í§´Í¡ʮÍ¾... Ʊ¡Х¹¢Í§ȎªµÐɑÅ̊ÁáÅÐÊ¹˴ÇÂ á˅˴ÇÂ¡Х¹áÅÐÃÊчàˢÁˢ¹ ŇÒã̋¾Ç¡ġ¹àˢÒā¹ä˴Ƥ#$b#¢Íºã¨¹Ð à˨ÒËɩ ġ¹Ʊ¤ÇÒÁËÁÒÂŚÒËģºĉ¹ÁÒ¡ ĉ¹ړ˗Òĉ¹Ѿ§¾Òà¸Íä˴$h",
        "104": "ItemDelivery/Crop Research/´ÔÁÕà·ÃÕÂÊ¨Óà»ç¹µéÍ§ãªé àÁÅèÍ¹Ê´æ ÊÓËÃÑº§Ò¹ÇÔ¨ÑÂ¢Í§à¢Ò /ËÒàÁÅèÍ¹ (Melon) ÁÒãËé ´ÔÁÕà·ÃÕÂÊ/Demetrius 254/-1/550/-1/true/щġ¹ÊÁɪÃ΃áºº! щáËÅÐǴÍЪ§чĉ¹˵Í§¡ÒÃ ŚÒËģº¡ÒÃƇĈÂ ǖ§ġ¹ÂÒ¡ ч¨Ðī¡̋ÒÁã¨ äˑã̋š¹ġ¹ʁà¶ÍÐ! ¢ÍºȤ³ŚÒËģºàÁ˕Í¹",
        "105": "ItemDelivery/Knee Therapy/¨ÍÃì¨µéÍ§¡ÒÃ¾ÃÔ¡ à¾×èÍºÃÃà·ÒÍÒ¡ÒÃ à¨çºà¢èÒ¢Í§à¢Ò/¹Ó¾ÃÔ¡ (Hot Pepper) ä»ãËé¨ÍÃì¨ /George 260/-1/200/-1/true/ä»ËÒ«Ð¹Ò¹àÅÂ¹Ð ҎÁÁÁÁ Í˒Ò§˹ÍÂʁʺÇÂã̋Ƥע¹ á̅Çʁàʜ´̃Í¹Ƥ˴ÇÂ ¢Íºã¨¹Ð",
        "106": "ItemDelivery/Cow's Delight/ÁÒ¹ÕÍÂÒ¡ãËéÍÒËÒÃ¾ÔàÈÉ á¡èÇÑÇ¢Í§à¸Í à¸Í¢Í¼Ñ¡â¢ÁÊÑ¡¡Ó/Êè§¼Ñ¡â¢Á (Amaranth) ãËéÁÒ¹Õ/Marnie 300/-1/500/-1/true/â̍ ι¹ġ¹Ĝ¡¢Áчĉ¹ ¢Íã̋à¸ÍàÍÒÁÒã̋щ¹Ò! ¢Íºã¨ÁÒ¡¹Ð... ¾Ç¡ħÇ¢Í§ĉ¹ ¨Ð˵Í§ģ¡ġ¹áˉæ!$h",
        "107": "LostItem/Blackberry Basket/ÁÑ¹à»ç¹Ä´ÙÊÓËÃÑºáºÅç¤àºÍÃìÃÕè (Blackberry) áµèÇèÒÅÕ¹ÑÊ ËÒµÐ¡ÃéÒ¢Í§à¢ÒäÁèà¨Í! à¢Ò¡ÓÅÑ§¢ÍãËé¤Ø³ ªèÇÂËÒµÐ¡ÃéÒ¢Í§à¢Ò à¢ÒäÁèÃÙéàÅÂÇèÒÁÑ¹ä»ÍÂÙè·ÕèäË¹/µÒÁËÒµÐ¡ÃéÒ¢Í§ÅÕ¹ÑÊ áÅéÇÊè§¤×¹ãËéà¢Ò/Linus 790 Backwoods 27 27/-1/0/-1/true/µÐ¡̃Ò¢Í§ĉ¹! ¢ÍºȤ³ ġ¹Ʊ¤ÇÒÁËÁÒÂāº¼ÁÁÒ¡$h",
        "108": "ItemDelivery/Carving Pumpkins/á¤âÃäÅ¹ìµéÍ§¡ÒÃ á¡ÐÊÅÑ¡¿Ñ¡·Í§¡Ñº ÅÙ¡ÊÒÇ¢Í§à¸Í à¸Í¢ÍãËé¤Ø³¹Ó¿Ñ¡·Í§ ¨Ò¡¿ÒÃìÁÁÒãËé/¹Ó¿Ñ¡·Í§ä»ãËéá¤âÃäÅ¹ì/Caroline 276/-1/500/-1/true/â̍ ğ¡·Í§щ! щàʛ¹¼ÅчƤàÅÂ... Íźà¡ÅƱ¤ÇÒÁɊ¢ÁÒ¡àұÍàʫ¹Ъ§׉ ¢ÍºȤ³ @!$h",
        "109": "ItemDelivery/Catch A Squid/ÇÔÅÅÕè·éÒãËé¤Ø³¨Ñº»ÅÒËÁÖ¡ à¢ÒºÍ¡ÇèÒ ¤Ø³ÊÒÁÒÃ¶µ¡ÁÑ¹ä´é ¨Ò¡ÁËÒÊÁØ·Ã µÍ¹¡ÅÒ§¤×¹µÍ¹Ë¹éÒË¹ÒÇ/ËÒ»ÅÒËÁÖ¡ (Squid) ãËéÇÔÅÅÕèÊÑ¡µÑÇ/Willy 151/-1/800/-1/true/à̎ Ȥ³ŇÒġ¹ä˴! äˑàÅÇ äˑàÅÇ ĉ¹»ÃÐėºã¨ÁÒ¡ #$b#Ä´Ë¹ÒÇàʛ¹ʺÇ§àÇÅÒчƤ ч¨Ðµ¡»ÅÒ˴ÇÂ àʚ´Ą¹àʱÒãʺՁÂ˕Ð?",
        "110": "ItemDelivery/Clint's Attempt/¤ÅÔ¹·ìµéÍ§¡ÒÃãËé¤Ø³¹ÓÍàÁ·ÔÊµì (Amethyst) ä»ãËéàÍÁÔÅÕ à¢ÒµéÍ§¡ÒÃãËé¤Ø³ºÍ¡à¸ÍÇèÒ à¢Òà»ç¹¤¹½Ò¡ÁÒãËé/ËÒáÃèÍàÁ·ÔÊµì (Amethyst) ä»ãËé àÍÁÔÅÕè/Emily 66/-1/0/-1/true/â̍ Ƌ¹чĉ¹ªÍºчɊ´! Ȥ³ʺÒ§ˉÒģ¡Ĉ§àÅÂ!$h#$b#àͭ? ¨Ò¡ã¤Ã¹Ð?$u#$b#â̍ Ȥ³ä˴ġ¹ÁÒ¨Ò¡̃Ò¹¢Í§¤ƅ¹·? äˑàʛ¹äÃĉ¹äˑÊ¹ã¨˗Ò Ȥ³ä˴ġ¹ÁÒ¨Ò¡äË¹ ġ¹ÊÇÂÁÒ¡! ¢ÍºȤ³! *˚§ɘº*$h",
        "111": "ItemDelivery/A Dark Reagent/¾èÍÁ´¢ÍãËé¤Ø³ Å§ä»ã¹àËÁ×Í§áÅéÇ¹Ó ËÔ¹áËè§¤ÇÒÁÁ×´ ÁÒãËéà¢Ò à¢ÒµéÍ§¡ÒÃ·Õè¨Ðãªéà¾×èÍ·Ó ÈÒÊµÃìÁ×´ºÒ§ÍÂèÒ§/ËÒËÔ¹áËè§¤ÇÒÁÁ×´ (Void Essence) ä»ãËé¾èÍÁ´/Wizard 769/-1/1000/-1/true/ÍÒ Ȥ³ŉÒġ¹ÁÒá̅Ç ä˴ģº¤ÇÒÁړǪ¡¢Í§Ȥ³¨Ò¡¼Á áÅÐàŧ¹ƽ¡ 1000g àʛ¹ÃÒ§ħÅ Ƨ׉ä»ä˴á̅Ç",
        "112": "ItemDelivery/A Favor For Clint/¤ÅÔ¹·ìä´é¤éÍ¹ÍÑ¹ãËÁè áÅÐà¢ÒµéÍ§·´ÊÍºÁÑ¹ ¡ÑºâÅËÐËÅÒÂæª¹Ô´/ËÒá·è§àËÅç¡ (Iron Bar) ÊÑ¡á·è§ä»ãËé¤ÅÔ¹·ì/Clint 335/-1/500/-1/true/à̎ ι¹ġ¹ǴÍáˇ§àËʥ¡ (Iron bar) чĉ¹¢Íщ ġ¹ɤáʂ§áÃ§Ƥ...ÊÁɪÃ΃áººàÅÂ#$b#¢ÍºȤ³¹Ð @ ĉ¹«Òº׫§ã¨¨ƃ§æ",
        "113": "ItemDelivery/Robin's Request/âÃº¹à¢ÕÂ¹¨´ËÁÒÂ¶Ö§¤Ø³ à¾×èÍ¢ÍäÁéà¹×éÍá¢ç§ /Êè§äÁéà¹×éÍá¢ç§ (Hardwood) 10 ªÔé¹ãËéâÃºÔ¹/Robin 709 10/-1/500/-1/true/â̍ à¸ÍàÍÒġ¹ÁÒá̅Ç! ĉ¹ړ˗Òĉ¹ÊÒÁÒÃ¶ Ѿ§¾Òà¸Íä˴àÊÁÍ @$h#$b#ؽÍțÁÁ... ä́щġ¹ÊÁɪÃ΃áººàÅÂ ġ¹ǴÍÍ˒Ò§чĉ¹˵Í§¡ÒÃà̫Ð ¢Íºã¨¹Ð!",
        "114": "ItemDelivery/Fish Stew/¡ÑÊÍÂÒ¡·ÓÊµÙÇì»ÅÒ áµèà¢ÒÍÂÒ¡ä´é »ÅÒÍÑÅºÒ¤ÍÃìã¹¡ÒÃ·Ó/Êè§»ÅÒÍÑÅºÒ¤ÍÃì (Albacore) ãËé¡ÑÊÊÑ¡µÑÇ/Gus 705/-1/400/-1/true/*ȿ´ſ´*...*ȿ´ſ´*... ι¹ġ¹ÍÐäÃˉÐ? ºÒ§Ъ§ч¡Х¹àËȑÍ¹»ÅÒĭÅºÒ¤ÍΓ (Albacore) !#$b#ÍÐ˞Ò! Ȥ³ŉÒġ¹ÁÒá̅Ç! ¢Íºã¨ÁÒ¡¹Ð!",
        "115": "ItemDelivery/Fresh Fruit/àÍÁÔÅÕµéÍ§¡ÒÃÊÑÁ¼ÑÊÄ´ÙãºäÁé¼ÅÔ à¸Í¢Í¼ÅáÍ»ÃÔ¤Íµ (Apricot) Ê´¨Ò¡¤Ø³ /¹Ó¼ÅáÍ»ÃÔ¤Íµä»ãËéàÍÁÔÅÕè/Emily 634/-1/600/-1/true/â̍... Ȥ³Ê¹ã¨ĴÒ¢Í¢Í§ĉ¹˴ÇÂ! ¢ÍºȤ³¹Ð ġ¹ɤˉÒÍ˓ÍÂÁÒ¡àÅÂ˕Ð!$h",
        "116": "ItemDelivery/Granny's Gift/¤Ø³ÂÒÂàÍàÇÍÅÔ¹µéÍ§¡ÒÃ à«ÍÃìä¾Ã«ìÊÒÁÕ¢Í§à¸Í ´éÇÂ¢Í§¢ÇÑ­¾ÔàÈÉ /¹Óµé¹ËÍÁ (Leek) ä»ãËé ¤Ø³ÂÒÂàÍàÇÍÅÔ¹/Evelyn 20/-1/500/-1/true/â̍ ¢ÍºȤ³¹Ðчģ¡ ËÍÁ˵¹׉ɤ¨ÐˉÒÍ˓ÍÂÁÒ¡àÅÂ ¨ÍΓ¨¨Ð˵Í§Ʊ¤ÇÒÁɊ¢ÁÒ¡áˉæ#$b#à¢Òģ¡ÍÒËÒÃà˪ÒчŇÒ¨Ò¡ ˵¹ËÍÁáÅÐäʲÁÒ¡àÅÂ",
        "117": "ItemDelivery/Pierre's Notice/»ÕáÍÃì¨Ð¨èÒÂ \"ÃÒ¤ÒÊÙ§ÊØ´\" ãËé¡Ñº¤¹·Õè¹Ó»ÅÒ´Ôº (Sashimi) ÁÒãËéà¢Ò àËç¹ä´éªÑ´ÇèÒàÇÅÒ¹Õé à¢ÒÁÕ¤ÇÒÁµéÍ§¡ÒÃÁÑ¹¨ÃÔ§æ /¹Ó»ÅÒ´Ôº (Sashimi) ä»ãËé »ÕáÍÃìÊÑ¡¨Ò¹/Pierre 227/-1/1000/-1/true/ė¹àÇÅÒ¾ÍƤ! ĉ¹ıÒĥ§àУÁч¨ÐĕÇϊ¹ÍԒ¾ÍƤ ĉ¹˵Í§¡ÒÃ»ÅÒщÁÒ¡æàÅÂ *ΧÁ*... ؽÁÁ µÍ¹׉ġ¹àђÂÁä»àÅÂ#$b#¢Íºã¨¹Ð @.$h",
        "118": "ItemDelivery/Aquatic Research/´ÔÁÕà·ÃÕÂÊ¡ÓÅÑ§ÈÖ¡ÉÒàÃ×èÍ§ ÃÐ´Ñº¢Í§¾ÔÉã¹»ÅÒ»Ñ¡à»éÒ à¢ÒµéÍ§¡ÒÃãËé¤Ø³ ¹Óä»ãËéà¢ÒÊÑ¡µÑÇ /¹Ó»ÅÒ»Ñ¡à»éÒ (Pufferfish) ä»ãËé´ÔÁÕà·ÃÕÂÊ/Demetrius 128/-1/1000/-1/true/Ȥ³ÁÒá̅Ç ĕÇÍ˒Ò§щġ¹ÊÁɪÃ΃áººÁÒ¡ ¼Á¨ÐàÍÒġ¹ä»áʺáʂ§ė¹ƧàÅÂ ¢Íºã¨¹Ð @!",
        "119": "ItemDelivery/A Soldier's Star/à¤¹·ìµéÍ§¡ÒÃãËé ÁÐà¿×Í§ (Starfruit) á¡èÀÃÃÂÒ¢Í§à¢Ò à»ç¹¢Í§¢ÇÑ­ÇÑ¹¤ÃºÃÍº /¹Ó ÁÐà¿×Í§ (Starfruit) ä»ãËéà¤¹·ì/Kent 268/-1/500/-1/true/à̎ ӺÇÇ... Í˒Òã̋â¨ׄàʫ¹¹Ð#$b#ÍÒ ġ¹ɤϙÒÁÒ¡àÅÂ à¸Í¨Ð˵Í§ģ¡ġ¹áˉæ ¢Íºã¨ÁÒ¡¹Ð$h",
        "120": "ItemDelivery/Mayor's Need/àÅÇÔÊÊµéÍ§¡ÒÃ¹éÓÁÑ¹·ÃÑ¿à¿ÔÅ (Truffle Oil) à¢ÒäÁèºÍ¡ÇèÒãªéÁÑ¹à¾×èÍÍÐäÃ ºÒ§·ÕÁÑ¹ÍÒ¨¨Ð äÁèãªèàÃ×èÍ§¢Í§¤Ø³/¹Ó¢Ç´¹éÓÁÑ¹·ÃÑ¿à¿ÔÅ (Truffle Oil) ä»ãËéàÅÇÔÊÊÑ¡¢Ç´/Lewis 432/-1/750/-1/true/Ȥ³ä˴թÒġ¹ÁÒá̅Ç? àÍÒÁÒã̋¼ÁɤËˉÍÂ...#$b#ġ¹ƱȤ³ÀÒ¾ɺ§àÅÂƧàƤÂÇ... ҵ¹àʛ¹ġ¹ƤÁÒ¡æ àђÂÁ ¢Íºã¨",
        "121": "ItemDelivery/Wanted: Lobster/¡ÑÊµÔ´»ÃÐ¡ÒÈà¾×èÍÅçÍºÊàµÍÃìÊ´æ/¹ÓÅçÍºÊàµÍÃì (Lobster) ä»ãËé¡ÑÊ/Gus 715/-1/500/-1/true/¡Х¹àËȑÍ¹ÅÍºΚàµÍΓ (Lobster) Ê´àÅÂ â̍ щġ¹ƤĈ§$h#$b#ɤáÅĕÇàÍ§˴ÇÂ¹ÐàҮÍ¹",
        "122": "ItemDelivery/Pam Needs Juice/ÃÕâÁ··ÕÇÕ ¢Í§á¾ÁáºµËÁ´ à¸ÍµéÍ§ÅÓºÒ¡à´Ô¹ä» à´Ô¹ÁÒÃÐËÇèÒ§·Õè¹Ñè§ ¡Ñº·Õèâ·Ã·ÑÈ¹ì/¹ÓáºµàµÍÃÕè (Battery Pack) ä»ãËéá¾ÁÊÑ¡¡éÍ¹/Pam 787/-1/400/-1/true/à̎ à¸ÍÁÒ¾̃ÍÁāºáºµàµÍѓ! ¢Íºã¨ àʔ¡˹ÍÂ... à¸ÍǴÍڌʺÇÂƚƇµ¢Í§ĉ¹!$h",
        "123": "ItemDelivery/Staff Of Power/¾èÍÁ´¡ÓÅÑ§ÊÃéÒ§ äÁéà·éÒ¾ÅÑ§ÁËÑÈ¨ÃÃÂì ã¤Ã¨ÐÃÙéÇèÒÁÑ¹ãªé·ÓÍÐäÃ à¢ÒµéÍ§¡ÒÃá·è§ÍÔÃÔà´ÕÂÁ à¾×èÍ·ÓãËéÁÑ¹ÊÓàÃç¨ /ËÒá·è§ÍÔÃÔà´ÕÂÁ (Iridium Bar) ÊÑ¡á·è§ ä»ãËé¡Ñº¾èÍÁ´/Wizard 337/-1/5000/-1/true/˝Ò ƍƃàƤÂÁчáÊ¹յÒʴÒ à¸ÍŇÒä˴àђÂÁÂÍ´ÁÒ¡ @ ¤ÇÒÁä˴ģº¤ÇÒÁړǪ¡¢Í§Ȥ³¨Ò¡¼Á Ƨ׉ä»ä˴á̅Ç",
        "124": "ItemDelivery/Catch a Lingcod/ÇÔÅÅÕè¡ÓÅÑ§·éÒ·ÒÂ¤Ø³ãËé¨Ñº»ÅÒÅÔ§¤Í´/¨Ñº»ÅÒÅÔ§¤Í´ (Lingcod) ä»ãËéÇÔÅÅÕèÊÑ¡µÑÇ/Willy 707/-1/550/-1/true/à̎ ι¹àʛ¹»ÅÒĕÇãËʽ¢Í§á˷àÅÂ! à¸Í¨Ð˵Í§ƱÊÒÂàȕÍ´¢Í§ ę¡µ¡»ÅÒäËÅàƷÂ¹ÍԒã¹ĕÇáˉ$h",
        "125": "ItemDelivery/Exotic Spirits/¡ÑÊµéÍ§¡ÒÃ·Ó â¤â¤-â¹-â¹è áµèà¢Ò¢Ò´ÊèÇ¹¼ÊÁËÅÑ¡/ËÒÅÙ¡ÁÐ¾ÃéÒÇ (Coconut) ÊÑ¡ÅÙ¡ ä»ãËé¡ÑÊ/Gus 88/-1/600/-1/true/ÁÐ¾̃ÒÇ (Coconut)!$h#$b#ġ¹¨Ð˵Í§ÊÁɪÃ΃áººŚÒËģº â¤âʴ-â¹-âˉ ¢Í§¼Á ¢Íºã¨!",
        "126": "ItemDelivery/Errand for your Wife/ÀÃÃÂÒ¢Í§¤Ø³¢ÍãËé¤Ø³ ¹Óä¿àºÍÃì 200 ªÔé¹ ä»ãËéà¸Íà¾×èÍ·Óâ»Ãà¨ç¤ÅÑº /¹Óä¿àºÍÃì (Fiber) ä»ãËéàÍÁÔÅÕè 200 ªÔé¹/Emily 771 200/-1/0/-1/false/̍â̍ щġ¹ɤÊÁɪÃ΃áººàÅÂ... á̅Çġ¹ʁÊÒÁÒÃ¶ËÒä˴àҳÍÂæ˴ÇÂ! ¢ÍºȤ³ÁÒ¡¹Ð @$h#$b#Ƨ׉ĉ¹ʁƱ§Ò¹чàËÁÒÐÊÁ ŚÒËģºĉ¹á̅Çƽ¡áʴäˑбħ¹àˇÒԹ¹ ġ¹ʁ¨Ð¾̃ÍÁá̅Ç˕Ð...",
        "127": "Basic/Haley's Cake-Walk/ÀÃÃÂÒ¢Í§¤Ø³ ¡ÓÅÑ§¨Ñ´§Ò¹¡ÒÃ¡ØÈÅ 'à´Ô¹áÅ¡à¤é¡ (Cake-Walk)' ã¹¨ÑµØÃÑÊ¡ÅÒ§àÁ×Í§ à¸Í¢ÍãËé¤Ø³¹Ó à¤é¡ªçÍ¡â¡áÅµÁÒ´éÇÂ/à¢éÒàÁ×Í§ã¹µÍ¹àªéÒ·ÕèÁÕá´´ ¾ÃéÍÁà¤é¡ªçÍ¡â¡áÅµ/-1/-1/0/-1/true",
        "128": "SecretLostItem/.../.../.../Abigail 191 100 129/-1/0/-1/false/ỄÍÂ¤Íι¹! à¸Íä»à¨Íġ¹ÁÒ¨Ò¡чäË¹ˉÐ?$7#$b#Ģ§ä§ʁµÒÁ ¢ÍºȤ³чàÍÒġ¹ÁÒã̋ĉ¹¹Ð @ áˑ¢Í§ĉ¹¨ÐäˑƱħ¹ړàҳÍ§׉...$h",
        "129": "SecretLostItem/.../.../.../Caroline 191 50 128/-1/0/-1/false/щǴÍÍÐäÃ? ỄÍÂ¤Íà̊¹àʱÒ¢Í§ĉ¹?$s#$b#ι¹ġ¹á»Å¡Ĉ§ ĉ¹äˑړ˴ÇÂ՛Ò˗Òġ¹ËÒÂä»... Ģ§ä§ʁµÒÁ ¢ÍºȤ³чàÍÒġ¹ÁÒǴ¹¹Ð @$h",
        "130": "Basic/The Pirate's Wife/Ë­Ô§ªÃÒ¼ÙéÍÒÈÑÂÍÂÙèº¹à¡ÒÐ¢Ô§ (Ginger Island) ¢ÍãËé¤Ø³ªèÇÂËÒ¢Í§´ÙµèÒ§Ë¹éÒ¢Í§ÊÒÁÕà¸Í à¸Íá¹ºÃÙ»¶èÒÂà¡èÒæ ¢Í§¹ÒÂ·ËÒÃ·Õèà¡ÂÍÂÙèº¹ªÒÂËÒ´ÁÒ´éÇÂ â´ÂËÇÑ§ÇèÒÁÑ¹¨Ð¾ÍªèÇÂÍÐäÃä´éºéÒ§/ËÒ¢Í§´ÙµèÒ§Ë¹éÒ¢Í§ÊÒÁÕ¢Í§àºÍÃì´Õé/-1/-1/0/-1/false"
    }
}
