{
    "header": {
        "target": "w",
        "formatVersion": 5,
        "hidef": true,
        "compressed": 128
    },
    "readers": [
        {
            "type": "Microsoft.Xna.Framework.Content.DictionaryReader`2[[System.Int32, mscorlib, Version=4.0.0.0, Culture=neutral, PublicKeyToken=b77a5c561934e089],[System.String, mscorlib, Version=4.0.0.0, Culture=neutral, PublicKeyToken=b77a5c561934e089]]",
            "version": 0
        },
        {
            "type": "Microsoft.Xna.Framework.Content.Int32Reader",
            "version": 0
        },
        {
            "type": "Microsoft.Xna.Framework.Content.StringReader",
            "version": 0
        }
    ],
    "content": {
        "1": "´ÙàËÁ×Í¹¨Ðà»ç¹¡ÃÐ´ÒÉ ¨Ò¡Ë¹éÒ¢Í§ÊÁØ´â¹êµÍºÔà¡Å ^^'ÊÔè§·Õè©Ñ¹ªÍº: ¿Ñ¡·Í§á¡ÐÊÅÑ´¢¹Ò´àÅç¡, à¡çºÍàÁ·ÔÊµì (Amethyst) äÇéãµéËÁÍ¹¢Í§©Ñ¹,à¤é¡ªçÍ¡â¡áÅµ (chocolate cake), ÂÓ»ÅÒäËÅ (spicy eel) áÅÐ¾ÒÂáºÅç¤àºÍÃìÃÕ¢Í§áÁè (Mom's blackberry cobbler© (©Ñ¹ªÍº¡Ô¹ÁÒ¡àÅÂ!)'%revealtasteAbigail276%revealtasteAbigail66%revealtasteAbigail220%revealtasteAbigail226%revealtasteAbigail611",
        "2": "¹Õè´ÙàËÁ×Í¹ ÃÒÂ¡ÒÃªÍ»»Ôé§ÇÑ¹ËÂØ´ ¢Í§á«Á^^ÃÒÂ¡ÒÃâ»Ã´¢Í§·Ø¡¤¹^^à«ºÒÊàµÕÂ¹:ËÂÒ´¹éÓµÒáÂ×Í¡á¢ç§ (Frozen Tear), «ÒªÔÁÔ (Sashimi)^à¾¹¹Õ: ÁÃ¡µ (Emerald), ´Í¡»êÍ»»Õé (Poppy) ^ÇÔ¹à«¹·ì: Í§Øè¹ (Grape), ÅÙ¡ÍÁá¤Ã¹àºÍÃìÃÕ (Cranberry Candy)^áÁè: »ÅÒ¡Ð¾§¡ÃÍº (Crispy Bass), á¾¹à¤é¡ (Pancakes)^¾èÍ: ÃÍ«çÍµâµ (Risotto), àÎà«Å¹Ñ·Íº (Roasted Hazelnuts)^©Ñ¹àÍ§: ¡ÃÐºÍ§à¾ªÃ (Cactus), àÁà»ÔéÅºÒÃì (Maple Bar), ¾Ô««èÒ (Pizza)%revealtasteSebastian84%revealtasteSebastian227%revealtastePenny60%revealtastePenny376%revealtasteVincent398%revealtasteVincent612%revealtasteJodi214%revealtasteJodi211%revealtasteKent649%revealtasteKent607%revealtasteSam90%revealtasteSam731%revealtasteSam206",
        "3": "´ÙàËÁ×Í¹ÁÑ¹¨Ðà»ç¹ ÅÒÂÁ×Í¢Í§ÅÕÍÒ^^¤ÇÒÁ¤Ô´¢Í§©Ñ¹à¡ÕèÂÇ¡Ñº Á×éÍÍÒËÒÃàÂç¹·Õèà¾ÍÃìà¿¤ ¤×Í ªÕÊ¹Áá¾Ð (goat cheese), ·ÃÑ¿à¿ÔÅ (truffle), áÅÐäÇ¹ì (wine) ÊÓËÃÑº¢Í§ËÇÒ¹©Ñ¹ªÍº ÁÑ¿¿Ô¹àÁÅç´»êÍ»»Õé (poppyseed muffin) ÍÃèÍÂ! ¶éÒÁÕã¤ÃÊÑ¡¤¹ ãËéÊÔè§àËÅèÒ¹Õé¡Ñº©Ñ¹ ©Ñ¹¤§ÅÐÅÒÂ %revealtasteLeah196%revealtasteLeah426%revealtasteLeah430%revealtasteLeah348%revealtasteLeah651",
        "4": "´ÙàËÁ×Í¹à»ç¹â¹éµ¢Í§ÁÒÃØ^^©Ñ¹ÍÂÒ¡ä´éªÔé¹ÊèÇ¹ ÊÓËÃÑºÊÔè§»ÃÐ´ÔÉ°ì ·ÕèÂÔè§ãË­è¢Í§©Ñ¹ ªèÒ§ËÒÂÒ¡¨ÃÔ§!^^*á·è§·Í§ (Gold Bar)^*á·è§ÍÔÃÔà´ÕÂÁ (Iridium Bar)^*áºµàµÍÃÕ (Battery Pack)^*à¾ªÃ (Diamond)^*ÊµÍÃÇìàºÍÃìÃÕ (Strawberries) %revealtasteMaru336%revealtasteMaru337%revealtasteMaru787%revealtasteMaru72%revealtasteMaru400",
        "5": "´ÙàËÁ×Í¹ÅÒÂÁ×Í¢Í§à¾¹¹Õ:^^©Ñ¹ÍÂÒ¡ãËé·Ø¡ÊÔè§ ·Õè¾Ç¡à¢ÒªÍº!^^áÁè: ËÑÇ¼Ñ¡¡Ò´ (Parsnip), ÁÑ¹à·Èà¤Å×Íº¹éÓµÒÅ(Glazed Yams), äÁèàÍÒàºÕÂÃì (Beer)!^á¨Ê: ´Í¡á¿ÃìÃÕâÃÊ (Fairy Rose), ¾Ø´´Ôé§¾ÅÑÁ (Plum Pudding)^ÇÔ¹à«¹·ì: à¤é¡ªÁ¾Ù (Pink Cake), Í§Øè¹ (Grape)^¤Ø³¼ÙéªÒÂÁØÅà¹ÍÃì: µé¹ËÍÁ (Leek), àËç´·Í´ (Fried Mushroom)^¤Ø³ÂÒÂÁØÅà¹ÍÃì: ºÕ·(Beet), ·ÔÇÅÔ»(Tulip)%revealtastePam24%revealtastePam208%revealtastePam346%revealtasteJas595%revealtasteJas604%revealtasteVincent398%revealtasteVincent221%revealtasteGeorge20%revealtasteGeorge205%revealtasteEvelyn284%revealtasteEvelyn591",
        "6": "â»ÃâÁªÑè¹áÊ¹¾ÔàÈÉ ¢Í§ÊµÒÃì´ÃÍ»«ÒÅÙ¹^^¹ÒÂ¡à·ÈÁ¹µÃÕàÅÇÔÊ: ÃÒ§ÇÑÅáËè§Ä´ÙãºäÁéÃèÇ§ (Autumn's Bounty)^( ÊÑè§«×éÍ¤Ùè¡Ñº¢¹Á»Ñ§àÊé¹ãÂÊÙ§ )^^ÁÒ¹Õ: ¾ÒÂ¿Ñ¡·Í§ (Pumpkin Pie)^(ÇÔ»¤ÃÕÁª¹Ô´¾ÔàÈÉ!)^^´ÔÁÕà·ÃÕÂÊ: ¶ÑèÇËÁéÍä¿ (Bean Hotpot©^(·ÓãËéà¼ç´æ)^^á¤âÃäÅ¹ì: ·Òâ¡é»ÅÒ (Fish Taco)^(à¸ÍÍÂÒ¡ä´é«ÍÊÊÒÁà·èÒ! ãÊè¼éÒàªç´»Ò¡à¾ÔèÁÁÒ´éÇÂ ¨Ð´ÕÁÒ¡...)%revealtasteLewis235%revealtasteMarnie608%revealtasteDemetrius207%revealtasteCaroline213",
        "7": "´ÙàËÁ×Í¹à»ç¹Ë¹éÒ¡ÃÐ´ÒÉ ¨Ò¡ä´ÍÒÃÕè¢Í§ã¤ÃºÒ§¤¹...^^ã¹àÁ×Í§ÁÕ'Ë¹ØèÁãË­è'äÁè¡Õè¤¹ áÅÐäÁèÁÕã¤ÃÊÁºÙÃ³ìáºº! ÎÒÃìÇÕÂìà»ç¹¤¹¢Õé¡Ñ§ÇÅ áÅÐÍèÍ¹áÍ áµè©Ñ¹ÃÙéÇèÒà¢Òà»ç¹ÊÒÁÕ·Õè´Õ áÅÐà»ç¹ÊØÀÒ¾ºØÃØÉ à¢ÒªÍº¡Òá¿ (coffee) áÅÐ áµ§¡ÇÒ´Í§ (pickles) ^^àÍÅàÅÕÂµà»ç¹¤¹¢Õéà¡ÕÂ¨ áÅÐ´ÙàÈÃéÒæ áµèà¢Ò¡çÁÕ¤Ò§·Õè¹èÒàÂéÒÂÇ¹ à¢ÒªÍºà¤é¡»Ù (crab cakes) áÅÐ¼Å·Ñº·ÔÁ (pomegranates) ^^àª¹à»ç¹¤¹äÁè¤èÍÂàÃÕÂºÃéÍÂ áÅÐµèÍµéÒ¹ÊÑ§¤Á áµè©Ñ¹¤Ô´ÇèÒáÁéÀÒÂ¹Í¡ à¢Ò¨Ð´ÙËÂÒº¤ÒÂ áµè¹Ñè¹¹èÒ¨Ðà»ç¹¡Åä¡ ·Õèãªé»éÍ§¡Ñ¹µÑÇ ·Õè¤ÍÂ»¡»éÍ§ ¤ÇÒÁÍèÍ¹âÂ¹¢Í§à¢Ò ¨Ò¡âÅ¡ÀÒÂ¹Í¡ à¢ÒªÍºàºÕÂÃì (Beer), ¾Ô««èÒ (Pizza), áÅÐ ¾ÃÔ¡ÂÑ´ãÊé (Pepper Poppers).%revealtasteHarvey395%revealtasteHarvey342%revealtasteElliott732%revealtasteElliott637%revealtasteShane346%revealtasteShane206%revealtasteShane215",
        "8": "^¶Ö§àÎÅÕÂìáÅÐàÍÁÔÅÕè^^ËÇÑ§ÇèÒ¾Ç¡¤Ø³·Ñé§ÊÍ§ ¨ÐÊºÒÂ´Õ! àÃÒÊè§ÃÒÂ¡ÒÃ¢Í§¢ÇÑ­ ·Õè·Ñé§ÊÍ§ªÍº: à¤é¡ªÁ¾Ù (Pink Cake) áÅÐ ´Í¡·Ò¹µÐÇÑ¹ (Sunflowers) ÊÓËÃÑºàÎÅÕÂì ÍÑ­Á³Õ (Gemstones) áÅÐ ¢¹á¡Ð (Wool) ÊÓËÃÑº àÍÁÔÅÕè!^^-ÃÑ¡áÅÐà¤ÒÃ¾ ¤Ø³áÁèáÅÐ¤Ø³¾èÍàÊÁÍ%revealtasteHaley221%revealtasteHaley421%revealtasteEmily440%revealtasteEmily66%revealtasteEmily62%revealtasteEmily60%revealtasteEmily70%revealtasteEmily64%revealtasteEmily68",
        "9": "ÍàÅç¡«ìà»ç¹¤¹á¢ç§áÃ§ ªÍº¡Ô¹ÍÒËÒÃä´àÍ·:^^*ÍÒËÒÃàªéÒ·Õèà¾ÍÃìà¿¤ (Complete Breakfast)^*á«ÅÁÍ¹Á×éÍ¤èÓ (Salmon Dinner)^^(©Ñ¹àÃÕÂ¹ÃÙé·Õè¨ÐÃÑ¡ ÍÒËÒÃ¨Ò¹¹Õé... ©Ñ¹ÊÒÁÒÃ¶ÃÑºÃÙéä´é ¶Ö§â»ÃµÕ¹!)%revealtasteAlex201%revealtasteAlex212",
        "10": "ÁÕã¤ÃºÒ§¤¹ ^    ¡ÓÅÑ§ÃÍà¨éÒÍÂÙè ^        ·Õè ^         ªÑé¹·Õè 100^          ã¹^             ¶éÓËÑÇ¡ÐâËÅ¡ (skull cavern)...",
        "11": "!image 6",
        "12": "©Ñ¹ä´é¤é¹¾ººÒ§ÊÔè§·Õè´Õ ¨Ò¡¡ÒÃ¢ØéÂ¢ÂÐ ã¹ÇÑ¹·ÕèáÊ¹âª¤´Õ¹Õé^^ºÒ§¤ÃÑé§¤Ø³¨Ð¾º¡Ñº 'ÍÒËÒÃÍÃèÍÂ' ·Õè¶Ñ§¢ÂÐ¢Í§«ÒÅÙ¹... ÍÒËÒÃÊ´ãËÁè!^^ÊÓËÃÑº¤Ø¡¡Õé (cookies) ©Ñ¹ÊÒÁÒÃ¶à¨Íä´é¨Ò¡ ¶Ñ§¢ÂÐ¢Í§ºéÒ¹ÁØÅà¹ÍÃì^^ÊÓËÃÑºÊÁºÑµÔ ©Ñ¹¨ÐÁÕâÍ¡ÒÊà¨Í·Õè¶Ñ§¢Í§ ÃéÒ¹µÕàËÅç¡áÅÐ¾Ô¾Ô¸ÀÑ³±ì",
        "13": "^^à·ÕèÂ§µÃ§! ÇÑ¹ÊØ´·éÒÂ¢Í§Ä´Ù µÃÇ¨ÊÍº¾ØèÁäÁé àË¹×ÍÊ¹ÒÁà´ç¡àÅè¹",
        "14": "^^^    ©Ñ¹«èÍ¹ºÒ§ÊÔè§ äÇéËÅÑ§ÈÙ¹ÂìªØÁª¹",
        "15": "^^       âªÇì¹Ò§à§×Í¡: 1-5-4-2-3",
        "16": "!image 0",
        "17": "!image 1",
        "18": "!image 3",
        "19": "!image 2",
        "20": "!image 4",
        "21": "!image 5",
        "22": "ÊÇÑÊ´Õ @...^^¤Ø³¾º '¤ÇÒÁÅÑº' ¢Í§©Ñ¹ã¹ÍØâÁ§¤ìÁ×´ºéÒ§äËÁ?^^©Ñ¹ËÇÑ§ÇèÒ¨Ðä´é¾º¤Ø³¹Ð!^^    -Qi",
        "23": "^^^¶éÒ à¨é Ò Íè Ò¹ ÍÍ ¡.., Á Ò·Õè »è ÒÅÖ ¡Å º àÍ Ò Á Òà»Ô Å«Ò ÂÃÑ » Á Ò´éÇ Â",
        "24": "ÁÑ¹à»ç¹Ë¹éÒ¨Ò¡ Ë¹Ñ§Ê×Í¢Í§àÍçÁ á¨Êà»ÍÃì:^^...ÊÔè§ÁÕªÕÇÔµ¹Õé¶Ù¡àÃÕÂ¡â´Â ¤¹ºÒ§¡ÅØèÁÇèÒ \"¨ÔµÇÔ­­Ò³áËè§¼×¹»èÒ (Forest Spirits)\" ËÃ×Í \"¨Ù¹ÔâÁè (Junimos)\" ÇèÒ¡Ñ¹ÇèÒ¾Ç¡à¢ÒÁÑ¡»ÃÒ¡¯µÑÇ ¢Öé¹µÒÁÊÔè§»ÅÙ¡ÊÃéÒ§·Õè ¶Ù¡·Ôé§ÃéÒ§ËÅÑ§¨Ò¡·Õè¾Ç¡à¢Ò \"ä»»ÅÙ¡»èÒ\"^^ËÅÑ¡¡ÒÃâ´Â·ÑèÇä»¤×Í... àÁ×èÍ¾Ç¡Á¹ØÉÂì¨Ò¡ä» áÅÐ¸ÃÃÁªÒµÔàÃÔèÁ ·Ç§ÍÒ³Òà¢µ¢Í§à¸Í¤×¹ àËÅèÒ¨Ù¹ÔâÁè¡ç¨Ð»ÃÒ¡¯µÑÇ¢Öé¹ ÍÂèÒ§á¹è¹Í¹^^µÓ¹Ò¹¾×é¹ºéÒ¹¡ÅèÒÇäÇéÇèÒ àËÅèÒ¨Ù¹ÔâÁè¹ÕéÁÕá¹Çâ¹éÁ·Õè¨Ð à¢éÒËÒÍÑ­Á³Õ·Õè¶Ù¡ÇÒ§äÇé ã¹¡ÃÐ·èÍÁËÅÑ§àÅç¡æ ¢Í§¾Ç¡à¢Ò...^^á¹è¹Í¹ÇèÒ¤Ó¡ÅèÒÇàËÅèÒ¹Õé ÁÕáËÅè§·ÕèÁÒäÁèªÑ´à¨¹... à·èÒ·Õè¢éÒ¾à¨éÒ·ÃÒº áÁéáµè¡ÒÃÁÕÍÂÙè¢Í§ÊÔè§ÁÕªÕÇÔµ àËÅèÒ¹Õé¡çÂÑ§äÁèà¤Â¶Ù¡¾ÔÊÙ¨¹ì ´éÇÂ«éÓ!",
        "25": "^^ ©Ñ¹ 'Â×Á' ÊÃéÍÂ¢Í§áÁèÁÒ áµè·ÓËÅè¹ËÒÂ µÃ§äË¹ÊÑ¡áËè§ã¡Åéæ ¡Ñº·ÕèÍÒº¹éÓ... à¸Í¨ÐµéÍ§ÊµÔËÅØ´á¹è ¶éÒà¸ÍÊÑ§à¡µàËç¹ÇèÒ ÁÑ¹ËÒÂä»!",
        "1001": "ÇÑ¹·Õè 1^^...àÃ×Í¢Í§©Ñ¹ÅèÁä»áÅéÇ... áµ¡à»ç¹àÊÕèÂ§æ ´éÇÂ¤ÇÒÁá»Ã»ÃÇ¹ ¢Í§¤Å×è¹·ÐàÅ·Õè¤ÅÑè§á¤é¹^^©Ñ¹¾ºÇèÒµÑÇàÍ§µÔ´ÍÂÙè º¹à¡ÒÐ»ÃÐËÅÒ´¹ÕèàÊÕÂáÅéÇ ÅÙ¡àÃ×Í¢Í§©Ñ¹äÁèÁÕã¤ÃÃÍ´ÊÑ¡¤¹ áµè©Ñ¹ÂÑ§ÁÕªÕÇÔµÍÂÙè ºÒ§·Õâª¤ªÐµÒ¤§ãËé¾ÃË¹Ñ§àË¹ÕÂÇæ ¢Í§©Ñ¹àÍÒäÇé¡ÃÐÁÑ§... äÁè¡ç¤§¡ÓË¹´âª¤ªÐµÒÍ×è¹ àÍÒäÇéãËé©Ñ¹áÅéÇ...^^äÁèÇèÒ¨ÐÂÑ§ä§ ©Ñ¹¡çäÁèÁÕ·Ò§àÅ×Í¡Í×è¹¹Í¡¨Ò¡ ÍÂÙè·Õè¹ÕèµÑÇ¤¹à´ÕÂÇãËéä´é ·Õè¹ÕèÁÕ¹éÓ¨×´Åé¹àËÅ×Í ÁÕ¢Í§»èÒãËéà¡çº¡Ô¹ áÅÐ´Ô¹ÍØ´ÁÊÁºÙÃ³ìÊÓËÃÑº¡ÒÃà¾ÒÐ»ÅÙ¡^^ÍÂèÒ§áÃ¡àÅÂ ©Ñ¹¨ÐÊÃéÒ§¡ÃÐ·èÍÁ...^^(ÁÕË¹éÒºÒ§ÊèÇ¹¢Ò´ËÒÂä»)",
        "1002": "ÇÑ¹·Õè 6^^©Ñ¹äÁèÁÕ·Ò§ËÔÇ·Õè¹Õè... áËÅè§¹éÓµèÒ§àµçÁä»´éÇÂ»ÅÒ·Õè¡Ô¹ä´é (äÁèÊÔ ÍÃèÍÂ´éÇÂ!)^^©Ñ¹¨Ñº»ÅÒ¡ÃÐàº¹ä´é´éÇÂ«éÓ ·Õè¶éÓ·ÕèËÒ´·Ò§·ÔÈµÐÇÑ¹ÍÍ¡à©ÕÂ§ãµé¹èÐ áµè¡çäÁèÃÙé¨ÐàÍÒÁÒ·Óà»ç¹ÍÐäÃ´Õ!^^ÇÑ¹¡èÍ¹¹Ð ©Ñ¹µ¡ä´éÇÍÅ¹Ñ·ÊÕ·Í§ËÅÒÂÅÙ¡´éÇÂ ¾Ç¡ÁÑ¹àËÁ×Í¹¨ÐÁÕÍÂÙè·ÑèÇËÒ´àÅÂ ¹¡á¡éÇ¾×é¹àÁ×Í§»Å×éÁ¾Ç¡ÁÑ¹¨¹¤ÅÑè§àÅÂÅèÐ!",
        "1003": "ÇÑ¹·Õè 14^^ËÅÑ§¨Ò¡µÔ´à¡ÒÐ¹ÕèÁÒ¤ÃÖè§à´×Í¹ ©Ñ¹¡çàÃÔèÁÃÙéÍÐäÃà¡ÕèÂÇ¡Ñº ¡ÒÃà¨ÍÅÙ¡ÇÍÅ¹Ñ·ÊÕ·Í§ ¾Ç¡¹ÕéºéÒ§áÅéÇ^^àÃÒ¨ÐµéÍ§ÊÑ§à¡µËÒ¤ÓãºéãËé´Õæ àÅÂÅèÐ ¶éÒÁÕÍÐäÃ´Ù¼Ô´ä»ÅèÐ¡ç ÁÑ¹ÍÒ¨¨ÐÁÕÅÙ¡ÇÍÅ¹Ñ·«èÍ¹ÍÂÙèã¡Åéæ á¶Ç¹Ñé¹¡çä´é^^©Ñ¹ÊÑ§à¡µàËç¹ÊÑ­ÅÑ¡É³ìº¹·ÃÒÂ... º¹ãºäÁé...^^©Ñ¹à¤ÂáÁé¡ÃÐ·Ñè§àËç¹¶ÑèÇ¹Ñè¹º¹µé¹äÁé ã¡Åé¡ÑºÀÙà¢Òä¿´éÇÂ ¶éÒà¾ÕÂ§áµè©Ñ¹¨ÐËÒÍÐäÃ ÂÔ§ÁÑ¹Å§ÁÒä´éÅèÐ¡ç¹Ð...^^·Ø¡¤ÃÑé§·Õè©Ñ¹à¨Íµé¹¶ÑèÇ ©Ñ¹¨Ð¾ÂÒÂÒÁËÒ·Ò§ àÍÒÁÑ¹ÁÒãËéä´éàÊÁÍ",
        "1004": "!image 10",
        "1005": "ÇÑ¹·Õè 23^^ÀÙà¢Òä¿·Õè¹Õè ÁÕ¤ÇÒÁÅÑºàÂÍÐáÂÐàÅÂ^^©Ñ¹à¤ÂàËç¹ ¤¹µÑÇàÅç¡æ ·ÕèÁÕµÒàÃ×Í§áÊ§ ¡ÃÐâ´´âÅ´àµé¹ÍÂÙèã¹¤ÇÒÁÁ×´... àËÁ×Í¹áÁÇã¹ÂÒÁ¤èÓ¤×¹^^(ËÃ×ÍÇèÒÁÑ¹¨Ðà»ç¹¤¹á¤ÃÐã¹µÓ¹Ò¹ ·ÕèàÍçÁ á¨Êà»ÍÃìà¢ÕÂ¹¶Ö§ã¹ '¡ÒÃà´Ô¹·Ò§¡ÃÐ©èÍ¹âÅ¡ (Famous Journeys)' ¢Í§à¢Ò¡Ñ¹¹Ð?)^^àËç¹à¤Ã×èÍ§¨Ñ¡Ãá»Å¡æ ´éÇÂ »ÃÐËÅÒ´... äÁèàËÁ×Í¹ÍÐäÃ·ÕèÁ¹ØÉÂìãªé¡Ñ¹àÅÂ^^·ÕèÂÍ´à¢Ò ©Ñ¹à¨Í·Ò§à¢éÒä»áÍè§ÀÙà¢Òä¿´éÇÂ áÅÐÁÑ¹¡çÁÕà¤Ã×èÍ§¨Ñ¡Ã¾ÔÊ´ÒÃ ºÒ§ÊèÇ¹¨ÁÍÂÙè¡ÅÒ§ÅÒÇÒ·Õèà´×Í´»Ø´æ ... àËÁ×Í¹à»ç¹ \"àµÒËÅÍÁ\" ÍÐäÃÊÑ¡ÍÂèÒ§ ^^¾ÃØè§¹Õé©Ñ¹¨Ðä»´ÙãËéÅÐàÍÕÂ´ÍÕ¡·Õ",
        "1006": "!image 8",
        "1007": "--âµêÐËÅÍÁ--^^ºØÉÃÒ¤ÑÁ (Topaz) -- ¡ÒÃ»éÍ§¡Ñ¹^ÁÃ¡µ (Emerald) -- ¤ÇÒÁàÃçÇ^ËÂ¡ (Jade) -- áÃ§µÕ¤ÃÔµÔ¤ÍÅ^ÍÐ¤ÇÒÁÒÃÕ¹ (Aquamarine) -- âÍ¡ÒÊµÕ¤ÃÔµÔ¤ÍÅ^ÍÐàÁ·ÔÊµì (Amethyst) -- µÕ¡ÃÐà´ç¹^·Ñº·ÔÁ (Ruby) -- ¤ÇÒÁàÊÕÂËÒÂ^^ÊÐà¡ç´ÊÕÃØé§ (Prismatic Shard) -- ÍÒ¤Á^^ËÁÒÂàËµØ: ÍÒÇØ¸ÊÒÁÒÃ¶ËÅÍÁ¡ÑºÍÑ­Á³Õä´éÊÙ§ÊØ´ 3 ¤ÃÑé§ áÅÐÅ§ÍÒ¤Á´éÇÂÊÐà¡ç´ÊÕÃØé§ (prismatic shard) ä´éÍÕ¡Ë¹Öè§¤ÃÑé§^^à¤Ã×èÍ§Á×Í¨ÐÊÒÁÒÃ¶Å§ÍÒ¤Áä´éà·èÒ¹Ñé¹ ËÅÍÁäÁèä´é",
        "1008": "--¡ÒÃÅ§ÍÒ¤ÁãËéÍÒÇØ¸--^^·èÇ§·èÒÊ§èÒ§ÒÁ: ·ÓãËé¤Ø³ÍÍ¡ \"·èÒ¾ÔàÈÉ\" ä´éºèÍÂ¢Öé¹^^¾Ô¦ÒµáÁÅ§: ·Ó¤ÇÒÁàÊÕÂËÒÂµèÍáÁÅ§à¾ÔèÁ¢Öé¹^^àÊÁ×Í¹áÇÁä¾Ãì: ÁÕâÍ¡ÒÊ´Ù´¾ÅÑ§ªÕÇÔµ¨Ò¡ÁÍ¹ÊàµÍÃìä´é^^¹Ñ¡ÃºÈÒÊ¹Ò: ·Ó¤ÇÒÁàÊÕÂËÒÂµèÍÁÍ¹ÊàµÍÃì \"äÁèºÃÔÊØ·¸Ôì\" ä´éÁÒ¡¢Öé¹^^¹Ñ¡ÃéÍÂ¿Ò§: àÁ×èÍµÑ´ÇÑª¾×ª (weed) ¤Ø³¨Ðä´éãÂ¾×ª (fiber) ÁÒ¡¢Öé¹ áÅÐÁÕâÍ¡ÒÊä´é¿Ò§´éÇÂ^^--¡ÒÃÅ§ÍÒ¤Áà¤Ã×èÍ§Á×Í--^^ÊØ´á¡Ãè§: ·Ó¤ÇÒÁàÊÕÂËÒÂµèÍËÔ¹ µé¹äÁé áÅÐÍ×è¹æ ÁÒ¡¢Öé¹^^·ÑèÇ¶Ö§: à¾ÔèÁ¤ÇÒÁÊÒÁÒÃ¶ã¹¡ÒÃªÒÃì· ãËéÊè§¼Åä´é¡ÇéÒ§¢Öé¹^^à¤Ã×èÍ§â¡¹: ÁÕâÍ¡ÒÊÅÍ¡äÁé (wood) ä´éÁÒ¡¢Öé¹àÇÅÒµÑ´äÁé^^äÃé¡é¹: ºÑÇÃ´¹éÓ¨ÐäÁèÁÕÇÑ¹ËÁ´^^ã¨¡ÇéÒ§: ¢Ø´´Ô¹ä´éÁÒ¡¢Öé¹^^¹Ñ¡âºÃÒ³¤´Õ: ÁÕâÍ¡ÒÊà¨ÍÇÑµ¶ØâºÃÒ³ (artifact) áÅÐ¡ÃÐ´Ù¡ (bone) ÁÒ¡¢Öé¹^^¾Íà¾ÕÂ§: äÁèàÊÕÂ¾ÅÑ§§Ò¹ã¹¡ÒÃãªé^^ÇèÍ§äÇ: ãªéà¤Ã×èÍ§Á×Íä´éäÇ¢Öé¹^^à«ÕÂ¹: à¾ÔèÁ¤ÇÒÁªÓ¹Ò­ã¹¡ÒÃµ¡»ÅÒ^^¡ÃÐµØ¡àÍ§: àÁ×èÍ»ÅÒ§Ñºàºç´ àºç´¨Ð¡ÃÐµØ¡ÍÑµâ¹ÁÑµÔ^^»ÃÐËÂÑ´: àËÂ×èÍáÅÐàºç´ÁÕâÍ¡ÒÊ 50% ·Õè¨ÐäÁè¶Ù¡ãªéáÅéÇËÁ´ä»",
        "1009": "àÁ×èÍÇÑ¹ ½¹ÊÒ´«Ñ´ ¡ÃÐË¹èÓ ¡ÅÒ§ËÔ¹ÍéÒ§ÇéÒ§ Ë­Ô§ÊÒÇáÊ¹ÊÇÂ ©Ñ¹àËç¹^^µÓ¹Ò¹ÁÒ¡ÁÕ ¶Ö§Ë­Ô§ÊÒÇáËè§·éÍ§·ÐàÅ ÃéÍ§à¾Å§¢Í§àËÅèÒä«àÃ¹^áµèà¾ÕÂ§ÊÑ¡¤Ó à¸Í¡çäÁèàÍ×éÍ¹àÍèÂ...^^àªéÒÇÑ¹µèÍÁÒ ©Ñ¹ÊÑ§à¡µàËç¹ ¡éÍ¹¡ÃÇ´àÃÕÂ§µÑÇ º¹ËÒ´¿Í§¿Øé§...^-----------------^ãªèáÅéÇ... ¡ÃÇ´ãË­èà·èÒàËÃÕÂ­à¾¹¹Õ ËÔ¹ãË­èà·èÒàËÃÕÂ­¹Ô¡à¡ÔÅ ¡éÍ¹¡ÃÇ´àËÅèÒ¹Ñé¹...^-----------------^¶éÒäÁèãªèÊÓà¹ÕÂ§ËÍ¹àËèÒ áËè§ ÊØ¹Ñ¢ÁËÒÊÁØ·Ã ÂÒÁ¶Ù¡Ãº¡Ç¹ ¡ç¤§à»ç¹¤ÓªÕé¹Ó ÂÑ§ÊÁºÑµÔáËè§ ¹Ò§¹ÇÅ·ÁÔÌ ¡çà»ç¹ä´é...",
        "1010": "!image 9",
        "1011": "ÇÑ¹·Õè 37^^µÍ¹©Ñ¹ÂÑ§à»ç¹à´ç¡ÊÔº¢Çº ¾èÍ©Ñ¹ãËéáËÇ¹·ÍáÊ§ ¡ÑºáËÇ¹áÁèàËÅç¡¡Ñº©Ñ¹ ÁÑ¹äÁèà¤ÂËèÒ§¨Ò¡¹ÔéÇ©Ñ¹àÅÂ¹Ñºáµè¹Ñé¹^^áµè·ÇèÒ ¢³Ð·Õè©Ñ¹Â×¹ÍÂÙè·Õè»ÅèÍ§ÀÙà¢Òä¿¹Ñé¹... ©Ñ¹¡çà¡Ô´¤ÇÒÁ¤Ô´á»Å¡æ ¢Öé¹^^©Ñ¹àÍÒáËÇ¹·Ñé§ÊÍ§¢Í§©Ñ¹ âÂ¹à¢éÒàµÒËÅÍÁ^^¨ÑºµÒ´ÙãËé´Õ! ¾Ç¡ÁÑ¹ä´éÃÇÁ¡Ñ¹à»ç¹Ë¹Öè§à´ÕÂÇáÅéÇ!^^µÍ¹¹Õé©Ñ¹àÅÂÁÕáËÇ¹áÁèàËÅç¡·ÍáÊ§Ç§à´ÕÂÇá·¹... ËÇÑ§ÇèÒ¾èÍ¨ÐäÁèÇèÒÍÐäÃ¹Ð ¢ÍãËé´Ç§ÇÔ­­Ò³·èÒ¹¾Ñ¡¼èÍ¹ÍÂèÒ§Ê§ºà¶ÍÐ..."
    }
}
