{
    "header": {
        "target": "w",
        "formatVersion": 5,
        "hidef": true,
        "compressed": 128
    },
    "readers": [
        {
            "type": "Microsoft.Xna.Framework.Content.DictionaryReader`2[[System.Int32, mscorlib, Version=4.0.0.0, Culture=neutral, PublicKeyToken=b77a5c561934e089],[System.String, mscorlib, Version=4.0.0.0, Culture=neutral, PublicKeyToken=b77a5c561934e089]]",
            "version": 0
        },
        {
            "type": "Microsoft.Xna.Framework.Content.Int32Reader",
            "version": 0
        },
        {
            "type": "Microsoft.Xna.Framework.Content.StringReader",
            "version": 0
        }
    ],
    "content": {
        "0": "Rusty Sword/(´Òº¢Öé¹Ê¹ÔÁ) ´Òºà¡èÒáÅÐÁÕÊ¹ÔÁ/2/5/1/0/0/0/3/-1/-1/0/.02/3",
        "1": "Silver Saber/(à«àºÍÃìà§Ô¹) ªØº´éÇÂà§Ô¹à¾×èÍ»éÍ§¡Ñ¹Ê¹ÔÁ/8/15/1/0/1/1/0/50/45/0/.02/3",
        "2": "Dark Sword/(´ÒºáËè§¤ÇÒÁÁ×´) à»Åè§»ÃÐ¡ÒÂ´éÇÂ¾ÅÑ§áÇÁä¾Ãì/30/45/1.5/-10/0/0/0/-1/-1/2/.04/3",
        "3": "Holy Blade/(´ÒºÈÑ¡´ÔìÊÔ·¸Ôì) ÃÙéÊÖ¡ÁÕ¤ÇÒÁËÇÑ§µÍ¹ä´é¤Ç§ÁÑ¹/18/24/1.2/0/5/0/3/-1/-1/0/.02/3",
        "4": "Galaxy Sword/(´Òº¡ÒáÅç¡«Õ) ÁÑ¹äÁèàËÁ×Í¹¡ÑºÊÔè§·Õè¤Ø³à¤ÂàËç¹/60/80/1/8/0/0/0/-1/-1/0/.02/3",
        "5": "Bone Sword/(´Òº¡ÃÐ´Ù¡) ¡ÃÐ´Ù¡·ÕèáËÅÁ¤ÁÁÒ¡/20/30/.8/8/5/0/0/74/50/0/.02/3",
        "6": "Iron Edge/(´ÒºàËÅç¡) ´ÒºË¹Ñ¡æ/12/25/1.2/-4/0/1/3/44/-1/0/.02/3",
        "7": "Templar's Blade/(´Òº¢Í§ÍÑÈÇÔ¹¹Ñ¡Ãº) ÁÑ¹à¤Âà»ç¹¢Í§ÍÑÈÇÔ¹¼Ùé·Ã§à¡ÕÂÃµÔ/22/29/1/0/10/1/3/90/50/0/0/3",
        "8": "Obsidian Edge/(´ÒºÍÍº«Ôà´ÕÂ¹) ÁÑ¹¤ÁÍÂèÒ§äÁè¹èÒàª×èÍ/30/45/1/-2/0/0/0/121/100/0/.02/3.2",
        "9": "Lava Katana/(ÅÒÇÒ¤ÒµÒ¹Ð) ãºÁÕ´ÍÑ¹·Ã§¾ÅÑ§ ËÅÍÁÃÇÁ à¢éÒ¡ÑºáÍè§ÅÒÇÒ·Õè»Ñè¹»èÇ¹/55/64/1.2/0/0/3/0/-1/-1/2/.015/3.5",
        "10": "Claymore/(´Òºà¤ÅÂìÁÍÃì) ÁÑ¹Ë¹Ñ¡¨ÃÔ§æ/20/32/1.3/-8/0/2/3/86/50/0/.02/3",
        "11": "Steel Smallsword/(´ÒºàËÅç¡àÅèÁàÅç¡) à»ç¹´ÒºàËÅç¡¸ÃÃÁ´Ò/4/8/1/4/0/0/0/26/-1/0/.02/3",
        "12": "Wooden Blade/(´ÒºäÁé) äÁèàÅÇÊÓËÃÑºªÔé¹äÁéá¡ÐÊÅÑ¡/3/7/1/0/0/0/0/3/-1/0/.02/3",
        "13": "Insect Head/(ËÑÇáÁÅ§) ÃÙéÊÖ¡äÁè´ÕµÍ¹·Õè¤Ç§ÁÑ¹/10/20/1/4/9/0/0/-1/-1/0/.04/3",
        "14": "Neptune's Glaive/(·Ç¹à¹»¨Ù¹) ÁÃ´¡µ¡·Í´¨Ò¡·éÍ§ÁËÒÊÁØ·Ã/18/35/1.4/-2/6/2/3/-1/-1/0/.02/3",
        "15": "Forest Sword/(´ÒºáËè§»èÒ) ·Ã§¾ÅÑ§´éÇÂàÇ·Á¹µÃìáËè§¼×¹»èÒ/8/18/1/4/5/1/0/-1/-1/0/.02/3",
        "16": "Carving Knife/(ÁÕ´á¡ÐÊÅÑ¡) ãºÁÕ´¢¹Ò´àÅç¡áÅÐ¹éÓË¹Ñ¡àºÒ/1/3/.5/0/0/0/1/18/-1/0/.04/3",
        "17": "Iron Dirk/(äÍÃèÍ¹à´ÔÃì¡) ¡ÃÔª¢Í§ÊÒÁÑ­ª¹/2/4/.5/0/0/0/1/62/50/0/.03/3",
        "18": "Burglar's Shank/(ÁÕ´ÊÑé¹¢Í§¢âÁÂ) ÍÒÇØ¸·Ò§àÅ×Í¡ ÊÓËÃÑº ¤ÇÒÁÇèÍ§äÇáÅÐà§ÕÂº/7/12/.5/0/5/0/1/114/100/0/.04/3.5",
        "19": "Shadow Dagger/(´ÒºÊÑé¹áËè§à§Ò) àÁ×èÍ¤Ø³¶×ÍãºÁÕ´á¹º·ÕèËÙ ¤Ø³¨Ðä´éÂÔ¹àÊÕÂ§¡ÃÕ´ÃéÍ§ ¢Í§ÇÔ­­Ò³ 1,000 ´Ç§/10/20/.5/0/0/0/1/80/50/0/.04/3",
        "20": "Elf Blade/(´Òº¢Í§àÍÅ¿ì) Á×Í·ÕèÇèÍ§äÇ¢Í§àÍÅ¿ìà·èÒ¹Ñé¹ ·ÕèÊÒÁÒÃ¶»ÃÐ´ÔÉ°ìÊÔè§¹Õéä´é/3/5/.5/0/5/0/1/-1/-1/0/.04/3",
        "21": "Crystal Dagger/(´ÒºÊÑé¹¤ÃÔÊµÑÅ) ãºÁÕ´·Ó¨Ò¡¤ÇÍ·«ìºÃÔÊØ·¸Ôì/4/10/1/0/10/0/1/-1/-1/0/.03/4",
        "22": "Wind Spire/(ÇÔ¹´ìÊä¾Ãì) ãºÁÕ´àÅç¡æ ·ÕèÃÇ´àÃçÇ/1/5/1/0/0/0/1/-1/-1/0/.02/3.2",
        "23": "Galaxy Dagger/(´ÒºÊÑé¹¡ÒáÅç¡«Õ) ÁÑ¹äÁèàËÁ×Í¹ÊÔè§·Õè¤Ø³à¤ÂàËç¹ÁÒ¡èÍ¹/30/40/1/3/0/0/1/-1/-1/0/.02/3",
        "24": "Wood Club/(¡ÃÐºÍ§äÁé) ªÔé¹äÁé·Õèá¡ÐÊÅÑ¡ãËéáËÅÁ/9/16/1.5/-8/0/0/2/32/-1/0/.02/3",
        "25": "Alex's Bat/(äÁéàºÊºÍÅ¢Í§ÍàÅç¡«ì) ¨Ø´·Õè¹èÒÃÑ¡·ÕèÁÕª×èÍàÊÕÂ§¢Í§ÍàÅç¡«ì/1/3/1/-8/0/0/2/-1/-1/0/.02/3",
        "26": "Lead Rod/(á·è§µÐ¡ÑèÇ) ÁÑ¹Ë¹Ñ¡ÍÂèÒ§äÁè¹èÒàª×èÍ/18/27/1.5/-16/0/0/2/56/50/1/.02/3",
        "27": "Wood Mallet/(µÐÅØÁ¾Ø¡äÁé) ËÑÇ·Õèà»ç¹¢Í§á¢ç§ ¤èÍ¹¢éÒ§àºÒ/15/24/1.3/-4/1/0/2/68/50/0/.02/3",
        "28": "The Slammer/(à´ÍÐ ÊáÅÁàÁÍÃì) à»ç¹ÍÒÇØ¸·ÕèË¹Ñ¡ÁÒ¡ ÊÒÁÒÃ¶·ÓãËéÈÑµÃÙºÔ¹ä´éàÅÂ/40/55/1.5/-12/0/0/2/128/100/2/.02/3",
        "29": "Galaxy Hammer/(¤éÍ¹¡ÒáÅç¡«Õ) ÁÑ¹·Ó¨Ò¡ÇÑÊ´ØàºÒà»ç¹¾ÔàÈÉ ·Õè¤Ø³äÁèà¤ÂàËç¹ÁÒ¡èÍ¹/70/90/1/-4/0/0/2/-1/-1/0/.02/3",
        "30": "Sam's Old Guitar/(¡ÕµÒÃìà¡èÒ¢Í§á«Á) ÁÑ¹·ÓãËéàËç¹ÇÑ¹·Õè´Õ¡ÇèÒ/1/3/1/-6/0/0/2/-1/-1/0/.02/3",
        "31": "Femur/(¡ÃÐµÙ¡µé¹¢Ò) ¡ÃÐ´Ù¡à¡èÒá¡è·ÕèË¹Ñ¡Ë¹èÇ§ »¡¤ÅØÁä»´éÇÂÊÔè§Ê¡»Ã¡ ËÅÒÂÈµÇÃÃÉ/6/11/1.5/-4/0/0/2/10/-1/0/.02/3",
        "32": "Slingshot/(Ë¹Ñ§ÊµÔê¡) µéÍ§ãªéËÔ¹à»ç¹¡ÃÐÊØ¹/1/3/1/308/0/0/4/-1/-1/0/.02/3",
        "33": "Master Slingshot/(Ë¹Ñ§ÊµÔê¡¢Í§¼ÙéàªÕèÂÇªÒ­) µéÍ§ãªéËÔ¹à»ç¹¡ÃÐÊØ¹/1/3/1/308/0/0/4/-1/-1/0/.02/3",
        "34": "Galaxy Slingshot/(Ë¹Ñ§ÊµÔê¡¡ÒáÅç¡«Õ) ÁÑ¹´Ù·Ã§¾ÅÑ§¨ÃÔ§æ/1/3/1/308/0/0/4/-1/-1/0/.02/3",
        "35": "Elliott's Pencil/(´Ô¹ÊÍ¢Í§àÍÅàÅÕÂµ) àÍÅàÅÕÂµãªéÊÔè§¹Õéà¾×èÍà¢ÕÂ¹Ë¹Ñ§Ê×Í¢Í§à¢Ò ÁÑ¹¤ÁÁÒ¡!/1/3/1/308/0/0/1/-1/-1/0/.02/3",
        "36": "Maru's Wrench/(»ÃÐá¨¢Í§ÁÒÃØ) »ÃÐá¨àËÅç¡ÍÑ¹ãË­è ÁÑ¹ÁÕ¡ÅÔè¹àËÁ×Í¹ÁÒÃØ/1/3/1/308/0/0/2/-1/-1/0/.02/3",
        "37": "Harvey's Mallet/(µÐÅØÁ¾Ø¡¢Í§ÎÒÃìÇÕÂì) ÁÑ¹·ÓãËé¤ÇÒÁ·Ã§¨Óà¡ÕèÂÇ¡Ñº ¤ÅÔ¹Ô¡¢Í§ÎÒÃìÇÕÂì¡ÅÑºÁÒ/1/3/1/308/0/0/2/-1/-1/0/.02/3",
        "38": "Penny's Fryer/(¡ÃÐ·Ð¢Í§à¾¹¹Õ) ¡ÃÐ·Ð·Õèà¾¹¹Õª×è¹ªÍº ÂÑ§ÁÕ¢ÂÐµÔ´ÍÂÙè¢éÒ§ã¹/1/3/1/308/0/0/2/-1/-1/0/.02/3",
        "39": "Leah's Whittler/(à¤Ã×èÍ§Á×Íá¡ÐÊÅÑ¡¢Í§ÅÕÍÒ) à¤Ã×èÍ§Á×Íã¹¡ÒÃá¡ÐÊÅÑ¡·ÕèÅÕÍÒª×è¹ªÍº/1/3/1/308/0/0/1/-1/-1/0/.02/3",
        "40": "Abby's Planchette/(¾ÅÒ¹àªµµì¢Í§áÍçººÕé) ¡ÃÐ´Ò¹·Õè·ÓÁÒ¨Ò¡äÁéËÔ¹ÍèÍ¹ªÑé¹´Õ/1/3/1/308/0/0/1/-1/-1/0/.02/3",
        "41": "Seb's Lost Mace/(¤·Ò·ÕèËÒÂä»¢Í§à«º) Ë¹Öè§ã¹áºº¨ÓÅÍ§ÂØ¤¡ÅÒ§ ¢Í§à«ºÒÊàµÕÂ¹/1/3/1/308/0/0/2/-1/-1/0/.02/3",
        "42": "Haley's Iron/(à¤Ã×èÍ§ÁéÇ¹¼Á¢Í§àÎÅÕÂì) ÁÑ¹ÃéÍ¹áÅÐÁÕ¡ÅÔè¹àËÁ×Í¹¼Á¢Í§àÎÅÕÂì/1/3/1/308/0/0/0/-1/-1/0/.02/3",
        "43": "Pirate's Sword/(´Òº¢Í§â¨ÃÊÅÑ´) ´ÙàËÁ×Í¹ÇèÒÁÑ¹à¤Âà»ç¹´Òº ¢Í§¨éÒÇáËè§â¨ÃÊÅÑ´/8/14/1/4/0/0/3/40/-1/0/.02/3",
        "44": "Cutlass/(¤Ñ·ÅÒÊ) ãºÁÕ´¶Ù¡ÊÃéÒ§¢Öé¹ÍÂèÒ§»ÃÐ³Õµ/9/17/1/4/0/0/0/-1/-1/0/.02/3",
        "45": "Wicked Kris/(ÇÔ¡à¤ç¡¤ÃÔÊ) ´Òº¶Ù¡ÊÃéÒ§¨Ò¡ÍÑÅÅÍÂÍÔÃÔà´ÕÂÁ/24/30/.5/0/8/0/1/-1/-1/2/.06/3",
        "46": "Kudgel/(¤Ñ´à¡ÔéÅ) ÊËÒÂ¢Í§à´ÃÑ¨©Ò¹/27/40/1.6/-10/0/0/2/107/100/0/.02/3.1",
        "47": "Scythe/(à¤ÕÂÇ) ÁÑ¹ÊÒÁÒÃ¶µÑ´Ë­éÒà»ç¹¿Ò§ä´é ¶éÒ¤Ø³ÊÃéÒ§ÂØé§©Ò§/1/3/1/0/0/0/0/-1/-1/0/.02/3",
        "48": "Yeti Tooth/(¿Ñ¹¢Í§àÂµÔ) ÁÑ¹àÂç¹¨Ñ´àÁ×èÍä´éÊÑÁ¼ÑÊ/26/42/1/0/0/4/0/-1/-1/0/.02/3.2",
        "49": "Rapier/(´ÒºÃÒà¾ÕÂÃì) ãºÁÕ´·ÕèÊ§èÒ§ÒÁ/15/25/1/4/0/0/0/100/95/2/.02/3",
        "50": "Steel Falchion/(´ÒºàËÅç¡»ÅÒÂâ¤é§) àºÒáÅÐ·Ã§¾ÅÑ§/28/46/1/8/5/0/0/142/100/0/.02/3.4",
        "51": "Broken Trident/(µÃÕÈÙÅËÑ¡) ÁÑ¹ÁÒ¨Ò¡¡é¹·ÐàÅ áµè¡çÂÑ§à©ÕÂº¤ÁÍÂÙè/15/26/.5/0/8/0/1/-1/-1/2/.02/3",
        "52": "Tempered Broadsword/(´Òºà·Áà»ÍÃì) ´ÙàËÁ×Í¹ÇèÒÁÑ¹¨Ð·¹µèÍ·Ø¡ÊÔè§ä´é/29/44/1.2/-6/0/3/0/135/100/1/.02/3",
        "53": "Golden Scythe/(à¤ÕÂÇ·Í§¤Ó) ÁÑ¹·Ã§¾ÅÑ§¡ÇèÒà¤ÕÂÇ¸ÃÃÁ´Ò/13/13/1/0/0/0/0/-1/-1/2/.02/4",
        "54": "Dwarf Sword/(´Òº¤¹á¤ÃÐ) à»ç¹¢Í§âºÃÒ³ áµèãº´ÒºäÁèà¤ÂËÁÍ§/65/75/1/4/0/4/0/-1/-1/0/.02/3",
        "55": "Dwarf Hammer/(¤éÍ¹¤¹á¤ÃÐ) ÁÑ¹Êè§àÊÕÂ§ËÇÕ´ËÇÔÇÍÂèÒ§á¼èÇàºÒ/75/85/1/-8/0/2/2/-1/-1/0/.02/3",
        "56": "Dwarf Dagger/(ÁÕ´¤¹á¤ÃÐ) à»ç¹¢Í§âºÃÒ³ áµèãºÁÕ´äÁèà¤ÂËÁÍ§/32/38/1/3/0/6/1/-1/-1/0/.03/3",
        "57": "Dragontooth Cutlass/(´ÒºÊÑé¹à¢ÕéÂÇÁÑ§¡Ã) ãºÁÕ´¶Ù¡ËÅÍÁÁÒ¨Ò¡à¢ÕéÂÇÇÔàÈÉ/75/90/1/0/0/0/0/-1/-1/0/.02/4",
        "58": "Dragontooth Club/(¡ÃÐºÍ§à¢ÕéÂÇÁÑ§¡Ã) ¡ÃÐºÍ§¶Ù¡ËÅÍÁÁÒ¨Ò¡à¢ÕéÂÇÇÔàÈÉ/80/100/1.3/-8/0/0/2/-1/-1/0/.02/4",
        "59": "Dragontooth Shiv/(ÁÕ´ªÔ¿à¢ÕéÂÇÁÑ§¡Ã) ãºÁÕ´¶Ù¡ËÅÍÁÁÒ¨Ò¡à¢ÕéÂÇÇÔàÈÉ/40/50/1/0/0/0/1/-1/-1/0/.05/5",
        "60": "Ossified Blade/(ÍÍÊ«Ðä¿àºÅ´) ãºÁÕ´áËÅÁ¤Á¢¹Ò´ãË­è ·Õèà¡Ô´¨Ò¡¡ÃÐ´Ù¡/26/42/1.1/-4/0/1/0/142/100/0/.02/3",
        "61": "Iridium Needle/(ÍÔÃÔà´ÕÂÁ¹Õ´à´ÔÅ) »ÅÒÂáËÅÁ¤ÁÍÂèÒ§äÁè¹èÒàª×èÍ ¤ÁÅÖ¡¶Ö§ÃÐ´ÑºÍÐµÍÁ/20/35/.5/0/0/0/1/-1/-1/0/.1/7",
        "62": "Infinity Blade/(ÍÔ¹¿Ô¹ÔµÕéàºÅ´) ÃÙ»ÅÑ¡É³ì·Õèá·é¨ÃÔ§¢Í§´Òº¡ÒáÅç¡«Õ/80/100/1/8/0/2/0/-1/-1/0/.02/3",
        "63": "Infinity Gavel/(¤éÍ¹ÍÔ¹¿Ô¹ÔµÕé) ÃÙ»ÅÑ¡É³ì·Õèá·é¨ÃÔ§¢Í§¤éÍ¹¡ÒáÅç¡«Õ/100/120/1/-4/0/1/2/-1/-1/0/.02/3",
        "64": "Infinity Dagger/(´ÒºÊÑé¹ÍÔ¹¿Ô¹ÔµÕé) ÃÙ»ÅÑ¡É³ì·Õèá·é¨ÃÔ§¢Í§´ÒºÊÑé¹¡ÒáÅç¡«Õ/50/70/1/3/0/3/1/-1/-1/0/.06/3"
    }
}
