{
  "marriage.000": "̍ÒÇ ĕÇàÍ§! àˤÒıÒĥ§ àʊ¤Ė§ˊÁäÇΉˉÐ$9#$b#à݋ÂÇʴÍÂà¨Íā¹¹Ð?$1",
  "marriage.001": "àˤÒƱЪ§ч˵Í§ŇÒã̋àÊʣ¨ àʕÁä»ËÁ´!$1#$b#¢Íã̋§Ò¹ч %farm ¿ÒΓÁÃÒºҳ¹¹Ð! ˚Ç¹àˤÒ Ģ§ŵ´áËʷ¡ÍԒчщ!$9",
  "marriage.002": "ؗÍÍÍÍ ĕÇàÍ§áÇÐÁÒËÒàˤÒ µÍ¹чàˤÒıÒĥ§ŇÒ§Ò¹ àÅÂËÃÍ?$4#$b#*ܖº*$9",
  "marriage.003": "щ ¤¹̪Í§! àˤÒ˗Ò¨Ð áÇÐ؛Í¢Í§ÃÐË˗Ò§чä» ŇÒȸÃÐħ¹׉«ÐËˉÍÂ$4#$b#*ܖº*$9",
  "marriage.004": "̍ÒÇ ĕÇàÍ§! àˤÒáÇÐÁÒËÒ àÍƁƵˉÐ$9#$b#àÍƁƵŤ´ÅÒÂàʢº˼Ò áººãËˑä˴˕Ð!$4",
  "marriage.005": "ħ¹Ɉ¡Γċ¡Ƨ!$4#$b#ġ¹àђÂÁä»àÅÂ чàÃÒ¨Ðä˴ä»»Å´»˕ÍÂ ¤ÇÒÁàʛ¹ĕÇàÍ§ч«Òɵ¹áºº׉ ˗ÒՁÂ?$9",
  "marriage.006": "Ʊ§Ò¹àÂÍÐ̱Ò¡¡¡ ч˵Í§ Ĉ´¡ÒÃã̋àÊʣ¨...$0#$b#ȝÁ §Ò¹ã¹¿ÒΓÁ¢Í§ĕÇàÍ§ ħ¹׉ àÊʣ¨á̅ÇËÃÍ?$1",
  "marriage.007": "àˤÒƤã¨ÁÒ¡ чÃÐººÊ»ƃ§à¡ÍΓ ã˵Ŵ¹ чȤ³ˎÍȤ³áˑỄÒ§ä̇ ġ¹Ģ§ã˪§Ò¹ä˴#$b#¡ÒÃÃ´թÒµÒÁá»Å§ÍӇ¹ ǴÍáºº äˑƱч֪¹Ɋ´...$2",
  "marriage.008": "â̍Ç äˑ¹Ð! ĕÇàÍ§Ĉºä˴ ˗ÒàˤÒÁÒŇÒ¿ÒΓÁ...$4#$b#ǷÁÁ à݋ÂÇàˤÒµÒÁä»ƧËĥ§¹Ð à˨ÒµÐàˢ˹ÍÂ!$1",
  "marriage.009": "ƋÇÇÇÇÇÇÇÇĈ§ ĕÇàÍ§¨Ðš¹ رÍ¡ÅÒ§ħ¹ǣĢ§?$1#$b#āÊıÒĥ§àµƳÂÁ¢Í§ÍԒ ħ¹׉à¢ÒˉÒ¨ÐŇÒäʱ¡ÃÍº «ÍÊ̊Áá¡ÃÁàžÅĕ¹!$9",
  "marriage.010": "Ė§ˊÁ¾Ç¡׉ɤâÍà¤àÅÂ ĭ¹Ė´ä»!$1",
  "marriage.011": "щ! à݋ÂÇàÃÒä»à¨Íā¹ч˺Ò¹¹Ð âÍà̔?$1#$b#ģ¡ĕÇàÍ§¹Ð!$1",
  "marriage.012": "àˤÒĕÇàثÍ¹Ź´ËˉÍÂ µÍ¹ч Å§ä»ŇÒ§Ò¹µÃ§á»Å§ÍӇ¹$2#$b#ÍÂÒ¡ÍÒºթÒ˴ÇÂā¹ Ǵ¹׉̱Ò$1",
  "marriage.013": "щ ĕÇàÍ§!$1#$b#àˤÒªÍº¹Ð àÇÅÒчĕÇàÍ§ ÁÒËÒàˤÒ µÍ¹àˤÒŇÒ§Ò¹!$4",
  "marriage.014": "§Ò¹ħ¹׉àÊʣ¨á̅ÇÇÇÇ à˒! à݋ÂÇã̋àˤÒä»ÃÍчĕÇàÍ§ ч˺Ò¹ՁÂ?$1",
  "marriage.015": "ĕÇàÍ§ ĕÇàÍ§! ËƂºɍ»¡Ã΃ ŇÒÊÇ¹ ã¹¡˕Í§àʁº¢Í§ ã̋àˤÒËˉÍÂƊ$1",
  "NightMarket.001": "àˤÒ˗ÒàˤÒ¨Ð؛ÍÀÒ¾àƒÂ¹ ¨Ò¡ڌªÒÂ¤¹чã˚àغÍɺ· ƺáʸÁɊ´Ä·ڸ¤¹Թ¹˝Ò$1",
}
