{
    "header": {
        "target": "w",
        "formatVersion": 5,
        "hidef": true,
        "compressed": 128
    },
    "readers": [
        {
            "type": "Microsoft.Xna.Framework.Content.DictionaryReader`2[[System.String, mscorlib, Version=4.0.0.0, Culture=neutral, PublicKeyToken=b77a5c561934e089],[System.String, mscorlib, Version=4.0.0.0, Culture=neutral, PublicKeyToken=b77a5c561934e089]]",
            "version": 0
        },
        {
            "type": "Microsoft.Xna.Framework.Content.StringReader",
            "version": 0
        }
    ],
    "content": {
        "Sun.000": "˶Ò¾Ç¡àÃÒáÍºā¹ÍԒµÃ§׉ ʁäˑĸÒàʛ¹ ˵Í§ä»ȤÂāºã¤Ãä§",
        "marriage_Mon.002": "â̍Â!... ĉ¹ˌÒ¹˄Ò¹׉äˑä˴Ī¡Ƨ$s",
        "spring_4.000": "Ǯ... ĉ¹Ʊę´ āºËÁÍƽ¡ á̅Ç˕Ð$s",
        "marriage_Fri.001": "ġ¹Ƥ¹Ð чä˴¡ĥºÁÒà¨ÍàҮÍ¹àʱÒ ƽ¡¤Ճ§ˉÐ Ģ§ړǪ¡àËȑÍ¹àұÍʱÍ¹àÅÂ$h",
        "spring_4.002": "ƽ¡¹Ò¹áʴäË¹¤ÐËÁÍ? ËɩƋÇˢÒÇá̅Ç$s",
        "marriage_Mon.001": "ä§ @ ĉ¹ªÍºÁÒĞ¡ˌÍ¹µÃ§׉ˉÐ... ġ¹Ê§ºÁÒ¡àÅÂ",
        "marriage_Fri.000": "˗Òä§! @? ĉ¹áʴÍÂÒ¡ ¨ÐáÇÐÁÒËÒáˑĪ¡ËˉÍÂˉÐ",
        "marriage_Mon.000": "Ëĥ§¨Ò¡чĉ¹äˑÍԒá̅Ç ˎÍʁɤ»¡ŵƤ¹Ð",
        "winter_15.000": "щġ¹...ɤǥ¡ĥºĈ§... ĉ¹ªÍºĈ§àÅÂ!",
        "spring_4.001": "ħ¹׉ËÁÍ¢Í§ĉ¹ ę´µÃÇ¨»ÃÐĸÒƫ˕Ð! äˑ˵Í§˛Ç§ËÃÍ¡ ĉ¹äˑä˴˷Í§... ĉ¹ËÁÒÂǖ§äˑä˴ˋÇÂˉÐ! áÎÐæ$9"
    }
}
