{
    "header": {
        "target": "w",
        "formatVersion": 5,
        "hidef": true,
        "compressed": 128
    },
    "readers": [
        {
            "type": "Microsoft.Xna.Framework.Content.DictionaryReader`2[[System.String, mscorlib, Version=4.0.0.0, Culture=neutral, PublicKeyToken=b77a5c561934e089],[System.String, mscorlib, Version=4.0.0.0, Culture=neutral, PublicKeyToken=b77a5c561934e089]]",
            "version": 0
        },
        {
            "type": "Microsoft.Xna.Framework.Content.StringReader",
            "version": 0
        }
    ],
    "content": {
        "winter_17.000": "ä˴ä»ɤ âªΗ¹Ò§àǷÍ¡ËȓÍĢ§? ĉ¹ªÍºġ¹чɊ´àÅÂ...",
        "marriage_Mon.000": "¼Á¨ÐÍԒчщԷ§ħ¹àÅÂ¹Ð à¾ÃÒÐµÒāºÂÒÂ¢Í§¼Á äˑä˴áʂ§áÃ§àËȑÍ¹á˅ʱÍ¹...",
        "summer_16.000": "˗Òä§...à˝Í ĉ¹áʴˢÍà˷Ò¾ƅ¡ˉÐ ÁÒɤā¹ ˗Òĉ¹¨ÐĞ¹ˢÍà˷Òä˴ՁÂ?",
        "summer_16.001": "ãʺ ãʺá̅Ç... ¼ÁÊºÒÂƤȤ³ËÁÍ áʴĞ¹˼Òä̇ʁ¾Íá̅Ç µ¡Å§¹Ð?",
        "Sun.000": "%Íàʥ¡ͻ ıÒĥ§ËÁ¡ӡ¹ÍԒāºà¡Á à¢Òäˑړ˴ÇÂ՛Ò ˗ÒȤ³ÍԒµÃ§׉",
        "Sun.000_married": "à̎ @! ÁÒɤ¡ÒÃáʲ§Ă¹ āº¾Ç¡àÃÒä˴¹Ð ˶Ò˵Í§¡ÒÃ äˑä˴¨Ð¡´Ĕ¹¹Ð ˶Òàš´Ӣ§ÍԒ"
    }
}
