{
    "header": {
        "target": "w",
        "formatVersion": 5,
        "hidef": true,
        "compressed": 128
    },
    "readers": [
        {
            "type": "Microsoft.Xna.Framework.Content.DictionaryReader`2[[System.String, mscorlib, Version=4.0.0.0, Culture=neutral, PublicKeyToken=b77a5c561934e089],[System.String, mscorlib, Version=4.0.0.0, Culture=neutral, PublicKeyToken=b77a5c561934e089]]",
            "version": 0
        },
        {
            "type": "Microsoft.Xna.Framework.Content.StringReader",
            "version": 0
        }
    ],
    "content": {
        "Fri.000": "ã¹чɊ´... ʁä˴ƱàÇÅÒàʥ¡æ ˹ÍÂæ ÍԒāºĕÇàÍ§Ī¡Ƨ",
        "Sun.000": "à˨Ò¢Í§˺Ò¹¤¹ʱÍ¹Ë˹Ò à¢Òàʛ¹¤¹ỄÒ§̋Í§ɪªÒˉÐ ¾Ç¡àÃÒʁäˑä˴à¤˓§ àҳÍ§ÈÒÊ¹Òā¹ËÃÍ¡ á˅ĉ¹ʁƂ¹Ƥч¨Ðã̋¤¹ҽ¹æ ä˴ã˪ā¹¹Ð ˶Ò¾Ç¡à¢Ò˵Í§¡ÒÃˉÐ",
        "fall_25.002": "¢Íâ·ÉƧ¹Ð ĉ¹ƱºÒ§Í˒Ò§ ч¨ÐȤÂāºËÁÍÎÒΓƷΒ àʛ¹¡ÒÃ˚Ç¹ĕÇˉÐ...$u",
        "Tue.000": "ȝÁ... ĉ¹¤ÇÃã˚ÍÐäÃчġ¹žàÈÉ ä»à˵¹áÍâÃź¡ã¹ħ¹׉ƤՁÂ?",
        "Tue.001": "µÍ¹׉ӫ¹¢Í§à¸Í à̫ÐàÇÍΓàÅÂ¹Ð â¨ׄ! ˉÒ¨Ðàʛ¹à¾ÃÒÐĔÁàºÅáˉæ ãʺՁÂ˕Ð?",
        "fall_25.000": "ħ¹׉ËÁÍę´ĉ¹ÁÒ µÃÇ¨˓Ò§¡ÒÂˉÐ á˅Í˒Ò§˹ÍÂʁäˑ˵Í§ àŴ¹ÁÒä¡Å˕Ð¹Ð",
        "fall_25.001": "à¸ÍʁÁÒµÃÇ¨˓Ò§¡ÒÂ àËȑÍ¹ā¹ËÃÍ? ˗Òá˅àʛ¹ÍÐäÃÁÒ˕Ð?",
        "Tue.002": "ؽÁ... ĉ¹Ť´˗Òħ¹׉ĉ¹ ä˴Ȥ¡ֱÁÒ˴ÇÂ *¡Ƀº¡ģº*",
        "winter_16.000": "Ǵ¹׉ĉ¹¨ÐªÍ»֛§ ã̋Ɋ´àËїÂ§ä»àÅÂ! ºÍ¡ĉ¹˴ÇÂ¹Ð ˶Òà¸Íàʫ¹ƫáÍΓıÒĥ§ÁÒ..."
    }
}
