{
    "header": {
        "target": "w",
        "formatVersion": 5,
        "hidef": true,
        "compressed": 128
    },
    "readers": [
        {
            "type": "Microsoft.Xna.Framework.Content.DictionaryReader`2[[System.String, mscorlib, Version=4.0.0.0, Culture=neutral, PublicKeyToken=b77a5c561934e089],[System.String, mscorlib, Version=4.0.0.0, Culture=neutral, PublicKeyToken=b77a5c561934e089]]",
            "version": 0
        },
        {
            "type": "Microsoft.Xna.Framework.Content.StringReader",
            "version": 0
        }
    ],
    "content": {
        "winter_16.000": "ĉ¹¢Íá¹ÐŉÒã̋¹ÒÂä»ÅÍ§ ã˪ºƃ¡ÒÃėÇΓàȓÍńÒթÒ ɤĪ¡¤Ճ§¹Ð ġ¹Ʊá˅Ъ§ƱƚƇµчˉÒàËȕÍàҚÍ ÍÒĨÂÍԒã˵˷Í§·ÐàÅ àʕÁä»ËÁ´àÅÂ˕Ð",
        "summer_25.000": "Ë˹ÒË¹ÒÇıÒĥ§¨ÐÁÒǖ§á̅Ç ĉ¹àÅÂÁÒчщàҮÍàÍÒħ¤ƛ¹ áˡËħ´¢Í§ĕÇàÍ§ä»ˉÐ",
        "summer_25.001": "Ȥ³ËÁÍÎÒΓƷΒ äˑ¹Ò¹ÁÒ׉Ȥ³ä˴˝Ò¹ º·¤ÇÒÁàҳÍ§ 'à·¤Ź¤¡ÒÃá¾·Β ·Ò§ƚÇƇ·ÂÒ' ˺Ò§ՁÂ? ¼ÁàҚÍ˗Òġ¹¨Ð˵Í§àʛ¹ º·¤ÇÒÁчȤ³˵Í§Ê¹ã¨áˉæ"
    }
}
