{
    "header": {
        "target": "w",
        "formatVersion": 5,
        "hidef": true,
        "compressed": 128
    },
    "readers": [
        {
            "type": "Microsoft.Xna.Framework.Content.DictionaryReader`2[[System.String, mscorlib, Version=4.0.0.0, Culture=neutral, PublicKeyToken=b77a5c561934e089],[System.String, mscorlib, Version=4.0.0.0, Culture=neutral, PublicKeyToken=b77a5c561934e089]]",
            "version": 0
        },
        {
            "type": "Microsoft.Xna.Framework.Content.StringReader",
            "version": 0
        }
    ],
    "content": {
        "winter_17.000": "¢ºÇ¹àȓÍ ¢Í§¡ӥÁˎÍˤÒ¨Ò¡á´¹ä¡Å ıÒĥ§àŴ¹·Ò§ä»ÃÍºâÅ¡ àҮÍˤ¹ËÒ¤ÇÒÁρ§Τ§ чäˍĝ¹ÁÒâ´ÂµÅÍ´... ʺÒ§àʛ¹¡ÒÃ¼¨­ĠÂ чÂÍ´àђÂÁ¨ƃ§æ!",
        "marriage_Mon.000": "˗Òä§ @ ĉ¹áʴÁÒȒ¹ɤ¤ҵ¹·ÐàÅˉÐ",
        "summer_9.001": "¼Á»Ç´Ëĥ§ÁÒ¡àÅÂȤ³ËÁÍ... ËÁÍړՁÂ ġ¹ʁàʛ¹à¾ÃÒÐ ¼Áι§ˡÁàƒÂ¹ŹÂÒÂ¹Ò¹æ щáËÅÐ",
        "summer_9.000": "ÊħÊƤ ÍÐäÃч¾Òà¸ÍÁÒ ÍԒã¹Ê¶Ò¹чáºº׉˕Ð?"
    }
}
