{
    "header": {
        "target": "w",
        "formatVersion": 5,
        "hidef": true,
        "compressed": 128
    },
    "readers": [
        {
            "type": "Microsoft.Xna.Framework.Content.DictionaryReader`2[[System.String, mscorlib, Version=4.0.0.0, Culture=neutral, PublicKeyToken=b77a5c561934e089],[System.String, mscorlib, Version=4.0.0.0, Culture=neutral, PublicKeyToken=b77a5c561934e089]]",
            "version": 0
        },
        {
            "type": "Microsoft.Xna.Framework.Content.StringReader",
            "version": 0
        }
    ],
    "content": {
        "winter_9.000": "äˑƱÍÐäÃ ˵Í§ã̋à¤ƳÂ´ËÃÍ¡... ĉ¹ʁáʴ ¨Ð˵Í§ä»µÃÇ¨˓Ò§¡ÒÂà©Âæ",
        "winter_9.001": "Ȥ³ËÁÍ¤Ð ĉ¹áʴƱթÒɱ¡à©Âæ ¹Ð á˅˓Ò§¡ÒÂĉ¹»¡ŵáʂ§áÃ§Ƥ!",
        "winter.000": "ġ¹Ë¹ÒÇàš¹¡˗Ò¨Ðć´ĕÇàÍ§ ÍÍ¡¨Ò¡àƥÂ§ä˴ʷÒÂæ àÅÂ˕Ð",
        "marriage_Mon.000": "ä§чģ¡! ħ¹׉ĉ¹¡ĥºÁÒàђÂÁ юÊÒÇ¢Í§ĉ¹ˉÐ",
        "rain.000": "ħ¹׉ÊÀÒ¾ÍÒ¡ÒÈá»Ã»ÃÇ¹Ĉ§ ĉ¹äˑÍÂÒ¡¨ÐɅ¡ ÍÍ¡¨Ò¡àƥÂ§àÅÂ",
        "winter_16.001": "ºȓëÍÍ.... ĉ¹äˑä˴á˅§ĕÇàҮÍ¨ÐÁÒ à¨ÍÍÒ¡ÒÈáºº׉¹Ð...$s",
        "winter_16.000": "Ë¹ÒÇĈ§ Ë¹ÒÇ¨¹äˑÍÂÒ¡¨ÐɅ¡ ÍÍ¡¨Ò¡àƥÂ§àÅÂ˕Ð"
    }
}
