{
    "header": {
        "target": "w",
        "formatVersion": 5,
        "hidef": true,
        "compressed": 128
    },
    "readers": [
        {
            "type": "Microsoft.Xna.Framework.Content.DictionaryReader`2[[System.String, mscorlib, Version=4.0.0.0, Culture=neutral, PublicKeyToken=b77a5c561934e089],[System.String, mscorlib, Version=4.0.0.0, Culture=neutral, PublicKeyToken=b77a5c561934e089]]",
            "version": 0
        },
        {
            "type": "Microsoft.Xna.Framework.Content.StringReader",
            "version": 0
        }
    ],
    "content": {
        "spring_16.001": "ĉ¹ɤáʂ§áÃ§ƤՁÂ¤Ð Ȥ³ËÁÍÎÒΓƷΒ?",
        "marriage_Mon.000": "ÊħÊƤµÍ¹ˊÒÂ @ ĉ¹áʴÍÍ¡ÁÒàŴ¹à˕¹ áÅÐɺ´ÍÒ¡ÒÈĪ¡Ğ¡ˉÐ ¤§à¾ÃÒÐàУÁƱÍÒ¡ÒÃŤ´ǖ§ à˨Ò¡ÃÐˇÍÁËĥ§˹ÍÂæ ι¹«Ðá̅Ç˕Ð",
        "winter_15.000": "ؾÁ... ÀÒ¾ÇÒ´¢Í§ɵžщàËÃÍ? äˑàÅÇàÅÂщ...",
        "spring_16.000": "ä§ ÁÒËÒËÁÍчщËÃÍ?"
    }
}
