{
    "header": {
        "target": "w",
        "formatVersion": 5,
        "hidef": true,
        "compressed": 128
    },
    "readers": [
        {
            "type": "Microsoft.Xna.Framework.Content.DictionaryReader`2[[System.String, mscorlib, Version=4.0.0.0, Culture=neutral, PublicKeyToken=b77a5c561934e089],[System.String, mscorlib, Version=4.0.0.0, Culture=neutral, PublicKeyToken=b77a5c561934e089]]",
            "version": 0
        },
        {
            "type": "Microsoft.Xna.Framework.Content.StringReader",
            "version": 0
        }
    ],
    "content": {
        "marriage_Mon.002": "ĉ¹Ëħ§˗ÒĪ¡ħ¹Ǚ§ à¾¹Ʃ¨Ðĕ´Ɗ¹ã¨á˅§§Ò¹¹Ð",
        "winter_16.000": "̇ÒÇ à·¤â¹âÅƲ¢Í§à˨Òщ ġ¹ˉÒѷ§ÁÒ¡!",
        "marriageJob.000": "ĉ¹ıÒĥ§ŇÒ§Ò¹ÍԒ¹Ðчģ¡! Í˒Òã̋Ȥ³ËÁÍàʫ¹àˢÒƊ",
        "marriageJob.002": "ĉ¹ã¡̅¨Ðàƅ¡§Ò¹á̅Ç...",
        "marriage_Mon.001": "ˎÍˡÒÇË˹Òä»ä¡ÅÁÒ¡àÅÂ āº¡ÒÃ·´ÅÍ§¢Í§à¢Ò",
        "summer.000": "àʛ¹àҳÍ§ÂÒ¡ÁÒ¡àÅÂ¹Ð ч¨ÐàˢÒã¨ǖ§¢¹Ò´ ¢Í§Ĉ¡ÃÇÒÅˉÐ$8",
        "marriage_Mon.000": "à̎! àËȑÍ¹˗Òáˑ¨ÐŇÒÍÐäÃæ ä˴Ƥ â´Âчĉ¹äˑ˵Í§¤ÍÂʺÇÂá̅Ç ÊÁāº©ÒÂÒËŭ§á¡˓§¨ƃ§æ",
        "marriageJob.001": "ړǪ¡ƤĈ§чȤ³ÁÒËÒĉ¹$h"
    }
}
