{
    "header": {
        "target": "w",
        "formatVersion": 5,
        "hidef": true,
        "compressed": 128
    },
    "readers": [
        {
            "type": "Microsoft.Xna.Framework.Content.DictionaryReader`2[[System.String, mscorlib, Version=4.0.0.0, Culture=neutral, PublicKeyToken=b77a5c561934e089],[System.String, mscorlib, Version=4.0.0.0, Culture=neutral, PublicKeyToken=b77a5c561934e089]]",
            "version": 0
        },
        {
            "type": "Microsoft.Xna.Framework.Content.StringReader",
            "version": 0
        }
    ],
    "content": {
        "summer_18.001": "äˑƱàҳÍ§á˒æ ч¨Ð˵Í§ºÍ¡щȤ³ËÁÍ ĉ¹ʁړǪ¡ƤàËȑÍ¹ȷ¡æ ¤Ճ§чˌÒ¹ÁÒι¹áËÅÐ",
        "summer_18.000": "ÍÐäÃчŇÒã̋¤¹ Ɋ¢ÀÒ¾ƤÍ˒Ò§à¸Í ÁÒÍԒчщä˴àщÂ?",
        "Tue.000": "àÃÒÁÒà¨Íā¹ȷ¡æ Ī»´ÒΛ ã̋ıÒĥ§ã¨ā¹áÅÐā¹ àҮÍɊ¢ÀÒ¾˓Ò§¡ÒÂ áÅÐɊ¢ÀÒ¾ŨµчƤ˕Ð¹Ð",
        "winter_16.000": "¡ÒÃä»ɤàȓÍ ǴÍЪ§чĉ¹ªÍºчɊ´àÅÂ àƺÂ§υ¹¢Í§ä́ ġ¹ŇÒã̋ĉ¹ړǪ¡Ƥá»Å¡æ"
    }
}
