{
    "header": {
        "target": "w",
        "formatVersion": 5,
        "hidef": true,
        "compressed": 128
    },
    "readers": [
        {
            "type": "Microsoft.Xna.Framework.Content.DictionaryReader`2[[System.String, mscorlib, Version=4.0.0.0, Culture=neutral, PublicKeyToken=b77a5c561934e089],[System.String, mscorlib, Version=4.0.0.0, Culture=neutral, PublicKeyToken=b77a5c561934e089]]",
            "version": 0
        },
        {
            "type": "Microsoft.Xna.Framework.Content.StringReader",
            "version": 0
        }
    ],
    "content": {
        "Fri.000": "¡ÒÃч˵Í§Ĉº»ÅÒթÒàʄÁ µÅÍ´Է§ħ¹ ŇÒã̋ĉ¹ړǪ¡¤Íá̋§¨ƃ§æ àÅÂ¹Ð",
        "spring_9.001": "̽Ð ĉ¹ŇÒàʚ´µ¡»ÅÒ àбÂÇàˢÒч֙ÇȑÍ ¢Í§ĕÇàÍ§˕Ð... ˵Í§ã̋Ȥ³ËÁÍǔ§ġ¹ÍÍ¡",
        "winter_17.000": "˝Ò äˑƱÍÐäÃ¨ÐƤä»¡˗Ò à¤ҳÍ§ҤÁ̃Í¹æ Ëĥ§¨Ò¡ħ¹ĭ¹ȑ´Á¹ áÅÐË¹ÒÇàËʙºá̅Ç˕Ð...",
        "spring_9.002": "â̽Â! ġ¹àʈº¹ÐËÁÍ!$s",
        "spring_9.000": "ħ¹׉ĉ¹Ʊę´āºȤ³ËÁÍ¹Ð ˶ÒÍÂÒ¡¨Ð؛ÍÍÐäÃ˕Ðʁ ƳºËˉÍÂÅÐā¹",
        "spring_9.003": "ĉ¹˵Í§¡ÒÃÇÍΓÁà¤ҳÍ§ƽ¡Ź´ àµƳÂÁ¾̃ÍÁ¨Ðà¨Íāº Ǵ¹ĭ¹Ë¹ÒÇàËʙº ¢Í§ÁËÒÊɁ·ÃˉÐ$h",
        "Sat.000": "˝Ò... äˑƱÍÐäÃ¨ÐƤä»¡˗ÒÅÁàʢ¹æ Ëĥ§¨Ò¡ч˵Í§Ȓ¹µ¡»ÅÒ ÁÒµÅÍ´Է§ħ¹á̅Ç˕Ð$h",
        "winter_15.000": "ĉ¹¹Í¹äˑËĥºËÃÍ¡ ˶ÒµÅÒ´¡ÅÒ§Ǵ¹Ģ§Ĉ´ÍԒ... à˝Í á˅ġ¹ʁäˑàʛ¹äÃÁÒ¡ËÃÍ¡",
        "winter.000": "ĉ¹˵Í§ÇÍΓÁà¤ҳÍ§ƽ¡Ź´ àҮÍàµƳÂÁ¾̃ÍÁāº Ǵ¹ĭ¹Ë¹ÒÇàËʙºã¹ÁËÒÊɁ·Ã ƽ¡¤Ճ§$h",
        "winter_16.000": "à¤Âä»ėÇΓàȓÍńÒթÒ ã˵·ÐàÅǥ¡ՁÂ? ā»ĕ¹¤¹Թ¹ àʛ¹àҮÍ¹àʱÒ¢Í§ĉ¹àÍ§˕Ð"
    }
}
