{
    "Format": "1.23.0",
    "Changes": [
        {
            "Action": "EditData",
            "Target": "Strings/StringsFromCSFiles",
            "Entries": {
                "MapPage.cs.11174": "ËÒ´à¾ÅÔá¡¹",
                "MapPage.cs.11176": "ÀÙà¢Ò",
                "MapPage.cs.11178": "àËÁ×Í§ËÔ¹",
                "MapPage.cs.11180": "»èÒËÅÑ§¿ÒÃìÁ",
                "MapPage.cs.11186": "»èÒ«Ô¹à´ÍÃìá«»",
                "MapPage.cs.11188": "àÁ×Í§à¾ÅÔá¡¹ ·ÔÈµÐÇÑ¹µ¡",
                "MapPage.cs.11190": "àÁ×Í§à¾ÅÔá¡¹",
                "PurchaseAnimalsMenu.cs.11354": "»ÈØÊÑµÇì",
                "PurchaseAnimalsMenu.cs.11357": " Ե§ҚÍã̋āºĪµΗàוÂ§ĕÇãËˑ¢Í§Ȥ³:"
            }
        },

        {
            "Action": "EditData",
            "Target": "Strings/UI",
            "Entries": {
                "LevelUp_ProfessionName_Rancher": "¤¹àÅÕéÂ§ÊÑµÇì (Rancher)",
                "LevelUp_ProfessionName_Tiller": "ªÒÇäÃè (Tiller)",
                "LevelUp_ProfessionName_Coopmaster": "¤¹´ÙáÅàÅéÒ (Coopmaster)",
                "LevelUp_ProfessionDescription_Coopmaster": "Ê¹Ô·¡ÑºÊÑµÇìàÅÕéÂ§ã¹àÅéÒàÃçÇ¢Öé¹ àÇÅÒã¹¡ÒÃ¿Ñ¡ä¢èÅ´Å§¤ÃÖè§Ë¹Öè§",
                "LevelUp_ProfessionName_Shepherd": "¤¹àÅÕéÂ§á¡Ð (Shepherd)",
                "LevelUp_ProfessionDescription_Shepherd": "Ê¹Ô·¡ÑºÊÑµÇìã¹¤Í¡ä´éàÃçÇ¢Öé¹ á¡Ð¼ÅÔµ¢¹ä´éàÃçÇ¢Öé¹",
                "LevelUp_ProfessionName_Artisan": "ÊÒÂËÁÑ¡ (Artisan)",
                "LevelUp_ProfessionName_Agriculturist": "à¡ÉµÃ¡Ã (Agriculturist)",
                "LevelUp_ProfessionName_Fisher": "ªÒÇ»ÃÐÁ§ (Fisher)",
                "LevelUp_ProfessionName_Trapper": "¹Ñ¡ÇÒ§¡Ñº´Ñ¡ (Trapper)",
                "LevelUp_ProfessionName_Angler": "¹Ñ¡µ¡»ÅÒ (Angler)",
                "LevelUp_ProfessionName_Pirate": "â¨ÃÊÅÑ´ (Pirate)",
                "LevelUp_ProfessionName_Mariner": "¡ÐÅÒÊÕ (Mariner)",
                "LevelUp_ProfessionName_Luremaster": "¹Ñ¡ÅèÍÁ×Í©ÁÑ§ (Luremaster)",
                "LevelUp_ProfessionName_Forester": "ªÒÇ»èÒ (Forester)",
                "LevelUp_ProfessionName_Gatherer": "¹Ñ¡à¡çº¢Í§»èÒ (Gatherer)",
                "LevelUp_ProfessionName_Lumberjack": "¹Ñ¡µÑ´äÁé (Lumberjack)",
                "LevelUp_ProfessionName_Tapper": "¤¹¡ÃÕ´ÂÒ§ (Tapper)",
                "LevelUp_ProfessionName_Botanist": "¹Ñ¡¾Ä¡ÉÈÒÊµÃì (Botanist)",
                "LevelUp_ProfessionName_Tracker": "¹Ñ¡á¡ÐÃÍÂ (Tracker)",
                "LevelUp_ProfessionName_Miner": "¹Ñ¡¢Ø´áÃè (Miner)",
                "LevelUp_ProfessionName_Geologist": "¹Ñ¡¸Ã³ÕÇÔ·ÂÒ (Geologist)",
                "LevelUp_ProfessionName_Blacksmith": "ªèÒ§µÕàËÅç¡ (Blacksmith)",
                "LevelUp_ProfessionName_Prospector": "¹Ñ¡ÊÓÃÇ¨áÃè (Prospector)",
                "LevelUp_ProfessionName_Excavator": "¹Ñ¡Ê¡Ñ´áÃè (Excavator)",
                "LevelUp_ProfessionName_Gemologist": "¹Ñ¡ÍÑ­Á³ÕÈÒÊµÃì (Gemologist)",
                "LevelUp_ProfessionName_Fighter": "¹Ñ¡ÊÙé (Fighter)",
                "LevelUp_ProfessionName_Scout": "¹Ñ¡ÊÍ´á¹Á (Scout)",
                "LevelUp_ProfessionName_Brute": "¹Ñ¡àÅ§ (Brute)",
                "LevelUp_ProfessionName_Defender": "¼Ùé¾Ô·Ñ¡Éì (Defender)",
                "LevelUp_ProfessionName_Acrobat": "¹Ñ¡¡ÒÂ¡ÃÃÁ (Acrobat)",
                "LevelUp_ProfessionName_Desperado": "ÍÒª­Ò¡Ã (Desperado)",
                "Profile_Gift_Category_FruitsAndVegetables": "¼Ñ¡áÅÐ¼ÅäÁé",
                "Profile_Gift_Category_AnimalProduce": "¼ÅÔµÀÑ³±ì¨Ò¡ÊÑµÇì",
                "Profile_Gift_Category_ArtisanItems": "¢Í§á»ÃÃÙ»",
                "Profile_Gift_Category_CookedItems": "ÍÒËÒÃ·Õè»ÃØ§",
                "Profile_Gift_Category_ForagedItems": "´Í¡äÁéáÅÐ¢Í§»èÒ",
                "Profile_Gift_Category_Ingredients": "ÊèÇ¹»ÃÐ¡Íº",
                "Profile_Gift_Category_MineralsAndGems": "âÅËÐ áÃè áÅÐÍÑ­Á³Õ",
                "Profile_Gift_Category_Misc": "Í×è¹æ",
                "PondQuery_Name": "ˊÍàוÂ§ {0}",
                "About_Credit_Mobile": "\n= ỄÒ§â´Â ConcernedApe\n< à¼Âá¾˓â´Â  Chucklefish\n= ¾ÍΓ·â´Â Sickhead Games\n< ¡ÃÐ¨ÒÂ˷Í§ч â´Â Playism & LocalizeDirect\n= àÇÍΓĊ¹ȑÍȆÍ â´Â The Secret Police\n      ",
                "mobile_options_vertical_toolbar": "á¶ºà¤Ã×èÍ§Á×Íá¹ÇµÑé§",
                "mobile_options_menu_side_margin": "àÅ×èÍ¹ã¹àÁ¹Ù",
                "mobile_options_toolbar_padding": "àÅ×èÍ¹ã¹á¶ºà¤Ã×èÍ§Á×Í",
                "mobile_button_craft": "ÊÃéÒ§",
                "shippingInstructionText": "ãÊèäÍà·çÁÅ§ã¹¹Õéà¾×èÍÊè§¢ÒÂ",
                "animalText": "¢Í§â»Ã´:",
                "tutorialWant": "à»Ô´ãªé§Ò¹¤Óá¹Ð¹ÓËÃ×ÍäÁè",
                "tutorialYes": "ä´éàÅÂ ©Ñ¹à»ç¹¼ÙéàÅè¹Á×ÍãËÁè¡Ñº Stardew Valley º¹Á×Í¶×Í",
                "tutorialNo": "äÁèÅÐ ¢Íº¤Ø³ ©Ñ¹à¤ÂàÅè¹ÁÒ¡èÍ¹áÅéÇ",
                "tutorial1": "Ԣ¹áÃ¡ ÁÒàȕÍ¡ɳ»ĥ¡É΃áÅÐ»ÃÐàÀ·¿ÒΓÁ¢Í§Ȥ³ā¹ ˶ÒÍÍ¡áººàÊʣ¨á̅Ç ¡´ӛÁà¤ҳÍ§ËÁÒÂɦ¡àҮÍàУÁà˕¹ä˴àÅÂ",
                "tutorial2": "ÊħÊƤµÍ¹à˪Ò! Í˒ÒȕÁ¡ĥºàˢÒ˺Ò¹àҮÍ¹Í¹ áÅÐĚ¹Ǘ¡à¡Á¢Í§Ȥ³ã¹ÀÒÂËĥ§˴ÇÂ˕Ð!",
                "tutorial3": "Ȥ³ä˴¢Í§¢ħ­˕Ð! ¡´º¹¡˕Í§àҮÍàŻ´àÅÂ!",
                "tutorial4": "ÀÒÃš¨ãËˑæ ¨Ð»ÃÒ¡¯ÍԒã¹Ě¹Ǘ¡ ¡´чÀÒÃš¨àҮÍɤã̋ÅÐàƽÂ´ע¹ ġ¹ƱˢÍɱÅчƱ»ÃÐâÂªΉÍԒã¹Թ¹!",
                "tutorial5": "¡´ӛÁ Ż´ àұÍȤ³ɤĚ¹Ǘ¡àÊʣ¨á̅Ç",
                "tutorial6": "Ӣ§àËƂ§ä»ËÁ´àÅÂ! ÁÒĈ´ÃÐàƪÂºчщā¹",
                "tutorial7": "¡´чħªȎªàҮÍ¶Í¹ġ¹",
                "tutorial8": "ŇÒƤÁÒ¡! äË¹ÅÍ§ıÒĈ´ħªȎªáÅÐƋ¹àОÁɤū!",
                "tutorial9": "Ȥ³ÊÒÁÒÃ¶ã˪¨Íº àҮÍàµƳÂÁŴ¹ã̋¾̃ÍÁ ŚÒËģº¡ÒÃà¾ÒÐ»ɵ¡",
                "tutorial10": "ÅÍ§àµƳÂÁá»Å§»ɵ¡ÊÇÂæ àҮÍË˗Ò¹àÁʥ´ȎªʥÍµáÃ¡¢Í§Ȥ³ɤ",
                "tutorial11": "ŇÒä˴Ƥ... ǖ§àÇÅÒÅÍ§Ë˗Ò¹àÁʥ´ɤá̅Ç",
                "tutorial12": "¾Ç¡ġ¹ɤƋÇթÒ¹Ð ġ¹ƱĚÇÃ´թÒÍԒã¹á¶ºà¤ҳÍ§ȑÍˉÐ",
                "tutorial13": "àђÂÁ! Í˒ÒȕÁÃ´թÒȎªĜ¡¢Í§Ȥ³ȷ¡ħ¹˕Ð",
                "tutorial14": "àұÍȤ³Ã´թÒàÊʣ¨á̅Ç ¨Ðä»ŚÒÃÇ¨àȑÍ§à¾ƅá¡¹ áÅÐà¨ÍàҮÍ¹˺Ò¹ãËˑæ ʁä˴¹Ð!",
                "tutorial15": "Ȥ³ÊÒÁÒÃ¶àŵÁĚÇÃ´թÒ¢Í§Ȥ³ ä˴чˊÍËȓÍáˑթÒ˅Ò§æ",
                "tutorial16": "¡´ˤÒ§ä̇àҮÍàŴ¹ä»Ģ§֙Ç¢Í§Ȥ³",
                "tutorial17": "¡´áÅÐÅÒ¡àҮÍàŴ¹ä»ÃÍºæ µÒÁ֙Ç¢Í§Ȥ³",
                "tutorial18": "ÁÒɤğ§ͱĊ¹ҽ¹æ ¢Í§à¡Áā¹",
                "tutorial19": "¤ĥ§¢Í§ áÊ´§äÍàʗÁчȤ³ȆÍÍԒ Ȥ³ÊÒÁÒÃ¶ÅÒ¡ġ¹àҮÍĈ´àƳÂ§ãËˑä˴ ËȓÍÅÒ¡ã˚Ė§¢ÂÐàҮÍ֗§ġ¹ä˴",
                "tutorial20": "Ë˹Ò׉áÊ´§ė¡ÉÐ¢Í§Ȥ³ Ȥ³ÊÒÁÒÃ¶àОÁė¡ÉÐ¢Í§Ȥ³ ä˴â´Â¡ÒÃã˪à¤ҳÍ§ȑÍ˅Ò§æ àʁº¢Í§ˋÒ µ¡»ÅÒ áÅÐ˅Íښ",
                "tutorial21": "Ë˹Ò¤ÇÒÁĪÁĞ¹ΈºÍ¡˗Ò ¤ÇÒÁĪÁĞ¹Έ¢Í§Ȥ³āº ¤¹чȤ³à¨Íàʛ¹Í˒Ò§äÃ",
                "tutorial22": "щǴÍччȤ³ÊÒÁÒÃ¶»ÃÐŴÉ΀¢Í§ãËˑæ ä˴¨Ò¡Ъ§чȤ³àʁºÊÐÊÁáÅÐ»ɵ¡ע¹ Ȥ³¨Ðˤ¹¾ºƇƨ»ÃÐŴÉ΀ãËˑæ ÃÐË˗Ò§чȤ³à˕¹à¡Áä»àҳÍÂæ",
                "tutorial23": "àҵÍ¹֙Ç¢Í§Ȥ³àËȉÍá¼¹ч àҮÍŚÒÃÇ¨àȑÍ§à¾ƅá¡¹ áÅÐЪ§áÇ´̅ÍÁ¢Í§àȑÍ§",
                "tutorial24": "Ë˹Ò¢Í§ÊÐÊÁ ¨ÐàʁºÊŶŵ¢Í§чȤ³˚§¢ÒÂ µ¡ä˴ Ȣ´à¨Íã¹àËȑÍ§ ŇÒÍÒËÒÃ ËȓÍˤ¹¾º",
                "tutorial25": "ã¹Ë˹Ò̃Ò¹ˤÒ ¡´чà¤ÒàµÍΓ˴Ò¹Ë˹Òà˨Ò¢Í§̃Ò¹ àҮÍ؛ÍËȓÍ¢ÒÂƊ¹ˤÒ",
                "tutorial26": "¾Ç¡àÃÒ˵Í§¡ÒÃàÁʥ´Ğ¹ۨÁÒ»ɵ¡... Ȥ³ȕÁÍÐäÃä̇ч˺Ò¹ËȓÍà»˕Ò?",
                "confirmExit": "¤Ø³á¹èã¨¹ÐÇèÒ¨ÐÍÍ¡¨Ò¡à¡Á áÅÐàÊÕÂ¤ÇÒÁ¤×ºË¹éÒã¹ÇÑ¹¹Õé·Ñé§ËÁ´?",
                "mobile_options_auto_attack": "â¨ÁµÕÍÑµâ¹ÁÑµÔ",
                "mobile_options_green_squares": "¤ÙèÁ×Í¡ÒÃÇÒ§äÍà·çÁ",
                "tutorial_auto_attack": "Ȥ³ÊÒÁÒÃ¶àȕÍ¡ÃÐË˗Ò§ ¡ÒÃâ¨Áƥ˴ÇÂĕÇàÍ§ ËȓÍâ¨Áƥĭµâ¹ġŵ ä˴чË˹ÒԵ§ʴÒ¢Í§à¡Á",
                "question_auto_attack": "àËȑÍ§àʛ¹ччĭ¹µÃÒÂ áÅÐȤ³ÍÒ¨˵Í§˅Íښ Ȥ³ÍÂÒ¡¨ÐàŻ´âËÁ´â¨Áƥĭµâ¹ġŵ àҮÍʺÇÂȤ³˅ÍښāºĨµɳã´æ ʁµÒÁՁÂ?",
                "question_restore_backup": "¤Ø³µéÍ§¡ÒÃ¨Ð¡ÅÑºä»àÅè¹µèÍ¨Ò¡µÍ¹·Õè¤Ø³ÍÍ¡¨Ò¡à¡ÁÊìäËÁ?",
                "mobile_options_bigger_numbers": "ãËé¢¹Ò´µÑÇàÅ¢ãË­è¢Öé¹",
                "mobile_options_auto_save": "ºÑ¹·Ö¡à¡ÁÍÑµâ¹ÁÑµÔ",
                "save_backup": "ÊÓÃÍ§ºÑ¹·Ö¡à¡Á",
                "swap_saves": "ÊÅÑºä»ºÑ¹·Ö¡à¡Á¡èÍ¹Ë¹éÒ",
                "control_method_tap_to_move": "¡´à¾×èÍà´Ô¹ & â¨ÁµÕÍÑµâ¹ÁÑµÔ",
                "control_method_attack_joystick": "¡´à¾×èÍà´Ô¹ & â¨ÁµÕ´éÇÂ¨ÍÂÊµÔé¡",
                "control_method_invis_2": "¨ÍÂÊµÔé¡ÅèÍ§Ë¹ & 2 »ØèÁ",
                "control_method_invis_1": "¨ÍÂÊµÔé¡ÅèÍ§Ë¹  & 1 »ØèÁ",
                "control_method_joystick_buttons": "¡´à¾×èÍà´Ô¹ & ¨ÍÂÊµÔé¡áÅÐ»ØèÁ",
                "control_method_joystick_buttons_no_tap_to_move": "¨ÍÂÊµÔé¡áÅÐ»ØèÁ",
                "control_method_joystick_buttons_b": "¡´à¾×èÍà´Ô¹ & (¨ÍÂÊµÔé¡áÅÐ»ØèÁ) (ÍÒÇØ¸)",
                "control_method_joystick_buttons_c": "¡´à¾×èÍà´Ô¹ & ¨ÍÂÊµÔé¡ & (»ØèÁ) (ÍÒÇØ¸)",
                "control_method_joystick": "¡´à¾×èÍà´Ô¹ & ¨ÍÂÊµÔé¡",
                "show_controls_toggle_button": "áÊ´§»ØèÁ¡ÒÃ¨Ñ´¡ÒÃ¡ÒÃ¤Çº¤ØÁ",
                "button_diameter": "¢¹Ò´»ØèÁ",
                "button_alpha": "¤ÇÒÁà¢éÁ»ØèÁ",
                "adjust_joypad_controls": "»ÃÑº¡ÒÃ¤Çº¤ØÁá¼§¨ÍÂ",
                "invisible_button_width": "¤ÇÒÁ¡ÇéÒ§¢Í§»ØèÁÅèÍ§Ë¹",
                "Default": "¤èÒàÃÔèÁµé¹",
                "pinch_zoom": "ºÕºà¾×èÍ«ÙÁ",
                "store_demo": "Stardew Valley àÇÍÃìªÑ¹¹Õéä´é¶Ù¡ÊÃéÒ§ÁÒà¾×èÍ¡ÒÃÊÒ¸Ôµà·èÒ¹Ñé¹",
                "permissions_info": "¡ÒÃÍèÒ¹/à¢ÕÂ¹ ä»ÂÑ§áËÅè§à¡çº¢éÍÁÙÅÀÒÂ¹Í¡¨Óà»ç¹ã¹¡ÒÃºÑ¹·Ö¡à¡Á áÅÐ·ÓãËé¤Ø³ÊÒÁÒÃ¶ÂéÒÂºÑ¹·Ö¡à¡Á¨Ò¡á¾Åµ¿ÍÃìÁÍ×è¹æ ä»ÁÒä´é â»Ã´Í¹Ø­Òµà¾×èÍàÅè¹",
                "permissions_manual_set": "â»Ã´ä»·Õè µÑé§¤èÒâ·ÃÈÑ¾·ì> áÍ¾ > Stardew Valley > ¡ÒÃÍ¹Ø­Òµ áÅÐà»Ô´ ¡ÒÃà¡çººÑ¹·Ö¡ à¾×èÍàÅè¹à¡Á",
                "mobile_options_toolbar_slot_size": "¢¹Ò´á¶ºà¤Ã×èÍ§Á×Í",
                "mobile_options_date_time_size": "¢¹Ò´¡ÅèÍ§ºÍ¡àÇÅÒ",
                "please_wait": "â»Ã´ÃÍ...",
                "save_error": "¡ÒÃºÑ¹·Ö¡ÁÕ¢éÍ¼Ô´¾ÅÒ´",
                "show_camerabutton": "áÊ´§»ØèÁ¡ÅéÍ§",
                "save_version_incompatible": "¡ÒÃºÑ¹·Ö¡¹ÕéäÁèÊÒÁÒÃ¶à¢éÒ¡Ñ¹ä´é¡Ñº Stardew Valley àÇÍÃìªÑ¹¹Õé â»Ã¤ÍÑ¾à´µà¡Á¢Í§¤Ø³àÁ×èÍÍÑ¾à´µ 1.4 à»Ô´ãËé´ÒÇ¹ìâËÅ´ã¹ÍØ»¡Ã³ì¢Í§¤Ø³"
            }
        }
    ]
}
