{
    "header": {
        "target": "w",
        "formatVersion": 5,
        "hidef": true,
        "compressed": 128
    },
    "readers": [
        {
            "type": "Microsoft.Xna.Framework.Content.DictionaryReader`2[[System.String, mscorlib, Version=4.0.0.0, Culture=neutral, PublicKeyToken=b77a5c561934e089],[System.String, mscorlib, Version=4.0.0.0, Culture=neutral, PublicKeyToken=b77a5c561934e089]]",
            "version": 0
        },
        {
            "type": "Microsoft.Xna.Framework.Content.StringReader",
            "version": 0
        }
    ],
    "content": {
        "1": "Stir Fry/Ĝ´Ĝ¡!(Stir Fry) ƇƨчÂÍ´àђÂÁчɊ´ã¹¡ÒÃŇÒÍÒËÒÃ¨Ò¹Ĝ¡ˉÐàËÃÍ? ¡ÒÃĜ´ä§˕Ð àÍÒĜ¡Å§ä»Ĝ´ã¹թÒġ¹§Òàʥ¡˹ÍÂ áÅÐÍ˒ÒȕÁã˚Ţ§āº¡ÃÐàƧÂÁÊ´ Ƨ׉ʁɺ´ËÒÂã¨ǥ¡æ â̍Ç ġ¹àђÂÁä»àÅÂ!",
        "2": "Coleslaw/â¤ÅÊÅÍΗ!(Coleslaw) Ť´˗Òġ¹àʛ¹áʴ¡Í§¡ÐËϵÒ»ƵЙÁæ àˇÒԹ¹ãʺՁÂ˕Ð äˑãʺà¸Í¤¹àƤÂÇËÃÍ¡¹Ð чŤ´áººԹ¹ á˅â¤ÊÅÍΗчƤˉÐ àʛ¹ä˴ÁÒ¡¡˗ÒԹ¹! à¸Í˵Í§ã˪¡ÐËϵÒÊ´æ ¼ÊÁāºթÒ̊ÁÊÒÂɚáÅÐÁÒÂÍ§à¹Ê àˇÒ׉ʁàƳÂº̃ÍÂ ÍÒΛ... ¡ÃÍºÍ˓ÍÂƤ¨ƃ§æ!",
        "3": "Radish Salad/Êĥ´īÇäªà˷Ò!(Radish Salad) äˑƱÍÐäÃчƤä»¡˗Ò īÇäªà˷Òɵ¡¡ÅÁá´§ ч¡ÃÍºÊ´áÅÐàʜ´̃Í¹ ġ¹ŇÒã̋à̘Ǚ¡ǖ§ ʺÇ§»ÅÒÂÄɤãºä́¼ƅ... áˑ¢Í§à̘ϋ¹ġ¹ áÅÐàÊƃ¿ġ¹¾̃ÍÁāº¢¹Áě§ âÃÂ˴ÇÂà¡ȕÍáÅÐ¾ƃ¡ä·Âàʥ¡˹ÍÂ ÍÒ ħ¹àË˕ÒԹ¹ʺÒ§.... ¹Í¡àҳÍ§á̅Ç àÍÒ˕ÐàÃÒÁÒɤƇƨŇÒā¹...",
        "4": "Omelet/äʲàƘÂÇ!(Omelet) щàʛ¹àÁɩÍÒËÒÃɊ´ʷÒÂ á˅ËÅÒÂ¤¹ġ¡¨ÐŇÒäˑɦ¡˵Í§ äʲàƘÂÇчƤԹ¹ ġ¹˵Í§ÊÇÂ§ÒÁ ·Í§Í˓ÒÁ Í˒Ò§āºà·¾Ÿ´Ò¹Ò§˿Òá˛§äʲ áÅÐà̘¨ÐáÊ´§à¤ʥ´ĥºã̋ɤ...",
        "5": "Baked Fish/»ÅÒÍº!(Baked Fish) àұÍã´чà̘ŇÒàÁɩ׉¹Ð áÁÇÊÍ§ĕÇч˺Ò¹ʁ¨Ð¾Òā¹̃Í§ā¹ÃÐ§Á à̘ʁàÅÂ˵Í§ƱڌʺÇÂàÍÒä̇ƽ¡¤¹ àҮÍā¹äˑã̋¾Ç¡¹Ò§¡ÃÐâ´´ע¹ÁÒº¹à¤ÒΉàµÍΓ! à¸Í˵Í§áˉã¨˗Ò»ÅÒ¢Í§à¸ÍÊ´¾Í áÅÐ¨ÐƤÁÒ¡ ˶ÒËÒ¡µ¡ÁÒ˴ÇÂĄ¹àʚ´¢Í§à¸ÍàÍ§! Ƨ׉ÁÒɤā¹¹ÐÂÐ à̘¨ÐÇÒ§֊¹»ÅÒÅ§º¹˵¹ËÍÁ чϋ¹¡Í§ä̇ã¹¨Ò¹...",
        "6": "Pancakes/á¾¹àˤ¡!(Pancakes) áËÁæ ǖ§ºÒ§¤Ճ§ à̘¨ÐËÅ§ãËÅáÅÐĺÒ¹Ò­ ¡ÒÃŇÒÍÒËÒÃ¨Ò¹чӢ§ÂÒ¡ċº˫Í¹ ËȓÍÍĥ§¡ÒÃ§Ò¹ỄÒ§... á˅¤Ճ§׉ʁÍÂÒ¡¨ÐÅÍ§ŇÒÍÐäÃчʷÒÂæ Í˒Ò§á¾¹àˤ¡ɤ˺Ò§ á˅à¸Í˵Í§Ʊà¹ÂāºթÒàҚÍÁàÁà֛Å чÁÒ¡¾Íч¨Ðã˪ÅÐàÅ§Å§º¹á¾¹àˤ¡ӭ¹æ ч˫Í¹ā¹àʛ¹Ԫ¹¾Ç¡׉.... ȝÁÁÁÁ",
        "7": "Maki Roll/ˢÒÇ˛ÍÊÒË˓ÒÂ!(Maki Roll) ÃÊªÒŵĭ¹յÒǥ¡¨Ò¡˷Í§·ÐàÅ ˛Í٫ÁĞ¹ˢÒÇәÁæ ÍÒ¨¨ÐàŵÁÇÒ«ÒźŹ´ËˉÍÂàҮÍ¤ÇÒÁӻʻÒ ã̋µÒÂà¶ÍÐɮ´ä»թÒÅÒÂʁÊÍä» â̍ÇÇÇ à̘ģ¡ɛŪÍÐäÃ¢¹Ò´׉...",
        "8": "Bread/¢¹Áě§!(Breads) ¡ÒÃŇÒ¢¹Áě§ġ¹àʛ¹ƈÅ»Ðчċº˫Í¹ÁÒ¡¹Ð á˅à̘¨ÐŇÒã̋ġ¹ʷÒÂŚÒËģºà¸ÍàÍ§ ˚Ç¹¼ÊÁчŚÒĄ­чɊ´àÅÂǴÍá˻§ á˅ʱÍ¹чàÃÒ¨ÐŇÒã¹˚Ç¹¢Í§â´ àÃÒ¨Ð˵Í§ŇÒã̋ƲÊ΅¾̃ÍÁʱÍ¹ ړġêÂ˗Ò¾Ç¡ġ¹ªÍºթÒӭ¹æ á̅ÇʁƱÍÒËÒÃã̋Ź´ËˉÍÂ à̘¨Ðã˪թÒµÒÅ¸ÃÃÁ´Ò¾Í á˅թÒ׼§āºթÒàҚÍÁàÁà֛Åʁã˪ä˴àËȑÍ¹ā¹!",
        "9": "Tortilla/µÍΓƥ˒Ò!(Tortilla) ¾Ç¡Ȥ³б¤¹чš¹ġ¹º¹äÁâ¤ÃàÇ¿ ˓ÇÁāºàºÍΓƃâµ ¢³ÐıÒĥ§ɤÃÒÂ¡ÒÃ׉ ʺÒ§ˉÒà¡ƵÂ´! à¸ÍÍÒ¨à¤ẤÇ¹µÍΓƥ˒ÒζÇã¹˼Òā¹àثÍ¹Ê¡»Ã¡æ µÍ¹׉ ğ§ã̋Ƥ ˶Òà¸ÍÅÍ§ŇÒµÍΓƥ˒ÒˢÒÇâ¾´ÊäµΕɵ¡ӗ§áººà̘¹Ð à¸Í¨Ðäˑ¡ĥºä»ŇÒàÁɩàŴÁƽ¡àÅÂ˕Ð...",
        "10": "Trout Soup/ȫ»»ÅÒà·ÃÒ΅(Trout Soup) щǴÍ»ÅÒà·ÃÒ΅Ê´æ чàО§µ¡ע¹ä˴ËÁÒ´æ ¨Ò¡áˑթÒ ºÒ§Ƨġ¹ÍÒ¨Ʊ¡Х¹Ŵ¹Ê´Қ¹ ¨Ò¡áˑթÒ»¹ÍԒ¨Ò§æ àÇÅÒŪÁ ħ¹׉à̘ƱɺµÃ Ȫ»»ÅÒà·ÃÒ΅àƅÈÃÊ ÁÒáˊ§ě¹ã̋à¸Í˴ÇÂ...",
        "11": "Glazed Yams/à¡Å«΄áÂÁ!(Glazed Yams) ġ¹ǴÍÄɤ¡ÒÃá˛§áÂÁ áÅÐ¨ÐƱÍÐäÃчƤä»¡˗Ò¡ÒÃŉÒ¼Åä́ ĭ¹ÊÇÂ§ÒÁàË˕Ò׉ŇÒàʛ¹áÂÁ ã̋ӊÁä»˴ÇÂ¤ÇÒÁËÇÒ¹àËƩÂÇáÅÐáÇÇÇÒÇ? àÍÒ˕Ð щǴÍЪ§чà¸Í˵Í§ŇÒ...",
        "12": "Artichoke Dip/թÒֈÁÍÒΓŷâª¡!(Artichoke Dip) щǴÍƇƨчˉÒҳ¹ÃÁΒāº¡ÒÃŉÒ ÍÒΓŷâª¡àˢÒä»Ԛ˓Ò§¡ÒÂ¢Í§Ȥ³ â´Â˚Ç¹ĕÇ à̘äˑŤ´˗Ò¨ÐƱÍÐäÃӈÁġ¹š¹àʛ¹թÒֈÁä˴ á˅à̘àО§ҤÁġ¹Å§ä»ÃÒÇāºš¹¹Áλ¹ Í˓ÍÂàÇÍΓ",
        "13": "Plum Pudding/Ⱦ´֔§¾ĥÁ!(Plum Pudding) ɵ¡äË¹ɵ¡äË¹æʁÍ˓ÍÂ á̅Çɵ¡äË¹ɵ¡äË¹чÍ˓ÍÂ˕Ð? ɵ¡¾ĥÁàʛ¹¼Åä́àةÍËÇÒ¹ËÍÁ á˅ʁƱÃÊ½Ò´àʥ¡˹ÍÂÍ˒Ò§¾ÍàËÁÒÐ àҮÍàŻ´ÃÊªÒŵàОÁ¤ÇÒÁ¡ÃÐ»ד¡ÃÐàˋÒã¹ĕÇà¸Í à¸Íáʴ˵Í§ÅÍ§áÅÐàʫ¹˴ÇÂµÒ¢Í§à¸ÍàÍ§...",
        "14": "Chocolate Cake/ʊÍ¡â¡áÅµàˤ¡!(Chocolate Cake) ¨ÐƱ·Ò§äË¹ч¨ÐƤä»¡˗Ò ˢÒÁˌÒ¹Ǵ¹ĭ¹Ë¹ÒÇàËʙº ä»āº¡Í§ɰà¢ÒʊÍ¡â¡áÅµ? ˶Òä˴à̘ÊÍ¹˕Ðʁ à¸ÍàÍ§ʁ¨ÐÊÒÁÒÃ¶ỄÒ§àˤ¡ĭ¹Ɋ´ÂÍ´ чäˑà¤Âàʫ¹ÁÒʱÍ¹ àÍÒ˕Ð à¸Í˵Í§àµƳÂÁթÒµÒÅàÂÍÐæ ËˉÍÂ¹Ð...",
        "15": "Pumpkin Pie/¾ÒÂğ¡·Í§!(Pumpkin Pie) ˺Ò¹¢Í§à̘¨ÐƱ¸ÃÃÁàƩÂÁš¹¾ÒÂğ¡·Í§ ã¹à·È¡ÒÅ´ÒÇàËġ¹΅ Äɤ׉¨ÐäˑÊÁɪÃ΃ ˶Ò¢Ò´ÃÊªÒŵĭ¹áÊ¹ƇàÈÉ чà¸Í¨ÐËÒä˴à©¾ÒÐ¨Ò¡ğ¡·Í§Ԫ¹àђÂÁ àʁºãËˑæ¨Ò¡¿ÒΓÁ ɵ¡Ĉ¹·Ήà·ÈŹ´ËˉÍÂ ÍºàªÂ áÅÐ¡Ò¹¾ɵ ¨ÐĞ´¾Òà¸Íä»Ģ§Ŵ¹á´¹ƺá´§áÅÐ·Í§Í˓ÒÁ...",
        "16": "Cranberry Candy/ ɵ¡ÍÁá¤Ã¹àºÍΓѓ!(Cranberry Candy) Ëѹ§ã¹¤ÇÒÁÊȹ¡àҮÍʺÇÂã̋à¸Íã˪ã¹¡ÒÃà©ƅÁ©ÅÍ§ƫãËˑ á¤Ã¹àºÍΓѓ¨ÐʴÍ¹ˢÒ§¢Á˴ÇÂµ¹àÍ§ á˅ã̋Ĉºġ¹áʺÅ§ã¹ÁËÒÊɁ·Ã¢Í§թÒµÒÅ á̅Ç¾Ç¡ġ¹¨ÐƱÃÊªÒŵàËȑÍ¹թÒµÒ¢Í§à·Ç´Ò щáËÅÐǴÍƇƨчà¸Í¨ÐŇÒġ¹...",
        "17": "Pizza/ž«ʻÒ!(Pizza) àËȵ¼ÅчŇÒã̋ž«ʻÒàʛ¹ÍÒËÒÃ¤ÅÒÊƊ¤µÅÍ´¡ÒÅ ʁ˴ÇÂ¢Íº¡ÃÍºәÁƺթÒµÒÅ ÃÊªÒŵà»דÂÇæ чà¸Íä˴ģº «ÍÊÁÒƃ¹Ò˓Ò¼ÊÁ¡ÃÐàƧÂÁ áÅÐʗÍ»֛§˴ÇÂƚÊÊÒÁÃÊªÇ¹թÒÅÒÂÊÍ áÅÐщġ¹àО§àУÁ˵¹àˇÒԹ¹! ˵Í§âÃÂ˴ÇÂ¾ƃ¡ä·ÂÊ´æ áÅÐÁÐàǲÍà·È˴Ò¹º¹Ɋ´˴ÇÂ â̍Ȥ³¾ÃÐ!",
        "18": "Hashbrowns/áÎªºÃÒÇΉ!(Hashbrowns) ĭ¹׉á́¨ÐŇÒʷÒÂæ á˅ġ¹ʁàђÂÁä»àÅÂ¹Ð à¸Í˵Í§«ÍÂġ¹½σ§ ã˚à¡ȕÍµÒÁчªÍº á̅Ç·Í´ã¹թÒġ¹̃Í¹æ ğ§ɤʷÒÂãʺՁÂ˕Ð? à̘Ģ§ƱƇƨчŇÒã̋à¸ÍŇÒġ¹ä˴ʷÒÂ¡˗Ò׉ƽ¡¹Ð...",
        "19": "Complete Breakfast/ÍÒËÒÃà˪Ò¤ÃºȪ´!(Complete Breakfast) Ī»´ÒΛчá̅Ç à̘ä˴á¹ÐŉÒ¡ÒÃŇÒáÎªºÃÒÇΉä» ã¹Ī»´ÒΛ׉à̘¨ÐáÊ´§ã̋à¸Íàʫ¹ Ƈƨ¡ÒÃŉÒġ¹ÁÒÃÇÁāº˚Ç¹»ÃÐ¡Íºҽ¹æ àҮÍỄÒ§رÍà˪Ò чàʕÁàыÂÁä»˴ÇÂȤ³ʴÒâÀª¹Ò¡ÒÃ ÍÒËÒÃرÍ׉¨ÐʺÇÂã̋à¸Í¡ÃÐ»ד¡ÃÐà»˓Ò áÅÐŇÒã̋à¸ÍƱ¾ĥ§ã¹¡ÒÃŇÒ§Ò¹µÅÍ´Է§ħ¹",
        "20": "Lucky Lunch/رÍàчÂ§ŉÒâª¤! (Lucky Lunch) ƱŅÒ¹Ò¹àʱÒáʱ ¡˕ÒÇàбÂÇāºÍÒËÒÃч ¨ÐŉÒѫ§¤ÇÒÁâª¤ƤáÅÐƊƃÁ§¤Å Ԛڌч·Ò¹ġ¹àˢÒä» áÅÐáˉ¹Í¹ġ¹¨Ðǔ§ɤ´Ъ§Ƥæ àˢÒä»ã¹˷Í§¢Í§à¸Í áÅÐà¸Í¨ÐƱâª¤Ƥ ¨¹¡˗ÒÍÒËÒÃ¨Ð˒ÍÂËÁ´àÅÂƧàƤÂÇ! ğ§ɤá»Å¡ãʺäËÁ˕Ð ̋Ð? à̘äˑä˴ºÍ¡˗Òà̘àҚÍàҳÍ§¾Ç¡׉ËÃÍ¡¹Ð á˅ģºÃÍ§˗Òġ¹ Í˓ÍÂ¨¹ȕÁàҳÍ§̃ÒÂæ ä»àÅÂ˕Ð!",
        "21": "Carp Surprise/»ÅÒ¤ÒΓ¾à«ÍΓä¾ÃΚ!(Carp Surprise) à̎ à¸Íà¤ÂՁÂ ¡ÒÃчƱ¡ӥÁ»ÅÒ¤ÒΓ¾ÇÒ§ÍԒÃÍºæ á̅Çäˑړ¨ÐŇÒĢ§ä§āº¾Ç¡ġ¹? ʺÒÂ à̘ʁ˴ÇÂ äˑ˵Í§˛Ç§ à̘ä˴Ť´ƇƨĈ´¡ÒÃě­ËÒ׉ä̇á̅Ç à̘àƳÂ¡ġ¹˗Ò... »ÅÒ¤ÒΓ¾à«ÍΓä¾ÃΚ ѫ§ġ¹ŇÒä˴ʷÒÂÁÒ¡àÅÂ á˅à¸Í˵Í§ã˪»ÅÒ¤ÒΓ¾ÁÒ¡ËˉÍÂ¹Ð...",
        "22": "Maple Bar/â´ę·àÁà֛Å!(Maple Bars) à¤ÂĪ§à¡µՁÂ˗Òâ´ę·àÁà֛ÅˉÐ àʛ¹ĭ¹áÃ¡Ɋ´àÅÂ¹Ð чËÒÂä»¨Ò¡¡˕Í§â´ę·? ˉÒÊ§ĪÂ¹Ð á˅ʁà¾ÃÒÐ˗Òâ´ę·àÁà֛Å ÃÊªÒŵàËȑÍ¹¢¹Áɵ¡̾Í¡ֱ ãʺՁÂÅÐ? ˶Òԧ¹ÃÍÅÍ§·Ò¹ɺµÃ¢Í§à̘ɤ à¸Í¨Ðä˴ģºړǖ§ÃÊªÒŵ¢Í§ˋÒ ã¹áˇ§â´ę·׉áˉ¹Í¹ âÍà¤ à¸ÍĸÒàʛ¹˵Í§ã˪թÒàҚÍÁ àÁà֛ÅȤ³ÀÒ¾Ƥ˴ÇÂ¹Ð...",
        "23": "Pink Cake/àˤ¡ƺªÁɮ!(Pink Cake) ƱڌªÁ¨Ò¡˒Ò¹à¾Íƃā¹àƒÂ¹ǖ§à̘... ÁÒɤā¹... à¸ÍҚÍàÎƵΒà¸ÍàƒÂ¹ºÍ¡ÁÒ˗Ò 'Ŵĉ¹ÅÍ§ŪÁàˤ¡ªÁɮ¢Í§à̘ чŴĉ¹ä˴à¨ÍчàȑÍ§ɛɛ áÅÐĉ¹ªÍºÁÒ¡àÅÂʴÐ à̘ÊÒÁÒÃ¶áˊ§ě¹ƇƨŇÒ ã¹à·»Ë˹Òä˴äËÁ¤Ð?' ä˴Ɗ ŇÒäÁ¨Ðäˑä˴˕Ð? ġ¹àʛ¹àˤ¡чÁīÈ¨ÃÃΒÁÒ¡ áÅÐà¸Í˵Í§à´Òäˑɦ¡áˉ¹Í¹ ˗Òà¤ʥ´ĥº¢Í§ġ¹ʁǴÍ... áµ§âÁ!",
        "24": "Roasted Hazelnuts/ÎÒà«Åę·ΤÇ!(Roasted Hazelnuts) à̘Ʊ˵¹ÎÒà«Åę·àʱÒáʱÍԒËĥ§˺Ò¹à̘˴ÇÂ¹Ð á̅Çȷ¡æ ƫà̘¨ÐàŪ­¤¹ã¹¤ÃÍº¤ģÇ ÁÒĈ´»ÒΓׅΤÇā¹ áÅÐàұÍàÃÒàУÁΤÇ ʁġ¡¨ÐƱ¾Ç¡àҮÍ¹˺Ò¹â¼˕ÁÒàÊÁÍ ¡Х¹¢Í§ġ¹ËÍÁɊ´æ äˑƱã¤Ã˵Ò¹·Ò¹¡Х¹׉ä˴ËÃÍ¡¹Ð àÍÒ˕Ð щǴÍɺµÃ¢Í§¤ÃÍº¤ģÇ...",
        "25": "Fruit Salad/¿٣µÊĥ´!(Fruit Salad) ġ¹Ƥ˅ÍɊ¢ÀÒ¾ áÅÐÃÊªÒŵчÍ˓ÍÂʁŇÒã̋à¸ÍړǪ¡Ê´Қ¹ Ъ§чŚÒĄ­чɊ´ чà¸Í¤ÇÃ¨ÐĸÒä̇ ǴÍ¼Åä́чɊ¡á̅Ç ȕÁ¼Åä́ч¢ÒÂÍԒµÒÁ̋Ò§ä»«Ð... ĉ¹ıÒĥ§ɮ´ǖ§ ¼Åä́чàʁºÁÒÊ´æ ӊÁϚÒ àʕÁä»˴ÇÂÃÊªÒŵ¢Í§¼Åä́ âÍà¤ µÍ¹׉ʁԵ§ã¨ɤã̋Ƥæ ˕Ð...",
        "26": "Blackberry Cobbler/¾ÒÂáºʥ¡àºÍΓѓ!(Blackberry Cobbler) àÁɩ׉ŇÒã̋à̘Ǚ¡ǖ§ÊµÒΓŴÇáÇÅѕµÅÍ´àÅÂ¹ÐàщÂ Ʊäˑбħ¹ã¹Äɤãºä́˓Ç§ËÃÍ¡¹Ð чã¹ɋºà¢Ò¨ÐàʕÁä»˴ÇÂáºʥ¡àºÍΓѓɊ´áÊ¹Í˓ÍÂ àˇÒчà̘à¤Âä˴ŪÁÁÒàÅÂ˕Ð ˶Òà¸Íä˴àʁºġ¹ÁÒä̇˺Ò§ à̘¢Íá¹ÐŉÒã̋àÍÒÁÒŇÒ¾ÒÂáºʥ¡àºÍÃѓʷÒÂæ щɤ",
        "27": "Crab Cakes/ɫ͈Ò!(Crab Cakes)àةÍɫԹ¹ºÍººÒ§ á˅˶Òä˴¼ÊÁāºäʲáÅÐà¡ʥ´¢¹Áě§á̅ÇÅÐʁ ¨ÐŇÒã̋ġ¹ɤƱɳ»˓Ò§ע¹ÁÒËˉÍÂ ɫ͈Òàʛ¹Ƈƨчà̘ªÍºчɊ´ã¹¡ÒÃš¹ɫ! á˅ʱÍ¹à¸Í¨Ðá¡Ðɫ ÁÒɤ˚Ç¹¼ÊÁчĸÒàʛ¹ʱÍ¹Ƥ¡˗Ò...",
        "28": "Fiddlehead Risotto/ˢÒÇĜ´ÂÍ´ãºàſΓ¹!(Fiddlehead Risotto) ړՁÂ˗ÒÂÍ´ãºàſΓ¹ˉÐÊÇÂÁÒ¡ á˅ġ¹ʁºÍººÒ§àʺ¹ā¹ щǴÍàËȵ¼ÅчàÃÒ˵Í§ÃÐħ§ ã¹àҳÍ§¡ÒÃã˚à¤ҳÍ§à·ÈÅ§ä» ˶Òã̋ɮ´µÒÁµÃ§¹Ð ġ¹ʁäˑʷÒÂàÅÂáËÅÐч¨ÐŇÒ ˢÒÇĜ´ÂÍ´ãºàſΓ¹ á˅äˑ˵Í§˛Ç§ ˴ÇÂ¤ÇÒÁʺÇÂàËȕÍ¢Í§à̘ âÍ¡ÒÊã¹¡ÒÃŇÒ ˢÒÇĜ´ÂÍ´ãºàſΓ¹ŚÒàʣ¨ á·º¨Ðäˑàʛ¹ 0 àÅÂ˕Ð",
        "29": "Poppyseed Muffin/ġ¿ſ¹§ÒńÒ!(Poppyseed Muffin) ´Í¡̫Í»׋ʛ¹´Í¡ä́»ÃÐĔºчÊÇÂ§ÒÁ¹Ð á̅ÇŇÒäÁ äˑàÍÒ»ÃÐâÂªΉԹ¹ÁÒã˪āºġ¿ſ¹ ¢Í§¾Ç¡àÃÒËÅÐ? à̘ˉÐ àʛ¹á¿¹Ğ¹ۨá˷¢Í§§ÒńÒàÅÂ¹Ð ǖ§ġ¹¨ÐºÍººÒ§ á˅ġ¹ʁʺÇÂŇÒã̋ÍÒËÒÃÃÊªÒŵƤע¹ áÅÐĢ§ʺÇÂã̋¢¹Áě§ɤˉÒš¹ ƽ¡Է§Ģ§ ŇÒã̋Ɋ¢ÀÒ¾Ƥƽ¡˴ÇÂ!",
        "30": "Lobster Bisque/ȫ»ʥÍºÊàµÍΓ!(Lobster Bisque) à¸Í¤ÇÃàƊΓ¿ȫ»׉ã̋āºà·ÈÁ¹µƳ˴ÇÂĕÇàÍ§ċ¡¤Ճ§¹Ð ÃÊªÒŵ¢Í§ġ¹àˢÁˢ¹ ËÇÒ¹ġ¹áÅÐÍ˓ÍÂÁÒ¡ ƽ¡Է§Ģ§ã̋ÃÊªÒŵ¢Í§˷Í§·ÐàÅ ˚Ç¹чÂÒ¡чɊ´Թ¹ǴÍ¡ÒÃËÒف§ʥÍºÊàµÍΓ á˅à̘ρ¹ã¨˗Òà¸Í¨Ð˵Í§ËÒġ¹ä˴áˉ ËȓÍ˶Òà¸ÍŤ´˗ÒĕÇàÍ§Ʊ¤ÇÒÁĺÒ¹Ò­ à¸ÍʁÊÒÁÒÃ¶Ĉºġ¹ä˴˴ÇÂ¡ÃÐĊ§Ĉºɫ (Crab Pot) ä˴˴ÇÂ¹Ð",
        "31": "Bruschetta/ºɳÊàʁµ˵Ò!(Bruschetta) ÍÒËÒÃ˗Ò§ŇÒʷÒÂæ чÊÒÁÒÃ¶áÊ´§Ȥ³ÀÒ¾ ¢Í§ħµȶŴºä˴àʕÁàыÂÁ à¸Í˵Í§ã˪ ¢¹Áě§ ÁÐàǲÍà·È áÅÐթÒġ¹ ã¹Ԣ¹µÍ¹áÃ¡ à¸Í˵Í§ŉÒ¢¹Áě§ä»֛§ʱÍ¹¹Ð ˅ÍÁÒϋ¹ÁÐàǲÍà·Èàʛ¹֊¹àʥ¡æ á̅ÇʴÍÂâ»Ðä̇º¹¢¹Áě§ ŇÒã̋à¡ƳÂÁŹ´ËˉÍÂ˴ÇÂթÒġ¹ á̅ÇàƊΓ¿ä˴àÅÂ à̘ºÍ¡á̅Ç˗Òġ¹ʷÒÂŹ´àƤÂÇ!",
        "32": "Shrimp Cocktail/̔Í¡à·Åف§!(Shrimp Cocktail) щǴÍËѹ§ã¹ÍÒËÒÃ˗Ò§Ɋ´Í˓ÍÂŚÒËģºà¸Í áÅÐá¢¡чÁÒ·Ò¹رÍàʢ¹āºà¸Í «ÍÊ̔Í¡à·Å¢Í§à̘ˉÐàʔ´Ɋ´æ áÅÐà̘àҚÍ˗Òà¸Í˵Í§ªÍºġ¹áˉæ àÍÒ˕Ð Ԣ¹µÍ¹áÃ¡..."
    }
}
