{
    "header": {
        "target": "w",
        "formatVersion": 5,
        "hidef": true,
        "compressed": 128
    },
    "readers": [
        {
            "type": "Microsoft.Xna.Framework.Content.DictionaryReader`2[[System.String, mscorlib, Version=4.0.0.0, Culture=neutral, PublicKeyToken=b77a5c561934e089],[System.String, mscorlib, Version=4.0.0.0, Culture=neutral, PublicKeyToken=b77a5c561934e089]]",
            "version": 0
        },
        {
            "type": "Microsoft.Xna.Framework.Content.StringReader",
            "version": 0
        }
    ],
    "content": {
        "6": "Sat",
        "name": "Saturday Spotlight",
        "intro": "0/ÊħÊƤڌªÁȷ¡ˇÒ¹ ȷ¡Ī»´ÒΛĉ¹ä˴ä»àчÂÇ Ģ§àȑÍ§˅Ò§æ áÅÐ¾ºڌ¤¹ÁÒ¡ÁÒÂ чã˪ƚƇµáµ¡˅Ò§ā¹ä» ¾Ç¡àÃÒ¨ÐŇÒ¡ÒÃ¢ÂÒÂɁÁÁÍ§ áÅÐàƳÂ¹ړÍÒƚ¾žàÈÉ ƇƦƚƇµ áÅÐėÈ¹ƇĪÂä»˴ÇÂā¹āºĉ¹ ·ÍÁ ÅÒƁ¹ÒΓ áÅÐڌчıÒĥ§ģºªÁÃÒÂ¡ÒÃ 'á«·à·ÍΓà´Β Ê»ÍµäÅ· (Saturday Spotlight)' ÍԒ",
        "day": "Sat"
    }
}
