{
    "header": {
        "target": "w",
        "formatVersion": 5,
        "hidef": true,
        "compressed": 128
    },
    "readers": [
        {
            "type": "Microsoft.Xna.Framework.Content.DictionaryReader`2[[System.String, mscorlib, Version=4.0.0.0, Culture=neutral, PublicKeyToken=b77a5c561934e089],[System.String, mscorlib, Version=4.0.0.0, Culture=neutral, PublicKeyToken=b77a5c561934e089]]",
            "version": 0
        },
        {
            "type": "Microsoft.Xna.Framework.Content.StringReader",
            "version": 0
        }
    ],
    "content": {
        "1": "щŚÒËģºȑÍãËˑԷ§ËÅÒÂ: à¸ÍÊÒÁÒÃ¶ĕ´ä́áÅÐËÒ¢Í§ˋÒ àҮÍËÒàŧ¹ã¹ÃÐË˗Ò§ÃÍ ¡ÒÃàʁºàбÂÇáÃ¡ä˴¹Ð!",
        "4": "щŚÒËģºڌã˪ƚƇµ ÍԒã¹ÊµÒΓŴÇáÇÅѕ ÅÍ§ä»ËÒ˵¹ËÍÁ (Spring onion) ·Ò§µÐħ¹µ¡àƙÂ§ã˵¢Í§àȑÍ§ɤ µÃ§чáˑթÒºÃÃ¨ºāº·ÐàÅ ºÒ§Ƨà¸ÍÍÒ¨¨Ðä˴ à¨Í¾Ç¡ġ¹§Í¡ÍԒ",
        "8": "ÁÒȤÂàҳÍ§ՃÇā¹ ՃÇƱ»ÃÐâÂªΉÁÒ¡ ã¹¡ÒÃĸÒā´خ¹ч¢Í§ħªȎª áÅÐ»¡˻Í§ȎªĜ¡¢Í§à¸Í á¶ÁĢ§ã˪ĸÒā´خ¹ч¢Í§¾Ç¡ »ɈĪµΗä˴˴ÇÂ àұÍàÇÅÒˌÒ¹ä» ՃÇ¨ÐȼĞ§ä˴ á˅ՃÇƋ¹ ՃÇàËʥ¡áÅÐՃÇä́àةÍáʂ§ ¨ÐÍԒä˴¹Ò¹¡˗ÒՃÇ чŇÒ¨Ò¡ä́¸ÃÃÁ´Ò!",
        "11": "à¤ÃÒÐΛ̃ÒÂ¨Ò¡ƽ¡Ò? ɤàËȑÍ¹˗Òà¸Í¨Ð˵Í§¡ÒÃ ӫ¹ä˕¡Ò¹Ð! Ĉ´ÇÒ§ӫ¹ä˕¡Òã¹¿ÒΓÁã̋Ƥæ ¨ÐʺÇÂä˕ƽ¡Ò¾Ç¡Թ¹ä˴ µÃÇ¨ɤã̋Ƥ˗Òà¸Í»¡˻Í§Ȏª¼Å ĭ¹ƱʴÒ¢Í§à¸ÍǣĢ§!^ƽ¡Í˒Ò§Ǚ§... ÍÂÒ¡ä˴¡ÃÐà͛Òà˻ чãËʽ¡˗ÒàŴÁ àҮÍã˚ˢÒÇ¢Í§ãʺäËÁ? ÅÍ§ä»ɤч ̃Ò¹¢ÒÂ¢Í§ĺÒã¹àȑÍ§Ɗ",
        "15": "щǴÍÄɤá˛§ċÅÁÍ¹àºÍΓѓ (salmonberry)! ã¹ӞÁä́ηÇ·Ò§ˌÒ¹ á¶Çª¹º·¨ÐàʕÁä»˴ÇÂ àË˕ÒàÁʥ´àºÍΓѓ˹ÍÂæ чӊÁϙÒ áÅÐÊÒÁÒÃ¶àʁº¾Ç¡ġ¹ä»ä˴¿Ƴ! ¡ÒÃàʁºàбÂÇ¾Ç¡ġ¹ àʛ¹ʺÍ§·Ò§чƤÁÒ¡ ŚÒËģºËÒÃÒÂä˴àОÁ",
        "18": "ÍÒ ÊÒÂ½¹ĭ¹ӊ¹ؚ¹... ƁµÃчƤ¢Í§àË˕ÒªÒÇÊÇ¹! ã¹ħ¹½¹µ¡äˑƱ¤ÇÒÁĸÒàʛ¹ ч¨Ð˵Í§Ã´թÒ ÊÒÁÒÃ¶ã˪âÍ¡ÒÊ׉ ã̋àš´»ÃÐâÂªΉä˴!",
        "22": "¤̇Òàʚ´µ¡»ÅÒ á̅Ç¢ÒÂ»ÅÒчĈºä˴«Ð! ¡ÒÃµ¡»ÅÒàʛ¹¡ÒÃ ËÒÃÒÂä˴žàÈÉчƤ ã¹µÍ¹чƱàÇÅÒ˗Ò§ ÃÐÂÐ˛Ò§ÃÐË˗Ò§ ӗ¹āºخ¹Ŵ¹¨Ðàʛ¹ĕÇıÒË¹´ ªŹ´»ÅÒч¨Ðµ¡ä˴... ÃÇÁä»ǖ§Ê¶Ò¹ч Äɤ àÇÅÒ áÅÐÊÀÒ¾ÍÒ¡ÒÈ˴ÇÂ!",
        "25": "˵¹¼Åä́ ˵Í§ã˪ÃÐÂÐàÇÅÒ Է§Äɤã¹¡ÒÃàŵºâµ Ĕ§Թ¹˵Í§ÇÒ§á¼¹ã̋Ƥ! á̅Ç˶Òخ¹чÃÍºæ ˵¹ä́ƱÍ˒Ò§ҽ¹ÍԒ ʁÍÒ¨¨ÐʱÍ¡Ç¹¡ÒÃàŵºâµ ¢Í§˵¹ä́ä˴ àұÍ˵¹¼Åä́¢Í§à¸Í âµàʕÁчá̅Ç ¾Ç¡ġ¹ʁ¨Ðã̋¼Åä́áÊ¹Í˓ÍÂ āºà¸Íȷ¡ħ¹¨¹ËÁ´Äɤ àУÁàʁºàŧ¹á˅àЙ¹æ ʁƤ¹Ð!",
        "29": "Äɤ̃Í¹ÁÒǖ§á̅Ç ƱȎªĜ¡ã̋»ɵ¡ãËˑàʕÁä»ËÁ´! ¨§»ɵ¡ÎÍ»Κ (hops) à¾ÃÒÐǖ§á́ä́à¶Ò¨Ðã˪àÇÅÒ ã¹¡ÒÃà¨ƃ­àŵºâµ¾ÍÊÁ¤ÇÃ á˅¾Íġ¹âµàʕÁчá̅Ç ¨ÐÊÒÁÒÃ¶ àʁºàбÂÇ¼Åä˴ȷ¡ħ¹ âª¤Ƥ!",
        "32": "щǴÍÃÒÂ¡ÒÃ»ÅÒчà¸Í ¨ÐËÒä˴à©¾ÒÐã¹ Äɤ̃Í¹àˇÒԹ¹: â´ÃÒâ´ (Dorado) ¾ºä˴чáˑթÒ ã¹ˋÒʺÇ§¡ÅÒ§ħ¹ à·ÃÒ΅ÊÒÂ٣§ (Rainbow Trout) ¾ºä˴чáˑթÒã¹ˋÒ áÅÐº¹à¢ÒʺÇ§¡ÅÒ§ħ¹ »ÅÒě¡à˻Ò (Pufferfish) ¾ºä˴ч·ÐàÅã¹ʺÇ§ˊÒÂ áÅÐ Ëǡ¡ÊÒÂ (Octopus) ¾ºä˴ч·ÐàÅã¹ʺÇ§à˪Ò ƳºĈº¾Ç¡ġ¹ ã¹µÍ¹чĢ§Ĉºä˴«Ð!",
        "36": "ÁÒȤÂàҳÍ§ˢÒÇâ¾´ ˢÒÇâ¾´äˑʴÍÂàËȑÍ¹ ȎªĜ¡ҽ¹æ à¾ÃÒÐġ¹»ɵ¡ä˴ǖ§ÊÍ§Äɤ! ãʺá̅Ç ȎªĜ¡˚Ç¹ãËʽ¨ÐµÒÂ àұÍà»ѕÂ¹Äɤ á˅ˢÒÇâ¾´Ģ§ÍԒä˴ à¸ÍÊÒÁÒÃ¶»ɵ¡ˢÒÇâ¾´ ä˴Է§ã¹Äɤ̃Í¹ áÅÐÄɤãºä́˓Ç§ àÍÒ˕Ð ÍÍ¡ä»»ɵ¡ˢÒÇâ¾´ā¹à¶ÍÐ!",
        "39": "Ե§á˅ħ¹¾ӣ§׉ ¨ÐƱà»ȕÍ¡ËÍÂáÅÐ»Ð¡Òģ§ äˑ·ÃÒºĸÒ¹Ç¹ ɦ¡ċ´à¡ÂªÒÂËÒ´ηÇâÅ¡ ĉ¹äˑãʺę¡Ƈ·ÂÒÈÒÊµΓ á˅ä˴Ƃ¹ÁÒ˗Òã¹ʺÇ§ Äɤ¼ÊÁĞ¹ۨ¢Í§ɫ ¨ÐƱâÍ¡ÒÊËÒàŧ¹Ƥæ ¨Ò¡¡ÒÃËÒ¢Í§ ºƃàÇ³ªÒÂËÒ´ã¡̅˺Ò¹ä˴",
        "43": "ƱÊ»ÒÍԒã¹àȑÍ§? ˌÍ¹¤ÅÒÂáÅÐÍԒЙ§æ ã̋թÒ̃Í¹خ¹ɯ¾ĥ§§Ò¹ ¢Í§à¸Íà¶ÍÐ ÍÒÒ... ړǪ¡ƤãʺäËÁ˕Ð?",
        "46": "àʛ¹чړā¹Ƥ˗Òã¹Äɤ̃Í¹ ¨ÐƱ¾Òɂ½¹˿Ò¤Ð¹Í§ ˶ÒړƇƨŇÒÊÒÂ˕Í˿Ò ʁ¨ÐÊÒÁÒÃ¶àʁºä¿˿Ò ÁÒỄÒ§áºµàµÍƳ (battery packs) ä˴ ¹Í¡¨Ò¡¨ÐàÍÒä»¢ÒÂá̅Ç Ģ§ã˪ỄÒ§Ъ§¢Í§ҽ¹æ ä˴˴ÇÂ!",
        "50": "àȑÍ§˚Ç¹ãËʽ ¨ÐƱ»ůŷ¹»ÃÐĸÒÄɤá¢Ç¹ä̇ч Ë˹Ò̃Ò¹¢ÒÂ¢Í§ĺÒ àʛ¹ʺÍ§·Ò§чƤ ч¨Ðã˪µÃÇ¨ÊÍºɤ˗Ò ƱÍÐäÃàš´ע¹ã¹àȑÍ§˺Ò§ Í˒ÒȕÁáÇÐɤ ãº»ÃÐ¡ÒÈ˗Ò˨Ò§§Ò¹˴ÇÂ˕Ð!",
        "53": "Äɤãºä́˓Ç§¨ÐÁÒǖ§á̅Ç! ¡˕ÒÇā¹˗Ò àʛ¹Äɤá˛§¡ÒÃŇÒıÒäÃ ¢Í§àË˕ÒªÒÇÊÇ¹àÅÂ˕Ð Ĕ§Թ¹Í˒ÒȕÁàµƳÂÁàŧ¹ä̇ ŚÒËģº؛Í àÁʥ´Ğ¹ۨãËˑ˴ÇÂ¹Ð ˶ÒµÍ¹׉Ģ§äˑä˴ àÍÒĚÇÃ´թÒä»ĭ¾à¡Ã´˕Ðʁ ºÒ§ƧʁÍÒ¨¨Ðàʛ¹¤ÇÒÁŤ´ чƤÍԒ¹Ð",
        "57": "ÁÒɮ´ǖ§´Í¡·Ò¹µÐħ¹ā¹à¶ÍÐ µÍ¹чàʁºàбÂÇ ´Í¡·Ò¹µÐħ¹àщÂ à¸Í¨Ðäˑä˴áʴ ´Í¡ä́áÊ¹ÊÇÂÁÒËÃÍ¡¹Ð á˅ƱâÍ¡ÒÊä˴àÁʥ´ ´Í¡·Ò¹µÐħ¹ÁÒ˴ÇÂ à¸ÍÊÒÁÒÃ¶àÍÒġ¹ä»»ɵ¡ãËˑ äˑʁ¢ÒÂä˴˴ÇÂ¹Ð ĉ¹¢ÒÂà¡וÂ§á̅Ç˕Ð!",
        "60": "˶Òà¸Íàʛ¹ªÒÇÊÇ¹ã¹àȑÍ§àʥ¡æ ºÒ§Ƨà¸ÍÍÒ¨¨Ðɦ¡àŪ­ä»§Ò¹ \"¡ÒÃáÊ´§¼Å¼ƅµ¨Ò¡¿ÒΓÁ (grange display)\" ä˴ »¡ŵá̅Ç¡ÒÃáÊ´§¼Å¼ƅµ¨Ò¡¿ÒΓÁ (grange display)¨Ð»ÃÐ¡Íº˴ÇÂ¼Å¼ƅµ чƤчɊ´¨Ò¡¿ÒΓÁ 9 Í˒Ò§ чáÊ´§ÍÍ¡ǖ§ ¤ÇÒÁÊÒÁÒÃ¶¢Í§à¸Í àȕÍ¡Ъ§чƤчɊ´ áÅÐƱʴÒÁÒ¡чɊ´ áÅÐÍ˒ÒȕÁ˗Ò˵Í§Ʊ ¤ÇÒÁËÅÒ¡ËÅÒÂ˴ÇÂ äˑ˗Ò¨Ðàʛ¹ »ÅÒ á˓ Ɗ¹ˤÒá»Ãɳ» ¼Åä́ ËȓÍĜ¡ ʁ̅Ç¹Ƥч¨ÐƱԷ§Թ¹!",
        "64": "ǖ§Äɤ¢Í§áºʥ¤àºÍΓƳ (blackberry) á̅Ç! ӞÁä́ηÇª¹º· ˅Ò§ʁàʕÁä»˴ÇÂ¼Åä́ чɊ¡§ÍÁá̅ÇԷ§Թ¹ ÍÍ¡ä»ˢÒ§¹Í¡ á̅Çä»ɤ˴ÇÂĕÇàÍ§ɤƊ!",
        "67": "˗Ò˴ÇÂàҳÍ§»ÅÒ: á«ÅÁÍ¹ (Salmon) »ÅÒá«ÅÁÍ¹¨Ð¡ĥºÁÒ ÇÒ§äʲĢ§˺Ò¹àš´¢Í§ġ¹ ã¹ȷ¡Äɤãºä́˓Ç§ ι¹ËÁÒÂ¤ÇÒÁ˗Òã¹áˑթÒ ¨ÐàʕÁä»˴ÇÂ¾Ç¡ġ¹! à¸ÍĈº¾Ç¡ġ¹ä˴ à©¾ÒÐã¹Äɤãºä́˓Ç§ Ĕ§Թ¹ÍÍ¡ä»á̅ÇĈº¾Ç¡ġ¹«Ð",
        "71": "Ʊà¤ҳÍ§àʁºÂÒ§ä́ (tappers) äËÁ? ę¡ËÒ¢Í§ˋÒʺÒ§»ÃÐŴÉ΀ ړƇƨỄÒ§¹Ð à¸ÍÊÒÁÒÃ¶ã˪¨Í¡ÂÒ§àË˕Ò׉ ŵ´ä̇µÒÁ˵¹ä́ чà¨ƃ­àŵºâµÍԒÃÍºæ ä˴ ˵¹àÁàŻÅ¨Ðã̋àÁàŻÅä«ģ» (maple syrup) ˵¹â̽¤ (oak) ã̋ÂÒ§ä́ (resin) áÅÐ˵¹Ê¹ (pine) ¼ƅµթÒġ¹Ê¹ (pine tar) ǖ§á́˗Òä«ģ» (Syrup) ¨ÐƱʴÒÁÒ¡чɊ´ á˅àË˕Ò˵¹ä́ҽ¹ ʁÁÍºЪ§чĸÒàʛ¹ ˅Í¡ÒÃã˪§Ò¹ã̋àËȑÍ¹ā¹¹Ð!",
        "74": "¨Ðǖ§ÄɤË¹ÒÇá̅Ç Í˒ÒȕÁµÃÇ¨ɤã̋áˉã¨˗Ò Ʊ¿Ò§ä̇àƮÂ§¾Í ŚÒËģºã̋ĪµΗã¹ʺÇ§ÄɤË¹ÒÇ ˴ÇÂ¹Ð à¾ÃÒÐË˭Ò¨ÐµÒÂËÁ´áÅÐ٢§©Ò§ (silo) á˅ʁàʁº¿Ò§ (hay) ä˴áʴ 240 ֊¹˅ÍËĥ§àˇÒԹ¹ Ĕ§Թ¹˵Í§ĴÒ¹Ç¹ã̋Ƥ ɤ˗ÒĸÒàʛ¹˵Í§ ỄÒ§àОÁǣà»˕Ò˴ÇÂ!",
        "78": "˗Ò˴ÇÂàҳÍ§»ÅÒ: ÇÍÅÅÒÂ(Walleye) Ȥ³ÊÒÁÒÃ¶¾º»ÅÒ׉ä˴ ã¹ħ¹½¹µ¡ã¹ʺÇ§Äɤãºä́˓Ç§ áÅÐÄɤË¹ÒÇ µÒÁºƃàÇ³чƱթÒǸ´",
        "81": "ÄɤË¹ÒÇã¡̅àˢÒÁÒá̅Ç... áÅÐι¹ËÁÒÂ¤ÇÒÁ˗Ò ¡ÒÃ»ɵ¡Ĝ¡¢Í§à¸Íä˴ÁÒǖ§ Ȩ´ч˵Í§Ëɂ´Ğ¡á̅Ç äˑƱȎªĜ¡àŵºâµã¹ÄɤË¹ÒÇ à̇¹á˅˗Òà¸Í¨Ðâª¤Ƥ¾Í ч¨ÐƱàȓÍ¹¡ÃÐ¨¡ á˅ġ¹ʁĢ§ƱÍÐäÃã̋ŇÒ ˹ÍÂÁÒ¡ÍԒƤ! àÍÒä̇àОÁàŵÁ ¤ÃÒÇË˹Òá̅Çā¹à¹ÍÐ",
        "85": "ÄɤË¹ÒÇ... ʺÇ§àÇÅÒчâÅ¡Է§ãº ˡÒÇàˢÒԚ¤ÇÒÁàƗÂºć¹ á˅àʛ¹ʺÇ§àÇÅÒ чƤч¨ÐÅ§àËȑÍ§ µ¡»ÅÒ áÅÐµÒÁËÒ¢Í§ƱʴÒ ĭ¾à¡Ã´ɍ»¡Ã΃àµƳÂÁ¾̃ÍÁä̇ »ɵ¡Ȏªã¹Äɤãºä́¼ƅ ËȓÍäˑʁÅÍ§ä»ËÒʺÒ§ä́ àҮÍỄÒ§ÍÐäÃºÒ§Í˒Ò§ ã¹¿ÒΓÁɤ ȵ¹·ģ¾ÂÒ¡Ã ĭ¾à¡Ã´ˢÒÇ¢Í§ áÅÐàµƳÂÁĕÇŚÒËģºƫĖ´ä»",
        "88": "Ê§ĪÂ˗Ò¨ÐàÍÒ '¤ÇÍ·ΚºƃɊ·ڸ (Refined Quartz)' ÁÒä˴Ģ§ä§ãʺäËÁ? àƮÂ§áʴàÍÒ¤ÇÍ·Κ quartz ¸ÃÃÁ´Òã˚àˢÒä»ã¹àµÒËÅÍÁ (furnace) ʁä˴á̅Çá˅˵Í§ã˪ˆÒ¹ (coal) àҮÍȨ´ä¿˴ÇÂ¹Ð",
        "92": "à¨ÍàÁʥ´˵¹ä́ ÃÐË˗Ò§˵¹ä́ԧ¹ËȓÍ? àÍÒ¾Ç¡ġ¹ä»»ɵ¡ãËˑ ã¹Ŵ¹ä˴¹Ð á̅Ç˵¹ãËˑʁ¨ÐʴÍÂæ âµע¹ÁÒàÍ§ ỄÒ§ÊÃÃʹàˢÒä̇˕Ð!",
        "95": "Ʊ»ÅÒÍԒÊÍ§ªŹ´ ч¨Ð¾ºä˴à©¾ÒÐã¹ÄɤË¹ÒÇ... ǴÍËǡ¡¡ÃÐ´Í§ (Squid) áÅÐƅ§¤ÍΓ´ (Lingcod) à˨ÒËǡ¡¡ÃÐ´Í§ (Squid) ¨ÐĈºä˴ч·ÐàÅà©¾ÒÐ ʺÇ§¡ÅÒ§Ǵ¹ ˚Ç¹ƅ§¤ÍΓ´ (Lingcod) ¨Ð¾ºä˴ã¹թÒǸ´ȷ¡ʺÇ§àÇÅÒ áˉ¹Í¹˗ÒƱʲÒÇȕÍ˗Ò Ʊ»ÅÒчËÒÂÒ¡áÅÐžàÈÉÁÒ¡æ ѫ§ËÒä˴áʴà©¾ÒÐ ºÒ§ʺÇ§ã¹á˅ÅÐÄɤ á˅ĉ¹äˑƱˢÍɱÅÍÐäÃ àбÂÇāº¾Ç¡ġ¹àÅÂ",
        "99": "ÁÒɮ´àҳÍ§ geodes ā¹à¶ÍÐ¼ǥ¡â¾Ã§ (Geodes) àʛ¹Ƌ¹¡ÅÇ§чġ¡¨ÐƱ á˓յÒʴÒÍԒˢÒ§ã¹ ʺÒ§ƥàËʥ¡ (blacksmith) ÊÒÁÒÃ¶àŻ´¾Ç¡ġ¹ã̋āºà¸Íä˴ â´ÂáÅ¡āºʴÒ¸ÃÃÁàƩÂÁ áÅÐƱ¼ǥ¡â¾Ã§ (geodes) ÍԒÁÒ¡ÁÒÂËÅÒÂ»ÃÐàÀ·... á˅ÅÐ»ÃÐàÀ·ʁ¨Ðàʁºá˓àÍÒä̇ áµ¡˅Ò§ā¹ »ÃÐàÀ·чËÒÂÒ¡æ ʁǴÍ \"¼ǥ¡â¾Ã§¼ÊÁ (omni-geode)\" ѫ§ÊÒÁÒÃ¶àʁºá˓àÍÒä̇ä˴ ȷ¡»ÃÐàÀ·",
        "102": "˶ÒÍÂÒ¡ã̋ã¤ÃĪ¡¤¹Ʊ¤ÇÒÁɊ¢ ʁàÍÒ¢Í§ч¾Ç¡à¢ÒªÍºä»ã̋ ã¹ħ¹àš´à¶ÍÐ! àҚÍĉ¹Ɗ",
        "106": "à¤Âàʫ¹à̊¹àʥ¡æ ƺթÒµÒÅÊÒÁà̊¹ ȼ´ע¹ÁÒ¨Ò¡خ¹Ŵ¹äËÁ? ǖ§¾Ç¡ġ¹¨ÐĪ§à¡µàʫ¹ä˴ÂÒ¡ á˅˶Òà¸ÍȢ´ä»чġ¹˕Ðʁ à¸Í¨Ðà¨ÍÍÐäÃºÒ§Í˒Ò§ ÍԒˢÒ§ã˵àÊÁÍàÅÂ˕Ð á̅Çʁäˑ˵Í§ÁÒ¶ÒÁĉ¹àÅÂ¹Ð ˗Òġ¹ŇÒ§Ò¹ā¹Ģ§ä§",
        "109": "à¤ÂÅÍ§áË˒ȑÍàˢÒä» لÂ¢ÂÐ¢Í§àҮÍ¹˺Ò¹äËÁ? ދ! à̎ ˶Òġ¹àʛ¹Ъ§чà¸ÍÍÂÒ¡ŇÒ ʁÍ˒ÒŇÒġ¹ ˅ÍË˹Ò¤¹ҽ¹á̅Çā¹ ˶Ò¾Ç¡à¢Òړ ¾Ç¡à¢Ò¨ÐړǪ¡¢ÂÐá¢Â§ áÅÐ˚§¼Å˅Í¤ÇÒÁĪÁĞ¹Έä˴ ʁ¹Ð à̇¹á˅˗Ò¾Ç¡à¢Ò ¨ÐŇÒġ¹àËȑÍ¹ā¹",
        "113": "àђÂÁ ƫãËˑÁÒǖ§á̅Ç Í˒ÒȕÁä»ɤ˗Ò ƱàÁʥ´Ğ¹ۨÍÐäÃãËˑ ÇÒ§¢ÒÂч̃Ò¹¢ÒÂ¢Í§ĺÒ˴ÇÂ˕Ð Ëħ§˗Òà¸Í¨Ðĭ¾à¡Ã´ɍ»¡Ã΃ àƳÂº̃ÍÂËÁ´á̅Ç Ե§á˅ʺÇ§ÄɤË¹ÒÇáÅÐ ¾̃ÍÁŚÒËģºƫá˛§¡ÒÃ¼ƅµ!",
        "116": "˗Ò˴ÇÂàҳÍ§»ÅÒ: »ÅÒäËÅ (Eel) »ÅÒäËÅÊÒÁÒÃ¶¾ºä˴ à©¾ÒÐã¹ʺÇ§ħ¹чƱ½¹µ¡ ¢Í§Äɤãºä́¼ƅáÅÐ Äɤãºä́˓Ç§àˇÒԹ¹",
        "120": "Ʊ¤ģÇá̅ÇàËÃÍ? ¡ÒÃŇÒÍÒËÒÃàʛ¹Ë¹·Ò§чƤ ã¹¡ÒÃàОÁ¤ÇÒÁÊÒÁÒÃ¶ ¢Í§ĕÇà¸Íä˴ äˑãʺàƮÂ§áʴ àʛ¹áË˕§¾ĥ§§Ò¹ á˅ÍÒËÒÃËÅÒÂ¨Ò¹ ÊÒÁÒÃ¶àОÁė¡ÉÐ ¤ÇÒÁàʣÇ áÅÐÍ˒Ò§ҽ¹ã̋āºà¸Íä˴! ƤãʺäËÁ˕Ð?",
        "123": "Item Spotlight: āºĔ¡ɫ (Crab Pot) ę¡µ¡»ÅÒÁÒ¡»ÃÐÊº¡ÒÃ΃ ¨Ðړ˗Ò¨ÐÊÒÁÒÃ¶ỄÒ§ Ë́ÍĔ¡ɫ ä˴Í˒Ò§äÃ á́ҚÍ¨Ðàʛ¹Ë́ÍĔ¡ɫ á˅à˨ÒāºĔ¡щ ÊÒÁÒÃ¶Ĕ¡ĈºÍÐäÃä˴ËÅÒÂÍ˒Ò§ ÁÒ¡¡˗ÒԹ¹ áÅÐÊÒÁÒÃ¶ÇÒ§ä˴Է§ ã¹թÒǸ´áÅÐթÒàʄÁ Ъ§чà¸Í˵Í§ŇÒƱàƮÂ§áʴ ÇÒ§à˨ÒË́Í׉Å§ä»ã¹թÒ á̅Çã˚àËҲÍÅ§ä» ħ¹ӣ§ע¹ʁ¡ĥºÁÒµÃÇ¨ɤ Ъ§чË́ÍĔ¡ɫ¢Í§à¸Í Ĕ¡ä˴ä˴àÅÂ Ëĥ§¨Ò¡Թ¹ ˶ÒÍÂÒ¡¨ÐĔ¡ÍÐäÃàОÁƽ¡ à¸ÍʁáʴË˒Í¹àËҲÍ Å§ä»ãËˑʁ¾Í",
        "127": "щǴÍÄɤ salmonberry! ã¹ӞÁä́ηÇ·Ò§ˌÒ¹ á¶Çª¹º·¨ÐàʕÁä»˴ÇÂ àË˕ÒàÁʥ´àºÍѓ˹ÍÂæ чӊÁϙÒ áÅÐÊÒÁÒÃ¶àʁº¾Ç¡ġ¹ä»ä˴¿Ƴ! ¡ÒÃàʁºàбÂÇ¾Ç¡ġ¹ àʛ¹ʺÍ§·Ò§чƤÁÒ¡ ŚÒËģºËÒÃÒÂä˴àОÁ",
        "130": "ÁÒɮ´àҳÍ§ŇÒթÒ׼§ā¹ äˑ äˑä˴ËÁÒÂǖ§à¸Í қÍتÍ ĉ¹ɮ´ǖ§à˨ÒàҮÍ¹ĕÇ˹ÍÂ ËȓÍʁǴÍ׼§ ч¨ÐÁÒỄÒ§¼Å¼ƅµáÊ¹ËÇÒ¹ ã̋¾Ç¡àÃÒ˅Ò§ËÒ¡ ч¨ÐºÍ¡ʁǴÍ... ˶Ò»ɵ¡´Í¡ä́àÍÒä̇ã¡̅æ ˺Ò¹¢Í§àË˕Ò׼§ ¾Ç¡à¢Òʁ¨Ð¼ƅµթÒ׼§ чƱÃÊªÒŵµÒÁ´Í¡ä́ àË˕ÒԹ¹ÍÍ¡ÁÒ ˶ÒäˑÍ˒Ò§Թ¹¾Ç¡à¢Ò ʁ¨Ð¼ƅµÍÍ¡ÁÒá˅ 'թÒ׼§ˋÒ (wild honey)' àˇÒԹ¹áËÅÐ ˉÒÊ¹ã¨ãʺäËÁ˕Ð țÁ?",
        "134": "щàʛ¹ĴÒá¹ÐŉÒ ŚÒËģºàË˕Òę¡¼¨­ĠÂ... Í˒ÒȕÁ˗ÒÍÒɇ¸á˅ÅÐÍ˒Ò§ ƱƇƨ¡ÒÃâ¨Áƥчáµ¡˅Ò§ā¹! ´ÒºÊÒÁÒÃ¶ě´˻Í§¡ÒÃâ¨Áƥ ч¨ÐÁÒǖ§ĕÇä˴ ѫ§¨ÐƱ»ÃÐâÂªΉÁÒ¡ àÇÅÒчÊäÅΑ¨Ð¡ÃÐâ´´ÁÒ â¨Áƥà¸Í ¡ÃÐºÍ¡ÊÒÁÒÃ¶ȷºÅ§ä»º¹خ¹ä˴ ŇÒã̋Ĩµɳ¢Í§à¸Í ÅÍÂע¹ä»àËȉÍخ¹... áÅÐ˴ÇÂ¡ƃª¨ÐŇÒã̋à¸Í â¨Áƥä˴äÇע¹ áÅÐÊÒÁÒÃ¶ŇÒ¡ÒÃâ¨Áƥŵ´ā¹ ǖ§ÊÒÁ¤Ճ§ÃÇ´ä˴! ģ¡ÉÒĕÇ˴ÇÂ˕Ð",
        "137": "ĉ¹ÍÂÒ¡¨Ð¡˕ÒÇǖ§ šÅ΄ę¡¼¨­ĠÂ ĭ¹â˄§Ĕ§ã¹àȑÍ§à¾ƅá¡¹Ī¡ËˉÍÂ ڌŉÒ¢Í§šÅ΄ÁÒΓÅÍ¹ƱÃÒ§ħÅƤæ àµƳÂÁä̇ã̋āºڌ¡̅Ò чÊÒÁÒÃ¶Ĉ´¡ÒÃāº àË˕ÒÁÍ¹ÊàµÍΓ ã¹զÒ¢Í§àȑÍ§ä˴ àË˕Òę¡¼¨­ĠÂ¨Ðä˴ģºÃÒ§ħÅ ĭ¹·Ã§¾ĥ§àʛ¹¡ÒÃáÅ¡à»ѕÂ¹ ËÒ¡Ĉ´¡ÒÃāºàË˕ÒÁÍ¹ÊàµÍΓ ĸÒ¹Ç¹ÁËÒÈÒÅ µÒÁÃÒÂÅÐàƽÂ´чá»Ð ÍԒº¹ºÍΓ´»ÃÐ¡ÒÈ ġ¹Ɋ´ÂÍ´ÁÒ¡!",
        "141": "ĉ¹ä˴Ƃ¹ÁÒ˗Ò Ʊ¤¹ºÒ§˚Ç¹ä»Ȓ¹ÍԒá¶Çæ Ã¶ä¿чıÒĥ§à¤ҵÍ¹ч àҮÍàʁºàÍÒˢÒÇ¢Í§ ч˓Ç§µ¡Å§ÁÒ ̇ÒÇ... ¤¹àÃÒщʁŇÒÍÐäÃáºº׉ä˴ àҮÍ¢Í§¿Ƴ!",
        "144": "Animal Spotlight: Ëɱ^^ĉ¹¨ÐºÍ¡˗ÒËɱԹ¹ ɦ¡ǝ¡½¹ÁÒã̋´ÁËÒàË˕Ò ·ģ¿àſÅĭ¹ƱʴÒ Ъ§чà¸Í˵Í§ŇÒƱàƮÂ§ »˕ÍÂã̋àË˕ÒËɱÍÍ¡ÁÒˢÒ§¹Í¡ áÅÐÃÍ... àË˕ÒËɱ¨Ðã˪àÇ·Á¹µΓ ¢Í§¾Ç¡ġ¹àұÍ¾Ç¡ġ¹ړǪ¡Ƥ áÅÐ¾̃ÍÁÁÒ¡¾Í à¸ÍÊÒÁÒÃ¶ŉÒ·ģ¿àſÅ чàʁºä˴ä»ŇÒթÒġ¹ àҮÍàОÁıÒäÃä˴",
        "148": "щàÍÒä̇àȅÍ¹¤ÇÒÁĸÒ˗Ò »ÅÒàË˕Ò׉ à¸Í¨Ð¾ºġ¹ä˴à©¾ÒÐ ã¹Äɤ̃Í¹àˇÒԹ¹: â´ÃÒâ´ (Dorado) ¾ºä˴чáˑթÒã¹ˋÒ ʺÇ§¡ÅÒ§ħ¹ à·ÃÒ΅ÊÒÂ٣§ (Rainbow Trout) ¾ºä˴чáˑթÒã¹ˋÒ áÅÐº¹à¢ÒʺÇ§¡ÅÒ§ħ¹ »ÅÒě¡à˻Ò (Pufferfish) ¾ºä˴ч·ÐàÅã¹ʺÇ§ˊÒÂ áÅÐ Ëǡ¡ÊÒÂ (Octopus) ¾ºä˴ч·ÐàÅã¹ʺÇ§à˪Ò ƳºĈº¾Ç¡ġ¹ ã¹µÍ¹чĢ§Ĉºä˴«Ð!",
        "151": "˗Ò˴ÇÂàҳÍ§»ÅÒ: ȫ»à»ÍΓ»ƅ§·ÐàÅ (Super Cucumber) àʛ¹»ÅÒËÒÂÒ¡ ч¾ºä˴à©¾ÒÐã¹·ÐàÅ ¾Ç¡ġ¹¨ÐÍÍ¡ÁÒà©¾ÒÐʺÇ§àʢ¹ ¢Í§Äɤ̃Í¹áÅÐÄɤãºä́˓Ç§àˇÒԹ¹",
        "155": "ĉ¹ړ˗Òġ¹ÂÒ¡... á˅àƅ¡ā§ÇÅ àҳÍ§́ÒĪ¡Ƨà¶ÍÐ! ¨Ð»˕ÍÂġ¹֗§ä̇чäË¹ʁä˴ à݋ÂÇ¾Íǖ§àÇÅÒġ¹ʁËÒ·Ò§ ¡ĥº˺Ò¹ÁÒä˴àÍ§ ¾Ç¡ġ¹àʛ¹ĪµΗ ч©ÅÒ´ÁÒ¡áÅÐƱƍÊÃÐ˴ÇÂ!",
        "158": "щàʛ¹áʴá¹ÇŤ´¹Ð... ŇÒÊÇ¹˵¹ä́! ŇÒÊÇ¹˵¹ä́á̅ÇàÍÒ ¨Í¡ÂÒ§ä»ŵ´Ե§ä̇āº¾Ç¡Թ¹ ¨Ðä˴àʁºթÒàҚÍÁ ĭ¹ƱʴÒä˴ ¨ÐäˑŇÒʁä˴! ĉ¹äˑÊ¹ËÃÍ¡",
        "162": "Item Spotlight: Keg àʛ¹Ė§¤ÅÒÊƊ¤ чàÍÒä̇ŚÒËģºËġ¡ÍӇ¹ ã̋¡ÅÒÂàʛ¹äÇΉ á˅à¸ÍړäËÁ˗Ò àÃÒÊÒÁÒÃ¶¼ƅµäÇΉ ¨Ò¡¼Åä́ҽ¹æ ä˴˴ÇÂ¹Ð? ãʺá̅Ç^à¸ÍĢ§ÊÒÁÒÃ¶ŇÒթÒĜ¡ ¨Ò¡Ĝ¡˴ÇÂä˴àʺ¹ā¹",
        "165": "ƱÊɁ´Ě¹Ǘ¡ԧ¹àËÃÍ? Í˒ÒȕÁµÃÇ¨ÊÍºġ¹ˊÍÂæ ˕Ð à¾ÃÒÐºÒ§ƧʁȕÁä˴ʷÒÂæ ˗Òä˴àƒÂ¹ÍÐäÃŚÒĄ­æ ֗§àÍÒä̇ǣà»˕Ò",
        "169": "˶Òàš´˗Òä˴ģº 'àÁʥ´ËÒÂÒ¡ (rare seed)'ÁÒá̅Ç˕Ðʁ µÍ¹׉¤§àʛ¹àÇÅÒŚÒËģº »ɵ¡ġ¹á̅Ç˕Ð ǖ§á́¨ÐºÍ¡˗Ò ġ¹˵Í§ã˪àÇÅÒԷ§Äɤ ã¹¡ÒÃà¨ƃ­àŵºâµ á˅áË˕§ʲÒÇ чàҚÍȆÍä˴ä˴ ºÍ¡āºĉ¹ÁÒ˗Ò¨ƃ§æ á̅Çġ¹ã˪àÇÅÒáʴ 24 ħ¹àˇÒԹ¹àÍ§ ã¹ʲÒÇȕÍ ̅Ç¹¡˕ÒÇ˗Ò ġ¹àʛ¹¼Åä́ чËÇÒ¹чɊ´ã¹âÅ¡˴ÇÂ",
        "172": "ƱªÒÇÊÇ¹ºÒ§˚Ç¹ ä˴ÃÒÂ§Ò¹˗Ò ¾ºЪ§»ÃÐËÅÒ´àš´ע¹ ã¹á»Å§¡ÐËϵÒ´Í¡ àÁÅÍ¹ ËȓÍğ¡·Í§¢¹Ò´ãËʽ ¢Í§¾Ç¡à¢Ò àұÍ¾Ç¡ġ¹ à¨ƃ­àŵºâµàʕÁчá̅Ç ȝÁÁÁ á˅ĉ¹Ģ§äˑÍÒ¨ žɺ¨Ή¤ÇÒÁ¨ƃ§ã´æ ä˴",
        "176": "ǖ§Äɤ¢Í§áºʥ¤àºÍΓƳ (blackberry) á̅Ç! ӞÁä́ηÇª¹º· ˅Ò§ʁàʕÁä»˴ÇÂ ¼Åä́чɊ¡§ÍÁá̅ÇԷ§Թ¹ ÍÍ¡ä»ˢÒ§¹Í¡ á̅Çä»ɤ˴ÇÂĕÇàÍ§ɤƊ!",
        "179": "ÍÂÒ¡¨Ðá˅§§Ò¹Í˒Ò§Թ¹àËÃÍ? à¸Í¨Ð˵Í§ã˪ỄÍÂ¤Í¢Í§¹Ò§àǷÍ¡ (Mermaid's Pendant) ȷ¡¤¹чÍÒĨÂÍԒ Ģ§·ÐàÅ˴Ò¹׉ړ˗Ò ġ¹Ʊ¤ÇÒÁËÁÒÂÍ˒Ò§äÃ àұÍà¸ÍÁÍºָ¢Í§¹Ò§àǷÍ¡ ã̋āº¾Ç¡à¢Ò^¡ÒÃä˴ģºָÁÒ ÍÒ¨¨Ðɦ¡ËÅÍ¡ÅÇ§àÍÒä˴ á˅ÅÐɰƁÀÒ¤̅Ç¹Ʊ ɳ»áººà©¾ÒÐ¢Í§µ¹àÍ§ÍԒ á˅˚Ç¹ãËʽʁġ¡¨ÐàбÂÇāº ªÒÂËÒ´ËȓÍ·ÐàÅàÊÁÍ",
        "183": "Item Spotlight: à¤ҳÍ§ǣä«àŤÅ (Recycling Machine) ä˴ģº¢ÂÐÁÒ¡ÁÒÂÁÒ¨Ò¡ ¡ÒÃµ¡»ÅÒãʺäËÁ? ġ¹ʁàʛ¹»¡ŵ ŚÒËģºɂ¤ÊġÂ׉ι¹áËÅÐ¹Ð àÍÒ˕Ð ˴ÇÂà¤ҳÍ§Ƴä«àŤÅ à¸Í¨ÐÊÒÁÒÃ¶à»ѕÂ¹¢ÂÐ¾Ç¡Թ¹ ã̋¡ÅÒÂàʛ¹Ъ§чã˪§Ò¹ä˴ àƮÂ§áʴàÍÒ¢ÂÐ ã˚Å§ä»ã¹à¤ҳÍ§Ƴä«àŤÅ á̅Ç»˕ÍÂã̋ġ¹ŇÒ§Ò¹ʁ¾Í â´Â¢ÂÐá˅ÅÐ»ÃÐàÀ· ¨ÐƳä«àŤÅä˴¢Í§ ˅Ò§ªŹ´ā¹˴ÇÂ",
        "186": "˗Ò˴ÇÂàҳÍ§»ÅÒ: ĭÅºÒ¤ÍΓ (Albacore) »ÅÒªŹ´׉ÊÒÁÒÃ¶¾ºä˴à©¾ÒÐ ã¹ʺÇ§à˪ÒµԓËȓÍµÍ¹ ¡ÅÒ§Ǵ¹àˇÒԹ¹ ÅÍ§ä»µÒÁËÒɤч·ÐàÅ ã¹ʺÇ§Äɤãºä́˓Ç§ ËȓÍÄɤË¹ÒÇɤ",
        "190": "˗Ò˴ÇÂàҳÍ§»ÅÒ: »ÅÒɷê´ÊŤ» (Woodskip), »ÅÒ·ÃÒÂ(sandfish), áÅÐ»ÅÒ¤ÒΓ¾áÁ§ˋÍ§ (scorpion carp) »ÅÒɷê´ÊŤ» (Woodskip) ä˴ģº¡ÒÃ¡˕ÒÇ¢Ò¹˗Ò ÍÒĨÂÍԒà©¾ÒÐ ã¹ˋÒǥ¡àˇÒԹ¹ ˚Ç¹»ÅÒ·ÃÒÂ (sandfish) áÅÐ»ÅÒ¤ÒΓ¾áÁ§ˋÍ§ (scorpion carp) ÊÒÁÒÃ¶¾ºä˴à©¾ÒÐ ã¹âÍàÍūÊ¡ÅÒ§·ÐàÅ·ÃÒÂ àˇÒԹ¹",
        "193": "ƽ¡àƮÂ§ÊÍ§ħ¹ ʁ¨Ðǖ§àÇÅÒчȪÁª¹ ã¹ÊÒ¸ÒÃ³ģ°àſΓ¹šÅΕ¨Ðà©ƅÁ©ÅÍ§à·È¡ÒÅɰµ (Spirit's Eve) á̅Ç! Ëѹ§ã¹»ÃÐà¾ƣчà¸ÍÍÒ¨¨Ð äˑړĈ¡ã¹à·È¡ÒÅ׉ ʁǴÍ¡ÒÃµÒÁËÒğ¡·Í§·Í§ĴÒ (golden pumpkin) ˶Òã¹àȑÍ§¢Í§à¸Í ƱÇ§¡µƬƊ§ à¸Íʁρ¹ã¨ä˴àÅÂ˗Ò ¨Ð˵Í§Ʊà˨Òğ¡·Í§ƺ·Í§׉ ʻÍ¹ÍԒã¹Ī¡чáˉæ áÅÐà˨Òğ¡·Í§ι¹ƱʴÒÁÒ¡!",
        "197": "ªÒÇ˺Ò¹àͭÂ ğ§чĉ¹á¹ÐŉÒ¹Ð ¾Ç¡à¸Í¨Ð˵Í§Ʊ ̋Í§àʔ¡ʱÍ¹ч¨ÐƱɵ¡ à¾ÃÒÐàʔ¡˵Í§ã˪à»Åàʔ¡¹Ð!",
        "200": "Item Spotlight: à¤ҳÍ§Ą´ÅÍ¡ĭ­Áƣ (Crystalarium) à˨Òà¤ҳÍ§Ĉ¡ÃÁīÈ¨ÃÃΒ׉ ÊÒÁÒÃ¶ỄÒ§ĭ­ÁƣàƵÂ¹áºº ä˴ęºäˑ˶Ç¹ àƮÂ§áʴŉÒĭ­Áƣ ч˵Í§¡ÒÃʁÍ»׋ ä»ã˚ä̇ã¹à¤ҳÍ§ á̅Ç»˕ÍÂã̋ġ¹ŇÒ§Ò¹ á́˗Òġ¹¨Ð˵Í§ã˪àÇÅÒĪ¡Ğ¡ á˅ à̎... ġ¹àʛ¹ıÒäÃ̅Ç¹æ àÅÂ¹Ð!",
        "204": "˶Òà¸ÍƱ âÃ§àוÂ§ĪµΗ¢¹Ò´ãËʽ áÅÐĢ§Ʊخ¹чàËȕÍÍԒ... ƱâÍ¡ÒÊчËѹ§ã¹ĪµΗ¢Í§à¸Í ¨Ðã̋ıÒàŹ´ɵ¡ĪµΗ ÍÍ¡ÁÒ˴ÇÂ¹Ð ʁáʴàҳÍ§чÍÂÒ¡ã̋ړ àÍÒä̇àˇÒԹ¹",
        "207": "˗Ò˴ÇÂàҳÍ§»ÅÒ: »ÅÒȴ¡ (Catfish) Ëѹ§ã¹»ÅÒËÒÂÒ¡ ч¨ÐÍÍ¡ÁÒ¨Ò¡чʻÍ¹à©¾ÒÐ ã¹ħ¹чƱ½¹µ¡ ¨ÐÊÒÁÒÃ¶¾ºġ¹ä˴µÒÁáˑթÒ ã¹àȑÍ§ч¾Ç¡ġ¹ ÊÒÁÒÃ¶ҤÁϤÒāºàÈÉ«Ò¡ ÍÐäÃʁµÒÁчɦ¡֗§ Å§ä»ã¹թÒä˴µÒÁã¨ªÍº ¾Ç¡ġ¹äˑªÍºթÒ̃Í¹ à¾ÃÒÐԧ¹Í˒Òä»àƺÂàÇÅÒ µÒÁµ¡ġ¹ã¹ʺÇ§Äɤ̃Í¹«Ð˕Ð!",
        "211": "Item Spotlight: à¤ҳÍ§ỄÒ§àËҲÍµ¡»ÅÒ (Worm Bin) ÍÂÒ¡ä˴áË˕§¼ƅµàËҲÍ äˑĸÒā´ԧ¹ËȓÍ? ŇÒĖ§Ë¹Í¹Ɗ àƮÂ§áʴĖ§àƤÂÇ à¸Íʁ¨ÐÊÒÁÒÃ¶ àʁºàËҲÍä˴ȷ¡ħ¹á̅Ç˕Ð",
        "214": "ÀÒÂã˵خ¹ƋÁÐԷ§ËÁ´àÁʥ´Ğ¹ۨÄɤãºä́¼ƅ (spring seeds) ¨ÐʴÍÂæ àµƳÂÁĕÇàҮÍ àУÁ˵¹ƚƇµãËˑ ÀÒÂã˵áÊ§ÍÒŷµΒà¾ÃÒÐԧ¹ Í˒Òµ¡ã¨˶ÒÄɤãºä́¼ƅ ã¡̅àˢÒÁÒ áÅÐ¿ÒΓÁ¢Í§à¸Í ˵Í§¡ÒÃ¡ÒÃ»ģº»Ƀ§àÍÒä̇˺Ò§!",
        "218": "˶Òà¸Íä˴ģºµÐá¡Ã§·Í§ĴÒ (gold pan) ÅÍ§ÁÍ§ËÒáÊ§ чá»˕§»ÃÐ¡ÒÂÍԒã¹թÒɤ^ġ¹ġ¡¨ÐƱˡÍ¹á˓ŴºƤæ ÍԒá¶ÇԹ¹ ˓Í¹àÍÒä»ä˴¿Ƴæ àÅÂ!",
        "221": "ªÒÇ˺Ò¹àͭÂ ĉ¹Ʊ»ÃÐ¡ÒÈ¨ÐÁÒá˨§ щàʛ¹µÍ¹Ɋ´˷ÒÂ¢Í§ ã˪ƚƇµ¹Í¡àȑÍ§ ʱÍ¹ĉ¹¨Ðà¡ƹÂ³ĕÇàÍ§ ĉ¹ä˴ƱàÇÅÒчƤ ÁÒµÅÍ´¡ÒÃŇÒÃÒÂ¡ÒÃ áÅÐĉ¹¤§Ť´ǖ§¾Ç¡à¸Í â̍ áÅÐĉ¹¨ÐºÍ¡˗Ò·Ò§Ê¶ÒƩ ¨Ð©ÒÂ©Ěº̂Í¹Ëĥ§ ã̋ɤä˴ãËˑã¹ƫË˹Ò ^^ģ¡ÉÒɊ¢ÀÒ¾˴ÇÂ˕Ð!"
    }
}
