
{
 "Mon.001": "%âÍƅàƷÂ ıÒĥ§̅Ò§¨Ò¹",
 "Mon.002": "%âÍƅàƷÂıÒĥ§àʊ¤ˢÍ¤ÇÒÁ º¹â·ÃĨ¾·ÍԒ",
 "Mon.003": "%âÍƅàƷÂıÒĥ§Ӣ§ÍԒāº §Ò¹ƈÅ»Ð",
 "Tue.001": "%âÍƅàƷÂıÒĥ§ƱÊÁÒŸ āº¡ÒÃŇÒâÂ¤Ð¢Í§à¸ÍÍԒ",
 "Tue.002": "֟Ç! ĉ¹ªÍº¡ÒÃ»ÃÐȪÁ ¹Í¡Ê¶Ò¹чÁÒ¡æ àÅÂ!$3",
 "Thu.001": "%âÍƅàƷÂıÒĥ§̅Ò§¨Ò¹ ÃÒ¤Òá¾§ÍԒ",
 "Fri.001": "ä§˨Ðчģ¡ ĉ¹ıÒĥ§à˕¹à¡Á ¾̃ÍÁāºҤÁäÇΉ¢Í§ĉ¹ä»˴ÇÂ ʱÍ¹¨Ðä»ч«Òɵ¹ˉÐ$4#$b#ĉ¹¨Ðä˴à¨Íà¸Íчι¹ ǣà»˕Ò˨Ð?$3",
 "Sat.001": "%âÍƅàƷÂÇÒ´ɳ»˵¹»ÒΕÁ ġ¹ÊÇÂÁÒ¡æ àÅÂ",

 "winter_17.001": "%âÍƅàƷÂıÒĥ§ȤÂāº á¤âÃäÅΉÍԒ",
 "10.001": "ÊħÊƤ˨Ð ĉ¹ıÒĥ§ȤÂāºâ«àƯÂ ÍԒŹ´ËˉÍÂ$3",
 "22.001": "â«àƯÂŇÒäÇΉä˴ƤчɊ´ ã¹á¶º׉àÅÂ! ĉ¹ġ¡¨ÐáÇÐ ä»ËÒà¸ÍàҮÍ؛ÍäÇΉ$1",
 
 "marriage.001": "˗Òä§˨Ð ĉ¹˗Òħ¹׉¨ÐáÇÐ ̃Ò¹¢ÒÂ¢Í§ÃÐË˗Ò§ä» ŇÒȸÃÐĪ¡ËˉÍÂ$3",
 "marriage.002": "á¤âÃäÅΉāºâ¨ׄÊºÒÂƤ ĉ¹¾ÂÒÂÒÁ¨Ðä»à¨Í¾Ç¡à¸Í àˇÒч¨ÐŇÒä˴$3#$b#á̅Çà¨Íā¹ч˺Ò¹̘Ð!$1",
 "marriage.003": "ĉ¹Ƥã¨¹ÐчȤ³ÁÒËÒĉ¹$3#$b#ÍÂÒ¡ĈºȑÍā¹ՁÂ?$4",
 "marriage.004": "*à̎Í* Ƈ¤àµÍΓ˵Í§ǝ¡ àҳÍ§¡ÒÃ̅Ò§¨Ò¹àÇÅÒч ĉ¹äˑÍԒàƺÂËˉÍÂá̅Ç$2",
 "marriage.005": "ÊħÊƤ˨Ð ËÇÒ¹ã¨¢Í§ĉ¹ ĉ¹¨Ðä»ËÒÍÐäÃŇÒч«Òɵ¹ Ǵ¹׉àƺÂËˉÍÂ$4#$b#Ȥ³¨Ðä»˴ÇÂā¹ՁÂ?$3",
 "marriage.006": "ƇàÈÉÁÒ¡àÅÂ чàÃÒԷ§Ӵ ä˴ÁÒÊȹ¡ā¹áºº׉$4",
 "marriage.007": "̍ÒÇ чģ¡ Ȥ³áÇÐÁÒà˕¹âÂ¤Ð āº¾Ç¡àÃÒԧ¹ËÃÍ̘Ð?$1",
 "marriage.008": "*¡ÃÐūº* ħ¹׉ĉ¹ƱàҳÍ§Ӣ§ Ź´ËˉÍÂчģ¡$6",
 
 "NightMarket.001": "щħµȶâºÃÒ³чɛš»ÃÐɱÅÁÒ ¨Ò¡Ĉ¡ÃÇÃÃڴâ¡âµâÃ$3",
 "NightMarket.002": "Թ¹¨Ðàʛ¹˵¹ä́ƽ¡˵¹ ã¹àȓÍ¹¡ÃÐ¨¡чáÊ¹§´§ÒÁ ¢Í§à¸ÍËÃÍá¤âÃäÅΉ?$6",
}
