{
	"Name": "Radioactive Bass",
	"Description": "(¡Ð¾§¡ÑÁÁÑ¹µÃÑ§ÊÕ) ÊÔè§¹Õé´ÙäÁè´ÕµèÍÊÀÒ¾áÇ´ÅéÍÁ",
	"Category": "Fish",
	"Edibility": -50,
	"EdibleIsDrink": false,
	"EdibleBuffs": null,
	"Price": 900,
	"IsColored": false,
	"GiftTastes":
	{
	    "Like": [ "Wizard", "Krobus", "Dwarf" ],
		"Hate": [ "Morgan", "MarlonFay", "Olivia", "Leo", "GuntherSilvian", "Apples", "Sophia", "Claire", "Martin", "Andy", "Claire", "Victor", "Susan", "MorrisTod", "Alex", "Elliott", "Harvey", "Sam", "Sebastian", "Shane", "Abigail", "Emily", "Haley", "Leah", "Maru", "Penny", "Caroline", "Clint", "Demetrius", "Evelyn", "George", "Gus", "Jas", "Jodi", "Kent", "Lewis", "Linus", "Marnie", "Pam", "Pierre", "Robin", "Sandy", "Vincent", "Willy"]
	}
}