{
  //SPECIAL DIALOGUE
  "Introduction": "Ëħ´Ƥ ĉ¹äˑà¤Âàʫ¹Ȥ³ ÁÒʱÍ¹àÅÂ...$0#$e#¢Íâ·É¹Ð ©-ĉ¹Ģ§äˑړĈ¡Ȥ³ ƤĪ¡àˇÒäË˓$2#$e#%á¤ÅΓ¶ÍÂÍÍ¡˛Ò§¨Ò¡Ȥ³",
  "pamHouseUpgrade": "ħ¹׉ɤàËȑÍ¹˗Ò àȑÍ§à¾ƅá¡¹ ¨ÐƱÍÐäÃ˅Ò§ÍÍ¡ä»...$0#$e#Ʊ˺Ò¹ãËˑ ÍԒµÃ§чàŴÁ чæ à¤Âàʛ¹Ã¶˺Ò¹ËÃÍ?$1",
  "pamHouseUpgradeAnonymous": "ħ¹׉ɤàËȑÍ¹˗Ò àȑÍ§à¾ƅá¡¹ ¨ÐƱÍÐäÃ˅Ò§ÍÍ¡ä»...$0#$e#Ʊ˺Ò¹ãËˑ ÍԒµÃ§чàŴÁ чæ à¤Âàʛ¹Ã¶˺Ò¹ËÃÍ?$1",
  "accept_614": "â̍ ªÒàƒÂÇàËÃÍ? ¢ÍºȤ³ʴÐ$1",
  "Town_92_44": "%'·Ò§àˢÒŚÒËģº¾ę¡§Ò¹'",
  "danceRejection": "â̍ Ȥ³ÍÂÒ¡à˵¹ԧ¹ËÃÍ? ȝÁ... ä̇¤ÃÒÇË˹ÒƤ¡˗ÒՁÂ?$1",
  "BusStop_12_8": "¢Íâ·É¹Ð ĉ¹ıÒĥ§¨Ðע¹Ã¶¡ĥº˺Ò¹...$0",
  "movieTheaterClaire": "ĉ¹àʫ¹˻ÒÂ ģºÊġ¤Ã§Ò¹чâÃ§Ëę§ á̅ÇʁàÅÂÅÍ§Êġ¤Ãɤ$1#$b#á̅Çĉ¹ʁä˴ÁÒȒ¹ÍԒчщ!$5#$e#¹¡щàОÁºÃÃÂÒ¡ÒÈ ã̋âÃ§Ëę§ä˴Ƥ¨ƃ§æ...$1",
  "breakUp": "âÍ... ι¹Ɗ¹Ð...$2#$b#ÃÐË˗Ò§àÃÒġ¹ʁäˑàƇΓ¤ ÍԒá̅Ç˕Ð...$2#$e#ģ¡·Ò§ä¡Åġ¹ʁÂÒ¡ áºº׉˕Ð¹Ð...$2#$e#%á¤ÃΕŇÒË˹ÒàÈ̃Ò",
  "dumped_Girls": "...$2#$e#äˑ˵Í§ÁÒӢ§āºĉ¹ËÃÍ¡...$2#$e#%á¤ÅΓÁÍ§ä»·Ò§ҽ¹",
  "secondChance_Girls": "ä§...$2",
  "divorced": "...$2#$e#%á¤ÅΓà¢ƂºÍÍ¡˛Ò§¨Ò¡Ȥ³",
  "Resort_Entering": "ĉ¹äˑä˴ ã˚Ȫ´˗ÒÂթÒÁÒĪ¡Ğ¡á̅Ç...$1",
  "Resort_Leaving": "àÍÒ˕Ð ·Ò§¡ĥº˺Ò¹ƽ¡ä¡Å...$1#$b#¨Ðע¹àȓÍ¡ĥº āº¾Ç¡àÃÒËȓÍà»˕Ò?$5",
  "Resort_Shore": "ĉ¹ĸÒ¤Ճ§Ɋ´˷ÒÂ чã˚Ȫ´˗ÒÂթÒ äˑä˴˴ÇÂ՛Ò$1",
  "Resort_Chair": "à¡ÒÐ׉ Ʊ¹¡ÍԒàÂÍÐáÂÐàÅÂ...$1#$e#¾Ç¡ġ¹ź¹ˢÒÁīÇĉ¹àʕÁàÅÂ!$5",
  "Resort_Bar": "ĉ¹Ť´˗Ò ÅÍ§ÍÐäÃчàʛ¹¼Åä́ʁ¤§ä˴ áËÅÐ...$1#$e#ȷ¡Í˒Ò§Í˓ÍÂע¹ àÇÅÒš¹āºàҮÍ¹¹Ð ˗ÒՁÂ?$5",
  "Resort": "Ȥ³Êȹ¡āºħ¹чáÊ¹Ê´ãÊ áºº׉ՁÂ?$5#$e#ĉ¹ÍÂÒ¡¨ÐÍԒчщ µÅÍ´ä»Ĉ§àÅÂ...$1",
  
  //SPRING AND GENERAL DIALOGUE
  "Mon": "ĉ¹àËҩÍÂàËȕÍàš¹...$2",
  "Mon2": "ȝÁ Ëħ´Ƥ$0#$e#¢Íâ·É¹Ð... ĉ¹ʁړáËÅÐ˗Òĉ¹ˉÒàҪÍ...$2",
  "Mon6": "à˨Ò¹¡àʛ¹ĪµΗ˹ÍÂĕÇàʥ¡ чáÊ¹¨ÐÃÐġ´ÃÐħ§ĕÇ ¾Ç¡ġ¹¨Ðź¹ËƩė¹Ƨ ˶ÒƱÍÐäÃàˢÒã¡̅ ËȓÍŇÒã̋ġ¹µ¡ã¨$1#$e#ºÒ§Ƨġ¹ʁÁÒà¡ÒÐ º¹īÇ¢Í§ĉ¹˺Ò§ äˑʁà¡ÒÐчäË˕$5",
  "Tue": "щǖ§ħ¹Ëɂ´Ɋ´Ī»´ÒΛǣĢ§¹Ð?...",
  "Tue4": "Ȥ³˗Ò ڌĈ´¡ÒÃ¨ÐĈºä˴ՁÂ ˶Òĉ¹¨ÐàÍÒËę§ȚÍ ÁÒ˝Ò¹ã¹чŇÒ§Ò¹ ػÁ?$0#$e#...ι¹ÍÒ¨¨ÐŇÒã̋ĉ¹ §Ò¹àˢÒä˴ˉÐƊ$2",
  "Tue8": "ĉ¹ÍÒĨÂÍԒã¹ª¹º· ÁÒԷ§ƚƇµ ¿ÒΓÁ¢Í§Ȥ³ʁ¤§¨Ð äˑ˅Ò§ā¹Ī¡àˇÒäË˓ËÃÍ¡$1",
  "Wed": "ĉ¹ÍÂÒ¡¡ĥº˺Ò¹...$2#$b#ĉ¹àʋ§āº§Ò¹ħ¹׉àʕÁƧá̅Ç...$2",
  "Wed2": "ػÍ?$0#$e#â·ÉƧ ä̇¤ÃÒÇËĥ§ÅÐā¹¹Ð$2",
  "Wed6": "ĉ¹áÍºǝ¡à˵¹ µÍ¹чäˑƱã¤Ãàʫ¹$1#$e#áÅÐʁĢ§äˑƱã¤ÃĈºä˴˴ÇÂ!$5",
  "Thu": "ĉ¹ʁɮ´ä˴äˑàʕÁ»Ò¡ËÃÍ¡¹Ð ˗Òĉ¹ړĈ¡àȑÍ§à¾ƅá¡¹Ƥ¾Í$0#$e#â·ÉƧ... ĉ¹˵Í§ä»˕Ð$0#$e#...$2#$e#%á¤ÅΓàȊÍ¹Ë˹ÒËƩ¨Ò¡Ȥ³",
  "Thu4": "ĉ¹ʁƱ¤ÇÒÁàʫ¹µÃ§ā¹āº á¹ÇŤ´àҳÍ§¤ÇÒÁلÁʴÒ ¢Í§ڌĈ´¡ÒÃÍԒ¹Ð...$2#$e#ǖ§à¢Ò¨Ðƪºã̋ĉ¹ ŇÒ§Ò¹˕Ç§àÇÅÒàОÁ á˅ĉ¹ʁ˵Í§¡ÒÃàŧ¹ ÍԒ˴ÇÂàËȑÍ¹ā¹...$2",
  "Thu8": "àҮÍ¹˺Ò¹¢Í§ĉ¹àʛ¹ à˨Ò¢Í§ÊÇ¹¼Åä́ áÅÐà¢Òʁã̋µÐ¡̃ÒàªÍѓщÁÒ ÍÂÒ¡ÅÍ§Ī¡ËˉÍÂՁÂ?$1#$e#àÍÒщ Ɋ¡ıÒĥ§ƤàÅÂ![638]$5",
  "Fri": "µÍ¹׉ĉ¹ıÒĥ§Ӣ§ÍԒ¹Ð ä̇àÃÒʴÍÂȤÂā¹ƧËĥ§ä˴ՁÂ?$0",
  "Fri4": "ä§ ħ¹Ëɂ´׉Ʊá¾Å¹ ŇÒÍÐäÃǣĢ§˕Ð?$0#$e#â̍! ַщàÍ§!$1",
  "Sat": "ػÍ? Ëħ´Ƥ#$e#ȝÁ ÍÂÒ¡ä˴ÍÐäÃԧ¹ËÃÍ?",
  "Sat2": "*à̎Í*...$2#$e#˝ÒÇ ˗Òä§$1",
  "Sat4": "Ëħ´Ƥ @$1",
  "Sat8": "à¾ÃÒÐƱȤ³¤ÍÂɤÍԒàÊÁÍ ʁàÅÂã̋Ʊä¿ע¹ÁÒËˉÍÂ...$1",
  "Sun": "ĉ¹äˑÍÂÒ¡ÁÒŇÒ§Ò¹ ħ¹׉àÅÂ¨ƃ§æ á˅ÁÍƃÊºÍ¡˗Òĉ¹˵Í§ÁÒ#$e#¤¹¢Í§àÃÒäˑ¾Í...",
  "Sun2": "àұÍǴ¹ĉ¹ä˴¹Í¹ ä»ËˉÍÂàƤÂÇàÍ§ Ã¶ģº˚§¾ę§§Ò¹¡Ðǔ¡ Ĕ¹ÁÒ˪Ò...$2#$e#̍Ð ȝÁ... ¢Íâ·É¹Ð Í˒Òã˚ã¨ä»àÅÂ$0",
  "Sun4": "Ëħ´Ƥ @ ȝÁ... Ȥ³ړՁÂ˗ÒµÍ¹׉бâÁ§á̅Ç?#$e#̍Í %time á̅ÇËÃÍ? ¢Íºã¨¹Ð$1",
  "Sun8": "щ Ʊ¤ÃÍº¤ģÇ¹¡ƺ˿Ò ŇÒģ§ÍԒÂ¹˵¹ä́ã¡̅æ ̃Ò¹â¨˨Ò˴ÇÂ˕Ð$1#$e#¹¡àʛ¹ĪµΗчÊʷÒ§ÒÁ¨ƃ§æ ¹Ð ˗ÒՁÂ?$5",
  
  //SUMMER DIALOGUE
  "summer_1": "ÍÒ... ã¹Äɤ̃Í¹ч¿ÒΓÁ¢Í§Ȥ³ ¨ÐƱ¡ÒÃàʁºàбÂÇ¤Ճ§ãËʽ àÅÂãʺՁÂ?#$e#ԧ¹ ̃Ò¹â¨˨Ò¨ÐʺÇÂȵ¹¢Í§ã˪ чĸÒàʛ¹āºàÁʥ´Ȏª ä̇ã̋Ȥ³¹Ð$1",
  "summer_10": "ºÒ§ƧáÍΓã¹̃Ò¹â¨˨Òщ ʁË¹ÒÇàš¹ä»¹Ð$0#$b#ĉ¹àÅÂàʛ¹Ëħ´«ÐˊÍÂàÅÂ...$2",
  "summer_18": "ÍÒ¡ÒÈÍºӭ¹ã¹Äɤ̃Í¹щ ƇàÈÉä»àÅÂ¹Ð$1#$e#ĉ¹˗Òġ¹Ë¹ÒÇàš¹ä» ã¹Äɤãºä́˓Ç§áÅÐÄɤË¹ÒÇˉÐ$2",
  //"summer_28": "ĉ¹ʁÍÂÒ¡ä»ɤáÁ§¡ÃÐ¾Ƀ¹¹Ð á˅¤§àËҩÍÂàš¹ä» Ëĥ§ŇÒ§Ò¹ÁÒԷ§ħ¹áºº׉ˉÐ ...$0",
  
  "summer_Mon": "ȝÁ Ȥ³˵Í§¡ÒÃÍÐäÃՁÂ?$0#$e#...$0#$e#%á¤ÅΓà¢ƂºÍÍ¡˛Ò§¨Ò¡Ȥ³",
  "summer_Mon2": "*à̎Í* ĉ¹˗Òħ¹׉˵Í§àʛ¹ƽ¡ħ¹ чä˴àƅ¡§Ò¹˪Ò...$2#$e#àʢ¹׉ä˴š¹ÍÒËÒÃáʺáʂ§ ƽ¡á̅ÇƊ¹Ð...$2",
  "summer_Mon8": "ɤàËȑÍ¹¿ÒΓÁ¢Í§Ȥ³ ¨Ðàŵºâµע¹ȷ¡ħ¹¹Ð... Ȥ³ŇÒáººԹ¹ä˴Ģ§ä§ËÃÍ$5",
  "summer_Tue6": "ĉ¹āºÊÒÇæ ä˴à́ÒÁÍÂ΄ā¹˴ÇÂ˕Ð$1",
  "summer_Wed": "ҎÂ µÍ¹ŇÒ§Ò¹щàÇÅÒàŴ¹˪Ò Í˒Ò§āºËÍÂ·Ò¡...$0#$e#Í-â̍... â·ÉƧ¹Ð ĉ¹äˑä˴Ե§ã¨$2",
  "summer_Wed4": "¤¹ã¹ɋºà¢Ò׉˚Ç¹ãËʽ à¡ƵÂ´Ċ§ºƃĩ·â¨˨ÒˉÐ$2#$b#á˅ġ¹àʛ¹§Ò¹àƤÂÇ чĉ¹ËÒä˴...#$e#ʁĉ¹äˑä˴Ʊ¤ÇÒÁÊÒÁÒÃ¶ ÍÐäÃÁÒ¡ÁÒÂщ¹Ò...$2",
  "summer_Wed8": "àҮÍ¹˺Ò¹¢Í§ĉ¹ àʁº̊Áä˴àÂÍÐàÅÂ à̍Ò ĭ¹׉¢Í§Ȥ³[635]$1#$e#ĉ¹ªÍº¼Åä́Ĉ§ ȆÍ˗Òàʛ¹¢Í§˗Ò§ чƤ˅ÍɊ¢ÀÒ¾$1",
  "summer_Thu8": "ĉ¹äˑà¤Âä˴ÍԒã¡̅æ ·ÐàÅàÅÂ¹ÐàщÂ ºÒ§Ƨĉ¹ÍÒ¨¨Ðä»ˤ¹à¨Í Ȫ´˗ÒÂթÒĕÇàʱÒ á̅Çä»˗ÒÂթÒρ§ ƤՁÂ?$1",
  "summer_Fri2": "˶Òĉ¹¢ÍÍȹ­Òµ áººàʛ¹·Ò§¡ÒÃĪ¡ËˉÍÂ ĉ¹ʁÅÒ§Ò¹ä˴¹Ð$1#$e#ĉ¹àËȕÍħ¹ÅÒ¾ÍŚÒËģº Ëɂ´ÂÒÇàÅÂ˕Ð$0",
  "summer_Fri8": "µÍ¹àʔ¡æ ĉ¹ʁà¤Âĝ¹ä̇¹Ð ˗ÒÍÂÒ¡¨Ðàʛ¹ę¡áÊ´§$1#$e#á̅Ç¢Í§Ȥ³˕Ð àËȑÍ¹āºчä˴ÁÒŇÒ¿ÒΓÁ ËȓÍ¼¨­ĠÂ˺Ò§ՁÂ?$5",
  "summer_Sun": "ĉ¹ˉÒ¨ÐËÒÍÐäÃ чġ¹لÁāº¡ÒÃŇÒ§Ò¹ Ī¡ËˉÍÂ...$0#$e#â·ÉƧ Ť´Ĕ§ä»ËˉÍÂ...$2",
  "summer_Sun4": "̍ÒÇ Ëħ´Ƥ @ àʛ¹ä§˺Ò§?$1#$e#̍Í... µÐֱȤ³¨ÐȤÂÍÐäÃ¹Ð?$0",
  "summer_Sun8": "ĉ¹ړǪ¡˗Ò¾Ç¡¹¡ àËȑÍ¹¨ÐàˢÒã¨ĉ¹àÅÂ...$1#$e#á»Å¡ƤãʺՁÂ˕Ð?$5",
  
  //FALL DIALOGUE
  "fall_1": "ƺĪ¹¢Í§Äɤãºä́˓Ç§ ġ¹ˉÒѷ§¨ƃ§æ...$5#$e#˚Ç¹˺Ò¹ĉ¹ʁ ª¹º·чɦ¡̅ÍÁä»˴ÇÂ ƺ·Í§¢Í§ӗ§ˢÒÇÊÒƵ$1",
  "fall_6": "ħ¹׉Ê´Қ¹Ƥ¹Ð$1#$e#á̅ÇʁË¹ÒÇ ¨¹ĕÇ¨Ðáʂ§˴ÇÂ...$2",
  //"fall_15": "ԧ¹ §Ò¹à·È¡ÒÅáÊ´§Ɗ¹ˤÒ ʁ¾ӣ§׉á̅ÇƊ¹Ð ĉ¹ÃÍɵºīÇ˹Í¹æ ÍԒ˕Ð$1#$e#ĉ¹Ť´˗Ò ˹Í¹æ àʛ¹¢Í§ÁÒƩƊ¹Ð?$5",
  "fall_19": "ÍÒ¡ÒÈàУÁàʢ¹Å§ȷ¡ħ¹æ...$0",
  "fall_26": "µÍ¹чĉ¹Ģ§àʛ¹ àʔ¡Ëŭ§ĕÇàʥ¡æ ĉ¹ġ¡¨Ðá˅§ĕÇàʛ¹ę¡áÊ´§ ¨Ò¡ÀÒ¾Â¹µΓàҳÍ§â»Ã´¹Ð$1#$e#á̅ÇȤ³ªÍºȪ´áººäË¹ËÃÍ?$0",
  
  "fall_Mon": "ãºä́¾Ç¡׉ ʁ¢Ģ¹»ƅÇàˢÒÁÒã¹׉ ˚Ç¹ĉ¹ʁ˵Í§¤ÍÂ¡ÇÒ´ÍÍ¡...$0#$e#щġ¹àš¹Ë˹Òчä»¹Ð...$2",
  "fall_Mon6": "ĉ¹à¤ÂËÅ§ż´ ä»āºÍÒËÒÃáʺáʂ§ ¢Í§â¨˨ÒÁÒá̅Ç...$0#$e#µÍ¹׉ĉ¹ŇÒÍÒËÒÃàÍ§á̅Ç ĉ¹ŇÒã̋Ȥ³˺Ò§ʁä˴¹Ð$1",
  "fall_Tue": "*ËÒÇ*... ä§$0#$e#ȝÁ... ƱÍÐäÃã̋ʺÇÂՁÂ?",
  "fall_Tue8": "Ëħ´Ƥ @ ĉ¹àÍÒáÍ»àŻÅÊ´æ ÁÒ¨Ò¡˺Ò¹˴ÇÂ Ɋ¡¾ÍƤàÅÂ![613]$1",
  "fall_Tue10": "ĉ¹àʁº¼Åä́ÁÒ¨Ò¡ 'ÊÇ¹Ȥ³ÊƁ·ڸ' àҮÍ¹˺Ò¹ĉ¹àÍ§$1#$b#ȝÁ щàʛ¹áÍ»àŻÅчà¢Ò»ɵ¡[613]$4#$e#Ê´æ ¨Ò¡˵¹...$7",
  "fall_Thu8": "ħ¹׉ƤĈ§ à¹ÍÐ?$1#$e#áÇÐÁÒȤÂā¹ƽ¡¹Ð$5",
  "fall_Wed": "ä§$0#$e#ȝÁ à̽Ð?$0#$e#...$2",
  "fall_Wed2": "ä§ ħ¹׉àʛ¹ä§˺Ò§?$1",
  "fall_Wed6": "ĉ¹ÍÂÒ¡¨Ðš¹ ºɳÊà¡˵Ò ÁÒԷ§ħ¹á̅ÇàщÂ...$1#$e#¶ÒÁ¨ƃ§? ĉ¹š¹ġ¹ä˴µÅÍ´ƚƇµàÅÂ˕Ð$5",
  "fall_Fri": "ȝÁ ÊħÊƤ$1#$b#ä˴ÍÐäÃчȤ³˵Í§¡ÒÃՁÂ?$0#$e#%á¤ÅΓà¢ƂºÍÍ¡˛Ò§¨Ò¡Ȥ³",
  "fall_Fri2": "ĉ¹ıÒĥ§¨ÐƱ...ħ¹чâÍà¤$0#$e#ȝÁ ä̇ĉ¹¨ÐȤÂāºȤ³ƧËĥ§¹Ð$2",
  "fall_Fri8": "Ȥ³ƱËę§àҳÍ§äË¹ чªÍºǣà»˕Ò @? чËѹ§¢Í§ĉ¹ǴÍàҳÍ§ '˕ÍÁÒȷº'$1#$e#ĉ¹ªÍºËę§á¹Çà¢˒Ò¢ħ­!$6",
  "fall_Sat8": "ʁàÃÒàʛ¹àҮÍ¹чƤ˅Íā¹á̅Ç äˑãʺËÃÍ?$1#$e#˶ÒƱàҳÍ§ÍÐäÃ à˕Òã̋ğ§ä˴¹Ð!$5",
  "fall_Sun": "ȝÁ ä§$0#$e#...$0#$e#...$2#$e#â·ÉƧ Ȥ³˗ÒÍÐäÃ¹Ð...$2",
  "fall_Sun2": "Ëħ´Ƥ$1#$e#ȝÁ ħ¹׉àʛ¹ä§˺Ò§$0",
  "fall_Sun8": "ħ¹׉Ȫ´Ȥ³ɤƤƱÃÐĔºĈ§ @$1",
  
  //WINTER DIALOGUE
  "winter_1": "ÄɤË¹ÒÇá̅ÇËÃÍàщÂ? Äɤ¡ÒÅà»ѕÂ¹ä» äÇàËȕÍàš¹...$0",
  "winter_4": "%á¤ÅΓıÒĥ§Ȓ¹ĕÇϊ¹...#$e#Ë-Ëħ´Ƥ ¢-¢Íâ·ÉƧ Ë-Ë¹ÒÇÇÇ...$2",
  "winter_7": "µ¡»ÅÒã¹թÒáʂ§? ĉ¹äˑà¤Âµ¡»ÅÒÁÒʱÍ¹àÅÂ$0",
  "winter_21": "%á¤ÅΓıÒĥ§Ȓ¹ĕÇϊ¹...#$e#Ë-Ëħ´Ƥ ¢-¢Íâ·ÉƧ Ë-Ë¹ÒÇÇÇ...$2",
  "winter_28": "ÍÂÒ¡Äɤãºä́¼ƅÁÒǖ§äÇæ ¨ƃ§... ĉ¹Ë¹ÒÇ¨¹¨Ð·¹äˑäËÇá̅Ç$2",
  
  "winter_Mon6": "ä§ @ ħ¹׉ĉ¹ړǪ¡ ֲàƑÂ¨ËˉÍÂæ áÎÐ$0",
  "winter_Tue": "ħ¹׉á·º¨Ðáʂ§ÍԒá̅Ç...$2#$e#â·É¹Ð ĉ¹äˑʴÍÂ¾̃ÍÁ ¨ÐȤÂàˇÒäË˓...$0",
  "winter_Tue4": "àұÍÇÒ¹Ʊɵ¡ˤÒ ÁÒ¨Ò¡¹Í¡àȑÍ§ á̅ÇŇÒĕÇËÂÒº¤ÒÂ˴ÇÂ...$3#$e#§Ò¹ºƃ¡ÒÃɵ¡ˤÒщ äˑʷÒÂàÅÂ¨ƃ§æ...$2",
  "winter_Tue8": "ã¹ħ¹áºº׉ ĉ¹ÍÂÒ¡¨ÐҤÁ ªÒàƒÂÇã̋Ê´Қ¹ áÅÐƳáÅ¡ͻĪ¡ËˉÍÂ$1",
  "winter_Wed": "ĉ¹äˑä˴ÍÂÒ¡àʛ¹ á¤ªàƚÂΓáºº׉ ä»µÅÍ´ƚƇµËÃÍ¡...$2",
  "winter_Wed4": "Ȥ³Ť´˗ÒڌĈ´¡ÒÃ¨ÐړՁÂ ˗Òĉ¹áÍºÍÍ¡ä» Ի¹ݖ¡µÒƋÁÐˢÒ§¹Í¡ ػÁ?...$1#$e#ĉ¹˗Òġ¹ʁàʛ¹ ¡ÒÃ˚§àÊƃÁ¡ÒÃ¢ÒÂ¹Ð...$5",
  "winter_Thu2": "ĉ¹ˉÒ¨Ð˵Í§ÅÍ§ àОÁ¤ÇÒÁ¡̅ÒĪ¡ËˉÍÂ á̅ÇʁËÒ¤¹ã¹àȑÍ§Ī¡¤¹ àʛ¹àҮÍ¹ɤ$1",
  "winter_Thu6": "ĉ¹ªÍºàȑÍ§¢Í§Ȥ³ ã¹ʺÇ§àÇÅÒ׉¢Í§ƫĈ§...$1",
  "winter_Thu10": "áÎÐáÎÐ... Ëħ´Ƥ @$4",
  "winter_Sun": "ħ¹׉ĉ¹ړǪ¡á˒Ɋ´æ ...$2#$e#%á¤ÅΓäˑµÍºâ˵ã´æ āºȤ³",
  "winter_Sun2": "ччĉ¹ÍÒĨÂäˑʴÍÂƱ§Ò¹ ã̋àȕÍ¡ÁÒ¡ę¡ËÃÍ¡ ¾ÍƱŅÒáËˉ§ã¹̃Ò¹â¨˨Ò àŻ´ã̋Êġ¤Ã ĉ¹ʁƳº¤̇Òä̇àÅÂ$0#$e#ġ¹ʁ... áʴ§Ò¹ΪÇ¤ÃÒÇ$2",
  "winter_Sun8": "Ъ§чĉ¹ªÍºŇÒÁÒ¡àұÍʱÍ¹ ǴÍ¡ÒÃɤËę§̂Í¹ɂ¤ á̅Çʁä»ɤ¡ÒÃáÊ´§ ã¹âÃ§ÅÐ¤Ã˕Ð$1",

  //HEART EVENT DIALOGUE
  "claire_event1": "â̍ ַщàÍ§...$8",
  "claire_event2": "ȝÁ ʁÊ¹ã¨Ź´æ ˉÐ$9",
  "claire_event3": "̍ÒÇËÃÍ ĉ¹˗ÒˉÒÊ¹ã¨ÍÍ¡¹Ð...$10",
  "claire_event4": "̍Ð... ؽÁ$10",
  "claire_event5": "áÎÐáÎÐ  ãʺàÅÂ˕Ð ºÃÃÂÒ¡ÒÈ ĭ¹àƗÂºÊ§ºã¹ª¹º·$9#$b#á˅ºÒ§Ƨġ¹ʁɤàË§Òæ ˉÐ...$8#$b#ȝÁ... ºÒ§Ƨ ĉ¹ˉÒ¨ÐÅÍ§ àˢÒ˓ÇÁ¤ÅÒÊ˴ÇÂ$8",
  "claire_event6": "ȝÁ ʁ¹Ð ĉ¹à¤ÂàƳÂ¹ ¤ÅÒÊà˵¹œÒµÍ¹àʔ¡ áÅÐġ¹ʁàʛ¹ÍÐäÃч ŇÒã̋ĉ¹»ÃÐėºã¨ÁÒµÅÍ´$1#$b#ĉ¹ʴÍ¹ˢÒ§ ¨ÐÊȹ¡ā¹ġ¹àÅÂ...$5",
  "claire_event7": "ġ¹ړǪ¡áººԹ¹àÅÂ ÊÒÇæ ¤¹ҽ¹ʁ˴ÇÂ$1#$b#ĉ¹Ʊ¤ÇÒÁɊ¢ÁÒ¡æ чä˴¢ÍàˢÒ¤ÅÒÊáÍΓâÃź¤ āºá¤âÃäÅΉ...$5",
  "claire_event8": "â̍? ȝÁ ĉ¹à˵¹¢Í§ĉ¹áºº׉áËÅÐ...$2",
  "claire_event9": "Ȥ³˝Ò¹ã¨ĉ¹ä˴ËÃÍàщÂ ¾ÍÍÍ¡ıÒĥ§¡ÒÂàÊʣ¨ ʁƋÇàÅÂ...$1#$b#ȝÁ á»ºǙ§¹Ð$5",
  "claire_event10": "˝Ò ĉ¹ƋÇá̅Ç˕Ð Ëĥ§¨Ò¡ÍÍ¡ıÒĥ§¡ÒÂàÊʣ¨àщÂ  ԧ¹àÃÒä»ËÒÍÐäÃš¹ՁÂ#ȝÁ á»ºǙ§¹Ð$5",
  "claire_event11": "ػÍ ã̋ĉ¹Ť´ËÃÍ¡? ȝÁ ч¨ƃ§ĉ¹ƋÇËˉÍÂæ$0#$b#ĉ¹Ʊáʴ¢¹Á˛Íàʥ¡æ ŵ´ÁÒ˴ÇÂ á˅ġ¹äˑˉÒ¨Ð¾Í¹Ð$2#$b#ԧ¹àÃÒä»š¹ÍÐäÃ˴ÇÂā¹ ч«Òɵ¹Ƥ¡˗Ò...$5#$b#ȝÁ á»ºǙ§¹Ð$5",
  "claire_event12": "Ȥ³¨Ðϊ§äʱ«ÍÊ̊ÁËÃÍ? àÍÒƊ$1",
  "claire_event13": "»ÅÒŹÅ˒Ò§чÇÒ§ä̇ º¹Êĥ´ËÃÍ? ÍÂÒ¡ړĈ§ÃÊªÒŵ ¨Ðàʛ¹Ģ§ä§¹Ð$1",
  "claire_event14": "Êà»àкÂÅž«ʻÒ? Ȥ³˵Í§ƋÇÁÒ¡æ àÅÂƊ¹Ð...$1",
  "claire_event15": "ĉ¹ä˴Ƃ¹àҳÍ§à˕Ò àбÂÇāº«ÍÊчàƊΓ¿ ÁÒāºá˻§·Í´щ$1#$b#ĉ¹˗Òĉ¹ϊ§˴ÇÂƤ¡˗Ò...$5",
  "claire_event16": "̋Ð Ģ§äˑÍÍ¡¡ÐËȓÍä§ÅÐ? ËÂÍ¡æ áÎÐáÎÐ$9#$b#Í˒Òī¡âËÁàš¹ä»˕Ð...$11",
  "claire_event17": "̍Í ĉ¹ıÒĥ§¨ÐŻ´̃Ò¹á̅Ç˕Ð$8#$b#ã˪àÇÅÒäˑ¹Ò¹ËÃÍ¡ á˅ġ¹ƱÍÐäÃÃÐà¡ÐÃÐ¡Ð ã̋ĉ¹˵Í§Ĉ´¡ÒÃ...$10",
  "claire_event18": "ŇÒ§Ò¹ÁÒµÅÍ´ħ¹áºº׉ Ȥ³˵Í§àËҩÍÂÁÒ¡áˉæ...$9#$b#*ËÒÇ* ĉ¹ʁàËȑÍ¹ā¹...$11",
  "claire_event19": "̋Ð Ģ§äˑÍÍ¡¡ÐËȓÍä§ÅÐ? ËÂÍ¡æ áÎÐáÎÐ$13#$b#Í˒Òī¡âËÁàš¹ä»˕Ð...$15",
  "claire_event20": "̍Í ĉ¹ıÒĥ§¨ÐŻ´̃Ò¹á̅Ç˕Ð$12#$b#ã˪àÇÅÒäˑ¹Ò¹ËÃÍ¡ á˅ġ¹ƱÍÐäÃÃÐà¡ÐÃÐ¡Ð ã̋ĉ¹˵Í§Ĉ´¡ÒÃ...$14",
  "claire_event21": "ŇÒ§Ò¹ÁÒµÅÍ´ħ¹áºº׉ Ȥ³˵Í§àËҩÍÂÁÒ¡áˉæ...$13#$b#*ËÒÇ* ĉ¹ʁàËȑÍ¹ā¹...$15",
  "claire_event22": "â̍ ַщàÍ§...$12",
  "claire_event23": "ȝÁ ʁÊ¹ã¨Ź´æ ˉÐ$13",
  "claire_event24": "̍ÒÇËÃÍ ĉ¹˗ÒˉÒÊ¹ã¨ÍÍ¡¹Ð...$14",
  "claire_event25": "̍Ð... ؽÁ$14",
  "claire_event26": "áÎÐáÎÐ  ãʺàÅÂ˕Ð ºÃÃÂÒ¡ÒÈ ĭ¹àƗÂºÊ§ºã¹ª¹º·$13#$b#á˅ºÒ§Ƨġ¹ʁɤàË§Òæ ˉÐ...$12#$b#ȝÁ... ºÒ§Ƨ ĉ¹ˉÒ¨ÐÅÍ§ àˢÒ˓ÇÁ¤ÅÒÊ˴ÇÂ$12",
  "claire_event27": "áÎÐáÎÐ Ȥ³äˑ˵Í§àµƳÂÁÍÐäÃ ÁÒã̋ĉ¹ËÃÍ¡$11#$b#ĉ¹¢Íģºä̇ áʴթÒã¨ʁ¾Í...$9",
  "claire_event28": "ĉ¹ģºÃÍ§àÅÂ˗Ò ÍÒËÒÃ¾Ç¡׉˵Í§Í˓ÍÂáˉ...$9",
  "claire_event29": "áÎÐáÎÐ Ȥ³äˑ˵Í§àµƳÂÁÍÐäÃ ÁÒã̋ĉ¹ËÃÍ¡$15#$b#ĉ¹¢Íģºä̇ áʴթÒã¨ʁ¾Í...$13",
  "claire_event30": "ĉ¹ģºÃÍ§àÅÂ˗Ò ÍÒËÒÃ¾Ç¡׉˵Í§Í˓ÍÂáˉ...$13",
  "claire_event31": "...$2#$b#...$1",
  "claire_event32": "...$0#$b#áÎÐáÎÐ...$1",
  "claire_event33": "...$2#$b#Ȥ³ÍÒ¨¨Ðɮ´ɦ¡ʁä˴... á˅...$2",
  "claire_event34": "...$2#$b#ĉ¹... ʁ˗ÒáººԹ¹...$2"
}
