{
  //SPECIAL DIALOGUE
  "patio_Claire": "ƇÇч¿ÒΓÁ׉áººƤĈ§ ÍÒ¡ÒÈħ¹׉ʁ݃Ƥ$1",
  "spouseRoom_Claire": "ȝÁÁÁÁ... ħ¹׉ƱÍÐäÃ˵Í§ŇÒ¹Ð?$1#$e#µÒÃÒ§àÇÅÒ¢Í§ĉ¹ʁáˉ¹µÅÍ´... ˉÒ¨ÐƤ˶ÒÅÍ§àÍÒÁÒĈ´ãËˑ$5",
  "funReturn_Claire": "§Ò¹ħ¹׉àËҩÍÂĈ§... á˅ĉ¹ä˴ȤÂāº ¤¹ˉÒÊ¹ã¨˴ÇÂ˕Ð$0",
  "funLeave_Claire": "ÍɃ³ÊħÊڴ¹Ð чģ¡$1",
  "OneKid_0": "ĉ¹ƍ¨©Òч %kid1 ä˴àŵºâµã¹¿ÒΓÁ %farm ġ¹¨Ð˵Í§àʛ¹ƚƇµħÂàʔ¡ чƇàÈÉÁÒ¡$1",
  "OneKid_1": "%kid1 ŇÒ̋Í§ι§à˕¹ àÅÍÐà·ÍÐŹ´ËˉÍÂ...$2#$e#äˑàʛ¹äÃ¹Ð à݋ÂÇĉ¹àʁº¡ÇÒ´àÍ§$1",
  "OneKid_2": "%kid1 Ʊ´Ç§µÒàËȑÍ¹Ȥ³àÅÂ...$1#$e#ƎƎ...$7",
  "OneKid_3": "ĉ¹äˑŤ´˗Ò¨ÐƱ ¤¹чàµƳÂÁ¾̃ÍÁ ¨Ðàʛ¹ˎÍáˑËÃÍ¡¹Ð... á˅àÃÒʁŇÒä˴ƤàÅÂ˕Ð$1#$e#%kid1 ªÍºã̋٭ÁàŴ¹ä»ÃÍºæ ˺Ò¹$5",
  "TwoKids_0": "ĉ¹˻Í¹âÂàšΓµ áÍ»àŻÅÍÍΓá¡Ź¤ã̋ %kid1 āº %kid2 ¾Ç¡à¢Òš¹ā¹ãËʽàÅÂ!$1",
  "TwoKids_1": "ɵ¡æ ¢Í§àÃÒʺÒ§ƇàÈÉ¨ƃ§æ... ġ¹àʛ¹¤ÇÒÁģºż´ªÍº ¢Í§¾Ç¡àÃÒ¹Ðч˵Í§àוÂ§ ¾Ç¡à¢Òã̋àŵºâµã¹·Ò§чƤ$1",
  "TwoKids_2": "âª¤ƤÁÒ¡æ àÅÂ¹Ðч %kid1 āº %kid2 àʛ¹àʔ¡áʂ§áÃ§$1",
  "TwoKids_3": "%kid1 àУÁàŴ¹ä˴ʱÍ¹à¡³΁ µÒÁħÂ«Ðƽ¡... ËȓÍ˗Òà¢Ò¨Ðàʛ¹ ę¡à˵¹à˷Òä¿ àËȑÍ¹áˑā¹ÅÐàщÂ ػÍ?$1#$e#%Ȥ³¡Í´á¤ÅΓ#$e#ƎƎ...$7",
 
  //SEASONAL DIALOGUE
  "spring_Claire": "àұÍà˪Òĉ¹ҤÁªÒàƒÂÇ˴ÇÂ¹Ð µÍ¹׉ړǪ¡¾ĥ§àʕÁàыÂÁàÅÂ$5",
  "spring_1": "ÊħÊƤƫãËˑ¹Ð ƫ׉¨Ð˵Í§àʛ¹ƫчˉÒ¨´ĸÒ...$1",
  "spring_7": "ÍÒ¡ÒÈàУÁӭ¹ע¹á̅Ç˕Ð!$6",
  "spring_13": "ħ¹׉Ʊ§Ò¹à·È¡ÒÅ äʲƽÊàµÍΓËÃÍ? àÃÒ¨Ðä»ՁÂ?$1",
  "spring_24": "ÍÒ¡ÒÈħ¹׉ƤÁÒ¡æ àËÁÒÐÁÒ¡àÅÂŚÒËģº¡ÒÃ à˵¹œÒã¹à·È¡ÒÅ´Í¡ä́$1",
  "summer_Claire": "ĉ¹ÍÂÒ¡ã̋ÍÒ¡ÒÈáʸÁãÊ áÅÐÍºӭ¹áºº׉ä»µÅÍ´àÅÂ$1",
  "summer_1": "ÁÒàÅÂ Äɤ̃Í¹ ĉ¹¾̃ÍÁá̅Ç ˷Í§˿Òƺ¤ÃÒÁ áÅÐ¾ÒÂáÍ»ƃ¤Íµ!$5#$e#ĉ¹¨ÐʺÇÂ§Ò¹ã¹˺Ò¹àÍ§ ʁÄɤ׉Ʊ§Ò¹˵Í§ŇÒ àÂÍÐáÂÐщ¹Ò$1#$e#ښæ ¹Ð!$6",
  "summer_11": "Ëħ§˗Ò¨ÐƱ¾ÒÂáÍ»ƃ¤Íµ ч§Ò¹ĥÇΓ¹Ð$1#$e#à¸ÍŤ´ä˴ǣĢ§ˉÐ ˗Ò¨Ðã˚ÍÐäÃÅ§ã¹Ë́Íȫ» ػÍ?$5",
  "summer_28": "Т§áÁ§¡ÃÐ¾Ƀ¹áÊ§Ĉ¹·Γ ˚Í§áÊ§§´§ÒÁÁÒ¡àˇÒԹ¹ ι¹ʁËÁÒÂ¤ÇÒÁ˗Ò Äɤ̃Í¹ıÒĥ§¨ÐËÁ´Å§...$0#$e#ĉ¹¤§˵Í§Ĉ´څàغÍ˼Ò á̅ÇàµƳÂÁȪ´ŚÒËģº Äɤãºä́˓Ç§ä̇«Ðá̅Ç$1",
  "fall_Claire": "ĉ¹˗Ò¨ÐàˢÒä»ËÒàʫ´ ã¹ˋÒĪ¡ËˉÍÂ$1#$b#ƱàÁɩǙ§чĉ¹ÍÂÒ¡¨ÐŇÒˉÐ ġ¹àƳÂ¡˗Ò Ĝ´àʫ´ÊÒÁÊËÒÂ$5",
  "fall_1": "щġ¹Ċ¡¨ÐË¹ÒÇá̅Ç¹ÐàщÂ...$2#$e#ȝÁ àÃÒȨ´àµÒż§֗§ä̇ ËˉÍÂÅÐā¹¹Ð ä˴ՁÂ?$0",
  "fall_16": "§Ò¹à·È¡ÒÅ áÊ´§Ɗ¹ˤÒÊµÒΓŴÇ áÇÅѕ¾ӣ§׉ ¢Íã̋âª¤Ƥ¹Ðчģ¡$1#$b#ġ¹˵Í§ړǪ¡ƤÁÒ¡áˉæ чä˴âªΗ¼Å§Ò¹¨Ò¡ ¡ÒÃŇÒ§Ò¹Ëę¡¢Í§Ȥ³!$5",
  "fall_27": "àÇ·Á¹΅щˉÒÊ¹ã¨¹Ð ÍÂÒ¡ړĈ§˗Ò¤¹àÃÒ¨ÐàÊ¡ à¢ÒÇ§¡µע¹ÁÒä˴Ģ§ä§...$1#$e#ĉ¹ړ˗ÒȤ³à¤Â ȤÂāºˎÍÁ´ËÅÒÂ¤Ճ§¹Ð ˉÒ¨ÐÅÍ§¶ÒÁà¢ÒɤՁÂ?$5",
  "winter_Claire": "Ȥ³ŇÒ§Ò¹¹Í¡˺Ò¹ ˇÒÁ¡ÅÒ§ÍÒ¡ÒÈË¹ÒÇæ áºº׉ä˴Ģ§ä§ā¹$1",
  "winter_1": "*à̎Í*... Ë¹ÒÇ¨ƃ§$0#$e#Ȥ³¨Ð˗ÒÍÐäÃՁÂ ˶Òĉ¹¹Ð¢Íà˓§ƾµàµÍΓ ע¹ƽ¡ËˉÍÂ?#$e#%Ȥ³ÊÇÁ¡Í´á¤ÅΓàҮÍã̋à¸Íӭ¹#$e#ƎÎƚ...$7",
  "winter_8": "ŇÒäÁ¨Ð˵Í§ä»Ĉ´¡ÒÃáʲ§ µ¡»ÅÒթÒáʂ§ā¹ã¹ˋÒǥ¡ áÅÐË¹ÒÇɊ´æ ˴ÇÂàщÂ...$2#$e#ĉ¹¨Ðä»ě¡Ëĥ¡ ÍԒˢÒ§á¤Á΋ä¿ÅÐā¹...$1",
  "winter_12": "ĉ¹àǱÍº¨Ðҵ¹º¹թÒáʂ§ µÍ¹àÍÒ¢ÂÐä»֗§˴ÇÂ...$2#$e#ĉ¹äˑàʛ¹äÃËÃÍ¡ áʴµ¡ã¨Ź´ËˉÍÂ...$1",
  "winter_25": "Ɋ¢Ī¹΅ħ¹á˛§´Ç§´ÒÇ ÄɤË¹ÒÇ¹Ð @ ĉ¹ª§ªÒàƒÂÇɺµÃžàÈÉ ŚÒËģºàÃÒÊÍ§¤¹ä̇˴ÇÂ[614]$4#$e#Ȥ³ǴÍ¢Í§¢ħ­ чƤчɊ´¢Í§ĉ¹...$4#$e#%Ȥ³¡Í´á¤ÅΓáˉ¹#$e#ĉ¹ģ¡Ȥ³...$7",
 
  //DAY DIALOGUE
  "Indoor_Day_0": "ÍɃ³ÊħÊڴ ĉ¹ҥ¹àʣÇˉÐ àÅÂª§¡Òá¿ä̇ã̋[395]$1",
  "Indoor_Day_1": "Ȥ³ġ¡¨Ð»ģºŷÇėÈΉ ¢Í§¿ÒΓÁàÃÒÍԒàÊÁÍàÅÂ... ĉ¹ªÍº¹Ð$1",
  "Indoor_Day_2": "Ȥ³ä˴Ƃ¹àƺÂ§¹¡̃Í§ ܒºæ ˢÒ§¹Í¡ՁÂ?$1",
  "Indoor_Day_3": "ħ¹׉ĉ¹ړǪ¡˗Ò ¨Ð˵Í§ƱÍÐäÃƤæ àš´ע¹áˉàÅÂ$1",
  "Indoor_Day_4": "Ȥ³ҥ¹à¾ÃÒÐ¡Х¹ ÍÒËÒÃà˪Òǣà»˕ÒàщÂ ػÁ? ÁÒæ š¹àÅÂ! [201 195 194 210 211]$5#$e#ĉ¹ŇÒ¢Í§чȤ³ªÍº Է§Թ¹àÅÂ¹Ð...$1",
  "Outdoor_Claire": "ĉ¹áʴÍÍ¡ÁÒªÁ¿ÒΓÁˉÐ äˑ˵Í§˛Ç§ĉ¹ËÃÍ¡¹Ð!$1#$e#ħ¹׉¨ÐàˢÒàȑÍ§ՁÂ?$0",
  "Outdoor_0": "ÍɃ³ÊħÊڴ Ʌ¡ÍÍ¡¨Ò¡àƥÂ§ ä˴á̅ÇËÃÍ...$1#$e#ħ¹׉ĉ¹Ëɂ´ áÅÐĉ¹ʁ¨ÐŇÒÍÐäÃ чĉ¹ÍÂÒ¡¨ÐŇÒ$6",
  "Outdoor_1": "żÇ¢Í§ĉ¹ɤƛ´æ ä»ËˉÍÂ... áÊ§á´´˝Í¹æ щˉÒ¨ÐʺÇÂä˴¹Ð$1",
  "Outdoor_2": "ħ¹׉º¹»ůŷ¹¢Í§Ȥ³ ƱàƒÂ¹ÍÐäÃä̇˺Ò§ ػÁ?$1#$e#ˉÒÊȹ¡ƤÍÍ¡!$5",
  "Outdoor_3": "ĉ¹ªÍºҥ¹à˪Ò¹Ð á̅Çʁğ§àƺÂ§¾Ç¡¹¡̃Í§ àУÁ˵¹ħ¹ãËˑ$1",
  "Outdoor_4": "ч׉ŇÒã̋ĉ¹Ǚ¡ǖ§ ˺Ò¹ã¹ª¹º· Ʊ̋Í§àÂÍÐàÅÂ!$1",
  "Rainy_Day_0": "â̍ Ȥ³¨ÐÍÍ¡ä»ŇÒ§Ò¹ ˢÒ§¹Í¡ËÃÍ? ÃÐħ§Í˒Òã̋àʛ¹Ëħ´¹Ð...$1#$e#̍Ð á̅ÇʁÍ˒ÒȕÁàʊ´ÃÍ§à˷Ò˴ÇÂ¹Ð!$5",
  "Rainy_Day_1": "ħ¹áºº׉ĉ¹¨Ðà˕¹Êȹ¡ ÍԒã¹˺Ò¹āºªÒàƒÂÇ̃Í¹ ¢Í§ĉ¹щáËÅÐ$1",
  "Rainy_Day_2": "¤ÃÒÇË˹Ò ĉ¹˗Ò¨ÐÅÍ§ŇÒàÁɩãËˑ ч˝Ò¹à¨Íã¹àʙµ àʛ¹رÍàʢ¹ɤˉÐ$1#$b#ĉ¹˗ÒȤ³˵Í§ªÍºáˉæ$5#$e#â̽Ð? ÍÐäÃ¹Ð?$1#$e#...$4#$e#؎Â! ¤¹˺Ò!$7",
  "Rainy_Day_3": "â̍ ÍɃ³ÊħÊڴ ħ¹׉½¹µ¡¹Ð...$0",
  "Rainy_Day_4": "à˻ÒËÁÒÂ¢Í§ĉ¹ħ¹׉ ǴÍ¡ÒÃÍԒã¹˺Ò¹ áÅÐŇÒĕÇã̋Ʊ»ÃÐâÂªΉ ÅÍ§ŇÒÍÐäÃãËˑæ ɤƤՁÂ¹Ð...$1",
 
  //NIGHT DIALOGUE
  "Indoor_Night_0": "¡ĥºÁÒá̅ÇËÃÍ! ħ¹׉àʛ¹ä§Ձ§ ػÁ?$1",
  "Indoor_Night_1": "â̍ %time á̅ÇËÃÍàщÂ? ħ¹àÇÅÒщˌÒ¹ä»äÇĈ§...$0",
  "Indoor_Night_2": "µÍ¹чȤ³ÍÍ¡ä»ˢÒ§¹Í¡ ĉ¹̅Ò§¨Ò¹á̅Çʁ ¡ÇÒ´˺Ò¹á̅Ç¹Ð$1#$e#ħ¹׉ä˴ŇÒÍÐäÃ «ÐلÁʴÒàÅÂ!$5",
  "Indoor_Night_3": "ä§ чģ¡ Ƃ¹Ƥ˵Í¹ģº¡ĥº˺Ò¹¹Ð$1#$e#â̍ ĉ¹ËÃÍ? ħ¹׉ȆÍ˗ÒˉÒ¾Íã¨ŚÒËģºĉ¹àÅÂ˕Ð$5",
  "Indoor_Night_4": "ĉ¹àµƳÂÁرÍàʢ¹ä̇ã̋Ȥ³˴ÇÂ˕Ð à̍Ò ·Ò¹àÅÂƊ [606 209 207 214 224 235 236]$1#$e#àʛ¹ä§? ã˪ä˴ՁÂ? Ëħ§˗Ò¨Ðɦ¡»Ò¡Ȥ³¹Ð$5#$e#!!!$7",
  "Rainy_Night_0": "ÍÂÒ¡ړĈ§˗Ò ¾Ç¡¹¡¹Í¹ā¹Ģ§ä§ ã¹ħ¹чԷ§àƫÂ¡Է§Ë¹ÒÇáºº׉...$0",
  "Rainy_Night_1": "â̍! Ȥ³àƫÂ¡ÁÒԷ§ĕÇàÅÂ ĉ¹¨Ðä»àÍÒ˼Ò¢¹ËɩÁÒã̋¹Ð$1",
  "Rainy_Night_2": "ä˴Ƃ¹àƺÂ§½¹µ¡ ¡ÃÐ·ºËĥ§¤ÒՁÂ? à¾ƅ¹Ƥà¹ÍÐ...$1#$e#ȝÁ ԧ¹ħ¹׉àÃÒàˢÒ¹Í¹ā¹àʣÇËˉÍÂƤՁÂ?...$4",
  "Rainy_Night_3": "ĉ¹àµƳÂÁÍÒËÒÃàʢ¹ àÊʣ¨¾ÍƤàÅÂ ĉ¹˗Òħ¹׉ àÃÒ¤ÇÃ¨Ð·Ò¹ÍÐäÃ чġ¹Ƥ˅ÍɊ¢ÀÒ¾ċ¡ËˉÍÂ[196 609 610 200 607 650]$1",
  "Rainy_Night_4": "*ËÒÇ*... ĉ¹¨ÐàˢÒ¹Í¹á̅Ç˕Ð$0",
 
  //AFFECTION DIALOGUE
  "Good_0": "Ȥ³ړՁÂ ĉ¹äˑà¤ÂŨ¹µ¹Ò¡ÒÃ ÁÒʱÍ¹àÅÂ ˗Ò¨Ðä˴̂ÒÂÁÒÍԒчÊµÒΓŴÇ áÇÅѕá˛§׉ щàʛ¹âª¤ªÐµÒãʺՁÂ?$1",
  "Good_1": "âÍÇÇÇ... ħ¹׉Ȥ³Ë˕ÍÁÒ¡àÅÂ @ Ȥ³â¡¹Ë¹Ç´щ$4^âÍÇÇÇ... ħ¹׉Ȥ³ÊÇÂÁÒ¡àÅÂ @ ĉ¹ªÍº·Ã§¼Á׉¢Í§Ȥ³Ĉ§$4",
  "Good_2": "àÃÒ¨ÐÅÍ§àוÂ§¹¡ā¹ɤ˺Ò§ ƤՁÂ? ĉ¹¨ÐĈ´¡ÒÃȷ¡Í˒Ò§àÍ§!$5",
  "Good_3": "ĉ¹ƍ¨©ÒƭȑÍŇÒ§Ò¹¤ÃÒ¿ ¢Í§Ȥ³¨ƃ§æ Ʊá˅à¤ҳÍ§ȑÍáÅÐɍ»¡Ã΃ чˉÒģ¡Է§Թ¹ щàʛ¹¡ÒÃỄÒ§ÊÃÃʹ чÂÍ´àђÂÁÁÒ¡$1",
  "Good_4": "ĉ¹˗Ò àËȑÍ¹ĉ¹¨ÐàˢÒ˗Ò¾Ç¡ĪµΗ ıÒĥ§Ť´ÍÐäÃÍԒ àÇÅÒчĉ¹ÁÍ§¾Ç¡ġ¹...$1#$b#ĉ¹Ê§ĪÂ˗Ò ƱˎÍÁ´ËȓÍáˑÁ´¤¹äË¹ чȤÂāºĪµΗä˴˺Ò§?$0#$e#Ȥ³ÅÍ§¶ÒÁ ˎÍÁ´¤¹Թ¹ã̋ËˉÍÂƊ... ¾Ç¡à¢ÒàˢÒã¨ÀÒÉÒĪµΗǣà»˕Ò?$1",
  "Good_5": "Ʊ¡Х¹ËÍÁà©¾ÒÐĕÇ ÁÒ¨Ò¡ĕÇȤ³ĕÇ˕Ð... ġ¹ƤÁÒ¡àÅÂ$7#$e#...$4",
  "Good_6": "ĉ¹à¨Íà¾Å§¤ÅÒÊƊ¤ ч»ÃÐĞ¹Έä̇ä¾àÃÒÐÁÒ¡à¾Å§Ǚ§ àËÁÒÐŚÒËģºàÃÒàÍÒä̇ à˵¹œÒ˴ÇÂā¹$1#$e#ġ¹¨ÐʷÒÂ¹Ð ˶ÒȤ³ĈºĈ§ËÇÐä˴$5",
  "Good_7": "ỄÍÂ¤Í¹Ò§àǷÍ¡чȤ³ã̋ĉ¹ ġ¹ÊÇÂ§ÒÁÁÒ¡¨ƃ§æ ĉ¹¨ÐɤáÅġ¹Í˒Ò§ƤàÅÂ$1",
  "Good_8": "¡ÒÃчȤ³¤ÍÂÁÍ§ɤĉ¹àÊÁÍ ġ¹ŇÒã̋ĉ¹Ʊ¤ÇÒÁρ¹ã¨ÁÒ¡ע¹...$1#$e#Í˒ÒƊ... Ȥ³ıÒĥ§ŇÒã̋ĉ¹àŢ¹¹Ð...$4",
  "Good_9": "â̍ Ȥ³ä˴¡Х¹ËÍÁãʺՁ¹ÅÐ? ġ¹ÁÒ¨Ò¡щä§...[220 221 222 223 234 611 612 608]$1#$e#ɤŇÒË˹ÒàˢÒƊ... ƎƎ!$7",
  "Neutral_0": "ĉ¹à¤Âš¹á˅ÍÒËÒÃáʺáʂ§ àʛ¹رÍàʢ¹ÁÒʱÍ¹¹Ð... á˅µÍ¹׉ĉ¹˝Ò¹Ëę§ȚÍ ӴȑÍÊÍ¹ŇÒÍÒËÒÃ á̅Çĉ¹ʁŇÒÍÒËÒÃä˴¨ƃ§æ$1#$e#¤ÃÒÇË˹Òĉ¹ÇÒ§á¼¹˗Ò ¨ÐŇÒÍÒËÒÃɊ´µÐǥ§˴ÇÂ!$6",
  "Neutral_1": "¡ÒÃä˴ÍԒāºȤ³ àʛ¹àҳÍ§чÊȹ¡ÁÒ¡ ĉ¹... Ť´˗ÒƚƇµ׉¨Ð˵Í§ÍԒ¤¹àƤÂÇ µÅÍ´ä»«Ðƽ¡$1#$e#%Ȥ³ǔ§á¤ÅΓàˢÒÁÒ¡Í´#$e#ƎƎ!$7",
  "Neutral_2": "àÃÒˉÒ¨Ðä»àчÂÇàȑÍ§ɛɛ áÅÐɤâÍà»˓Òċ¡ËˉÍÂà¹ÍÐ$1",
  "Neutral_3": "àËȑÍ¹âÀª¹Ò¡ÒÃ ˴Ò¹ÍÒËÒÃ¢Í§ĉ¹ ¨ÐƤע¹àҳÍÂæ Ե§á˅чä˴¾ºȤ³˕Ð ʱÍ¹Ë˹Ò׉ ĉ¹š¹á˅ÍÒËÒÃáʺáʂ§¢Í§â¨˨Ò ȷ¡ħ¹àÅÂ$1#$e#ĉ¹ªÍºŇÒÍÒËÒÃĈ§$5",
  "Neutral_4": "ĉ¹... äˑàƺÂã¨àÅÂ ч̂ÒÂÁÒÍԒã¹ɋºà¢Òá˛§׉ àҮÍã˪ƚƇµ˓ÇÁāºȤ³$1#$e#ǖ§ġ¹... ¨Ðáµ¡˅Ò§¨Ò¡ª¹º· á˅ġ¹ʁàʛ¹ä»ã¹·Ò§чƤ$5#$e#%Ȥ³ǔ§á¤ÅΓàˢÒÁÒ¡Í´#$e#ƎƎ...$7",
  "Neutral_5": "àÃÒ¨ÐÍÒĨÂÍԒчɋºà¢Ò׉ ä»µÅÍ´àÅÂՁÂ?$1#$e#¢Íâ·É¹Ð ġ¹á»Å¡ãʺՁÂ чÁÒ¶ÒÁáºº׉$0#$e#%Ȥ³˚§֢Áã̋á¤ÅΓ#$e#...$5",
  "Neutral_6": "ĉ¹˫ÍÁˇÒà˵¹ ч¨Ðä»ã˪ã¹¤ÅÒÊáÍâÃź¡ ħ¹ĭ§¤ÒÃ׉ ä˴ËÁ´ȷ¡ˇÒá̅Ç$1#$e#ĉ¹ªÍºµÍ¹ч ä˴ɮ´ȤÂāºȷ¡¤¹ Է§ʱÍ¹àУÁáÅÐËĥ§àƅ¡¤ÅÒÊĈ§...$5",
  "Neutral_7": "ä̇¤Ճ§Ë˹Ò àÃÒÍº¢¹Á˴ÇÂā¹¹Ð ĉ¹à¨ÍɺµÃ¢¹ÁƤæ ˴ÇÂ˕Ð...$4",
  "Neutral_8": "ĉ¹ä˴àʛ¹àҮÍ¹ÊŹ·āºÊÒÇæ ºÒ§¤¹ ã¹¤ÅÒÊáÍâÃź¡˴ÇÂ˕Ð$1#$e#ȝÁ... Ȥ³ˉÒ¨ÐÅÍ§ÁÒ àˢÒ¤ÅÒÊāºĉ¹ɤ˺Ò§¹Ð$5",
  "Bad_0": "ĉ¹ā§ÇÅ¹Ð àÇÅÒчȤ³¨ÐÍÍ¡ä»Å§àËȑÍ§...$2#$e#ĉ¹äˑÍÂÒ¡àƺÂȤ³ä»...$2#$e#%Ȥ³ºÍ¡āºá¤ÅΓ ˗Ò¨ÐäˑƱàҳÍ§̃ÒÂàš´ע¹#$e#Ȥ³Ī­­Òá̅Ç¹Ð$1",
  "Bad_1": "*à̎Í*... ħ¹׉ĉ¹ړǪ¡äˑʴÍÂÊºÒÂàÅÂ$3#$e#¤§¨Ðä»ŵ´Ëħ´ÁÒ...$2",
  "Bad_2": "¢Í̃Í§˕Ð... ˶ÒȤ³ÍÂÒ¡¨ÐÍԒàƗÂºæ ĉ¹ʁÍԒä˴àËȑÍ¹ā¹...$2",
  "Bad_3": "ĉ¹ŇÒÍÐäÃż´ËȓÍà»˕Ò? Ȥ³ɤàËȑÍ¹... ŇÒĕÇ˛Ò§àƋ¹ā¹$2",
  "Bad_4": "...$0#$e#...$3#$e#%Ȥ³¶ÒÁá¤ÅΓ˗Òàʛ¹ÍÐäÃ#$e#ĉ¹ړǪ¡˗ÒȤ³ Ê¹ã¨àҳÍ§¿ÒΓÁ ÁÒ¡¡˗Òĉ¹«Ðƽ¡...$2",
  "Bad_5": "ĉ¹äˑÊºÒÂ á̅ÇʁàҪÍāº¡ÒÃàʛ¹Ëħ´µÅÍ´...$2",
  "Bad_6": "...$2#$e#ĉ¹äˑä˴ËÅºË˹ÒȤ³ «ÐËˉÍÂ ĉ¹áʴ áÊ´§¤ÇÒÁړǪ¡äˑʴÍÂàʱ§$2#$e#¢Íâ·É...$2#$e#%á¤ÅΓàȊÍ¹Ë˹ÒËƩ¨Ò¡Ȥ³",
  "Bad_7": "ħ¹׉Ȥ³ŇÒÍÒËÒÃàʢ¹ ËˉÍÂä˴ՁÂ? ĉ¹äˑƱÍÒÃÁ΃¨ÐŇÒÍÒËÒÃˉÐ...$0",
  "Bad_8": "¡ÒÃã˪àÇÅÒÍԒāºĉ¹¤§ ¨ÐˉÒàҪÍƊ¹Ð...$2#$e#¢Íâ·É...$2#$e#%á¤ÅΓäˑÍÂÒ¡ȤÂÍÐäÃµÍ¹׉",
  "Bad_9": "щȤ³Ť´˗Ò... ĉ¹¼ÍÁàš¹ä»ËÃÍ?$2#$e#ĉ¹áʴ... ɮ´āºĕÇàÍ§ˉÐ Í˒ÒÊ¹ã¨ĉ¹àÅÂ#$e#%Ȥ³ºÍ¡á¤ÅΓ˗Ò Ȥ³ä˴Ƃ¹чá¤ÅΓɮ´#$e#...$1",
}
