{
		"rain": "GOTO spring",
		"Mon": "800 SeedShop 13 23 0 \"Strings\\schedules\\Gus:Mon.000\"/1100 Saloon 10 18 2/1830 Saloon 12 18 0/1850 Saloon 10 18 2/1940 Saloon 12 18 0/1950 Saloon 10 18 2/2030 Saloon 12 18 0/2040 Saloon 10 18 2/2400 Saloon 23 4 1",
		"Tue": "800 Saloon 16 4 2 gus_sit_down/830 CommunityCenter 5 5 0 square_5_1_0/1230 Saloon 10 18 2/1830 Saloon 12 18 0/1850 Saloon 10 18 2/1940 Saloon 12 18 0/1950 Saloon 10 18 2/2030 Saloon 12 18 0/2040 Saloon 10 18 2/2400 Saloon 23 4 1",
		"fall_4": "800 Saloon 16 4 2 gus_sit_down/1030 Hospital 12 14 0 \"Strings\\schedules\\Gus:fall_4.000\"/1330 Hospital 4 6 1 \"Strings\\schedules\\Gus:fall_4.001\"/1600 Saloon 10 18 2/1940 Saloon 12 18 0/1950 Saloon 10 18 2/2030 Saloon 12 18 0/2040 Saloon 10 18 2/2400 Saloon 23 4 1",
		"spring": "800 Saloon 16 4 2 gus_sit_down/1200 Saloon 14 18 2 gus_clean/1830 Saloon 12 18 0/1850 Saloon 10 18 2/1940 Saloon 12 18 0/1950 Saloon 10 18 2/2030 Saloon 12 18 0/2040 Saloon 10 18 2/2400 Saloon 23 4 1",
		"marriage_Fri": "1000 Saloon 10 18 2 \"Strings\\schedules\\Gus:marriage_Fri.000\"/1400 Saloon 14 18 2 gus_clean/1700 Saloon 10 18 0 \"Strings\\schedules\\Gus:marriage_Fri.001\"/2330 BusStop -1 23 3",
		"marriage_Sat": "1400 Saloon 10 18 2 \"Strings\\schedules\\Gus:marriage_Sat.000\"/2200 BusStop -1 23 3",
		"marriage_Sun": "1000 Saloon 10 18 2 \"Strings\\schedules\\Gus:marriage_Sun.000\"/1500 BusStop -1 23 3",
		"marriage_Mon": "800 SeedShop 13 23 2 \"Strings\\schedules\\Gus:marriage_Mon.000\"/1130 Saloon 10 18 2 \"Strings\\schedules\\Gus:marriage_Mon.001\"/1500 Saloon 14 18 2 gus_clean/1600 BusStop -1 23 3"
}