
{
  //SPECIAL DIALOGUE
  "Introduction": "ɤι¹Ɗ? щġ¹à˨Ò¢Í§¿ÒΓÁ¤¹ãËˑ чȷ¡¤¹ɮ´ǖ§ā¹ ã¹чɊ´ʁ̂ÒÂä»чɋºà¢Ò ĉ¹à¨Íá̅Ç˕Ð$0#$b#ĉ¹ŇÒ§Ò¹ч ¿ÒΓÁá¿ΓàÎàÇ¹ ÁÒËÅÒÂƫá̅Ç ġ¹äˑÁÒ¡á˅àʛ¹§Ò¹Ɋ¨ƃµ$1#$e#Ȥ³âª¤ƤчȤ³ä˴ģº ·ģ¾ΒƊ¹¨Ò¡Ȥ³ԋ¢Í§Ȥ³ ÁÒ¿Ƴæ$2",
  "claireSaloonPaid": "ι¹àʛ¹àҳÍ§чà͈§ÁÒ¡ чȤ³Ҳ¹ȑÍä»ʺÇÂڌËŭ§¤¹Թ¹ µÍ¹чÍԒã¹«Òɵ¹ ªÒÇä˓$0#$e#āÊäˑÊÒÁÒÃ¶¨Ðã̋¿Ƴ ËȓÍã̋ˢÍÂ¡à̇¹āºȷ¡¤¹ä˴ Í˒Ò§˗Ò˕Ð ¡ÒÃàʛ¹à˨Ò¢Í§š¨¡ÒÃġ¹ÂÒ¡",
  "claireSaloon": "ä˴Ƃ¹àҳÍ§ڌËŭ§¤¹Թ¹ ч«Òɵ¹á̅Ç$0#$e#àŧ¹ 20g ġ¹ʁäˑä˴ÁÒ¡ÁÒÂÍÐäÃËÃÍ¡ á˅ºÒ§Ƨ ġ¹ʁ˅Ò§µÃ§ч¨Ðä˴š¹ˢÒÇĪ¡رÍ ËȓÍäˑä˴š¹ÍÐäÃàÅÂ$0",
  "pamHouseUpgrade": "ĉ¹ä˴Ƃ¹˗Ò á¾Áä˴˺Ò¹ãËˑ ˵Í§¢ÍºȤ³Ȥ³˴ÇÂ¹Ð ªÒÇä˓$0#$b#¨§ŇÒЪ§чɦ¡˵Í§àҮÍȪÁª¹$1",
  "pamHouseUpgradeAnonymous": "ĉ¹ä˴Ƃ¹˗Òá¾Áä˴˺Ò¹ãËˑ ˵Í§¢ÍºȤ³ ڌäˑ»ÃÐÊ§ʹÍÍ¡¹ÒÁ ¤¹Թ¹¨ƃ§æ$0#$e#ҋÁ... ĉ¹Ê§ĪÂ¨ƃ§ ˗Òà¢Òàʛ¹ã¤Ãā¹?$2#$e#%áÍ¹ׄÁÍ§ÁÒчĉ¹ ˴ÇÂÊÒÂµÒáÊ´§¤ÇÒÁÊ§ĪÂ",
  "Resort_Entering": "ƇÅѕºÍ¡˗Ò Ȥ³ʺÇÂà¢ÒʻÍÁàȓÍ Ȥ³à͈§ÁÒ¡ªÒÇä˓!$0",
  "Resort_Leaving": "˵Í§áººщƊ ǖ§¨Ðàʛ¹ħ¹Ëɂ´Ğ¡ˌÍ¹!$1",
  "Resort_Shore": "¤ÇÒÁ̃Í¹׉ ŇÒã̋ĉ¹à»וÂä»àÅÂ ˵Í§àÍÒĕÇä»ӈÁ ã¹·ÐàÅ«ÐËˉÍÂ$2",
  "Resort_Chair": "%áÍ¹ׄ˨Í§ÁÍ§ä»ч·ÐàÅĭ­Áƣ",
  "Resort_Bar": "*¡ǣêº ¡ǣêº ¡ǣêººº*$6",
  "Resort": "ĉ¹˗Òº¹à¡ÒÐ׉Ʊ Ʊ¢Í§ˋÒàʔ´æ ÁÒ¡ÁÒÂàÅÂ˕Ð ˶ÒȤ³ÁÍ§ËÒġ¹Ƥæ ˝Ò¹Ð$0#$e#̻Ð? ÍÐäÃ¹Ð ã¹¹ÒÁ¢Í§âÂºÐ 'ÇÍÅę·ƺ·Í§'  ԧ¹àÃÍÐ?$2",
 
  //SPECIFIC MAP AND COORDINATES DIALOGUE
  "Custom_AndyHouse_9_6": "ã¹¹ÒÁ¢Í§âÂºÐ Ȥ³ŇÒÍÐäÃàщÂ!? ĉ¹ÍԒº¹àƥÂ§¹Ð! ÍÍ¡ä»à݋ÂÇ׉!$7",
  "Custom_AndyHouse6_9_6": "ĉ¹¾ÂÒÂÒÁч¨ÐËĥº ¡ĥºÁÒã¹ÀÒÂËĥ§¹ÐªÒÇä˓$5",
  "ForestWest_58_22": "¢Íâ·É¹Ð ªÒÇä˓ ĉ¹äˑƱÍÒÃÁ΃ч¨ÐȤÂ$0",
  "SeedShop_37_22": "ĉ¹äˑà¤ÂàҚÍã¹âÂºÐ ĉ¹ġ¡¨Ðã˪Ī­ªÒµ­Ò³ ¢Í§ĕÇàÍ§àÇÅÒ˵Í§¡ÒÃ ¤ÇÒÁʺÇÂàËȕÍ$2#$b#âÂºÐä˴ʺÇÂĉ¹ä̇ Í˒Ò§˹ÍÂЪ§чĉ¹ŇÒä˴ʁǴÍ ¡ÒÃáÊ´§¤ÇÒÁà¤ÒÃ¾$1",
  "JojaMart": "â¨˨ÒƱ¼ƅµĠ³΁ чƤчɊ´áÅÐÃÒ¤Òɦ¡чɊ´ ˶Òĉ¹ä»؛Í¢Í§ч̃Ò¹ƫáÍΓ ĉ¹¨Ð˵Í§Ė§áµ¡áˉæ$2",
  
  //SPRING AND GENERAL DIALOGUE
  "spring_1": "äˑãʺµÍ¹׉ªÒÇä˓ äˑ˗Ò§ àУÁÄɤ¡ÒÅãËˑ!$1#$e#ä»ŇÒ¿ÒΓÁä» ¢Íã̋âª¤Ƥ$3",
  "spring_7": "˵¹ËÍÁ¨Ð§Í¡ע¹ÁÒч ˴Ò¹¹Í¡¿ÒΓÁ¢Í§ĉ¹ ã¹ʺÇ§Äɤãºä́¼ƅ$0#$e#˶Òĉ¹ÊÒÁÒÃ¶àʁº¾Ç¡ġ¹ ä˴àÂÍÐËˉÍÂ ĉ¹ʁ¨ÐÊÒÁÒÃ¶ ŇÒÍÒËÒÃчƤä˴!$1",
  "spring_12": "¾ӣ§׉Ȥ³¨ÐàˢÒ˓ÇÁ š¨¡ÃÃÁ˕Òäʲ˴ÇÂàËÃÍ @?$3#$e#Ȥ³¤ÇÃŇÒЪ§чɦ¡˵Í§ áÅÐ»˕ÍÂã̋Ƈ¹à«¹· ËȓÍá¨Êª¹Ð ι¹ǴÍЪ§чĉ¹¨ÐŇÒ$0#$e#ĉ¹äˑàˢÒã¨˗ÒŇÒäÁ Ȥ³āºá«ÁáÅÐÍźà¡Å ǖ§ä˴àˢÒ˓ÇÁ ġ¹äˑɂŵ¸ÃÃÁāºàʔ¡æ$2",
  "spring_18": "¿ÒΓÁá¿ΓàÎàÇ¹ ɰƁã¨ã¹¡ÒÃĈ´ËÒ ÍÒËÒÃĪµΗĸÒ¹Ç¹ÁÒ¡ ã̋āºɰƁÀÒ¤â´ÂÃÍº$0#$b#¨ÍΓ¨ ؛Í¡ÃÐàƧÂÁ¢Í§ĉ¹Է§ËÁ´$3#$e#¨ÍΓ¨ªÍº¡ÃÐàƧÂÁÁÒ¡ @ ËÒ¡Ȥ³˵Í§¡ÒÃч¨Ð ä˴àʫ¹˴Ò¹чƤ¢Í§à¢Ò ÁÍº¡ÃÐàƧÂÁã̋à¢ÒĪ¡īÇ ÊÍ§īÇƊ Ȥ³¨Ðàʫ¹ãºË˹Òч ֢Áá̂ÁÊ´ãÊ¢Í§à¢Ò$0",
  "spring_23": "àÃÒ¨ÐàˢÒä»ã¹ˋÒ ã¹ħ¹¾ӣ§׉ àҩÍ§¨Ò¡àʛ¹ à·È¡ÒÅà˵¹œÒ¹Ð ªÒÇä˓ ħ¹¾ӣ§׉¾Ç¡àÃÒ¨Ð àˢÒä»ã¹ˋÒàҮÍä»˓ÇÁ à·È¡ÒÅ´Í¡ä́ ˅Íã̋ĉ¹ËĥºµÒĉ¹ʁĢ§ ړԷ§·Ò§ä»áÅÐ¡ĥº$1#$e#äˑáˉ¢Òä»ĉ¹ÍÒ¨à¨Í¢Í§Ƥæ ä˴чι¹$3",
  "spring_28": "ĉ¹ä˴Ƃ¹ʲÒÇ˗Ò Äɤ̃Í¹ƫ׉¨Ð̃Í¹Т§¡˗Ò äʲã¹¡ÃÐ·Ð$0#$e#µÃÇ¨ÊÍºã̋áˉã¨˗Ò Ȏª¢Í§Ȥ³ä˴ģº¡ÒÃÃ´թÒ Í˒Ò§ÊϱÒàÊÁÍ¹Ð @ àҮÍäˑã̋ Ȏª¼Å¢Í§Ȥ³µÒÂ$2",

  "Mon": "...ÊħÊƤ$0#$e#Ȥ³˵Í§¡ÒÃÍÐäÃ?$2#$e#ĉ¹äˑá¨¡àÁʥ´Ğ¹ۨ ËȓÍȎª¼Åã´æ ã̋ËÃÍ¡¹Ð$2",
  "Mon2": "ÊħÊƤ @ Ī»´ÒΛãËˑàУÁע¹á̅Ç$0#$e#ħ¹׉ĉ¹Ʊ§Ò¹ã¹¿ÒΓÁ ÁÒ¡ÁÒÂч˵Í§ŇÒã̋àÊʣ¨$2",
  "Mon8": "Ɋ¢Ī¹΅ħ¹Ĉ¹·Γ àҮÍ¹ªÒÇä˓$1#$e#¡ÒÃàУÁ˵¹Ī»´ÒΛãËˑ ËÁÒÂǖ§¡ÒÃàУÁ˵¹ ÀÒÃÐ§Ò¹ãËˑ$1",
  "Tue": "%áÍ¹ׄĪ§à¡µàʫ¹Ȥ³ á˅äˑä˴ɮ´ÍÐäÃàÅÂ",
  "Tue2": "§Ò¹¢Í§Ȥ³ã¹¿ÒΓÁ %farm àʛ¹Í˒Ò§äÃ˺Ò§ @?$0#$e#Ƥã¨чä˴Ƃ¹Í˒Ò§Թ¹$0",
  "Tue8": "ħ¹׉ĉ¹ä˴¢Í§ˋÒƤæ ÁÒŹ´ËˉÍÂ˕Ð ĉ¹¨Ðš¹¤҃§Ëѹ§ ˚Ç¹чàËȕÍ¨ÐàÍÒä̇¢ÒÂ$1",
  "Wed": "˵Í§ËÒÍÒËÒÃš¹Ī¡ËˉÍÂ ĴÒ¶ÒÁǴÍ ĉ¹¨ÐËÒÍÒËÒÃã¹ˋÒ ËȓÍ؛Í¢Í§чâ¨˨Ò?$2",
  "Wed4": "Ȥ³ƱàÈÉŴ¹ŵ´ÍԒµÒÁĕÇ¹Ð ι¹àʛ¹Ī­ĥ¡É΃¢Í§ ªÒÇä˓чŇÒ§Ò¹Í˒Ò§Ëę¡!$1#$e#ŇÒÍ˒Ò§Թ¹˅Íä»¹Ð @$0",
  "Wed10": "à̎ ˗Òä§ ħ¹׉Ȥ³ɤàыÂÁä»˴ÇÂ ¾ĥ§§Ò¹àÅÂ¹Ð áˊ§ÁÒ˺Ò§ä˴ՁÂ?$3#$e#ĉ¹¾ÂÒÂÒÁ¨Ðà˕¹Ɂ¡ˉÐ ĉ¹äˑãʺ¤¹µÅ¡àÅÂ$1#$e#ĉ¹Ƥã¨чàÃÒä˴ȤÂā¹¹Ð ªÒÇä˓$3",
  "Thu": "à˝Í Ëħ´Ƥ$0#$e#%áÍ¹ׄäˑÊ¹ã¨Ȥ³",
  "Thu4": "Ƥã¨чä˴¾ºȤ³ @$3#$e#¢Íã̋àʛ¹ħ¹чƤ¹Ð$1",
  "Thu8": "à̎ ˗Òä§ Ȥ³ʺÒ§ˉÒģ¡¨ƃ§æ чÁÒȤÂāºĉ¹$3#$e#ħ¹׉ ĉ¹Ʊá¼¹ч¨ÐŇÒÁÒ¡ÁÒÂ$0",
  "Fri": "˶ÒȤ³ÍÂÒ¡¨Ðà¨Í˴Ò¹Ƥæ ¢Í§ĉ¹˕Ðʁ àוÂ§à¤ҳÍ§ҤÁĉ¹Ī¡áˡÇ ч«Òɵ¹Ɗ$0",
  "Fri2": "ã¹чɊ´ʁǖ§ħ¹Ɉ¡Γ µÍ¹׉ĉ¹ÊÒÁÒÃ¶ ҤÁä˴â´ÂäˑړǪ¡ż´$2",
  "Fri8": "ĉ¹¨Ð؛Íà¤ҳÍ§ҤÁ ч«Òɵ¹ã̋Ȥ³àʛ¹ºÒ§¤Ճ§ Ȥ³ÊÁ¤ÇÃä˴ģºġ¹¹Ð Ȥ³ŇÒ§Ò¹Í˒Ò§Ëę¡ àÅÂщ¹Ò$3",
  "Sat": "%áÍ¹ׄ àʫ¹Ȥ³ á˅àȕÍ¡ч¨Ðäˑɮ´ÍÐäÃ",
  "Sat4": "ĉ¹¹Í¹ҥ¹ÊÒÂã¹à˪Ò׉ ړǪ¡˗Òħ¹׉ÍÂÒ¡¨Ð ŇÒĕÇÊºÒÂæ ËˉÍÂ ʁħ¹׉àʛ¹ħ¹àÊÒΓщ¹Ò$1#$e#á˅ǖ§Í˒Ò§Թ¹ ĉ¹ʁäˑƱˢÍáˡĕÇ ã̋ĕÇàÍ§ڝ§Ò¹ã¹¿ÒΓÁ$2",
  "Sat10": "¾Ç¡àÃÒªÒÇä˓ äˑä˴ƱàÇÅÒч¨Ðà̍ÍÃÐàËÂ ã¹ħ¹Ëɂ´Ɋ´Ī»´ÒΛ Ʊ§Ò¹ÁÒ¡àš¹ä» ч¨Ð˵Í§ŇÒã̋àÊʣ¨$3#$e#¢Íã̋àʛ¹ħ¹чä˴§Ò¹¹Ð @ ŇÒã̋ɋºà¢Ò׉ɰƁã¨$1",
  "Sun": "ĉ¹äˑà¤Âàʫ¹Ȥ³ ã¹ʺÇ§àÇÅÒĪ¡¡ÒÃÐɪªÒ »ÃÐĸÒħ¹ÍÒŷµΒàÅÂ Ȥ³äˑàҚÍã¹âÂºÐãʺՁÂ?$5",
  "Sun2": "ËÒ¡Ȥ³˵Í§¡ÒÃ àƳÂ¹ړàОÁàŵÁàбÂÇāºâÂºÐ ÅÍ§ÁÒчщàҮÍĪ¡¡ÒÃÐɪªÒ ã¹ȷ¡æ ħ¹ÍÒŷµΒɤƊ$0#$e#Ʊáʴâ¨ׄ ¨ÍΓ¨ áÅÐĉ¹чŇÒ á˅àÃÒÊÒÁÒÃ¶ÊÍ¹Ȥ³ä˴ ÊÍ§ËȓÍÊÒÁÍ˒Ò§$3",
  "Sun8": "ĉ¹Êȹ¡āº¡ÒÃàђÂÁªÁ ÈÒÅà˨ÒâÂºÐ ã¹ħ¹ÍÒŷµΒчˌÒ¹ÁÒ ġ¹àʛ¹ʺÇ§àÇÅÒ ¢Í§¡ÒÃž¨ÒÃ³Ò áÅÐ¡ÒÃړȤ³ʴÒ¢Í§ĕÇàÍ§$1#$e#¢Íã̋Ȥ³Ʊħ¹чÊȹ¡¹Ð ªÒÇä˓$3",

  //SUMMER DIALOGUE
  "summer_1": "ã¹ħ¹áºº׉ ĉ¹ÍÂÒ¡¨ÐËÒ˵¹ä́Ƥæ Ī¡˵¹ á̅Ç˝Ò¹º·¤ÇÒÁã¹ Ëę§ȚÍâÂºÐ¢Í§ĉ¹$1#$e#ÇÃÃ¤ч 13:2C ǴÍÇÃÃ¤чĉ¹ªÍºчɊ´ µÅÍ´¡ÒÅ ġ¹ÊÍ¹ã̋ã˪ƚƇµ Í˒Ò§àˢÁáʂ§$0",
  "summer_3_1": "àұÍǴ¹чˌÒ¹ÁÒ àƺÂ§¢Í§âÂºÐŇÒã̋ĉ¹ҥ¹! щġ¹ÍÐäÃā¹àщÂ!?$5",
  "summer_10": "¾ӣ§׉ĉ¹¨Ðã˚ Êä»ͻàºÍΓѓȤ³ÀÒ¾ɺ§ Å§ã¹ȫ»ι¹$1#$b#ġ¹¨ÐàОÁÃÊªÒŵ ã¹»ƃÁÒ³чàËÁÒÐÊÁ!$3",
  "summer_20": "á¾Áä»ҤÁч«Òɵ¹ àұÍË¡Ǵ¹ʱÍ¹ ĉ¹äˑŤ´˗Òà¸Í¨ÐäËÇ ċ¡àˇÒäË˓¹Ð ¤ÇÃ¨Ðä»ɤËˉÍÂƤ¡˗Ò$2#$e#à¸Íġ¡¨ÐҤÁњǖ§̋ÒáˡÇ ˵Í§ƱºÒ§Í˒Ò§àš´ע¹áˉæ$0",
  "summer_28": "áÁ§¡Ð¾Ƀ¹àË˕ÒԹ¹ ¨Ð»ÃÒ¡¯ĕÇчªÒÂËÒ´Ǵ¹׉ Ȥ³¨ÐàˢÒ˓ÇÁāºàÃÒчι¹ՁÂ?$0",

  "summer_Mon": "â¨˨Ò ˚§¨´ËÁÒÂ¾̃ÍÁɔ»Í§ã̋ĉ¹ ĉ¹ä˴ģº˚Ç¹Å´ 5% ã¹¡ÒÃ؛Í¤Ճ§˅Íä»!$0#$e#áˉ¹Í¹˗Ò àʛ¹»ÃÐÊº¡ÒÃ΃чƤ ã¹¡ÒÃàУÁ˵¹Ī»´ÒΛ$3", 
  "summer_Mon2": "ĉ¹äˑړ˗ÒŇÒäÁµÅÍ´àÇÅÒ ÁÒ׉Ȥ³ǖ§àŴ¹à˕¹ä»ÃÍºæ á̅ÇȤÂāºªÒÇàȑÍ§Է§æ чȤ³ƱчŴ¹àʱÒáʱ Ȍ¹ãËʽ¢¹Ò´Թ¹ ã¹¤ÃÍº¤ÃÍ§$2#$e#¾Ç¡àÃÒºÒ§¤¹¤§¨ÐƱ ¤ÇÒÁɊ¢ÁÒ¡˶Òä˴ƱÊ¶Ò¹ч áººԹ¹ä̇ã˪àÇÅÒԷ§ħ¹$2",
  "summer_Mon6": "àʛ¹ä§˺Ò§ªÒÇä˓?$0#$e#àÍ Ȏª¼Åäˑä˴àʛ¹ä»µÒÁ чĉ¹Ëħ§ä̇ã¹Äɤ¡ÒÅ׉ ƫ׉ÍÒ¨¨Ðàʛ¹ƫчÂÒ¡ŕÒºÒ¡$2",
  "summer_Mon10": "Ê»ƃ§à¡ÍΓԹ¹ˉÒѷ§ÁÒ¡ ˶ÒȤ³˵Í§¡ÒÃ ÃÐººʸÒÂթÒĭµâ¹ġŵã¹ ¿ÒΓÁ¢Í§Ȥ³ á˅˗Ò¿ÒΓÁá¿ΓàÎàÇ¹ ʴÍ¹ˢÒ§àʥ¡àš¹¡˗Ò¨Ðã˪ ɍ»¡Ã΃àË˕ÒԹ¹$0#$e#ĉ¹äˑģ§àƑÂ¨ч¨Ð Ã´թÒȎª˴ÇÂĕÇàÍ§ËÃÍ¡¹Ð ¨ƃ§æ á̅Çĉ¹Êȹ¡āºġ¹ˉÐ á˅¤¹чƱ¿ÒΓÁãËʽæ Í˒Ò§¿ÒΓÁ¢Í§Ȥ³ ¤ÇÃž¨ÒÃ³ÒàҳÍ§Å§ȷ¹ āºà˨Òà¤ҳÍ§ι¹ËˉÍÂ¹Ð$0", 
  "summer_Tue": "àұÍà˪Òĉ¹àƺÂȎª¼Å ä»ã̋āº¾Ç¡ƽ¡Ò¢Í§âÂºÐ ĉ¹˵Í§ŇÒÍÐäÃċ¡Í˒Ò§ āºàҳÍ§Թ¹$2",
  "summer_Tue2": "àұÍÇÒ¹׉ à·ÈÁ¹µƳàÅƇÊāºĉ¹ ƱàҳÍ§¶¡àƦÂ§ā¹ µÍ¹׉ĉ¹àҚÍÍ˒Ò§áÃ§˗Ò à¢ÒäˑªÍºĉ¹$2#$e#àÃÒ¶¡àƦÂ§ā¹ àҳÍ§ÍÐäÃԧ¹ËÃÍ? äˑãʺȸÃÐ¡§¡ÒÃÍÐäÃ ¢Í§Ȥ³Ī¡ËˉÍÂщ$2",
  "summer_Tue4": "ƫáÍΓäˑ¢ÒÂȎª¼Å ËȓÍ¢Í§ˋÒã´æ ¢Í§ĉ¹ã¹̃Ò¹¢Í§à¢Ò ĉ¹äˑɦ¡āºà¢Ò à¾ÃÒÐàҳÍ§Թ¹$2#$e#â̍ ŇÒäÁà¢ÒäˑŇÒˉÐàËÃÍ? à¾ÃÒÐà¢Òäˑãʺ à˨Ò¢Í§̃Ò¹чƤä§˕Ð ŇÒäÁà¢Òäˑä»ŇÒÍ˒Ò§ҽ¹ ā¹¹Ð?$2#$e#ºÒ§¤Ճ§ĉ¹ʁÍÂÒ¡ã̋ ȷ¡¤¹ã¹ã¹àȑÍ§ Â¡à̇¹Ȥ³ ËÒÂä»ã̋ËÁ´àÅÂ˕Ð @",
  "summer_Tue8": "à˪Ò׉Ʊƽ¡Ò¢Í§âÂºÐ ÁÒš¹Ȏª¼Å¢Í§ĉ¹ ¾Ç¡īÇ¢âÁÂź¹ä˴зàʷÒà̽Â$7#$e#¢Íâ·É¹ÐªÒÇä˓ »¡ŵĉ¹¨ÐƱàÇÅÒã̋Ȥ³ á˅µÍ¹׉ ĉ¹äˑƱÍÒÃÁ΃¨ÐȤÂ$2#$e#ĉ¹äˑȤÂ˴ÇÂã¹µÍ¹׉$5#$e#%áÍ¹ׄäˑÊ¹ã¨Ȥ³",  
  "summer_Wed": "˺Ò¨ƃ§ ׼§àÎ§«ÇÂġ¹˅ÍÂĉ¹! ¤Ճ§Ë˹Òĉ¹¨Ð˵Í§ÊÇÁȶ§ȑÍ µÍ¹àʁºթÒ׼§$2",
  "summer_Wed6": "ĉ¹˵Í§àŴ¹·Ò§ä»ч á¡ÃÁàžÅĕ¹ã¹àʣÇæ ׉áÅÐƱËѹ§ã¹ʺÒ§ä́ ч¨ÐŇÒ˺Ò¹׼§ãËˑã̋ĉ¹$0#$e#ĉ¹äˑʴÍÂƱ¤ÇÒÁàкÂÇªÒ­ ã¹¡ÒÃŇÒЪ§»ÃÐŴÉ΀¢Í§ĕÇàÍ§ ĉ¹ä˴Ƃ¹ÁÒ˗ÒȤ³àʱ§ ã¹¡ÒÃŇÒЪ§»ÃÐŴÉ΀$0",
  "summer_Thu": "Ȥ³ÊÒÁÒÃ¶àҚÍρ¹ã¹¼ÅıÒäÃ чä˴˪Òá˅ρ¹¤§ ¢Í§ˢÒÇâ¾´ä˴ à¾ÃÒÐˢÒÇâ¾´ÊÒÁÒÃ¶ »ɵ¡ä˴ǖ§ÊÍ§Äɤ$1#$e#щǴÍàËȵ¼Åчĉ¹ »ɵ¡ˢÒÇâ¾´ã¹ʺÇ§Äɤ̃Í¹ ġ¹ʺÇÂĉ¹»ÃÐËĢ´ʴÒã˪ʸÒÂ ã¹¡ÒÃ؛ÍàÁʥ´Ğ¹ۨ$0",
  "summer_Thu4": "Ȥ³ړǣà»˕Ò˗ÒƱÃÍÂàثÍ¹ º¹ãºË˹Ò¢Í§Ȥ³ˉÐ @? ˶ÒàŴ¹ˌÒ¹¡ÃÐ¨¡ ʁÅÍ§ä»˚Í§ɤ¹Ð$3#$e#¡ÒÃƱЪ§Ê¡»Ã¡ÁÒ¡ÁÒÂ º¹ĕÇȤ³àʛ¹Ъ§áÊ´§˗Ò Ȥ³àʛ¹ªÒÇä˓чŇÒ§Ò¹ Í˒Ò§Ëę¡$0",
  "summer_Thu8": "ĉ¹áÇÐä»ɤ ¿ÒΓÁ %farm àұÍħ¹ʱÍ¹ ¿ÒΓÁ¢Í§Ȥ³ˡÒÇË˹Ò ä»ÁÒ¡àÅÂщ @$0#$e#ĉ¹ªÍºч¨Ðã˪àÇÅÒ ä»āº¡ÒÃáÇÐÁÒɤчщ ã¹ºÒ§¤Ճ§ ˶ÒäˑƱě­ËÒÍÐäÃ$3",
  "summer_Fri": "ʺÇ§׉à¨ÍÍÐäÃƤæ ã¹ˋÒ˺Ò§äËÁ ªÒÇä˓?$0#$e#Í˒Òàʁº¢Í§ˋÒ ÁÒ¡¨¹àš¹ä»˕Ð ¡ÒÃŇÒÁÒËÒš¹¢Í§ĉ¹ ע¹ÍԒāº¡ÒÃËÒ¢Í§ˋÒˉÐ Ȥ³ʁړ$0",
  "summer_Fri8": "ĉ¹à¨Í¢Í§ˋÒã¹ ˋÒū¹à´ÍΓá«»àƮÂºàÅÂ щä§¢Í§чĉ¹à¨Í ĉ¹Ť´˗Òĉ¹ÍÒ¨ŇÒıÒäÃä˴ ã¹Äɤ¡ÒÅ׉$1#$e#ºÒÂæ ªÒÇä˓!$3",
  "summer_Sat": "à˪Ò׉ĉ¹à¨Í˵¹Êä»ͻàºÍΓƳ àŵºâµÍԒƽ¡ν§¢Í§ՃÇ$1#$b#¡ÒÃƱ¿ÒΓÁã¹ˋÒá˛§׉ ġ¹ŇÒıÒäÃä˴ƤàÅÂ˕Ð$0#$e#¢Íã̋àʛ¹ħ¹чƤ¹ÐªÒÇä˓$0",
  "summer_Sun": "ºÍ¡ã̋ĉ¹ړ¹Ð ˶ÒȤ³˵Í§¡ÒÃȒÁ Ëę§ȚÍâÂºÐ¢Í§ĉ¹ ĉ¹¨´â̩µÃÒÂÅÐàƽÂ´ ã¹˚Ç¹¢Í§º·¤ÇÒÁч àʛ¹чŹÂÁä̇˴ÇÂ¹Ð$3#$e#ÍÐäÃ¹Ð? Ȥ³äˑÍÂÒ¡¨Ð¢ÍȒÁËÃÍ? âÍà¤$2",
  "summer_Sat6": "ġ¹Ʊ¢Í§ˋÒƤæ ã̋ˤ¹ËÒÍԒàÊÁÍ ˶ÒȤ³ړ˗Ò¨ÐËÒä˴чäË¹ ªÒÇä˓!",

  //FALL DIALOGUE
  "fall_1": "Äɤãºä́˓Ç§àʛ¹ÄɤчƤ ŚÒËģº¡ÒÃËÒ¢Í§ˋÒ¹Ð @ Ʊàʫ´ĸÒ¹Ç¹ÁÒ¡чɊ¡§ÍÁ ã̋àȕÍ¡àʁº$0#$e#Í˒Òàʁºä»ËÁ´˕Ð àËȕÍä̇ã̋ĉ¹˺Ò§$2",
  "fall_4": "ĉ¹àʫ¹Ȥ³ıÒĥ§àŴ¹àˢÒä» ã¹šÅ΄¢Í§ę¡¼¨­ĠÂ чÍԒã¹àȑÍ§ Ȥ³Ʊ§Ò¹žàÈÉàʛ¹ Ëѹ§ã¹¾Ç¡ę¡ıÒĈ´ ĪµΗ»ÃÐËÅÒ´ԧ¹ËÃÍ?$0#$e#ι¹àʛ¹§Ò¹чĭ¹µÃÒÂ¹Ð ĉ¹ړǪ¡¢Íºã¨¨ƃ§æ чȤ³àʕÁã¨¨ÐàњÂ§ƚƇµ àҮÍ»¡˻Í§ªÒÇ˺Ò¹Í˒Ò§ĉ¹ áÅÐģ¡ÉÒɋºà¢Ò׉ ã̋»ÅÍ´ĠÂ$1#$b#¢ÍºȤ³$0",
  "fall_10": "àʔ¡Ëŭ§â«àƯÂ¨Ò¡ä˓ÍӇ¹ ģºʺÇ§˅ÍËĥ§¨Ò¡ ˎÍáˑ¢Í§à¸Í...$0#$b#̽Ð äˑƱÍÐäÃ Ȥ³¨Ð˵Í§ȤÂāºà¸Í àбÂÇāºàҳÍ§׉àÍ§$2#$e#Ȥ³Ʊħ¹чƤ¹Ð Ȥ³ä˴Ƃ¹ՁÂ?$0",
  "fall_15": "¾ӣ§׉ĉ¹¨ÐĈ´áÊ´§ ¼Å¼ƅµ¨Ò¡¿ÒΓÁ¢Í§ĉ¹àÍ§ äˑ˵Í§ā§ÇÅ ĉ¹äˑä˴¤Ò´Ëħ§˗Ò¨Ðª¹Ð$0#$e#ĉ¹äˑà¤Âª¹Ðá́á˅¤Ճ§àƤÂÇ ĉ¹äˑŤ´˗Ò¾ӣ§׉ ¨ÐƱÍÐäÃà»ѕÂ¹ä»...$2",
  "fall_23": "ĉ¹ŇÒ§Ò¹à¾ÒÐ»ɵ¡ ã¹ä˓àұÍÇÒ¹׉ áÅÐĉ¹àʫ¹ڌªÒÂчàʛ¹·ËÒÃ àŴ¹ä»Ģ§ËÍ¤ÍÂˎÍÁ´$2#$b#ºÃÃ´Òà˨ÒË˹Òчģ°ºÒÅ Ģ§¤§¾ÂÒÂÒÁÊÃÃËÒ áˑÁ´áÅÐˎÍÁ´àҮÍàˢÒ˓ÇÁ Ê§¤ÃÒÁ¢Í§¾Ç¡àˤÒ$5#$e#ǫ ˉÒģ§àƑÂ¨$2",
  "fall_27": "ƫáÍΓáˊ§àË̅ÒáÍ»àŻÅğ¡·Í§ ¢Í§à¢Òã¹ʺÇ§à·È¡ÒÅɰµ$3#$b#»¡ŵà¢Òġ¡¨Ðáˊ§ě¹ġ¹ āºàҮÍ¹ÊŹ·¢Í§à¢Ò àˇÒԹ¹$2#$b#àʛ¹àҳÍ§Ƥчĉ¹¨Ðä˴֥ÁÃÊ ¾Ç¡ġ¹˺Ò§Ëĥ§¨Ò¡ ɦ¡»ůàÊ¸ÁÒµÅÍ´Է§ƫ$0",
  "fall_28": "Ȏª¼ÅıÒĥ§¨ÐµÒÂã¹àʣÇæ ׉á̅ÇªÒÇä˓ ÄɤË¹ÒÇıÒĥ§ÁÒ$0#$e#á̅Çà¨Íā¹ãËˑ$0",

  "fall_Mon": "à˪Ò׉ĉ¹àʁºàбÂÇ Ȏª¼ÅчƱȤ³ÀÒ¾ɺ§ ݾÂâ¨˨Òι¹Ʊ¼ÅàËȑÍ¹āº ¡ÒÃ˓ÒÂàÇ·Á¹µΓã˚ȷ¡¤Ճ§$3#$e#ĉ¹á¹ÐŉÒã̋ã˪ݾÂâ¨˨Ò @ ġ¹¨ÐʺÇÂã̋Ȥ³ŇÒıÒäÃä˴$0",
  "fall_Mon2": "ĉ¹؛Í¢ÇÒ¹ãËˑ¨Ò¡¤ƅ¹·àұÍÇÒ¹׉ ĉ¹ŇÒ¢ÇÒ¹·Í§á´§¢Í§ĉ¹ī¡ µÍ¹чĕ´ä́ã¹ˋÒщ$0#$e#¡ÒÃĭ¾à¡Ã´à¤ҳÍ§ȑÍ ¢Í§Ȥ³àʛ¹Ъ§ŚÒĄ­ @ ¢Íã̋àҳÍ§׉ àʛ¹º·àƳÂ¹ŚÒËģºȤ³$0",
  "fall_Mon8": "ĉ¹Ʊ¨ÍºàËʥ¡ч¤ƅ¹· ỄÒ§ע¹ã̋ĉ¹ à¢ÒŇÒÍÍ¡ÁÒä˴ ÂÍ´àђÂÁÁÒ¡$0#$e#¨Íºчĭ¾à¡Ã´á̅Ç ʺÇÂ»ÃÐËĢ´àÇÅÒ ã¹¡ÒÃŇÒ¿ÒΓÁ Ȥ³¤ÇÃàȕÍ¡ Í˒Ò§ã´Í˒Ò§Ëѹ§ ˶ÒȤ³Ģ§äˑ¾̃ÍÁ$1",
  "fall_Tue": "äˑƱàÇÅÒȤÂá̅ÇªÒÇä˓ äˑƱàŧ¹Ч§àˢÒÁÒã¹¡ÃÐà͛Ò ¢Í§¾Ç¡àÃÒàÍ§ËÃÍ¡¹Ð ĉ¹˵Í§ä»ËÒàŧ¹$0",
  "fall_Tue4": "ĉ¹äˑà»ѕÂ¹Ȏª¼Å àʛ¹Ɗ¹ˤÒá»Ãɳ»Í˒Ò§ àƪÂΓËȓÍäÇΉ ¿ÒΓÁá¿ΓàÎàÇ¹ɰƁã¨ ã¹¡ÒÃĈ´ËÒȎª¼Å чƱȤ³ÀÒ¾ɺ§$0#$e#ºÒ§ƧȤ³ˉÒ¨Ð ʺÇÂÊÍ¹Ƈƨ¡ÒÃã˪à¤ҳÍ§ȑÍ ºÒ§Í˒Ò§ã̋ĉ¹ä˴˺Ò§ ã¹ºÒ§¤Ճ§$3",
  "fall_Wed": "ĉ¹¾ºàʫ´ƺˑÇ§ĸÒ¹Ç¹ÁÒ¡ ã¹ˋÒàұÍà˪Ò׉$1#$e#¾Ç¡ġ¹ƱȤ³ÀÒ¾ɺ§ Í˒Ò§ÁÒ¡¨ƃ§æ! ĉ¹Ť´˗Ò ¾Ç¡ġ¹¨Ð¢ÒÂä˴ÃÒ¤ÒƤ$3",
  "fall_Wed4": "ˋÒū¹à´ÍΓá«» ʴÍ¹ˢÒ§ÊÇÂã¹Äɤ¡ÒÅ׉ ġ¹àʛ¹Ëѹ§ã¹àËȵ¼Å чĉ¹àȕÍ¡ч¨ÐÍԒчщ Ğ²¹Òخ¹ч ŇÒ¡ÒÃà¡ÉµÃ¢Í§ĉ¹$3#$e#¢Íã̋àʛ¹ħ¹чƤ¹ÐªÒÇä˓$0",
  "fall_Wed8": "ĉ¹¾º´Í¡á´¹ŴäÅÍÍ¹ ¡ÃÐàƧÂÁ áÅÐȎªªŹ´Ëѹ§ ĸÒ¹Ç¹ÁÒ¡ã¹à˪Òħ¹׉ ĉ¹¾ę¹àÅÂ˗ÒЪ§àË˕Ò׉ ¨Ðä˴ÃÒ¤Ò»Ò¹¡ÅÒ§$1#$e#ġ¹ġ¡¨ÐËÒä˴µÒÁã¹ˋÒ @ Ȥ³¤ÇÃÅÍ§ä»ËÒɤá¶Çæ Թ¹¹Ð$1#$e#¾Ç¡àÃÒÊÒÁÒÃ¶ä» ËÒ¢Í§ˋÒ˴ÇÂā¹ä˴ã¹ºÒ§¤Ճ§ ˶ÒȤ³˵Í§¡ÒÃ ĉ¹¨ÐáÊ´§ÍÐäÃƤæ ã̋Ȥ³ɤ$2", 
  "fall_Thu": "à¤ÂƱ¿ÒΓÁÁÒ¡¡˗Ò׉ ã¹ɋºà¢Ò׉ʱÍ¹ч¨Ðàš´ÀÒÇÐ àÈÃÉ°š¨¶´¶ÍÂ¤Ճ§ãËʽ ڌчäˑÊÒÁÒÃ¶»ģºĕÇä˴ ʁ¾Òā¹àƅ¡ŇÒš¨¡ÒÃ$0#$e#ĉ¹à¤ÂƱàҮÍ¹ÁÒ¡ÁÒÂ ã¹ɋºà¢Ò׉...$0#$e#%áÍ¹ׄäˑÊ¹ã¨Ȥ³ à¢ÒɤàÈ̃Òæ",
  "fall_Thu8": "Ȥ³ړՁÂªÒÇä˓ àұÍĪ»´ÒΛчˌÒ¹ÁÒ ĉ¹àË§ÒÁÒ¡¨ƃ§æ á˅µÍ¹׉àÃÒàʛ¹àҮÍ¹ā¹á̅Ç ĉ¹ÃÍ¤ÍÂч¨Ðä˴à¨ÍȤ³$3",
  "fall_Fri": "ħ¹׉äˑʴÍÂ ƱàÇÅÒĞ¡ˌÍ¹àÅÂ Ʊ§Ò¹ÁÒ¡ÁÒÂ ʱÍ¹ħ¹Ëɂ´Ɋ´Ī»´ÒΛ$2",
  "fall_Fri4": "Ǵ¹׉ĉ¹¨ÐàˢÒä»ч«Òɵ¹ @?$0#$e#ºÒ§Ƨĉ¹ÍÒ¨¨Ðà¨ÍȤ³чι¹$3",
  "fall_Fri8": "Ȥ³ړÍÐäÃՁÂ àÃÒˉÒ¨ÐÍÍ¡àŴ¹·Ò§ ä»˴ÇÂā¹áÅÐԵ§á¤Á΋ ã¹ˋÒǥ¡$3#$e#ã¤Ã¨Ðړ˗Ò¾Ç¡àÃÒ¨Ðä˴à¨Í ¢Í§ˋÒËÒÂÒ¡ªŹ´äË¹?$3",
  "fall_Sat": "%áÍ¹ׄ Ī§à¡µàʫ¹Ȥ³ áÅÐâº¡ȑÍ˴ÇÂ ãºË˹Òч֢Áá̂Á àˤÒɤӢ§",
  "fall_Sat4": "ħ¹׉àʛ¹ħ¹чƤ¹ÐªÒÇä˓ ĉ¹Ëħ§˗Òã¹Äɤ¡ÒÅ׉ Ȥ³¨ÐŇÒÍÍ¡ÁÒä˴Ƥ$0#$e#¢Íã̋ ¿ÒΓÁ %farm âª¤Ƥ Ȥ³ıÒĥ§ŇÒЪ§чɋºà¢ÒɰƁã¨$0",
  "fall_Sun": "¤¹чàˢÒā¹ä˴Ƥāºĉ¹ ã¹àȑÍ§àȑÍ§à¾ƅá¡¹ ƱàƮÂ§¨ÍΓ¨áÅÐá¾ÁàˇÒԹ¹ Ʊäˑб¤¹чàˢÒã¨ĉ¹ ÍÒ¨¨Ðàʛ¹¤ÇÒÁáµ¡˅Ò§ ¢Í§ÍÒɂ$0#$e#à·ÈÁ¹µƳàÅƇÊ àʛ¹ä§ˉÐàËÃÍ? ڌªÒÂ¤¹Թ¹ǴÍ ¤¹ѷÁ¢Í§âÂºÐ à¢ÒáÅÐĉ¹ÁÍ§Ë˹Òā¹äˑä˴$2",
  "fall_Sun6": "¡ÒÃã˪ƚƇµã¹ÊµÒΓŴÇáÇÅѕ àʛ¹¤ÇÒÁĝ¹ĭ¹Т§ãËʽ ¢Í§ªÒÇàſΓ¹šÅΕ à¾ÃÒÐàʛ¹Ŵ¹á´¹чÊÇÂ§ÒÁ Ʊ·ģ¾ÂÒ¡Ã¸ÃÃÁªÒŵ áÅÐ¤¹Ƥæ... ˚Ç¹ãËʽ¹Ð$0#$b#Ȥ³¨ÐÍÂÒ¡ä˴ ÍÐäÃÁÒ¡¡˗Ò׉ƽ¡˕Ð?$1#$e#ʁãʺ ĉ¹˵Í§ã˪àŧ¹áÅÐчŴ¹...$2",
  "fall_Sun10": "ĉ¹ä»ч«Òɵ¹ȷ¡Ǵ¹ħ¹Ɉ¡Γ Ъ§ŚÒĄ­ǴÍ¡ÒÃã̋ÃÒ§ħÅĕÇàÍ§ ŚÒËģº¡ÒÃŇÒ§Ò¹Í˒Ò§Ëę¡$3#$e#Ëħ§˗Ò¨Ðä˴à¨ÍȤ³ч«Òɵ¹ ã¹Ǵ¹׉¾Ç¡àÃÒÊÒÁÒÃ¶ ˌÍ¹¤ÅÒÂá̅ÇʁȤÂà˕¹ā¹ á·¹ч¨ÐȤÂàҳÍ§¨ƃ§æ Ĉ§æ ā¹$3#$b#ġ¹Ƥ¹Ð чƱàҮÍ¹ÍԒÃÍºæ$1", 

  
  //WINTER DIALOGUE    
  "winter_1": "ÄɤË¹ÒÇ àʛ¹Äɤ¡ÒÅчĉ¹ªÍº ġ¹ʺÇÂã̋ĉ¹ӡ§à˹¹ ä»ч¡ÒÃËÒ¢Í§ˋÒá·¹¡ÒÃ Ĉ´¡ÒÃ¿ÒΓÁ¢Í§ĉ¹$1",
  "winter_7": "¾ӣ§׉àÃÒ¨ÐàŴ¹ä»ˊÍթÒáʂ§ чàʛ¹Ȩ´µ¡»ÅÒã¹ˋÒā¹ @ ĉ¹¨Ðàʛ¹ڌŉÒ·Ò§àÍ§$1#$e#ĉ¹ړà̊¹·Ò§ã¹¡ÒÃ àˢÒáÅÐÍÍ¡¨Ò¡ˋÒ׉ àʛ¹Í˒Ò§Ƥ ĉ¹ä»чι¹àҮÍËÒ ¢Í§ˋÒµÅÍ´Է§ħ¹$0",
  "winter_12": "ºÍ¡ĉ¹Ƨ Ȥ³Ť´˗ÒâÍƅàƷÂ Ê¹ã¨ĉ¹ՁÂ? ĉ¹àʫ¹à¸Í˨Í§ÁÍ§ĉ¹ч «Òɵ¹ã¹ºÒ§¤Ճ§$3#$e#ºÒ§Ƨĉ¹¤ÇÃ¨Ðɮ´ ÊħÊƤċ¡¤Ճ§ã¹ħ¹׉$2",
  "winter_24": "ĉ¹äˑªÍºʺÇ§àÇÅÒ׉¢Í§ƫ ġ¹àʛ¹Ъ§àȅÍ¹ã¨ чˉÒ¡ĥÇŚÒËģºĉ¹ ĉ¹äˑȆÍ˗Òã¤Ãàʛ¹¤¹žàÈÉ ã¹ƚƇµ¢Í§ĉ¹$2#$e#ĉ¹äˑ˵Í§¡ÒÃ ¤ÇÒÁàʫ¹ã¨ ¨Ò¡âÂºÐËÃÍ¡¹Ð ªÒÇä˓$5#$e#%áÍ¹ׄäˑÊ¹ã¨Ȥ³",
  "winter_28": "Ȥ³¾̃ÍÁч¨Ð»ɵ¡Ȏª ŚÒËģºÄɤãºä́¼ƅËȓÍĢ§ ªÒÇä˓?#$e#¢Íã̋Ȥ³âª¤Ƥ! ĉ¹ʁ¨ÐŇÒàʺ¹àƤÂÇā¹$1",

  "winter_Mon": "ƫáÍΓĢ§¤§»ůàÊ¸ ч¨Ð¢ÒÂȎª¼Å¢Í§ĉ¹ ã¹̃Ò¹¢Í§à¢Ò áÅÐà¢ÒʁÊ§ĪÂ˗ÒŇÒäÁ ĉ¹ǖ§äˑ؛Í¢Í§чι¹$2#$e#...$2#$e#%áÍ¹ׄäˑÊ¹ã¨Ȥ³ à¢ÒıÒĥ§ÍÒÃÁ΃äˑƤ",
  "winter_Mon4": "ħ¹׉ĉ¹ËÒ¢Í§ˋÒä˴äˑÁÒ¡ ËȓÍà¾ÃÒÐƱ¤¹ҽ¹ àʁºġ¹ä»ËÁ´?...$2#$e#%áÍ¹ׄıÒĥ§˨Í§ÁÍ§Ȥ³",
  "winter_Mon8": "ÁÒƩã̋ĉ¹ã˪ à¤ҳÍ§¼ƅµàÁʥ´Ğ¹ۨ (Seed Maker) ¢Í§à¸ÍáÅÐĉ¹à»ѕÂ¹ ¼Å¼ƅµȤ³ÀÒ¾ϥÒ¢Í§ĉ¹ ã̋¡ÅÒÂàʛ¹àÁʥ´Ğ¹ۨ ĸÒ¹Ç¹ÁÒ¡$1#$e#ĉ¹ÍÂÒ¡ä˴ ƽ¡Ëѹ§à¤ҳÍ§ã¹àʣÇæ ׉ ġ¹¨ÐʺÇÂĉ¹»ÃÐËĢ´àŧ¹ àʛ¹ĸÒ¹Ç¹ÁÒ¡$2#$e#ʺÒ§ä́ã¹á¡ÃÁàžÅĕ¹ ¢ÒÂã¹ÃÒ¤Ò 6,000G á¾§á˅ÍÒ¨¨ÐلÁʴÒ àËȑÍ¹·Í§ĴÒã¹ÃÐÂÐÂÒÇ$0#$e#ÍÐäÃ¹Ð? Ȥ³ɮ´˗ÒºÒ§ƧȤ³ÍÒ¨¨Ð ÊÒÁÒÃ¶ỄÒ§Ъ§»ÃÐŴÉ΀ ã̋ĉ¹ä˴? ʁƤƊ Ȥ³àÅÂã¨ƤÁÒ¡àÅÂ¹Ð$1",
  "winter_Tue": "â¨˨Ò˚§ɔ»Í§ã̋ĉ¹ ·Ò§ä»ÃÉƣΒàұÍà˪Ò׉ ¾Ç¡à¢Ò»ůĚŵ˅Íɵ¡ˤÒ »ÃÐĸÒ˴ÇÂ¤ÇÒÁàÍÒã¨ã˚ Í˒Ò§Т§$1#$e#ĉ¹˵Í§ä»̋Í§ÊɁ´ áÅÐã˪ '¤ÍÁžÇàµÍΓ' à¾ÃÒÐĉ¹˵Í§¡ÒÃã˪ àʧºä«΅¢Í§¾Ç¡à¢Ò$2",
  "winter_Tue8": "¡ÒÃ¹Í¹ËĥºԹ¹ àʛ¹Ъ§чĉ¹ÊÒÁÒÃ¶ŇÒä˴ ã¹ʺÇ§Äɤ׉àˇÒԹ¹ äˑʴÍÂƱ§Ò¹ã̋ŇÒÃÍºæ ¿ÒΓÁ׉$0#$e#ĉ¹àʫ¹Ȥ³àŴ¹ä»чàËȑÍ§Թ¹ Ȥ³˅ÍښāºĪµΗ»ÃÐËÅÒ´ ¾Ç¡Թ¹àËÃÍ?$2#$e#¢Íã̋Ȥ³âª¤Ƥ ƱЪ§ƱƚƇµчĭ¹µÃÒÂÍԒã¹Թ¹ ģ¡ÉÒĕÇ˴ÇÂ @$0",
  "winter_Wed":  "à¤ÂÅÍ§ŪÁäÇΉºɵɱ¹ (Blue Moon) ÁÒʱÍ¹ՁÂ? ĉ¹äˑä˴ªÍºäÇΉàʛ¹žàÈÉ á˅â«àƯÂŇÒÍÍ¡ÁÒä˴Ƥ$0",
  "winter_Wed4": "ĉ¹äˑàˢÒã¨àÅÂ˗Ò ɛ«Ò¹ÍԒä˴Ģ§ä§ à¾ÃÒÐ˺Ò¹à¸ÍÍԒŵ´āº ·Ò§Ã¶ä¿$2#$b#ä̍Ã¶ä¿˺Ò¾Ç¡Թ¹ ŇÒã̋ĉ¹ҥ¹ȷ¡Ǵ¹àÅÂ$2",
  "winter_Wed8": "à¤ҳÍ§ҤÁчĉ¹àȕÍ¡ǴÍ àƪÂΓˢÒÇÊÒƵá¡ÃÁàžÅĕ¹ ġ¹àʛ¹àƪÂΓ¤ÃÒ¿΅чƤчɊ´ чȤ³¨Ð¾ºã¹ɰƁÀÒ¤׉$1#$e#ĉ¹ËƂºÁÒ¢Ç´Ëѹ§ã̋Ȥ³ ã¹¤Ճ§˅Íä»ĉ¹¨Ð ËƂºÁÒƽ¡áÅÐàÃÒ¨Ðä˴ ι§ŪÅã¹ħ¹Ëɂ´Ɋ´Ī»´ÒΛ$2",
  "winter_Thu": "ĉ¹Ȣ´à¨Í¾Ç¡ ÃÒ¡˵¹ä́ã¹ÄɤË¹ÒÇ (winter root) á̅Çʁġ¹ƋÁÐ (snow yam) ã¹ˋÒ׉áËÅÐ ¢Í§¾Ç¡׉¢ÒÂä˴ÃÒ¤ÒƤ$1",
  "winter_Thu6": "ÄɤË¹ÒÇàʛ¹Äɤ¡ÒÅчƤÁÒ¡ ч¨Ðä˴ã˪àÇÅÒˤ¹ËÒ¢Í§ˋÒ ä»ÃÍºæ äˑƱȎªĜ¡ËȓÍ˺Ò¹׼§ ã̋Ĉ´¡ÒÃ!$1#$e#ĉ¹Ť´˗ÒȤ³¨Ð«Òº׫§ ã¹ʺÇ§àÇÅÒžàÈÉ׉àʺ¹ā¹ @$0",
  "winter_Fri": "ħ¹׉ġ¹Ë¹ÒÇàʛ¹˺ÒàÅÂ ŇÒ˓Ò§¡ÒÂã̋ӭ¹ä̇¹Ð ªÒÇä˓$0",
  "winter_Fri8": "µÍ¹׉ĉ¹˵Í§¡ÒÃ º·¤ÇÒÁã¹Ëę§ȚÍâÂºÐ ÁÒàʛ¹áÊ§Ê˗Ò§ŉÒ·Ò§ ã̋ƚƇµĉ¹ˉÐ @: '¤ÇÒÁŤ´äˑä˴á˒à¾ÃÒÐڌҽ¹ á˅ʺÇÂã̋ƱıÒĥ§'$0#$e#Ʊº·àƳÂ¹ч ˉÒĭÈ¨ÃÃΒã̋àƳÂ¹ړ ã¹Ëę§ȚÍà˕Á׉ ºÒ§Ƨĉ¹ÍÒ¨áˊ§ě¹ àҳÍ§ÃÒÇчĉ¹Қ¹ªÍº āºȤ³ä˴ã¹ºÒ§¤Ճ§$3",
  "winter_Sat": "ºÒ§¤Ճ§ĉ¹àʫ¹áÊ§ä¿ ə´©Ò´¨Ò¡ËÍ¤ÍÂ ˎÍÁ´ã¹µÍ¹¡ÅÒ§Ǵ¹ ĉ¹Ê§ĪÂ˗Òà¢ÒıÒĥ§ ŇÒÍÐäÃÍԒчι¹$2",
  "winter_Sat4": "ħ¹׉ĉ¹¾ÂÒÂÒÁ¨Ðɮ´ȤÂāº à·ÈÁ¹µƳàÅƇÊá˅ à¢Òá¡̅§ŇÒàʛ¹ äˑä˴Ƃ¹àƺÂ§ĉ¹$2#$e#äˑŤ´¨ÐʻÍÁ ¤ÇÒÁĪÁĞ¹Έ¢Í§àÃÒ àʣÇæ ËÃÍ¡ ĉ¹Ť´˗Ò¹Ð$2",
  "winter_Sat8": "Ʊ¤¹ĸÒ¹Ç¹ÁÒ¡ ã¹ȷ¡ħ¹׉чɮ´ àҳÍ§ä̃ÊÒÃÐáÅÐ äˑà¤ÒÃ¾ڌɺ§ÍÒɂ$2#$e#ĉ¹˵Í§¢Í¢ÍºȤ³ чȤ³ŇÒĕÇã̋ÊÁħÂ äˑãʺµÒÁàºÍΓ ÃÍ§à˷Ò¢Í§Ȥ³$0#$e#Ȥ³Ʊħ¹чƤ¹Ð @ ŇÒƤÍ˒Ò§Թ¹˅Íä»ã¹ ¿ÒΓÁ %farm$0",
}
