{
  "Format": "1.22",

  "ConfigSchema": {

      "MistEffects": {
      "AllowValues": "true, false",
      "Default": "true"
   },

      "SandboxLayout": {
      "AllowValues": "true, false",
      "Default": "false"
   },

      "RemoveFences": {
      "AllowValues": "true, false",
      "Default": "false"
   },

      "RemoveGrassStretch": {
      "AllowValues": "true, false",
      "Default": "false"
   },

      "RemovePetHouse": {
      "AllowValues": "true, false",
      "Default": "false"
   },

      "GrassCropField": {
      "AllowValues": "true, false",
      "Default": "false"
   },

      "HeavyDebris": {
      "AllowValues": "true, false",
      "Default": "false"
   },

      "LargerGreenhouse": {
      "AllowValues": "true, false",
      "Default": "false"
   },

      "RemoveGreenhouseObjects": {
      "AllowValues": "true, false",
      "Default": "false"
   }
},


  "CustomLocations": [
  {
    "Name": "Custom_FarmCliff",
    "FromMapFile": "Assets/NewLocations/FarmCliff.tbin",
    "MigrateLegacyNames": [ "FarmCliff" ]
  },
  {
    "Name": "Custom_GrandpasGrove",
    "FromMapFile": "Assets/NewLocations/GrandpasGrove.tbin",
    "MigrateLegacyNames": [ "GrandpasGrove" ]
  },
],

  "DynamicTokens": [

    {
      "Name": "GrandpaShedComplete",
      "Value": "{{HasSeenEvent: currentPlayer, hostPlayer |contains=2554906}}"
    },
    {
      "Name": "BridgeComplete",
      "Value": "{{HasSeenEvent: currentPlayer, hostPlayer |contains=2554909}}"
    },
	{
      "Name": "GroveComplete",
      "Value": "{{HasSeenEvent: currentPlayer, hostPlayer |contains=2554911}}"
    },
	{
      "Name": "ExtraLand",
      "Value": "{{HasSeenEvent: currentPlayer, hostPlayer |contains=8033861}}"
    },
 ],

  "Changes": [

    //Load tilesheets
    {
      "Action": "Load",
      "Target": "Maps/z_petbowl, Maps/z_FarmCliff_Shadow, Maps/GrandpasGrove_Shadows1, Maps/GrandpasGrove_Shadows2, Maps/z_FarmCliff_Copper, Maps/z_FarmCliff_Iron, Maps/z_FarmCliff_Gold, Maps/z_FarmCliff_Gems, Maps/z_FarmCliff_Blank",
      "FromFile": "assets/Tilesheets/{{TargetWithoutPath}}.png",
    },

    //Load mist tilesheets
    {
      "Action": "Load",
      "Target": "Maps/z_GrandpasFarm_mist, Maps/z_GrandpasGrove_mist",
      "FromFile": "assets/Tilesheets/{{TargetWithoutPath}}.png",
	  "When": { "MistEffects": "true" }
    },

    { //Adds mist effects to the farm
     "Action": "EditMap",
	 "Target": "Maps/Farm",
	 "FromFile": "Assets/MistEffects/GrandpasFarm_Mist.tbin",
	 "When": { "MistEffects": "true", "Weather": "Rain, Storm", "FarmType": "Standard" },
	 "ToArea": { "X": 0, "Y": 0, "Width": 120, "Height": 97 }
    },

	{ //Adds mist effects to the grandpa's grove
     "Action": "EditMap",
	 "Target": "Maps/Custom_GrandpasGrove",
	 "FromFile": "Assets/MistEffects/GrandpasGrove_Mist.tbin",
	 "When": { "MistEffects": "true", "Weather": "Rain, Storm", "FarmType": "Standard" },
	 "ToArea": { "X": 0, "Y": 0, "Width": 50, "Height": 48 }
    },

	//Load grandpa's farm
	{
      "Action": "Load",
      "Target": "Maps/Farm,Maps",
      "FromFile": "assets/Maps/GrandpasFarm.tbin",
	  "When": { "SandboxLayout": "false" }
    },

	//Load grandpa's farm
	{
      "Action": "Load",
      "Target": "Maps/Farm,Maps",
      "FromFile": "assets/Maps/GrandpasFarm_SandboxLayout.tbin",
	  "When": { "SandboxLayout": "true" }
    },


	//Configurations

    { //Remove Static Fences
      "Action": "EditMap",
      "Target": "Maps/Farm,Maps",
      "FromFile": "assets/MapPatches/GrandpasFarm_RemoveFences1.tbin",
      "ToArea": { "X": 35, "Y": 35, "Width": 35, "Height": 50 },
      "When": { "FarmType": "Standard", "RemoveFences": "true", "RemoveGrassStretch": "true", "SandboxLayout": "false" }
    },
	{ //Remove Static Fences
      "Action": "EditMap",
      "Target": "Maps/Farm,Maps",
      "FromFile": "assets/MapPatches/GrandpasFarm_RemoveFences2.tbin",
      "ToArea": { "X": 35, "Y": 35, "Width": 35, "Height": 50 },
      "When": { "FarmType": "Standard", "RemoveFences": "true", "RemoveGrassStretch": "false", "SandboxLayout": "false" }
    },

	{ //Removes grass stretch
      "Action": "EditMap",
      "Target": "Maps/Farm,Maps",
      "FromFile": "assets/MapPatches/GrandpasFarm_RemoveGrassStretch.tbin",
      "ToArea": { "X": 69, "Y": 53, "Width": 11, "Height": 30 },
      "When": { "FarmType": "Standard", "RemoveGrassStretch": "true", "SandboxLayout": "false" }
    },

	{ //Removes Pet House
      "Action": "EditMap",
      "Target": "Maps/Farm,Maps",
      "FromFile": "assets/MapPatches/GrandpasFarm_RemovePetHouse.tbin",
      "ToArea": { "X": 101, "Y": 35, "Width": 3, "Height": 5 },
      "When": { "FarmType": "Standard", "RemovePetHouse": "true" }
    },

    { //Grass crop field
      "Action": "EditMap",
      "Target": "Maps/Farm,Maps",
      "FromFile": "assets/MapPatches/GrandpasFarm_GrassCropField.tbin",
      "ToArea": { "X": 74, "Y": 51, "Width": 40, "Height": 30 },
      "When": { "FarmType": "Standard", "GrassCropField": "true", "SandboxLayout": "false" }
    },

    { //heavy debris config 1
      "Action": "EditMap",
      "Target": "Maps/Farm,Maps",
      "FromFile": "assets/MapPatches/GrandpasFarm_HeavyDebris.tbin",
      "ToArea": { "X": 0, "Y": 0, "Width": 120, "Height": 97 },
      "When": { "FarmType": "Standard", "HeavyDebris": "true", "SandboxLayout": "false" }
    },

    { //heavy debris config 2 - fence area
      "Action": "EditMap",
      "Target": "Maps/Farm,Maps",
      "FromFile": "assets/MapPatches/GrandpasFarm_RemoveFences_HeavyDebris.tbin",
      "ToArea": { "X": 35, "Y": 35, "Width": 34, "Height": 50 },
      "When": { "FarmType": "Standard", "HeavyDebris": "true", "RemoveFences": "true", }
    },

	//Load greenhouse
	{
      "Action": "Load",
      "Target": "Maps/Greenhouse,Maps",
      "FromFile": "assets/Maps/Greenhouse_GrandpasFarm.tbin",
	  "When": { "LargerGreenhouse": "true" }
    },

	{
      "Action": "EditMap",
      "Target": "Maps/Greenhouse,Maps",
      "FromFile": "assets/MapPatches/Greenhouse_Cleared_GrandpasFarm.tbin",
	  "When": { "LargerGreenhouse": "true", "RemoveGreenhouseObjects": "true" },
	  "ToArea": { "X": 0, "Y": 0, "Width": 27, "Height": 32 }
    },

	//Patches surrounding maps with warp tiles + redesigns
    {
      "Action": "EditMap",
      "Target": "Maps/BusStop",
      "FromFile": "assets/MapPatches/GrandpasFarm_BusStopWarps.tbin",
      "ToArea": { "X": 0, "Y": 22, "Width": 18, "Height": 8 },
      "When": { "FarmType": "Standard" }
    },
    {
      "Action": "EditMap",
      "Target": "Maps/Forest",
      "FromFile": "assets/MapPatches/GrandpasFarm_ForestMarnieYard.tbin",
      "ToArea": { "X": 105, "Y": 0, "Width": 15, "Height": 19 },
      "When": { "FarmType": "Standard" }
    },
    {
      "Action": "EditMap",
      "Target": "Maps/Forest",
      "FromFile": "assets/MapPatches/GrandpasFarm_ForestShortcut.tbin",
      "ToArea": { "X": 37, "Y": 0, "Width": 6, "Height": 8 },
      "When": { "FarmType": "Standard" }
    },
	{
     "Action": "EditMap",
     "Target": "Maps/Backwoods",
     "FromFile": "Assets/MapPatches/GrandpasFarm_BackwoodsBottom.tbin",
     "ToArea": { "X": 35, "Y": 30, "Width": 15, "Height": 10 },
	 "When": { "FarmType": "Standard" }
    },
    {
      "Action": "EditMap",
      "Target": "Maps/Woods",
      "FromFile": "assets/MapPatches/GrandpasFarm_WoodsWarps.tbin",
      "ToArea": { "X": 44, "Y": 0, "Width": 6, "Height": 7 },
      "When": { "FarmType": "Standard" }
    },

	//Patches grandpa's farm forest entrance
    {
      "Action": "EditMap",
      "Target": "Maps/Farm,Maps",
      "FromFile": "assets/MapPatches/GrandpasFarm_Forest_Joja.tbin",
      "ToArea": { "X": 66, "Y": 85, "Width": 5, "Height": 15 },
      "When": { "HasSeenEvent": "5553210", "FarmType": "Standard" }
    },
	{
      "Action": "EditMap",
      "Target": "Maps/Farm,Maps",
      "MapProperties": { "Light": "95 49 4 87 93 4 67 95 4" },
      "When": { "HasSeenEvent": "5553210", "FarmType": "Standard" }
    },
    {
      "Action": "EditMap",
      "Target": "Maps/Farm,Maps",
      "MapProperties": { "DayTiles": "AlwaysFront 67 93 907" },
      "When": { "HasSeenEvent": "5553210", "FarmType": "Standard", }
    },
    {
      "Action": "EditMap",
      "Target": "Maps/Farm,Maps",
      "MapProperties": { "NightTiles": "AlwaysFront 67 93 908" },
      "When": { "HasSeenEvent": "5553210", "FarmType": "Standard" }
    },

	//Patches backwoods staircase
	{
      "Action": "EditMap",
      "Target": "Maps/Farm,Maps",
      "FromFile": "assets/MapPatches/GrandpasFarm_BackwoodsStairs.tbin",
      "ToArea": { "X": 76, "Y": 0, "Width": 6, "Height": 3 },
      "When": { "HasFlag": "communityUpgradeShortcuts", "FarmType": "Standard" }
    },

	//Patches traveling merchant
	{
      "Action": "EditMap",
      "Target": "Maps/Farm,Maps",
      "FromFile": "assets/MapPatches/GrandpasFarm_ForestTravelingMerchant.tbin",
      "ToArea": { "X": 23, "Y": 93, "Width": 8, "Height": 4 },
      "When": { "DayOfWeek": "Friday, Sunday", "FarmType": "Standard" }
    },
	{
     "Action": "EditMap",
     "Target": "Maps/Farm,Maps",
     "FromFile": "assets/MapPatches/GrandpasFarm_ForestTravelingMerchant_Gone.tbin",
     "ToArea": { "X": 27, "Y": 95,"Width": 1, "Height": 2 },
     "When": { "DayOfWeek": "Friday, Sunday" },
	 "PatchMode": "Overlay",
	 "Update": "OnLocationChange"
    },

	//Fixes an issue where moving the greenhouse caused glitched tiles.
	{
      "Action": "EditMap",
      "Target": "Maps/Farm_Greenhouse_Dirt",
      "FromFile": "assets/MapPatches/GrandpasFarm_GreenhousePatch.tmx",
      "When": { "FarmType": "Standard" },
	  "ToArea": { "X": 0, "Y": 0, "Width": 9, "Height": 6 },
    },



	// *** START GRANDPAS SHED CODE - CONTINUED *** //



	//Patches fixed grandpa's shed
	{
     "Action": "EditMap",
     "Target": "Maps/Farm,Maps",
     "FromFile": "Assets/MapPatches/GrandpasFarm_ShedFixed.tbin",
	 "When": { "GrandpaShedComplete": true },
     "ToArea": { "X": 15, "Y": 11, "Width": 11, "Height": 12 }
    },


	//Start Bridge quest

    {
      "Action": "EditData",
      "Target": "Data/SpecialOrders",
     "Update": "OnLocationChange",
      "Entries": {
      "Robin4": {
        "Name": "[Robin4_Name]",
        "Requester": "Robin",
        "Duration": "Month",
         "Repeatable": "False",
        "RequiredTags": "event_2554908, !event_2554909",
        "OrderType": "",
        "SpecialRule": "",
        "Text": "[Robin4_Text]",
        "ItemToRemoveOnEnd": null,
        "MailToRemoveOnEnd": null,
       "RandomizedElements": null,
        "Objectives": [
	       {
            "Type": "Donate",
            "Text": "[Robin4_Objective_1_Text]",
            "RequiredCount": "900",
            "Data": {
              "DropBox": "RobinChest",
              "DropBoxGameLocation": "ScienceHouse",
              "DropBoxIndicatorLocation": "3 19.2",
              "AcceptedContextTags": "item_stone"
           }
         },
       ],
        "Rewards": [
          {
            "Type": "Mail",
            "Data": {
              "MailReceived": "BridgeBuilt"
            }
          },
          {
            "Type": "Friendship",
            "Data": {}
          }
        ]
      },
     },
    },

    {   //Robin's stone bridge strings
     "Action": "EditData",
     "Target": "Strings/SpecialOrderStrings",
     "Entries": {
     "Robin4_Name": "Stone Bridge",
     "Robin4_Text": "âÃºÔ¹µéÍ§¡ÒÃËÔ¹ 900 ¡éÍ¹ à¾×èÍÊÃéÒ§ÊÐ¾Ò¹º¹·Õè´Ô¹¢Í§¤Ø³ ÁÑ¹¨Ð·ÓãËé¡ÒÃä»·Õè¡ÃÐ·èÍÁ §èÒÂ¢Öé¹·Õà´ÕÂÇ!",
     "Robin4_Objective_1_Text": "¹ÓËÔ¹ä»ä»ÇÒ§äÇé ã¹ËÕº¢Í§âÃºÔ¹ ·ÕèÃéÒ¹¢Í§à¸Í",
	    }
    },


	//Event #8 - Stone Bridge    <<ID tagged by quest
    {
	 "Action": "EditData",
	 "Target": "data/events/Farm",
	 "When": { "HasSeenEvent": "2554907", "FarmType": "Standard" },
	 "Entries": {
	 "2554908/t 900 1800/H": "none/-500 -500/farmer -200 -200 0 Robin 13 13 0/skippable/pause 1000/speak Robin \"˗Òä§ @!$1#$b#ĉ¹Ѿ§ä˴˝Ò¹ŹµÊÒÃ §Ò¹ʱÍƍ°©Òºɫ¹ÁÒˉÐ á̅ÇʁàÅÂƱáÃ§Ě¹´ÒÅã¨ ÍÂÒ¡¨ÐÅÍ§ɤĪ¡Ե§!#$b#˶Òà¸ÍËÒƋ¹ÁÒã̋ĉ¹ÅÐʁ ĉ¹¨ÐỄÒ§ÊÐ¾Ò¹˹ÍÂˉÒģ¡ ˢÒÁä»ч¡ÃÐˇÍÁ¢Í§à¸Í$0#$b#àʛ¹ä§ ˉÒÊ¹ã¨ãʺՁÂÅÐ ˗Ò́Ò?$1\"/pause 200/emote farmer 32/pause 300/speak Robin \"àҮÍ¤ÇÒÁ»ÅÍ´ĠÂ ĉ¹Ť´˗Òâ»Ãàʈ¡΅׉ ĸÒàʛ¹˵Í§ã˪Ƌ¹ 900 ˡÍ¹#$b#à¸ÍÊÒÁÒÃ¶àÍÒƋ¹ ä»˚§ä̇чƻºàʁº¢Í§ ч̃Ò¹¢Í§ĉ¹ä˴àÅÂ¹Ð!$0\"/pause 500/end"
	    },
    },

	//Event #9 - Stone Bridge    <<ID tagged by framework
    {
	 "Action": "EditData",
	 "Target": "data/events/ScienceHouse",
	 "When": { "FarmType": "Standard" },
	 "Entries": {
	 "2554928/e 2554908/k 2554909/t 900 1800/H": "none/-500 -500/Robin -10 -10 0/end"
	    },
    },

	//Event #10 - Stone Bridge  <<Triggers map patch
    {
	 "Action": "EditData",
	 "Target": "data/events/Farm",
	 "When": { "FarmType": "Standard" },
	 "Entries": {
	 "2554909/n BridgeBuilt/t 600 1150/H": "continue/64 15/farmer 64 15 2 Robin 64 17 0/skippable/pause 1000/speak Robin \"Ëħ´ƤµÍ¹à˪Ò @! à¸ÍÃÇºÃÇÁƋ¹ÁÒä˴Է§ËÁ´ µÒÁчĉ¹˵Í§¡ÒÃàÅÂ¹ÐàщÂ!$1#$b#ħ¹¾ӣ§׉ ĉ¹¨ÐàУÁỄÒ§ÊÐ¾Ò¹ àʛ¹Í˒Ò§áÃ¡àÅÂ!$0\"/pause 500/end",
	    },
    },

	//Patches bridge
	{
     "Action": "EditMap",
     "Target": "Maps/Farm,Maps",
     "FromFile": "Assets/MapPatches/GrandpasFarm_Bridge.tbin",
	 "When": { "BridgeComplete": "true", "FarmType": "Standard" },
     "ToArea": { "X": 31, "Y": 32, "Width": 4, "Height": 5 }
    },


     //Start grove quest
    {
      "Action": "EditData",
      "Target": "Data/SpecialOrders",
      "Update": "OnLocationChange",
      "Entries": {
      "Clint3": {
        "Name": "[Clint3_Name]",
        "Requester": "Clint",
        "Duration": "Month",
        "Repeatable": "False",
        "RequiredTags": "event_2554910, !event_2554911",
        "OrderType": "",
        "SpecialRule": "",
        "Text": "[Clint3_Text]",
        "ItemToRemoveOnEnd": null,
        "MailToRemoveOnEnd": null,
        "RandomizedElements": null,
        "Objectives": [
		   {
            "Type": "Donate",
            "Text": "[Clint3_Objective_1_Text]",
            "RequiredCount": "30",
            "Data": {
              "DropBox": "ClintShelf",
              "DropBoxGameLocation": "Blacksmith",
              "DropBoxIndicatorLocation": "13 16.4",
              "AcceptedContextTags": "item_gold_bar"
           }
         },
       ],
        "Rewards": [
          {
            "Type": "Mail",
            "Data": {
              "MailReceived": "GoldenStatueCommission"
            }
          },
          {
            "Type": "Friendship",
            "Data": {}
          }
        ]
      },
     },
    },

    {   //Clint's gold bar request
     "Action": "EditData",
     "Target": "Strings/SpecialOrderStrings",
     "Entries": {
     "Clint3_Name": "A Strange Commission",
     "Clint3_Text": "¤ÅÔ¹·ìµéÍ§¡ÒÃ·Í§¤Ó 30 á·è§ã¹¡ÒÃ·Óâ¤Ã§¡ÒÃºÒ§ÍÂèÒ§ áÅ¡¡Ñº¡ÒÃ·Õèà¢Ò ¨Ð¨Ñ´¡ÒÃ¾Ç¡¾ØèÁäÁéË¹ÒÃÍºæ ¡ÃÐ·èÍÁ¢Í§¤Ø³ à¢ÒºÍ¡ÇèÒÁÕÍÐäÃºÒ§ÍÂèÒ§ ·Õè¾ÔàÈÉÍÂÙè·Õè¹Ñè¹!",
	 "Clint3_Objective_1_Text": "¹Ó·èÍ§·Í§¤Óä»äÇé ã¹µÙéà¡çºáÃè¢Í§¤ÅÔ¹·ì",
	    }
    },


	{ //Temporary patch for gold bar drop off
     "Action": "EditMap",
     "Target": "Maps/BlackSmith",
     "FromFile": "Assets/MapPatches/IngotShelf.tbin",
	 "When": { "HasSeenEvent": "2554910", "HasSeenEvent |contains=2554911": false },
     "ToArea": { "X": 13, "Y": 16, "Width": 1, "Height": 3 },
	 "Update": "OnLocationChange"
    },


    //Part 1 - A strange commission - Lewis     <<ID tagged by quest
    {
	 "Action": "EditData",
	 "Target": "data/events/Blacksmith",
	 "When": { "HasSeenEvent": "2554909", "FarmType": "Standard" },
	 "Entries": {
	 "2554910/y 2/k 6665293/H": "continue/-500 -500/farmer 13 1 0 Clint 3 13 2 Lewis 3 15 0/pause 500/viewport 7 14 true/pause 1000/speak Lewis \"ĉ¹¨ÐÃÍ¤ÍÂ Í˒Ò§ã¨¨´ã¨ʸÍàÅÂ ¢Íºã¨¹Ð!$0\"/pause 500/faceDirection Lewis 1 true/pause 300/faceDirection Lewis 2 true/pause 300/move Lewis 0 1 1/move Lewis 2 0 2/move Lewis 0 3 2/warp Lewis -40 -40/playSound doorClose/pause 700/shake Clint 500/pause 700/speak Clint \"ҎÁÁ... ĉ¹äˑړàÅÂ ˗Ò¨Ðä»ËÒ·Í§ĴÒ µÒÁчà¢Ò˗Ò˨Ò§ ÁÒ¨Ò¡чäË¹Ƥ$2\"/pause 1000/playSound doorClose/warp farmer 5 19/pause 400/move farmer 0 -2 3/move farmer -2 0 0/move farmer 0 -2 0 true/speak Clint \"à̎ @ Ȥ³áÇÐÁÒä˴Ĉ§ËÇÐ¾ÍƤ$0\"/pause 500/emote farmer 8/pause 500/speak Clint \"ĉ¹ĸÒàʛ¹˵Í§ã˪·Í§ĴÒ 30 áˇ§àҮÍ¨ÐŇÒ... â¤Ã§¡ÒÃǙ§ˉÐ Ȥ³Ê¹ã¨ՁÂ˕Ð à¾ÃÒÐĉ¹àʫ¹˗ÒȤ³ʁàʛ¹ ę¡¼¨­ĠÂ¤¹Ǚ§ àËȑÍ¹ā¹ˉÐ¹Ð$0\"/pause 500/emote farmer 40/pause 200/speak Clint \"˚Ç¹ʴÒ˨Ò§ ĉ¹Ť´˗Ò ĉ¹¨Ðã˪à¤ҳÍ§ȑÍãËˑ¢Í§ĉ¹ Ĉ´¡ÒÃӞÁä́Ë¹Ò чÍԒã¹¿ÒΓÁ¢Í§Ȥ³$0#$b#¡ÃÐˇÍÁãËʽ¢Í§Ȥ³ чÍԒã¡̅æ āº թÒȾ̃Í¹¸ÃÃÁªÒŵι¹ˉÐ ĉ¹¨ÐàŻ´·Ò§àŴ¹ ä»чԹ¹ã̋Ȥ³àÍ§$0\"/pause 500/jump farmer/pause 1000/speak Clint \"àђÂÁ ¢Íºã¨чʺÇÂ¹Ð Ȥ³àÍÒ·Í§áˇ§¾Ç¡Թ¹ ä»ÇÒ§чڅàʁºá˓µÃ§ɁÁԹ¹$0\"/pause 500/faceDirection farmer 1 true/pause 650/globalFade/viewport -1000 -1000/end dialogueWarpOut Clint \"â̍ â¤Ã§¡ÒÃÍÐäÃˉÐËÃÍ? ĉ¹ɮ´ǖ§ġ¹äˑä˴¨ƃ§æ$0\""
	 },
    },

    //Part 1 - A strange commission - Morris     <<ID tagged by quest
    {
	 "Action": "EditData",
	 "Target": "data/events/Blacksmith",
	 "When": { "HasSeenEvent": "2554909", "FarmType": "Standard" },
	 "Entries": {
	 "2554910/y 2/e 6665293/H": "continue/-500 -500/farmer 13 1 0 Clint 3 13 2 MorrisTod 3 15 0/pause 500/viewport 7 14 true/pause 1000/speak MorrisTod \"ƤàƅÈ»ÃÐàÊƃ°ÈƳ ĉ¹¨Ð¤ÍÂɤ¼Åĥ¾ΈчÍÍ¡ÁÒ!$1\"/pause 500/faceDirection MorrisTod 1 true/pause 300/faceDirection MorrisTod 2 true/pause 300/move MorrisTod 0 1 1/move MorrisTod 2 0 2/move MorrisTod 0 3 2/warp MorrisTod -40 -40/playSound doorClose/pause 700/shake Clint 500/pause 700/speak Clint \"ҎÁÁ... ĉ¹äˑړàÅÂ ˗Ò¨Ðä»ËÒ·Í§ĴÒ µÒÁчà¢Ò˗Ò˨Ò§ ÁÒ¨Ò¡чäË¹Ƥ$2\"/pause 1000/playSound doorClose/warp farmer 5 19/pause 400/move farmer 0 -2 3/move farmer -2 0 0/move farmer 0 -2 0 true/speak Clint \"à̎ @ Ȥ³áÇÐÁÒä˴Ĉ§ËÇÐ¾ÍƤ$0\"/pause 500/emote farmer 8/pause 500/speak Clint \"ĉ¹ĸÒàʛ¹˵Í§ã˪·Í§ĴÒ 30 áˇ§àҮÍ¨ÐŇÒ... â¤Ã§¡ÒÃǙ§ˉÐ Ȥ³Ê¹ã¨ՁÂ˕Ð à¾ÃÒÐĉ¹àʫ¹˗ÒȤ³ʁàʛ¹ ę¡¼¨­ĠÂ¤¹Ǚ§ àËȑÍ¹ā¹ˉÐ¹Ð$0\"/pause 500/emote farmer 40/pause 200/speak Clint \"˚Ç¹ʴÒ˨Ò§ ĉ¹Ť´˗Ò ĉ¹¨Ðã˪à¤ҳÍ§ȑÍãËˑ¢Í§ĉ¹ Ĉ´¡ÒÃӞÁä́Ë¹Ò чÍԒã¹¿ÒΓÁ¢Í§Ȥ³$0#$b#¡ÃÐˇÍÁãËʽ¢Í§Ȥ³ чÍԒã¡̅æ āº թÒȾ̃Í¹¸ÃÃÁªÒŵι¹ˉÐ ĉ¹¨ÐàŻ´·Ò§àŴ¹ ä»чԹ¹ã̋Ȥ³àÍ§$0\"/pause 500/jump farmer/pause 1000/speak Clint \"àђÂÁ ¢Íºã¨чʺÇÂ¹Ð Ȥ³àÍÒ·Í§áˇ§¾Ç¡Թ¹ ä»ÇÒ§чڅàʁºá˓µÃ§ɁÁԹ¹$0\"/pause 500/faceDirection farmer 1 true/pause 650/globalFade/viewport -1000 -1000/end dialogueWarpOut Clint \"â̍ â¤Ã§¡ÒÃÍÐäÃˉÐËÃÍ? ĉ¹ɮ´ǖ§ġ¹äˑä˴¨ƃ§æ$0\""
	 },
    },

	//Part 2 - A strange commission    <<ID tagged by framework
    {
	 "Action": "EditData",
	 "Target": "data/events/Blacksmith",
	 "Entries": {
	 "2551994/e 2554910/k 2554911/H": "continue/-500 -500/Clint -20 -20 0/end"
	 },
    },


	//Part 3 - A strange commission    <<Map patched next day
	{
	 "Action": "EditData",
	 "Target": "data/events/Farm",
	 "When": { "FarmType": "Standard" },
	 "Entries": {
	 "2554911/n GoldenStatueCommission/H": "continue/95 49/farmer 64 15 2 Clint 64 17 0/pause 1000/speak Clint \"à̎ à˝ÍÍ.. ĉ¹ÅÍ§ä»ŚÒÃÇ¨ɤÃÍºæ ӞÁä́Ë¹Òá¶Çæ ¡ÃÐˇÍÁÁÒá̅ÇˉÐ àËȑÍ¹ĉ¹¨ÐŤ´ɦ¡¹Ð ġ¹Ʊà̊¹·Ò§ä» ԚÊ¶Ò¹чà͈§æ ...$0#$b#¾ӣ§׉ˉÒ¨Ð à¤ƵÂΓà̊¹·Ò§ä˴àƳÂº̃ÍÂ ¢Íºã¨ƽ¡¤Ճ§ ŚÒËģº¤ÇÒÁʺÇÂàËȕÍ @$0\"/pause 500/end dialogue Clint \"ĉ¹äˑà¤ÂԵ§ĴÒ¶ÒÁ àҳÍ§ч¤¹˗Ò˨Ò§ã̋ĉ¹ŇÒÍÐäÃ$0#$e#ƱթÒȾ̃Í¹ÁÒ¡ÁÒÂº¹ɰà¢Ò á¶ÁƱˊÍчàђÂÁÁÒ¡ĭ¹Ǚ§ ÍԒã¡̅¡ÃÐˇÍÁȤ³˴ÇÂ$0\""
	 },
    },

    //Patches grove entrance
	{
     "Action": "EditMap",
     "Target": "Maps/Farm,Maps",
     "FromFile": "Assets/MapPatches/GrandpasFarm_GroveUnlocked.tbin",
	 "When": { "GroveComplete": "true", "FarmType": "Standard" },
     "ToArea": { "X": 0, "Y": 17, "Width": 9, "Height": 6 }
    },



{ //Lewis's Special Order #2 - allows player on Grandpa's Farm to purchase more land   ---> Quest is added to journal automatically
  "Action": "EditData",
  "Target": "Data/SpecialOrders",
  "Update": "OnLocationChange",
  "Entries": {
  "Lewis2": {
    "Name": "[Lewis2_Name]",
    "Requester": "Lewis",
    "Duration": "Month",
    "Repeatable": "False",
    "RequiredTags": "event_8033758, !event_6665293, !event_8033861",
    "OrderType": "",
    "SpecialRule": "",
    "Text": "[Lewis2_Text]",
    "ItemToRemoveOnEnd": null,
    "MailToRemoveOnEnd": null,
    "RandomizedElements": null,
    "Objectives": [
      {
        "Type": "Deliver",
        "Text": "[Lewis2_Objective_1_Text]",
        "RequiredCount": "1",
        "Data": {
          "AcceptedContextTags": "item_property_deed",
          "TargetName": "Lewis"
        }
      },
    ],
    "Rewards": [
      {
        "Type": "Mail",
        "Data": {
          "MailReceived": "DeedOfLand"
        }
      }
    ]
  },
 },
},

{   //Lewis special order strings
    "Action": "EditData",
    "Target": "Strings/SpecialOrderStrings",
	"When": { "HasSeenEvent |contains=6665293": false },
    "Entries": {
       "Lewis2_Name": "Expanding My Farmland",
       "Lewis2_Text": "Å§·ÐàºÕÂ¹ãºâ©¹´·Õè´Ô¹ áÅÐ¨èÒÂ¤èÒ¸ÃÃÁà¹ÕÂÁ 250,000g ä´éâ´ÂµÃ§ã¹ÊÁØ´ºÑ­ªÕÊÕá´§",
       "Lewis2_Objective_1_Text": "Êè§â©¹´·Õè´Ô¹ãËéàÅÇÔÊ",
	}
},

{    //Patches Lewis' manor ledger shop
     "Action": "EditMap",
	 "Target": "Maps/ManorHouse",
	 "FromFile": "Assets/MapPatches/PropertyDeedShop.tbin",
	 "When": { "HasSeenEvent": "8033758", "HasSeenEvent |contains=6665293": false, "HasSeenEvent |contains=8033860": false, "HasMod": "flashshifter.GrandpasFarm", "FarmType": "Standard" },
	 "ToArea": { "X": 1, "Y": 7, "Width": 1, "Height": 1 },
	 "Update": "OnLocationChange"
},

{    //Lewis special order event - part 1
	 "Action": "EditData",
	 "Target": "data/events/farmhouse",
	 "When": { "HasMod": "flashshifter.GrandpasFarm", "FarmType": "Standard", "HasSeenEvent |contains=6665293": false }, //= Summer 17th year 3 minimum, Grandpa's Farm is being played on
	 "Entries": {
	 "8033858/t 800 1700/j 268/w sunny/H": "continue/-500 -500/farmer 95 49 2 Lewis 95 51 0/pause 1000/playSound stoneStep/pause 300/playSound stoneStep/pause 300/playSound stoneStep/pause 300/playSound stoneStep/pause 300/pause 800/message \"Ʊã¤ÃºÒ§¤¹ıÒĥ§à¤ÒÐ»ÃÐɥ\"/changeLocation farm/pause 500/playSound doorOpen/pause 500/positionOffset farmer 0 -20/positionOffset Lewis 10 -25/viewport 95 49 clamp true/pause 1000/speak Lewis \"ÊħÊƤ @ ıÒĥ§ʷÇ¹āº§Ò¹ã¹¿ÒΓÁ àËȑÍ¹àŴÁàÅÂ¹Ð$0#$b#ĉ¹¢ÍàÇÅÒĪ¡»ÃÐà݋ÂÇǙ§Ɗ? ƱºÒ§Í˒Ò§чĉ¹ ˵Í§ȤÂāºà¸ÍËˉÍÂ!$0\"/pause 650/emote farmer 8 true/pause 1500/faceDirection Lewis 1 true/pause 500/speak Lewis \"µÒÁĉ¹ä»чι¹ Ëĥ§ՃÇ¾Ç¡Թ¹$0\"/pause 600/faceDirection farmer 1 true/pause 500/globalFade/viewport -1000 -1000/faceDirection farmer 1 true/faceDirection Lewis 3 true/warp farmer 120 57/warp Lewis 122 57/pause 500/viewport 121 57 clamp true/pause 1400/jump Lewis/pause 1000/speak Lewis \"ĉ¹äˑä˴ƫ¹ՃÇáºº׉ ÁÒԵ§á˅ÊġÂчàʛ¹ ħÂӣ¹á̅Çډ¹¹¹!$1\"/pause 1200/faceDirection Lewis 2 true/pause 1000/faceDirection Lewis 3 true/pause 300/faceDirection Lewis 0 true/pause 1000/faceDirection Lewis 3 true/pause 400/speak Lewis \"à¸ÍàÍ§ʁŇÒ¿ÒΓÁ %farm ׉ÁÒä˴ 2 ƫ¡˗Òá̅Ç¹Ð à¸ÍŤ´ÍÂÒ¡¨Ð¢Ģº¢ÂÒÂخ¹ч ˺Ò§ՁÂ˕Ð?$0#$b#á¶Çà׉ÂƱчŴ¹Ƥæ ÁÒ¡ÁÒÂ ŵ´āºчŴ¹¢Í§à¸Í$0\"/pause 600/emote farmer 40/speak Lewis \"щàʛ¹чŴ¹¢¹Ò´»ÃÐÁÒ³ 1 àÍà¤ÍΓ ƥÃÒ¤Ò»ÃÐàƁ¹ȷ¡Í˒Ò§á̅Ç ˉÒ¨ÐÍԒч 250,000g$0#$b#áÇÐÁÒËÒĉ¹ч˺Ò¹ä˴ ˶Òà¸Íĕ´Ɗ¹ã¨ä˴á̅Ç @$1\"/pause 600/globalFade/viewport -1000 -1000/warp Lewis -50 -50/viewport 121 57 clamp true/pause 1700/faceDirection farmer 2 true/pause 1250/message \"ĉ¹¨Ð¢ÂÒÂ¿ÒΓÁƤՁÂ¹Ð?\"/pause 800/question fork0 \"#¢ÂÒÂ¿ÒΓÁ#äˑ¢ÂÒÂ¿ÒΓÁ\"/fork 8033858_ExpandFarm/pause 750/message \"àÍÒ˕Ð ĉ¹¨Ðäˑ؛ÍчŴ¹àОÁËÃÍ¡ ĉ¹¨Ðä»ºÍ¡àÅƇÊã̋ړÅÐā¹\"/pause 500/end dialogue Lewis \"˝ÒÒ à¸Íäˑ˵Í§¡ÒÃ ¢ÂÒÂ¿ÒΓÁԧ¹ËÃÍ? ¢Íºã¨чÁÒºÍ¡ã̋ĉ¹ړ¹Ð @$0#$e#خ¹чºÒ§˚Ç¹¢Í§ ÊµÒΓŴÇáÇÅѕ ¤§˵Í§ɦ¡»˕ÍÂ֗§ä̇ áººԹ¹˅Íä»...$0\"",

     },
},

{    //Player decided to purchase land
	 "Action": "EditData",
	 "Target": "data/events/farm",
	 "When": { "HasMod": "flashshifter.GrandpasFarm", "FarmType": "Standard", "HasSeenEvent |contains=6665293": false },
	 "Entries": {
	 "8033858_ExpandFarm": "pause 400/addMailReceived PlayerWillExpandFarm/pause 100/message \"àÍÒ˕Ð ĉ¹¨Ð؛ÍчŴ¹àОÁ ĉ¹¨Ðä»ºÍ¡àÅƇÊã̋ړÅÐā¹\"/pause 500/end dialogue Lewis \"ÃÒ¤ÒчŴ¹ã¹ ÊµÒΓŴÇáÇÅѕ Ӟ§·ÐÂÒ¹Ģ§āº¨ÃÇ´ àұÍƫчˌÒ¹ÁÒˉÐ$0\""
	 },
},

{    //Player decided to purchase land    ---->Allows ledger shop and special order to load
	 "Action": "EditData",
	 "Target": "data/events/town",
	 "When": { "HasMod": "flashshifter.GrandpasFarm", "FarmType": "Standard", "HasSeenEvent |contains=6665293": false },
	 "Entries": {
	 "8033758/n PlayerWillExpandFarm": "none/-500 -500/Lewis -20 -20 0/end"
	 },
},

{    //Lewis special order event - part 2      --->8033859 tagged for framework
	 "Action": "EditData",
	 "Target": "data/events/ManorHouse",
	 "When": { "HasSeenEvent |contains=6665293": false },
	 "Entries": {
	 "8033859/e 8033758/H": "50s/-500 -500/farmer 5 11 0 Lewis 8 5 0 Marnie 22 4 1/positionOffset Marnie -6 10/viewport 5 9 clamp true/skippable/move farmer 0 -2 0/pause 1000/faceDirection Lewis 3 true/pause 200/faceDirection Lewis 2 true/pause 300/emote Lewis 16/pause 300/faceDirection Lewis 3 true/pause 100/move Lewis -2 0 2/move Lewis 0 1 3/move Lewis -1 0 2/move Lewis 0 1 2/pause 650/speak Lewis \"â·ÉƧ äˑä˴Ƃ¹àƺÂ§à¸Í ¨Ò¡ч˝Ò§̅Ò§¨Ò¹щàÅÂ ĉ¹˵Í§̅Ò§ȑÍ ã̋ÊÐÍÒ´Ƥ«ÐʱÍ¹$0\"/pause 600/emote farmer 40/pause 150/speak Lewis \"˗Òä§ à¸Íĕ´Ɗ¹ã¨ч¨Ð؛ÍчŴ¹ á̅ÇãʺՁÂ? áËÁ ʲÒÇƤàÅÂ¹Ð$0#$b#˶ÒƱã¤Ãч¨Ðä˴ã˪»ÃÐâÂªΉ ¨Ò¡Ȍ¹Ŵ¹Թ¹ ʁ˵Í§àʛ¹à¸Í˕Ð¹Ð$1\"/pause 650/faceDirection Lewis 3 true/pause 500/speak Lewis \"ã˪ÊɁ´Ě­ƚà˕Áƺá´§ι¹ àҮÍŇÒ¡ÒÃ؛Íâ©¹´чŴ¹ á̅ÇʁŉÒġ¹ÁÒ ã̋ĉ¹àʋ¹΅ģºÃÍ§$0\"/pause 400/faceDirection Lewis 2 true/pause 500/speak Lewis \"ĉ¹¨Ð¤ÍÂà˽Òɤ ˗Òà¸Í¨ÐŇÒÍÐäÃ āºч˗Ò§µÃ§Թ¹ @$0#$b#àÍÒ˕Ð à݋ÂÇĉ¹˵Í§ä»Ĉ´¡ÒÃÍÐäÃĪ¡ËˉÍÂ ʴÍÂÁÒËÒĉ¹ħ¹׉ƽ¡Ƨ ¾̃ÍÁāºâ©¹´чŴ¹ ч¡ÃÍ¡ÃÒÂÅÐàƽÂ´á̅Ç$0\"/pause 500/end dialogueWarpOut Lewis \"ˊÍթÒãËˑ¢Í§à¸Í ÍԒã̋ŇÒàÅчƤƧàƤÂÇ$1#$e#̍Ò ĉ¹˵Í§ä»Ĉ´¡ÒÃàҳÍ§ÍÐäÃˉÐàÃÍÐ? äˑãʺàҳÍ§чà¸Í ˵Í§ÁÒã˚ã¨ËÃÍ¡$0#$e#...$3#$e#%àÅƇÊäˑÊ¹ã¨Ȥ³\""
	 },
},

{    //Lewis special order event - part 3      --->8033860 tagged for farmland map patch in [CP] Grandpa's Farm
	 "Action": "EditData",
	 "Target": "data/events/farm",
	 "When": { "HasSeenEvent |contains=6665293": false },
	 "Entries": {
	 "8033861/n DeedOfLand/t 600 700/H": "continue/-500 -500/farmer 95 49 2 Lewis 95 51 0/skippable/pause 1000/speak Lewis \"ʲÒÇƤ @ áºº¿ÍΓÁ ¡ÒÃ¢Í¢ÂÒÂ¿ÒΓÁ¢Í§à¸Í ä˴ģº¡ÒÃÍȹġŵá̅Ç$0#$b#чŴ¹¨ÐàµƳÂÁ áÅÐ¾̃ÍÁã˪§Ò¹ã¹ħ¹¾ӣ§׉!$1\"/pause 500/end dialogue Lewis \"ƱËÅÒÂÍ˒Ò§чà¸Í¨ÐŇÒä˴ āºчŴ¹ãËˑчѾ§ä˴ģºÁÒ$0#$e#ÍÒ¨¨ÐÅÍ§àוÂ§Ëɱ áÅÐŇÒթÒġ¹·ģ¿àſÅ (truffle oil) Ɗ! àʛ¹¢Í§ƱɱÅʴÒɺ§àÅÂ¹Ð$1\""
	 },
},


  //JOJA VARIANT OF FARM EXPANSION
{ //Morris Special Order #1 - allows player on Grandpa's Farm to purchase more land   ---> Quest is added to journal automatically
  "Action": "EditData",
  "Target": "Data/SpecialOrders",
  "Update": "OnLocationChange",
  "Entries": {
  "Morris": {
    "Name": "[Morris_Name]",
    "Requester": "MorrisTod",
    "Duration": "Month",
    "Repeatable": "False",
    "RequiredTags": "event_8033758, event_6665293, !event_8033861",
    "OrderType": "",
    "SpecialRule": "",
    "Text": "[Morris_Text]",
    "ItemToRemoveOnEnd": null,
    "MailToRemoveOnEnd": null,
    "RandomizedElements": null,
    "Objectives": [
      {
        "Type": "Deliver",
        "Text": "[Morris_Objective_1_Text]",
        "RequiredCount": "1",
        "Data": {
          "AcceptedContextTags": "item_property_deed",
          "TargetName": "MorrisTod"
        }
      },
    ],
    "Rewards": [
      {
        "Type": "Mail",
        "Data": {
          "MailReceived": "DeedOfLand"
        }
      }
    ]
  },
 },
},

{   //Morris special order strings
    "Action": "EditData",
    "Target": "Strings/SpecialOrderStrings",
	"When": { "HasSeenEvent": "6665293" },
    "Entries": {
       "Morris_Name": "Expanding My Farmland",
       "Morris_Text": "Å§·ÐàºÕÂ¹ãºâ©¹´·Õè´Ô¹ áÅÐ¨èÒÂ¤èÒ¸ÃÃÁà¹ÕÂÁ 250,000g ä´éâ´ÂµÃ§ ·ÕèªÑé¹Ë¹Ñ§Ê×Íã¹ÍÍ¿¿ÔÈ¢Í§©Ñ¹",
       "Morris_Objective_1_Text": "Êè§â©¹´·Õè´Ô¹ãËéÁÍÃìÃÔÊ",
	}
},

{    //Patches Morris joja ledger shop
     "Action": "EditMap",
	 "Target": "Maps/JojaMart",
	 "FromFile": "Assets/MapPatches/PropertyDeedShop_Joja.tbin",
	 "When": { "HasSeenEvent": "8033758", "HasSeenEvent": "6665293", "HasSeenEvent |contains=8033860": false, "HasMod": "flashshifter.GrandpasFarm", "FarmType": "Standard" },
	 "ToArea": { "X": 25, "Y": 25, "Width": 1, "Height": 1 },
	 "Update": "OnLocationChange"
},

{    //Morris special order event - part 1
	 "Action": "EditData",
	 "Target": "data/events/farmhouse",
	 "When": { "HasMod": "flashshifter.GrandpasFarm", "FarmType": "Standard", "HasSeenEvent": "6665293" }, //= Summer 17th year 3 minimum, Grandpa's Farm is being played on
	 "Entries": {
	 "8033858/t 800 1700/j 268/w sunny/H": "continue/-500 -500/farmer 95 49 2 MorrisTod 95 51 0/pause 1000/playSound stoneStep/pause 300/playSound stoneStep/pause 300/playSound stoneStep/pause 300/playSound stoneStep/pause 300/pause 800/message \"Ʊã¤ÃºÒ§¤¹ıÒĥ§à¤ÒÐ»ÃÐɥ\"/changeLocation farm/pause 500/playSound doorOpen/pause 500/positionOffset farmer 0 -20/positionOffset MorrisTod 10 -25/viewport 95 49 clamp true/pause 1000/speak MorrisTod \"ÊħÊƤ @ ıÒĥ§ʷÇ¹āº§Ò¹ã¹¿ÒΓÁ àËȑÍ¹àŴÁàÅÂ¹Ð$0#$b#¼Á¢ÍàÇÅÒĪ¡»ÃÐà݋ÂÇǙ§Ɗ? ƱºÒ§Í˒Ò§ч¼Á ˵Í§ȤÂāºȤ³ËˉÍÂ!$1\"/pause 650/emote farmer 8 true/pause 1500/faceDirection MorrisTod 1 true/pause 500/speak MorrisTod \"µÒÁ¼Áä»чι¹ Ëĥ§ՃÇ¾Ç¡Թ¹$0\"/pause 600/faceDirection farmer 1 true/pause 500/globalFade/viewport -1000 -1000/faceDirection farmer 1 true/faceDirection MorrisTod 3 true/warp farmer 120 57/warp MorrisTod 122 57/pause 500/viewport 121 57 clamp true/pause 1400/jump MorrisTod/pause 1000/speak MorrisTod \"țÁÁ...$0\"/pause 1200/faceDirection MorrisTod 2 true/pause 1000/faceDirection MorrisTod 3 true/pause 300/faceDirection MorrisTod 0 true/pause 1000/faceDirection MorrisTod 3 true/pause 400/speak MorrisTod \"Ȥ³àÍ§ʁŇÒ¿ÒΓÁ %farm ׉ÁÒä˴ 2 ƫ¡˗Òá̅Ç¹Ð Ȥ³Ť´ÍÂÒ¡¨Ð¢Ģº¢ÂÒÂخ¹ч ˺Ò§ՁÂ˕Ð?$0#$b#á¶Ç׉ƱчŴ¹Ƥæ ÁÒ¡ÁÒÂ ŵ´āºчŴ¹¢Í§Ȥ³$4\"/pause 600/emote farmer 40/speak MorrisTod \"щàʛ¹чŴ¹¢¹Ò´»ÃÐÁÒ³ 1 àÍà¤ÍΓ ƥÃÒ¤Ò»ÃÐàƁ¹ȷ¡Í˒Ò§á̅Ç ˉÒ¨ÐÍԒч 250,000g$0#$b#áÇÐÁÒËÒ¼Áч̃Ò¹â¨˨Òä˴ ˶ÒȤ³ĕ´Ɗ¹ã¨ä˴á̅Ç @$4\"/pause 600/globalFade/viewport -1000 -1000/warp MorrisTod -50 -50/viewport 121 57 clamp true/pause 1700/faceDirection farmer 2 true/pause 1250/message \"ĉ¹¨Ð¢ÂÒÂ¿ÒΓÁƤՁÂ¹Ð?\"/pause 800/question fork0 \"#¢ÂÒÂ¿ÒΓÁ#äˑ¢ÂÒÂ¿ÒΓÁ\"/fork 8033858_ExpandFarm/pause 750/message \"àÍÒ˕Ð ĉ¹¨Ðäˑ؛ÍчŴ¹àОÁËÃÍ¡ ĉ¹¨Ðä»ºÍ¡ÁÍΓƃÊã̋ړÅÐā¹\"/pause 500/end dialogue MorrisTod \"˝ÒÒ Ȥ³äˑ˵Í§¡ÒÃ ¢ÂÒÂ¿ÒΓÁԧ¹ËÃÍ? ¢ÍºȤ³чÁÒºÍ¡ã̋¼Áړ¹Ð @$0#$e#خ¹чºÒ§˚Ç¹¢Í§ ÊµÒΓŴÇáÇÅѕ ¤§˵Í§ɦ¡»˕ÍÂ֗§ä̇ áººԹ¹˅Íä»...$0\"",

     },
},

{    //Player decided to purchase land
	 "Action": "EditData",
	 "Target": "data/events/farm",
	 "When": { "HasMod": "flashshifter.GrandpasFarm", "FarmType": "Standard", "HasSeenEvent": "6665293" },
	 "Entries": {
	 "8033858_ExpandFarm": "pause 400/addMailReceived PlayerWillExpandFarm/pause 100/message \"àÍÒ˕Ð ĉ¹¨Ð؛ÍчŴ¹àОÁ ĉ¹¨Ðä»ºÍ¡ÁÍΓƃÊã̋ړÅÐā¹\"/pause 500/end dialogue MorrisTod \"ÃÒ¤ÒчŴ¹ã¹ ÊµÒΓŴÇáÇÅѕ Ӟ§·ÐÂÒ¹Ģ§āº¨ÃÇ´ àұÍƫчˌÒ¹ÁÒ!$5#$e#àҚÍՁÂ˕Ð Ȥ³ä˴ģºˢÍàÊ¹Í àҳÍ§чŴ¹ι¹äˑàÅÇàÅÂ¹Ð$0\""
	 },
},

{    //Player decided to purchase land    ---->Allows ledger shop and special order to load
	 "Action": "EditData",
	 "Target": "data/events/town",
	 "When": { "HasMod": "flashshifter.GrandpasFarm", "FarmType": "Standard", "HasSeenEvent": "6665293" },
	 "Entries": {
	 "8033758/n PlayerWillExpandFarm": "none/-500 -500/MorrisTod -20 -20 0/end"
	 },
},

{    //Morris special order event - part 2      --->9033859 tagged for framework
	 "Action": "EditData",
	 "Target": "data/events/JojaMart",
	 "When": { "HasSeenEvent": "6665293" },
	 "Entries": {
	 "9033859/e 8033758/H": "jaunty/-500 -500/farmer 18 20 1 MorrisTod 24 26 3 Martin 9 25 1 Sam 26 7 2 Shane_JojaMart 13 15 3 Andy 25 16 3 Pam 2 17 1 Jodi 9 8 0/animate Martin false true 1000 20 20 20 20 20 21 20 20 20 20 20 20 20 20 20 21 21/animate Sam false true 100 40 40 41 41 42 42 41 41/viewport 22 26 true/skippable/move farmer 3 0 2/move farmer 0 3 2/pause 800/playSound stoneStep/pause 300/playSound stoneStep/pause 300/playSound stoneStep/pause 600/speak MorrisTod \"˝Ò ¤ģº? àŪ­àˢÒÁÒä˴!$1\"/pause 1000/doAction 21 24/pause 1000/move farmer 0 3 1/move farmer 1 0 1/pause 800/emote farmer 40/pause 500/speak MorrisTod \"˗Òä§ Ȥ³ĕ´Ɗ¹ã¨ч¨Ð؛ÍчŴ¹ á̅ÇãʺՁÂ? ÂÍ´àђÂÁчä˴Ƃ¹àʺ¹׉$0#$b#˶ÒƱã¤Ãч¨Ðä˴ã˪»ÃÐâÂªΉ ¨Ò¡Ȍ¹Ŵ¹Թ¹ ʁ˵Í§àʛ¹Ȥ³˕Ð¹Ð$1\"/pause 650/faceDirection MorrisTod 2 true/pause 300/faceDirection MorrisTod 1 true/pause 500/speak MorrisTod \"ƱÊɁ´Ě­ƚÍԒчԪ¹Ëę§ȚÍ ã˪ġ¹ã¹¡ÒÃ؛Íâ©¹´чŴ¹ á̅ÇʁŉÒġ¹ÁÒ ã̋¼Áàʋ¹΅ģºÃÍ§$0\"/pause 400/faceDirection MorrisTod 2 true/pause 300/faceDirection MorrisTod 3 true/pause 500/speak MorrisTod \"¼Á¨Ð¤ÍÂà˽Òɤ ˗ÒȤ³¨ÐŇÒÍÐäÃ āºч˗Ò§µÃ§Թ¹ @$0#$b#àÍÒ˕Ð à݋ÂÇ¼Á˵Í§ä»Ĉ´¡ÒÃÍÐäÃĪ¡ËˉÍÂ ʴÍÂÁÒËÒ¼Áħ¹׉ƽ¡Ƨ ¾̃ÍÁāºâ©¹´чŴ¹ ч¡ÃÍ¡ÃÒÂÅÐàƽÂ´á̅Ç$0\"/pause 500/end dialogueWarpOut MorrisTod \"¡ÒÃĞ²¹ÒчŴ¹ ˉÒÊ¹ã¨ƤãʺՁÂÅÐ?$1\""
	 },
},

{    //Morris special order event - part 3      --->8033860 tagged for farmland map patch
	 "Action": "EditData",
	 "Target": "data/events/farm",
	 "When": { "HasSeenEvent": "6665293" },
	 "Entries": {
	 "8033861/n DeedOfLand/t 600 700/H": "continue/-500 -500/farmer 95 49 2 MorrisTod 95 51 0/skippable/pause 1000/speak MorrisTod \"ʲÒÇƤ @ áºº¿ÍΓÁ ¡ÒÃ¢Í¢ÂÒÂ¿ÒΓÁ¢Í§Ȥ³ ä˴ģº¡ÒÃÍȹġŵá̅Ç$0#$b#чŴ¹¨ÐàµƳÂÁ áÅÐ¾̃ÍÁã˪§Ò¹ã¹ħ¹¾ӣ§׉!$1\"/pause 500/end"
	 },
},


//Patches extra land
{
     "Action": "EditMap",
     "Target": "Maps/Farm,Maps",
     "FromFile": "Assets/MapPatches/GrandpasFarm_ExtraLand.tbin",
	 "When": { "ExtraLand": "true", "GrassCropField": "false", "FarmType": "Standard" },
     "ToArea": { "X": 110, "Y": 33, "Width": 26, "Height": 42 }
},
{
     "Action": "EditMap",
     "Target": "Maps/Farm,Maps",
     "FromFile": "Assets/MapPatches/GrandpasFarm_ExtraLand_GrassField.tbin",
	 "When": { "ExtraLand": "true", "GrassCropField": "true", "FarmType": "Standard" },
     "ToArea": { "X": 110, "Y": 33, "Width": 26, "Height": 42 }
},



      //Adds rejection dialogue to all NPCs, preventing players from accidentally losing their property deed (250,000g)

{    "Action": "EditData", "Target": "Characters/Dialogue/Alex", "Entries": { "reject_{{spacechase0.JsonAssets/ObjectId:Property Deed}}": "%щàʛ¹¢Í§ч˵Í§ŉÒä»ã̋¤¹ҽ¹..." }},
{    "Action": "EditData", "Target": "Characters/Dialogue/Elliott", "Entries": { "reject_{{spacechase0.JsonAssets/ObjectId:Property Deed}}": "%щàʛ¹¢Í§ч˵Í§ŉÒä»ã̋¤¹ҽ¹..." }},
{    "Action": "EditData", "Target": "Characters/Dialogue/Harvey", "Entries": { "reject_{{spacechase0.JsonAssets/ObjectId:Property Deed}}": "%щàʛ¹¢Í§ч˵Í§ŉÒä»ã̋¤¹ҽ¹..." }},
{    "Action": "EditData", "Target": "Characters/Dialogue/Sam", "Entries": { "reject_{{spacechase0.JsonAssets/ObjectId:Property Deed}}": "%щàʛ¹¢Í§ч˵Í§ŉÒä»ã̋¤¹ҽ¹..." }},
{    "Action": "EditData", "Target": "Characters/Dialogue/Sebastian", "Entries": { "reject_{{spacechase0.JsonAssets/ObjectId:Property Deed}}": "%щàʛ¹¢Í§ч˵Í§ŉÒä»ã̋¤¹ҽ¹..." }},
{    "Action": "EditData", "Target": "Characters/Dialogue/Shane", "Entries": { "reject_{{spacechase0.JsonAssets/ObjectId:Property Deed}}": "%щàʛ¹¢Í§ч˵Í§ŉÒä»ã̋¤¹ҽ¹..." }},
{    "Action": "EditData", "Target": "Characters/Dialogue/Abigail", "Entries": { "reject_{{spacechase0.JsonAssets/ObjectId:Property Deed}}": "%щàʛ¹¢Í§ч˵Í§ŉÒä»ã̋¤¹ҽ¹..." }},
{    "Action": "EditData", "Target": "Characters/Dialogue/Emily", "Entries": { "reject_{{spacechase0.JsonAssets/ObjectId:Property Deed}}": "%щàʛ¹¢Í§ч˵Í§ŉÒä»ã̋¤¹ҽ¹..." }},
{    "Action": "EditData", "Target": "Characters/Dialogue/Haley", "Entries": { "reject_{{spacechase0.JsonAssets/ObjectId:Property Deed}}": "%щàʛ¹¢Í§ч˵Í§ŉÒä»ã̋¤¹ҽ¹..." }},
{    "Action": "EditData", "Target": "Characters/Dialogue/Leah", "Entries": { "reject_{{spacechase0.JsonAssets/ObjectId:Property Deed}}": "%щàʛ¹¢Í§ч˵Í§ŉÒä»ã̋¤¹ҽ¹..." }},
{    "Action": "EditData", "Target": "Characters/Dialogue/Maru", "Entries": { "reject_{{spacechase0.JsonAssets/ObjectId:Property Deed}}": "%щàʛ¹¢Í§ч˵Í§ŉÒä»ã̋¤¹ҽ¹..." }},
{    "Action": "EditData", "Target": "Characters/Dialogue/Penny", "Entries": { "reject_{{spacechase0.JsonAssets/ObjectId:Property Deed}}": "%щàʛ¹¢Í§ч˵Í§ŉÒä»ã̋¤¹ҽ¹..." }},
{    "Action": "EditData", "Target": "Characters/Dialogue/Caroline", "Entries": { "reject_{{spacechase0.JsonAssets/ObjectId:Property Deed}}": "%щàʛ¹¢Í§ч˵Í§ŉÒä»ã̋¤¹ҽ¹..." }},
{    "Action": "EditData", "Target": "Characters/Dialogue/Clint", "Entries": { "reject_{{spacechase0.JsonAssets/ObjectId:Property Deed}}": "%щàʛ¹¢Í§ч˵Í§ŉÒä»ã̋¤¹ҽ¹..." }},
{    "Action": "EditData", "Target": "Characters/Dialogue/Demetrius", "Entries": { "reject_{{spacechase0.JsonAssets/ObjectId:Property Deed}}": "%щàʛ¹¢Í§ч˵Í§ŉÒä»ã̋¤¹ҽ¹..." }},
{    "Action": "EditData", "Target": "Characters/Dialogue/Dwarf", "Entries": { "reject_{{spacechase0.JsonAssets/ObjectId:Property Deed}}": "%щàʛ¹¢Í§ч˵Í§ŉÒä»ã̋¤¹ҽ¹..." }},
{    "Action": "EditData", "Target": "Characters/Dialogue/Evelyn", "Entries": { "reject_{{spacechase0.JsonAssets/ObjectId:Property Deed}}": "%щàʛ¹¢Í§ч˵Í§ŉÒä»ã̋¤¹ҽ¹..." }},
{    "Action": "EditData", "Target": "Characters/Dialogue/George", "Entries": { "reject_{{spacechase0.JsonAssets/ObjectId:Property Deed}}": "%щàʛ¹¢Í§ч˵Í§ŉÒä»ã̋¤¹ҽ¹..." }},
{    "Action": "EditData", "Target": "Characters/Dialogue/Gus", "Entries": { "reject_{{spacechase0.JsonAssets/ObjectId:Property Deed}}": "%щàʛ¹¢Í§ч˵Í§ŉÒä»ã̋¤¹ҽ¹..." }},
{    "Action": "EditData", "Target": "Characters/Dialogue/Jas", "Entries": { "reject_{{spacechase0.JsonAssets/ObjectId:Property Deed}}": "%щàʛ¹¢Í§ч˵Í§ŉÒä»ã̋¤¹ҽ¹..." }},
{    "Action": "EditData", "Target": "Characters/Dialogue/Jodi", "Entries": { "reject_{{spacechase0.JsonAssets/ObjectId:Property Deed}}": "%щàʛ¹¢Í§ч˵Í§ŉÒä»ã̋¤¹ҽ¹..." }},
{    "Action": "EditData", "Target": "Characters/Dialogue/Kent", "Entries": { "reject_{{spacechase0.JsonAssets/ObjectId:Property Deed}}": "%щàʛ¹¢Í§ч˵Í§ŉÒä»ã̋¤¹ҽ¹..." }},
{    "Action": "EditData", "Target": "Characters/Dialogue/Krobus", "Entries": { "reject_{{spacechase0.JsonAssets/ObjectId:Property Deed}}": "%щàʛ¹¢Í§ч˵Í§ŉÒä»ã̋¤¹ҽ¹..." }},
{    "Action": "EditData", "Target": "Characters/Dialogue/Leo", "Entries": { "reject_{{spacechase0.JsonAssets/ObjectId:Property Deed}}": "%щàʛ¹¢Í§ч˵Í§ŉÒä»ã̋¤¹ҽ¹..." }},
{    "Action": "EditData", "Target": "Characters/Dialogue/Linus", "Entries": { "reject_{{spacechase0.JsonAssets/ObjectId:Property Deed}}": "%щàʛ¹¢Í§ч˵Í§ŉÒä»ã̋¤¹ҽ¹..." }},
{    "Action": "EditData", "Target": "Characters/Dialogue/Marnie", "Entries": { "reject_{{spacechase0.JsonAssets/ObjectId:Property Deed}}": "%щàʛ¹¢Í§ч˵Í§ŉÒä»ã̋¤¹ҽ¹..." }},
{    "Action": "EditData", "Target": "Characters/Dialogue/Pam", "Entries": { "reject_{{spacechase0.JsonAssets/ObjectId:Property Deed}}": "%щàʛ¹¢Í§ч˵Í§ŉÒä»ã̋¤¹ҽ¹..." }},
{    "Action": "EditData", "Target": "Characters/Dialogue/Pierre", "Entries": { "reject_{{spacechase0.JsonAssets/ObjectId:Property Deed}}": "%щàʛ¹¢Í§ч˵Í§ŉÒä»ã̋¤¹ҽ¹..." }},
{    "Action": "EditData", "Target": "Characters/Dialogue/Robin", "Entries": { "reject_{{spacechase0.JsonAssets/ObjectId:Property Deed}}": "%щàʛ¹¢Í§ч˵Í§ŉÒä»ã̋¤¹ҽ¹..." }},
{    "Action": "EditData", "Target": "Characters/Dialogue/Sandy", "Entries": { "reject_{{spacechase0.JsonAssets/ObjectId:Property Deed}}": "%щàʛ¹¢Í§ч˵Í§ŉÒä»ã̋¤¹ҽ¹..." }},
{    "Action": "EditData", "Target": "Characters/Dialogue/Vincent", "Entries": { "reject_{{spacechase0.JsonAssets/ObjectId:Property Deed}}": "%щàʛ¹¢Í§ч˵Í§ŉÒä»ã̋¤¹ҽ¹..." }},
{    "Action": "EditData", "Target": "Characters/Dialogue/Willy", "Entries": { "reject_{{spacechase0.JsonAssets/ObjectId:Property Deed}}": "%щàʛ¹¢Í§ч˵Í§ŉÒä»ã̋¤¹ҽ¹..." }},
{    "Action": "EditData", "Target": "Characters/Dialogue/Wizard", "Entries": { "reject_{{spacechase0.JsonAssets/ObjectId:Property Deed}}": "%щàʛ¹¢Í§ч˵Í§ŉÒä»ã̋¤¹ҽ¹..." }},
{    "Action": "EditData", "Target": "Characters/Dialogue/Sophia", "Entries": { "reject_{{spacechase0.JsonAssets/ObjectId:Property Deed}}": "%щàʛ¹¢Í§ч˵Í§ŉÒä»ã̋¤¹ҽ¹..." }},
{    "Action": "EditData", "Target": "Characters/Dialogue/Olivia", "Entries": { "reject_{{spacechase0.JsonAssets/ObjectId:Property Deed}}": "%щàʛ¹¢Í§ч˵Í§ŉÒä»ã̋¤¹ҽ¹..." }},
{    "Action": "EditData", "Target": "Characters/Dialogue/Victor", "Entries": { "reject_{{spacechase0.JsonAssets/ObjectId:Property Deed}}": "%щàʛ¹¢Í§ч˵Í§ŉÒä»ã̋¤¹ҽ¹..." }},
{    "Action": "EditData", "Target": "Characters/Dialogue/Andy", "Entries": { "reject_{{spacechase0.JsonAssets/ObjectId:Property Deed}}": "%щàʛ¹¢Í§ч˵Í§ŉÒä»ã̋¤¹ҽ¹..." }},
{    "Action": "EditData", "Target": "Characters/Dialogue/Susan", "Entries": { "reject_{{spacechase0.JsonAssets/ObjectId:Property Deed}}": "%щàʛ¹¢Í§ч˵Í§ŉÒä»ã̋¤¹ҽ¹..." }},
{    "Action": "EditData", "Target": "Characters/Dialogue/Morgan", "Entries": { "reject_{{spacechase0.JsonAssets/ObjectId:Property Deed}}": "%щàʛ¹¢Í§ч˵Í§ŉÒä»ã̋¤¹ҽ¹..." }},
{    "Action": "EditData", "Target": "Characters/Dialogue/Apples", "Entries": { "reject_{{spacechase0.JsonAssets/ObjectId:Property Deed}}": "%щàʛ¹¢Í§ч˵Í§ŉÒä»ã̋¤¹ҽ¹..." }},
{    "Action": "EditData", "Target": "Characters/Dialogue/MarlonFay", "Entries": { "reject_{{spacechase0.JsonAssets/ObjectId:Property Deed}}": "%щàʛ¹¢Í§ч˵Í§ŉÒä»ã̋¤¹ҽ¹..." }},
{    "Action": "EditData", "Target": "Characters/Dialogue/GuntherSilvian", "Entries": { "reject_{{spacechase0.JsonAssets/ObjectId:Property Deed}}": "%щàʛ¹¢Í§ч˵Í§ŉÒä»ã̋¤¹ҽ¹..." }},
{    "Action": "EditData", "Target": "Characters/Dialogue/Claire", "Entries": { "reject_{{spacechase0.JsonAssets/ObjectId:Property Deed}}": "%щàʛ¹¢Í§ч˵Í§ŉÒä»ã̋¤¹ҽ¹..." }},
{    "Action": "EditData", "Target": "Characters/Dialogue/Martin", "Entries": { "reject_{{spacechase0.JsonAssets/ObjectId:Property Deed}}": "%щàʛ¹¢Í§ч˵Í§ŉÒä»ã̋¤¹ҽ¹..." }},
{    "Action": "EditData", "Target": "Characters/Dialogue/Lewis", "When": { "HasSeenEvent": "6665293" }, "Entries": { "reject_{{spacechase0.JsonAssets/ObjectId:Property Deed}}": "%щàʛ¹¢Í§ч˵Í§ŉÒä»ã̋¤¹ҽ¹..." }},
{    "Action": "EditData", "Target": "Characters/Dialogue/MorrisTod", "When": { "HasSeenEvent |contains=6665293": false }, "Entries": { "reject_{{spacechase0.JsonAssets/ObjectId:Property Deed}}": "%щàʛ¹¢Í§ч˵Í§ŉÒä»ã̋ã¤Ã¤¹ҽ¹..." }},



	//Fall leaves
	{
     "Action": "EditMap",
	 "Target": "Maps/Farm",
	 "FromFile": "Assets/MapPatches/GrandpasFarm_Leaves.tbin",
	 "When": { "Season": "Fall" },
	 "ToArea": { "X": 0, "Y": 0, "Width": 140, "Height": 97 }
    },

	//Makes gem appearances dynamic to players mining level
    {
     "Action": "EditImage",
	 "Target": "Maps/z_FarmCliff_Copper",
	 "FromFile": "Assets/Tilesheets/z_FarmCliff_Blank.png",
	 "When": { "SkillLevel:Mining": "0, 1, 2" }
    },
	{
     "Action": "EditImage",
	 "Target": "Maps/z_FarmCliff_Iron",
	 "FromFile": "Assets/Tilesheets/z_FarmCliff_Blank.png",
	 "When": { "SkillLevel:Mining": "0, 1, 2, 3, 4, 5" }
    },
	{
     "Action": "EditImage",
	 "Target": "Maps/z_FarmCliff_Gold",
	 "FromFile": "Assets/Tilesheets/z_FarmCliff_Blank.png",
	 "When": { "SkillLevel:Mining": "0, 1, 2, 3, 4, 5, 6, 7" }
    },
	{
     "Action": "EditImage",
	 "Target": "Maps/z_FarmCliff_Gems",
	 "FromFile": "Assets/Tilesheets/z_FarmCliff_Blank.png",
	 "When": { "SkillLevel:Mining": "0, 1, 2, 3, 4, 5, 6, 7, 9" }
    },


	//Patches world map
	{
      "Action": "EditImage",
      "Target": "LooseSprites/map",
      "FromFile": "Assets/Maps/WorldMaps/{{Season}}_GrandpasFarm_Map.png",
      "PatchMode": "Overlay",
      "ToArea": { "X": 58, "Y": 51, "Width": 91, "Height": 59 },
      "When": { "FarmType": "Standard" }
    },
	//Grass Crop Field Configuration
	{
      "Action": "EditImage",
      "Target": "LooseSprites/map",
      "FromFile": "Assets/Maps/WorldMaps/Configurations/{{Season}}_GrassCropField.png",
      "PatchMode": "Overlay",
      "ToArea": { "X": 110, "Y": 85, "Width": 28, "Height": 11 },
      "When": { "FarmType": "Standard", "GrassCropField": "true", "SandboxLayout": "false" }
    },
	//Remove Fences Configuration
	{
      "Action": "EditImage",
      "Target": "LooseSprites/map",
      "FromFile": "Assets/Maps/WorldMaps/Configurations/{{Season}}_RemoveFences.png",
      "PatchMode": "Overlay",
      "ToArea": { "X": 89, "Y": 71, "Width": 17, "Height": 24 },
      "When": { "FarmType": "Standard", "RemoveFences": "true", "SandboxLayout": "false" }
    },
	//Sandbox Layout Configuration
	{
      "Action": "EditImage",
      "Target": "LooseSprites/map",
      "FromFile": "Assets/Maps/WorldMaps/Configurations/{{Season}}_SandboxLayout.png",
      "PatchMode": "Overlay",
      "ToArea": { "X": 89, "Y": 67, "Width": 35, "Height": 30 },
      "When": { "FarmType": "Standard", "SandboxLayout": "true" }
    },

    //Voids dirt under petbowl
    {
      "Action": "EditImage",
      "Target": "Maps/{{season}}_outdoorsTileSheet",
      "FromFile": "assets/Tilesheets/z_petbowl.png",
      "ToArea": { "X": 208, "Y": 1232,"Width": 32, "Height": 16 },
      "When": { "FarmType": "Standard" },
	  "Update": "OnLocationChange"
    },

	{ //Sophia spouse area
      "Action": "EditMap",
      "Target": "Maps/Farm,Maps",
      "FromFile": "assets/MapPatches/GrandpasFarm_Sophia_SpouseArea.tbin",
	  "When": { "FarmType": "Standard", "Spouse": "Sophia" },
      "ToArea": { "X": 78, "Y": 38, "Width": 4, "Height": 2 },
    },

	{ //Victor spouse area
      "Action": "EditMap",
      "Target": "Maps/Farm,Maps",
      "FromFile": "assets/MapPatches/GrandpasFarm_Victor_SpouseArea.tbin",
	  "When": { "FarmType": "Standard", "Spouse": "Victor" },
      "ToArea": { "X": 78, "Y": 38, "Width": 4, "Height": 2 },
    },

	{ //Olivia spouse area
      "Action": "EditMap",
      "Target": "Maps/Farm,Maps",
      "FromFile": "assets/MapPatches/GrandpasFarm_Olivia_SpouseArea.tbin",
	  "When": { "FarmType": "Standard", "Spouse": "Olivia", "Weather |contains=Winter": false },
      "ToArea": { "X": 78, "Y": 38, "Width": 4, "Height": 2 },
    },

	{ //Claire spouse area
      "Action": "EditMap",
      "Target": "Maps/Farm,Maps",
      "FromFile": "assets/MapPatches/GrandpasFarm_Claire_SpouseArea.tbin",
	  "When": { "FarmType": "Standard", "Spouse": "Claire" },
      "ToArea": { "X": 78, "Y": 38, "Width": 4, "Height": 2 },
    },

	{ //Wizard spouse area
      "Action": "EditMap",
      "Target": "Maps/Farm,Maps",
      "FromFile": "assets/MapPatches/GrandpasFarm_Wizard_SpouseArea.tbin",
	  "When": { "FarmType": "Standard", "Spouse": "Wizard" },
      "ToArea": { "X": 78, "Y": 39, "Width": 4, "Height": 2 },
    },

    //Changes standard farm icon to grandpa
    {
      "Action": "EditImage",
      "Target": "Loosesprites/Cursors",
      "FromFile": "assets/Tilesheets/Icon.png",
      "ToArea": { "X": 2, "Y": 324,"Width": 18, "Height": 20 },
    },

	//Changes standard farm string
	{
	  "Action": "EditData",
	  "Target": "Strings/UI",
	  "Entries": {
	  "Character_FarmStandard": "Grandpa's Farm_(¿ÒÃìÁ¤Ø³»Ùè) ¾×é¹·Õèà¾ÒÐ»ÅÙ¡¢¹Ò´¾Í»ÃÐÁÒ³ ÁÕµé¹Ë­éÒ·Õèà¡çºà¡ÕèÂÇä´é Ê¶Ò¹·ÕèÊÓ¤Ñ­·Õèáµ¡µèÒ§¨Ò¡à´ÔÁ àÊé¹·Ò§ÅÑ´ÊÙè¾×é¹·ÕèÃÍº¢éÒ§ áÅÐ¤ÇÒÁÅÑº·ÕèÃÍ¤ÍÂãËé¤é¹ËÒ",
	  }
	},

	//Opening event pathing and viewport fix
    {
      "Action": "EditData",
      "Target": "data/events/busstop",
	  "When": { "FarmType": "Standard" },
      "Entries": {
      "60367/u 0": "none/-1000 -1000/farmer 12 10 2 Robin 12 13 0 Lewis -100 -100 2/skippable/pause 500/playSound busDoorOpen/pause 5000/viewport 13 14 clamp true/move farmer 0 2 2/playMusic SettlingIn/speak Robin \"ÊħÊƤ! à¸Íãʺ @ ËȓÍà»˕Ò̘Ð?#$b#ĉ¹ҚÍâÃź¹¹Ð àʛ¹ʺÒ§ä́»ÃÐĸÒËԑ˺Ò¹׉ ¹ÒÂ¡à·ÈÁ¹µƳàÅƇÊ˚§ĉ¹ÁÒ ã̋¾Òà¸Íä»˚§ч˺Ò¹ µÍ¹׉à¢Ò¤§ÃÍÍԒчι¹á̅Ç ËƂº¢Í§á̅Çä»ā¹à¶ÍÐ#$b#¿ÒΓÁÍԒ·Ò§¢ÇÒщàÍ§ àŴ¹µÒÁĉ¹ÁÒá̅Çā¹¹Ð\"/viewport move 0 2 800/move Robin 0 5 2 true/pause 800/move farmer 0 4 2 true/fade/speed farmer 2/viewport -200 -200/changeLocation Farm/halt/warp Robin 109 51/faceDirection Robin 3/warp farmer 110 51/faceDirection farmer 3/viewport 105 51 clamp/viewport move -1 0 4000/move Robin -8 0 3 farmer -8 0 3/pause 700/faceDirection Robin 2/speak Robin \"áÅÐщǴÍ %farm\"/pause 500/faceDirection farmer 2/showFrame 94/jump farmer/startJittering/pause 1000/emote farmer 28/showFrame 0/stopJittering/pause 800/faceDirection Robin 1/pause 200/speak Robin \"âˉ¹ˉÐàËÃÍ?#$b#ãʺá̅Ç˕Ð ġ¹ÍÍ¡¨ÐɤÃ¡æ ä»ËˉÍÂ á˅ġ¹ʁˊ§ºÍ¡ä˴àÅÂ¹Ð ˗ÒŴ¹á¶Ç׉Ƥ!#$b#˴ÇÂÊÍ§ȑÍ¢Í§à¸Í ƽ¡äˑ¹Ò¹ чщ¨ÐɤƤע¹áˉ¹Í¹\"/pause 500/faceDirection farmer 3/pause 200/viewport move -1 0 5000/move Robin -7 0 0 farmer -7 0 0/pause 400/faceDirection Robin 0/speak Robin \"...áÅÐчàÃÒȒ¹ÍԒµÍ¹׉ʁǴÍ ˺Ò¹Ëĥ§ãËˑ¢Í§à¸Í$h\"/pause 300/faceDirection farmer 0/pause 500/playSound doorClose/warp Lewis 95 49/pause 1500/speak Lewis \"ͭÒÒ à˨Ò¢Í§¿ÒΓÁ¤¹ãËˑ ¢Í§Ëԑ˺Ò¹щàÍ§!$h\"/move Lewis 0 1 2/move Lewis 1 0 2/move Lewis 0 1 3/faceDirection farmer 1/faceDirection Robin 1/pause 600/speak Lewis \"Ƃ¹Ƥ˵Í¹ģº! ĉ¹ҚÍàÅƇÊ àʛ¹¹ÒÂ¡à·ÈÁ¹µƳ¢Í§ àȑÍ§à¾ƅá¡¹á˛§׉#$b#ړՁÂ˗Òȷ¡¤¹˅Ò§ʁɮ´ǖ§ á˅àҳÍ§¢Í§à¸Íā¹#$b#чщäˑʴÍÂ¨ÐƱ ¤¹̂ÒÂàˢÒÁÒˊÍÂæ ę¡ËÃÍ¡ ġ¹àÅÂàʛ¹àҳÍ§ чˉÒҥ¹à˵¹ƧàƤÂÇàÅÂ˕Ð!\"/pause 1000/faceDirection Lewis 3/pause 100/faceDirection Lewis 0/pause 500/speak Lewis \"àÍÒ˕Ð... µÍ¹׉à¸ÍÅÍ§àˢÒä»ã¹ '¡ÃÐˇÍÁàʱÒ' ¢Í§ԋà¸Íä˴á̅Ç#$b#ġ¹àʛ¹˺Ò¹чƤƧàƤÂÇàÅÂ... ǖ§ġ¹¨Ðɤ '˺Ò¹¹Í¡' ä»ËˉÍÂʁà¶ÍÐ\"/pause 300/faceDirection Robin 0 true/faceDirection farmer 0/viewport move 0 -1 2000/pause 3000/speak Robin \"'˺Ò¹¹Í¡'? ʁˉÒ¨Ðàʛ¹ƽ¡Ƈƨч¨Ðã˪ŹÂÒÁ ˺Ò¹Ëĥ§׉˝Ð¹Ð...$4#$b#ǖ§Í˒Ò§Թ¹ ĉ¹Ť´˗ÒĴÒ˗Ò '·Ƀ´â·ÃÁ' ɤ¨ÐàËÁÒÐÊÁāº ˺Ò¹Ëĥ§׉ÁÒ¡¡˗Ò«Ðƽ¡$4\"/faceDirection Lewis 3 true/jump Lewis/shake Lewis 1600/textAboveHead Lewis \"ËÂÒº¤ÒÂ!\"/showFrame Lewis 24/pause 500/faceDirection Robin 1 true/pause 100/faceDirection Robin 2 true/pause 100/animate Robin false true 100 32 33/faceDirection farmer 2/pause 1000/showFrame Lewis 12/stopAnimation Robin/pause 300/faceDirection Robin 1/showFrame Lewis 12/faceDirection farmer 1/speak Lewis \"Í˒Òä»ğ§âÃź¹àÅÂ @ à¸ÍʁáʴÍÂÒ¡ã̋Ȥ³äˑ¾Íã¨ ¨¹˵Í§ƳºàƺÂàŧ¹ ä»»ģº»Ƀ§˺Ò¹āºË˕Í¹ áʴԹ¹áËÅÐ$u\"/showFrame Lewis 12/showFrame Robin 19/shake Robin 800/pause 1200/showFrame Robin 0/pause 600/animate Robin false true 300 34 35/textAboveHead Robin \"ҎÁÁ\"/pause 1500/speak Lewis \"Ģ§ä§ʁµÒÁ... à¸Í¤§¨Ð˵Í§àËҩÍÂ āºÍÐäÃƽ¡àÂÍÐ à¸Í¤ÇÃ¨Ðä»Ğ¡ˌÍ¹ä˴á̅Ç#$b#¾ӣ§׉à¸Í ʴÍÂàˢÒä»ŚÒÃÇ¨ã¹àȑÍ§ á̅Çʁá¹ÐŉÒĕÇ«ÐËˉÍÂ#$b#¾Ç¡ªÒÇàȑÍ§чщ àʛ¹ā¹àÍ§ÁÒ¡àÅÂ¹Ð\"/move Lewis 4 0 1 true/viewport move 1 0 2000/pause 3000/proceedPosition Lewis/faceDirection Lewis 0/pause 500/faceDirection Lewis 3/speak Lewis \"â̍ àǱÍºȕÁºÍ¡áˉÐ ËÒ¡à¸Í˵Í§¡ÒÃ¢ÒÂÍÐäÃ ʁâÂ¹Å§¡˕Í§щä˴àÅÂ à݋ÂÇµÍ¹à˪Òȑ´ ĉ¹¨ÐÁÒ؛Í¾Ç¡ġ¹àÍ§#$b#àÍÒ˕Ð... âª¤ƤÅÐā¹¹Ð!\"/pause 300/move Lewis 8 0 1 true/faceDirection farmer 0/stopAnimation Robin/advancedMove Robin false 0 1 2 0 0 -1 5 0/pause 1000/globalFade/viewport -1000 -1000/playMusic none/pause 2000/playSound rooster/pause 1000/end beginGame",
	  }
    },


  ]
}
