{
		"Rainy_Day_Sandy": "ŇÒĕÇã̋á̋§àˢÒä̇¹Ð чģ¡! Í˒ÒÍԒˢÒ§¹Í¡¹Ò¹àš¹ä»˕Ð",
		"Rainy_Night_Sandy": "رÍϔÒ¾̃ÍÁá̅Ç¹Ð чģ¡ ĉ¹Ëħ§˗ÒȤ³¨ÐªÍºġ¹¹Ð [218 732 207 224]$h",
		"Indoor_Day_Sandy": "ħ¹׉Ȥ³Ʊá¼¹¨Ðä» ·ÐàÅ·ÃÒÂ¤ÒƅâˡäËÁ чģ¡?#$e#˶ÒȤ³ä»˕Ðʁ àÍÒÁÐ¾̃ÒÇāº ¼Å¡ÃÐºÍ§à¾ªÃ ¡ĥºÁÒã̋ËˉÍÂƊ¤Ð!$h",
		"Indoor_Night_Sandy": "ɋºà¢ÒáÅÐ·ÐàÅ·ÃÒÂ... Է§ÊÍ§ч˅Ò§ʁäˑä˴àƗÂºÊŹ· ã¹àÇÅÒ¡ÅÒ§Ǵ¹#$e#á˅ǖ§Í˒Ò§Թ¹ àƺÂ§чä˴Ƃ¹ʁáµ¡˅Ò§ā¹ Í˒Ò§֪¹àŪ§#$e#ĉ¹Ģ§¾ÂÒÂÒÁ Ǚ¡ÍԒ˗ÒàƺÂ§¢Í§ɋºà¢Ò àʛ¹àƺÂ§¢Í§ÍÐäÃ ġ¹ǥ¡ĥºĈ§$h",
		"Outdoor_Sandy": "áÊ§ÍÒŷµΒчщäˑʴÍÂ¨Ð à¼ÒżÇ¢Í§ĉ¹Ī¡àˇÒäË˓ ¡ÒÃчäˑ˵Í§·Ò¤ƳÁā¹á´´ ȷ¡ħ¹ġ¹ƤĈ§àÅÂ!$h",
		"spring_Sandy": "̇ÒÇ... чɋºà¢Ò׉ ȷ¡Í˒Ò§ʺÒ§àƒÂÇ¢Ƙ!$h",
		"summer_Sandy": "ä»ªÒÂËÒ´ā¹à¶ÍÐ чģ¡! ÍÒ¡ÒÈħ¹׉ġ¹ÊÁɪÃ΃áºº!",
		"fall_Sandy": "ч·ÐàÅ·ÃÒÂäˑƱʺÇ§ãºä́˓Ç§ àËȑÍ¹чɋºà¢ÒƱËÃÍ¡¹Ð#$e#ĉ¹ģ¡ġ¹!$h",
		"winter_Sandy": "Ë¹ÒÇ¨¹áʂ§ä˴àÅÂ¹ÐàщÂ!#$e#ÍÒ... ĉ¹àÍÒàÊ˷Íâˤµä»ä̇äË¹¹Ð...?$s",
		"Rainy_Day_0": "½¹µ¡˕Ð!$h#$e#ч·ÐàÅ·ÃÒÂ ĉ¹äˑà¤Âàʫ¹½¹ċ¡ËÂ´",
		"Rainy_Day_1": "ŇÒĕÇã̋á̋§àˢÒä̇¹Ð чģ¡! Í˒ÒÍԒˢÒ§¹Í¡¹Ò¹àš¹ä»˕Ð",
		"Rainy_Day_2": "ÍɃ³ÊħÊڴ чģ¡#$e#ħ¹׉½¹µ¡˕Ð! ҤÁщƊ¨Ðä˴ӭ¹ æ [395]$h",
		"Rainy_Day_3": "ĉ¹ıÒĥ§ŇÒ¤ÇÒÁلÂà¤Â āº½¹ÍԒ...$s#$e#ĉ¹ã˪àÇÅÒä»āº ¼Á¢Í§ĉ¹àʛ¹ΪÇâÁ§ á̅Ç½¹ʁŇÒã̋ġ¹ Ğ§äˑàʛ¹ˇÒàÅÂ!$a#$e#ĉ¹äˑړ˗Ò Ȥ³Ĉ´¡ÒÃĕÇàÍ§ ã̋ɤƤ¢¹Ò´׉ä˴äĢ§ä§ á́¡ÃÐη§ ã¹µÍ¹чàƫÂ¡âª¡...",
		"Rainy_Day_4": "½¹щÊÇÂ§ÒÁĈ§àÅÂ#$e#µÃÒºàˇÒчĉ¹äˑ˵Í§ ÍÍ¡ä»µÒ¡½¹ˉÐ¹Ð$h",
		"Rainy_Night_0": "ĉ¹Ëħ§˗Ò½¹¨ÐËɂ´µ¡ċ¡Ƨ!#$e#á˅Í˒Ò§˹ÍÂ ħ¹׉ Ȥ³ʁäˑ˵Í§Ã´թÒ˵¹ä́",
		"Rainy_Night_1": "رÍϔÒ¾̃ÍÁá̅Ç¹Ð чģ¡ ĉ¹Ëħ§˗ÒȤ³¨ÐªÍºġ¹¹Ð [218 732 207 224]$h",
		"Rainy_Night_2": "àƺÂ§¢Í§½¹щ âÃáÁ¹ŵ¡ƤĈ§àÅÂ... ġ¹äˑƱÍÐäÃ àËȑÍ¹ч·ÐàÅ·ÃÒÂàÅÂ$7",
		"Rainy_Night_3": "ÊħÊƤ чģ¡ ħ¹׉½¹µ¡äˑȕÁɻȕÁµÒàÅÂ ĉ¹Ëħ§˗ÒȤ³¨ÐäˑàƫÂ¡ ¨¹àš¹ä»¹Ð$h",
		"Rainy_Night_4": "ħ¹׉ ĉ¹ÍºÍÐäÃºÒ§Í˒Ò§˴ÇÂ˕Ð чģ¡!$h#$e#ÅÍ§ɤËˉÍÂƊ ġ¹ÍÍ¡ÁÒàђÂÁàÅÂ [611 234 223 608 222]$7",
		"Indoor_Day_0": "à¸Íµ¡á˅§ȷ¡Í˒Ò§ ä˴ˉÒģ¡ÁÒ¡àÅÂ!$h#$e#á˅ĉ¹ÍÒ¨¨Ð»ģºá˅§Ź´ËˉÍÂ ˶ÒȤ³äˑ˗ÒÍÐäÃ...",
		"Indoor_Day_1": "ĉ¹ªÍº¡ÒÃƱ¤ģÇч¾σ§¾̃ÍÁ ä»˴ÇÂɍ»¡Ã΃áºº׉Ĉ§ ġ¹ŇÒã̋¤ÇÒÁàʛ¹ä»ä˴ ã¹¡ÒÃŇÒÍÒËÒÃ äˑƱ֪¹Ɋ´$h",
		"Indoor_Day_2": "ĉ¹Íºġ¿ſ¹ ŚÒËģºرÍà˪Ò˕Ð чģ¡! š¹Ī¡֊¹ã¹µÍ¹ч ġ¹Ģ§ӭ¹ æ Ɗ [651]$h",
		"Indoor_Day_3": "ħ¹׉Ȥ³Ʊá¼¹¨Ðä» ·ÐàÅ·ÃÒÂ¤ÒƅâˡäËÁ чģ¡?#$e#˶ÒȤ³ä»˕Ðʁ àÍÒÁÐ¾̃ÒÇāº ¼Å¡ÃÐºÍ§à¾ªÃ ¡ĥºÁÒã̋ËˉÍÂƊ¤Ð!$h",
		"Indoor_Day_4": "ħ¹׉Ȥ³¨ÐŇÒÍÐäÃËÃÍ чģ¡?$h#$e#ĉ¹ËÃÍ? ĉ¹¤§¨Ðě´ӝ¹ċ¡ËˉÍÂ ̅Ò§¨Ò¹... ¾Ç¡§Ò¹Êȹ¡ æ Ձ§ËÅÒÂˉÐ Ȥ³Ǚ¡ÍÍ¡ãʺäËÁ?",
		"Indoor_Night_0": "ĉ¹ŇÒÍÒËÒÃϔÒ˕Ð! [196 244 228 610]$h#$e#àÍÒƊ ÅÍ§ŪÁġ¹ËˉÍÂ$7",
		"Indoor_Night_1": "˶ÒàƧÂºāºч·ÐàÅ·ÃÒÂ µÍ¹¡ÅÒ§Ǵ¹¢Í§чщ ġ¹àʢ¹¡˗ÒÁÒ¡àÅÂ ġ¹ƤɊ´ æ ä»àÅÂ!$h",
		"Indoor_Night_2": "ĉ¹àËҩÍÂÁÒ¡àÅÂ... ä»¹Í¹ā¹à¶ÍÐ чģ¡!",
		"Indoor_Night_3": "ħ¹׉àʛ¹ħ¹чӢ§ ¢Í§àÃÒԷ§ӴàÅÂà¹ÍÐ#$e#ÁÒ©ÅÍ§˴ÇÂ¡ÒÃËĥºƤ æ Ī¡ҥ¹ā¹à¶ÍÐ!$h",
		"Indoor_Night_4": "ɋºà¢ÒáÅÐ·ÐàÅ·ÃÒÂ... Է§ÊÍ§ч˅Ò§ʁäˑä˴àƗÂºÊŹ· ã¹àÇÅÒ¡ÅÒ§Ǵ¹#$e#á˅ǖ§Í˒Ò§Թ¹ àƺÂ§чä˴Ƃ¹ʁáµ¡˅Ò§ā¹ Í˒Ò§֪¹àŪ§#$e#ĉ¹Ģ§¾ÂÒÂÒÁ Ǚ¡ÍԒ˗ÒàƺÂ§¢Í§ɋºà¢Ò àʛ¹àƺÂ§¢Í§ÍÐäÃ ġ¹ǥ¡ĥºĈ§$h",
		"Outdoor_0": "ÍÒ ħ¹׉ġ¹àʢ¹Ĉ§!$h#$e#Ȥ³äˑŤ´Í˒Ò§Թ¹ËÃÍ...?",
		"Outdoor_1": "ȷ¡Ъ§ȷ¡Í˒Ò§ã¹ɋ¢à¢Ò׉ àʛ¹ƺàƒÂÇ¢Ƙ ġ¹áµ¡˅Ò§¨Ò¡ƺàËȕÍ§ ¢Í§·ÐàÅ·ÃÒÂÍ˒Ò§֪¹àŪ§",
		"Outdoor_2": "áÊ§ÍÒŷµΒчщäˑʴÍÂ¨Ð à¼ÒżÇ¢Í§ĉ¹Ī¡àˇÒäË˓ ¡ÒÃчäˑ˵Í§·Ò¤ƳÁā¹á´´ ȷ¡ħ¹ġ¹ƤĈ§àÅÂ!$h",
		"Outdoor_3": "ģ¡ÉÒàѓÂÇáÃ§¢Í§à¸Í àÍÒä̇˕Ð чģ¡#$e#щ˨Ð ġ¹ˉÒ¨ÐʺÇÂà¸Íä˴¹Ð ¢Í§·Ò¹à˕¹àҮÍɊ¢ÀÒ¾ [613 398 634]$h",
		"Outdoor_4": "˶Òà¸Í˵Í§¡ÒÃ ¤ÇÒÁʺÇÂàËȕÍ˕Ðʁ ºÍ¡ĉ¹ä˴àÅÂ¹Ð чģ¡! ĉ¹ǖ§¨ÐŇÒȷ¡Í˒Ò§чĉ¹ ŇÒä˴àÅÂ˕Ðǖ§ĉ¹¨Ð¶ę´ àҳÍ§¢Í§Ŵ¹áÅÐ·ÃÒÂ ÁÒ¡¡˗Ò!$h",
		"OneKid_0": "ĉ¹ˉÐÍÂÒ¡¨Ð àʛ¹áˑÁÒµÅÍ´àÅÂ˕Ð ¢ÍºȤ³чʺÇÂã̋ ġ¹àš´ע¹¹Ð @$6",
		"OneKid_1": "%kid1 ʺÒ§àʛ¹àʔ¡чˉÒģ¡¨ƃ§ æ ! àËȑÍ¹āºȤ³àÅÂ$h",
		"OneKid_2": "%kid1 Ë˹ÒµÒàËȑÍ¹Ȥ³àÅÂ˕Ð чģ¡$h^%kid1 Ë˹ÒµÒàËȑÍ¹Ȥ³àÅÂ˕Ð чģ¡$h#$e#ĉ¹ړ˗ÒàÃÒģº %kid1 ÁÒàוÂ§... á˅ĉ¹ɮ´¨ƃ§¹Ð! ¨ƃ§ æ ¹Ð!",
		"OneKid_3": "àұÍà˪Ò׉áˑĉ¹â·ÃÁÒ à¸ÍÍÂÒ¡¨ÐÁÒà¨Íà¸Íāº %kid1 àʣÇ æ ׉$h#$e#áˑ¢Í§ĉ¹ËÃÍ? à¸ÍÍԒʴÍ¹ˢÒ§ä¡ÅàÅÂ˕Ð ä¡Å¡˗Ò ·ÐàÅ·ÃÒÂ¤ÒƅâˡÁÒ¡",
		"TwoKids_0": "%kid2 ɤàËȑÍ¹āº %kid1 ÁÒ¡àÅÂ! ¾Ç¡à¢Òàʛ¹½Òá½´ā¹ ä˴àÅÂ¹ÐàщÂ!^%kid2 ɤàËȑÍ¹āº %kid1ÁÒ¡àÅÂ! ¾Ç¡à¢Òàʛ¹½Òá½´ā¹ ä˴àÅÂ¹ÐàщÂ!#$e#ĉ¹ړ˗Ò¾Ç¡à¢Òäˑä˴ àбÂÇˢÍ§ā¹·Ò§ÊÒÂàȕÍ´ чģ¡... á˅àÃÒĢ§ºÍ¡àҳÍ§׉ āº¾Ç¡à¢Òäˑä˴¨¹¡˗Ò ¾Ç¡à¢Ò¨Ðâµ! ӺÇÇÇ!$3",
		"TwoKids_1": "%kid1 āº %kid2 ˉÐÊÁɲÃ΃áººÁÒ¡àÅÂ! ¾Ç¡à¢ÒʺÒ§àʛ¹àʔ¡˹ÍÂ чƱ¤ÇÒÁɊ¢ äˑà¤Âч¨ÐỄÒ§¤ÇÒÁӧ¹ÇÒÂ ËȓÍ·ÐàÅÒÐā¹àÅÂ$h",
		"TwoKids_2": "ŇÒã̋áˉã¨¹Ð˗Ò ã̋¤ÇÒÁÊ¹ã¨āº %kid1 áÅÐ %kid2 àˇÒ æ ā¹ àÃÒäˑÍÂÒ¡¨Ð ỄÒ§¤ÇÒÁړǪ¡ƍ¨©Ò ã̋¾Ç¡à¢Ò!#$e#ĉ¹˝Ò¹à¨ÍàҳÍ§׉ ã¹Ëę§ȚÍˉÐ$h",
		"TwoKids_3": "Ȥ³ʺÇÂɤ %kid2 ã̋ĉ¹ËˉÍÂä˴äËÁ? ĉ¹ıÒĥ§¨Ð˻Í¹ˢÒÇ %kid1 $h",
		"TwoKids_4": "¾Ç¡àÃÒƱ¤ÃÍº¤ģÇàʥ¡ æ чÊÁɪÃ΃áººä»àÅÂ @! ĉ¹Ƥã¨¨¹թÒµÒäËÅàÅÂ!$6",
		"Good_0": "@ ĉ¹ģ¡Ȥ³ÁÒ¡¨¹äˑړ˗Ò ¨ÐŇÒĢ§ä§āºĕÇàÍ§ á̅ÇàщÂ$h",
		"Good_1": "ÁÒܖºĉ¹ËˉÍÂƊ Ɋ´Ë˕Í$7^ÁÒܖºĉ¹ËˉÍÂƊ ¤¹ÊÇÂ$7",
		"Good_2": "ĉ¹ģ¡Ȥ³ чģ¡#$e#ÍÍ¡ä»Ĉ´¡ÒÃ §Ò¹ã¹¿ÒΓÁã̋àƳÂº̃ÍÂ á̅Ç¡ĥºÁÒ˺Ò¹¹Ð ¾Ç¡àÃÒ¨Ðä˴ã˪àÇÅÒ˓ÇÁā¹ Ģ§ä§˕Ð$h",
		"Good_3": "¾ÍŤ´˗Òà¸ÍàȕÍ¡ĉ¹ á·¹ч¨ÐàȕÍ¡ÊÒÇ æ ã¹àȑÍ§׉...#$e#à¸ÍàȕÍ¡ä˴ƤÁÒ¡àÅÂ чģ¡$7",
		"Good_4": "âª¤ƤчȤ³äˑä˴á˅§§Ò¹ ʱÍ¹чÃ¶ĚÊ¨Ð¡ĥºÁÒã˪§Ò¹ ä˴ƽ¡¤Ճ§à¹ÍÐ чģ¡?#$e#äˑԧ¹ƚƇµ¢Í§¾Ç¡àÃÒÊÍ§¤¹ ¤§áµ¡˅Ò§ÍÍ¡ä» Í˒Ò§֪¹àŪ§àÅÂ$h",
		"Good_5": "̇ÒÇ чģ¡ ħ¹׉Ȥ³ËÍÁĈ§àÅÂ$7#$e#àʛ¹¸ÃÃÁªÒŵ á̅Çʁàʋ¡лÁÒ¡àÅÂ$4",
		"Good_6": "ĉ¹âª¤ƤĈ§ чёÊÒƱчˉÒѷ§¢¹Ò´׉$h^ĉ¹âª¤ƤĈ§ чёÀÃÃÂÒчˉÒѷ§¢¹Ò´׉$h",
		"Good_7": "˶Òĉ¹ŇÒä˴¹Ð ĉ¹ÍÂÒ¡¨Ðá˅§§Ò¹āºà¸Íȷ¡ æ ħ¹ ¨¹ħ¹Ɋ´˷ÒÂ¢Í§àÃÒàÅÂ$h#$e#§Ò¹àוÂ§©ÅÍ§áÅÐȷ¡ æ Í˒Ò§!$h#$e#á̅ÇʁǴ¹á˅§§Ò¹ áË§ÍԒá̅Ç$7",
		"Good_8": "àұÍħ¹ʱÍ¹µÍ¹чĉ¹ ¡ĥºÁÒ¨Ò¡¡ÒÃŇÒ§Ò¹ ĉºà¨Íà˨ÒЪ§׉˕Ð! [88 90]#$e#ĉ¹Ëħ§˗Òà¸Í¨Ðä˴ ã˪ġ¹¹Ð$h",
		"Neutral_0": "Ǵ¹׉ ĉ¹¨ÐŇÒÍÐäÃàʛ¹رÍϔÒƤ˹Ò...#$e#ÍÂÒ¡š¹ÍÐäÃàʛ¹žàÈÉäËÁ чģ¡?",
		"Neutral_1": "àұÍǴ¹ĉ¹ä˴Ƃ¹àƺÂ§á»Å¡ æ ¨Ò¡ˢÒ§¹Í¡˴ÇÂ˕Ð...$s#$e#ĉ¹ֲ¡ĥÇŹ´ËˉÍÂ ã¹µÍ¹¡ÅÒ§Ǵ¹$h",
		"Neutral_2": "àұÍħ¹ʱÍ¹µÍ¹чĉ¹ ¡ĥºÁÒ¨Ò¡˺Ò¹¢Í§àÍƁƵ ĉºà¨Íà˨ÒЪ§׉˕Ð [444]#$e#á͈ÇàÅÂãʺäËÁ˕Ð? ĉ¹Ëħ§˗Òġ¹¨ÐƱ»ÃÐâÂªΉ¹Ð$h",
		"Neutral_3": "чģ¡ Ȥ³ƋÇäËÁ?#$e#ƽ¡á»»Ǚ§ ĉ¹¨ÐŇÒÍÒËÒÃá̅Ç$h",
		"Neutral_4": "ĉ¹¨Ðä»̋Í§ÊɁ´... ˝Ò¹Ëę§ȚÍƤ æ Ī¡à˕Á",
		"Neutral_5": "äˑàʫ¹ƱÍÐäÃã¹ƧƷч ġ¹ˉÒÊ¹ã¨àÅÂ ËȓÍȤ³˗Òä§?$s",
		"Bad_0": "чģ¡... ĉ¹¢Íã˪àÇÅÒ¤¹àƤÂÇËˉÍÂ$s",
		"Bad_1": "ʺÇ§׉ Ȥ³àʢ¹ªÒāºĉ¹Ĉ§àÅÂ¹Ð...$s#$e#ġ¹àʛ¹Í˒Ò§чĉ¹ɮ´ ãʺäËÁ?$s",
		"Bad_2": "Í˒ÒàО§ÁÒȤÂāºĉ¹µÍ¹׉$5",
		"Bad_3": "ĉ¹Ť´˗Ò ĉ¹¤ÇÃ¨ÐÍԒч·ÐàÅ·ÃÒÂ...$s",
		"funLeave_Sandy": "ĉ¹Ť´˗Òħ¹׉ĉ¹¨Ðä»ËÒ àÍƁƵĪ¡ËˉÍÂ! ĉ¹äˑä˴à¨Íà¸ÍÁÒĪ¡Ğ¡á̅Ç$h#$e#Í˒Òā§ÇÅä»àÅÂ ĉ¹¨Ð¡ĥºÁÒ˺Ò¹ʱÍ¹ч à¸Í¨Ðړ«Ðƽ¡!",
		"funReturn_Sandy": "ħ¹׉ĉ¹Ť´ǖ§Ȥ³Ĉ§àÅÂ чģ¡$h#$e#àÍƁƵ½Ò¡ÊħÊƤ á̅Çʁáˊ§щÁÒã̋˴ÇÂ˕Ð [400 232 213 612 605]",
		"spring_1": "Ɋ¢Ī¹΅ħ¹ƫãËˑ чģ¡! ƽ¡Ëѹ§ƫŚÒËģºģ¡¢Í§àÃÒ$h",
		"spring_12": "àȑÍ§à¾ƅá¡¹Ʊ§Ò¹à·È¡ÒÅ чˉÒÊ¹ã¨чɊ´àÅÂ!#$e3ĉ¹ªÍºɤ¡ÒÃáʲ§Ă¹˕Òäʲ ġ¹ƱƚƇµƚÇÒÁÒ¡àÅÂ$h",
		"spring_23": "чģ¡ ¾ӣ§׉ǴÍ§Ò¹à˵¹œÒ´Í¡ä́á̅Ç!#$e#ĉ¹ÍÒ¨¨Ðáʱ¡˗ÒÊÒÇ æ ¾Ç¡Թ¹Ź´ËˉÍÂ á˅ĉ¹¨ÐáÊ´§ã̋ ¾Ç¡à¸Íړ˗Ò¡ÒÃà˵¹œÒˉÐ à¢ÒŇÒā¹Ģ§ä§$h",
		"summer_1": "Äɤ̃Í¹¢Í§чщàʢ¹¡˗Òч·ÐàÅ·ÃÒÂÁÒ¡àÅÂ!#$e#żÇчºÍººÒ§¢Í§ĉ¹ ä˴Ğ¡ˌÍ¹ċ¡Ƨ...",
		"summer_10": "ڝÇÇÇ ĉ¹ÃÍч¨ÐŪÁȫ» ¢Í§ħ¹¾ӣ§׉äˑäËÇá̅Ç! Í˒ÒȕÁã˚ÍÐäÃÍ˓ÍÂ æ Å§ä»¹Ðчģ¡!$7",
		"summer_27": "¾Ç¡áÁ§¡Ð¾Ƀ¹áÊ§Ĉ¹·ΓàщÂ ÊÇÂĈ§àÅÂ! ©í¹Í´ã¨ÃÍɤ¾Ç¡ġ¹āºȤ³ ã¹ħ¹¾ӣ§׉äˑäËÇá̅Ç чģ¡$h3$e#ġ¹¨Ð˵Í§âÃáÁ¹ŵ¡ÁÒ¡áˉ æ$7",
		"fall_1": "ʺÇ§Äɤãºä́˓Ç§¢Í§ɋºà¢Ò àщÂɊ´ÂÍ´ä»àÅÂ!$h",
		"fall_15": "ĉ¹ģ¡§Ò¹à·È¡ÒÅ ¾ӣ§׉àÍÒÃÒ§ħÅ¡ĥº˺Ò¹ÁÒ˴ÇÂ¹Ð!$h",
		"fall_26": "ĉ¹äˑáˉã¨˗Ò ĉ¹¨Ð¡̅Ò¾Íч¨Ð àˢÒä»ã¹à¢ÒÇ§¡µäËÁ...$s#$e#á˅˶ÒȤ³ĈºȑÍĉ¹àÍÒä̇ ʁäˑáˉËÃÍ¡¹Ð @$h",
		"winter_1": "ã¹чɊ´ÄɤË¹ÒÇʁÁÒǖ§á̅Ç á̅Çġ¹ʁàʢ¹ÂÐàȒÍ¡àÅÂ...$3#$e#Ȥ³¨ÐŇÒã̋©¹Íºӭ¹ чģ¡! äˑԧ¹ĉ¹ʁ¤§áʂ§µÒÂä»àÅÂ...$7",
		"winter_7": "ĉ¹¨ÐàÍÒàغÍâˤµËę¡ æ ĕÇԹ¹¢Í§ĉ¹ä» á̅ÇʁàƚÂΓȤ³µÍ¹ч Ȥ³ıÒĥ§áʲ§µ¡»ÅÒ!",
		"winter_24": "¾ӣ§׉ʁǖ§ħ¹à·È¡ÒÅá̅Ç... ĉ¹Ëħ§˗ÒȤ³¨Ð àµƳÂÁĕÇàƳÂº̃ÍÂá̅Ç¹Ð ġ¹¨Ð˵Í§àʛ¹ÍÐäÃч Т§ãËʽáˉ æ!$h",
		"winter_28": "֪¹Ɋ´ä»ƽ¡ƫá̅Ç... ĉ¹Ƥã¨чàÃÒä˴ ã˪ġ¹˓ÇÁā¹¹Ð$4#$e#á̅Çʁ... ĉ¹àÁÒŹ´ËˉÍÂ à̍Òщ àÍÒщä»Ɗ [303]$7",
		"spouseRoom_Sandy": "#$c .5#ħ¹׉ĉ¹¨Ð˵Í§Ĉ´ÃÐàƪÂº àغÍ˼Ò¢Í§ĉ¹á̅Ç˕Ð...#$e#ĉ¹˵Í§ċ¡˼ÒŹ´ËˉÍÂ á̅Çʁ¨Ðä˴ıÒĈ´¾Ç¡Ȫ´ чĉ¹äˑà¤Âã˚˴ÇÂ...$h",
		"patio_Sandy": "ĉ¹ÍÂÒ¡¨ÐƱÊÇ¹´Í¡ä́ ÁÒµÅÍ´àÅÂ! µÍ¹׉ĉ¹äˑä˴ÍÒĨÂ ÍԒã¹·ÐàÅ·ÃÒÂá̅Ç ÊÒÁÒÃ¶ƱÊÇ¹´Í¡ä́ä˴á̅Ç$h"
}
