{
		"Rainy_Day_Lewis": "ÊÀÒ¾ÍÒ¡ÒÈɤäˑʴÍÂƤàÅÂ...#$e#˶ÒȤ³˵Í§¡ÒÃ¼Á ¼Á¨Ðä»ËÒė¹Ƨ$h",
		"Rainy_Night_Lewis": "¼ÁŇÒȫ»ŚÒËģºȑÍϔÒ˕Ð [199 218 219 727 730]#$e#¼Áäˑä˴ŇÒÍÒËÒÃàʱ§áººāÊ á˅¼ÁËħ§˗ÒȤ³¨ÐªÍºġ¹¹Ð$h",
		"Indoor_Day_Lewis": "ÍɃ³ÊħÊڴ чģ¡...#$e#¼ÁàО§»Ʌ¡ĕÇàÍ§ã̋ҥ¹ щ ¼ÁËħ§˗Òġ¹¨ÐʺÇÂȤ³¹Ð [395]",
		"Indoor_Night_Lewis": "ħ¹׉ʺÒ§ÂÒÇ¹Ò¹...#$e#àÍ¡ÊÒÃáÅÐ§Ò¹ÁÒ¡ÁÒÂ$s#$e#ƽ¡Ī¡Ğ¡àÃÒä»¹Í¹ā¹à¶ÍÐ¹Ð чģ¡ ¼ÁàËҩÍÂÁÒ¡àÅÂ",
		"Outdoor_Lewis": "1ħ¹¢Í§Ȥ³щàУÁäÇÁÒ¡àÅÂ ãʺäËÁ˕Ð?#$e#¼ÁäˑʴÍÂä˴ҥ¹à˪Òáºº׉àˇÒäË˓$h",
		"spring_Lewis": "Է§Ëԑ˺Ò¹ɤƱƚƇµƚÇÒã¹Äɤãºä́¼ƅ¹Ð ġ¹Ê´Қ¹ÁÒ¡àÅÂ$h",
		"summer_Lewis": "¼ÁäˑʴÍÂªÍº¤ÇÒÁ̃Í¹ã¹Äɤ̃Í¹àÅÂ...#$e#á˅¼Á˵Í§ŇÒË˹ÒµÒƱ¤ÇÒÁɊ¢ã̋ڌ¤¹ɤ$h",
		"fall_Lewis": "Ëԑ˺Ò¹׉ɤˉÒģ¡ã¹ƺ¢Í§Äɤãºä́˓Ç§¹Ð",
		"winter_Lewis": "ƋÁÐ¾Ç¡׉ˉÒģ¡ÁÒàÅÂ á˅ġ¹ʁÂÒ¡ч˵Í§àŴ¹ä»äË¹ÁÒäË¹â´ÂäˑƱÃÍ§à˷Òݧ·...",
		"Rainy_Day_0": "ÊÀÒ¾ÍÒ¡ÒÈɤäˑʴÍÂƤàÅÂ...#$e#˶ÒȤ³˵Í§¡ÒÃ¼Á ¼Á¨Ðä»ËÒė¹Ƨ$h",
		"Rainy_Day_1": "ģºщä»àÅÂ чģ¡ ¼ÁŇÒàÊʣ¨ÁÒċ¡Ğ¡á̅Ç [395]",
		"Rainy_Day_2": "ħ¹׉Ȥ³Ʊá¼¹¨ÐŇÒÍÐäÃËÃÍ чģ¡?#$e#ÊÀÒ¾ÍÒ¡ÒÈáºº׉ŇÒã̋¼ÁäˑÍÂÒ¡ÍÍ¡ä»ˢÒ§¹Í¡... Ƥ¹Ðч¼ÁƱ§Ò¹˵Í§ŇÒˢÒ§ã¹",
		"Rainy_Day_3": "ȞÁ... Ǵ¹׉àÃÒŇÒÍÐäÃ·Ò¹Ƥ?",
		"Rainy_Night_0": "¼ÁŇÒȫ»ŚÒËģºرÍϔÒħ¹׉˕Ð [199 218 219 727 730]#$e#ǖ§¼Á¨Ðäˑàʱ§àҳÍ§ŇÒÍÒËÒÃ á˅Ëħ§˗ÒȤ³¨ÐªÍºġ¹¹Ð$h",
		"Rainy_Night_1": "½¹¾Ç¡׉ŇÒã̋˺Ò¹àÃÒɤˉÒ¹Í¹ ãʺäËÁ˕Ð чģ¡?$h#$e#àÃÒä»¹Í¹ā¹à¶ÍÐ$h",
		"Rainy_Night_2": "ËÒàغÍ˼Òӭ¹æÁÒã˚¹Ð чģ¡ ¼ÁäˑÍÂÒ¡ã̋Ȥ³äˑÊºÒÂ",
		"Rainy_Night_3": "Ǵ¹׉àÃÒàˢÒ¹Í¹àʣÇā¹¹Ð âÍà¤äËÁ?#$e#Ȥ³ɤË¹ÒÇæ ¼Á¨ÐŇÒã̋Ȥ³ӭ¹ע¹àÍ§$h",
		"Indoor_Day_0": "ÍɃ³ÊħÊڴ чģ¡...#$e#¼ÁàО§»Ʌ¡ĕÇàÍ§ã̋ҥ¹ щ ¼ÁËħ§˗Òġ¹¨ÐʺÇÂȤ³¹Ð [395]",
		"Indoor_Day_1": "ÍÒ ÊħÊƤÂÒÁà˪Ò чģ¡#$e#¼ÁƱ§Ò¹˵Í§ŇÒã¹׉#$e#˶ÒȤ³˵Í§¡ÒÃÍÐäÃ Ȥ³ړ¹Ð˗Ò¼ÁÍԒäË¹$h",
		"Indoor_Day_2": "¼ÁԵ§ã¨ŇÒرÍà˪ÒÁÒ¡àÅÂ чģ¡ [194 195 210 211 216]#$e#ġ¹ÃÊªÒŵƤäËÁ? ¾ÍƤ¼Áäˑãʺàª¿...",
		"Indoor_Day_3": "àұÍǴ¹¹Í¹ÊºÒÂǣà»˕Ò чģ¡?#$e#¼ÁËĥºÊºÒÂÁÒ¡àÅÂˢÒ§æȤ³$h",
		"Indoor_Night_0": "ħ¹׉ʺÒ§ÂÒÇ¹Ò¹...#$e#àÍ¡ÊÒÃá̅Ç§Ò¹ÁÒ¡ÁÒÂ$s#$e#ƽ¡ċ¡Ğ¡àÃÒä»¹Í¹ā¹à¶ÍÐ¹Ð чģ¡ ¼ÁàËҩÍÂÁÒ¡àÅÂ",
		"Indoor_Night_1": "¼ÁŇÒÍÒËÒÃرÍϔÒã̋ [205 199 224]#$e#Ȥ³˗ÒĢ§ä§? ġ¹Ƥע¹¹Ð Ȥ³˗ÒäËÁ?$h",
		"Indoor_Night_2": "Ȥ³ړäËÁ ¾Ç¡à¢Òäˑà¤Âäˑà¤ÂºÍ¡Ȥ³˕Ç§Ë˹ÒàÅÂ ˗Ò¡ÒÃàʛ¹¹ÒÂ¡à·ÈÁ¹µƳƱ§Ò¹àÍ¡ÊÒÃ˵Í§ŇÒ 95%... ¼ÁÊÒºÒ¹$s#$e#Í˒Ò§äÃʁà¶ÍÐ... ħ¹׉àʛ¹ä§˺Ò§ чģ¡?",
		"Indoor_Night_3": "¿ÒΓÁàʛ¹Ê¶Ò¹ччˌÍ¹¤ÅÒÂÁÒ¡àÅÂ#$e#¼ÁªÍºч¨ÐÍԒµÃ§¡ÅÒ§¢Í§àȑÍ§¹Ð á˅Í˒ÒàˢÒã¨ż´˕Ð ÍԒчщġ¹Ê§ºÁÒ¡àÅÂ$h",
		"Outdoor_0": "ħ¹׉àʛ¹ħ¹чˉÒģ¡Ƥ¹Ð ãʺäËÁ˕Ð чģ¡?$h#$e#ħ¹áºº׉ġ¹ŇÒã̋¡ÒÃŇÒ§Ò¹ˉÒҳ¹ÃÁΒÁÒ¡àÅÂ",
		"Outdoor_1": "ÊħÊƤ чģ¡ ˶ÒȤ³ÍÂÒ¡ã̋¼ÁŇÒÍÐäÃ ºÍ¡ä˴àÅÂ¹Ð#$e#¼Á¨ÐǴ´ǖ§Ȥ³àÊÁÍ",
		"Outdoor_2": "Í˒ÒŇÒ§Ò¹ī¡âËÁ¹Ð чģ¡",
		"Outdoor_3": "¡ÒÃŇÒ§Ò¹¢Í§Ȥ³щàУÁá˅à˪ÒàÅÂ¹Ð ãʺäËÁ˕Ð?#$e#ʺÒ§ġ¹à¶ÍÐ á˅¼ÁäˑʴÍÂä˴ҥ¹à˪Òáºº׉àÅÂ$h",
		"OneKid_0": "¼ÁıÒĥ§Ť´˗Ò˶Ò %kid1 âµע¹¨Ðàʛ¹ªÒÇÊÇ¹äËÁ?#$e#ËȓÍàʛ¹¹ÒÂ¡à·ÈÁ¹µƳáºº¼Á...$h",
		"OneKid_1": "¼Áäˑà¤ÂŤ´àҳÍ§¡ÒÃàʛ¹ˎÍ¤¹àÅÂ#$e#ġ¹˷Ò·ÒÂ¼ÁÁÒ¡ á˅¼ÁƂ¹Ƥ˵Í¹ģºà˨ÒĕÇ˹ÍÂàˢÒԚ¤ÃÍº¤ģÇ$h",
		"OneKid_2": "ä»àчÂÇāº¤ÃÍº¤ģÇā¹à¶ÍÐ чģ¡ áʴȤ³ ¼Á áÅÐà˨Ò%kid1$h",
		"TwoKids_0": "¼ÁäˑÍÂÒ¡¨ÐàҚÍ˗ÒàÃÒ¨ÐƱɵ¡2¤¹$h#$e#¼ÁƤã¨ÁÒ¡æàÅÂ$h",
		"TwoKids_1": "àÃÒ˵Í§ã̋¤ÇÒÁÊ¹ã¨ %kid1 ã̋àˇÒāº %kid2 ¹Ð ¼ÁäˑÍÂÒ¡ã̋à¢Ò˹ÍÂã¨ËȓÍƍ¨©Òā¹",
		"TwoKids_2": "Ȥ³àʛ¹ˎÍчàђÂÁÁÒ¡àÅÂ @.$h^Ȥ³àʛ¹áˑчàђÂÁÁÒ¡àÅÂ @.$h",
		"Good_0": "¼Áäˑà¤ÂړǪ¡áºº׉āºã¤ÃÁÒʱÍ¹ @. Ȥ³ÁīÈ¨ÃÃΒÁÒ¡$4",
		"Good_1": "ħ¹׉Ȥ³ɤË˕Íàʛ¹žàÈÉ¹Ð чģ¡.$h^ħ¹׉Ȥ³ɤˉÒģ¡àʛ¹žàÈÉ¹Ð чģ¡$h",
		"Good_2": "Ȥ³ŇÒ§Ò¹Ëę¡àҮÍ¾Ç¡àÃÒàÂÍÐÁÒ¡ чģ¡ ¼Á«Òº׫§ġ¹àÅÂ",
		"Good_3": "¼Áģ¡Ȥ³¹Ð чģ¡ Í˒ÒȕÁġ¹˕Ð",
		"Good_4": "¼ÁÂÍÁģº˗Ò¼Áäˑà¤ÂŤ´àҳÍ§чċ¡ħ¹Ëѹ§¨Ðá˅§§Ò¹āºªÒÇÊÇ¹¤¹ãËˑ...#$e#áˉ¹Í¹ ¼ÁŤ´˗ÒȤ³ƱàÊˉΛÁÒ¡æ...$4",
		"Good_5": "¼Áā§ÇÅÁÒ¡µÍ¹чȤ³˚§¨´ËÁÒÂàҳÍ§ָ¹Ò§àǷÍ¡!#$e#ġ¹àʛ¹ĴÒã˺чĊ´à¨¹ÁÒ¡ãʺäËÁ...?$h",
		"Neutral_0": "Ëԑ˺Ò¹ɤǄ¡Ą¡ÁÒ¡ àұÍĈ´š¨¡ÃÃÁžàÈÉ¹Í¡àËȉÍ¨Ò¡à·È¡ÒÅ#$e#¼ÁƤã¨чä˴àʫ¹áººԹ¹",
		"Neutral_1": "ºÒ§¤Ճ§¼ÁʁŤ´˗ÒËԑ˺Ò¹׉¤§ÍԒä˴â´Âчäˑ˵Í§Ʊ¹ÒÂ¡à·ÈÁ¹µƳ",
		"Neutral_2": "ȞÁ... ¼ÁړǪ¡ƋÇ ¼Á¨Ðä»ËÒ¢¹Áš¹á̅Çä»ŇÒ§Ò¹˅Í...",
		"Bad_0": "...Ȥ³Ģ§ģ¡¼ÁÍԒäËÁ?$s",
		"Bad_1": "áʴ... »˕ÍÂã̋¼ÁÍԒ¤¹àƤÂÇ! ¼ÁӢ§ÍԒ àҳÍ§ÊÒà¡¢Í§âÂºÐ!$5",
		"Bad_2": "¼ÁŤ´ÁÒµÅÍ´˗ÒӢ§àš¹ä»ч¨ÐƱ¤¹ģ¡...$s#$e#¼Á˗Ò¼ÁŤ´ɦ¡$s",
		"funLeave_Lewis": "¼ÁƱȸÃÐà˓§˄Ç¹˵Í§ŇÒħ¹׉#$e#â̍ Ȥ³ړãʺäËÁ... àÍ¡ÊÒÃч˵Í§˚§ ¨´ËÁÒÂч˵Í§àƒÂ¹ ̃Ò¹ˤÒ˅Ò§æч˵Í§ä»ËÒ$h",
		"funReturn_Lewis": "ÊħÊƤ чģ¡ ¼ÁƤã¨чä˴¡ĥºÁÒċ¡Ƨ$h",
		"spring_1": "ÊħÊƤƫãËˑ чģ¡!#$e#щŚÒËģºƫãËˑчƤ¢Í§¾Ç¡àÃÒ$h",
		"spring_12": "ºÒ§Ƨ¼ÁʁÍÂÒ¡µÒËÒäʲƽÊàµÍΓ˺Ò§¹Ð#$e# á˅Ģ§ä§¼Áʁäˑàʱ§àҳÍ§׉ÍԒƤ.$h",
		"spring_23": "áˉ¹Í¹ ¼ÁړƇƨà˵¹! ¼·àʛ¹¹ÒÂ¡à·ÈÁ¹µƳ... ġ¹àʛ¹§Ò¹¢Í§¼Áч˵Í§ړàҳÍ§ħ²¹¸ÃÃÁËԑ˺Ò¹!",
		"summer_1": "֟Ç... ÍÒ¡ÒÈ̃Í¹Է§Ǵ¹àÅÂ",
		"summer_10": "¢Íâ·Éч¼Áɤäˑ˗Ò§¹Ð чģ¡...#$e#¼ÁıÒĥ§àµƳÂÁàҳÍ§¡ÒÃÁÒ¢Í§ˇÒڌ˗Ò¾ӣ§׉",
		"summer_27": "¾ӣ§׉¾Ç¡áÁ§¡ÃÐ¾Ƀ¹áÊ§Ĉ¹·Γ¨Ðà¼ÂĕÇÍÍ¡ÁÒ#$e#¼Áà¤Âàʫ¹ġ¹ËÅÒÂÃÍºá̅Ç á˅ġ¹ɤˉÒģ¡àËȑÍ¹àŴÁȷ¡ƫ",
		"fall_1": "ÍÒ... ã¹чɊ´ÍÒ¡ÒÈʁàʢ¹ע¹#$e#ĉ¹ģ¡Äɤãºä́˓Ç§ ġ¹àʛ¹àҳÍ§чƤч¨ÐĞ¡ˌÍ¹ áÅÐ·Ò¹ÍÒËÒÃÍ˓ÍÂæÄɤ׉",
		"fall_15": "§Ò¹á¿Γá˅ÅÐƫ˵Í§Ʊ¡ÒÃàµƳÂÁ§Ò¹àÂÍÐÁÒ¡#$e#á˅ġ¹ƱàتÍ§Ëĥ§ƽ¡ÁÒ¡ÁÒÂчªÒÇ˺Ò¹äˑړ",
		"fall_26": "à¢ÒäˑÍÂÒ¡ã̋ã¤ÃړËÃÍ¡ á˅¼Á¨ÐºÍ¡àҳÍ§Ǚ§ã̋Ȥ³ړ...#$e#§Ò¹ħ¹¾ӣ§׉ˎÍÁ´ʺÇÂàÃÒàÂÍÐÁÒ¡ à¢ÒÁÒʺÇÂàÃÒȷ¡ƫàÅÂ$h",
		"winter_1": "â̍ àұÍǴ¹ƋÁÐµ¡˕Ð!#$e#á»Å¡Ĉ§ ĸÒä˴˗ÒäˑƱã¹¾ÂÒ¡Ã΃ÍÒ¡ÒÈ¹Ð...#$e#¼Áà´Ò˗ÒÄɤË¹ÒÇÁÒàȒÍ¹á̅Ç˕Ð",
		"winter_7": "¾ӣ§ęàȤ³¨Ðä»áʲ§µ¡»ÅÒäËÁ чģ¡?#$e#Ȥ³àʱ§àҳÍ§׉¹Ð",
		"winter_24": "Ëħ§˗ÒȤ³¨ÐàµƳÂÁ¢Í§¢ħ­ŚÒËģº§Ò¹ħ¹¾ӣ§׉á̅Ç¹Ð чģ¡",
		"winter_28": "ÍÒ ã¡֪̅¹ƫá̅ÇƊ¹Ð#$e#ҤÁ©ÅÍ§ā¹à¶ÍÐ [346]",
		"spouseRoom_Lewis": "#$c .5#¼ÁƱàÍ¡ÊÒÃʁŇÒħ¹׉#$e#à˪Ò׉àʛ¹à˪ÒчƤ¢Í§¼ÁʱÍ¹Ȥ³ҥ¹«Ðƽ¡ á˅µÍ¹׉¼ÁŇÒã¡̅àÊʣ¨á̅Ç",
		"patio_Lewis": "¼ÁƤã¨ч¼ÁƱàÇÅÒɤáÅÊÇ¹$h"
}
