{
		"Rainy_Day_Wizard": "ˢÒ§¹Í¡½¹ıÒĥ§µ¡#$e#ˢÒĪÁĜÊä˴ǖ§¾ĥ§§Ò¹ã¹ á˅ÅÐàʡ´½¹àÅÂ˕Ð àʛ¹¤ÇÒÁړǪ¡чÍŸºÒÂä˴ÂÒ¡ę¡",
		"Rainy_Night_Wizard": "â̍ á˒ÅÐ à˨ÒàƫÂ¡âª¡Է§ĕÇàÅÂщ$3#$e#à˨ÒˉÒ¨Ð¶Í´àغÍ˼ÒàƫÂ¡æ ι¹ÍÍ¡¹Ð#$e#...$4",
		"Indoor_Day_Wizard": "ˢÒ¾ÂÒÂÒÁŇÒÍÒËÒÃà˪ÒɤˉÐà˪Ò׉ [194 210]#$e#äˑãʺÍÐäÃч»ÃÐƣµę¡ËÃÍ¡ á˅ġ¹š¹ä˴¹Ð$4",
		"Indoor_Night_Wizard": "ħ¹׉ˉÒËȧ´Ëŧ´ÁÒ¡àÅÂ...$s#$e#á˅à˕ÒàҳÍ§ħ¹¢Í§à˨Ò ã̋ˢÒğ§Ƥ¡˗ÒˢÒ˗Òġ¹˵Í§ ƱÍÐäÃǴºË˹ÒÁÒ¡¡˗Ò¢Í§ˢÒ àÂÍÐàÅÂ$7",
		"Outdoor_Wizard": "à˨ÒɤªÇ¹µÐǥ§ã˵áÊ§ÍÒŷµΒ¹Ð ÂÍ´ģ¡$6",
		"spring_Wizard": "ǖ§Äɤãºä́¼ƅá̅ÇËȓÍщ? ȝÁÁ",
		"summer_Wizard": "¡ÒÃà»ѕÂ¹Äɤ¡ÒÅʺÒ§àʥ¡˹ÍÂ àұÍàƧÂºāºàҳÍ§ÃÒÇ Է§ËÅÒÂã¹âÅ¡#$e#ǖ§¨Ð˗Òԧ¹ʁà¶ÍÐ ¤ÇÒÁ̃Í¹Ë˹Ò̃Í¹щġ¹ʁàʛ¹ Ъ§âË´̃ÒÂę¡...",
		"fall_Wizard": "»¡ŵÄɤ̃Í¹àʢ¹Í˒Ò§׉àÅÂËȓÍ?#$e#ÍÐäÃ¹Ð? щÄɤãºä́˓Ç§á̅Ç...?#$e#ˢÒ¤§˵Í§ÍÍ¡ä»àŴ¹ˢÒ§¹Í¡ ˺Ò§á̅Ç˕Ð...",
		"winter_Wizard": "ˢÒ˗ÒƋÁÐµ¡àұÍÇÒ¹¹Ð чģ¡",
		"Rainy_Day_0": "ˢÒ§¹Í¡½¹ıÒĥ§µ¡#$e#ˢÒĪÁĜÊä˴ǖ§¾ĥ§§Ò¹ã¹ á˅ÅÐàʡ´½¹àÅÂ˕Ð àʛ¹¤ÇÒÁړǪ¡чÍŸºÒÂä˴ÂÒ¡ę¡",
		"Rainy_Day_1": "ÍÒ ½¹...#$e#ˢÒÇÒ§á¼¹˗Ò¨ÐŇÒžƨч Ӣ§ÂÒ¡ħ¹׉ˉÐ$7",
		"Rainy_Day_2": "¡ÒÃŇÒĕÇã̋ӭ¹áÅÐá̋§àʛ¹ àҳÍ§ŚÒĄ­ã¹ħ¹áºº׉¹Ð чģ¡ щˉÒ¨ÐʺÇÂä˴ [395]$7",
		"Rainy_Day_3": "½¹ʴÍ¹ˢÒ§àʛ¹»ÃÐâÂªΉāº §Ò¹¢Í§ˢÒ#$e#á˅ˢÒړ˗Òġ¹Ă´¢ÇÒ§§Ò¹ ¢Í§à˨ÒƊ¹Ð ÂÍ´ģ¡ ºÍ¡ˢÒ ä˴¹Ð˶Òà˨Ò˵Í§¡ÒÃ¤ÇÒÁ ʺÇÂàËȕÍ¢Í§ˢÒ$8",
		"Rainy_Day_4": "ˢÒËħ§˗Ò¨ÐĞ²¹ÒàÇ·Á¹µΓ ¢Í§ˢÒ ¨¹ġ¹ȤÁÊÀÒ¾Ŵ¹˿Ò ÍÒ¡ÒÈä˴àÅÂ#$e#ġ¹àʛ¹àҳÍ§ÂÒ¡ ˢÒړ á˅ġ¹ ¨Ðàʛ¹»ÃÐâÂªΉ˅ÍàÃÒԷ§Ӵ Í˒Ò§ÁÒ¡àÅÂ$9",
		"Rainy_Night_0": "ħ¹׉ˢÒŇÒÍÐäÃä˴àÂÍÐàÅÂ$7#$e#ħ¹׉à˨ÒŇÒÍÐäÃä»˺Ò§˕Ð чģ¡?$9",
		"Rainy_Night_1": "ˢÒŇÒȫ»ÁÒʺÇÂã̋à˨ÒړǪ¡ ӭ¹ע¹˕Ð [236 219 456]#$e#ˢÒ... äˑàʱ§àҳÍ§ŇÒÍÒËÒÃ àˇÒäË˓ ˢÒ¢Íâ·É˴ÇÂá̅Çā¹ ˶Òġ¹äˑʴÍÂÍ˓ÍÂ$8",
		"Rainy_Night_2": "â̍ á˒ÅÐ à˨ÒàƫÂ¡âª¡Է§ĕÇàÅÂщ$3#$e#à˨ÒˉÒ¨Ð¶Í´àغÍ˼ÒàƫÂ¡æ ι¹ÍÍ¡¹Ð#$e#...$4",
		"Rainy_Night_3": "˺Ò¹ġ¹àƗÂºÁÒ¡àÅÂàÇÅÒ чà˨ÒÍÍ¡ä»ŇÒ§Ò¹#$e#à¾ÃÒÐÍÐäÃĪ¡Í˒Ò§ ġ¹Т§àƗÂºä»ƽ¡¾Í½¹µ¡#$e#ˢÒƤã¨чà˨ÒÍԒ˺Ò¹¹Ð$9",
		"Rainy_Night_4": "ˢÒ¾º˗Òġ¹ʷÒÂע¹àÂÍÐàÅÂ ч¨Ð¹Í¹ã̋ËĥºàÇÅÒƱ àƺÂ§½¹àʛ¹خ¹Ëĥ§ˉÐ",
		"Indoor_Day_0": "ˢÒÍÒ¨¨Ð¾º¸ÒȵãËˑàˢÒá̅Ç#$e#ħ¹׉ˢÒ¤§Ӣ§ËˉÍÂ¹Ð",
		"Indoor_Day_1": "ˢÒ»˕ÍÂã̋˺Ò¹Ã¡àš¹ä»á̅Ç$s#$e#ˢÒ¨ÐŇÒ¤ÇÒÁÊÐÍÒ´àÍ§ à˨Òäˑ˵Í§ā§ÇÅàҳÍ§Թ¹ËÃÍ¡",
		"Indoor_Day_2": "ˢÒà¨ÍáÁ§ɁÁã¡̅æ āºàƥÂ§àұÍֱ׉#$e#äˑ˵Í§ā§ÇÅËÃÍ¡¹Ð ˢÒ˚§ġ¹ä»Ɓŵҽ¹Í˒Ò§àƗÂºæ á̅Ç$7",
		"Indoor_Day_3": "ˢÒÅÍ§ŇÒÍÒËÒÃà˪ÒɤˉÐħ¹׉ [194 210]#$e#äˑãʺÍÐäÃч»ÃÐƣµę¡ËÃÍ¡ á˅ġ¹š¹ä˴¹Ð$4",
		"Indoor_Day_4": "щ ÅÍ§ŪÁщƊ чģ¡ [195]$7#$e#ˢÒ˗ÒˢÒŇÒÍÒËÒÃàʱ§ע¹ Ź´Ǚ§á̅Ç˕Ð$7#$e#à»˕Ò ġ¹äˑãʺäʲàƘÂÇƇàÈÉËÃÍ¡...$4",
		"Indoor_Night_0": "щàËȕÍÁÒ¨Ò¡žƨ¢Í§ˢÒ ħ¹׉ˉÐÂÍ´ģ¡ ˢÒŤ´˗Òà˨Ò ÍÒ¨¨Ðã˪ġ¹ä˴ [66 767 90 259 394 440]$7",
		"Indoor_Night_1": "чģ¡ ˢÒŇÒ¤ÇÒÁÊÐÍÒ´˺Ò¹á̅Ç¹Ð ħ¹׉$9",
		"Indoor_Night_2": "ˢÒ¾ÂÒÂÒÁŇÒˢÒÇàʢ¹ á˅ġ¹äË́...$8#$e#ˢÒàÅÂ˵Í§àÍÒž«ʻÒáʺáʂ§ ÁÒӭ¹ˉÐ Ëħ§˗Òà˨Ò¨Ðäˑ˗ÒÍÐäÃ¹Ð [206]",
		"Indoor_Night_3": "ˢÒŇÒÍÒËÒÃàʢ¹ä̇˕Ð ÂÍ´ģ¡! Ī­­Ò˗Òäˑä˴ãʺàÇ·Á¹µΓ àÅÂ¤ÃÒÇ׉ [218 730 649]$7#$e#Ëħ§˗Òà˨Ò¨ÐªÍº¹Ð$9",
		"Indoor_Night_4": "ħ¹׉ˉÒËȧ´Ëŧ´ÁÒ¡àÅÂ...$s#$e#á˅à˕ÒàҳÍ§ħ¹¢Í§à˨Òã̋ˢÒ ğ§Ƥ¡˗Ò ˢÒ˗Òġ¹˵Í§ƱÍÐäÃ ǴºË˹ÒÁÒ¡¡˗Ò¢Í§ˢÒàÂÍÐàÅÂ$7",
		"Outdoor_0": "ˢÒ¾º˗ÒºÒ§ħ¹ ˢÒŤ´ÍÐäÃ ä˴Ƥע¹ˢÒ§¹Í¡щ á˅ºÒ§ħ¹ ġ¹ʁĂ´¢ÇÒ§¤ÇÒÁŤ´ˢÒ#$e#ġ¹ˉÒËȧ´Ëŧ´àËȑÍ¹ā¹¹Ð$a",
		"Outdoor_1": "à˨Òä˴ä»àђÂÁËɅÁÈ¾ԋà˨Ò ˺Ò§ËȓÍà»˕ÒàʣÇæ ׉ˉÐ?#$e#ġ¹ɤƱ¾ĥ§§Ò¹àËȉÍ¸ÃÃÁªÒŵ àÂÍÐàÅÂá¶ÇԹ¹",
		"Outdoor_2": "ºÍ¡ˢÒ¹Ð˶Òà˨Ò˵Í§¡ÒÃ ã̋ˢÒʺÇÂÍÐäÃˉÐ чģ¡$9#$e#ºÒ§¤Ճ§ˢÒʁġÇá˅ŇÒ§Ò¹ ¢Í§ˢÒ ¨¹ȕÁä»˗Ò§Ò¹à˨Òʁ Ëę¡àËȑÍ¹ā¹",
		"Outdoor_3": "ħ¹׉ÍÒ¡ÒÈƤàÅÂ¹Ð ˗ÒՁÂ?$7#$e#ˢÒƱ§Ò¹˵Í§ä»ŇÒ á˅Ğ¡Ī¡à݋ÂÇʁ¤§Ƥ$9",
		"Outdoor_4": "à˨ÒɤªÇ¹µÐǥ§ã˵áÊ§ÍÒŷµΒ¹Ð ÂÍ´ģ¡$6",
		"OneKid_0": "ˢÒ˵Í§ÂÍÁģº ˢÒá·ºäˑړ ÍÐäÃàÅÂàҳÍ§àוÂ§àʔ¡$s#$e#á˅ˢÒ¨Ð¾ÂÒÂÒÁŇÒĕÇ Ʊ»ÃÐâÂªΉã̋ÁÒ¡чɊ´¹Ð",
		"OneKid_1": "ˢÒ˗Ò %kid1 ªÍºˢÒá̅Ç˕Ð...$s#$e#ġ¹àʛ¹àҳÍ§чžǥ¡ÁÒ¡ ¡ÒÃàʛ¹ˎÍ¤¹... á˅ġ¹ʁړǪ¡لÁʴÒá»Å¡æ ƤàËȑÍ¹ā¹¹Ð$7",
		"OneKid_2": "ˢÒ¨ÐàУÁÊÍ¹ %kid1 ǖ§ÈÒÊµΓá˛§àÇ·Á¹µΓàʣÇæ ׉á̅Ç¹Ð#$e#ġ¹ƤчɊ´ч¨ÐàУÁԵ§á˅ ÍÒɂ˹ÍÂˉÐ",
		"OneKid_3": "ɵ¡¢Í§ˢÒàÍ§... ˢÒäˑà¤ÂŤ´àÅÂ˗Ò¨ÐƱħ¹ ä˴àʫ¹ħ¹׉$7",
		"TwoKids_0": "ġ¹ɤàËȑÍ¹˗Ò %kid1 ¨ÐäˑªÍº %kid2 àˇÒäË˓àÅÂ¹Ð$8#$e#ˢÒäˑړËÃÍ¡¹Ð á˅ˢÒ˝Ò¹ÁÒ Ź´ËˉÍÂ˗Òġ¹àš´ע¹ä˴µÒÁ ¸ÃÃÁªÒŵ",
		"TwoKids_1": "ġ¹ŇÒã̋à˨ÒŕÒºÒ¡ã¨ ËȓÍà»˕Òчړ˗Ò %kid1 āº %kid2 ÍÒ¨¨ÐƱю˹Í§˅Ò§áˑÍԒ ˇÒÁ¡ÅÒ§¤¹ã¹Ëԑ˺Ò¹ˉÐ?$8",
		"TwoKids_2": "%kid1 ĕÇãËʽע¹ÁÒ¡àÅÂʺÇ§׉ ǖ§àÇÅÒá̅Ç˕Ðч¨Ð˵Í§àУÁ ǝ¡½¹àÇ·Á¹µΓ$9#$e#%kid2 Ģ§àʔ¡ä»ÁÒ¡ˉÐ",
		"TwoKids_3": "ŚÒËģºЪ§чƚƇµчĕÇàʥ¡ ¢¹Ò´׉ ·ÒÃ¡щš¹àÂÍÐÁÒ¡àÅÂ ġ¹ŇÒã̋ˢÒ»ÃÐËÅÒ´ã¨ˉÐ á̅ÇˢÒˉÐʁàʛ¹ǖ§¨ÍÁàÇ·Β ڌĺÒ¹Ò­ÈÒÊµΓá˛§àÇ·Á¹µΓ ȷ¡á¢¹§ч·Ã§¾ĥ§Ɋ´æ àÅÂ¹Ð$s",
		"Good_0": "ˢÒà¤ÂŤ´˗Ò ˢÒ˵Í§ÍԒÍ˒Ò§ àƤÂÇ´ÒÂµÅÍ´ä» ¨¹¡ÃÐη§ ˢÒ¾ºà˨Ò @ ˢÒäˑړÁÒʱÍ¹àÅÂ˗Ò¤¹ÊÍ§¤¹ ¨ÐÊÒÁÒÃ¶ģ¡áÅÐʺÇÂàËȕÍ ā¹ä˴àƮÂ§׉$7",
		"Good_1": "ˢÒËħ§˗Òà˨Ò¨Ðړ¹Ð˗Òħ¹׉ à˨ÒË˕Í¢¹Ò´äË¹ ÂÍ´ģ¡$6^ˢÒËħ§˗Òà˨Ò¨Ðړ¹Ð˗Òħ¹׉ à˨ÒÊÇÂ¢¹Ò´äË¹ ÂÍ´ģ¡$6",
		"Good_2": "ˢÒړ˗ÒˢÒáÊ´§ÍÍ¡äˑàʱ§ á˅ˢÒģ¡à˨Ò¹Ð @$4#$e#à˨Òàʛ¹âÅ¡Է§ãºŚÒËģºˢÒ$6",
		"Good_3": "ÃÐħ§ĕÇ¹Ð чģ¡ ġ¹ƱЪ§ ÁīÈ¨ÃÃΒÁÒ¡ÁÒÂÃÍºæ ¿ÒΓÁщ á˅Ī­­ÒāºˢÒ¹Ð˗Ò à˨Ò¨Ð¡ĥº˺Ò¹ÁÒàÊÁÍ$9",
		"Good_4": "¢ÍºȤ³¹Ðчà˨Ò·¹š¹¢Í§чˢÒ ŇÒµÅÍ´ˉÐ ÂÍ´ģ¡... ǖ§á́ġ¹ÍÒ¨¨Ðäˑä˴ƤчɊ´",
		"Good_5": "ˢÒÍÒ¨¨Ðàʛ¹ڌã˪¤Ò¶Ò á˅à˨ÒŇÒã̋ˢÒµ¡ÍԒÀÒÂã˵ Á¹µΓÊÐ¡´¢Í§à˨Ò¨ƃ§æ чģ¡$7#$e#...ι¹ġ¹˛ÇÂƊ¹Ð ¢Íâ·É˴ÇÂ$4",
		"Neutral_0": "ˢÒړǪ¡ǖ§¡ÒÃ»ÃÒ¡¯ĕÇ¢Í§ ÍƤµÀÃÃÂÒˢÒǴ¹ʱÍ¹ á̅ÇˢÒ ʁҥ¹ÁÒµÍ¹à˪ÒÍ˒Ò§»Ç´īÇ ÁÒ¡æ àÅÂ...$s",
		"Neutral_1": "ħ¹׉à˨ÒÇÒ§á¼¹¨ÐŇÒÍÐäÃàËÃÍ ÂÍ´ģ¡?",
		"Neutral_2": "àŧ¹ã¹¿ÒΓÁàÃÒàʛ¹Ģ§ä§ ˺Ò§ԧ¹ËȓÍ?#$e#˶Ò¾Ç¡àÃÒÍԒã¹Ê¶Ò¹¡ÒÃ΃ ŕÒºÒ¡˕Ðʁ ˢÒ¨ÐʺÇÂȷ¡·Ò§ чˢÒʺÇÂä˴ §Ò¹ˢÒˉÐÃÍä˴",
		"Neutral_3": "¡ÒÃŇÒÍÒËÒÃщàʛ¹ä˴Է§§Ò¹ чˉÒËȧ´Ëŧ´áÅÐˉÒҚ¹ã¨ àÅÂ¹Ð$s",
		"Neutral_4": "ɋºà¢Òщàʛ¹ччƇàÈÉÁÒ¡ ã¹¡ÒÃǨ¡ÉÒàÇ·Á¹µΓ",
		"Bad_0": "Í˒ÒàО§ÁÒӢ§āºˢÒ ˢÒӢ§ÍԒ$5",
		"Bad_1": "à݋ÂÇ׉à˨Òá·ºäˑȤÂāºˢÒàÅÂ ġ¹ÃÒÇāº˗ÒˢÒĢ§ÍÒĨÂÍԒ ¤¹àƤÂÇчËÍ¤ÍÂ¢Í§ˢÒ$s",
		"Bad_2": "...$s",
		"Bad_3": "ˢÒƱÍƤµÀÃÃÂÒá̅Ç ŇÒáºº׉ ˅Íä»á̅ÇˢÒ¤§ƱÍƤµÊÒƱ˴ÇÂ$5^ˢÒƱÍƤµÀÃÃÂÒá̅Ç ŇÒáºº׉ ˅Íä»á̅ÇˢÒ¨ÐƱÍƤµÀÃÃÂÒ àОÁע¹ƽ¡¤¹$5",
		"Bad_4": "à˨Òàʛ¹¤¹чá˒ÁÒ¡ àËȑÍ¹ āº¤¹чàËȕÍã¹àȑÍ§чɦ¡ ·Í´֗§щι¹áËÅÐ$5",
		"funLeave_Wizard": "ˢÒ˵Í§ä»ŇÒÍÐäÃºÒ§Í˒Ò§ ¹Ðħ¹׉#$e#äˑ˵Í§˛Ç§ˢÒËÃÍ¡ ÂÍ´ģ¡... ƽ¡äˑ¹Ò¹ˢÒʁ¡ĥºÁÒ$9",
		"funReturn_Wizard": "ġ¹ʁá»Å¡Ƥ¹Ð... ËÍ¤ÍÂ¢Í§ˢÒäˑƱÍÐäÃ à»ѕÂ¹ä»àÅÂ á˅µÍ¹׉чι¹ ġ¹ړǪ¡˗Ò§à»˕ÒÁÒ¡$8#$e#ˢÒà¤ÂŪ¹ч¨ÐÍԒ¤¹àƤÂÇ ÁÒµÅÍ´ á˅µÍ¹׉ˢÒÃÍч¨Ð ¡ĥº˺Ò¹ÁÒà¨Íà˨Òá·º äˑäËÇá̅Ç$6",
		"spring_1": "ƫãËˑ... Ëħ§˗Òġ¹¨ÐàʕÁä»˴ÇÂàҳÍ§Ƥæ ŚÒËģºàÃÒԷ§Ӵ¹Ð",
		"spring_12": "ˢÒäˑàˢÒã¨Ȩ´»ÃÐÊ§ʹ¢Í§ à·È¡ÒÅħ¹¾ӣ§׉àÅÂ#$e#ɤàËȑÍ¹àʛ¹¡ÒÃã˪äʲч à»˕Ò»ÃÐâÂªΉÁÒ¡...$s#$e#á˅ˢÒʁ¨Ðä» ˶Òà˨Òä»¹Ð ÂÍ´ģ¡",
		"spring_23": "¤ÇÒÁŤ´ч˗Ò˵Í§à˵¹˅ÍË˹Ò ¤¹Է§Ëԑ˺Ò¹щġ¹äˑˉÒÍƀÃÁΒ àÍÒ«ÐàÅÂ#$e#á˅ˢÒ¨ÐÍ´·¹... àҮÍà˨Ò¤¹àƤÂÇàÅÂ¹Ð чģ¡$4",
		"summer_1": "ˢÒ¾º˗Òġ¹ÂÒ¡ч¨ÐԵ§ÊÁÒŸ ¡ÅÒ§¤ÇÒÁ̃Í¹Ë˹Ò̃Í¹ чá¼´à¼Ò...#$e#ºÒ§ƧˢÒÍÒ¨¨Ð˓ÒÂÁ¹µΓ»ģº ÊÀÒ¾ÍÒ¡ÒÈĪ¡Í˒Ò§$3",
		"summer_10": "ºÍ¡äˑä˴àÅÂ˗Ò¨Ðàš´ÍÐäÃ ע¹ ˶Òà˨Òã˚¢Í§ƇàÈÉÅ§ä» ã¹ȫ»¾ӣ§׉$3#$e#...ˢÒá¹ÐŉÒ˗Òà˨ÒÍ˒ÒŇÒ áººԹ¹¨ÐƤ¡˗Ò",
		"summer_27": "ˢÒ¾º˗Ò¡ÒÃÁÍ§ɤáÁ§¡ÃÐ¾Ƀ¹ áÊ§Ĉ¹·Γġ¹ˉÒˌÍ¹¤ÅÒÂ ƧàƤÂÇ#$e#àÃÒÁÒˌÍ¹¤ÅÒÂä»˴ÇÂā¹ à¶ÍÐ$6",
		"fall_1": "ãºä́˓Ç§àʛ¹Äɤâ»Ã´¢Í§ˢÒ ˢÒá·º¨Ðä˴¡Х¹àÇ·Á¹µΓ ã¹ÍÒ¡ÒÈ ч˕Í§ÅÍÂÃÍºàÃÒ ÃÒÇāºÊÒÂÅÁä˴àÅÂ$9",
		"fall_15": "§Ò¹áÊ´§Ɗ¹ˤÒàʛ¹чŹÂÁ ¾ÍÊÁ¤ÇÃàÅÂãʺՁÂ?#$e#ˢÒªÍºч¨ÐàѕÂ§ڌ¤¹ËԑÁÒ¡ ÁÒ¡¡˗Ò... á˅ˢÒТ§¡˗Ò àʕÁã¨ч¨Ðä» ˶Òġ¹àʛ¹¡ÒÃ ä˴ã˪àÇÅÒÍԒāºà˨ÒÁÒ¡ע¹ ˕Ðʁ¹Ð ÂÍ´ģ¡$9",
		"fall_26": "ˢÒʴÍ¹ˢÒ§ªÍº§Ò¹¾ӣ§׉¹Ð ¨ƃ§æ á̅ÇˢÒʺÇÂĈ´§Ò¹˴ÇÂ äˑ˗Òà˨Ò¨ÐàҚÍËȓÍäˑʁµÒÁ#$e#Ëħ§˗Òà¢ÒÇ§¡µ¨ÐäˑˉÒ¡ĥÇ àš¹ä»ŚÒËģºà˨Ò¹Ð ÂÍ´ģ¡$7",
		"winter_1": "ƋÁÐщġ¹ã̋¤ÇÒÁړǪ¡àƗÂºÊ§º âÃáÁ¹ŵ¡ ãʺՁÂ˕Ð чģ¡?#$e#¾ÂÒÂÒÁŇÒĕÇã̋ӭ¹¹Ð... ˢÒ¨ÐʺÇÂчʺÇÂä˴ÅÐā¹$6",
		"winter_7": "ˢÒã˪àÇ·Á¹µΓʺÇÂà˨Ò ã¹¡ÒÃáʲ§Ă¹¾ӣ§׉ä˴¹Ð á˅ˢÒړ˗Òà˨Òäˑ˵Í§ã̋ˢÒ ʺÇÂËÃÍ¡#$e#...á˅˶ÒÍÂÒ¡ã̋ʺÇÂʁºÍ¡˕Ð$7",
		"winter_24": "à·È¡ÒÅ¾ӣ§׉ˉÐɤä̃»ÃÐâÂªΉ ˉÒɤàÅÂ#$e#ÍÒƚ¾¸ÃÃÁ´ÒԷ§ËÅÒÂäˑلÁ ч¨Ðä»ŕÒºÒ¡ã̋Է§Թ¹áËÅÐ",
		"winter_28": "àʛ¹ƫчƇàÈÉ¨ƃ§æ àÅÂãʺՁÂ?$7#$e#ãʺ... ˢÒҤÁä»Ź´ËˉÍÂˉÐ ÁÒщƊ ÁÒҤÁāºˢÒ [346]$6#$e#ҤÁã̋āºƫчˉÒ»ÃÐėºã¨ƽ¡ƫ ÂÍ´ģ¡",
		"spouseRoom_Wizard": "#$c .5#țÁ... à˕ÁÊÒÁáÅÐà˕Áњ... à˕ÁњáÅÐà˕Á̋Ò...#$e#äˑ äˑ ι¹äˑãʺ...$5#$e#ˢÒàÍÒËę§ȚÍι¹ä»ä̇чäË¹ ā¹¹Ð...?$5",
		"patio_Wizard": "...țÁ? ġ¹ǴÍÇ§àÇ·щ"
}
