{
		"Rainy_Day_Linus": "ʺÒ§àʛ¹ħ¹ч ÊÇÂ§ÒÁÍÐäÃÍ˒Ò§׉ àұÍ§Ò¹¢Í§Ȥ³àÊʣ¨á̅Ç ä»àŴ¹à˕¹˴ÇÂā¹à¶ÍÐ$h#$e#½¹ˉÐâÃáÁ¹ŵ¡¹Ð Ȥ³äˑŤ´áººԹ¹ËÃÍ?$4",
		"Rainy_Night_Linus": "ħ¹׉ ¼ÁÍÍ¡ä»àŴ¹à˕¹ÃÐÂÐՊ¹ æ  ÁÒ˕Ð áʴÅ§ä»чˋÒàÍ§#$e#µÍ¹ч½¹µ¡ ·ÐàÅÊÒ»ɤɊ¢Ê§ºÁÒ¡$h",
		"Indoor_Day_Linus": "š¹ÍÒËÒÃà˪ÒĪ¡ËˉÍÂƊ чģ¡ [232 227 197]$h#$e#ÍÐäÃ¹Ð...? ι¹äˑãʺÍÒËÒÃà˪Ò...?$s",
		"Indoor_Night_Linus": "ħ¹׉ ¼ÁŇÒ¤ÇÒÁÊÐÍÒ´˺Ò¹˴ÇÂ˕Ð чģ¡ ġ¹Ʊâ¤Å¹ÍԒã¹˺Ò¹àÂÍÐàÅÂ#$e#",
		"Outdoor_Linus": "ħ¹׉˿ÒàŻ´á̅Çʁ ªÇ¹ÁÍ§ÁÒ¡àÅÂ ãʺäËÁ˕Ð @?$h",
		"spring_Linus": "àʛ¹ƽ¡Ëѹ§ħ¹ ã¹Äɤãºä́¼ƅчÊ´ãÊ ʺÒ§àʛ¹ħ¹чˉÒã˪āº чģ¡¢Í§¼ÁàƺÂ¨ƃ§$h",
		"summer_Linus": "Í˒ÒȕÁĞ¡ˌÍ¹˴ÇÂ˕Ð чģ¡ ˓Ò§¡ÒÂ¢Í§Ȥ³ ¨Ðä˴àʢ¹Å§˺Ò§ ˢÒ§¹Í¡ġ¹̃Í¹ÁÒ¡ àËȑÍ¹ıÒĥ§àȄÍ´àÅÂ$h",
		"fall_Linus": "Äɤãºä́¼ƅʺÒ§àʛ¹ ʺÇ§àÇÅчƤ¢Í§ƫ¨ƃ§ æ $h",
		"winter_Linus": "̇ÒÇ... ƋÁÐ¨Ð˵Í§µ¡µÅÍ´Ǵ¹áˉàÅÂ$h",
		"Rainy_Day_0": "àʛ¹ħ¹чÊÇÂ§ÒÁĈ§ àұÍ§Ò¹¢Í§Ȥ³àÊʣ¨á̅Ç ä»àŴ¹à˕¹˴ÇÂā¹à¶ÍÐ$h#$e#½¹ˉÐâÃáÁ¹ŵ¡¹Ð Ȥ³äˑŤ´áººԹ¹ËÃÍ?$4",
		"Rainy_Day_1": "àƺÂ§à»ÒÐá»Ð¢Í§½¹ ŇÒã̋¼ÁǙ¡ǖ§ɰà¢Ò#$e#ɰà¢ÒˇÒÁ¡ÅÒ§ÊÒÂ½¹ ɤˉÒѷ§ÁÒ¡ á˅¡ÒÃäˑ˵Í§ā§ÇÅàҳÍ§ àʕ¹·¨Ðɦ¡թÒˇÇÁʁàʛ¹ àҳÍ§чƇàÈÉÁÒ¡$h",
		"Rainy_Day_2": "˝Ðщ чģ¡¢Í§¼Á Ȥ³¨Ð˵Í§¡ÒÃЪ§׉ àҮÍŇÒã̋Ȥ³Íºӭ¹ã¹ħ¹׉ [395]$h",
		"Rainy_Day_3": "¼ÁŤ´˗Òħ¹׉¼Á¨Ð ÍÍ¡ä»àŴ¹à˕¹Ī¡ËˉÍÂ$h#$e#ɋºà¢ÒɤƱ¤ÇÒÁɊ¢àÊÁÍ àұÍä˴ҤÁϤÒāºթÒ½¹",
		"Rainy_Day_4": "ɤàËȑÍ¹Ëĥ§¤Ò¨ÐσÇ¹Ð$s#$e#äˑ˵Í§ā§ÇÅ¹Ð ËÇÒ¹ã¨¢Í§¼Á ¼Á¨ÐĈ´¡ÒÃġ¹àÍ§$h",
		"Rainy_Night_0": "àƺÂ§¢Í§½¹àʛ¹àƺÂ§¡˕ÍÁ чÊÁɪÃ΃áººŚÒËģº¡ÒÃ¹Í¹#$e#ġ¹ŇÒã̋¼ÁǙ¡ǖ§˺Ò¹$h#$e#ä»¹Í¹ā¹à¶ÍÐ чģ¡$4",
		"Rainy_Night_1": "Ȥ³àƫÂ¡âª¡àÅÂ! ÁÒàÍÒȤ³ÍÍ¡¨Ò¡àغÍ˼ÒàƫÂ¡ æ щā¹à¶ÍÐ$l",
		"Rainy_Night_2": "ħ¹׉ ¼ÁÍÍ¡ä»àŴ¹à˕¹ÃÐÂÐՊ¹ æ  ÁÒ˕Ð áʴÅ§ä»чˋÒàÍ§#$e#µÍ¹ч½¹µ¡ ·ÐàÅÊÒ»ɤɊ¢Ê§ºÁÒ¡$h",
		"Rainy_Night_3": "ħ¹чäˑƱȤ³ ġ¹àË§ÒÁÒ¡àÅÂ ËÇÒ¹ã¨#$e#¼ÁƤã¨чȤ³ÍӢ˺Ò¹á̅Ç$4",
		"Rainy_Night_4": "àÍÒщä»Ɗ ËÇÒ¹ã¨ ŇÒã̋˓Ò§¡ÒÂ¢Í§Ȥ³Íºӭ¹ ˴ÇÂ¢Í§Í˓ÍÂ æ Ī¡ËˉÍÂ [727 728 457]$h",
		"Indoor_Day_0": "¡ÒÃч˵Í§ÍԒã¹˺Ò¹ ġ¹ŇÒã̋¼ÁړǪ¡Ƈµ¡ā§ÇÅ àʛ¹ºÒ§¤Ճ§$s#$e#á˅ġ¹Ʊ§Ò¹ч˵Í§ŇÒˉÐ¹Ð ĉ¹äˑàʛ¹äÃ$h",
		"Indoor_Day_1": "ƍ¹ÍÒËÒÃàˢÒĪ¡ËˉÍÂƊ чģ¡¢Í§¼Á [232 227 197]$h#$e#ÍÐäÃ¹Ð...? ι¹äˑãʺÍÒËÒÃà˪Ò...?$s",
		"Indoor_Day_2": "˶ÒȤ³¾ºáÁ§ɁÁã¹˺Ò¹˕Ðʁ ä˴â»Ã´Í˒ÒʶÒġ¹àÅÂ¹Ð! áʴºÍ¡¼Áá̅Ç¼Á¨Ð àÍÒġ¹ÍÍ¡ä»àÍ§",
		"Indoor_Day_3": "ħ¹׉¨Ð˵Í§àʛ¹ ħ¹чƇàÈÉÁÒ¡áˉ æ $h#$e#¨ÐºÍ¡Ģ§ä§Ƥ˕Ð? ¼ÁÍԒµÃ§׉āºȤ³ ãʺäËÁ˕Ð?$h",
		"Indoor_Day_4": "ġ¹ƱЪ§àʥ¡ æ ÁÒ¡ÁÒÂч¨ÐŇÒã̋ Ȥ³Ʊ¤ÇÒÁɊ¢àұÍȤ³ á˅§§Ò¹āºã¤ÃĪ¡¤¹ чɊ´ÂÍ´ÁÒ¡ æ Í˒Ò§Ȥ³ˉÐ @ $4",
		"Indoor_Night_0": "ã̋¼ÁʺÇÂã̋Ȥ³ˌÍ¹¤ÅÒÂ¹Ð чģ¡#$e#ħ¹׉Ȥ³ŇÒ§Ò¹ ËÅÒÂÍ˒Ò§àÅÂ ¡̅ÒÁàةÍ¢Í§Ȥ³¨Ð˵Í§ àËҩÍÂ̅ÒÁÒ¡áˉ æ",
		"Indoor_Night_1": "¼ÁƤã¨чȤ³¡ĥºÁÒ˺Ò¹á̅Ç¹Ð чģ¡ ħ¹чäˑƱȤ³ġ¹ÂÒÇ¹Ò¹ àËȕÍàš¹$h#$e#ÁÒã˪àÇÅÒÂÒÁàʢ¹àƗÂº æ ˴ÇÂā¹ÊÍ§¤¹à¶ÍÐ",
		"Indoor_Night_2": "ħ¹׉¼Áàʁº¡ÇÒ´˺Ò¹˴ÇÂ˕Ð ËÇÒ¹ã¨ ġ¹Ʊâ¤Å¹ÍԒã¹˺Ò¹àÂÍÐàÅÂ#$e#",
		"Indoor_Night_3": "Ȥ³Է§ɤ¡ÃÐà«ÍÐ¡ÃÐàū§ Է§àʋ¡лËĥ§¨Ò¡чŇÒ§Ò¹Ëę¡ ÁÒԷ§ħ¹$4",
		"Indoor_Night_4": "ÍÒËÒÃàʢ¹ÍԒщá̅Ç чģ¡ [242 202 226]#$e#¼ÁËħ§˗ÒȤ³¨ÐªÍºġ¹¹Ð$h",
		"Outdoor_0": "¸ÃÃÁªÒŵŤ´ǖ§¼Á$h#$e#á˅Í˒Òā§ÇÅä»àÅÂ чģ¡ ¼Áģ¡Ȥ³ÁÒ¡¡˗Ò¾Ç¡˵¹ä́ ËȓÍ¾Ç¡»ÅÒ ËȓÍÍÐäÃʁµÒÁч¸ÃÃÁªÒŵƱ$4",
		"Outdoor_1": "áʴºÍ¡ã̋¼Áړ ˶ÒȤ³˵Í§¡ÒÃã̋¼ÁŇÒÍÐäÃ¹Ð чģ¡ ¼Áړ˗ÒȤ³Ӣ§áʴäË¹s$h",
		"Outdoor_2": "ÍÒ¡ÒÈчÊ´Қ¹ġ¹Ƥ˅Í ŨµƇ­­Ò³¢Í§àÃÒ#$e#¼Á¨Ðä»ÍԒµÃ§˹¹ ˶ÒȤ³˵Í§¡ÒÃÍÐäÃ!$h",
		"Outdoor_3": "ħ¹ʱÍ¹¼Áà¨ÍЪ§׉º¹ɰà¢Ò˕Ð чģ¡ [80 721 93]#$e#¼ÁËħ§˗Ò ġ¹¨ÐƱ»ÃÐâÂªΉ¹Ð!$h",
		"Outdoor_4": "ħ¹׉˿ÒàŻ´á̅Çʁ ªÇ¹ÁÍ§ÁÒ¡àÅÂ ãʺäËÁ˕Ð @?$h",
		"OneKid_0": "%kid1 ÊÁɪÃ΃áººàËȕÍàš¹ @ ¼ÁƱ¤ÇÒÁɊ¢ÁÒ¡àÅÂ!$h",
		"OneKid_1": "¼ÁıÒĥ§ŇÒĕÇã̋ل¹à¤Âāº ¡ÒÃàʛ¹ˎÍÍԒ#$e#Ȥ³ɤ¨ÐàˢÒã¨ Ƈƨ¡ÒÃàוÂ§ɤàʔ¡Í ˒Ò§·ÐɅ»Ƀâ»˓§àÅÂ¹Ð @ ¼Áړ˗Ò¼ÁѾ§¾ÒȤ³ä˴$h",
		"OneKid_2": "¾Ç¡àÃÒʺÒ§àʛ¹¤ÃÍº¤ģÇàʥ¡ æ чáÊ¹ÁīÈ¨ÃÃΒ ¼Áäˑà¤ÂŤ´àÅÂ˗Ò¼Á¨Ðä˴ ƱƚƇµáºº׉$h",
		"OneKid_3": "%kid1 ĕÇ˹ÍÂ æ ıÒĥ§ĕÇãËʽע¹á̅Ç! ġ¹ĭÈ¨ÃÃΒÁÒ¡чàʔ¡ĕÇàʥ¡ æ ÊÒÁÒÃ¶ĕÇâµע¹ä˴ÁÒ¡ ã¹ʺÇ§àÇÅÒՊ¹ æ àËȑÍ¹˵¹¡̅Òàʥ¡ æ ã˵áÊ§ÍÒŷµΒ",
		"TwoKids_0": "¼ÁŤ´˗Ò¼Ááʱàš¹¡˗Ò ч¨ÐƱɵ¡ä˴á̅Ç$h#$e#¼ÁƤã¨ч¼ÁàˢÒã¨ż´! ¡ÒÃä˴àʛ¹ˎÍġ¹àђÂÁÁÒ¡",
		"TwoKids_1": "¾Ç¡àÃÒƱ¤ÃÍº¤ģÇàʥ¡ æ чÊÁɪÃ΃áººÍÐäÃ¢¹Ò´׉!$h#$e#¼Áģ¡Ȥ³ @$4",
		"TwoKids_2": "àÃÒ¾Ò %kid1 ä»µ¡»ÅÒā¹à¶ÍÐ ËÇÒ¹ã¨ àÃÒюàוÂ§àʔ¡ã̋ %kid2 ä˴ÍԒá̅Ç",
		"TwoKids_3": "¼Á˻Í¹ÍÒËÒÃã̋ %kid1 āº %kid2 á̅Ç¹Ð äˑƱÍÐäÃчȤ³˵Í§˛Ç§$h",
		"Good_0": "¼Áäˑà¤ÂړǪ¡Í˒Ò§׉ āº¤¹ҽ¹ÁÒʱÍ¹àÅÂ @ ¼Áģ¡Ȥ³Ĉ§$4",
		"Good_1": "ħ¹׉Ȥ³ɤˉÒѷ§Ĉ§àÅÂ ËÇÒ¹ã¨$h#$e#¼ÁËħ§˗ÒȤ³¨Ð Ʊħ¹чàђÂÁÂÍ´¹Ð$4",
		"Good_2": "Ȥ³ɤˉÒËÅ§ãËÅÍ˒Ò§à¤ÂàÅÂ чģ¡¢Í§¼Á$4#$e#ǖ§á́˗Ò¨ÐàÅÍÐâ¤Å¹ʁµÒÁ$h",
		"Good_3": "¼Áà¤ÂŤ´˗Ò ¼ÁƱ¤ÇÒÁɊ¢āº¡ÒÃÍԒ¤¹àƤÂÇ... á˅Ëĥ§¨Ò¡Թ¹¼Áʁ¾ºāºȤ³ ËÇÒ¹ã¨¢Í§¼Á$4#$e#¼Áäˑà¤ÂړÁÒ¡ʱÍ¹àÅÂ˗Ò ¡ÒÃä˴µ¡ËɅÁģ¡ġ¹¨Ð Ʊ¤ÇÒÁɊ¢ä˴ÁÒ¡¢¹Ò´׉$h",
		"Good_4": "ħ¹׉Ȥ³¨Ðä»àËȑÍ§ǣà»˕Ò чģ¡?#$e#¾¡ĭ¹׉ä»˴ÇÂƊ ¤ÇÒÁ»ÅÍ´ĠÂ¢Í§Ȥ³ àʛ¹àҳÍ§ĸÒàʛ¹¹Ð [773]",
		"Good_5": "¼Áģ¡Ȥ³¹Ð @ áʴÍÂÒ¡ºÍ¡ã̋Ȥ³ړ àÍÒä̇ˉÐ$h",
		"Good_6": "¡ÒÃá˅§§Ò¹āºȤ³ àʛ¹¡ÒÃĕ´Ɗ¹ã¨чƤчɊ´ ч¼Áà¤ÂŇÒÁÒ ¼ÁƱ¤ÇÒÁɊ¢ÁÒ¡àÅÂ˕Ð$h#$e#¼ÁËħ§˗ÒȤ³¨ÐړǪ¡ àËȑÍ¹ā¹āº¼Á¹Ð$4",
		"Good_8": "ÁÒɘº¼ÁËˉÍÂƊ чģ¡$4",
		"Good_9": "Ȥ³ÊÁɪÃ΃áººàËȑÍ¹à¤ÂàÅÂ ËÇÒ¹ã¨#$e#Ȥ³äˑáʱע¹àÅÂĪ¡ħ¹$h",
		"Neutral_0": "Ȥ³à¤ÂŤ´àҳÍ§ŵ´Ë˹Ò˅Ò§ àОÁ˺Ò§äËÁ? ¼ÁªÍºáÊ§¸ÃÃÁªÒŵˉÐ",
		"Neutral_1": "ħ¹׉Ȥ³¨ÐŇÒÍÐäÃËÃÍ ËÇÒ¹ã¨?",
		"Neutral_2": "¼Á˗ÒթÒËę¡¼Áע¹¹Ð Ե§á˅̂ÒÂÁÒÍԒчщˉÐ...",
		"Neutral_3": "¼ÁƋÇŹ´ËˉÍÂ",
		"Neutral_4": "¼ÁĢ§äˑä˴ŇÒ¤ÇÒÁÊÐÍÒ´àÅÂ... á˅¨ÐŇÒħ¹׉áËÅÐ",
		"Neutral_5": "ʺÇ§׉¼ÁړǪ¡ ֲàƑÂ¨Ģ§ä§ʁäˑړ...$h",
		"Neutral_6": "˶ÒȤ³ړǪ¡ā§ÇÅàҳÍ§àŧ¹ Ȥ³ȤÂāº¼Áä˴¹Ð#$e#¼Áà¡ƵÂ´àŧ¹ʁãʺ á˅¼Áړ˗Òġ¹ǴÍ ¤ÇÒÁΪÇ̃ÒÂчĸÒàʛ¹$h",
		"Neutral_7": "Ե§á˅àÃÒá˅§§Ò¹ā¹ÁÒ ¼Áä˴à»ѕÂ¹ä»˺Ò§äËÁ @?$s",
		"Neutral_8": "ÊħÊƤ ËÇÒ¹ã¨",
		"Bad_5": "¼ÁŤ´ǖ§àʕ¹·¢Í§¼Á¨ƃ§ æ ...$s",
		"Bad_6": "¼Á˵Í§ä»¨Ò¡чщċ¡Ğ¡ ¼Á˗Ò¨Ðä»àŴ¹à˕¹ċ¡ËˉÍÂ...$s#$e#äˑ˵Í§µÒÁÁÒ˕Ð$5",
		"Bad_7": "Ȥ³àÂÒΗħÂ¡˗Ò¼ÁÁÒ¡ µÍ¹׉¼Áģºړġ¹á̅Ç˕Ð$s",
		"Bad_8": "¼ÁŤ´˗Ò¼ÁÍÍ¡ä»ÍԒ¤¹àƤÂÇ ˉÒ¨ÐƤ¡˗Ò$s",
		"funLeave_Linus": "ħ¹׉¼Á¨Ðä»чɰà¢Ò¹Ð чģ¡ à¨Íā¹¼Á¼Á¡ĥº˺Ò¹¹Ð$h",
		"funReturn_Linus": "ħ¹׉¼ÁŤ´ǖ§Ȥ³Ĉ§àÅÂ чģ¡ ¼ÁƤã¨Ĉ§ч¡ĥºÁÒá̅Ç$4",
		"spring_1": "¸ÃÃÁªÒŵã̋¾ÃàÃÒ˴ÇÂ ƫчÊÇÂ§ÒÁƽ¡ƫËѹ§$h#$e#¾Ç¡àÃÒ˵Í§ Í˒ÒȕÁч¨ÐړǪ¡¢ÍºȤ³",
		"spring_12": "µÍ¹ч¼Á»ÃÒ¡®ĕÇã¹ à·È¡ÒÅäʲƽÊàµÍΓ ¼Áɤ»ÃÐËÅÒ´àÊÁÍàÅÂ$s#$e#Í˒Ò˹ÍÂȤ³ʁ¨ÐÍԒчι¹... á̅Çʁ¾Ç¡äʲƫÈÒ¨$h",
		"spring_19": "¼Áà¨Í¼Áä́ã¹ˋÒ˴ÇÂ˕Ð àÍÒщ ¼Áàʔ´ÁÒã̋Ȥ³ɵ¡Ǚ§˴ÇÂ [634 636]$h",
		"spring_23": "¾ӣ§׉àʛ¹§Ò¹à˵¹œÒ´Í¡ä́á̅Ç ËÇÒ¹ã¨ ¼Á˫ÍÁà˵¹œÒàҮÍȤ³àÅÂ¹Ð$4#$e#àÃÒ¨ÐŇÒã̋àʔ¡ æ ¾Ç¡Թ¹ËÁ´ˇÒä»àÅÂ!$h",
		"summer_1": "ŇÒã̋ĕÇàÍ§àʢ¹àˢÒä̇¹Ð чģ¡$4#$e#àˢÒÁÒˢÒ§ã¹¹Ð ˶ÒáÊ§ÍÒŷµΒáÃ§àš¹ä»",
		"summer_10": "ġ¹Ʊ¤ÇÒÁàʛ¹ä˴чàÂÍÐÁÒ¡ ŚÒËģºȫ»ã¹ħ¹¾ӣ§׉...#$e#ĕ´Ɗ¹ã¨ã̋Ƥ˕Ð чģ¡!$h",
		"summer_27": "¾Ç¡áÁ§¡Ð¾Ƀ¹áÊ§Ĉ¹·Γ ¨ÐÁÒчщã¹Ǵ¹¾ӣ§׉ ¾Ç¡ġ¹ÊÇÂ§ÒÁáÅÐã̋¤ÇÒÁړǪ¡ ˌÍ¹¤ÅÒÂàÊÁÍàÅÂ#$e#ä»ɤ¾Ç¡ġ¹˴ÇÂā¹¹Ð чģ¡¢Í§¼Á$h",
		"fall_1": "¼ÁäˑʴÍÂā§ÇÅàҳÍ§ ÍÒ¡ÒÈË¹ÒÇчıÒĥ§¨ÐÁÒǖ§ Ī¡àˇÒä˓#$e#¼Áҥ¹à˵¹ч¨Ðä˴ ˌÒ¹ġ¹ä»āºȤ³ @ $h#$e#¼Áړ˗ÒàÃÒ¨ÐŇÒã̋ ā¹áÅÐā¹Íºӭ¹$4",
		"fall_9": "àұÍÇÒ¹µÍ¹¼Áä»àŴ¹à˕¹ ¼ÁáÇÐµ¡»ÅÒ˴ÇÂ#$e#¼ÁËħ§˗ÒȤ³¨ÐƋÇÍԒ¹Ð! [227 228]",
		"fall_15": "¼ÁªÍº§Ò¹à·È¡ÒÅ¹Ð... â´Âà©¾ÒÐµÍ¹чȤ³ÍԒ чι¹ˉÐ чģ¡$4",
		"fall_26": "¾ӣ§׉ä»ˍÒà¢ÒÇ§¡µ ˴ÇÂā¹¹Ð ËÇÒ¹ã¨$h#$e#˶ÒàÃÒÍԒ˴ÇÂā¹ ʁäˑĸÒàʛ¹˵Í§¡ĥÇÍÐäÃ$h",
		"winter_1": "¼ÁړǪ¡Ƃ¹ƤāºË˹ÒË¹ÒÇ ä˴ÁÒ¡¡˗ÒàŴÁ à¾ÃÒÐġ¹äˑãʺĨµɳ¢Í§¼Á ƽ¡˅Íä»á̅Ç#$e#ƋÁÐÊÇÂ§ÒÁÁÒ¡... á˅ʁäˑàˇÒȤ³ËÃÍ¡¹Ð @$h",
		"winter_7": "¾ӣ§׉Ȥ³ˉÒ¨ÐàˢÒ ¡ÒÃáʲ§Ă¹µ¡»ÅÒ¹Ð ËÇÒ¹ã¨$h#$e#Ȥ³¨Ð˵Í§ª¹Ðȷ¡¤¹ Í˒Ò§¢Ò´ÅÍÂáˉ¹Í¹! Ȥ³ˉÐä̃àƧÂÁ·Ò¹$h",
		"winter_24": "§Ò¹à·È¡ÒÅ¨ÐĈ´ע¹ ã¹ħ¹¾ӣ§׉á̅Çw Է§àȑÍ§¨ÐÊ˗Ò§äÊÇ ä»˴ÇÂ¤ÇÒÁɊ¢... ġ¹àʛ¹ÀÒ¾чÁīÈ¨ÃÃΒÁÒ¡$h",
		"winter_28": "ƫãËˑıÒĥ§¨ÐÁÒǖ§àÃÒá̅Ç чģ¡#$e#ÁÒ©ÅÍ§˴ÇÂā¹à¶ÍÐ àÍÒщ ģºщä»Ɗ [346]$h#$e#Ƨ׉ʁÁÒɘº¼ÁËˉÍÂ$4",
		"spouseRoom_Linus": "#$c .5#¼Áäˑà¤ÂµÃÐËę¡àÅÂ˗Ò ¼ÁƱ¢Í§˹ÍÂáʴäË¹ ¨¹¡ÃÐη§¼ÁÅÍ§ àÍÒġ¹ÍÍ¡ÁÒÇÒ§ã¹̋Í§$h",
		"patio_Linus": "ġ¹Ƥ¹ÐчĢ§ÊÒÁÒÃ¶ÍÍ¡ÁÒ ι§ż§ä¿ä˴ã¹µÍ¹ч ¼ÁÍÂÒ¡¨ÐŇÒ$h#$e#ι§āº¼Áċ¡á»»Ɗ$h"
}
