{
		"Rainy_Day_Marnie": "ˢÒ§¹Í¡½¹µ¡ ÃÐħ§ĕÇÍ˒Òã̋àʛ¹Ëħ´˕Ð чģ¡#$e#ÍԒã¹˓Áã̋ÁÒ¡чɊ´¹Ð",
		"Rainy_Night_Marnie": "ĉ¹ŇÒȫ»ä̇ŚÒËģº ÍÒËÒÃàʢ¹˕Ð [199 218 219 727 730]$h#$e#à¸Í˵Í§¡ÒÃÍÐäÃ̃Í¹æ ã¹ħ¹Í˒Ò§׉¹Ð!$h",
		"Indoor_Day_Marnie": "ħ¹׉¨ÐŇÒÍÐäÃàËÃÍ чģ¡?#$e#ĉ¹àËÃÍ? ĉ¹¤§¨Ðě´¡ÇÒ´˺Ò¹ ̅Ò§¨Ò¹... ʁ¾Ç¡§Ò¹Êȹ¡Է§ËÅÒÂ áËÅÐà¹ÍÐ?",
		"Indoor_Night_Marnie": "ǖ§àÇÅÒ¹Í¹á̅Ç чģ¡!$h#$e#ĉ¹ÃÍ¹Í¹¡Í´à¸Í ã˵˼Ò˛ÁäˑäËÇá̅Ç˕Ð$6",
		"Outdoor_Marnie": "ħ¹׉àʛ¹ħ¹чÊÇÂ§ÒÁÁÒ¡ àÅÂ¹Ð ˗ÒՁÂ?#$e#ħ¹áºº׉ŇÒã̋ˉÒŇÒ§Ò¹ע¹ÁÒ ˺Ò§˕Ð¹Ð",
		"spring_Marnie": "ǖ§àÇÅÒ»ɵ¡Ë˭ÒãËˑæ ã̋¾Ç¡ħÇá̅ÇƊ¹Ð?$h",
		"summer_Marnie": "à̎Í... ºÒ§ƧàÃÒˉÒ¨Ðŵ´Ե§ à¤ҳÍ§»ģºÍÒ¡ÒÈàʣÇæ׉ ä˴á̅ÇÅÐà¹ÍÐ @?",
		"fall_Marnie": "¾Ç¡ĪµΗš¹àÂÍÐàš¹ä» ã¹Äɤãºä́˓Ç§˴ÇÂáËÐ...$h",
		"winter_Marnie": "ɤã̋¾Ç¡ĪµΗġ¹ӭ¹¾Í˴ÇÂ˕Ð чģ¡$h",
		"Rainy_Day_0": "ˢÒ§¹Í¡½¹µ¡ ÃÐħ§ĕÇÍ˒Òã̋àʛ¹Ëħ´˕Ð чģ¡#$e#ÍԒã¹˓Áã̋ÁÒ¡чɊ´¹Ð",
		"Rainy_Day_1": "Í˒ÒȕÁã̋¾Ç¡ĪµΗÍԒã¹˓Á ˴ÇÂ¹Ðħ¹׉! ¾Ç¡ġ¹ªÍºàƫÂ¡¾Íæ āºч¾Ç¡àÃÒªÍºι¹áË˕Ð",
		"Rainy_Day_2": "½¹µ¡˕Ð... Ê§ĪÂ˗Ò§Ò¹ÊÇ¹ŇÒäˑä˴á̅Ç ˕Ðħ¹׉$2#$e#ĉ¹¨ÐɤáÅ§Ò¹ˢÒ§ã¹á·¹ á̅Çā¹",
		"Rainy_Day_3": "ĉ¹ҥ¹á˅à˪ÒÁÒ˵Á¡Òá¿ ã̋ˉÐʸÐ [395]#$e#ҤÁÍÐäÃ̃Í¹æ ã¹ħ¹áºº׉àʛ¹àҳÍ§Ƥ¹Ð",
		"Rainy_Day_4": "¨Ð½¹µ¡ËȓÍá´´ÍÍ¡ àÇÅÒĢ§àŴ¹ä»ˢÒ§Ë˹Ò!#$e#âª¤Ƥ¹Ðħ¹׉ чģ¡",
		"Rainy_Night_0": "Í˒ÒȕÁà»ѕÂ¹ÁÒã˚àغÍ˼Ò ã̋ӭ¹æ˕Ð àÃÒã̋à¸ÍˋÇÂäˑä˴ËÃÍ¡¹Ð!#$e#чģ¡ä˴Ƃ¹àƺÂ§½¹¡ÃÐ·º Ëĥ§¤ÒՁÂ?",
		"Rainy_Night_1": "ÊÒÂ½¹ŇÒã̋˺Ò¹¢Í§¾Ç¡àÃÒ ˉÒ¹Í¹ÁÒ¡àÅÂ¹Ð$h",
		"Rainy_Night_2": "ĉ¹ŇÒȫ»ä̇ŚÒËģºÍÒËÒÃàʢ¹˕Ð [199 218 219 727 730]$h#$e#à¸Í˵Í§¡ÒÃÍÐäÃ̃Í¹æ ã¹ħ¹Í˒Ò§׉¹Ð!$h",
		"Rainy_Night_3": "Ǵ¹áºº׉˕ÐŇÒã̋ĉ¹Ƥã¨ ч¾Ç¡àÃÒƱËĥ§¤ÒƤæ#$e#àÃÒ˵Í§¢ÍºȤ³ Ȥ³¹ÒÂâÃź¹¹ÐàҳÍ§׉!",
		"Rainy_Night_4": "ĉ¹Ëħ§˗Òàª¹¨ÐŇÒ ÍÒËÒÃàʢ¹Ƥæ ã̋á¨Ê¹Ð...$2#$e#à¸ÍªÍºƚÊ˒Ò§ã¹Ǵ¹½¹µ¡ ¨Ðà¾ÃÒÐÍÐäÃʁà¶ÍÐ$h",
		"Indoor_Day_0": "ÊħÊƤµÍ¹à˪Ò˨Ðчģ¡!$h#$e#àұÍǴ¹ĉ¹ĝ¹... ĉ¹ĸÒäˑʴÍÂä˴ËÃÍ¡ á˅ġ¹àбÂÇāº %adj %noun ˕Ð#$e#á»Å¡à¹ÍÐ?",
		"Indoor_Day_1": "ä§̘Ð чģ¡ Ëħ§˗Òà¸Í¾̃ÍÁ¨ÐɅÂ §Ò¹Ëę¡ƽ¡ħ¹á̅Ç¹Ð!",
		"Indoor_Day_2": "ˢÒ§¹Í¡àʛ¹ħ¹чƤ ÍÐäÃÍ˒Ò§׉!#$e#Í˒ÒȕÁã̋¾Ç¡ĪµΗ ÍÍ¡ä»àŴ¹ã¹ӗ§˴ÇÂ¹Ð ¾Ç¡ġ¹ªÍºÍÒºá´´ˉÐ",
		"Indoor_Day_3": "ħ¹׉Ʊá¼¹ŇÒÍÐäÃàËÃÍ чģ¡?#$e#ĉ¹àËÃÍ? ĉ¹¤§¨Ðě´¡ÇÒ´˺Ò¹ ̅Ò§¨Ò¹... ʁ¾Ç¡§Ò¹Êȹ¡Է§ËÅÒÂáËÅÐ ړՁÂ",
		"Indoor_Day_4": "ä§ чģ¡! ËÍÁãʺՁÂ˕Ð? ĉ¹ŇÒÍÒËÒÃà˪Òä̇ã̋˕Ð! [194 195 210 211 216]#$e#š¹ã̋àʕÁчàÅÂ¹Ð! àÃÒƱħ¹чÂÒÇ¹Ò¹ÃÍàÃÒÍԒ",
		"Indoor_Night_0": "â̍ ¡ĥºÁÒ˺Ò¹á̅ÇàËÃÍ! ħ¹׉àʛ¹Ģ§ä§˺Ò§ чģ¡$h#$e#¢Í§ĉ¹ʁƤ¹Ð á˅àË§ÒŹ´ËˉÍÂ! ĉ¹Ƥã¨чà¸Í¡ĥºÁÒ¹Ð",
		"Indoor_Night_1": "ä§̘Ð чģ¡ ĉ¹Ƥã¨чà¸Í¡ĥºÁÒ¹Ð!#$e#رÍϔÒ¾̃ÍÁá̅Ç˕Ð š¹ã̋àʕÁчàÅÂ¹Ð! [212 235 728 240]",
		"Indoor_Night_2": "̇ÒÇ ɤàËȑÍ¹à¸ÍŇÒ§Ò¹Ëę¡àÅÂƊ¹Ð ħ¹׉!#$e#à¸Í¤ÇÃ¨ÐĞ¡ˌÍ¹á̅Çʁ àÍ¹Ëĥ§ã̋ÊºÒÂàÅÂ¹ÐǴ¹׉$h",
		"Indoor_Night_3": "ǖ§àÇÅÒ¹Í¹á̅Ç чģ¡!$h#$e#ĉ¹ÃÍ¹Í¹¡Í´à¸Í ã˵˼Ò˛ÁäˑäËÇá̅Ç˕Ð$6",
		"Indoor_Night_4": "¾Ç¡ĪµΗàʛ¹Ģ§ä§˺Ò§àËÃÍ ħ¹׉?#$e#ĉ¹áÍºä»ªÐâ§¡ɤчâÃ§¹ÒÁÒ ¾Ç¡ġ¹ɤƱ¤ÇÒÁɊ¢ÁÒ¡àÅÂ! à¸ÍŇÒä˴ƤÁÒ¡àÅÂ¹Ð$h",
		"Outdoor_0": "ħ¹׉àʛ¹ħ¹чÊÇÂ§ÒÁÁÒ¡ àÅÂ¹Ð ˗ÒՁÂ?#$e#ħ¹áºº׉ŇÒã̋ˉÒŇÒ§Ò¹ ע¹ÁÒ˺Ò§˕Ð¹Ð",
		"Outdoor_1": "ÍÒ¡ÒÈƤÍÐäÃÍ˒Ò§׉ ĉ¹˗Ò¾Ç¡ĪµΗ˵Í§ÍÂÒ¡ ÍÍ¡ä»ªÁ¾ÃÐÍÒŷµΒáˉàÅÂ!",
		"Outdoor_2": "ĉ¹ƱàÇÅÒ˗Ò§Ź´ËˉÍÂ#$e#ÍÂÒ¡ã̋ĉ¹ʺÇÂÍÐäÃՁÂ чģ¡?",
		"Outdoor_3": "Í˒Òī¡âËÁàš¹ä»¹Ðчģ¡#$e#Ğ¡˺Ò§¹Ð!",
		"Outdoor_4": "äˑàÂÍÐàˇÒäË˓ËÃÍ¡¹Ð á˅щ˨Ð чģ¡! [403]#$e#·Ò¹˴ÇÂ¹Ð˶ÒƋÇ á̅Çĉ¹¨ÐŇÒˢÒÇàʢ¹̃ÍÂæ ä̇ÃÍµÍ¹à¸Í¡ĥºÁÒ¹Ð!",
		"OneKid_0": "ĉ¹Ê§ĪÂĈ§˗Ò %kid1 ¨ÐâµÁÒàʛ¹ªÒÇä˓ áºº¾Ç¡àÃÒՁÂ?",
		"OneKid_1": "ĉ¹ɤáÅá¨ÊÁÒĞ¡ãËʽ ʁàÅÂŤ´˗ÒàוÂ§ɵ¡ ¢Í§ĕÇàÍ§ʁ¤§¨ÐʷÒÂ...$s#$e#Ť´ż´Áī¹΅àÅÂ˕Ð!#$e#á˅ġ¹ʁلÁʴÒ¹Ð$h",
		"OneKid_2": "%kid1... àʛ¹ҚÍчà¾ÃÒÐÁÒ¡àÅÂ! ÍÐäÃàʛ¹áÃ§Ě¹´ÒÅã¨àËÃÍ?$h",
		"OneKid_3": "äˑړàÅÂ˗Ò¡ÒÃàʛ¹áˑ¤¹ ¨ÐҚ¹ã¨¢¹Ò´׉",
		"TwoKids_0": "ĉ¹äˑà¤ÂŤ´àÅÂ˗Ò¨ÐƱ ¤ÃÍº¤ģÇàʛ¹¢Í§ĕÇàÍ§ áºº׉#$e#ƚƇµщ¼¡Ĝ¹àÇÅÒчàÃÒäˑä˴ Ե§ĕÇµÅÍ´àÅÂ¹ÐãʺՁÂ?",
		"TwoKids_1": "ĉ¹ã̋ˢÒÇà˪Ò %kid1 āº %kid2 á̅Ç˕Ð ¾Ç¡à¢ÒƋÇÁÒ¡àÅÂ!",
		"TwoKids_2": "à¸ÍʺÇÂä»ɤ %kid2 ã̋ĉ¹ËˉÍÂä˴ՁÂ? ĉ¹ıÒĥ§¨Ðã̋¹Á %kid1 ˉÐ$h",
		"TwoKids_3": "%kid1 āº %kid2 àʛ¹àʔ¡ƤɊ´æ ä»àÅÂ¹Ð! ¾Ç¡à¢ÒʺÒ§àʛ¹·ÒÃ¡ чƱ¤ÇÒÁɊ¢ äˑà¤Â§Íá§ ËȓÍ·ÐàÅÒÐā¹àÅÂ",
		"Good_0": "ÁÒɘºĉ¹Ɗ ˎÍɳ»Ë˕Í$4^ÁÒɘºĉ¹Ɗ áˑ¤¹ÊÇÂ$4",
		"Good_1": "ĉ¹Ť´ÁÒµÅÍ´àÅÂ˗Ò ¾Ç¡àÃÒ¨Ð˵Í§ä˴Å§àÍÂā¹$h#$e#áˉÅÐ˗Òĉ¹äˑä˴Ť´˗Ò ġ¹¨Ðàʛ¹¨ƃ§ËÃÍ¡... ĉ¹à´Ò˗Ò àËȑÍ¹Ëħ§ÁÒ¡¡˗ÒˉÐ!",
		"Good_2": "ĉ¹ģ¡¡ÒÃчä˴ÍԒчщāºà¸Í¹Ð @ à¸Íàʛ¹àҮÍ¹чƤчɊ´ ¢Í§ĉ¹àÅÂ$h",
		"Good_3": "¾ÍŤ´˗Òà¸ÍàȕÍ¡ĉ¹чàʔ¡ ˹ÍÂ¡˗ÒËŭ§ÊÒÇԷ§ËÁ´ ã¹àȑÍ§ι¹...$4",
		"Good_4": "ĉ¹ªÍºч¨ÐÍԒã¡̅æ à¸ÍÁÒ¡àÅÂ¹Ð @ à¸Íǔ§˴Ò¹Ƥæ ¢Í§ĉ¹ÍÍ¡ÁÒˉÐ$h#$e#ĉ¹Ëħ§˗Òà¸Í¨ÐړǪ¡ äˑ˅Ò§ā¹¹Ð$4",
		"Good_5": "ĉ¹ıÒĥ§Қ¹ªÁָá˅§§Ò¹ ¢Í§ĉ¹ÍԒˉÐ чģ¡! ġ¹ʺÒ§àʛ¹»ÃÐ¡ÒÂ á̅ÇʁÊÇÂÁÒ¡àÅÂ#$e#à¸Íä»ËÒЪ§чÊÁɪÃ΃áºº ¢¹Ò´׉ÁÒ¨Ò¡äË¹ā¹ˉÐ?$h",
		"Good_6": "ĉ¹Ģ§äˑÍÂÒ¡¨ÐàǺ˝àÅÂ ˗ÒàÃÒá˅§§Ò¹ā¹á̅Ç...$h#$e#ĉ¹ËÁÒÂǖ§ã¹áʷƤˉÐ¹Ð!",
		"Good_7": "ÃÐħ§ĕÇ˴ÇÂ¹ÐˢÒ§¹Í¡ι¹ˉÐ! ºÒ§¤Ճ§ĉ¹ʁàʛ¹˛Ç§˗Òà¸Í ¨Ðµ¡Å§ä»ã¹»˕Í§àËȑÍ§ˉÐ",
		"Neutral_0": "˶Òà¸ÍàˢÒàȑÍ§ ½Ò¡ė¡·ÒÂȷ¡¤¹ã̋ĉ¹˴ÇÂ¹Ð",
		"Neutral_1": "ĉ¹Ëħ§˗Òà¸Í¨ÐĢ§ªÍºĉ¹ÍԒ á́˗Òĉ¹¨ÐթÒËę¡àОÁע¹ ˉÐ¹Ð$s",
		"Neutral_2": "ĉ¹à¨ÍщÃÐË˗Ò§·Ò§¡ĥº˺Ò¹ ħ¹ʱÍ¹ˉÐ [535 680 567]#$e#ˉÒÊ¹ã¨ãʺՁÂ˕Ð? ĉ¹Ëħ§˗Òà¸Í¨Ðã˪ġ¹ä˴¹Ð!",
		"Neutral_3": "чģ¡ ƋÇËȓÍà»˕Ò?#$e#ĉ¹¨ÐŇÒÍÒËÒÃã̋àʣÇæ ׉¹Ð$h",
		"Neutral_4": "àª¹ɤáÅ̃Ò¹¢ÒÂĪµΗä˴ƤàÅÂ˕Ð#$e#ɤáÅá¨Êʁ˴ÇÂ˕Ð @#$e#ĉ¹Ƥã¨ÁÒ¡àÅÂ$h",
		"Neutral_5": "ĉ¹·Ò¹àˤ¡ä˴àÅÂ¹ÐµÍ¹׉...$3",
		"Bad_0": "Ëĥ§æ ÁÒщà¸Íàʢ¹ªÒāºĉ¹ ÁÒ¡àÅÂ...$s#$e#ĉ¹ɮ´ÍÐäÃż´ä»ËȓÍà»˕Ò?$s",
		"Bad_1": "à¸ÍĢ§Ʊ¤ÇÒÁɊ¢µÍ¹ÍԒ āºĉ¹ËȓÍà»˕Ò?s",
		"Bad_2": "...à¸ÍĢ§ģ¡ĉ¹ՁÂ?$s",
		"Bad_3": "...ĉ¹˵Í§¡ÒÃÍԒ¤¹àƤÂÇ µÍ¹׉$s",
		"funLeave_Marnie": "ĉ¹¨Ðä»ŇÒ§Ò¹á̅Ç¹Ð чģ¡ Í˒ÒŤ´ǖ§ĉ¹ÁÒ¡àš¹ä»˕Ð!",
		"funReturn_Marnie": "ĉ¹Ƥã¨чä˴¡ĥºÁÒ... ŇÒ§Ò¹àËҩÍÂÁÒ¡àÅÂ#$e#чģ¡àʛ¹Ģ§ä§˺Ò§ħ¹׉?$h",
		"spring_1": "Ɋ¢Ī¹΅ħ¹ƫãËˑ¹Ð чģ¡!#$e#ĉ¹áˉã¨˗Òà¸Í¨Ð˵Í§Ӣ§ āº¡ÒÃà¤ƵÂΓ¿ÒΓÁáˉàÅÂ à¾ÃÒÐԧ¹ºÍ¡¹Ð˶Òà¸ÍÍÂÒ¡ ã̋ĉ¹ʺÇÂã̋ÍÒËÒÃ¾Ç¡ĪµΗ ã̋ˉÐ!",
		"spring_12": "àª¹ˉÐàµƳÂÁ¾Ç¡äʱŚÒËģº à·È¡ÒÅäʲƽÊàµÍΓä˴Ƥ µÅÍ´àÅÂ#$e#à¢ÒŇÒÍÐäÃŚÒàʣ¨ä˴ÁÒ¡ àÅÂ¹Ð ˶Òà¢ÒԵ§ã¨ŇÒˉÐ!",
		"spring_23": "à·È¡ÒÅ´Í¡ä́ˉÐ ¾ӣ§׉á̅Ç¹Ð чģ¡! ĉ¹¨Ð˫ÍÁà˵¹Ī¡ËˉÍÂ à¸Íʁ¤ÇÃ¨Ð˫ÍÁ˴ÇÂ¹Ð$h",
		"summer_1": "ÁÒËħ§ã̋á´´ÍÍ¡àÂÍÐæ ā¹à¶ÍÐË˹Ò̃Í¹׉! ¾Ç¡ĪµΗ˵Í§¡ÒÃàÇÅÒ ÍԒˢÒ§¹Í¡ÁÒ¡æˉÐ",
		"summer_10": "ºÒ§Ƨĉ¹¤ÇÃ¨Ðã˚äÇΉä»ã¹ȫ»¾ӣ§׉ƤՁÂ...?$3",
		"summer_27": "ĉ¹ÃÍч¨ÐɤáÁ§¡Ð¾Ƀ¹ áÊ§Ĉ¹·Γāºà¸ÍäˑäËÇá̅Ç чģ¡$h",
		"fall_1": "ÍÒ¡ÒÈàУÁàʢ¹Å§àƺÂƧ... â˕§Í¡ä»!#$e#¾Ç¡ĪµΗʁ¤§â˕§Í¡àËȑÍ¹ā¹",
		"fall_15": "ĉ¹ÃÍ§Ò¹áÊ´§Ɗ¹ˤÒ¾ӣ§׉ äˑäËÇá̅Ç ġ¹àʛ¹ʺÇ§àÅÒчĉ¹ªÍºчɊ´ ¢Í§ƫàÅÂ!",
		"fall_26": "¡ÒÃµ¡á˅§ŚÒËģº§Ò¹ ħ¹¾ӣ§׉ˉÐ... ˉÒÊ¹ã¨àƚÂÇ˕Ð$s#$e#ĉ¹ֲµ¡ã¨ˉÐ...$s",
		"winter_1": "ºȓëÍ... ġ¹Ë¹ÒÇĈ§! ĉ¹áʴÍÂÒ¡ÍԒˢÒ§ã¹µÃ§чч ġ¹ӭ¹æˉÐ#$e#¾Ç¡ĪµΗʁàËȑÍ¹ā¹¹Ð! Í˒ÒȕÁ؛Íà¤ҳÍ§ŇÒ¤ÇÒÁ̃Í¹ (heater) ã̋¾Ç¡ġ¹˕Ð",
		"winter_7": "ĉ¹¤ÇÃàˢÒ˓ÇÁ¡ÒÃáʲ§Ă¹ µ¡»ÅÒ¾ӣ§׉ƤՁÂ чģ¡?#$e#ĉ¹ÍÒ¨¨Ðª¹Ðà¸Íʁä˴¹Ð!",
		"winter_24": "§Ò¹àוÂ§Ǵ¹¾ӣ§׉á̅Ç Ɗ¹Ð... ÃÍäˑäËÇá̅Ç˕Ð!",
		"winter_28": "ÁÒ©ÅÍ§ã̋āºƫчàђÂÁÂÍ´׉ ā¹à¶ÍÐ чģ¡! [348]#$e#ҤÁàÅÂ!$h",
		"spouseRoom_Marnie": "#$c .5#ĉ¹¤ÇÃ¨ÐĈ´ÃÐàƪÂº ¢Í§¾Ç¡׉˺Ò§Ɗ¹Ð?$h#$e#ĉ¹¨ÐĈ´ÍԒã¹׉Ī¡Ğ¡¹Ð àҬÍà¸Í˵Í§¡ÒÃÍÐäÃ",
		"patio_Marnie": "àª¹¤ÇÃ¨ÐáÇÐÁÒá̅Çʁ ʺÇÂ¢¹¢Í§¾Ç¡׉ä»¿ÒΓÁˉÐ ĉ¹àÅÂàƳÂ§¾Ç¡ġ¹ÍԒ"
}
