 {
		"Rainy_Day_0": "ħ¹½¹µ¡ äˑŇÒã̋¼Áā§ÇÅËÃÍ¡¤ģº#$e#ġ¹ŇÒã̋¼ÁƱˢÍ̍Ò§ ã˪àÇÅÒԷ§ħ¹ŇÒÍÒËÒÃ ˢÒ§ã¹ÁÒ¡¡˗Ò!$h",
		"Rainy_Day_1": "щ¤ģº ä̇ӭ¹à¤ҳÍ§ʱÍ¹à¨Í¾Òɂ! á¿Ī¡áˡÇ! [395]",
		"Rainy_Day_2": "áʴà¾ÃÒÐˢÒ§¹Í¡ι¹½¹µ¡ äˑä˴ËÁÒÂ¤ÇÒÁ˗ÒàÃÒ¨ÐƱ رÍÍÒËÒÃчƱ¤ÇÒÁɊ¢ ÍԒˢÒ§ã¹щäˑä˴¹Ð¤ģº! [198 225 242 207]",
		"Rainy_Day_3": "Í˒ÒÍԒˢÒ§¹Í¡¹Ò¹¹Ð¤ģº чģ¡! ¼ÁäˑÍÂÒ¡ã̋Ȥ³àʛ¹Ëħ´",
		"Rainy_Day_Gus": "Í˒ÒÍԒˢÒ§¹Í¡¹Ò¹¹Ð¤ģº чģ¡! ¼ÁäˑÍÂÒ¡ã̋Ȥ³àʛ¹Ëħ´",
		"Rainy_Night_0": "ħ¹׉àʛ¹ä§˺Ò§¤ģº @? Ëħ§˗ÒȤ³¨ÐäˑàƫÂ¡ àš¹ä»¹Ð!",
		"Rainy_Night_1": "à¾ÃÒÐ˗ÒȤ³ŇÒ§Ò¹µÒ¡½¹ ÁÒԷ§ħ¹á̅Ç ¼ÁàÅÂàµƳÂÁÍÒËÒÃ رÍžàÈÉɊ´ä̇ã̋Ȥ³á̅Ç¤ģº! [649 213 202 205 730]",
		"Rainy_Night_2": "¼ÁıÒĥ§ÅÍ§ɺµÃãËˑÍԒ¤ģº! ºÍ¡¼Á¹Ð˗ÒȤ³Ť´Ģ§ä§! [228 604 609 607 196]",
		"Rainy_Night_3": "ġ¹àУÁǔ¡á̅Ç¹Ð¤ģº...#$e#ŇÒäÁ¾Ç¡àÃÒäˑÍԒˢÒ§ã¹ ã̋ӭ¹æ ˢÒ§àµÒż§ÅÐ¤ģº?$h",
		"Rainy_Night_Gus": "ġ¹àУÁǔ¡á̅Ç¹Ð¤ģº...#$e#ŇÒäÁ¾Ç¡àÃÒäˑÍԒˢÒ§ã¹ ã̋ӭ¹æ ˢÒ§àµÒż§ÅÐ¤ģº?$h",
		"Indoor_Day_0": "ҥ¹àŶ´ªÒÇÊµÒΓŴÇ! ÍÒËÒÃà˪ÒŚÒËģºħ¹Ӣ§æ ÁÒá̅Ç¤ģº! [194 195 210 211 216 201]",
		"Indoor_Day_1": "¡Х¹ÍÒËÒÃ¼ÁŇÒȤ³ҥ¹ ËȓÍà»˕Ò¤ģº?$s#$e#â̍ â·ÉƧ¹Ðчģ¡! á˅¼ÁËħ§˗ÒȤ³¨ÐªÍºġ¹¹Ð [232 609 215 210 201]",
		"Indoor_Day_2": "Ȥ³Ģ§ɤàËҩÍÂÍԒàÅÂ чģ¡ щ ¼ÁŇÒ¡Òá¿ÁÒã̋! [395]",
		"Indoor_Day_3": "¼Á¤§¨ÐŇÒÍÒËÒÃ ÍԒˢÒ§ã¹щԷ§ħ¹!#$e#ÍÂÒ¡ä˴ÍÐäÃºÍ¡¼Á¹Ð¤ģº!$h",
		"Indoor_Day_Gus": "¼Á¤§¨ÐŇÒÍÒËÒÃ ÍԒˢÒ§ã¹щԷ§ħ¹!#$e#ÍÂÒ¡ä˴ÍÐäÃºÍ¡¼Á¹Ð¤ģº!$h",
		"Indoor_Night_0": "ÍÒËÒÃàª¿̋Ò´ÒÇ ¾̃ÍÁàƊΓ¿á̅Ç¤ģº чģ¡!$h#$e#âÍà¤ ÍÒ¨¨Ðäˑãʺ¢Í§àª¿ á˅ŇÒÁÒáººчȤ³ªÍºàÅÂ¹Ð! [244 224 218 239]",
		"Indoor_Night_1": "š¹ã̋Í˓ÍÂ¹Ð¤ģº чģ¡! [219 618 197 648 209 226]",
		"Indoor_Night_2": "Ȥ³ŇÒ§Ò¹Ëę¡ ÁÒԷ§ħ¹á̅Çħ¹׉ чģ¡ Ƥч¼ÁàµƳÂÁÍÒËÒÃàʢ¹ ä̇ã̋¾Ç¡àÃÒ! [732 214 729 225 199 606]",
		"Indoor_Night_3": "àƥÂ§әÁæ ӭ¹æ ¢Í§àÃÒğ§ɤƤ¹Ð¤ģºµÍ¹׉ Ȥ³˗ÒՁÂ?$h",
		"Indoor_Night_Gus": "àƥÂ§әÁæ ӭ¹æ ¢Í§àÃÒğ§ɤƤ¹Ð¤ģºµÍ¹׉ Ȥ³˗ÒՁÂ?$h",
		"Outdoor_0": "¼ÁŤ´˗Òǖ§àÇÅÒÍÍ¡ÁÒɺ´ ÍÒ¡ÒÈ¹Í¡¤ģÇ˺Ò§ˉÐ¤ģº!",
		"Outdoor_1": "¼ÁäˑãʺªÒÇä˓ªÒÇÊÇ¹ á˅§Ò¹чȤ³ŇÒˢÒ§¹Í¡ι¹ ˉÒ»ÃÐėºã¨¨ƃ§æ ¹Ð¤ģº @!$h",
		"Outdoor_2": "Ȥ³à¨ÍħµȶŴºÊ´ãËˑч¼Á ã˪ŇÒÍÒËÒÃä˴˺Ò§ՁÂ¤ģº?$h",
		"Outdoor_3": "ÍɃ³ÊħÊڴ¤ģº чģ¡! ɤ¨Ðàʛ¹ħ¹чÊÇÂ§ÒÁ ƽ¡ħ¹¹Ð¤ģº!",
		"Outdoor_4": "¼ÁŇÒÍÐäÃŹ´ËˉÍÂÁÒàʛ¹ ÍÒËÒÃ¡ÅÒ§ħ¹ħ¹׉¤ģº чģ¡ [240 204 243 651 237 241]#$e#Í˒ÒȕÁĞ¡ÁÒ·Ò¹˺Ò§¹Ð¤ģº!$h",
		"Outdoor_Gus": "Ȥ³à¨ÍħµȶŴºÊ´ãËˑч¼Á ã˪ŇÒÍÒËÒÃä˴˺Ò§ՁÂ¤ģº?$h",
		"OneKid_0": "ħ¹Ǚ§ %kid1 ¨Ð¡ÅÒÂàʛ¹ˎÍ¤ģÇȑÍ©ġ§ àËȑÍ¹āºˎÍáʱæ ¢Í§à¢Òáˉ!",
		"OneKid_1": "%kid1 àʛ¹àʔ¡·ÒÃ¡чƤ äˑàËȑÍ¹¼ÁµÍ¹àʔ¡àÅÂ¤ģº#$e#áˑ¼ÁºÍ¡˗Ò¼Á àʛ¹àʔ¡à˨Òě­ËÒ˕Ð ˞Ò˞Ò!$h",
		"OneKid_2": "ړՁÂ ¼ÁàУÁŤ´ÅÐ¹Ð˗Ò ¼Á¤§äˑƱħ¹ä˴Ʊɵ¡#$e#¼ÁƤã¨чä˴Ʊ »ÃÐÊº¡ÒÃ΃׉āºȤ³¹Ð¤ģº @$h",
		"OneKid_3": "Ȥ³Ť´˗ÒĴÒáÃ¡ч %kid1 ɮ´¨Ðàʛ¹ÍÐäÃ?#$e#¼ÁËħ§¨ƃ§æ ã̋ġ¹àʛ¹ '»Ò»Ò'!$h",
		"TwoKids_0": "¼Á˵Í§àУÁŇÒÍÒËÒÃ رÍãËʽá̅ÇàʣÇæ ׉! ɵ¡æ ¢Í§¾Ç¡àÃÒâµàʣÇÁÒ¡àÅÂ!",
		"TwoKids_1": "¼ÁÍÂÒ¡ã̋¼ÁړŹ·Ò¹ÁÒà˕Òã̋ %kid1 āº %kid2 ğ§Ĉ§¤ģº Ëę§ȚÍч¼Áà¤Â˝Ò¹ Ʊá˅ŅÒÃÒŇÒÍÒËÒÃ!$h",
		"TwoKids_2": "¼ÁɰƁã¨ÁÒ¡àÅÂчä˴àʛ¹ ˎÍ¢Í§àʔ¡чÊÇÂ§ÒÁ ǖ§ÊÍ§¤¹#$e#¾Ç¡àÃÒàʛ¹ˎÍáˑ чäˑàÅÇàÅÂ¹Ð¤ģº @$h",
		"TwoKids_3": "˶ÒȤ³ɤƤæ ɵ¡Է§Ӵä˴¨ɱ¡¢Í§Ȥ³¹Ð#$e#á˅¾Ç¡à¢Òʁä˴µÒ¢Í§¼Á ä»˴ÇÂ!$h",
		"Good_0": "¼Áģ¡Ȥ³¨ƃ§æ¹Ð ړãʺՁÂ?#$e#á̅Ç¼Áʁģ¡ч¨ÐŇÒÍÒËÒÃ ã̋Ȥ³ÁÒ¡æ˴ÇÂ!$h",
		"Good_1": "ªÒÇä˓āººÒà·¹à´ÍΓ áÅÐàª¿àËÃÍ? ¾Ç¡àÃÒàʛ¹Ӵчà¾ÍΓà¿¤àÅÂ¹Ð¤ģº!$4",
		"Good_2": "¼ÁªÍº¨ƃ§æ чä˴ŇÒÍÒËÒÃ¨Ò¡ħµȶŴºÊ´æ ã¹¿ÒΓÁ!$h",
		"Good_3": "à̎ Ȥ³Ë˕Í¢¹Ò´׉ ÁÒµÅÍ´àÅÂàËÃÍ? ̅Íà˕¹¹Ð¤ģº Ȥ³ɤƤàÊÁÍáËÅÐ чģ¡!$h^à̎ Ȥ³ÊÇÂ¢¹Ò´׉ ÁÒµÅÍ´àÅÂàËÃÍ? ̅Íà˕¹¹Ð¤ģº Ȥ³ɤƤàÊÁÍáËÅÐ чģ¡!$h",
		"Good_4": "¼ÁĢ§ĸÒħ¹á˅§§Ò¹¢Í§ ¾Ç¡àÃÒä˴àËȑÍ¹ġ¹àš´ע¹ àұÍÇÒ¹àÅÂ àʛ¹žƨ©ÅÍ§чˉÒģ¡ÁÒ¡ àÅÂ¹Ð¤ģº!",
		"Good_5": "ŇÒ§Ò¹ч«Òɵ¹ºÒ§¤Ճ§ ʁàËҩÍÂ¤ģº#$e#á˅Í˒Ò§˹ÍÂ¼ÁʁƱȤ³ ã̋Ե§µÒÃÍч˺Ò¹$4",
		"Good_6": "щ¤ģº¢Í§ËÇÒ¹æ ŚÒËģºËÇÒ¹ã¨ @ ¢Í§¼Á!#$e#ȷ¡¤¹˵Í§¡ÒÃթÒµÒÅ Ī¡àʥ¡˹ÍÂã¹ƚƇµ¹Ð¤ģº чģ¡! [223 608 222 234 220 221 611]",
		"Neutral_0": "...ġ¹¢Ò´ÍÐäÃä»... á˅ÍÐäÃ¹Ð?... ȝÁÁ...$s#$e#¢Íâ·ÉƧ @! ¼ÁıÒĥ§Ť´ɺµÃãËˑ ÍԒˉÐ¤ģº!",
		"Neutral_1": "á¾Áàʛ¹ڌËŭ§чƤ¹Ð¤ģº ˶ÒȤ³ä˴ړĈ¡à¸Í ºÒ§¤¹ĕ´Ɗ¹à¸ÍÍ˒Ò§ äˑɂŵ¸ÃÃÁà¾ÃÒÐ˗Ò... ƇƦчäˑàËȑÍ¹ã¤Ã¢Í§à¸Í ˉÐ¤ģº$s",
		"Neutral_2": "чģ¡ Ȥ³à¤Âàʫ¹àÍƁƵà˵¹ՁÂ¤ģº? ġ¹ƤɊ´æ àÅÂ˕Ð¤ģº!",
		"Neutral_3": "¼ÁıÒĥ§Ť´ÍÐäÃÍԒˉÐ чģ¡#$e#ŇÒäÁȤ³äˑÅÍ§ŇÒÍÒËÒÃ ã̋¼Á·Ò¹ɤ˺Ò§ÅÐ¤ģº?$h",
		"Neutral_4": "ȝÁÁ... ʺÇ§׉«Òɵ¹¢ÒÂƤÁÒ¡àÅÂ ˕Ð¤ģº$h",
		"Neutral_5": "˚Ç¹чá˒чɊ´¢Í§ ¡ÒÃŇÒÍÒËÒÃǴÍ¨Ò¹Ê¡»Ã¡æ щáˉ¹Í¹чɊ´àÅÂ˕Ð¤ģº$s",
		"Bad_0": "¼Á... ä»«Òɵ¹Ī¡Ğ¡¹Ð¤ģº$a",
		"Bad_1": "¼ÁÍÂÒ¡ƱàÇÅÒÍԒ¤¹àƤÂÇ ˉÐ...$s",
		"Bad_2": "¼ÁäˑÍÂÒ¡á́á˅¨ÐȤÂ āºȤ³àÅÂµÍ¹׉$a",
		"funLeave_Gus": "¼Áä»«Òɵ¹¹Ðчģ¡ Ǵ¹׉!#$e#Í˒ÒŤ´ǖ§¼Áàš¹ä»˕Ð$h",
		"funReturn_Gus": "ä§ чģ¡! ¼Á¡ĥºÁÒá̅Ç!#$e#¼ÁàÍÒرÍϔÒ¨Ò¡чŇÒ§Ò¹ ÁÒ½Ò¡˴ÇÂ [215 206 200 605]",
		"spring_Gus": "Í˒ÒȕÁ»ɵ¡ġ¹½σ§˕Ðчģ¡! Ĝ¡¡Ò´˴ÇÂ Ȏª¼ÅÄɤãºä́¼ƅщ ŇÒÊɥΗÍ˓ÍÂàÅÂ˕Ð!$h",
		"spring_1": "ƽ¡ƫчˉÒҥ¹à˵¹āºÊÒƱ чƤчɊ´ã¹âÅ¡! ÁÒƱƫчƤā¹à¶ÍÐ¤ģº @!^ƽ¡ƫчˉÒҥ¹à˵¹āºÀÃÃÂÒ чƤчɊ´ã¹âÅ¡! ÁÒƱƫчƤā¹à¶ÍÐ¤ģº @!",
		"spring_12": "¼Áړ˗ÒȤ³àУÁ¨ÐàҪÍ¤ģÇ ¡Х¹äʲ¢Í§¾Ç¡àÃÒá̅Ç... á˅Ǵ¹׉¨Ðàʛ¹Ǵ¹Ɋ´˷ÒÂ¤ģº ¼ÁĪ­­Ò!#$e#Ëĥ§à·È¡ÒÅ¾ӣ§׉¼Á¨Ð ŇÒ¤ÇÒÁÊÐÍÒ´ȷ¡Í˒Ò§ áˉ¹Í¹¤ģº!$h",
		"spring_23": "ä§ чģ¡! ƫ׉¨Ðà˵¹œÒã¹à·È¡ÒÅ´Í¡ä́ ՁÂ¤ģº?#$e#¼Áäˑãʺę¡à˵¹à˷Ò·Í§ËÃÍ¡ á˅¼Á¨Ð¾ÂÒÂÒÁ¹Ð¤ģº",
		"summer_Gus": "˶Òƫ׉Ȥ³¨Ð»ɵ¡ºɵàºÍΓѓ ºÍ¡¼Á˴ÇÂ¹Ð¤ģºчģ¡!#$e#¼Á¨ÐŇÒ·ÒΓµÍ˓ÍÂæ ã̋!",
		"summer_1": "Ë˹Ò̃Í¹àʛ¹ÄɤчƤ ¢Í§«Òɵ¹¤ģº$h#$e#ã¤Ã¨ÐäˑÍÂÒ¡ҤÁàƪÂΓƤæ àʢ¹æ Ī¡áˡÇËĥ§¨Ò¡ħ¹̃Í¹æ ÅÐ¤ģº?",
		"summer_10": "¾ӣ§׉Ȥ³¨ÐàÍÒÍÐäÃ ä»ʺÇÂ»Ƀ§ȫ»àËÃÍ?#$e#Ȥ³äˑä˴ȕÁãʺՁÂ¤ģºàщÂ?$h",
		"summer_27": "¼ÁÃÍɤáÁ§¡ÃÐ¾Ƀ¹áÊ§Ĉ¹·Γ āºȤ³¾ӣ§׉äˑäËÇá̅Ç!$h#$e#ºÒ§Ƨ¼Á¤ÇÃ¨ÐàµƳÂÁ¢¹Á ¢Í§àÃÒä»àҬÍ¾Ç¡à¢ÒàÅ·ˉÐ...",
		"fall_Gus": "Äɤãºä́˓Ç§àʛ¹ÄɤчƤчɊ´ ŚÒËģº¡ÒÃŇÒÍÒËÒÃàÅÂ!#$e#áÅÐŚÒËģº¡ÒÃš¹˴ÇÂ$h",
		"fall_1": "Äɤãºä́˓Ç§щÊÇÂ¨ƃ§æ àÅÂ! ƺ¾Ç¡Թ¹ŇÒã̋¼ÁǙ¡ǖ§ȫ» ğ¡·Í§ҚÍĔ§¢Í§Ʌ§¼Á àÅÂ¤ģº!$h",
		"fall_15": "à·È¡ÒÅáÊ´§Ɗ¹ˤÒá˛§ ɋºà¢ÒÊµÒΓŴÇ¾ӣ§׉á̅Ç! ¼Á¨Ð˒Ò§àºÍΓà¡ÍΓ àËȑÍ¹àŴÁ¤ģº!$h",
		"fall_26": "¼Á¨ÐäˑàˢÒä»ã¹à¢ÒÇ§¡µ ˉÒ¢¹Ʌ¡ι¹¾ӣ§׉ËÃÍ¡¹Ð ¼ÁäˑʴÍÂɦ¡āº¢Í§ˉÒ¡ĥÇæ ˉÐ$s#$e#©ÐԹ¹ ¼Á¨ÐʻÍ¹ à˝Í š¹ÍԒã¹Ȩ´чä¿Ê˗Ò§æ á·¹ˉÐ!",
		"winter_Gus": "¡ÒÃÇÒ§á¼¹ŇÒÍÒËÒÃ ã¹Ë˹ÒË¹ÒÇˉÐàʛ¹ àҳÍ§˷Ò·ÒÂàÊÁÍ¤ģº äˑƱ¢Í§Ê´àÅÂ!",
		"winter_1": "ºȓëÍÍ! àËȑÍ¹ɍ³ËɰƁġ¹Å´Å§ ˢÒÁǴ¹àÅÂ¹Ð чģ¡!#$e#Ƥч¼ÁƱȤ³àʛ¹ áË˕§¤ÇÒÁ̃Í¹¹Ð!$4",
		"winter_7": "¼Á¨Ð¤ÍÂàʛ¹ıÒĥ§ã¨ã̋Ȥ³ ¾ӣ§׉µÍ¹áʲ§µ¡»ÅÒ¹Ð!$h#$e#Ȥ³˗Òà·ÈÁ¹µƳàÅƇÊ ¨Ðã̋àÃÒàÍÒ»ÅÒ¡ĥº˺Ò¹ Ī¡ĕÇÊÍ§ĕÇàʛ¹رÍϔÒՁÂ?",
		"winter_24": "¼ÁŇÒá¤¹ׄà¤¹ ÁÒµÅÍ´àȄÍ¹àÅÂ ÃÐË˗Ò§чȤ³ŇÒ¿ÒΓÁÍԒ! ġ¹àʛ¹àËȑÍ¹»ÃÐà¾ƣˉÐ!",
		"winter_28": "¼Á˗ÒäÎäÅ·¢Í§ƫ¢Í§¼Á ǴÍµÍ¹ч¼ÁÊÇÒ»ÒÁÊ»Òà¡µׅ ¨Ò¹Ģ¡Ιι¹àˢÒä»ä˴...ȝÁÁ ...ãʺ ι¹ġ¹Í˓ÍÂàËÒÐä»àÅÂ!#$e#̍Í! áˉ¹Í¹ á̅Çʁчä˴ÍԒāºȤ³˴ÇÂ!$h",
		"spouseRoom_Gus": "#$c .5#¼ÁıÒĥ§Ĉ´ÃÐàƪÂºŅÒÃÒ ŇÒÍÒËÒÃ¼ÁãËˑˉÐ...#$e#¼Á¤ÇÃàƳÂ§ġ¹µÒÁҚÍËę§ȚÍ ËȓÍҚÍڌá˅§Ƥ...?$s",
		"patio_Gus": "¼ÁıÒĥ§ɤáÅÊÇ¹ÊɁ¹ä¾Ã ¢Í§¼ÁÍԒˉÐ ġ¹¢ÒÂàʛ¹ȷ¹؛ÍħµȶŴºÊ´æ ÁÒŇÒÍÒËÒÃä˴¹Ð!$h"
}
