{
	"Name": "Lightning Elixir",
	"Description": "(¹éÓÂÒ«Ôè§ÊÒÂ¿éÒ) ·ÓãËé¤Ø³ÇÔè§áººàÃçÇâ¤Ãµæ ã¹àÇÅÒ 1 ¹Ò·Õ ãªéÃèÇÁ¡Ñº¹éÓÂÒà¾ÔèÁ¾ÅÑ§â¨ÁµÕ áÅÐ¹éÓÂÒà¾ÔèÁ¾ÅÑ§»éÍ§¡Ñ¹ä´é - à¾ÔèÁ¤ÇÒÁàÃçÇã¹¡ÒÃà¤Å×èÍ¹·Õè",
	"Category": "ArtisanGoods",
	"Edibility": 1,
	"EdibleIsDrink": true,
	"CanSell": false,
	"CategoryTextOverride": "Potion",
	"CategoryColorOverride": "125, 30, 150, 255",
	"EdibleBuffs": 
	{
        "Farming": 0,
        "Fishing": 0,
        "Mining": 0,
        "Luck": 0,
        "Foraging": 0,
        "MaxStamina": 0,
        "MagnetRadius": 0,
        "Speed": 8,
        "Defense": 0,
        "Attack": 0,
        "Duration": 88, //duration is not accurate
    },
	"Price": 5000,
	"IsColored": false,
	"GiftTastes":
	{
		"Love": ["MarlonFay", "Abigail", "Wizard"],
		"Like": ["Morgan"],
		"Dislike": ["Apples", "Leo", "Sophia", "Claire", "Olivia", "Martin", "Andy", "Victor", "Susan", "MorrisTod", "Alex", "Elliott", "Harvey", "Sam", "Sebastian", "Shane", "Emily", "Haley", "Leah", "Maru", "Penny", "Caroline", "Clint", "Demetrius", "Dwarf", "Evelyn", "George", "Gus", "Jas", "Jodi", "Kent", "Krobus", "Lewis", "Linus", "Marnie", "Pam", "Pierre", "Robin", "Sandy", "Vincent", "Willy"]
	},
}
