{
	"Name": "Grampleton Orange Chicken",
	"Description": "(ä¡è¡ÃÍº«ÍÊÊéÁá¡ÃÁà¾ÔÅµÑ¹) ä¡è·Í´¡ÃÍºÊÕàËÅ×Í§·Í§ÍÃèÒÁ àÊÔÃì¿¾ÃéÍÁ¢éÒÇÊÇÂ",
	//"Category": "Fruit",
	"Edibility": 65,
	"EdibleIsDrink": false,
	"EdibleBuffs": 
	{
        "Farming": 3,
        "Fishing": 0,
        "Mining": 0,
        "Luck": 0,
        "Foraging": 0,
        "MaxStamina": 0,
        "MagnetRadius": 0,
        "Speed": 0,
        "Defense": 0,
        "Attack": 0,
        "Duration": 720,
    },
    "CanPurchase": true,
    "PurchaseFrom": "Gus",
    "PurchasePrice": 650,
    "PurchaseRequirements": [ "e 8185293" ], //players must have seen Sophia's 6 heart event 
	"CanSell": false,
	"Price": 400,
	"IsColored": false,
	"Recipe": null,
	"CategoryTextOverride": "Cooking",
	"CategoryColorOverride": "220, 60, 0, 255",
	"GiftTastes":
	{
	    "Love": [ "Sophia" ],
		"Dislike": [ "Marnie" ],
		"Hate": [ "Leah" ]
	},
}
