{
    "header": {
        "target": "w",
        "formatVersion": 5,
        "hidef": true,
        "compressed": 128
    },
    "readers": [
        {
            "type": "Microsoft.Xna.Framework.Content.DictionaryReader`2[[System.String, mscorlib, Version=4.0.0.0, Culture=neutral, PublicKeyToken=b77a5c561934e089],[System.String, mscorlib, Version=4.0.0.0, Culture=neutral, PublicKeyToken=b77a5c561934e089]]",
            "version": 0
        },
        {
            "type": "Microsoft.Xna.Framework.Content.StringReader",
            "version": 0
        }
    ],
    "content": {
        "name": "Stardew Valley Fair",
        "conditions": "Town/900 1500",
        "set-up": "fallFest/-1000 -1000/farmer 12 54 1/changeToTemporaryMap Town-Fair/viewport -1000 -1000/loadActors Set-Up/advancedMove Vincent true -3 0 2 5000 3 0 2 5000/advancedMove Jas true 2 0 4 5000 -2 0 4 5000/advancedMove Marnie true -2 0 4 5000 2 0 2 5000/advancedMove Abigail true 4 6000 5 0 0 3 2 6000 0 -3 -5 0/advancedMove Robin true 0 1 1 5000 0 -2 3 5000 0 1 1 5000/animate Sebastian false true 200 16 16 16 16 16 16 16 16 16 16 16 16 17 18 19 20 21 21 21 21 20 22 22 23/addTemporaryActor BabyPig 32 32 65 68 2 false Animal/addTemporaryActor Pig 32 32 65 70 3 false Animal/addTemporaryActor White_Chicken 16 16 59 67 2 false Animal/addTemporaryActor Brown_Chicken 16 16 61 67 2 false Animal/addTemporaryActor White_Cow 32 32 59 72 0 false Animal/addTemporaryActor BabyWhite_Cow 32 32 61 72 1 false Animal/advancedMove BabyPig true 0 1 3 5000 0 -1 0 7000/advancedMove Pig true 3 5000 0 1 1 5000 0 -1 3 5000/advancedMove White_Chicken true 1 0 2 7000 -1 0 2 10000/animate Brown_Chicken false true 500 16 17/viewport 22 22 true unfreeze/globalFadeToClear/pause 2000/playerControl fair",
        "Abigail_spouse": "àұÍƫчá̅Ç ĉ¹ª¹Ðà¡Á¾Ç¡׉ËÁ´á̅Ç!$h",
        "Leah_spouse": "ĉ¹àƳÂ¹ړȷ¡Í˒Ò§ ¨Ò¡âÃź¹ËÁ´á̅Ç á˅à¸ÍʁĢ§ ŉÒĉ¹ÍԒËѹ§ˡÒÇàÊÁÍ!",
        "Maru_spouse": "Ëġººº... щàʛ¹âÍ¡ÒÊƤàÅÂ чĉ¹¨Ðä˴š¹ á«¹΄ƇªËɱºÒΓƪŤÇ",
        "Penny_spouse": "ĉ¹Ëħ§˗Ò àÃÒ¨Ðª¹Ð¡ÒÃ»ÃÐ¡Ç´ ¼Å¼ƅµ»ÃÐĸÒƫ¹Ð!",
        "Haley_spouse": "à¸Íäˑä˴ȕÁËƂº¼Å¼ƅµ ÁÒ»ÃÐ¡Ç´ãʺՁÂ? ĉ¹Ëħ§˗Òƫ׉àÃÒ¨Ðª¹Ðġ¹¹Ð",
        "Sebastian_spouse": "à̎ @ ĉ¹áʴıÒĥ§ËÒĕÇá«Á ¾Òä»ŇÒÍÐäÃÊȹ¡æ«ÐËˉÍÂ",
        "Sam_spouse": "à«ºÒÊàƥÂ¹ˉÐ àʛ¹áºº׉àÊÁÍáËÅÐ á̅Çà¸Í˕Ð Êȹ¡āºà·È¡ÒÅǣ»˕ÒÇ?",
        "Alex_spouse": "¼Á¨Ðä»ËÒ àҮÍ¹àʱÒ¢Í§¼Á«ÐËˉÍÂ à¸Íä»àŴ¹ËÒÍÐäÃÊȹ¡æ à˕¹ä˴àÅÂ¹Ð",
        "Harvey_spouse": "¼Á¨ÐÃÍÍԒµÃ§׉ ¨¹¡˗ÒȤ³ ¨ÐÍÂÒ¡¡ĥº˺Ò¹á̅Çā¹¹Ð...",
        "Elliott_spouse": "¡Х¹ÍâÃˑÒâªÂÁÒчĉ¹ ġ¹ǴÍ¡Х¹«ÍÊà«Êׅ ¢Í§āÊчĉ¹ªÍºÁÒ¡æ...*¡ȕ¹թÒÅÒÂ*$s",
        "Abigail": "à˕¹¨ºËÁ´á̅Ç... ä§˅Í??",
        "Robin": "§Ò¹ä́àʛ¹»ÃÐà¾ƣ чȚº˅Íā¹ÁÒÂÒÇ¹Ò¹ ĉ¹ɰƁã¨ÁÒ¡чä˴àʛ¹ ˚Ç¹Ëѹ§¢Í§ġ¹$h",
        "Demetrius": "âÃź¹Ե§ã¨ŇÒ§Ò¹ä́׉ Í˒Ò§ӗÁà·àʕÁч àÅÂ˕Ð... à¸Í¨Ðàʛ¹ч ¨´ĸÒäˑ˗ÒµÍ¹׉ ËȓÍµÍ¹äË¹",
        "Maru": "*«ړ´´´* ȝÁÁ... «ÍÊºÒΓƪŤÇщ áʸÁÁÒ¡àÅÂ$h",
        "Sebastian": "ħ¹׉ӧ¹ÇÒÂˉÒɤàÅÂ... ĉ¹¤§ÍԒá¶Ç׉ƽ¡Ğ¡Ǚ§",
        "Pierre": "̃Ò¹¢Í§ĉ¹ ƱƊ¹ˤÒȤ³ÀÒ¾Ƥ чɊ´ã¹ÅÐáÇ¡׉ ÅÍ§àȕÍ¡ªÁƊ¹ˤÒ чĉ¹ŉÒÁÒáÊ´§ã¡̅æ àҮÍã̋àʫ¹āºµÒƊ!",
        "Caroline": "ƫáÍΓ¨ƃ§Ĉ§ÁÒ¡àÅÂ āº¡ÒÃĈ´áÊ´§Ɗ¹ˤÒ¢Í§à¢Ò à¢ÒàµƳÂÁ¡ÒÃËÅÒÂĪ»´ÒΛ àҮÍã̋ä˴¼Å¼ƅµчɤƤɊ´#$e#à̎ ¢Íã̋âª¤Ƥ¹Ð ˶Òà¸ÍàÍ§ʁàˢÒ˓ÇÁàʺ¹ā¹!",
        "Linus": "ĪµΗ¾Ç¡׉ äˑà¤Âĕ´Ɗ¹¤¹ ¨Ò¡ÀÒÂ¹Í¡ á˅ġ¹ã˪āº¤¹ äˑä˴ËÃÍ¡¹Ð",
        "Alex": "ĉ¹à˕¹à¡Á '»ÃÐÅÍ§ıÒĥ§' ËÅÒÂ¤Ճ§àš¹ä» áÅÐµÍ¹׉ʁړǪ¡˗Ò á¢¹˝Í¹ÂÇº àËȑÍ¹ÂÒ§àÅÂ",
        "George": "ȝÁÁ... ÊÐâ¾¡äʱ§Ç§ÃÁ¤ħ¹ ¨Ð˗Òä» §Ò¹à·È¡ÒÅ׉ ʁäˑä˴àÅÇ̃ÒÂ ä»«ÐËÁ´¹Ð$h",
        "Evelyn": "ĉ¹˗ÒāÊˉÒ¨ÐƱ·Ò§àȕÍ¡ ŚÒËģº¤¹š¹ġ§ÊƇģŵ ˴ÇÂ¹Ð Í˒Ò§àʺ¹ºÒΓƪŤÇ áµ§ɛšƩ ÍÐäÃŇÒ¹Í§׉?",
        "Lewis": "àÍÒ˕Ð @ ħ¹׉àʛ¹ħ¹ чТ§ãËʽÁÒ¡... āºà·È¡ÒÅч ŚÒĄ­чɊ´ã¹ƫ׉ 'à·È¡ÒÅáÊ´§Ɗ¹ˤÒÊµÒΓŴÇáÇÅѕ'#$b#ËÒ¡ŉÒƊ¹ˤÒ ÁÒĈ´áÊ´§˴ÇÂ˕Ðʁ ĉ¹ʁàµƳÂÁ чĈ´áÊ´§àÍÒä̇ã̋á̅Ç˕Ð áʴá˨§ã̋·ÃÒº Ëĥ§¨Ò¡чĈ´àµƳÂÁ ȷ¡Í˒Ò§àƳÂº̃ÍÂ ¨Ðä˴ǖ§àÇÅÒ ĕ´Ɗ¹Ī¡Ƨ",
        "Clint": "ºÒ§¤Ճ§ĉ¹ʁ ˊ¹àбÂÇāº§Ò¹¢Í§ĉ¹ á˅ĉ¹ɰƁã¨ ã¹§Ò¹¢Í§ĉ¹#$b#Ʊ§Ò¹ºÒ§֊¹ чƤчɊ´¢Í§ĉ¹ ĉ¹Ëħ§˗Ò à¸Í¨ÐªÍº¾Ç¡ġ¹",
        "Emily": "à¸ÍړäËÁ ĉ¹ˉÒ¨Ðà˕¹àʛ¹ ĕÇµÅ¡ä˴Ƥ¹Ð á˅ĉ¹˗Ò¤§ äˑė¹á̅Ç˕Ð",
        "Penny": "ĉ¹ª¹ÐÇ§̅Íâª¤Ƥ 10 ¤Ճ§ŵ´˅Íā¹ áÅÐµÍ¹׉à¢Ò äˑã̋ĉ¹à˕¹ġ¹ ƽ¡á̅Ç..$s",
        "Pam": "ƳºàˢÒàʔ¡æ... ʱÍ¹ч à̘á¾Á ¨ÐÁÒµ¡»ÅÒ ¨¹ËÁ´àʕ¹· ўў$h",
        "Haley": "à¸Íà¤Â ä»ɤ´Ç§ǣ»˕ÒÇ Ë˕Í¹Ե§á¼§ ÍԒã¹ɊÊÒ¹#$e#ĉ¹ä»ËÒË˕Í¹ÁÒá̅Ç Ë˕Í¹ºÍ¡ĉ¹ ǖ§ºÒ§Í˒Ò§чˉÒÊ¹ã¨ *Ǝæ*$h",
        "Jodi": "à¢ÒɤäˑƱ¤ÇÒÁɊ¢àÅÂ... ĉ¹Ť´˗Ò ¹ÒÂ¡à·ÈÁ¹µƳàÅƇÊ ¤§ĕ´§º»ÃÐÁÒ³ ʴÒã˪ʸÒÂāº ĕÇµÅ¡ã¹ƫ׉",
        "Kent": "ĉ¹ıÒĥ§ÃÍ ã̋ĕÇµÅ¡щàУÁŇÒ ÍÐäÃÎÒæ#$e#á˅ʴÍ¹ˢÒ§ ˉÒż´Ëħ§",
        "Sam": "à̎ @ Êȹ¡ՁÂ?#$e#à˵¹·Ƃ§Ëę§Ê֕¡ Êȹ¡ÁÒ¡àÅÂ á̅Ç˶ÒȤ³Ƃ§àʱ§ Ȥ³¨ÐÊÐÊÁàËƳÂ­´ÒÇ ä˴àÂÍÐàÅÂ˕Ð",
        "Leah": "ĉ¹ęºȆÍė¡ÉÐ ʺÒ§ä́¢Í§âÃź¹ÁÒ¡àÅÂ¹Ð ĉ¹àÍ§ʁã˪à·¤Ź¤ ËÅÒÂæÍ˒Ò§чàËȑÍ¹āºà¢Ò ã¹§Ò¹¢Í§ĉ¹",
        "Shane": "¾Ç¡ĪµΗˉÐ àʛ¹ƁµÃ¹Ð á̅ÇʁªÍºã̋àÃÒ ɤáÅ˴ÇÂ",
        "Marnie": "ĉ¹¾ÂÒÂÒÁàʕÁчá̅Ç á˅¡ÒÃáÊ´§ ¢Í§ĉ¹ʴÍ¹ˢÒ§˝Í¹ àұÍàƧÂºāº¢Í§ƫáÍΓ$s#$e#á˅ʁ Ëħ§˗Ò¾Ç¡¡ÃÃÁ¡ÒÃ ¨Ðã̋¤Ðá¹¹žàÈÉ āºĉ¹ŚÒËģº ˡÍ¹ƚÊ¢¹Ò´ãËʽι¹¹Ð",
        "Elliott": "ĉ¹ıÒĥ§¾ÂÒÂÒÁã̋āÊ ÂÍÁºÍ¡ɺµÃ«ÍÊ¢Í§à¢Ò á˅à¢ÒäˑÂÍÁºÍ¡àÅÂ",
        "Gus": "š¹àˇÒч˵Í§¡ÒÃ àÅÂ¹Ð! ħ¹׉š¹¿ƳäˑՍ¹... á¶ÁˇÒ¹ ¹ÒÂ¡à·ÈÁ¹µƳàÅƇÊ Ģ§à˝Â»Ò¡ªÁ˴ÇÂ˕Ð$h#$e#̍Í! Í˒ÒȕÁã˚«ÍÊ ɺµÃžàÈÉ¢Í§ĉ¹ ˴ÇÂ¹Ð",
        "Dwarf": "Ʊ½¹µ¡ԧ¹àËÃÍ? *àȞÍ¡*#$e#½¹.... щÍÒ¨àʛ¹ ŅÒ¹Ò¹ŚÒËģº¾Ç¡àÃÒàÅÂ ¾Ç¡àÃÒºÒ§¤¹ ÍԒÁÒâ´Âäˑà¤Â à¨ÍàҳÍ§áºº׉ ÁÒʱÍ¹",
        "Wizard": "àÇÅƇ¡āºĉ¹ړĈ¡ā¹ ÁÒÂÒÇ¹Ò¹... à¸Íàʛ¹ËÁÍɤчƇàÈÉ áÅÐàҮÍ¹чáÊ¹Ƥ#$e#...#$e#ĕÇµÅ¡ι¹ ĉ¹ړĈ¡à¢Ò ¨Ò¡чäË¹ċ¡á˛§#$e#ÍÒ¨¨Ðàʛ¹ âÃ§àƳÂ¹ÁÒÂÒ? ËȓÍºÒ§Ƨ¨Ò¡ ÅÐ¤ÃĪµΗá˛§¤ÇÒÁĥº? ȝÁÁ...",
        "Harvey": "áÅÐàƮÂ§ äˑбˡÒÇ¨Ò¡µÃ§Թ¹ āÊıÒĥ§˒Ò§лâ¤Ã§ËɱÍԒ... ג$s#$e#¼Á¤ÇÃ¨Ðä» ËÒÍÐäÃỄÒ§ÊÃÃʹ ¡˗Ò׉ŇÒƤ¡˗Ò...$11",
        "Sandy": "ĉ¹ä˴Ƃ¹˗Òчι¹½¹µ¡˕Ð ι¹ãʺàËȵ¼ÅчȤ³ÁÒчщՁÂ?$h#$e#¨ƃ§æ á̅Ç ºÒ§¤Ճ§ĉ¹ʁŤ´ǖ§½¹¹Ð..$s",
        "Jas": "â̽Ð! äʱŨ¡ ֙ÇˡÍÂ¢Í§ĉ¹!$u",
        "Vincent": "ÁÍÍÍ!!",
        "Marlon": "Ʊ´¢Í§¤ƅ¹·¤Á¡ƃºТ§ע¹ȷ¡ƫ#$e#áÅÐÃÒ¤ÒƊ¹ˤÒ¢Í§à¢Ò ʁá¾§ע¹ȷ¡ƫàʺ¹ā¹...",
        "Willy": "Ĉ´¢Í§àÊʣ¨ ËȓÍĢ§ˉÐ @? щàʛ¹âÍ¡ÒÊƤàÅÂ¹Ð ч¨Ðä˴áÊ´§ã̋àʫ¹˗Ò ¢Í§Ƥ¨Ò¡ %farm ˉÐàʛ¹Ģ§ä§!",
        "Leo": "˞Ò˞Ò! ¼Áäˑà¤Âàʫ¹ÍÐäÃáºº׉ ÁÒʱÍ¹àÅÂ...$h"
    }
}
