{
    "header": {
        "target": "w",
        "formatVersion": 5,
        "hidef": true,
        "compressed": 128
    },
    "readers": [
        {
            "type": "Microsoft.Xna.Framework.Content.DictionaryReader`2[[System.String, mscorlib, Version=4.0.0.0, Culture=neutral, PublicKeyToken=b77a5c561934e089],[System.String, mscorlib, Version=4.0.0.0, Culture=neutral, PublicKeyToken=b77a5c561934e089]]",
            "version": 0
        },
        {
            "type": "Microsoft.Xna.Framework.Content.StringReader",
            "version": 0
        }
    ],
    "content": {
        "name": "Spirit's Eve",
        "conditions": "Town/2200 2350",
        "shop": "BO 113 5000 1 O 746 750 5 BL 746 2000 1 BO 47 350 -1 F 2870 4000 -1",
        "set-up": "spirits_eve/-1000 -1000/farmer 12 54 1/changeToTemporaryMap Town-Halloween/loadActors Set-Up/advancedMove Maru true 0 2 2 0 0 3 -11 0 0 -7 5 0 0 2 4 0/advancedMove Alex true -4 0 4 4000 4 0 4 5000/advancedMove Jas true 1 1500 4 1000/advancedMove Pam true 0 1 1 5000 0 -1 1 5000/advancedMove Shane true -7 0 0 2 2 9000 0 -2 7 0 4 9000/advancedMove Demetrius true 3 18000 4 3000/addTemporaryActor Skeleton 16 32 30 59 2 false Monster/advancedMove Skeleton true 0 1 3 4000 2 0 0 -1 4 2000 -1 0 3 1000 2 2000 0 -1 4 4000 -1 0 0 1 2 5000/addTemporaryActor Skeleton 16 32 35 58 2 false Monster/playerControl halloween",
        "Abigail_spouse": "à¸ÍºÍ¡ĉ¹˗Ò ƱÍÐäÃÍԒˢÒ§Ë˹Ò¹Ð äˑ ĉ¹ä»äˑä˴... ι¹áÁ§ɁÁ...$s",
        "Leah_spouse": "ĉ¹˗Òĉ¹š¹àË̅Òğ¡·Í§ ÁÒ¡àš¹ä»ËˉÍÂ...",
        "Maru_spouse": "ĉ¹ıÒĥ§ĪºÊ¹... à¸ÍàŴ¹ä»ʱÍ¹àÅÂ ¢ÍàÇÅÒĉ¹Ť´á»ºǙ§",
        "Penny_spouse": "â̍.. ËÁÍ¡¤ħ¹¾Ç¡׉... ȝÁÁ... à¸ÍɤƤĈ§àÅÂǴ¹׉$l",
        "Haley_spouse": "ˢÒ§Ë˹Òġ¹ɤˉÒ¡ĥÇàš¹ä» ĉ¹˗Òĉ¹ÍԒµÃ§׉Ƥ¡˗Ò$s",
        "Sebastian_spouse": "ġ¹ˉÒÊ¹ã¨àËȑÍ¹ā¹¹Ð ч¨ÐƱà˨Òщã¹¿ÒΓÁċ¡ĕÇ",
        "Sam_spouse": "à̎ ĉ¹¨Ð»ÃÐËÅÒ´ã¨ÁÒ¡ ˶Òà¸ÍŇÒä˴!$h",
        "Harvey_spouse": "ÊħÊƤ... ĉ¹Ëħ§ÍԒá̅Ç˗Ò à¸Í¨ÐÁÒËÒĉ¹чщ...$l",
        "Elliott_spouse": "àЭÁÁ... ĉ¹˗Òĉ¹š¹¾ÒÂğ¡·Í§ ÁÒ¡àš¹ä»á̅Ç",
        "Abigail": "ĉ¹äˑ¡̅Òä»˅Íá̅Ç... ġ¹ƱáÁ§ɁÁÍԒ...$s",
        "Robin": "ã¡̅¨Ðǖ§ Ë˹ÒË¹ÒÇá̅Ç ġ¹àʛ¹àÇÅÒч¤ÇÃ ¨Ðàʁºä́áÅÐ¾Ç¡Ƌ¹",
        "Demetrius": "ĉ¹äˑä˴àʫ¹ÁÒɃÁÒĪ¡Ğ¡á̅Ç... Ëħ§˗Òà¸Í ¤§äˑàʛ¹äÃ¹Ð",
        "Maru": "ĉ¹Ť´˗Ò ĉ¹à¤ÂàŴ¹ˌÒ¹ á¶Ç׉á̅Ç¹Ð.... äˑƊ à݋ÂÇʱÍ¹¹Ð...$s#$e#ĉ¹˗Òĉ¹ ËÅ§·Ò§á̅Ç˕Ð...$s",
        "Sebastian": "ĉ¹äˑړàËȑÍ¹ā¹˗Ò â¤Ã§¡ÃÐɤ¡׉ àŴ¹ä˴Í˒Ò§äÃ... ˉÒ¢¹Ʌ¡ªÐġ´#$e#á˅ġ¹ʁɤàˇƤ àËȑÍ¹ā¹¹Ð",
        "Pierre": "??",
        "Caroline": "ĉ¹àʛ¹¤¹ֲ¡ĥÇˉÐ »˕ÍÂã̋¾Ç¡àʔ¡æ à˕¹à¢ÒÇ§¡µƬƊ§Ƥ¡˗Ò",
        "Linus": "áÊ´§ä˴Ƥ àҮÍ¹àʱÒ",
        "Alex": "ƱÍÐäÃá»Å¡æ ÍԒµÃ§Թ¹˕Ð á˅¨Ðä»Ģ§ä§Ƥ˕Ð?#$e#ġ¹˵Í§Ʊ·Ò§ĥº ÍԒĪ¡чá¶Çæ ׉áËÅÐ",
        "George": "ȝÁÁ... ÊÐâ¾¡äʱ§Ç§ÃÁ¤ħ¹ ¨Ð˗Òä»§Ò¹à·È¡ÒÅ׉ʁ äˑä˴àÅÇ̃ÒÂä»«ÐËÁ´¹Ð$h",
        "Evelyn": "ĉ¹˗ÒāÊ¤ÇÃ¨ÐƱ·Ò§àȕÍ¡ ŚÒËģº¤¹š¹ġ§ÊƇģŵ˴ÇÂ¹Ð Í˒Ò§àʺ¹ºÒΓƪŤÇáµ§ɛšƩ ÍÐäÃŇÒ¹Í§׉?",
        "Lewis": "ÊħÊƤÂÒÁǔ¡ @ ä˴àˢÒä»ã¹ à¢ÒÇ§¡µƬƊ§ǣĢ§? ʴÍ¹ˢÒ§ˉÒ¡ĥÇàÅÂ˕Ð#$e#ڌªÒÂá»Å¡æ чÍÒĨÂÍԒã¹ËÍ¤ÍÂι¹ˉÐ àʛ¹ڌỄÒ§àÍ§àÅÂ¹Ð à¢ÒäˑÍȹ­Òµã̋ã¤Ã àˢÒÁÒã¡̅ã¹¢³Ð чıÒĥ§àµƳÂÁ¡ÒÃÍԒ",
        "Clint": "à˨Ò¾Ç¡׉ˉÐ áʴã˪¡ÃÐºÍ§àÊƃÁƍƃàƤÂÁ ¢Í§ĉ¹Ī¡ĭ¹ʁĈ´¡ÒÃġ¹ ä˴ÊºÒÂá̅Ç",
        "Emily": "à¸ÍªÍºâ¤Áä¿ğ¡·Í§ á̘¤-âÍ-áÅ¹àŷΓ¹ (Jack-o-Lanterns) ǣà»˕Ò? ĉ¹á¡ÐàÍ§āºȑÍàÅÂ¹Ð",
        "Penny": "äÍթÒ¨Ò¡Ë́ÍթÒщ... ġ¹ŇÒã̋ĉ¹īÇËɁ¹ á˅ɤàËȑÍ¹ ĉ¹äˑÊÒÁÒÃ¶ÍÍ¡ä»ä˴...$u",
        "Pam": "ĉ¹¨ÐÁÒ§Ò¹ã´ʁµÒÁ чƱ¢Í§¿Ƴ! Ȥ³¨Ðäˑä˴àʫ¹ĉ¹ ã¹à¢ÒÇ§¡µƬƊ§ËÃÍ¡¹Ð",
        "Haley": "ދ ĉ¹¡ĥÇàËȕÍàš¹$s",
        "Jodi": "Ƈ¹à«¹·äˑ¾Íã¨чĉ¹ äˑã̋àˢÒä»à˕¹ч à¢ÒÇ§¡µƬƊ§... à¾ÃÒÐà¢ÒĢ§àʔ¡ÍԒàÅÂ!",
        "Kent": "à̎ @ ºÃÃÂÒ¡ÒÈÂÒÁàʢ¹щƤ¹Ð ˗ÒäËÁ?",
        "Sam": "щġ¹á»Å¡æ¹Ð... ġ¹àʛ¹·Ò§ĕ¹ˢÒ§Ë˹Ò#$e#ĉ¹ÊÒºÒ¹àÅÂ˗Ò ƱºÒ§¤¹ÍԒˢÒ§Ë˹Òĉ¹ µÍ¹чĉ¹ˌÒ¹à¢ÒÇ§¡µ à¢Òä»чäË¹ā¹?",
        "Leah": "ϗÒæ ÊħÊƤ â·ÉƧ... ıÒĥ§š¹áºʥ¡àºÍΓѓÍԒˉÐ",
        "Marnie": "Ëħ´Ƥ˨Ð @ à¸ÍƱ¼Å¼ƅµƤæ ¢Í§Äɤãºä́˓Ç§ǣà»˕Ò?#$e#ġ¹àУÁч¨ÐË¹ÒÇá̅Ç¹Ð... ¼Å¼ƅµ¨ÐÍԒä˴ äˑ¹Ò¹á̅Ç",
        "Elliott": "̍ÒÇ Ëħ´Ƥ @ ġ¹Ë¹ÒÇÂÐàȒÍ¡àÅÂ¹Ð ˗ÒäËÁ?",
        "Gus": "¡ÒÃŇÒÍÒËÒÃ˴ÇÂğ¡·Í§ ġ¹Êȹ¡Ƥ¹Ð ʺÒ§àʛ¹¼Åä́чˉÒÊ¹ã¨¨ƃ§æ",
        "Dwarf": "Ʊ½¹µ¡ԧ¹àËÃÍ? *àȞÍ¡*#$e#½¹.... щÍÒ¨àʛ¹ ŅÒ¹Ò¹ŚÒËģº¾Ç¡àÃÒàÅÂ ¾Ç¡àÃÒºÒ§¤¹ ÍԒÁÒâ´Âäˑà¤Â à¨ÍàҳÍ§áºº׉ ÁÒʱÍ¹",
        "Wizard": "àҳÍ§§Ò¹à·È¡ÒÅ ä̃ÊÒÃÐ¢Í§¾Ç¡ªÒÇ˺Ò¹щ ˢÒäˑÊ¹ã¨ËÃÍ¡ á˅à¾ÃÒÐġ¹àʛ¹âÍ¡ÒÊч ¨Ðä˴ĈºµÒɤà˨Òã¡̅æ щƊ #$e#ˢÒǈ§ÂÍÁỄÒ§à¢ÒÇ§¡µâʷæ щע¹ÁÒã̋¾Ç¡ªÒÇ˺Ò¹",
        "Harvey": "̍ÒÇ! à¨ÍĕÇ¼Áä˴ä§˝Ð...$8#$b#¨ƃ§æ á̅Ç¼Á¡ĥÇÁÒ¡ ʁàÅÂàˢÒÁÒʻÍ¹ĕÇчщ Í˒Òä»ºÍ¡ã¤Ã˕Ð$s",
        "Shane": "ŇÒäÁäˑƱ àË̅ÒàÍÅğ¡·Í§ àËȕÍƽ¡á̅Ç˕Ð?",
        "Sandy": "ĉ¹ä˴Ƃ¹˗Ò чι¹½¹µ¡˕Ð ι¹ãʺàËȵ¼ÅчȤ³ ÁÒчщՁÂ?$h#$e#¨ƃ§æá̅Ç ºÒ§¤Ճ§ ĉ¹ʁŤ´ǖ§½¹¹Ð..$s",
        "Jas": "à¾ÃÒÐ˻ÒÁÒƩ̋ÒÁʴÐ! ËɩÍÂÒ¡àˢÒä» ã¹à¢ÒÇ§¡µщ¹Ò! äˑàʫ¹¨ÐˉÒ¡ĥÇ Ī¡ËˉÍÂ!$s",
        "Vincent": "áˑäˑã̋¼Á àˢÒä»ã¹à¢ÒÇ§¡µ˕Ð *àÈ̃Ò*$s",
        "Marlon": "Í˒ÒÍԒã¡̅¡Ã§ ÁÒ¡àš¹ä»˕Ð",
        "Leo": "%ƵâÍ˨Í§Ë˹Ò¨ÍƧƷ áººµÒäˑ¡ÃÐ¾ƃº ¨¹äˑä˴Ī§à¡µȤ³"
    }
}
