{
    "header": {
        "target": "w",
        "formatVersion": 5,
        "hidef": true,
        "compressed": 128
    },
    "readers": [
        {
            "type": "Microsoft.Xna.Framework.Content.DictionaryReader`2[[System.String, mscorlib, Version=4.0.0.0, Culture=neutral, PublicKeyToken=b77a5c561934e089],[System.String, mscorlib, Version=4.0.0.0, Culture=neutral, PublicKeyToken=b77a5c561934e089]]",
            "version": 0
        },
        {
            "type": "Microsoft.Xna.Framework.Content.StringReader",
            "version": 0
        }
    ],
    "content": {
        "spring13": "à·È¡ÒÅäʲƽÊàµÍΓ",
        "spring24": "à·È¡ÒÅ´Í¡ä́",
        "summer11": "ĥÇΓ",
        "summer28": "ÃÐŊÒáÁ§¡Ð¾Ƀ§áÊ§Ĉ¹·Γ",
        "fall16": "à·È¡ÒÅáÊ´§Ɗ¹ˤÒ",
        "fall27": "§Ò¹ɰµ",
        "winter8": "à·È¡ÒÅթÒáʂ§",
        "winter25": "à·È¡ÒÅá˛§´Ç§´ÒÇÄɤË¹ÒÇ"
    }
}
