{
    "header": {
        "target": "w",
        "formatVersion": 5,
        "hidef": true,
        "compressed": 128
    },
    "readers": [
        {
            "type": "Microsoft.Xna.Framework.Content.DictionaryReader`2[[System.String, mscorlib, Version=4.0.0.0, Culture=neutral, PublicKeyToken=b77a5c561934e089],[System.String, mscorlib, Version=4.0.0.0, Culture=neutral, PublicKeyToken=b77a5c561934e089]]",
            "version": 0
        },
        {
            "type": "Microsoft.Xna.Framework.Content.StringReader",
            "version": 0
        }
    ],
    "content": {
        "name": "Egg Festival",
        "conditions": "Town/900 1400",
        "shop": "BO 36 400 -1 BO 107 2000 1 O 745 100 -1 BO 184 350 -1 BO 188 350 -1 F 1684 500 -1 F 2624 1000 -1 F 2632 1000 -1",
        "set-up": "fallFest/27 60/farmer 12 54 1/changeToTemporaryMap Town-EggFestival/loadActors Set-Up/advancedMove Vincent true -2 0 0 -2 2 0 0 2/advancedMove Jas true 2 0 0 2 -2 0 0 -2/advancedMove Leo true 0 -2 2 0 0 2 -2 0/advancedMove Pam true 0 -1 3 5000 0 2 3 5000 0 -1 3 4000/advancedMove Clint true 1 7000 0 1 3 7000 0 -1/advancedMove Demetrius true 2 15000 -3 0 0 8 3 20000 0 -8 3 0/advancedMove Willy true 2 25000 -4 0 0 -12 4 0 0 -1 4 30000 0 1 -4 0 0 12 4 0/advancedMove Shane true 4 40000 2 0 0 2 1 35000 0 -2 -2 0/advancedMove Harvey true 0 6 -6 0 0 9 -3 0 3 15000 3 0 0 3 20 0 0 -8 1 0 0 -11 -15 0 0 1 2 30000/playerControl eggFestival",
        "afterEggHunt": "pause 100/playSound whistle/waitForOtherPlayers endContest/pause 1000/globalFade/viewport -1000 -1000/playMusic event1/loadActors MainEvent/warp farmer1 27 69 /warp farmer2 26 67/warp farmer3 32 67/warp farmer4 28 71/faceDirection farmer1 0/faceDirection farmer2 1/faceDirection farmer3 3/faceDirection farmer4 0/pause 1000/viewport 27 67 true/pause 2000/speak Lewis \"̇ÒÇɤäʲ¾Ç¡׉Ɗ!$h#$b#áËÁ ˶Òĉ¹ÊÒÁÒÃ¶ŇÒã̋àʔ¡æ Í˒Ò§¾Ç¡à¸Í ÁÒàʁº¢ÂÐā¹ã̋ä˴áºº׉˺Ò§ àÃÒ¤§¨Ðä˴àʛ¹àȑÍ§ч ÍԒŵ´ªÒÂν§·ÐàÅĭ­Áƣ чÊÐÍÒ´чɊ´! *Ť¡ Ť¡*$h\"/pause 800/playMusic none/speak Lewis \"áÅÐá̅Ç ڌª¹ÐàƅÈã¹ƫ׉ ʁǴÍ...\"/playMusic none/pause 3000/cutscene eggHuntWinner/null/playMusic event1/pause 500/fork AbbyWin/move Lewis 0 1 2/speak Lewis \"щÃÒ§ħÅ¢Í§à¸Í! ģºä»àÅÂ\"/awardFestivalPrize/null/move Lewis 0 -1 0/speak Lewis \"щʁ¨ºä»á̅ÇŚÒËģº à·È¡ÒÅäʲƫ׉ ¢Í¢ÍºȤ³ ȷ¡¤¹чÁÒ˓ÇÁ§Ò¹!\"/pause 600/viewport move 1 0 5000/pause 2000/globalFade/viewport -1000 -1000/waitForOtherPlayers festivalEnd/end",
        "AbbyWin": "pause 100/jump Abigail/faceDirection Vincent 3/pause 800/move Abigail 0 -1 0/faceDirection Vincent 0/speak Lewis \"щÃÒ§ħÅ¢Í§à¸Í Abigail ģºä»àÅÂ!\"/pause 500/move Abigail 0 -1 0/playSound coin/pause 400/move Abigail 0 2 0/faceDirection Lewis 0/speak Lewis \"щʁ¨ºä»á̅ÇŚÒËģº à·È¡ÒÅäʲƫ׉ ¢Í¢ÍºȤ³ ȷ¡¤¹чÁÒ˓ÇÁ§Ò¹!\"/pause 1000/viewport move 1 -1 5000/pause 2000/globalFade/viewport -1000 -1000/waitForOtherPlayers festivalEnd/end",
        "mainEvent": "pause 500/playMusic none/pause 500/globalFade/viewport -1000 -1000/loadActors MainEvent/warp farmer1 27 69 /warp farmer2 27 67/warp farmer3 32 67/warp farmer4 28 71/faceDirection farmer1 0/faceDirection farmer2 1/faceDirection farmer3 3/faceDirection farmer4 0/pause 1000/viewport 27 67 true unfreeze/pause 2000/speak Lewis \"µÍ¹׉ǖ§àÇÅÒàʔ´ ¢Í§à·È¡ÒÅäʲщá̅Ç... ¡ÒÃ˕Òäʲ!$h\"/pause 100/jump Jas/jump Vincent/pause 1000/speak Lewis \"ã¨àʢ¹æàʔ¡æ à¸Í˵Í§ã˪¾ĥ§§Ò¹ ã¹¡ÒÃˤ¹ËÒäʲ чʻÍ¹ÍԒã̋ÁÒ¡чɊ´ àҮÍч¨Ðä˴ÃÒ§ħÅ ¡ĥº˺Ò¹àʛ¹чÃÐǥ¡\"/pause 100/faceDirection Vincent 3 true/faceDirection Jas 1 true/pause 1000/faceDirection Vincent 0 true/faceDirection Jas 0 /pause 800/faceDirection Lewis 3/faceDirection Lewis 2/faceDirection Lewis 1/faceDirection Lewis 2/pause 800/speak Lewis \"µÍ¹׉... ȷ¡¤¹¾̃ÍÁā¹ËȓÍĢ§?\"/pause 1000/waitForOtherPlayers startContest/jump Lewis/pause 1000/speak Lewis \"àУÁ¡ÒÃˤ¹ËÒäʲä˴!$h\"/advancedMove Maru false -2 0 0 6 -9 0 0 -2 -9 0 0 -1 2 0 0 -12 6 0 0 -7 3 0/advancedMove Abigail false 0 21 -20 0 0 3 7 0 0 -15 -9 0 9 0 0 18/advancedMove Jas false 0 12 8 0 0 10 3 0 0 4 14 0 0 -20 -6 0 0 3/advancedMove Sam false 4 0 0 -4 2 0 0 -4 12 0 0 -6 19 0 0 20 0 -20 0 20/advancedMove Vincent false 0 3 24 0 0 21 9 0 0 4 -20 0 20 0 -20 0/advancedMove Leo false 0 -10 -1 0 0 -3 -6 0 0 -2 -3 0 0 -3 -1 0 0 20 -5 0 0 -10 -2 0/playSound whistle/playMusic tickTock/playerControl eggHunt",
        "Abigail_spouse": "ä»ã̋˾¹! àÃÒàʛ¹Ӵáʲ§ā¹ ¨¹¡˗Òš¨¡ÃÃÁ˕Òäʲ¨Ð¨ºÅ§!$h",
        "Leah_spouse": "ĉ¹äˑƱàҮÍ¹ÁÒ¡ę¡ã¹àȑÍ§ ĉ¹àÅÂàҪÍš¨¡ÃÃÁ¾Ç¡׉ á˅ǖ§Í˒Ò§Թ¹ ĉ¹ʁªÍºȺ¿àˏ΅ã¹§Ò¹׉¹Ð",
        "Maru_spouse": "ĉ¹ıÒĥ§¾ÂÒÂÒÁµÒÁĈºĕÇà¾¹ƩÍԒ à¸ÍƱäʲä»ÃÇÁāº¾Ç¡à¢Ò ËȓÍ»˕ÒÇ˕Ð?",
        "Penny_spouse": "ÁÒɃ¾ÂÒÂÒÁâ˹Á˹ÒÇĉ¹ ã̋ÅÍ§š¹äʲƫÈÒ¨ ĉ¹äˑáˉã¨˗Ò˷Í§ĉ¹ ¨Ð˒ÍÂġ¹ä˴...",
        "Haley_spouse": "ĉ¹ıÒĥ§ä»ÅÍ§š¹àÁɩäʲ ÍÐäÃċ¡Í˒Ò§Ǚ§ á˅ĉ¹ʁǙ¡ä˴˗Ò Äɤãºä́¼ƅ ĉ¹Å´¤ÇÒÁ̍Ç¹ÍԒщ¹Ò",
        "Sebastian_spouse": "ĉ¹¨ÐàÍÒã¨ʺÇÂà¸Í ã¹š¨¡ÃÃÁ˕Òäʲ¹Ð$h",
        "Sam_spouse": "à´ÍÐá¡§ʹ Ģ§àʛ¹àËȑÍ¹àŴÁµÅÍ´ä» á̅Çà¸ÍıÒĥ§Ʊ¤ÇÒÁɊ¢ǣ»˕ÒÇ?",
        "Alex_spouse": "â̍ÂÂÂ... ĉ¹Ť´˗Ò ĉ¹š¹äʲ˵ÁÁÒ¡àš¹ä»¹Ð...$s",
        "Harvey_spouse": "ȷ¡¤¹àʛ¹Ģ§ä§˺Ò§? ĉ¹áʴι§Ğ¡ ã̋ËÒÂàËҩÍÂċ¡á»»ˉÐ ĉ¹Ëħ§˗Ò¨Ðàʫ¹à¸Í ã¹š¨¡ÃÃÁ˕Òäʲ¹Ð!",
        "Elliott_spouse": "ĉ¹¾Íã¨ÁÒ¡ чàʫ¹Ȥ³ä˴ˌÍ¹¤ÅÒÂ чģ¡$h",
        "Abigail": "¡ÒÃˤ¹ËÒäʲàщÂ ʁàËȑÍ¹¡ÒÃ˕ÒÊÁĚŵáËÅÐ$h",
        "Robin": "Äɤãºä́¼ƅàʛ¹ʺÇ§àÇÅÒ чäˑƱàÇÅÒ˗Ò§... Ĕ§Թ¹¤ÇÃƱħ¹Ëɂ´ ÁÒĪ§ÊÃÃʹāºàҮÍ¹æ ˺Ò§",
        "Demetrius": "äʲ... ġ¹¨Ðäˑá»Å¡àËÃÍ ч¨ÐàÍÒÁÒš¹",
        "Maru": "ĉ¹Ե§µÒÃÍ à·È¡ÒÅ¤Ճ§׉àÅÂ˕Ð... ġ¹ŇÒã̋ªÒÇ˺Ò¹ ä˴¾º»ÐĪ§ÊÃÃʹā¹",
        "Sebastian": "¾Ç¡àÃÒ¨ÐÅÍ§àÍÒäʲàˉÒ ÁÒâÂ¹à˕¹ā¹...#$b#á˅ ¹ÒÂ¡à·ÈÁ¹µƳàÅƇÊʁƳºÁÒ̋ÒÁàÅÂ",
        "Linus": "äˑƱã¤Ãɮ´āºĉ¹àÅÂ.. ĉ¹ÁÒàҮÍ äʲƫÈÒ¨àˇÒԹ¹áËÅÐ",
        "Pierre": "à̎! ÁÒá¶Ç׉ ŇÒäÁ$u#$b#Í˒ÒĈºÍÐäÃ àʔ´¢Ò´˕Ð",
        "Caroline": "áʭº׊ªÍºà·È¡ÒÅ ˕Òäʲ׉ÁÒ¡àÅÂ Ե§á˅à¸ÍĢ§àʛ¹ àʔ¡ĕÇàʥ¡æ",
        "Alex": "ĉ¹¾ÂÒÂÒÁš¹äʲ ȷ¡ħ¹Í˒Ò§˹ÍÂħ¹ÅÐ 3 ¿Í§#$e#ĉ¹˵Í§¡ÒÃâ»Ãƥ¹ àҮÍ¢Ò¢Í§ĉ¹",
        "George": "ȷ¡¤¹Ʊ¤ÇÒÁɊ¢ÍÐäÃā¹ę¡Ë¹Ò? țÁÁÁ..#$b#äʲ... äʲŇÒäÁËÃÍ?",
        "Evelyn": "à·È¡ÒÅ׉àʛ¹ »ÃÐà¾ƣчȚº˅Íā¹ ÁÒ¹Ò¹Ե§á˅ĉ¹ ĸÒ¤ÇÒÁä˴#$b#»ÃÐà¾ƣ ä˴àҚÍÁ˅Í ÃÐË˗Ò§ÍƤµ ÁÒ¨¹ǖ§ě¨ȨĚ¹... ʺÒ§ŇÒã̋Ʊ ¤ÇÒÁɊ¢ƤĈ§",
        "Lewis": "¢Íã̋Êȹ¡¹Ð @?$h",
        "Clint": "ƱÍÒËÒÃàОÁƽ¡äËÁ?$s",
        "Penny": "àʔ¡æԵ§µÒÃÍ à·È¡ÒÅ׉ÁÒԷ§ Ī»´ÒΛàÅÂ",
        "Pam": "àÎÐæ... ĉ¹ÅÍ§ã˚ÍÐäÃƤæ Å§ä»ã¹թÒĞ¹ͺ ˴ÇÂ˕Ð$h#$e#ܖæ... àʛ¹¤ÇÒÁĥºÃÐË˗Ò§àÃÒ ¹Ð à˨Òàʔ¡˹ÍÂ",
        "Emily": "ĉ¹·Òƺäʲ ÁÒԵ§á˅à˪Òá̅Ç˕Ð... ġ¹àʛ¹Ъ§чĉ¹ªÍº чɊ´ã¹à·È¡ÒÅ׉àÅÂ$h",
        "Haley": "à·È¡ÒÅ׉ʁƤÍԒËÃÍ¡... á˅ĉ¹Ե§µÒÃÍà·È¡ÒÅ´Í¡ä́ÁÒ¡¡˗Ò",
        "Jodi": "Ƈ¹à«¹·ªÍºà·È¡ÒÅ׉ÁÒ¡... ĉ¹ړǪ¡Ƥ чàʫ¹à¢ÒƱ¤ÇÒÁɊ¢",
        "Kent": "¨ƃ§æĉ¹äˑʴÍÂªÍº äʲàˇÒäË˓",
        "Marlon": "ǖ§¢Òĉ¹¨ÐäˑƤ á˅ĉ¹ʁäˑà¤Â¾ÅÒ´ §Ò¹à·È¡ÒÅċ¡¤Ճ§",
        "Sam": "*ȿµſ´æ*... à˝Í... ĉ¹àʛ¹... ɰƁá˾...$s",
        "Leah": "ȝÁÁÁÁ... թÒĞ¹ͺщÍ˓ÍÂàËÒÐä»àÅÂ$h",
        "Shane": "àË˕Òáˑäʱ¢Í§àÃÒ ŇÒ§Ò¹Ëę¡àҮÍ à·È¡ÒÅ׉#$b#¾Ç¡ġ¹ÊÁ¤ÇÃ ¨Ðä˴ÃÒ§ħÅ... Ĉ´ä» ˢÒÇâ¾´àËȕÍ§ àʕÁ¨Ò¹!$h",
        "Marnie": "Ƃ¹Ƥ˵Í¹ģº Ԛà·È¡ÒÅäʲ... àŵÁàʕÁä»˴ÇÂäʲ ¨Ò¡áˑäʱ¢Í§ĉ¹",
        "Elliott": "¡ÒÃĞ¡§Ò¹˺Ò§ ¨ÐŇÒã̋à¸ÍŇÒ§Ò¹ ä˴Ƥ¡˗Òã¹ ÃÐÂÐÂÒÇ",
        "Gus": "Ëħ§˗Òȷ¡¤¹ ¤§¨ÐªÍºÍÒËÒÃ... ĉ¹ŇÒÁÒԷ§ħ¹ àҮÍħ¹׉àÅÂ#$b#äʲ·Í´, äʲ˵Á, äʲ¤¹, äʲƫÈÒ¨, äʲ¡Ç¹, äʲʊÍ¡â¡áÅµ... à¸ÍàҚÍՁÂ!$h",
        "Dwarf": "à˨Ò˗ÒƱ½¹µ¡ ԧ¹àËÃÍ? *àȞÍ¡*#$e#½¹... ºÒ§ƧÍÒ¨àʛ¹ ŅÒ¹Ò¹ŚÒËģº ¾Ç¡àÃÒàÅÂ ¾Ç¡àÃÒºÒ§¤¹ ÍÒĨÂÁÒâ´Âäˑà¤Â à¨ÍàҳÍ§áºº׉ ÁÒʱÍ¹",
        "Wizard": "țÁ... á̅Çäʲց§ʱÒч âÃÂ˴ÇÂ ¡ÃÐɤ¡ƺńÒ˕Ð",
        "Harvey": "äʲàʛ¹Ɋ´ÂÍ´ÍÒËÒÃ чàËÁÒÐáʱ¡ÒÃ ¤ÇºȤÁÍÒËÒÃàÅÂ #$e#ކº... ¼Á¤§˵Í§Ëɂ´ ŇÒĕÇàʛ¹ËÁÍ Ī¡ħ¹á̅Ç˕Ð$11",
        "Sandy": "ĉ¹ä˴Ƃ¹˗Ò Ʊ½¹µ¡ ÍԒч˺Ò¹ á̅ÇŇÒäÁ Ģ§ÍԒщƽ¡˕Ð?$h#$e#¨ƃ§æ ĉ¹ʁŤ´ǖ§½¹ àËȑÍ¹ā¹¹Ð...$s",
        "Jas": "ËɩËħ§˗Ò Ëɩ¨ÐËÒäʲä˴ ʱÍ¹чƇ¹à«¹·¨ÐàÍÒä»Է§ËÁ´....$s",
        "Vincent": "àұÍäË˓¡ÒÃ˕Òäʲǖ§¨ÐàУÁ?! ¼ÁړǪ¡ҥ¹à˵¹ÁÒ¡!!$h",
        "Willy": "ºÒ§¤Ճ§ĉ¹ʻÍ¹äʲ Ƥàš¹ä»¨¹äˑƱ ã¤ÃËÒà¨ÍàÅÂ...#$b#ʁ¹Ð ¹Ò¹ä»¨¹ǖ§Ë˹Ò̃Í¹ àÅÂáËÅÐ Ëĥ§¨Ò¡ÍÒ¡ÒÈ ̃Í¹ע¹ÁÒʁ¨ÐàУÁ ä˴¡Х¹äʲàˉÒ ÁÒàÅÂ˕Ð áÎÐæ$h",
        "???": "˝Ò թÒã¹ˇÍÃÐºÒÂթÒħ¹׉ äËÅÍ˒Ò§ÃÇ´àʣÇ ħ¹׉¤§¨ÐӊÁؚ¹ˉÒɤ... ĉ¹ªÍºÍÒ¡ÒÈ Í˒Ò§׉áËÅÐ",
        "Leo": "¼Á˗ÒäÍà˨Ò¡ÒÃ˕ÒäʲÍÐäÃàщÂ ġ¹¨Ðɤá»Å¡æä»ËˉÍÂ¹Ð... á˅¼Á˗Òäʲ¾Ç¡Թ¹¤§äˑãʺ äʲ¨Ò¡¾Ç¡¹¡¢Í§¼ÁËÃÍ¡¹Ð...$s#$b#á˅Ģ§ä§¼Áʁ ¨Ð˓ÇÁà˕¹ÍԒƤáËÅÐ!$h",
        "Abigail_y2": "$y 'à¸ÍŤ´˗Òĉ¹¨Ðáʱàš¹ ч¨ÐÁÒà˕¹ÍÐäÃáºº׉ՁÂ?_ãʺ_ǮÁ... ¹ÒÂµÍºàËȑÍ¹áˑĉ¹àÅÂ!$a_äˑ_ãʺ ĉ¹ʁ˗Òԧ¹áËÅÐ ÍÐäÃчŇÒá̅ÇƱ¤ÇÒÁɊ¢ ʁŇÒġ¹ä»˅Íà¶ÍÐà¹ÍÐ!'",
        "Robin_y2": "ړǪ¡ƤĈ§чä˴ÍÍ¡ÁÒˢÒ§¹Í¡ Ëĥ§¨Ò¡ÄɤË¹ÒÇËÁ´ä»",
        "Demetrius_y2": "ä§ @ ä˴ÅÍ§¾ÒÂäʲ»ÅÒ¤ÒΓ» ¢Í§ĉ¹ǣĢ§?#$b#...ÍÐäÃ? ʁщġ¹à·È¡ÒÅ'äʲ'äˑãʺËÃÍ?",
        "Maru_y2": "ɔ³Ť´˗Ò¨Ðª¹Ð¡ÒÃ˕Òäʲ ã¹ƫ׉ՁÂ?",
        "Sebastian_y2": "à¸ÍړÍÐäÃՁÂ? ĉ¹˗Òĉ¹ªÍºÄɤË¹ÒÇ ÁÒ¡¡˗Ò... äˑړƊ.. ĉ¹˗Òġ¹àƳÂºʷÒÂƤˉÐ",
        "Linus_y2": "à݋ÂÇĉ¹ʴÍÂàˢÒä» µÍ¹ч¤¹àУÁ¡ĥºā¹á̅Ç ĉ¹àʥ§äÍà˨Ò¾ÒÂ чɤˉÒÍ˓ÍÂԹ¹ÍԒ!",
        "Pierre_y2": "¾ÂÒÂÒÁ¨ÐŇÒˢÍµ¡Å§ËÃÍ? ÍÐ˞Ò! ĉ¹ÂÍÁģºã¹¤ÇÒÁ¡̅Ò¢Í§à¸Í¹Ð",
        "Caroline_y2": "ºÒ§Ƨġ¹ʁáÍºˉÒàҪÍ àËȑÍ¹ā¹¹Ð á˅ġ¹ʁĢ§Ƥ ч¨Ðä˴ỄÒ§¤ÇÒÁĪÁĞ¹Έā¹˺Ò§",
        "Alex_y2": "ĉ¹ÍÂÒ¡ړĈ§àÅÂ ˶Òàš´ĉ¹š¹äʲàˢÒä» 30 ¿Í§ ĉ¹¨Ð̍Ç¹ע¹ՁÂ",
        "George_y2": "ħ¹׉àÍàÇÍƅ¹ ŇÒäʲ´ÒÇāºīÇËÍÁàʛ¹ÍÒËÒÃ ħ¹׉ĉ¹ÍÒÃÁ΃ƤÁÒ¡æ àÅÂ$h",
        "Evelyn_y2": "$y 'ч¿ÒΓÁà¸ÍƱáˑäʱՁÂ?_Ʊ_â̍ ƤàÅÂ ĉ¹˗Ò¾Ç¡ġ¹˵Í§ÍÍ¡äʲ чƱÃÊªÒŵƤáˉæ...$h_äˑƱ_ĉ¹˗Òà¸ÍÅÍ§àוÂ§ɤƊ Äɤ׉ġ¹ʁàËÁÒÐч¨Ð àוÂ§äʱ¹Ð",
        "Clint_y2": "â̍äˑ¹Ð... *àȞÍ¡* ...Ʊá˅Êĥ´Է§Թ¹àÅÂƫ׉...$s",
        "Penny_y2": "Ëħ§˗Òƫ׉Ƈ¹à«¹΅ ¨ÐËÒäʲà¨ÍĪ¡¿Í§¹Ð... #$b#ĉ¹ÍÂÒ¡ã̋àˤÒ ŵ´Ëѹ§ã¹ÊÒÁ˺Ò§ˉÐ",
        "Pam_y2": "ä§... ˶Òàš´à¸Í¨Ðã̋äʲĉ¹˕Ðʁ ĉ¹¤§˵Í§ä»àµƳÂÁ «ÍÊ¾ƃ¡á̅Ç˕Ð!",
        "Emily_y2": "ƫ׉ĉ¹àʢºËÁÇ¡ áÅÐʁàغÍã̋äʲºÒ§¿Í§˴ÇÂ¹Ð ¾Ç¡ġ¹ˉÒģ¡ÁÒ¡æ àÅÂ!$h",
        "Haley_y2": "â̍Ð! ĉ¹˵Í§ä»ˆÒÂɳ» āºɳ»¡ÃÐ˅ÒÂԹ¹щ¹Ò ¼Áĉ¹ɤàʛ¹ä§?",
        "Jodi_y2": "à¤¹·ɤàËȑÍ¹ ¨ÐŇÒĕÇäˑɦ¡µÅÍ´àÅÂ àÇÅÒƱš¨¡ÃÃÁãËʽæ áºº׉...",
        "Marlon_y2": "à¸Íà¤ÂÅÍ§ ä»˕ÒäʲÊäÅΑǣĢ§˕Ð? Թ¹˕Ð ǴÍ¢Í§¨ƃ§...",
        "Leah_y2": "țÁ... ŇÒäÁթÒĞ¹ͻġ¹äˑÍ˓ÍÂ àËȑÍ¹ƫчá̅ÇàÅÂÍÐ ĉ¹˗Ò¤¹ŇÒ˵Í§ȕÁã˚ ÍÐäÃĪ¡Í˒Ò§Å§ä»áˉæ !",
        "Shane_y2": "äʲºÒ§¿Í§ áˑäʱʁѾ§ÍÍ¡äʲÁÒ˴ÇÂ¹Ð ɤƊ? ¾Ç¡ġ¹Ģ§ӭ¹ÍԒàÅÂ!",
        "Marnie_y2": "áˑäʱ¡¡äʲ á˅ˎÍäʱ ʁŇÒË˹ÒччŚÒĄ­àʺ¹ā¹ ¾Ç¡àˤÒ¨Ð»¡˻Í§áˑäʱ ¨Ò¡äʱĕÇҽ¹æ#$b#Թ¹ʁËÁÒÂ¤ÇÒÁ˗Ò áˑäʱʁ¨ÐƱ¤ÇÒÁɊ¢ áÅÐʁÍÍ¡äʲчƱȤ³ÀÒ¾...$h",
        "Elliott_y2": "щ ɤæ ä̇˴ÇÂ¹Ð˗ÒäʲºÒ§¿Í§ ÍÒ¨¨Ðàʛ¹¢Í§¾Ç¡ƽ¡Ò ¾Ç¡ġ¹¨ÐµÒÁ˕Òà¸Í ä»Է§ħ¹àÅÂ˕Ð!",
        "Gus_y2": "Ӻ... Í˒ÒàÍÒä»ºÍ¡ã¤Ã¹Ð ƫ׉ĉ¹ÅÍ§ŇÒàÁɩãËˑ ˴ÇÂáËÅÐ... ġ¹ǴÍĄÊµÒΓ´¼ÊÁäʲàʛ´!$h",
        "Harvey_y2": "š¹äʲġ¹Ƥ˅ÍɊ¢ÀÒ¾ʁ¨ƃ§ á˅ĉ¹äˑá¹ÐŉÒÍ˒Ò§Т§ ч¨Ðš¹äʲ 30 ¿Í§˅Íħ¹!",
        "Jas_y2": "ƫ׉ Ëɩ¨Ðàʛ¹ę¡˕Òäʲĭ¹ĔºËѹ§ ã̋ä˴àÅÂ!",
        "Vincent_y2": "¼ÁÍÂÒ¡ÅÍ§ àˢÒä»ã¹äʲ¿Í§ãËʽĈ§!",
        "Willy_y2": "ã¹ħ¹ч½¹µ¡ ¾Ç¡»ÅÒȴ¡ ġ¹¨ÐªÍºÍÍ¡ÁÒā¹àÂÍÐàÅÂ˕Ð á˅ǖ§¾Ç¡ġ¹¨Ðµ¡ÂÒ¡ á˅ʁلÁʴÒч¨Ðµ¡¹Ð!"
    }
}
