{
    "header": {
        "target": "w",
        "formatVersion": 5,
        "hidef": true,
        "compressed": 128
    },
    "readers": [
        {
            "type": "Microsoft.Xna.Framework.Content.DictionaryReader`2[[System.String, mscorlib, Version=4.0.0.0, Culture=neutral, PublicKeyToken=b77a5c561934e089],[System.String, mscorlib, Version=4.0.0.0, Culture=neutral, PublicKeyToken=b77a5c561934e089]]",
            "version": 0
        },
        {
            "type": "Microsoft.Xna.Framework.Content.StringReader",
            "version": 0
        }
    ],
    "content": {
        "name": "Flower Dance",
        "conditions": "Forest/900 1400",
        "shop": "BO 48 350 -1 BO 192 350 -1 BO 204 350 -1 BO 108 250 -1 BBL 108 1000 1 O 18 50 10 O 22 50 10 BO 137 2500 1 F 1973 800 -1 F 1974 800 -1 F 1820 400 -1 F 1821 400 -1",
        "set-up": "event1/22 22/farmer 76 17 1/changeToTemporaryMap Forest-FlowerFestival/loadActors Set-Up/advancedMove Vincent true -6 0 0 -1 6 0 0 1/advancedMove Jas true 1 0 0 1 -6 0 0 -1 5 0/advancedMove Pam true 2 25000 0 -3 4 0 4 25000 -4 0 0 3/advancedMove Haley true 0 1 2 3000 2 0 0 -1 -2 0 3 500 4 500 1 500 2 500 2 0 1 500 2 500 3 500 4 500 0 2 0 -2 -2 0/advancedMove Caroline true 7 0 0 1 1 18000 0 -1 -7 0 3 18000/advancedMove Willy true 2 25000 -4 0 0 -12 4 0 0 -1 4 30000 0 1 -4 0 0 12 4 0/playerControl flowerFestival",
        "mainEvent": "pause 500/playMusic none/pause 500/globalFade/viewport -1000 -1000/loadActors MainEvent/warp farmer1 5 21/warp farmer2 11 21/warp farmer3 23 21/warp farmer4 12 21/faceDirection farmer1 2/faceDirection farmer3 2/faceDirection farmer4 2/faceDirection farmer 2/warp Girl1 13 24/warp Girl2 15 24/warp Girl3 11 24/warp Girl4 9 24/warp Girl5 17 24/warp Girl6 19 24/warp Guy1 13 27/warp Guy2 15 27/warp Guy3 11 27/warp Guy4 9 27/warp Guy5 17 27/warp Guy6 19 27/showFrame Girl1 40/showFrame Girl3 40/showFrame Girl5 40/showFrame Girl4 40/showFrame Girl2 40/showFrame Girl6 40/showFrame Guy6 44/showFrame Guy5 44/showFrame Guy4 44/showFrame Guy3 44/showFrame Guy2 44/showFrame Guy1 44/viewport 14 25 clamp true/pause 2000/playMusic FlowerDance/pause 600/animate Girl1 false true 600 43 41 43 42/animate Girl6 false true 600 43 41 43 42/animate Girl3 false true 600 43 41 43 42/animate Girl5 false true 600 43 41 43 42/animate Girl4 false true 600 43 41 43 42/animate Girl2 false true 600 43 41 43 42/animate Guy5 false true 600 44 45/animate Guy6 false true 600 44 45/animate Guy3 false true 600 44 45/animate Guy2 false true 600 44 45/animate Guy4 false true 600 44 45/animate Guy1 false true 600 44 45/pause 9600/animate Girl1 false true 600 46 47/animate Girl6 false true 600 46 47/animate Girl3 false true 600 46 47/animate Girl5 false true 600 46 47/animate Girl4 false true 600 46 47/animate Girl2 false true 600 46 47/animate Guy5 false true 300 46 47/animate Guy6 false true 300 46 47/animate Guy3 false true 300 46 47/animate Guy2 false true 300 46 47/animate Guy4 false true 300 46 47/animate Guy1 false true 300 46 47/positionOffset Guy1 0 -2/positionOffset Guy6 0 -2/positionOffset Guy4 0 -2/positionOffset Guy3 0 -2/positionOffset Guy2 0 -2/positionOffset Guy5 0 -2/pause 300/positionOffset Guy6 0 -2/positionOffset Guy1 0 -2/positionOffset Guy4 0 -2/positionOffset Guy3 0 -2/positionOffset Guy2 0 -2/positionOffset Guy5 0 -2/pause 300/positionOffset Guy6 0 -2/positionOffset Guy1 0 -2/positionOffset Guy4 0 -2/positionOffset Guy3 0 -2/positionOffset Guy2 0 -2/positionOffset Guy5 0 -2/pause 300/positionOffset Guy6 0 -2/positionOffset Guy1 0 -2/positionOffset Guy4 0 -2/positionOffset Guy3 0 -2/positionOffset Guy2 0 -2/positionOffset Guy5 0 -2/pause 300/positionOffset Guy6 0 -2/positionOffset Guy1 0 -2/positionOffset Guy4 0 -2/positionOffset Guy3 0 -2/positionOffset Guy2 0 -2/positionOffset Guy5 0 -2/pause 300/positionOffset Guy6 0 -2/positionOffset Guy1 0 -2/positionOffset Guy4 0 -2/positionOffset Guy3 0 -2/positionOffset Guy2 0 -2/positionOffset Guy5 0 -2/pause 300/positionOffset Guy6 0 -2/positionOffset Guy1 0 -2/positionOffset Guy4 0 -2/positionOffset Guy3 0 -2/positionOffset Guy2 0 -2/positionOffset Guy5 0 -2/pause 300/positionOffset Guy6 0 -2/positionOffset Guy1 0 -2/positionOffset Guy4 0 -2/positionOffset Guy3 0 -2/positionOffset Guy2 0 -2/positionOffset Guy5 0 -2/pause 300/positionOffset Guy6 0 -2/positionOffset Guy1 0 -2/positionOffset Guy4 0 -2/positionOffset Guy3 0 -2/positionOffset Guy2 0 -2/positionOffset Guy5 0 -2/pause 300/positionOffset Guy6 0 -2/positionOffset Guy1 0 -2/positionOffset Guy4 0 -2/positionOffset Guy3 0 -2/positionOffset Guy2 0 -2/positionOffset Guy5 0 -2/pause 300/positionOffset Guy6 0 -2/positionOffset Guy1 0 -2/positionOffset Guy4 0 -2/positionOffset Guy3 0 -2/positionOffset Guy2 0 -2/positionOffset Guy5 0 -2/pause 300/positionOffset Guy6 0 -2/positionOffset Guy1 0 -2/positionOffset Guy4 0 -2/positionOffset Guy3 0 -2/positionOffset Guy2 0 -2/positionOffset Guy5 0 -2/pause 300/positionOffset Guy6 0 -2/positionOffset Guy1 0 -2/positionOffset Guy4 0 -2/positionOffset Guy3 0 -2/positionOffset Guy2 0 -2/positionOffset Guy5 0 -2/pause 300/positionOffset Guy6 0 -2/positionOffset Guy1 0 -2/positionOffset Guy4 0 -2/positionOffset Guy3 0 -2/positionOffset Guy2 0 -2/positionOffset Guy5 0 -2/pause 300/positionOffset Guy6 0 -2/positionOffset Guy1 0 -2/positionOffset Guy4 0 -2/positionOffset Guy3 0 -2/positionOffset Guy2 0 -2/positionOffset Guy5 0 -2/pause 300/positionOffset Guy6 0 -2/positionOffset Guy1 0 -2/positionOffset Guy4 0 -2/positionOffset Guy3 0 -2/positionOffset Guy2 0 -2/positionOffset Guy5 0 -2/positionOffset Guy1 0 -2/positionOffset Guy4 0 -2/positionOffset Guy3 0 -2/positionOffset Guy2 0 -2/positionOffset Guy5 0 -2/pause 300/positionOffset Guy6 0 -2/positionOffset Guy1 0 -2/positionOffset Guy4 0 -2/positionOffset Guy3 0 -2/positionOffset Guy2 0 -2/positionOffset Guy5 0 -2/pause 300/positionOffset Guy1 0 -2/positionOffset Guy4 0 -2/positionOffset Guy3 0 -2/positionOffset Guy2 0 -2/positionOffset Guy5 0 -2/pause 300/positionOffset Guy6 0 -2/positionOffset Guy1 0 -2/positionOffset Guy4 0 -2/positionOffset Guy3 0 -2/positionOffset Guy2 0 -2/positionOffset Guy5 0 -2/pause 300/positionOffset Guy6 0 -2/positionOffset Guy1 0 -2/positionOffset Guy4 0 -2/positionOffset Guy3 0 -2/positionOffset Guy2 0 -2/positionOffset Guy5 0 -2/pause 300/positionOffset Guy1 0 -2/positionOffset Guy4 0 -2/positionOffset Guy3 0 -2/positionOffset Guy2 0 -2/positionOffset Guy5 0 -2/pause 300/positionOffset Guy6 0 -2/positionOffset Guy1 0 -2/positionOffset Guy4 0 -2/positionOffset Guy3 0 -2/positionOffset Guy2 0 -2/positionOffset Guy5 0 -2/pause 300/positionOffset Guy6 0 -2/positionOffset Guy1 0 -2/positionOffset Guy4 0 -2/positionOffset Guy3 0 -2/positionOffset Guy2 0 -2/positionOffset Guy5 0 -2/pause 300/positionOffset Guy6 0 -2/positionOffset Guy1 0 -2/positionOffset Guy4 0 -2/positionOffset Guy3 0 -2/positionOffset Guy2 0 -2/positionOffset Guy5 0 -2/pause 300/positionOffset Guy6 0 -2/positionOffset Guy1 0 -2/positionOffset Guy4 0 -2/positionOffset Guy3 0 -2/positionOffset Guy2 0 -2/positionOffset Guy5 0 -2/pause 300/positionOffset Guy6 0 -2/positionOffset Guy1 0 -2/positionOffset Guy4 0 -2/positionOffset Guy3 0 -2/positionOffset Guy2 0 -2/positionOffset Guy5 0 -2/pause 300/positionOffset Guy6 0 -2/positionOffset Guy1 0 -2/positionOffset Guy4 0 -2/positionOffset Guy3 0 -2/positionOffset Guy2 0 -2/positionOffset Guy5 0 -2/pause 300/positionOffset Guy6 0 -2/positionOffset Guy1 0 -2/positionOffset Guy4 0 -2/positionOffset Guy3 0 -2/positionOffset Guy2 0 -2/positionOffset Guy5 0 -2/animate Girl1 false true 600 43 41 43 42/animate Girl6 false true 600 43 41 43 42/animate Girl3 false true 600 43 41 43 42/animate Girl5 false true 600 43 41 43 42/animate Girl4 false true 600 43 41 43 42/animate Girl2 false true 600 43 41 43 42/animate Guy5 false true 600 44 45/animate Guy6 false true 600 44 45/animate Guy3 false true 600 44 45/animate Guy2 false true 600 44 45/animate Guy4 false true 600 44 45/animate Guy1 false true 600 44 45/pause 7600/stopAnimation Girl3/stopAnimation Girl6/stopAnimation Girl5/stopAnimation Girl2/stopAnimation Girl1/stopAnimation Girl4/stopAnimation Guy3/stopAnimation Guy2/stopAnimation Guy6/stopAnimation Guy1/stopAnimation Guy5/stopAnimation Guy4/pause 3000/globalFade/viewport -1000 -1000/message \"щġ¹Êȹ¡¨ƃ§æ! á˅ǖ§àÇÅÒ˵Í§¡ĥº˺Ò¹ á̅Ç˕Ð...\"/waitForOtherPlayers festivalEnd/end",
        "Abigail": "ĉ¹à¡ƵÂ´¡ÒÃ à˵¹œÒ˅ÍË˹Ò¤¹ҽ¹ ġ¹ɤˉÒÍÒÂÁÒ¡...#$e#á˅áˑʁã̋ĉ¹à˵¹$u",
        "Robin": "̽ÒÒ... ÍÒ¡ÒÈʺÒ§ËÍÁËÇÅä»˴ÇÂ ¡Х¹¢Í§´Í¡ä́$h",
        "Demetrius": "¡ÒÃà˵¹œÒ Äɤãºä́¼ƅàщÂàʛ¹žƨ¡ÃÃÁ áººâºÃÒ³àÅÂ¹Ð#$e#à̎... à¸Í¤ÇÃړàÍÒä̇¹Ð",
        "Maru": "ĉ¹ªÍº¡ÒÃà˵¹œÒ ¤¹׉ɤà¡ʣ§ä»Ź´ á˅ʁɦ¡ã¨¤¹áʱæ ˕Ð¹Ð",
        "Sebastian": "â̍ÂÂ...",
        "Linus": "â̍ ÊħÊƤ ƤĈ§чȤ³ȤÂāºĉ¹#$b#Äɤãºä́¼ƅ¨Ð¨ºÅ§á̅Ç... ˉÒàƺÂ´ÒÂĈ§",
        "Pierre": "ÍÐäÃā¹! ÁÒá¶Ç׉ ŇÒäÁ?$u#$b#Í˒ÒáµÐ˵Í§ ÍÐäÃ˕Ð",
        "Caroline": "ĉ¹ÍÂÒ¡ã̋ƫáÍΓä˴ã˪àÇÅÒÍԒāº ¤ÃÍº¤ģÇ˺Ò§...$s",
        "Alex": "ĉ¹ıÒĥ§à¾ƅ¹ ä»āºƇÇŷÇėÈΉˉÐ.... ƍƍ",
        "George": "´Í¡ä́àËÃÍ? ĉ¹á·ºäˑàʫ¹ ¾Ç¡ġ¹àÅÂ#$e#ˢÒ§¹Í¡щġ¹˨Òàš¹ä»!",
        "Evelyn": "ĉ¹Ĉ´´Í¡ä́¾Ç¡׉ àʛ¹ÍÒŷµΒàÅÂ¹Ð ªÍºՁÂ˕Ð",
        "Lewis": "˶Òà¸ÍÍÂÒ¡à˵¹œÒāº ºÃÃ´ÒËәÁÊÒÇԷ§ËÅÒÂ à¸Íʁ˵Í§ËÒӴà˵¹á̅Ç˕Ð",
        "Clint": "àÍƁѕ¨ÐÁÒà˵¹œÒ āºĉ¹äËÁ¹Ð?",
        "Penny": "*àޅÍ¡* ĉ¹ā§ÇÅĈ§$s",
        "Pam": "щáËÅÐǴÍƚƇµ... ˕Ð à˨Òàʔ¡˹ÍÂ? äÇΉËÇÒ¹æ àƺÂ§թÒ¨Ò¡ŕÒ̋ÇÂ чıÒĥ§äËÅ ÍÒ¡ÒÈӭ¹æ... щĉ¹ɮ´ǖ§äÇΉ ä»ǣĢ§?",
        "Emily": "ڗ... ĉ¹ЭÁȾ§¡Ò§àÅÂ à̎ à¸ÍÅÍ§àÂÅѕƺá´§ щËȓÍĢ§?",
        "Haley": "ĉ¹ıÒĥ§ǝ¡¡ÒÃà˵¹œÒÍԒ... ġ¹¨Ð˵Í§ÊÁɪÃ΃áºº#$e#ĉ¹ä˴ģºŅÒáËˉ§ ÃÒŪƩ´Í¡ä́ŵ´˅Íā¹ 5 ƫ áÅÐĉ¹Ģ§äˑ¾̃ÍÁ ч¨ÐˡÒÇÅ§¨Ò¡ĚÅĥ§ͱ!",
        "Jodi": "à¸Í¨Ðà˵¹œÒäËÁ ħ¹׉ țÁ @?$h",
        "Kent": "ӗ§Ë˭Òâ˕§æ щ.... ġ¹ŇÒã̋ ĉ¹»ÃÐËˑÒ#$e#*¡ÃÐūºàºÒæ* Ť´ǖ§Ъ§чƱ ¤ÇÒÁɊ¢Ɗà¤¹· Ť´ǖ§Ъ§чƱ ¤ÇÒÁɊ¢àˢÒä̇",
        "Marlon": "ÁÒƩɤƤ¹Ðħ¹׉...",
        "Sam": "ړÍÐäÃՁÂ? ĉ¹ÂÍÁģº... ĉ¹ªÍº ´Í¡ä́¨ƃ§æ!",
        "Leah": "˗Òä§ @ Ƥã¨¹Ð чà¨Íà¸Íчщ$h",
        "Shane": "ؽÁÁ... «ÍÊ׉Í˓ÍÂɊ´æ ä»àÅÂ *ٻ´*#$e#ÍÒΛ àƒÂÇæ׉ʁáʻºÁÒ¡! *ËĢºæ*#$b#*á˨ºæ* ...ڝÇ$s",
        "Marnie": "*ıÒĥ§˨Í§*.... ģ¡ÍԒã¹ÍÒ¡ÒÈ... ĉ¹ıÒĥ§̃Í§à¾Å§$s",
        "Elliott": "ĉ¹ÊÇÁàغÍĕÇâ»Ã´ àҮÍ§Ò¹à˵¹œÒàÅÂ¹ÐàщÂ... àҳÍ§áºº׉äˑä˴ àš´ע¹ˊÍÂæ¹Ð!",
        "Gus": "ÄɤĈº¡º ıÒĥ§àУÁá̅Ç",
        "Dwarf": "Ʊ½¹µ¡ԧ¹àËÃÍ? *àȞÍ¡*#$e#½¹.... щÍÒ¨àʛ¹ ŅÒ¹Ò¹ŚÒËģº¾Ç¡àÃÒàÅÂ ¾Ç¡àÃÒºÒ§¤¹ ÍԒÁÒâ´Âäˑà¤Â à¨ÍàҳÍ§áºº׉ ÁÒʱÍ¹",
        "Wizard": "à˨Òäˑ¤ÇÃÁÒчщàÅÂ",
        "Harvey": "¼ÁıÒĥ§ÃÇºÃÇÁ ¤ÇÒÁ¡̅ÒËÒ­àҮÍч ¨Ð¢Íã¤ÃĪ¡¤¹ à˵¹œÒ˴ÇÂ$11",
        "Sandy": "ĉ¹ä˴Ƃ¹˗Ò чι¹½¹µ¡˕Ð ι¹ãʺàËȵ¼Å чȤ³ÁÒчщՁÂ?$h#$e#¨ƃ§æá̅Ç ºÒ§¤Ճ§ĉ¹ʁ Ť´ǖ§½¹¹Ð...$s",
        "Jas": "Ī¡ħ¹Ëѹ§ Ëɩ¨Ð˵Í§àʛ¹ÃÒŪƩ´Í¡ä́ã̋ä˴!",
        "Vincent": "äˑɂŵ¸ÃÃÁàÅÂ... ŇÒäÁ¼Áàʛ¹ÃÒŪƩ´Í¡ä́äˑä˴?",
        "Willy": "ĉ¹¤ÇÃàÍÒàʚ´µ¡»ÅÒ ÁÒ˴ÇÂ¹ÐàщÂ!",
        "Leo": "´Í¡ä́чщʁÊÇÂƤ¹Ð¤ģº á˅˗ÒʁÊÇÂ äˑàˇÒчà¡ÒÐËÃÍ¡!$h#$e#¼ÁʁŤ´ÍԒ¹Ð ˗Ò¼Á¨Ð˵Í§ä»à˵¹āº¾Ç¡àˤÒ ǣà»˕Ò...$u"
    }
}
