{
    "header": {
        "target": "w",
        "formatVersion": 5,
        "hidef": true,
        "compressed": 128
    },
    "readers": [
        {
            "type": "Microsoft.Xna.Framework.Content.DictionaryReader`2[[System.String, mscorlib, Version=4.0.0.0, Culture=neutral, PublicKeyToken=b77a5c561934e089],[System.String, mscorlib, Version=4.0.0.0, Culture=neutral, PublicKeyToken=b77a5c561934e089]]",
            "version": 0
        },
        {
            "type": "Microsoft.Xna.Framework.Content.StringReader",
            "version": 0
        }
    ],
    "content": {
        "name": "Luau",
        "conditions": "Beach/900 1400",
        "shop": "F 2654 1000 -1 F 2627 800 -1 F 2628 800 -1 F 2629 800 -1 F 2630 800 -1 F 1817 400 -1 F 1818 400 -1 F 1819 400 -1 F 1295 1000 -1 O 268 3000 1 F 2397 700 -1",
        "set-up": "event2/-1000 -1000/farmer 38 3 2/changeToTemporaryMap Beach-Luau/loadActors Set-Up/addTemporaryActor Governor 16 32 32 4 2/advancedMove Vincent true 3 0 3 3000 -3 0 3 3000/advancedMove Jas true 3 0 1 3000 -3 0 1 3000/advancedMove Pam true 4 25000 -5 0 4 20000 5 0/advancedMove Gus True 0 -1 3 4000 0 1 3 4000/advancedMove Shane true 1 10000 0 1 1 10000 0 -1/advancedMove Clint true 4 15000 -3 0 4 15000 6 0 4 10000 -3 0/animate Emily false true 250 16 17 16 17 20 21 20 21 18 19 18 19 22 23 22 23/animate Robin false true 500 20 21 20 22/animate Demetrius false true 500 24 25 24 26/animate Marnie false true 200 17 18 17 19/positionOffset Marnie 0 16/viewport 38 2 clamp true/pause 1000/playerControl luau",
        "mainEvent": "pause 500/playMusic ocean/globalFade/viewport -1000 -1000/loadActors MainEvent/addTemporaryActor Governor 16 32 35 10 2/warp farmer1 33 19/warp farmer2 32 19/warp farmer3 40 19/warp farmer4 28 9/faceDirection farmer1 0/faceDirection farmer2 0/faceDirection farmer3 0/faceDirection farmer4 1/viewport 35 12 true/pause 2000/faceDirection Lewis 3/pause 100/faceDirection Lewis 2/pause 100/faceDirection Lewis 1/pause 100/faceDirection Lewis 2/speak Lewis \"àÍÒ˕Ðȷ¡¤¹¤ģº! µÍ¹׉ʁàʛ¹ƽ¡¤Ճ§ ŚÒËģºš¨¡ÃÃÁ»Ƀ§ȫ»׉#$b#ĉ¹Ëħ§˗Òȷ¡¤¹ ¨Ðã˚¢Í§ƤƱȤ³ÀÒ¾ Å§ä»ã¹Ë́Í¹Ð àÃÒäˑÍÂÒ¡ ã̋ˇÒ¹ڌ˗ÒàƺÂã¨ чÁÒчËԑ˺Ò¹׉!\"/pause 1000/faceDirection Lewis 3/pause 500/speak Lewis \"à˝Í.. ˇÒ¹¤ģº ¡Ƀ³Òã̋àƑÂÃŵ ŪÁȫ»щä˴ՁÂ¤ģº?\"/pause 500/speak Governor \"áˉ¹Í¹! ĉ¹ÃÍŪÁà˨Ò׉ ÁÒàǱÍºԷ§ƫàÅÂ˕Ð\"/playMusic none/pause 500/move Governor 0 1 2/pause 1000/playSound dwop/showFrame Governor 8 true/pause 1000/animate Governor false false 200 8 8 9 10 11 11/pause 1100/playSound sipTea/pause 1000/playSound gulp/pause 500/showFrame Governor 8 true/animate Governor false false 200 11 10 9 8/pause 900/speak Governor \"...$h\"/pause 300/cutscene governorTaste/null",
        "governorReaction6": "pause 1000/playMusic ocean/speak Governor \"ȝÁ... ġ¹Ëȉ´æ Ź´ËˉÍÂ... á˅¨ƃ§æá̅Ç ÃÊªÒŵʴÍ¹ˢÒ§Ƥ!\"/pause 600/emote Governor 8/speak Governor \"ÃÍà݋ÂÇ... ƱÍÐäÃ ÍԒã¹ªÒÁ... щ˕Ð?$2\"/pause 500/showFrame Governor 14/playSound slimeHit/jump Governor/pause 500/showFrame Lewis 24/jump Lewis/textAboveHead Lewis \"¹ щġ¹?!\"/showFrame Emily 26/pause 1000/showFrame Marnie 16/jump Marnie/textAboveHead Marnie \"*̍Ò»Ò¡ˤÒ§*\"/pause 1000/shake Governor 2000/emote Governor 12/pause 500/showFrame Emily 4/showFrame Marnie 8/speak Governor \"щ... ʺÒ§ɍ¡ÍÒ¨!$1#$b#µÅÍ´ƚƇµ¢Í§ĉ¹ äˑà¤Âɦ¡ɤɦ¡ ÁÒʱÍ¹!$1\"/pause 600/showFrame Governor 13/playSound throw/specificTemporarySprite luauShorts/pause 500/jump Lewis/pause 1000/speak Governor \"ËƲë... ֥¹ĉ¹ ºÇÁע¹.... Ť´˗Òĉ¹ıÒĥ§ ¤ҵ¹ä̊$u\"/pause 400/globalFade/viewport -1000 -1000/pause 1000/warp Governor -100 -100/playSound slimedead/faceDirection Lewis 2/viewport 35 12 true/pause 1000/speak Lewis \"ã¤ÃʁµÒÁчƱ ˚Ç¹˓ÇÁã¹ ¡ÒÃ¡ÃÐŇÒ чˉÒ¡ĥÇ׉ ¤ÇÃä˴ģº¡ÒÃŅÒËŹ ¡̅Òã˪ÃÒÂ¡ÒÃ ˚Ç¹ĕÇ¢Í§ĉ¹ àҮÍȨ´»ÃÐÊ§ʹ׉!$4#$b#áÅÐàҮÍ ŇÒÅÒÂȫ»ч ÊÁɪÃ΃áºº׉... äˑÍÒ¨Â¡â·Éã̋ä˴! ĉ¹äˑà¤ÂړǪ¡ ĭºÍÒÂÁÒ¡¢¹Ò´׉ ÁÒʱÍ¹ã¹ ȪÁª¹׉... ʺÒ§ˉÒ ģ§àƑÂ¨¨ƃ§æ$4\"/pause 500/faceDirection Lewis 0/emote Lewis 12/speak Lewis \"¡ĥº˺Ò¹ä»«Ð à·È¡ÒÅ ¨ºÅ§á̅Ç$s\"/pause 500/globalFade/viewport -1000 -1000/message \"ĉ¹à´Ò˗Ò '¡ÒÃá¡̅§ àʥ¡æ˹ÍÂæ' ʁäˑãʺàҳÍ§Ƥ ËÃÍ¡ ...\"/pause 500/message \"ä˴àÇÅÒ¡ĥº˺Ò¹á̅Ç˕Ð\"/waitForOtherPlayers festivalEnd/end",
        "governorReaction5": "emote Governor 40/pause 400/speak Governor \"ȝÁ... ġ¹ʁäˑä˴á˒¹Ð á˅ړǪ¡àËȑÍ¹ġ¹¢Ò´ ÍÐäÃºÒ§Í˒Ò§ä»...$s#$b#щä˴ã˚ÍÒËÒÃ чàµƳÂÁÁÒÅ§ã¹Ë́Í ā¹¤Ãºȷ¡¤¹ǣĢ§àщÂ? ġ¹ړǪ¡àËȑÍ¹Ģ§¢Ò´ àƺÂ§ã¹īÇã¨¢Í§ã¤ÃºÒ§¤¹ä»\"/showFrame Governor 0/pause 400/showFrame Lewis 18/emote Lewis 28/pause 600/showFrame Lewis 0/pause 400/move Lewis 2 0 2/move Lewis 0 2 3/pause 500/animate Lewis false false 200 19 19 22 23 23 22 23 23 22 19 19/pause 800/playSound gulp/pause 600/playSound gulp/pause 1000/speak Lewis \"¨ƃ§˴ÇÂ... ÃÊªÒŵġ¹ÍÍ¡¨ÐǸ´æ ä»ËˉÍÂ¹Ð$s\"/pause 1000/speak Lewis \"¢ÍºȤ³чÁÒ˓ÇÁ§Ò¹ã¹ƫ׉ ˴ÇÂ¹Ð¤ģºˇÒ¹ڌ˗Ò ˵Í§¢Íâ·É˴ÇÂ¹Ð¤ģº чթÒȫ»¢Í§ƫ׉ ÍÍ¡¨Ð¸ÃÃÁ´Òä»ËˉÍÂ\"/pause 500/faceDirection Lewis 2/speak Lewis \"àÍÒËÅÐ... Ʊã¤Ã¨Ðš¹ȫ»ƽ¡ՁÂ?\"/faceDirection Marnie 0 true/advancedMove Gus false 0 -1 5 0 4 1000/advancedMove Jodi false 0 -2/advancedMove Clint false 0 1 -1 0 0 3 -2 0/advancedMove Emily false 3 0/advancedMove Pam false 0 2 7 0/pause 1000/globalFade/viewport -1000 -1000/pause 300/message \"ǖ§á́թÒȫ»ƫ׉ ¨ÐǸ´ä»ËˉÍÂ á˅§Ò¹ĥÇΓ ʁĢ§Êȹ¡Ƥ¹Ð!!\"/pause 500/message \"ä˴àÇÅÒ¡ĥº˺Ò¹á̅Ç˕Ð.\"/waitForOtherPlayers festivalEnd/end",
        "governorReaction4": "emote Governor 16/pause 600/shake Governor 1000/jump Governor/pause 800/playMusic SettlingIn/speak Governor \"â̍¾ÃÐà˨Ò... щġ¹ àʛ¹ȫ»чÂÍ´àђÂÁÁÒ¡!$h\"/shake Governor 5000/animate Governor false true 100 9 10 11 11 10/pause 800/move Lewis 2 0 2/move Lewis 0 2 3/pause 500/animate Lewis false false 200 19 19 22 23 23 22 23 23 22 19 19/pause 800/playSound gulp/pause 600/playSound gulp/pause 1000/speak Lewis \"ˇÒ¹ɮ´ɦ¡ ġ¹â¤µÃÍ˓ÍÂàÅÂ!$h\"/pause 500/faceDirection Lewis 2/speak Lewis \"àђÂÁÁÒ¡ȷ¡¤¹ àÍÒ˕ÐäË¹ã¤Ã ÍÂÒ¡ŪÁȫ»щ˺Ò§$h\"/faceDirection Marnie 0 true/advancedMove Gus false 0 -1 5 0 4 1000/advancedMove Jodi false 0 -2/advancedMove Clint false 0 1 -1 0 0 3 -2 0/advancedMove Emily false 3 0/advancedMove Pam false 0 2 7 0/pause 1000/globalFade/viewport -1000 -1000/pause 300/message \"ڌ˗Òäˑä˴̅Íà˕¹àÅÂáÎÐ ȫ»щġ¹Í˓ÍÂ¨ƃ§æ!\"/pause 500/message \"ä˴àÇÅÒ¡ĥº˺Ò¹á̅Ç˕Ð\"/waitForOtherPlayers festivalEnd/end",
        "governorReaction3": "emote Governor 32/pause 400/playMusic jaunty/speak Governor \"̍Ò... ׉àʛ¹Ȫ»чˉÒҳ¹ÃÁΒÁÒ¡ ¢Í§¨Ò¡ɋºà¢Ò׉ äˑà¤ÂŇÒã̋ĉ¹ż´Ëħ§!\"/showFrame Governor 0/pause 400/move Lewis 2 0 2/move Lewis 0 2 3/pause 500/animate Lewis false false 200 19 19 22 23 23 22 23 23 22 19 19/pause 800/playSound gulp/pause 600/playSound gulp/pause 1000/speak Lewis \"ȝÁÁÁ... Í˓ÍÂ Ȥ³ŇÒä˴ƤƧàƤÂÇ\"/pause 500/faceDirection Lewis 2/speak Lewis \"àÍÒËÅÐ... ã¤ÃÍÂÒ¡ä˴Ȫ»˺Ò§?\"/faceDirection Marnie 0 true/advancedMove Gus false 0 -1 5 0 4 1000/advancedMove Jodi false 0 -2/advancedMove Clint false 0 1 -1 0 0 3 -2 0/advancedMove Emily false 3 0/advancedMove Pam false 0 2 7 0/pause 1000/globalFade/viewport -1000 -1000/pause 300/message \"à·È¡ÒÅĥÇΓ àʛ¹ä»ä˴˴ÇÂƤ! âª¤Ƥ чàÃÒàÍÒ¢Í§Í˓ÍÂŚÒËģºȪ»ÁÒ\"/pause 500/message \"ä˴àÇÅÒ¡ĥº˺Ò¹á̅Ç˕Ð\"/waitForOtherPlayers festivalEnd/end",
        "governorReaction2": "pause 400/playMusic ocean/speak Governor \"ȝÁ... ĉ¹äˑړ¨Ð˗ÒĢ§ä§Ƥ ȫ»׉ġ¹ʁÃÊªÒŵàËȑÍ¹ ȫ»ηÇæä»˝Ð¹Ð\"/showFrame Governor 0/pause 400/showFrame Lewis 18/emote Lewis 28/pause 600/showFrame Lewis 0/pause 400/move Lewis 2 0 2/move Lewis 0 2 3/pause 500/animate Lewis false false 200 19 19 22 23 23 22 23 23 22 19 19/pause 800/playSound gulp/pause 600/playSound gulp/pause 1000/speak Lewis \"ˇÒ¹ɮ´ɦ¡ á˅ ġ¹ʁäˑä˴á˒Í˒Ò§чŤ´¹Ð\"/pause 500/faceDirection Lewis 2/speak Lewis \"àÍÒÅÐ... ã¤Ã˵Í§¡ÒÃȫ»˺Ò§?\"/faceDirection Marnie 0 true/advancedMove Gus false 0 -1 5 0 4 1000/advancedMove Jodi false 0 -2/advancedMove Clint false 0 1 -1 0 0 3 -2 0/advancedMove Emily false 3 0/advancedMove Pam false 0 2 7 0/pause 1000/globalFade/viewport -1000 -1000/pause 300/message \"ȫ»ġ¹ÃÊªÒŵ¡ÅÒ§æáÎÐ á˅ʁƤч à·È¡ÒÅĥÇΓ ˌÒ¹ä»˴ÇÂƤ!\"/pause 500/message \"ä˴àÇÅÒ¡ĥº˺Ò¹á̅Ç˕Ð\"/waitForOtherPlayers festivalEnd/end",
        "governorReaction1": "emote Governor 28/pause 400/playMusic ocean/speak Governor \"ȝÁ... ġ¹ˉÒ¢ÂÐá¢Â§Ĉ§ ƫ׉ĉ¹¢ÍˌÒ¹ʁá̅Çā¹.$s\"/showFrame Governor 0/pause 400/showFrame Lewis 18/emote Lewis 28/pause 600/showFrame Lewis 0/pause 400/move Lewis 2 0 2/move Lewis 0 2 3/pause 500/animate Lewis false false 200 19 19 22 23 23 22 23 23 22 19 19/pause 800/playSound gulp/pause 600/playSound gulp/pause 1000/speak Lewis \"áËÇÐ.. ¤§˵Í§Ʊã¤ÃºÒ§¤¹ ã˚ħµȶŴºà¡Ã´ϥÒÅ§ä»áˉàÅÂ$s\"/pause 500/faceDirection Lewis 2/speak Lewis \"àÍÒÅÐ.... Ʊã¤ÃÍÂÒ¡¨ÐÅÍ§˺Ò§?\"/faceDirection Marnie 0 true/advancedMove Gus false 0 -1 5 0 4 1000/advancedMove Jodi false 0 -2/advancedMove Clint false 0 1 -1 0 0 3 -2 0/advancedMove Emily false 3 0/advancedMove Pam false 0 2 7 0/pause 1000/globalFade/viewport -1000 -1000/pause 300/message \"ȫ»ÍÍ¡ÁÒäˑʴÍÂƤċ¡àˇÒäË˓ á˅à·È¡ÒÅĥÇΓʁ¨ºÅ§ä˴˴ÇÂƤ!\"/pause 500/message \"ä˴àÇÅÒ¡ĥº˺Ò¹á̅Ç˕Ð\"/waitForOtherPlayers festivalEnd/end",
        "governorReaction0": "pause 500/showFrame Governor 13/pause 500/shake Governor 2000/emote Governor 12/pause 500/speak Governor \"ހ¡! щġ¹àÅÇ̃ÒÂàʛ¹чɊ´! ĉ¹á·º¨Ð̍Ç¡ÍÍ¡ÁÒá̅Ç......$u\"/showFrame Governor 13/jump Lewis/pause 800/speak Governor \"ĉ¹äˑäËÇá̅Ç...$u\"/globalFade/viewport -1000 -1000/pause 1000/warp Governor -100 -100/playSound slimedead/faceDirection Lewis 2/viewport 35 12 true/pause 1000/speak Lewis \"àˢÒã¨à˕¹щ ȷ¡¤¹... ã¤ÃʁµÒÁчġ¹Ě§ÍÒ¨ã˚ ¢Í§˛ÇÂáµ¡Å§ä»ã¹ȫ»ι¹! ĉ¹ż´Ëħ§ã¹ĕÇá¡чɊ´$4\"/pause 500/faceDirection Lewis 0/emote Lewis 12/speak Lewis \"áÂ¡̂ÒÂ¡ĥº˺Ò¹ā¹ä»ä˴á̅Ç §Ò¹à·È¡ÒÅġ¹¨º֪¹Å§á̅Ç$s\"/pause 500/globalFade/viewport -1000 -1000/message \"Ƈ¹ÒÈĪ¹µÐâÃÍÐäÃā¹¢¹Ò´׉...\"/pause 500/message \"ä˴àÇÅÒ¡ĥº˺Ò¹á̅Ç˕Ð\"/waitForOtherPlayers festivalEnd/end",
        "Governor": "ʺÒ§àʛ¹§Ò¹ч Íºӭ¹¨ƃ§æ... Êȹ¡ȷ¡¤Ճ§ чÁÒàȒÍ¹ɋºà¢ÒàÅÂ#$e#ĉ¹˵Í§ä»ȤÂāºÀÃÃÂÒ àҳÍ§؛Í˺Ò¹Ğ¡µÒ¡ÍÒ¡ÒÈ чщĪ¡ËˉÍÂá̅Ç",
        "Abigail_spouse": "Í˒Òã̋ĉ¹ä»Ëɂ´¤ÇÒÁÊȹ¡ ¢Í§à¸ÍàÅÂ ĉ¹áʴÍÂÒ¡Ȓ¹ÁÍ§·ÐàÅ ċ¡ËˉÍÂˉÐ",
        "Leah_spouse": "ġ¹ƤÍԒËÃÍ¡¹Ð чä˴àʫ¹ȷ¡¤¹ÁÒÃÇÁā¹ á˅ĉ¹ ÍÂÒ¡¡ĥºä»ч¿ÒΓÁÁÒ¡¡˗Ò",
        "Maru_spouse": "ÎÒΓƷΒ¾ÂÒÂÒÁÁÒȤÂāºĉ¹ÍԒ á˅чĉ¹˵Í§¡ÒÃԷ§ËÁ´ ʁáʴä˴š¹¢Í§˒Ò§˺Ò§˝Ð",
        "Penny_spouse": "ĉ¹áʴıÒĥ§ĲÒàҮÍ¹àʱÒ¤¹Ǚ§ àбÂÇāºàҳÍ§¢Í§ȫ»Թ¹",
        "Haley_spouse": "ԏ... ĉ¹äˑÍÂÒ¡¢ĢºËȓÍŇÒÍÐäÃƽ¡ ĉ¹àУÁ¨ÐàËҗÍÍÍ¡á̅Ç¹Ð",
        "Sebastian_spouse": "ĉ¹ıÒĥ§ŇÒЪ§ч ĉ¹ŇÒä˴ƤчɊ´ Թ¹ǴÍ ¾ÂÒÂÒÁÍÒÃÁ΃ƤàˢÒä̇",
        "Sam_spouse": "ĉ¹Ť´˗Òġ¹¤§äˑƤáˉ ˶ÒƱºÒ§¤¹ àÍÒºÒ§Ъ§äˑƤã˚Å§ä»ã¹ȫ»...",
        "Alex_spouse": "à̎ ĉ¹¨Ð̍Í¹ÇÍ¹à¸Í ȷ¡ƇƦ·Ò§àҮÍ¨ÐÁÒ Ğ¡ˌÍ¹чËÒ´׉ ÍÒ¡ÒÈġ¹ƤÁÒ¡æàÅÂ˕Ð!",
        "Harvey_spouse": "â̍ чģ¡... ·ÃÒÂ ġ¹àˢÒä»ã¹ȶ§à˷Òĉ¹ˉÐ...$s",
        "Elliott_spouse": "¡ÃÐˇÍÁàʱÒɤàËȑÍ¹¨ÐƤע¹ ȷ¡æ¤Ճ§чĉ¹¡ĥºÁÒ ĉ¹Ǚ¡˗Òġ¹¨ÐĞ§ä»á̅Ç«Ðƽ¡",
        "Abigail": "ġ¹àËҩÍÂ¹Ð ч¨ÐàˢÒĪ§¤Á āºȷ¡¤¹... ÁÒι§ɤ·ÐàÅ Ģ§Ƥ¡˗Ò",
        "Emily": "%à¸ÍäˑµÍº",
        "Robin": "â̍Ç... чģ¡ Ȥ³àËƲÂºà˷Ò ĉ¹ÍԒ¹Ð",
        "Demetrius": "¼ÁàËҩÍÂ ÁÒ¡á̅Ç¹Ðчģ¡ щàÃÒ¨Ðä» š¹Ⱥ¿àˏ΅ā¹ä˴ǣĢ§ *á˞¡æ*",
        "Maru": "ĉ¹äˑړËÃÍ¡¹Ð˗ÒƵęÊ ıÒĥ§˒Ò§ĕÇÍÐäÃÍԒ á˅¡Х¹ġ¹ËÍÁ ªÐġ´àÅÂ... *àؾÍ¡*",
        "Sebastian": "ƱÍԒƫËѹ§чá«Á àÍÒ»ÅÒáÍ¹âªїËѹ§»Í¹΄ ã˚Å§ä»ã¹Ë́Í#$e#äˑá»Å¡ã¨àÅÂƊ¹Ð ˗ÒŇÒäÁΪÇâÁ§ ŊÒàʞ­»ÃÐâÂªΉ ÊÒ¸ÒÃ³Ð¢Í§á«Áǖ§ä˴ŉÒâ˄§¡˗Ò ªÒÇ˺Ò¹ä»¢¹Ò´׉?$h",
        "Linus": "ʴÍÂæ ËɁ¹˪Òæ ä»àҳÍÂæ щáËÅÐà¤ʥ´ĥº á˛§¡ÒÃ˒Ò§àةÍ ã̋Í˓ÍÂ",
        "Pierre": "ȝÁÁ... ˶ÒàˢÒËÒˇÒ¹ڌ˗Òɦ¡Ĉ§ËÇÐ ºÒ§Ƨ ÍÒ¨¨Ðä˴Â¡à̇¹ÀÒƹ̃Ò¹ˤÒ ʁä˴¹Ð...#$b#Ëħ§˗Ò ˇÒ¹ˉÒ¨ÐªÍºƇÊֱԪ¹Ƥ¹Ð?#$e#á˅µÍ¹׉ ¤§˵Í§ÃÍã̋¹ÒÂ¡à·ÈÁ¹µƳ Ëɂ´¾˕ÒÁāºà¢Ò µÅÍ´ˊÒÂáºº׉ʱÍ¹",
        "Caroline": "ĉ¹ã˚Ĝ¡Ê´æ ¨Ò¡ÊÇ¹¢Í§ĉ¹ Å§ä»ã¹Ë́Íȫ» ˚Ç¹¡ÅÒ§˴ÇÂ˕Ð",
        "Alex": "ÍÒ¡ÒÈƤ àËÁÒÐáʱ¡ÒÃ Ĉ´»ÒΓׅªÒÂËÒ´ à¹ÍÐ ˗ÒՁÂ?",
        "George": "àƺÂ§à¾Å§¨ÐĔ§ÁÒ¡àš¹ ä»á̅Ç!#$b#¨ÐËÒ¤ÇÒÁÊ§º àҮÍҤÁϤÒāº·ÐàÅ ä˴Ģ§ä§ā¹?",
        "Evelyn": "ÍÒΛ... ¡Х¹ÍÒÂ¢Í§·ÐàÅ ŇÒã̋ĉ¹ËÇ¹¡ĥºä» àұÍËÅÒÂƫÁÒá̅Ç ʱÍ¹чà¸Í¨Ðàš´ àƺÂƽ¡",
        "Lewis": "ɤ©ÅÒ´щ! ڌ˗Ò¡ÒÃģ° ¨ÐÁÒàђÂÁчщȷ¡ƫ#$b#˶Òà¸ÍŉÒºÒ§Í˒Ò§ ÁÒŇÒàʛ¹ÍÒËÒÃ áÅÐàОÁġ¹Å§ä»ã¹ Ë́Íȫ»",
        "Clint": "ĉ¹ЭÁá̅ÇÇÇ á˅¨ÐƱÍÐäÃҽ¹ƽ¡˕Ð ¹Í¡¨Ò¡¡ÒÃš¹?",
        "Penny": "àÃÒĈ´ à·È¡ÒÅ׉ע¹ȷ¡ƫ àҮÍã̋ˇÒ¹ڌ˗Ò ä˴֥ÁÅÍ§¢Í§ȷ¡Í˒Ò§ чËԑ˺Ò¹àÃÒËÒÁÒä˴#$e#¹ÒÂ¡à·ÈÁ¹µƳàÅƇÊ Ëħ§˗Òġ¹¨ÐʺÇÂã̋ ˇÒ¹ڌ˗ÒÍԒˢÒ§àÃÒ ι¹àʛ¹àËȵ¼Å˗ÒŇÒäÁ à¢Òǖ§ā§ÇÅ āºÃÊªÒŵ¢Í§ȫ» àʛ¹Í˒Ò§ÁÒ¡",
        "Pam": "àË... Ⱥ¿à¿΅¿Ƴä§ щáËÅÐËѹ§ã¹à˻ÒËÁÒÂ ¢Í§¡ÒÃÍԒчщ˕Ð Êȹ¡āºġ¹«Ð à˨ÒËɩ!",
        "Haley": "ʁÍÂÒ¡¨Ðà˵¹¹Ð á˅äˑÍÂÒ¡ã̋ àËҗÍÍÍ¡àÅÂ",
        "Jodi": "ĉ¹Ëħ§˗ÒȪ»ƫ׉ ¨ÐÍ˓ÍÂ¹Ð",
        "Kent": "à̎ Ƃ¹Ƥчä˴à¨ÍȤ³",
        "Marlon": "ĉ¹ÁÒÍԒµÃ§׉ à¾ÃÒÐƱ˵¹ä́ÍԒ... ġ¹ŇÒã̋ ÍÒ¡ÒÈàʢ¹ˉÐ",
        "Sam": "ڌ˗ÒàËÃÍ? ã¤ÃÊ¹...#$e#á̅ÇŇÒäÁǖ§˵Í§ Ê¹ã¨Ʌ§áʱæ чäˑ՛ÒË˹Ò áºº׉˴ÇÂ˕Ð?",
        "Leah": "ŇÒ¿ÒΓÁ ǖ§äË¹á̅Ç? ɤàËȑÍ¹Äɤ׉ ¨ÐŇÒã̋à¸Í Ӣ§ÁÒ¡àÅÂ¹Ð",
        "Shane": "̇ÒÇ... Ȥ³äˑƱ·Ò§ËÒ Ċ·ƩΒ¾ƃ¡ֲËɩ ã¹àȑÍ§ãËʽ ä˴áºº׉ËÃÍ¡",
        "Marnie": "˶Òà¸ÍŉÒ¢Í§ ÁÒã˚ȫ»¹Ð ƫ¹Ě¹ä´ ˴Ò¹â˹¹á̅Çʁ âÂ¹ġ¹Å§ä»àÅÂ˨Ð",
        "Elliott": "ħ¹׉ĉ¹ҥ¹ÊÒÂ àұÍµÍ¹ˡÒÇÍÍ¡ ¨Ò¡»ÃÐɥä»á̅Ç ĉ¹ʁ¾º˗ÒĕÇàÍ§ ÍԒˇÒÁ¡ÅÒ§ àƺÂ§àÍÐÍÐӧ¹ÇÒÂ!#$e#ĉ¹ȕÁä»àÅÂ ˗Òħ¹׉ Ʊ§Ò¹ĥÇΓ$h",
        "Gus": "Ë¹ÍÂ ¾Ç¡áÁÅ§ħ¹·ÃÒÂщ ªÍºÁÒµÍÁÍÒËÒÃ ÍԒàҳÍÂàÅÂ!",
        "Dwarf": "Ʊ½¹µ¡ԧ¹àËÃÍ? *àȞÍ¡*#$e#½¹.... щÍÒ¨àʛ¹ ŅÒ¹Ò¹ŚÒËģº¾Ç¡àÃÒàÅÂ ¾Ç¡àÃÒºÒ§¤¹ ÍԒÁÒâ´Âäˑà¤Â à¨ÍàҳÍ§áºº׉ ÁÒʱÍ¹",
        "Wizard": "¾Ç¡àǷÍ¡àÍ§ ʁÊ¹ã¨àбÂÇāº à·È¡ÒÅ¢Í§ÁȹÉΒ àËȑÍ¹ā¹#$e#¾Ç¡à¢Ò ¨ÐīÇàƺÂÁÒ¡ ˶Ò¾Ç¡à˨Ò֗§¢ÂÐ Å§ä»ã¹·ÐàÅ",
        "Harvey": "Ƥ¹Ðч¼Á ·Ò¤ƳÁā¹á´´ ÁÒʱÍ¹#$e#Ëħ§˗ÒÁÒɃ¨ÐäˑȕÁ ·Ò¤ƳÁā¹á´´ чäË˕¢Í§à¸Í¹Ð?",
        "Sandy": "ĉ¹ä˴Ƃ¹˗Ò чι¹½¹µ¡˕Ð ι¹ãʺàËȵ¼Å чȤ³ÁÒчщՁÂ?$h#$e#¨ƃ§æá̅Ç ºÒ§¤Ճ§ĉ¹ʁ Ť´ǖ§½¹¹Ð...$s",
        "Jas": "Ƈ¹à«¹·à˵¹äˑàʱ§ àÅÂĪ¡Ź´",
        "Vincent": "ˉÒàҪÍĈ§...",
        "Willy": "˗Òä§ @ ÍÍ¡ÁÒɺ´ÍÒ¡ÒÈ àËȑÍ¹ā¹àËÃÍ#$e#ɮ´¨ƃ§æ¹Ð µÍ¹׉ĉ¹ÍÂÒ¡ ä»Ȓ¹µ¡»ÅÒ ÁÒ¡¡˗Ò¨ÐÁÒ ˓ÇÁ§Ò¹׉ƽ¡",
        "Leo": "Ӻ... ¼ÁıÒĥ§Ǩ¡ÉÒ¡ÒÃ˒Ò§ áººžƦžĖ¹ÍԒˉÐ"
    }
}
