{
    "header": {
        "target": "w",
        "formatVersion": 5,
        "hidef": true,
        "compressed": 128
    },
    "readers": [
        {
            "type": "Microsoft.Xna.Framework.Content.DictionaryReader`2[[System.String, mscorlib, Version=4.0.0.0, Culture=neutral, PublicKeyToken=b77a5c561934e089],[System.String, mscorlib, Version=4.0.0.0, Culture=neutral, PublicKeyToken=b77a5c561934e089]]",
            "version": 0
        },
        {
            "type": "Microsoft.Xna.Framework.Content.StringReader",
            "version": 0
        }
    ],
    "content": {
        "name": "Dance Of The Moonlight Jellies",
        "conditions": "Beach/2200 2400",
        "shop": "F 2626 800 -1 F 1687 1200 -1 F 1692 1200 -1 F 2631 1000 -1 F 2875 4000 -1 O 265 5000 1",
        "set-up": "ocean/-1000 -1000/farmer 38 3 2/changeToTemporaryMap Beach-Jellies/loadActors Set-Up/advancedMove Vincent true 0 12 3 3000 2 0 1 3000 0 -12 -2 0 3 3000/advancedMove Jas true 0 2 3 5000 0 -2 3 5000/advancedMove Clint false 2 50000 -2 0 3 500 2 1000 3 1000 1 0 2 1000/advancedMove Harvey True 0 -12 -10 0 0 6 2 25000 0 -6 10 0 0 12 2 25000/viewport 38 2 clamp true/pause 1000/playerControl jellies",
        "mainEvent": "pause 500/globalFade/viewport -1000 -1000/changeLocation Beach/warp farmer1 28 36/warp spouse 29 36/positionOffset farmer 0 16/faceDirection spouse 2/warp farmer2 29 35/warp farmer3 34 36/warp farmer4 35 36/faceDirection farmer1 2/faceDirection farmer2 2/faceDirection farmer3 2/faceDirection farmer4 2/specificTemporarySprite candleBoat/viewport 26 36 true/pause 2000/move Lewis 0 1 2/move Lewis -2 0 3/pause 400/showFrame Lewis 16 true/animate Lewis false false 200 25 16 17 17/pause 800/playSound parry/specificTemporarySprite candleBoatMove/pause 500/showFrame Lewis 0 true/animate Lewis false false 200 25 12/pause 400/faceDirection Lewis 2/pause 6000/specificTemporarySprite moonlightJellies/pause 10000/playMusic moonlightJellies/pause 30000/viewport move -1 0 8000/pause 10000/viewport move 1 0 20000/pause 18000/globalFade/viewport -1000 -1000/pause 2000/pause 1000/message \"ʺÇ§àÇÅÒƤæ ¢Í§Äɤ̃Í¹ıÒĥ§ˌÒ¹ä» áÅÐµÍ¹׉... ¡ÃÐ¾Ƀ¹áÊ§Ĉ¹·Γ ıÒĥ§ÅÍÂˌÒ¹ä»ԚȨ´ËÁÒÂ чäˑƱã¤Ãړ\"/playMusic none/pause 2000/waitForOtherPlayers festivalEnd/end",
        "Leah_spouse": "à̎ ĉ¹à¤ÂÁÒɤġ¹á̅Ç àұÍÄɤ̃Í¹ʱÍ¹æ׉ ĉ¹¨ÐÁÒ¾ºà¸Íƽ¡Ƨ µÍ¹»˕ÍÂàȓÍàƧÂ¹ÅÐā¹",
        "Abigail": "ʺÒ§àʛ¹»ÃÐÊº¡ÒÃ΃ ĭ¹ˉÒҥ¹à˵¹чËÒɤ ä˴ÂÒ¡¨ƃ§æ ...",
        "Robin": "*ËÒÇ*... щġ¹àÅÂàÇÅÒ¹Í¹ ¢Í§ĉ¹ÁÒá̅Ç¹Ð$s#$e#à̎ àʫ¹¡ÃÐ·§ι¹ՁÂ? ĉ¹ŇÒàÍ§áËÅÐ$h",
        "Demetrius": "'¡ÃÐ¾Ƀ¹áÊ§Ĉ¹·Γ'... àʛ¹ÊÒÂĞ¹ۨчˉÒѷ§Ƥ¹Ð àÃÒâª¤ƤÁÒ¡ ч¾Ç¡ġ¹ˌÒ¹ÁÒчщã¹¡ÒÃ àŴ¹·Ò§ä¡Åä»·Ò§ã˵#$e#äˑړàËȑÍ¹ā¹˗Ò ŇÒäÁ¾Ç¡ġ¹ǖ§ƱáÊ§... ˉÒ»ÃÐËÅÒ´ÁÒ¡",
        "Maru": "ɤàËȑÍ¹ÍÒ¡ÒÈ ¨ÐàУÁË¹ÒÇá̅Ç¹Ð ĉ¹˗ÒÄɤãºä́˓Ç§ ıÒĥ§¨ÐÁÒǖ§á̅ÇáËÅÐ",
        "Sebastian": "ĉ¹˗Òĉ¹àʫ¹ ºÒ§Í˒Ò§¢Ģºã¹Թ¹¹Ð... ºÒ§Í˒Ò§чġ¹ãËʽ ºÒ§Í˒Ò§чġ¹ǥ¡ĥº#$e#¾ÂÒÂÒÁч¨ÐËÅÍ¡ã̋Ȥ³¡ĥÇ...$h",
        "Pierre": "ӺÇÇ... ¾ӣ§׉àˢÒÁÒàÍÒ àÁʥ´Ğ¹ۨÄɤãºä́˓Ç§ ч̃Ò¹ĉ¹Ɗ!",
        "Caroline": "áÊ§àƧÂ¹¾Ç¡׉ ʺÒ§ɤâÃáÁ¹ŵ¤àƺÂ¨ƃ§ àʫ¹˴ÇÂՁÂ?",
        "Linus": "à݋ÂÇĉ¹ʴÍÂæ ˒Í§ä»áÍºɤ µÍ¹чáÁ§¡ÃÐ¾Ƀ¹ÅÍÂÁÒ á̅Çā¹¹Ð... ĉ¹äˑÍÂÒ¡¨Ðä» Ãº¡Ç¹¤¹ҽ¹à¢Ò",
        "Alex": "äˑÍÂÒ¡àҚÍàÅÂ˗Ò Ë˹Ò̃Í¹ıÒĥ§¨ÐËÁ´ä»... àËȑÍ¹àО§¨ÐàУÁ˵¹щàÍ§$s",
        "George": "ÍÐäÃā¹ ŇÒäÁǖ§ÁÍ§ĉ¹ ˴ÇÂÊÒÂµÒáººԹ¹? à¸ÍŤ´˗Òĉ¹áʱàš¹¡˗Ò ¨ÐÊȹ¡āºÍÐäÃáºº׉ ËȓÍä§?",
        "Evelyn": "ĉ¹Ģ§ĸÒä˴˗Ò à¤Âàʫ¹áÁ§¡ÃÐ¾Ƀ¹¾Ç¡׉ àұÍµÍ¹чĢ§àʛ¹àʔ¡ ĉ¹¡ÃÐâ´´ä»ÁÒ ˴ÇÂ¤ÇÒÁÊȹ¡àұÍ¾Ç¡ġ¹ÁÒǖ§!#$e#á˅ι¹ʁ¹Ò¹ÁÒá̅Ç... ĉ¹äˑƱàѓÂÇáÃ§ ¢¹Ò´Թ¹ƽ¡á̅Ç˕Ð",
        "Lewis": "ÊħÊƤÂÒÁǔ¡ @ ¾Ç¡áÁ§¡ÃÐ¾Ƀ¹áÊ§Ĉ¹·Γ ıÒĥ§ã¡̅àˢÒÁÒá̅Ç˕Ð... ĉ¹àʫ¹ĕÇǙ§àȓÍ§áÊ§ÍԒƅºæ ԉ¹áË¹Ð#$b#à݋ÂÇ¾ÍàÃÒ»˕ÍÂ àȓÍáÊ§àƧÂ¹׉ä»¹Ð ¾Ç¡ġ¹¨ÐÅÍÂÁÒ ė¡·ÒÂàÃÒчˇÒàȓÍ׉àÍ§",
        "Clint": "Ǵ¹׉ĉ¹ÊÇÁÃÍ§à˷ÒӴàʱ§ ÁÒ˴ÇÂ˕Ð... á˅äˑƱã¤ÃĪ§à¡µàÅÂ$s",
        "Emily": "ÁÍ§ɤƊч·ÐàÅ чä̃ѫ§Ȩ´֪¹Ɋ´ι¹ ã˵թÒǥ¡ ƱĪµΗ·ÐàÅËÅÒ¡ËÅÒÂªŹ´ ıÒĥ§à¤ҵÍ¹ч ÀÒÂã˵¤ÇÒÁȑ´Ɓ´ÍԒ #$b#ãʺàÍѓ ǣà»˕Ò¹Ð",
        "Penny": "ƚƇµ¢Í§áÁ§¡ÃÐ¾Ƀ¹ щʺÒ§ʷÒÂ´ÒÂƤĈ§... àƮÂ§áʴ»˕ÍÂã̋¤ҵ¹ÅÁ Ğ´¾ÒˌÒ¹ä»µÅÍ´¡ÒÅ",
        "Pam": "Í˒Òä»ºÍ¡āÊ¹Ð á˅ĉ¹ż´Ëħ§Ź´ËˉÍÂ¹ÐàщÂ чǴ¹׉äˑƱȺ¿à¿΅˴ÇÂ",
        "Haley": "ĉ¹ˉÒ¨ÐàÍÒ¡̅Í§ÁÒ˴ÇÂ¹ÐàщÂ! ªÍºȕÁµÅÍ´àÅÂ$s",
        "Jodi": "µÃ§Թ¹ˉÐ! ĉ¹àʫ¹ÍÐäÃºÒ§Í˒Ò§ àȓÍ§áÊ§˴ÇÂ!#$b#âˈ... ä»«Ðá̅Ç$s",
        "Kent": "ÊħÊƤµÍ¹àʢ¹ @ Ëħ§˗Òà¸Í¨ÐËÒàÇÅÒĞ¡ˌÍ¹ ä˴ʱÍ¹ÄɤàʁºàбÂÇ¹Ð",
        "Sam": "ĉ¹˗Ò¾Ç¡ġ¹ ÍÒ¨¨ÐƱžÉ̃ÒÂáÃ§¹Ð?#$e#áºº׉¤§¼ĥ¡à«ºÒÊàƥÂ¹ Å§թÒäˑä˴á̅Ç...$h",
        "Leah": "à̎ ĉ¹à¤ÂÁÒɤġ¹á̅Ç àұÍÄɤ̃Í¹ʱÍ¹æ׉",
        "Shane": "¾Ç¡áÁ§¡ÃÐ¾Ƀ¹ à¤ÂÁÒчщàұÍƫчá̅Ç áÅÐ¾Ç¡ġ¹ʁ¨Ð¡ĥºÁÒƽ¡ ã¹ƽ¡ã¹ƫË˹Ò... ¸ÃÃÁªÒŵʺÒ§ˉÒĭÈ¨ÃÃΒ¨ƃ§æ",
        "Marnie": "àËȑÍ¹¤¹¨ÐàÂÍÐàš¹ä» ŚÒËģºˇÒчàʛ¹ä́àʱÒæ¹Ð! ĉ¹¨ÐÍԒµÃ§׉ã¡̅æ ªÒÂËÒ´Ƥ¡˗Ò",
        "Elliott": "˶ÒàÃÒŇÒã̋ÁËÒÊɁ·Ãàš´ÁÅžÉ áÁ§¡ÃÐ¾Ƀ¹ʁ¨Ðɺ­Ğ¹Έ ġ¹¾̃ÍÁч¨Ðàš´ע¹µÅÍ´#$e#ˉÒÅÐÍÒÂã¨... чàÃÒäˑà¤ÒÃ¾¸ÃÃÁªÒŵ ƽ¡˅Íä»",
        "Gus": "'áÁ§¡ÃÐ¾Ƀ¹áÊ§Ĉ¹·Γ'... ĉ¹Ê§ĪÂĈ§˗Òġ¹ÃÊªÒŵĢ§ä§?$h#$b#áˉ¹Í¹! ĉ¹Ģ§äˑà¤ÂÅÍ§ġ¹àÅÂ¹Ð!$u",
        "Dwarf": "Ʊ½¹µ¡ԧ¹àËÃÍ? *àȞÍ¡*#$e#½¹.... щÍÒ¨àʛ¹ ŅÒ¹Ò¹ŚÒËģº¾Ç¡àÃÒàÅÂ ¾Ç¡àÃÒºÒ§¤¹ ÍԒÁÒâ´Âäˑà¤Â à¨ÍàҳÍ§áºº׉ ÁÒʱÍ¹",
        "Wizard": "ËÒˢÒà¨Íä˴Ģ§ä§ā¹àщÂ? ˢÒ˗ÒˢÒËÒчʻÍ¹Ƥá̅Ç¹Ð#$b#ºÒ§Ƨà˨ÒÍÒ¨¨ÐƱ ­Ò³ŷ¾Βʁä˴#$e#ˢÒÁÒчщàҮÍĪ§à¡µɵ¹ÒɵÊ (Lunaloos)... ËȓÍч¾Ç¡à˨ÒàƳÂ¡ā¹˗Ò '¡ÃÐ¾Ƀ¹áÊ§Ĉ¹·Γ' ¾Ç¡ġ¹àʛ¹Ъ§ƱƚƇµã˵թÒ чáÅɤƱÁ¹΅¢ĥ§àÍÒÁÒ¡æ",
        "Harvey": "Ƥá̅ÇчÄɤ̃Í¹ıÒĥ§¨ÐˌÒ¹ä» àÍÒ¨ƃ§æ¹Ð ¼ÁړǪ¡Ʊ¤ÇÒÁɊ¢ÁÒ¡ч¨Ðä˴ ºÍ¡ÅÒºÃÃ´Òɂ§ä»àƺÂƧ!",
        "Sandy": "ĉ¹ä˴Ƃ¹˗Òчι¹½¹µ¡˕Ð ι¹ãʺàËȵ¼Å чȤ³ÁÒчщՁÂ?$h#$e#¨ƃ§æá̅Ç ĉ¹ʁŤ´ǖ§½¹àËȑÍ¹ā¹¹Ð...$s",
        "Jas": "ËɩËħ§˗Ò¾Ç¡ġ¹¨ÐÍÍ¡ɵ¡àÂÍÐæ ã¹ƫ׉¹Ð!",
        "Vincent": "¼ÁÍÂÒ¡àʫ¹áÁ§¡Ð¾Ƀ¹ƺàƒÂÇĈ§ à¾ÃÒÐġ¹ËÒä˴ÂÒ¡ÁÒ¡!",
        "Willy": "¾Ç¡»ÅÒ¡ÅÒ§Ǵ¹˚Ç¹ãËʽ ġ¡¨Ð¡ĥÇáÊ§¹Ð... á˅à˨Ò¾Ç¡׉ ġ¹á»Å¡¡˗Òã¤ÃàҮÍ¹àÅÂ",
        "Leo": "¾Ç¡áÁ§¡ÃÐ¾Ƀ¹áÊ§Ĉ¹·Γ à¤Âàʛ¹àҮÍ¹¼Á˴ÇÂ¹Ð... ¾Ç¡àˤÒʁä»чà¡ÒÐȷ¡ƫàËȑÍ¹ā¹"
    }
}
