{
    "header": {
        "target": "w",
        "formatVersion": 5,
        "hidef": true,
        "compressed": 128
    },
    "readers": [
        {
            "type": "Microsoft.Xna.Framework.Content.DictionaryReader`2[[System.String, mscorlib, Version=4.0.0.0, Culture=neutral, PublicKeyToken=b77a5c561934e089],[System.String, mscorlib, Version=4.0.0.0, Culture=neutral, PublicKeyToken=b77a5c561934e089]]",
            "version": 0
        },
        {
            "type": "Microsoft.Xna.Framework.Content.StringReader",
            "version": 0
        }
    ],
    "content": {
        "name": "Feast of the Winter Star",
        "conditions": "Town/900 1400",
        "shop": "F 2625 1000 -1 F 1745 800 -1 F 1747 500 -1 F 1678 1000 -1 F 1390 700 -1 F 807 3000 -1 F 2798 1000 -1 F 2634 1000 -1 F 2633 500 -1 F 2635 500 -1 F 2636 700 -1 F 1440 5000 -1 F 1296 800 -1",
        "set-up": "christmasTheme/-1000 -1000/farmer 12 54 1/changeToTemporaryMap Town-Christmas/loadActors Set-Up/playerControl christmas",
        "secretSanta": "none/-1000 -1000/farmer 30 69 0/warp Emily 37 59/warp Haley 35 74/warp secretSanta 29 75/faceDirection secretSanta 0/viewport 30 67 true/pause 2000/move secretSanta 0 -4 0/move secretSanta 1 0 0/pause 500/shake secretSanta 100/playSound stoneStep/specificTemporarySprite secretGift/pause 100/faceDirection farmer 2/pause 200/jump farmer/pause 700/emote farmer 16/pause 100/move secretSanta -1 0 0/move secretSanta 0 -2 0/pause 700/faceDirection farmer 3/pause 300/faceDirection farmer 0/pause 500/faceDirection secretSanta 1/pause 500/speak secretSanta \"dialogue1\"/pause 300/faceDirection farmer 2/pause 800/showFrame 4/pause 300/playSound cut/specificTemporarySprite secretGiftOpen/pause 400/stopAnimation farmer/faceDirection farmer 2/pause 1000/cutscene addSecretSantaItem/pause 3000/null/faceDirection farmer 3/speak secretSanta \"dialogue2\"/pause 600/eyes 1 -1500/emote farmer 32/pause 1000/globalFade/viewport -1000 -1000/warp Emily 29 72/warp Haley 30 72/warp secretSanta warpX warpY/faceDirection farmer 2/cutscene clearTempSprites/playMusic christmasTheme/viewport 30 67 true/playerControl christmas2",
        "Abigail_spouse": "ĉ¹Ê§ĪÂ˗Ò ĉ¹¨ÐÅÍ§àƵÂäÍ¢¹Áι¹ä˴äËÁ...",
        "Leah_spouse": "ĉ¹¢ÍºȤ³ƚƇµã¹¿ÒΓÁ чàƳÂºʷÒÂ¢Í§àÃÒ$h",
        "Maru_spouse": "à̎ @ ĉ¹¾̃ÍÁ¨Ð àƔÂ§ˢÒ§à¸Í ä»µÅÍ´¹Ð",
        "Penny_spouse": "¢ÍºȤ³чĉ¹ ä˴à¨Íà¸Í¹Ð...$l",
        "Haley_spouse": "ĉ¹àËÃÍ?... â̍ ¢ÍºȤ³ч... àÍÍ...à݋ÂÇ¡ĥº˺Ò¹á̅Ç ĉ¹¨ÐâªΗã̋à¸ÍɤƤ¡˗Ò?$l",
        "Sebastian_spouse": "à̎ @ Í˒Ò§чà¸Íàʫ¹ ĉ¹¨ÐŇÒË˹ÒчàŵÁàʕÁ ¤ÃÍº¤ģÇ¢Í§àÃÒ...",
        "Sam_spouse": "*ʷÇ§§*... ĉ¹ÁÒчщàҮÍ¢Í§¢ħ­ áÅÐȤ¡ֱ$h",
        "Alex_spouse": "ĉ¹¨Ð¢ÍºȤ³ÍÐäÃԧ¹àËÃÍ? à݋ÂÇ¡ĥº˺Ò¹á̅Ç à¸Í¨ÐړàÍ§...$l",
        "Harvey_spouse": "ĉ¹ړǪ¡Ë˹Òȑ´àʥ¡˹ÍÂ... ¢ÍºȤ³¾ÃÐà˨Ò ŚÒËģºÍÒ¡ÒÈºƃɊ·ڸ...$l",
        "Elliott_spouse": "Ȥ³äˑĸÒàʛ¹˵Í§ã̋ÍÐäÃ ĉ¹àОÁàŵÁá̅Ç ĕÇȤ³ι¹áËÅÐ àʛ¹àÊȑÍ¹¢Í§¢ħ­áÊ¹ƇàÈÉ ч¼Áà¤Âä˴ÁÒԷ§ËÁ´...$l",
        "Abigail": "äˑƱÍÐäÃښرÍÍÒËÒÃ̃Í¹æ ã¹ÄɤË¹ÒÇä˴ËÃÍ¡ ¨ƃ§äËÁ?$h",
        "Robin": "ä§˨Ð @ ˶ÒàË§ÒʁÁÒ˓ÇÁḁ̂Ðāº ¤ÃÍº¤ģÇ¢Í§¾Ç¡àÃÒä˴¹Ð$h",
        "Demetrius": "ƫ׉ĉ¹¤§¨Ðä˴¾Ç¡ Ȫ´à¤ҳÍ§ȑÍ ¡ÒÃ·´ÅÍ§ƽ¡àʺ¹à¤Â... *¶Í¹ËÒÂã¨*",
        "Maru": "ÊħÊƤ @$h",
        "Shane": "ĉ¹ä˴à¨ÍºÒ§¤¹ чàҚÍã¹äÊÂÈÒÊµΓáÅÐàÇ·Á¹µΓ á˅ĉ¹àËÃÍ? ĉ¹äˑà¤Âàʫ¹ÍÐäÃч ÍŸºÒÂäˑä˴˴ÇÂƇ·ÂÒÈÒÊµΓ",
        "Sebastian": "ºÒ§¤Ճ§ ¡ÒÃã˪àÇÅÒÍԒāº¤ÃÍº¤ģÇ ʁàʛ¹àҳÍ§чàËҩÍÂ¹Ð",
        "Pierre": "ÂÍ´¢ÒÂ¢Í§ĉ¹ ġ¹àђÂÁÁÒ¡... ˵Í§¢ÍºȤ³à·È¡ÒÅ´Ç§´ÒÇÄɤË¹ÒÇ!$h#$e#à˨ÒËɩ ħ¹Ëɂ´щġ¹Ƥāºš¨¡ÒÃ¨ƃ§æ ĉ¹Ê§ĪÂ˗Ò ˶Òĉ¹àÍÒ¢Í§ãËˑæÁÒ...",
        "Caroline": "ڝΛ... ĉ¹˗Òĉ¹ҤÁÁÒ¡ä»á̅Ç$h",
        "Linus": "ʁÍÂÒ¡¨Ð˓ÇÁ¹Ð... á˅ĉ¹¤§äˑä˴àʛ¹ чˉÒ˵Í¹ģºĪ¡àˇÒäË˓$s",
        "Alex": "â̍ ÊħÊƤ$s",
        "George": "à·È¡ÒÅ©ÅÍ§´Ç§´ÒÇ âʷàʷÒÍÐäÃā¹? ä̃ÊÒÃÐ!",
        "Evelyn": "щäˑړǪ¡ Ë¹ÒÇ˺Ò§àÅÂàËÃÍчģ¡! ¨Ðáʂ§µÒÂÍԒá̅Ç¹Ð!",
        "Lewis": "ħ¹׉àʛ¹àÇÅÒч¨Ð¢ÍºȤ³ ŚÒËģº¤ÇÒÁâª¤Ƥã¹ƫ׉ ȕÁ¤ÇÒÁā§ÇÅ ¢Í§à¸Í«ÐŚÒËģºħ¹׉ áÅÐĞ¡ˌÍ¹ã̋àʕÁч!",
        "Clint": "*¶Í¹ËÒÂã¨*... ȷ¡¤ÃÍº¤ģÇ ̅Ç¹ÍԒ¾̃ÍÁË˹ÒƱ¤ÇÒÁɊ¢ á˅ĉ¹Ɗ˵Í§ÍԒĕÇ¤¹àƤÂÇ àËȑÍ¹àŴÁȷ¡ƫ",
        "Emily": "$y '@! à¸ÍËħ§˗Ò¨Ðà¨ÍÍÐäÃ ã˵˵¹ä́á˛§ŨµƇ­­Ò³˕Ð?_ĚÇÃ´թÒĭ¹ãËˑ_àҳÍ§§Ò¹µÅÍ´! äˑà˕¹˅Í˕Ð? äˑÊȹ¡àÅÂ$s_àËȒÍ¡ŚÒËģºã˚àË̅ÒթÒ׼§_â̍ÇÇÇ... ğ§ɤƤщ àÍÒÁÒã̋ĉ¹ŪÁ˺Ò§˕Ð$h_ÃÍ§à˷ÒƤæċ¡Ӵ_ĉ¹àʫ¹˴ÇÂ¹Ð ˉÒ¨Ðàʛ¹¢Í§¢ħ­чƤ!'",
        "Penny": "ġ¹ʺÒ§àʛ¹˵¹ä́ чÊÇÂ¨ƃ§æàÅÂ$h",
        "Pam": "ҎÁ.... ĉ¹Ģ§Ëȧ´Ëŧ´äˑËÒÂàÅÂ чäˑª¹Ð¡ÒÃáʲ§Ă¹µ¡»ÅÒˉÐ$4",
        "Haley": "ĉ¹Ëħ§˗Ò ¨Ðä˴¡̅Í§ˆÒÂɳ»ĭ¹ãËˑ ã˵˵¹ä́ι¹¹Ð!",
        "Jodi": "щäˑãʺàÇÅÒ¨ÐÁÒ Å´¤ÇÒÁ̍Ç¹àÅÂ¹ÐàщÂ...$s",
        "Kent": "ÊħÊƤµÍ¹ˊÒÂ @ Ɋ¢Ī¹΅§Ò¹àוÂ§",
        "Sam": "¼ÁړǪ¡¢ÍºȤ³ÁÒ¡ŚÒËģº ƑµÒΓáÅÐÊàʁµºÍΓ´¢Í§¼Á ̍Í á̅Çʁ¤ÃÍº¤ģÇ˴ÇÂ",
        "Leah": "āÊàО§¨Ðà˕ÒàҳÍ§ɵ¡¡ÇÒ´áˇ§ чà¢ÒŇÒàÍ§āºȑÍ¨º˕Ð *ËÒÇ*$u#$e#ĉ¹˗Òà¢ÒҤÁàË̅Ò¹Í¡ ¼ÊÁÍºàªÂÁÒ¡ä»á̅Ç",
        "Marnie": "Ƃ¹Ƥ˵Í¹ģºԚ§Ò¹àוÂ§ á˛§´Ç§´ÒÇã¹ÄɤË¹ÒÇ!$h",
        "Elliott": "̍ÒÇ ˗Òä§ @ ġ¹Ë¹ÒÇƤ¹Ð ˗ÒäËÁ?",
        "Gus": "¡ÒÃŇÒɵ¡¡ÇÒ´ġ¹ʁàʛ¹ ƈÅ»ÐÍ˒Ò§Ëѹ§áËÅÐ Ȥ³¨Ð˵Í§àÊÒÐáÊÇ§ËÒ ħµȶŴºчƤчɊ´ ġ¹ËÒäˑä˴ʷÒÂæá̅Ç¹Ð ȷ¡ħ¹׉!$h#$e#»¡ŵá̅ÇŚÒËģº ɵ¡¡ÇÒ´ĭ¹žàÈÉ ĉ¹¨Ðã˪¼Åä́ɳ»áËÇ¹ ¨Ò¡à¡ÒÐàſΓ¹ ړäËÁ Ȥ³äˑÊÒÁÒÃ¶àÍÒª¹Ð ƺá´§Ê´ι¹ä˴ËÃÍ¡... áÅÐġ¹ÁÒ¨Ò¡¸ÃÃÁªÒŵ Է§Թ¹!#$e#â̍ Ȥ³ÍÂÒ¡ړ¤ÇÒÁĥº ¢Í§Ƥĥ¡ͻĔºà֚Åá¤¹ËȓÍ ä˴àÅÂ á˅˵Í§Ī­­Ò¹Ð˗Ò ¨Ðàʁºä̇àʛ¹¤ÇÒÁĥºÍ˒Ò§Ƥ *¡ÃÐūº* ã˚ÇŹÅÒËÂ´Ǚ§ Å§ä»ã¹ɵ¡¡ÇÒ´ƺ¢ÒÇ àҮÍàОÁÃÊªÒŵ¢Í§àªÍΓѓ$h#$e#áˉ¹Í¹˗Òɵ¡¡ÇÒ´â´ÂηÇä» ¨Ðàʛ¹ÃÊà»»à»ÍΓ֡¹· áÅÐɵ¡¡ÇÒ´Է§ËÅÒÂ чĉ¹ŇÒÍÍ¡ÁÒ̅Ç¹Ƥ˅Í Ɋ¢ÀÒ¾Է§Թ¹àÅÂ¹Ð#$e#à̎ àËȑÍ¹Ȥ³ıÒĥ§¨ÐËĥº¹Ð àʛ¹äÃäËÁ?$s",
        "Willy": "$y 'à¸ÍàҚÍã¹ŅÒ¹Ò¹¢Í§ ´Ç§´ÒÇÄɤË¹ÒÇËȓÍà»˕Ò?_àҚÍƊ_ã¹ϔÒǴ¹ÄɤË¹ÒÇ ¨ÐƱ´Ç§´ÒÇÃÐƂºч ÁÍ§àʫ¹ä˴¨Ò¡Ëԑ˺Ò¹׉ àˇÒԹ¹ äˑƱã¤Ãړ˗ÒŇÒäÁ á˅ã¹ÊġÂԹ¹ Ʊڌ¤¹ÁÒ¡ÁÒÂԴ¹˴¹ÁÒàҮÍ ч¨Ðä˴àʫ¹ġ¹ *¾Ç¡à¢ÒàҚÍ˗Òã¤ÃʁµÒÁ чä˴àʫ¹´Ç§´ÒÇÄɤË¹ÒÇ ¨Ðä˴ģºĴÒÍÇÂ¾ÃáÅÐƱâª¤ÅÒÀ ˺Ò§ʁȕÍā¹˗Ò¼Åä́ǥ¡ĥº чàƳÂ¡˗ÒÊµÒΓ´ÃÍ» (Stardrop) Ʊ¤ÇÒÁàбÂÇˢÍ§āº ´Ç§´ÒÇÄɤË¹ÒÇ äˑ·Ò§ã´ʁ·Ò§Ëѹ§_äˑ¢ÍºȤ³_ԧ¹ʁäˑàʛ¹äÃ'",
        "Wizard": "˝Ò ´Ç§´ÒÇǥ¡ĥºã¹ÄɤË¹ÒÇ щàʛ¹àËȵ¼Å чàȕÍ¡ɋºà¢Ò׉ àʛ¹чŚÒËģº¡ÒÃˤ¹¤̇Ò",
        "Harvey": "¼ÁړǪ¡¢ÍºȤ³ÁÒ¡чäˑà¨Í à¤ÊڌˋÇÂȩ¡àũ¹ã¹ƫ׉!",
        "Sandy": "ĉ¹ä˴Ƃ¹˗Ò чι¹½¹µ¡˕Ð ι¹ãʺàËȵ¼Å чȤ³ÁÒчщՁÂ?$h#$e#¨ƃ§æá̅Ç ºÒ§¤Ճ§ĉ¹ʁ Ť´ǖ§½¹¹Ð...$s",
        "Jas": "̇ÒÇÇ! ¢Í§¢ħ­!$h",
        "Vincent": "Ģ§á¡Ð¢Í§¢ħ­ µÍ¹׉äˑä˴àËÃÍÎÐ?!",
        "Marlon": "à̎ ÊħÊƤµÍ¹ˊÒÂ",
        "Leo": "Ȥ³Ʌ§ƵęÊ ړǪ¡äˑʴÍÂÊºÒÂã¨ ч¨ÐÁÒ˓ÇÁ§Ò¹˴ÇÂ ¼ÁàÅÂ¡Ð˗Ò¨Ðä»ÍԒāºàˤÒ#$e#¾Ç¡àÃÒ¨ÐĈ´§Ò¹à·È¡ÒÅàʥ¡æ ã¹áºº¢Í§àÃÒ... áººчƱÃÒ¡˵¹ä́ÄɤË¹ÒÇº´ āº»ÅÒàºÍΓѓ·Ã§à¤ҳÍ§!$h"
    }
}
