{
    "Format": "1.19.0",
    "ConfigSchema": {
        "FontBold": {
            "AllowValues": "true, false",
            "Default": "false"
        },
        "TitleButtons": {
            "AllowValues": "true, false",
            "Default": "true"
        },
        "Intro": {
            "AllowValues": "true, false",
            "Default": "true"
        },
        "Billboard": {
            "AllowValues": "true, false",
            "Default": "true"
        },
        "JojaCDForm": {
            "AllowValues": "true, false",
            "Default": "true"
        },
        "LanguageButtons": {
            "AllowValues": "true, false",
            "Default": "true"
        }
    },
    "Changes": [

      // Fonts
      {
        "Action": "Load",
        "Target": "Fonts/SmallFont, Fonts/SpriteFont1",
        "FromFile": "assets/Content/{{Target}}.xnb",
        "When": {"Language": "en"}
      },

      // Billboard
      {
        "Action": "EditImage",
        "Target": "LooseSprites/Billboard",
        "FromFile": "assets/Content/{{Target}}.xnb",
        "When": {
            "Billboard": "true",
            "Language": "en",
            "HasMod |contains=Amaryn.OvergrownFloweryInterface, SabiMiyato.UImodTH, SabiMiyato.UIJollyRainbow, SMAPI.IYAHO_PinkDustInterface, SMAPI.IYAHO_PinkBlueInterface, megmom84.darkwoodinterface, BeneathThePlass.StarrySkyInterfaceCP, Maythorn.VintageInterfaceMultipack, ManaKirel.VMI, ManaKirel.VintageInterface2, ninthalley.TransparentBlueInterface": false
        }
      },

      // JojaCDForm
      {
        "Action": "EditImage",
        "Target": "LooseSprites/JojaCDForm",
        "FromFile": "assets/Content/{{Target}}.xnb",
        "When": {
            "JojaCDForm": "true",
            "Language": "en",
            "HasMod |contains=SMAPI.IYAHO_PinkDustInterface": false
        }
      },

      // LanguageButtons
      {
        "Action": "EditImage",
        "Target": "LooseSprites/LanguageButtons",
        "FromFile": "assets/Content/{{Target}}.xnb",
        "When": {
            "LanguageButtons": "true",
            "HasMod |contains=SMAPI.IYAHO_PinkDustInterface, SMAPI.IYAHO_PinkBlueInterface, BeneathThePlass.StarrySkyInterfaceCP, Maythorn.VintageInterfaceMultipack, ninthalley.TransparentBlueInterface": false
        }
      },

      // FontBold
      // as a token
      {
        "Action": "Load",
        "Target": "LooseSprites/font_bold, LooseSprites/font_colored",
        "FromFile": "assets/Content/{{Target}}.xnb",
        "When": {"Language": "en"}
      },

      // as a condition
      {
        "Action": "EditImage",
        "PatchMode": "Replace",
        "Target": "LooseSprites/font_bold, LooseSprites/font_colored",
        "FromFile": "assets/Content/{{Target}}_Redux.xnb",
        "When": {
            "FontBold": "false",
            "Language": "en"
        }
      },

      // Intro
      {
        "Action": "EditImage",
        "Target": "Minigames/Intro",
        "FromFile": "assets/Content/{{Target}}.xnb",
        "When": {
            "Intro": "true",
            "Language": "en"
        }
      },

      // TitleButtons
      {
        "Action": "EditImage",
        "Target": "Minigames/TitleButtons",
        "FromFile": "assets/Content/{{Target}}.xnb",
        "When": {
            "TitleButtons": "true",
            "Language": "en",
            "HasMod |contains=Amaryn.OvergrownFloweryInterface, SabiMiyato.UImodTH, SabiMiyato.UIJollyRainbow, SMAPI.IYAHO_PinkDustInterface, SMAPI.IYAHO_PinkBlueInterface, megmom84.darkwoodinterface, BeneathThePlass.StarrySkyInterfaceCP, Maythorn.VintageInterfaceMultipack, ManaKirel.VMI, ManaKirel.VintageInterface2, ninthalley.TransparentBlueInterface": false
        }
      },

      // Dialogue
      {
        "Action": "Load",
        "Target": "Characters/Dialogue/Abigail, Characters/Dialogue/Alex, Characters/Dialogue/Caroline, Characters/Dialogue/Clint, Characters/Dialogue/Demetrius, Characters/Dialogue/Dwarf, Characters/Dialogue/Elliott, Characters/Dialogue/Emily, Characters/Dialogue/Evelyn, Characters/Dialogue/George, Characters/Dialogue/Gil, Characters/Dialogue/Gus, Characters/Dialogue/Haley, Characters/Dialogue/Harvey, Characters/Dialogue/Jas, Characters/Dialogue/Jodi, Characters/Dialogue/Kent, Characters/Dialogue/Krobus, Characters/Dialogue/Leah, Characters/Dialogue/Lewis, Characters/Dialogue/Linus, Characters/Dialogue/Marnie, Characters/Dialogue/Maru, Characters/Dialogue/Mister Qi, Characters/Dialogue/Pam, Characters/Dialogue/Penny, Characters/Dialogue/Pierre, Characters/Dialogue/Robin, Characters/Dialogue/Sam, Characters/Dialogue/Sandy, Characters/Dialogue/Sebastian, Characters/Dialogue/Shane, Characters/Dialogue/Vincent, Characters/Dialogue/Willy, Characters/Dialogue/Wizard",
        "FromFile": "assets/Content/{{Target}}.xnb",
        "When": {"Language": "en"}
      },

      // Rainy
      {
        "Action": "Load",
        "Target": "Characters/Dialogue/rainy",
        "FromFile": "assets/Content/{{Target}}.xnb",
        "When": {"Language": "en"}
      },

      // Marriage
      {
        "Action": "Load",
        "Target": "Characters/Dialogue/MarriageDialogue, Characters/Dialogue/MarriageDialogueAbigail, Characters/Dialogue/MarriageDialogueAlex, Characters/Dialogue/MarriageDialogueElliott, Characters/Dialogue/MarriageDialogueEmily, Characters/Dialogue/MarriageDialogueHaley, Characters/Dialogue/MarriageDialogueHarvey, Characters/Dialogue/MarriageDialogueKrobus, Characters/Dialogue/MarriageDialogueLeah, Characters/Dialogue/MarriageDialogueMaru, Characters/Dialogue/MarriageDialoguePenny, Characters/Dialogue/MarriageDialogueSam, Characters/Dialogue/MarriageDialogueSebastian, Characters/Dialogue/MarriageDialogueShane",
        "FromFile": "assets/Content/{{Target}}.xnb",
        "When": {"Language": "en"}
      },

      // Data
      {
        "Action": "Load",
        "Target": "Data/Achievements, Data/BigCraftablesInformation, Data/Blueprints, Data/Boots, Data/Bundles, Data/ClothingInformation, Data/EngagementDialogue, Data/ExtraDialogue, Data/FarmAnimals, Data/hats, Data/mail, Data/Monsters, Data/NPCDispositions, Data/NPCGiftTastes, Data/ObjectInformation, Data/Quests, Data/SecretNotes, Data/weapons",
        "FromFile": "assets/Content/{{Target}}.xnb",
        "When": {"Language": "en"}
      },

      // Concessions, Movies & MoviesReactions
      {
        "Action": "Load",
        "Target": "Data/Concessions, Data/Movies, Data/MoviesReactions",
        "FromFile": "assets/Content/{{Target}}.json",
        "When": {"Language": "en"}
      },

      // Events
      {
        "Action": "Load",
        "Target": "Data/Events/AbandonedJojaMart, Data/Events/AnimalShop, Data/Events/ArchaeologyHouse, Data/Events/Backwoods, Data/Events/BathHouse_Pool, Data/Events/Beach, Data/Events/BusStop, Data/Events/CommunityCenter, Data/Events/ElliottHouse, Data/Events/Farm, Data/Events/FarmHouse, Data/Events/Forest, Data/Events/HaleyHouse, Data/Events/HarveyRoom, Data/Events/Hospital, Data/Events/JoshHouse, Data/Events/LeahHouse, Data/Events/ManorHouse, Data/Events/Mine, Data/Events/Mountain, Data/Events/Railroad, Data/Events/Saloon, Data/Events/SamHouse, Data/Events/SandyHouse, Data/Events/ScienceHouse, Data/Events/SebastianRoom, Data/Events/SeedShop, Data/Events/Sewer, Data/Events/Sunroom, Data/Events/Temp, Data/Events/Town, Data/Events/Trailer, Data/Events/Trailer_big, Data/Events/WizardHouse, Data/Events/Woods",
        "FromFile": "assets/Content/{{Target}}.xnb",
        "When": {"Language": "en"}
      },

      // Festivals
      {
        "Action": "Load",
        "Target": "Data/Festivals/fall16, Data/Festivals/fall27, Data/Festivals/spring13, Data/Festivals/spring24, Data/Festivals/summer11, Data/Festivals/summer28, Data/Festivals/winter8, Data/Festivals/winter25",
        "FromFile": "assets/Content/{{Target}}.xnb",
        "When": {"Language": "en"}
      },

      // TV
      {
        "Action": "Load",
        "Target": "Data/TV/CookingChannel, Data/TV/InterviewShow, Data/TV/TipChannel",
        "FromFile": "assets/Content/{{Target}}.xnb",
        "When": {"Language": "en"}
      },

      // Strings
      {
        "Action": "Load",
        "Target": "Strings/animationDescriptions, Strings/Buildings, Strings/Characters, Strings/credits, Strings/Events, Strings/FarmAnimals, Strings/Lexicon, Strings/Locations, Strings/Notes, Strings/NPCNames, Strings/Objects, Strings/Quests, Strings/SpeechBubbles, Strings/StringsFromCSFiles, Strings/StringsFromMaps, Strings/UI",
        "FromFile": "assets/Content/{{Target}}.xnb",
        "When": {"Language": "en"}
      },

      // Schedules
      {
        "Action": "Load",
        "Target": "Strings/schedules/Abigail, Strings/schedules/Alex, Strings/schedules/Caroline, Strings/schedules/Clint, Strings/schedules/Demetrius, Strings/schedules/Elliott, Strings/schedules/Emily, Strings/schedules/Evelyn, Strings/schedules/George, Strings/schedules/Gus, Strings/schedules/Haley, Strings/schedules/Harvey, Strings/schedules/Jas, Strings/schedules/Jodi, Strings/schedules/Leah, Strings/schedules/Lewis, Strings/schedules/Linus, Strings/schedules/Marnie, Strings/schedules/Maru, Strings/schedules/Pam, Strings/schedules/Penny, Strings/schedules/Pierre, Strings/schedules/Robin, Strings/schedules/Sam, Strings/schedules/Sebastian, Strings/schedules/Shane, Strings/schedules/Vincent, Strings/schedules/Willy",
        "FromFile": "assets/Content/{{Target}}.xnb",
        "When": {"Language": "en"}
      }
    ]
}
