{
    "header": {
        "target": "w",
        "formatVersion": 5,
        "hidef": true,
        "compressed": 128
    },
    "readers": [
        {
            "type": "Microsoft.Xna.Framework.Content.DictionaryReader`2[[System.String, mscorlib, Version=4.0.0.0, Culture=neutral, PublicKeyToken=b77a5c561934e089],[System.String, mscorlib, Version=4.0.0.0, Culture=neutral, PublicKeyToken=b77a5c561934e089]]",
            "version": 0
        },
        {
            "type": "Microsoft.Xna.Framework.Content.StringReader",
            "version": 0
        }
    ],
    "content": {
        "4": "â̍ ÊħÊƤ",
        "Introduction": "ͭÍ... ¨ƃ§˴ÇÂ... ĉ¹ä˴Ƃ¹ÁÒ˗ÒƱã¤ÃºÒ§¤¹ ̂ÒÂàˢÒÁÒÍԒã¹¿ÒΓÁàʱÒæ ι¹#$e#á˅ġ¹ʴÍ¹ˢÒ§ ˉÒàƺÂ´ÒÂ¨ƃ§æ ¹Ð à¾ÃÒÐĉ¹ªÍºч¨Ðä»àŴ¹à˕¹ ˇÒÁ¡ÅÒ§ӗ§Ë˭ÒÃ¡æ ¾Ç¡Թ¹ ÍԒµÅÍ´àÇÅÒ$9",
        "Resort_Entering": "ĉ¹ÍÂÒ¡ã̋ Ʊ¹Ò§àǷÍ¡чà¡ÒÐ׉Ĉ§",
        "Resort_Leaving": "à݋ÂÇĉ¹¨Ðä»¶ÒÁƇÅѕ˗Ò ÃÐË˗Ò§·Ò§¡ĥº¨ÐƱƇÇÊÇÂæ ã̋ɤՁÂ",
        "Resort_Leaving_2": "ºÒ§Ƨ àÃÒÍÒ¨¨Ðà¨ÍƬ·ÐàÅ ÃÐË˗Ò§·Ò§¡ĥºʁä˴¹Ð",
        "Resort_Shore": "·ÐàÅˉÐġ¹ʁÊÇÂ¹Ðá˅¹Ò¹æ àˢÒĉ¹ʁàУÁàҪÍá̅Ç˕ÐƊ ĉ¹˗Òĉ¹ä»ŚÒÃÇ¨ ˋÒËȓÍɰà¢Òä¿Ƥ¡˗Ò!",
        "Resort_Shore_2": "à¸ÍŤ´˗Ò ĉ¹àÍÒà˨ÒËɩµÐàÀÒ ÁÒ˴ÇÂä˴ËÃÍ?#$e#äˑàÍÒËÃÍ¡ à˨ÒËɩà´Ƈ´¤§äˑªÍºáˉæ$h",
        "Resort_Umbrella": "żÇĉ¹àщÂ äË́ʷÒÂÁÒ¡àÅÂ ĉ¹˗Òĉ¹¨Ð¢ÍËÅºã¹˓Á Ī¡ËˉÍÂ#$e#ĉ¹ªÍºÍԒã¹ч˓Áæ ˉÐ à¾ÃÒÐáÊ§ÍÒŷµΒ ŇÒã̋ĉ¹Ë˹Òȑ´",
        "Resort_Umbrella_2": "ä§ @ ÍÂÒ¡¨ÐỄÒ§ »ÃÒÊÒ··ÃÒÂāºĉ¹ՁÂ?#$e#á˅¨ƃ§æ á̅ÇàщÂĉ¹˗Ò ä»Å§àËȑÍ§·ÐàÅ·ÃÒÂ ¨ÐàђÂÁ¡˗Ò׉¹Ð!$h",
        "Resort_Umbrella_3": "ä§ @ à¸ÍŤ´˗Ò à¸Í¨ÐỄÒ§á¾ä˴ՁÂ?#$e#µÍ¹ι§àȓÍÁÒ ĉ¹àʫ¹à¡ÒÐÊÇÂæ á¶Çæ ׉ˉÐʁàÅÂÍÂÒ¡¨Ðä»Ī¡ËˉÍÂ",
        "Resort_Wander": "à¡ÒÐãËʽ¢¹Ò´׉ ĉ¹˗ÒˉÒ¨ÐƱÊÁĚŵʻÍ¹ÍԒáˉæ àÅÂ#$e#àʣÇàˢÒä»àÍÒ¨ÍºÁÒã̋ĉ¹!#$e#ÍÐ˞Ò ĉ¹̅Íà˕¹ËÃÍ¡$h",
        "Resort_Bar": "āÊàˤÒŇÒթÒĭ´ÅÁƺˑÇ§ ÁÒã̋ĉ¹˴ÇÂáËÅÐ á¶ÁÃÊªÒŵʁĢ§Í˓ÍÂɊ´æ!$h",
        "Resort": "˺Ò¨ƃ§... ƇÅѕºÍ¡˗ÒàÃÒÍԒä˴ áʴºƃàÇ³ªÒÂËÒ´...$s#$b#ĉ¹ɍµ˚ÒΛ àÍÒ´ÒºÁÒá̅ÇàƚÂÇ...$s",
        "danceRejection": "¨ÐƘºĉ¹àËÃÍ... ĉ¹¤§˵Í§ɮ´˗Ò äˑ... â·ÉƧ¹Ð",
        "divorced": "à¸Í ÁÒŇÒÍÐäÃчщ? ã̋ĉ¹ ÍԒ¤¹àƤÂÇ!$a",
        "dumped_Girls": "Í˒Òɮ´āºĉ¹!$a",
        "secondChance_Girls": "*à̎Í*... ĉ¹äˑÍÒ¨ÍԒāºà¸Í ä˴ƽ¡˅Íä»á̅Ç @ ¢ÍàƮÂ§ˡÒÇ˅Íä» ã¹à̊¹·Ò§ãËˑ¢Í§ ¾Ç¡àÃÒ$s",
        "breakUp": "â̍... ĉ¹... ĉ¹àˢÒã¨ à¸Íàʫ¹ĉ¹ àʛ¹ä˴áʴàҮÍ¹...$s#$b#ĉ¹àˢÒã¨á̅Ç˗ÒàÃÒ äˑä˴àʛ¹ӴчƤ¨ƃ§æ...$s",
        "Mon": "à̎ Ëɂ´§Ò¹àËÃÍ?",
        "Mon2": "â̍ ˗Òä§!#$e#à¤Âä»àŴ¹à˕¹ á¶ÇæɊÊÒ¹˺Ò§äËÁ? ġ¹àʛ¹Ê¶Ò¹ч чàƗÂºÊ§º ѫ§àËÁÒÐáʱ¡ÒÃ ã˪àÇÅÒÍԒ¤¹àƤÂÇ",
        "Tue": "à˝Í... ĉ¹ıÒĥ§ ÍÒÃÁ΃äˑƤ ÍԒˉÐ$s#$e#ʁºÍ¡˗Ò ĉ¹ıÒĥ§ÍÒÃÁ΃ äˑʴÍÂƤÍԒä§... ˵Í§¡ÒÃÍÐäÃàщÂ?$a",
        "Tue2": "...*à̎Í*...$s#$e#ĉ¹ʁړ¹Ð˗Ò ˎÍáˑËħ§Ƥ á˅ºÒ§Ƨ¾Ç¡à¢Ò ʁäˑàˢÒã¨ɁÁÁÍ§ ¢Í§ĉ¹àÅÂ... ¾Ç¡à¢Òäˑà¤Âàʛ¹ ħÂӣ¹ā¹àÅÂǣä§?",
        "Wed": "щ ¢Íâ·É¹Ð ˶Òĉ¹ɮ´ÍÐäÃäˑƤÍÍ¡ä» àұÍǴ¹ĉ¹ ¹Í¹˹ÍÂä»ËˉÍÂˉÐ#$e#ƱÍÐäÃËȓÍà»˕Ò?",
        "Thu": "#$1 Abigail1#âÍÇ äˑ¹Ð ĉ¹Ť´˗ÒǴ¹׉ ˎÍ¢Í§ĉ¹˵Í§ŇÒ ÍÒËÒÃàʢ¹áˉæ àÅÂ$s#$e#ĉ¹ړǪ¡äˑÍÂÒ¡ ¨ÐŇÒÍÐäÃƽ¡á̅Ç ã¹ħ¹׉$u",
        "Fri": "̇ÒÇ ĉ¹àО§¨ÐǙ¡ä˴˗Ò ħ¹׉ħ¹Ɉ¡Γ$u#$e#ºÒ§Ƨĉ¹ʁ ȕÁħ¹ȕÁǴ¹ àËȑÍ¹ā¹¹ÐàщÂ",
        "Fri2": "Ǵ¹׉ȷ¡¤¹¨Ðä» ©ÅÍ§ā¹ч«Òɵ¹ ġ¹àËȑÍ¹àʛ¹ š¨ħµÃ»ÃÐĸÒħ¹Ɉ¡Γ ä»á̅Ç˕Ð",
        "Sat": "ÍÒ¡ÒÈºƃɊ·ڸ¢Í§ɰà¢Ò ã¹ħ¹чƤæáºº׉$h#$e#¨ÐƱ¡ºÍÍ¡ÁÒՁÂ̩Ò",
        "Sun": "á˒˕Ð... ĉ¹λ¹¡ÒÃ˺Ò¹ ÁÒµÅÍ´àÊÒΓ-ÍÒŷµΒ ¤§äˑ˾¹Ǵ¹׉ ˴ÇÂƊàщÂ...$s",
        "Sun2": "Ê§ĪÂĈ§˗Ò ¨Ðàš´ÍÐäÃע¹ ˶Òĉ¹¹Í¹ÍԒч ɊÊÒ¹Է§Ǵ¹#$q 17/18 Sun_old#@ à¸Í˗Ò ¾Ç¡àÃÒ¨Ðàʛ¹Ģ§ä§ Ëĥ§¨Ò¡ч¾Ç¡àÃÒµÒÂā¹ä»?#$r 17 0 Sun_17#äˑړƊ#$r 18 40 Sun_18#àÃÒʁ¡ÅÒÂàʛ¹Ƭä§#$r 17 0 Sun_17#àÃÒʁ¨Ðע¹ÊÇÃÃʹ#$r 18 0 Sun_17#˓Ò§áÅÐ¾ĥ§§Ò¹¢Í§àÃÒ ¨Ð¡ĥºǴ¹Ԛ´Ç§´ÒÇ#$r 17 30 Sun_nothing#äˑƱÍÐäÃ àÃÒʁáʴ¨Ò¡ä»¨Ò¡âÅ¡׉",
        "Sun_old": "$p 17#ĉ¹à´Ò˗Ò à¸Í¤§Ť´˗ÒäˑƱÍÐäÃ àš´ע¹ãʺՁÂ?$u|ºÒ§ƧÍÒ¨¨ÐƱ ¾ĥ§§Ò¹ºÒ§Í˒Ò§ ʁä˴¹Ð!",
        "Sun_17": "ȝÁ ˉÒÊ¹ã¨Ƥ...",
        "Sun_18": "ȝÁ... àʛ¹·ÄÉƟчˉÒ Ê¹ã¨Ƥ¹Ð!$h",
        "Sun_nothing": "щ... ĉ¹˗Òι¹ʁ äˑàÅÇàËȑÍ¹ā¹¹Ð$8",
        "Wed2": "˗Òä§ @ Ğ¡ˌÍ¹¨Ò¡¡ÒÃ ŇÒ§Ò¹ÍԒàËÃÍ?#$e#ĉ¹ʁàËȑÍ¹ā¹ á˅â̍ ʁäˑƱÍÐäÃ àʛ¹žàÈÉËÃÍ¡... ĉ¹ʁáʴıÒĥ§ àˢÒ¤ÅÒÊàƳÂ¹ÍÍ¹äÅΉ ÍԒˉÐ",
        "Tue4": "˗Òä§ Ƥã¨Ĉ§ чä˴à¨Íà¸Í$h#$e#ĉ¹ÍÂÒ¡¨ÐËɂ´ ¤ÇÒÁŤ´ȷ¡æ Í˒Ò§ã¹ īÇ¢Í§ĉ¹µÍ¹׉ ä»Ī¡Ğ¡... á̅Çà¸Í˕Ð àʛ¹ä§˺Ò§?",
        "Sat6": "à¸ÍÁÒǖ§чщ àҮÍÁÒËÒĉ¹ àÅÂàËÃÍ? ƤĈ§$h#$e#á̅Çà¸Íä˴ŚÒÃÇ¨ զÒã˵ɰà¢Òι¹ ˺Ò§ǣà»˕Ò?#$e#ȝÁ...ˉÒÊ¹ã¨ ĉ¹ʁÍÂÒ¡ä»˺Ò§ àËȑÍ¹ā¹!$l",
        "Mon8": "...â̍ @! ˗Òä§$h#$e#ä»àŴ¹à˕¹ ā¹ËˉÍÂäËÁ˕Ð? щÁÒщƊ! ĉ¹¢Íɤ ÅÒÂȑÍà¸ÍËˉÍÂ *Ť¡Ť¡*$h",
        "Thu10": "˗Òä§$l#$e#ʺÇ§׉ړǪ¡ ǖ§ÍÐäÃºÒ§Í˒Ò§ чäˑ»¡ŵ˺Ò§äËÁ?$l#$b#á˅äˑãʺã¹àŪ§ ¤ÇÒÁËÁÒÂчäˑƤ¹Ð$h",
        "Fri6": "ħ¹׉¹¡¾Ç¡Թ¹ ˚§àƺÂ§̃Í§ ܒºæ ā¹Í˒Ò§àʛ¹Ɋ¢ àÅÂ˕Ð àËȑÍ¹˗Ò¾Ç¡ġ¹ ¨ÐƱƚƇµчàƳÂºʷÒÂ ¨¹äˑĸÒàʛ¹˵Í§˛Ç§àҳÍ§ Í¹Ò¤µàÅÂ¹Ð#$e#˶Òàʛ¹ áºº¾Ç¡ġ¹ä˴ ʁ¤§¨ÐƤ¹Ð ˗Òԧ¹äËÁ?",
        "Event_VideoGame_Yes": "àђÂÁ! ĉ¹˗Òà¸Í¤§¨Ð ˌÒ¹˄Ò¹׉ä˴ʷÒÂæ àÅÂ˕Ð$h",
        "Event_VideoGame_No": "à̎Í... *¶Í¹ËÒÂã¨* ħ¹׉¨ÐˌÒ¹˄Ò¹׉ ՁÂàщÂ...$s",
        "Event_Grave1": "àʫ¹äËÁ˕Ð? à¸ÍàˢÒã¨á̅ÇƊ¹Ð ˗ÒŇÒäÁĉ¹ÁÒ ÍԒчщ#$b#ĉ¹ÍÒĨÂ ÍԒã¹Ëԑ˺Ò¹׉ ÁÒԷ§ƚƇµá̅Ç á˅ĉ¹ʁäˑà¤ÂŇÒÍÐäÃ чġ¹ˉÒ¨´ĸÒ àÅÂĪ¡Í˒Ò§àƤÂÇ ĉ¹àÅÂÍÂÒ¡¨ÐÅÍ§ ÍÍ¡ä»¼¨­ĠÂɤ˺Ò§ˉÐ!$8",
        "Event_Grave2": "áˉ¹Í¹ ĉ¹ʁäˑÍÂÒ¡ʶÒËÃÍ¡ ĉ¹ʁáʴÍÂÒ¡ŚÒÃÇ¨ÍÐäÃ ä»àҳÍÂâ´Âч äˑàʈºĕÇˉÐ!#$b#чˌÒ¹ÁÒ ĉ¹ÍÒĨÂÍԒá˅ã¹Ëԑ˺Ò¹ â´Âчäˑä˴ŇÒÍÐäÃ чˉÒ¨´ĸÒàÅÂ ÍÂÒ¡ÍÍ¡ä» ¼¨­ĠÂĈ§!$8",
        "Event_Grave3": "ËÒ...? àʛ¹à¾ÃÒÐ˗Òĉ¹ àʛ¹ڌËŭ§˕ÐƊ$u^ŇÒäÁ˕Ð? ĉ¹ʁ áʂ§á¡˓§¾Íæ āºà¸Íι¹áËÅÐˉÒ!$a#$b#ĉ¹ɤáÅĕÇàÍ§ä˴ äˑãʺà˨ÒËŭ§ ڌºÍººÒ§ «ÐËˉÍÂ!$a#$b#чˌÒ¹ÁÒ ĉ¹ÍÒĨÂÍԒá˅ã¹Ëԑ˺Ò¹ â´Âчäˑä˴ŇÒÍÐäÃ чˉÒ¨´ĸÒàÅÂ ÍÂÒ¡ÍÍ¡ä» ¼¨­ĠÂĈ§!$8",
        "Event_Grave4": "â̍? ԧ¹àËÃÍ$8#$b#чˌÒ¹ÁÒ ĉ¹ÍÒĨÂÍԒá˅ã¹Ëԑ˺Ò¹ â´Âчäˑä˴ŇÒÍÐäÃ чˉÒ¨´ĸÒàÅÂ ÍÂÒ¡ÍÍ¡ä» ¼¨­ĠÂĈ§!$8",
        "Event_Rain_1": "Í˒Ò§Թ¹ àÍ§àËÃÍ...$8",
        "Event_Rain_2": "ȝÁ... à¸Í¤§¨Ðàʛ¹¾Ç¡ чªÍºÍÐäÃч ¤؃ÁæƊ¹Ð",
        "Event_Rain_3": "...ι¹Ɗ¹Ð$8",
        "Event_Tragic_1": "ȝÁ... ĉ¹˗ÒƚƇµĉ¹ µÍ¹׉ʁâÍà¤¹Ð...$s",
        "Event_Tragic_2": "...!$h",
        "Event_Tragic_3": "ĉ¹¤§¨ÐړǪ¡Ƥע¹ ˶Òĉ¹àҚÍġ¹...#$b#á˅ĉ¹ŇÒäˑä˴$s",
        "Event_Cave2_1": "@...$8",
        "Event_Cave2_2": "@... ĉ¹äˑàʛ¹äÃ$8",
        "Event_Cave_1": "...âÍà¤$8",
        "Event_Cave_2": "ĉ¹Ť´˗Ò ġ¹ʁàʛ¹»¡ŵч¡ĥÇ ¡ĥÇºÒ§Í˒Ò§ чŚÒĄ­ËÒÂä»...$l",
        "Event_Cave_3": "...ȝÁ âÍà¤ â·ÉƧ¹Ð$9",
        "summer_1": "Äɤ̃Í¹ ƽ¡á̅ÇàËÃÍ... á˒Ĉ§ äˑªÍºàÅÂ#$e#ÍÒ¡ÒÈġ¹ ʺÒ§Íº̍ÒÇ ġ¹ŇÒã̋ĉ¹ړǪ¡ àËȑÍ¹ÅÍÂĕÇ ÍԒã¹ȫ»àÅÂ",
        "summer_Mon": "à´Ƈ´ ËɩµÐàÀÒ¢Í§ĉ¹ ġ¹à¡ƵÂ´ ÍÒ¡ÒÈ̃Í¹ˉÐ ٸָȨ¡Ũ¡¨ƃ§æ",
        "summer_Tue": "ÍÒ¡ÒÈʁؚ¹ á¶ÁàËƩÂÇ˴ÇÂթÒ׼§ áÅÐà¡ÊÃµÅÍ´Ե§Äɤ áʴŤ´ʁÍÂÒ¡ ¨Ðàʛ¹ÅÁá̅Ç...$u",
        "summer_Wed": "à¸Íä˴µ¡á˅§˺Ò¹ ˺Ò§ǣà»˕Ò? ι¹¨Ðàʛ¹Í˒Ò§áÃ¡ чĉ¹ŇÒàÅÂ˕Ð ˶Òĉ¹Ʊ˺Ò¹ àʛ¹¢Í§ĕÇàÍ§!",
        "summer_6": "àұÍǴ¹Ëĥ§¨Ò¡ ˿ÒàУÁȑ´á̅Ç ĉ¹ʁä»ªÒÂËÒ´ÁÒ... ºÒ§¤Ճ§à¸ÍÍÒ¨¨Ð àʫ¹áÊ§á»Å¡æ Ê˗Ò§ Ƈºħº ä»ÁÒÍԒˇÒÁ ¡ÅÒ§·ÐàÅ#$e#ËȓÍºÒ§Ƨι¹ÍÒ¨¨Ð áʴ¤ÇÒÁĝ¹ ¢Í§ĉ¹ʁä˴... ĉ¹àУÁĪºÊ¹á̅Ç˗Ò ĭ¹äË¹ǴÍ¤ÇÒÁ¨ƃ§ ĭ¹äË¹ǴÍ¤ÇÒÁĝ¹",
        "summer_Thu": "˶Òĉ¹ړ Ƈƨã˪´ÒºÅÐʁ¹Ð ĉ¹¨Ðä»ŚÒÃÇ¨ զÒã˵ɰà¢Òŵ´·ÐàÅÊÒº ¾Ç¡Թ¹µÍ¹׉àÅÂ ˢÒ§ã¹Թ¹ġ¹ˉÒ¨Ðàʛ¹ Ê¶Ò¹ччƤ áÅÐà͈§Ɋ´æ ä»àÅÂáˉæ",
        "summer_Thu4": "â̍Â... ĉ¹Ëħ§˗Ò ĉ¹¨Ðäˑâ´¹ á´´à¼Òã¹ Äɤ̃Í¹ƫ׉¹Ð$s",
        "summer_Fri": "ĉ¹ÍÂÒ¡àוÂ§áÁÇĈ§ á˅˗Ò¤§äˑä˴ à¾ÃÒÐˎÍ¢Í§ĉ¹ àʛ¹ɰƁá˾ä»«Ð ȷ¡Í˒Ò§àÅÂã̋µÒÂƊ",
        "summer_Sat": "ĉ¹ÍÂÒ¡ã̋ǖ§ Äɤãºä́¼ƅàʣÇæ Ĉ§àÅÂ... ÊÒÂÅÁàʢ¹æ ¨Ò¡ɰà¢Ò... ¡Ƶº´Í¡ä́ƺá´§ ч¾֥ÇäËÇ... ¡Х¹¢Í§àʫ´¹Òæ ªŹ´... *̎ÒÒÒ*",
        "summer_Sun": "щ... à¸Íà¤ÂړǪ¡ÍԒæ ʁÍÂÒ¡ä»¼¨­ĠÂ ˺Ò§ՁÂ @?#$q 25/26 summer_Sun_old#àÍÒ˕Ð...ÅÍ§Ũ¹µ¹Ò¡ÒÃɤ˗Ò à¸Íɦ¡ÃÒ§ħÅä»àчÂÇ¿Ƴ à¸Í¨Ðä»àчÂÇчäË¹?#$r 25 0 Sun_25#ªÒÂËÒ´#$r 26 30 Sun_26#ã¹զÒȑ´æ#$r 26 30 Sun_26#ã¹ˋÒǗº#$r 25 0 Sun_25#Joja Mega-Mall",
        "summer_Sun_old": "$p 25#ĉ¹ʁ˴ÇÂ... á˅à¸Í˵Í§äˑªÍº Ê¶Ò¹ччĉ¹ ıÒĥ§Ť´ÍԒ ã¹µÍ¹׉áˉæ|ã¹Í¹Ò¤µ àÃÒÍÒ¨¨Ðä˴àʛ¹ àҮÍ¹˺Ò¹ā¹ ĉ¹˗ÒàÃÒÊÍ§¤¹ àËȑÍ¹æā¹¹Ð... á»Å¡àËȑÍ¹ā¹...$h",
        "Sun_25": "țÁ ĉ¹˗Òà݋ÂÇġ¹ ʁ¤§¨Ð̅ÒÊġÂ äˑ˪ÒʁàʣÇ",
        "Sun_26": "ãʺàÅÂ ! ɤˉÒÊ¹ã¨Ĉ§$h",
        "summer_Wed2": "ƤĈ§¹Ð ĉ¹ÍÂÒ¡¨ÐÍԒ ã¹˺Ò¹¿ÒΓÁàʱÒæ áººà¸ÍĈ§#$b#àƺÂ§áµ¡¢Í§خ¹ä́ ÅÐÍÍ§ӝ¹ч à¤ҵÍ¹äËÇÍ˒Ò§˪Òæ Ê¶Ò¹чàʱÒæ щƱÍÐäÃžàÈÉæ ÍԒàҳÍÂàÅÂà̩ÍÐ?",
        "summer_Tue4": "à¸Íàʛ¹ڌªÒÂ чˉÒÊ¹ã¨¹Ð @ ƤĈ§чà¸Í̂ÒÂ àˢÒÁÒчщ$h^à¸Íàʛ¹ڌËŭ§ чˉÒÊ¹ã¨¹Ð @ ƤĈ§чà¸Í̂ÒÂ àˢÒÁÒчщ$h",
        "summer_Sat6": "¨ƃ§æá̅Ç Äɤ̃Í¹ƫ׉Êȹ¡¡˗Ò чŤ´¹Ð$h#$e#*ƎƎ* µÅ¡Ĉ§ ч¤ÇÒÁŤ´¢Í§¤¹æ Ǚ§à»ѕÂ¹ä˴äÇ ¢¹Ò´׉",
        "summer_Mon8": "ĉ¹à¤ÂŤ´¹Ð ˗ÒàȑÍ§à¾ƅá¡¹àщÂ ġ¹ˉÒàҪÍÁÒ¡æ á˅ʺÇ§Ëĥ§æ ׉ĉ¹¡ĥºړǪ¡ËÅ§ģ¡ ÍÐäÃºÒ§Í˒Ò§ ã¹àȑÍ§׉«Ðá̅ÇƊ$h",
        "summer_Thu10": "̇ÒÇ ħ¹׉à¸Í ɤƤÁÒ¡àÅÂ¹Ð#$e#à˝Í... ĉ¹ËÁÒÂǖ§ ÍÒ¡ÒÈã¹Äɤ̃Í¹àщÂ ġ¹Ƥ˅ÍżÇÁÒ¡àÅÂ¹Ð ãʺäËÁ˕Ð?... áÎÐæ...$l",
        "summer_Fri10": "à¸Íà¤ÂړǪ¡àË§Ò ˺Ò§äËÁ!! µÍ¹ÍԒч¿ÒΓÁ",
        "fall_1": "ÍÒ... Äɤãºä́˓Ç§!$h#$e#ƤĈ§ ĉ¹àУÁч¨ÐàҪÍāº Äɤ̃Í¹á̅Ç",
        "fall_Mon": "ħ¹׉ĉ¹¤ÇÃ¨Ð ÍÍ¡ä»Ȓ´à̊¹Ȓ´ÊÒÂ á̅Çɺ´ÍÒ¡ÒÈºƃɊ·ڸ ċ¡ËˉÍÂ",
        "fall_Tue": "$d joja#ĉ¹¾ÂÒÂÒÁ ¨ÐʺÇÂ§Ò¹ã¹̃Ò¹ á·ºȷ¡ħ¹àÅÂ Ե§á˅µÍ¹ч̃Ò¹â¨˨Ò ÁÒàУÁàŻ´ȸÃš¨ч׉ | Ե§á˅ч̃Ò¹â¨˨ÒŻ´ĕÇÅ§ ȸÃš¨ч˺Ò¹ ¢Í§ĉ¹ʁä»ä˴ÊÇÂ àÅÂ˕Ð!$h",
        "fall_Wed": "ĉ¹ÃÍäˑäËÇá̅Ç ч¨Ðä˴àʫ¹ğ¡·Í§ ã¹ƫ׉$h#$e#§Ò¹à·È¡ÒÅ ʱÍ¹ËÁ´Äɤ¡ÒÅ ¢Í§чщɤ˴ÍÂä»àÅÂ àұÍàƧÂºāºчàȑÍ§ɛɛ á˅ʁ¹ÐŚÒËģºàȑÍ§àʥ¡æ áʴ׉ʁÊȹ¡ÁÒæ á̅Ç˕Ð!",
        "fall_Thu": "#$1 AbigailHAND#àұÍǴ¹ĉ¹ĝ¹˗Ò ȑÍ˫ÒÂ¢Í§ĉ¹¡ÅÒÂàʛ¹ %noun ¢¹Ò´ÁǫÁÒ ġ¹àʛ¹ĝ¹ºÍ¡àËȵ ÍÐäÃǣà»˕Ò¹Ð?#$e#%ɤàËȑÍ¹˗ÒµÍ¹׉ Íźà¡Å¨ÐäˑʴÍÂÍÂÒ¡ Ê¹·¹ÒàˇÒäÃę¡",
        "fall_Sat": "$d cc#ĉ¹äˑÍÂÒ¡àҚÍàÅÂ˗Ò à¸ÍɪÃ³Ð ɸ¹Β¡ÅÒ§ȪÁª¹ι¹ ˴ÇÂĕÇ¤¹àƤÂÇ ĉ¹»ÃÐėºã¨ÁÒ¡æ àÅÂ¹Ð|à¸ÍƱӫ¹ä˕¡Ò ч¿ÒΓÁ˺Ò§ՁÂ?",
        "fall_Sun": "ȝÁ... Ǵ¹׉ŇÒÍÐäÃƤ¹Ð#$q 27/28 fall_Sun_old#ĉ¹ıÒĥ§Ť´˗Ò ¨Ð̂ÍÁ¼ÁãËˑ˕Ð...à¸ÍŤ´˗Òä§?#$r 27 10 Sun_27#̂ÍÁƺńÒ#$r 27 10 Sun_27#ƺ Blonde Ɗ?#$r 27 20 Sun_WildColor#ÅÍ§ƺªÁɮËÁÒ¡½σ§ɤՁÂ˕Ð#$r 28 0 Sun_28#ƺ¼Áà¸ÍµÍ¹׉ щáËÅÐƤчɊ´!",
        "fall_Sun_old": "$p 27#µÍ¹áÃ¡ ĉ¹˗Ò¨Ðä» ̂ÍÁƺ¼ÁáËÅÐ á˅ʁà»ƵÂ¹ã¨ | țÁ? ÍÐäÃàËÃÍ?",
        "Sun_27": "àʛ¹¡ÒÃàȕÍ¡ч »ÅÍ´ĠÂƤ¹Ð?#$e#ĉ¹¨ÐÅÍ§Ť´ɤ ƽ¡Ƨá̅Çā¹",
        "Sun_28": "áˉ¹Í¹ ι¹ǴÍЪ§чà¸Í ¤ÇÃ¨Ðɮ´$u",
        "Sun_WildColor": "à¸Íщ¾ÒàƺÂ§īÇàÃÒÐ ÁÒã̋ĉ¹µÅÍ´ àÅÂ¹Ð$h",
        "fall_Wed2": "ƫ׉à¸Í»ɵ¡ğ¡·Í§ ǣà»˕Ò?#$e#àʁºä̇ã̋ĉ¹ ɵ¡Ǚ§Ɗ!$h",
        "fall_Tue4": "ĉ¹·ÐàÅÒÐāº ˎÍáˑĉ¹ˊÍÂÁÒ¡ ĉ¹ʁړ˗Ò ¾Ç¡à¢Òàʛ¹˛Ç§ ¾Ç¡à¢Ò¾ÂÒÂÒÁĢ´àƲÂ´ Ъ§ч¾Ç¡à¢ÒŤ´˗Ò ƤчɊ´ã̋ĉ¹$s#$b#ĉ¹äˑړ˗Ò ĉ¹ÁÒºÍ¡à¸ÍŇÒäÁ àËȑÍ¹ā¹ á˅Í˒ÒºÍ¡ã¤Ã¹Ð$8",
        "fall_Sat6": "˗Òä§$h#$e#¼Á¢Í§à¸Í ɤà͈§Ƥ¹Ð... ä»ŇÒÍÐäÃāºġ¹ ÁÒԧ¹àËÃÍ?",
        "fall_Mon8": "ړäËÁ ĉ¹˵Í§¡ÅÒÂàʛ¹ ªÒÇä˓ã¹ċ¡ħ¹áˉæ àÅÂ...#$e#á˅ĉ¹Ī§ĪÂĈ§˗Ò ¨Ðàʛ¹ä˴¨ƃ§æ äËÁ¹Ð *ÎÒ*$l",
        "fall_Thu10": "àұÍǴ¹ĉ¹ ĝ¹á»Å¡æ ˴ÇÂ˕Ð#$e#á̅Çʁà¨Íà¸Í ÍԒã¹ĝ¹Թ¹˴ÇÂ#$e#àʛ¹ĝ¹чƤ¹Ð$h",
        "fall_Fri6": "ĉ¹ÍÂÒ¡ã̋ Äɤãºä́˓Ç§ ÍԒ¹Ò¹æĈ§$8#$e#àÇÅÒчÅÁáÃ§æ àщÂ ġ¡¨ÐŇÒã̋ĉ¹ ړǪ¡àËȑÍ¹¡ĥºä»àʛ¹ àʔ¡µÅÍ´àÅÂ",
        "fall_Fri10": "ĉ¹ġ¡¨ÐړǪ¡àË§Ò ʺÇ§׉ÍԒàҳÍÂàÅÂ á˅µÍ¹׉ äˑá̅Ç˕Ð#$e#@ à¸ÍÇÒ§á¼¹Í¹Ò¤µ ä̇Ģ§ä§˺Ò§˕Ð?",
        "winter_1": "á˒Ĉ§Äɤãºä́˓Ç§ ıÒĥ§¨ÐËÁ´...$s#$e#äˑàʛ¹äÃ ĉ¹ªÍºÄɤË¹ÒÇ àËȑÍ¹ā¹ !$h",
        "winter_Mon": "ˢÒ§¹Í¡ġ¹Ë¹ÒÇ àš¹¡˗Ò¨ÐÍÍ¡ä»#$e#á˅ĉ¹ʁĢ§ ªÍºч¨ÐԻ¹ ݖ¡µÒƋÁÐ¹Ð$h",
        "winter_Tue": "˶ÒƱâ¡âˡ̃Í¹æ ¤ħ¹ȩÂċ¡áˡÇ µÍ¹׉ʁ¤§Ƥ¹Ð",
        "winter_Wed": "˗Òä§ ŇÒ¿ÒΓÁã¹ÄɤË¹ÒÇ ġ¹ˉÒàҪÍՁÂ?",
        "spring_12": "ĉ¹¨Ð˵Í§àˢÒ˓ÇÁ à·È¡ÒÅËÒäʲ ¾ӣ§׉ã̋ä˴ á̅Çà¸Í˕Ð?",
        "spring_23": "¾ӣ§׉àʛ¹ħ¹ à·È¡ÒÅà˵¹œÒ àҳÍ§à˵¹ˉÐ ĉ¹äˑàбÂ§ËÃÍ¡ á˅ŇÒäÁ ĉ¹˵Í§ÁÒã˚ Ȫ´à´ÃÊƺ¢ÒÇâʷæ ι¹˴ÇÂ¹Ð...$s",
        "winter_7": "ĉ¹ÍÂÒ¡¨ÐԻ¹ ݖ¡µÒƋÁÐàʣÇæ Ĉ§",
        "fall_26": "ĉ¹¨Ðà¨Íà¸Í чà·È¡ÒÅÎÒâÅƷ¹ ՁÂ? ÁÒËÒĉ¹ч Ç§¡µƬƊ§¹Ð$h",
        "summer_10": "ȷ¡¤¹ɤ¨Ð ҥ¹à˵¹āºà·È¡ÒÅĥÇΓ ã¹ħ¹¾ӣ§׉¹Ð ÍÒ¨¨ÐƱà¤ƳÂ´æ ˺Ò§ à¾ÃÒÐ¾ӣ§׉ ڌ˗Ò¡ÒÃ¨ÐÁÒ ˴ÇÂˉÐ",
        "summer_27": "à¸Í¨Ð¾ÅÒ´ à·È¡ÒÅã¹¾ӣ§׉ äˑä˴¹Ð ġ¹àʛ¹Ëѹ§ã¹ à·È¡ÒÅчƇàÈÉÁÒ¡ ¢Í§Ëԑ˺Ò¹׉ àÅÂ˕Ð",
        "winter_24": "¾ӣ§׉ ĉ¹¨Ðš¹«ÍÊá¤Ã¹àºÍΓƳ ã̋àÂÍÐæ àÅÂ¤ÍÂɤƊ$h",
        "winter_Thu": "ıÒĥ§¨ÐˌÒ¹ä» ƽ¡ƫá̅Ç...#$e#àÇÅÒġ¹ˌÒ¹ ä»äÇà¹ÍÐ ˗ÒäËÁ?$s",
        "winter_Fri": "ƱÍ˒Ò§Ëѹ§чĉ¹ ä˴àƳÂ¹ړ¨Ò¡чщ... ȷ¡¤¹¨Ð˨Í§ÁÒчà¸Í ˶Òà¸ÍŇÒĕÇá»Å¡ä» ¨Ò¡¤¹ҽ¹",
        "winter_Sat": "à̂ ħ¹Ëɂ´ !#$e#ι¹ËÁÒÂ¤ÇÒÁ˗Ò àÇÅÒà˕Áà¡ÁàОÁx2$h#$e#ºÒÂ!",
        "winter_Sun": "â̍ ÊħÊƤ#$q 29/30 winter_Sun_old#ĉ¹ÇÒ´ÀÒ¾ÁÒ 2 ÀÒ¾ à¸ÍŤ´˗ÒĢ§ä§˺Ò§?#$r 29 20 Sun_29#ĉ¹ªÍº ˋÒº¹à¡ÒÐáÅÐàȚÍ#$r 30 5 Sun_30#ĉ¹ªÍº ÍÍΓ¤ (Orc) чȆÍ¢ÇÒ¹#$r 29 -50 Sun_Bad#ĉ¹äˑªÍºċ¡Í˒Ò§àÅÂ",
        "winter_Sun_old": "$p 29#à¸ÍĸÒÀÒ¾чĉ¹ ã̋à¸Íɤä˴ՁÂ? ĉ¹Ě§àƍ­֗§ġ¹ ä»á̅ÇˉÐ$s|à¸ÍĸÒÀÒ¾ÍÍΓ¤ (Orc) чĉ¹ã̋à¸Íɤ ä˴ՁÂ? ĉ¹˚§ġ¹ àˢÒ»ÃÐ¡Ç´ÍÍ¹äÅΉá̅Ç ä˴ÃÒ§ħÅ 50g áËÅÐ!$h",
        "Sun_29": "ԧ¹àËÃÍ? ȝÁ... àʛ¹Í˒Ò§ַщàÍ§",
        "Sun_30": "ƤĈ§ àÇÅÒâªΗ¼Å§Ò¹ ã̋¤¹ҽ¹ɤщġ¹ ˉÒÍÒÂ¹Ð á˅ĉ¹˗Ò à¸Íāºĉ¹àщÂ ¤§äˑãʺ ¤¹ҽ¹¤¹ä¡Å ā¹àˇÒäÃà̩ÍÐ",
        "Sun_Bad": "á˒чɊ´ ! ŇÒäÁà¸Í˵Í§ŇÒ̃ÒÂ Ũµã¨ā¹˴ÇÂ˕Ð à¸Íщġ¹ä̃¤ÇÒÁړǪ¡ !$s",
        "winter_Wed2": "˗Òä§ ˶Òà¸ÍàҪÍæ ÁÒàчÂÇч̋Í§ĉ¹ ʁä˴¹Ð#$e#áˉ¹Í¹˗Ò ˵Í§àʛ¹µÍ¹чĉ¹ äˑä˴à»ѕÂ¹àغÍ˼ÒÍԒ¹Ð!",
        "winter_Tue4": "Ë¹ÒÇĈ§ ÍÂÒ¡ä˴ â¡âˡ̃Í¹æ ċ¡áˡÇĈ§",
        "winter_Sat6": "Ëĥ§æÁÒ׉ ĉ¹ĝ¹¡ÅÒ§ħ¹ ˊÍÂÁÒ¡...#$e#ͭÒ! à¸ÍÍÂÒ¡ړՁÂ˕Ð˗Ò àбÂÇāºÍÐäÃ?...$u#$b#äˑºÍ¡ËÃÍ¡ *˞Òæ*$h",
        "winter_Thu10": "¨ÐˌÒ¹ä» ƽ¡ƫǙ§á̅Ç...#$b#àʛ¹ƫчƤÁÒ¡ àÅÂà̩ÍÐ à¸Í˗Òԧ¹ՁÂ?$h",
        "winter_Wed6": "ġ¹¤§¨ÐƤÁÒ¡àÅÂ ˶Òäˑ˵Í§ÁÒ˛Ç§ɤáÅȎªĜ¡ ã¹ʺÇ§àÇÅÒ׉#$e#ѫ§ʁáˉ¹Í¹! Թ¹ËÁÒÂ¤ÇÒÁ˗Ò à¸Í¨ÐƱàÇÅÒã̋ĉ¹ ÁÒ¡ע¹¡˗ÒàŴÁ !$h$h",
        "winter_Fri10": "@ ĉ¹ƱºÒ§Í˒Ò§ ¨ÐºÍ¡à¸Í...#$e#à˝Í...ǴÍ...à˝Í... ÃÍ§à˷Ò¢Í§à¸Í ! ġ¹ɤ...à˝Í... ÊÐÍÒ´Ƥ¹Ð *¡ȕ¹թÒÅÒÂ*#$e#¤...áʴ׉áËÅÐ... *¶Í¹ËÒÂã¨*$s"
    }
}
