{
    "header": {
        "target": "w",
        "formatVersion": 5,
        "hidef": true,
        "compressed": 128
    },
    "readers": [
        {
            "type": "Microsoft.Xna.Framework.Content.DictionaryReader`2[[System.String, mscorlib, Version=4.0.0.0, Culture=neutral, PublicKeyToken=b77a5c561934e089],[System.String, mscorlib, Version=4.0.0.0, Culture=neutral, PublicKeyToken=b77a5c561934e089]]",
            "version": 0
        },
        {
            "type": "Microsoft.Xna.Framework.Content.StringReader",
            "version": 0
        }
    ],
    "content": {
        "Introduction": "â̍ à̎ ¹ÒÂǴÍ¤¹чÁÒãËˑãʺˋÐ? à͈§^à̎ à¸ÍǴÍ¤¹ÁÒãËˑ ãʺˋÐ? ¼Á˗ÒàÃÒ¤§àˢÒā¹ä˴Ƥ ¼ÁҚÍÍàʥ¡ͻ#$e#ä̇à¨Íā¹ãËˑ",
        "Resort_Entering": "ã¹чɊ´ àÃÒʁÁÒǖ§!",
        "Resort_Leaving": "âˆ... ¼Áړ˗ÒÍԒчщµÅÍ´ä»äˑä˴$s",
        "Resort_Wander": "¼ÁړÅÐ ¼Á¤ÇÃàÍÒ¨Ò¹˓Í¹ÁÒ... à̋Í ʁ¹Ð$h",
        "Resort_Wander_2": "¼ÁÍÂÒ¡ړĈ§˗Ò¨ÐƱã¤Ã áʲ§ÇÍÅàÅΒºÍÅėÇΓ¹ÒàÁ¹· ՁÂ¹Ð#$e#äˑ˵Í§˛Ç§ ¼Á¨ÐäˑàÍÒ¨ƃ§ËÃÍ¡!$h",
        "Resort_Shore": "¼ÁÊ§ĪÂĈ§˗Ò ¼Á¨Ð˗ÒÂթÒä»ä˴ä¡ÅáʴäË¹?#$e#¤§¨Ðċ¡äÁΕǙ§Ձ§#$b#... äˑ˵Í§˛Ç§ ¼ÁäˑÅÍ§˗ÒÂ¨ƃ§æ ËÃÍ¡$h",
        "Resort_Chair": "Ȥ³ã˚Ȫ´Թ¹á̅Çäˑ̃Í¹ËÃÍ? àÍÒËˉÍÂˉÒ... щġ¹ªÒÂËÒ´¹Ð!^à¸Íã˚Ȫ´Թ¹á̅Çäˑ̃Í¹ËÃÍ? ã̋ÅÁ·ÐàÅ»Ð·Ð˓Ò§ËˉÍÂƊ!",
        "Resort_Towel": "¾ÍÁÒà¡ÒÐ׉ä˴ ʁäˑƱˢÍ̍Ò§ч¨Ð ŇÒĕÇ»Ç¡àƫÂ¡ƽ¡˅Íä»!",
        "Resort_Towel_2": "֟ÇÇÇ ¾Íà˨Ò¡̅ÒÁ˷Í§¾Ç¡׉ ä˴â´¹á´´á̅Ç ʁړǪ¡ƤĈ§#$e#ˉÒàƺÂ´ÒÂч˵Í§ã̋ à˨Ò¾Ç¡׉ʻÍ¹ÍԒã˵àغÍ µÍ¹ÍԒч˺Ò¹ˉÐ",
        "Resort_Towel_3": "µÍ¹ч©í¹¡ÅÒÂàʛ¹â»Ãá̅Ç ĉ¹¨ÐàчÂÇä»ηÇȷ¡à¡ÒÐ º¹âÅ¡ãº׉àÅÂ#$e#á˅µÍ¹׉ чщʁ¾Íá̅Ç!$h",
        "Resort_Bar": "¼Áϊ§¡̅ÇÂλ¹ ã˚¼§â»Ãƥ¹ÊÍ§˪Í¹ãËʽ",
        "Resort": "ÍÒÒÒ... ƚƇµªÒÇà¡ÒÐ à݋ÂÇ¼ÁʁŪ¹!",
        "danceRejection": "äˑ˕Ð... ¼Á˗Ò¨Ðä»ªÇ¹¤¹ҽ¹ âª¤Ƥ¹Ð",
        "divorced": "¼ÁŤ´˗ÒàÃÒƱÍÐäÃчžàÈÉ... ¼Á˗Ò¼ÁŤ´ż´$s",
        "dumped_Guys": "Ȥ³äˑلÁʴÒ āºàÇÅÒ¢Í§¼Á$a",
        "secondChance_Guys": "¼Áäˑړ ˗Ò¼Á¨Ðä̇ã¨Ȥ³ ä˴ƽ¡ËȓÍäˑ á˅¼ÁƂ¹Ƥ ¨Ðã̋âÍ¡ÒÊȤ³$9",
        "breakUp": "Ȥ³ıÒĥ§ã̋ĉ¹ ŇÒÍÐ...?$7#$b#*ıÒĥ§â¡Ã¸*... àˢÒã¨˕Ð àÍÒ˕Ð... àђÂÁàÅÂ Ȥ³àȕÍ¡ä˴á̅Ç Ȥ³¨Ðäˑä˴àʫ¹ ¡ÒÃ̍Í¹ÇÍ¹ ¨Ò¡¼Ááˉæ$a",
        "Mon": "ړà»˕Ò˗Ò¼Áà¤Âà˕¹àʛ¹ ¤ÇÍΓàµÍΓáʚ¡ ã¹ƧÁÃÇÁ´ÒÃÒ чâÃ§àƳÂ¹¹Ð щɮ´¨ƃ§¹Ð$u#$e#àʫ¹´ÒÇº¹ áʈ¤àʁµ¼ÁäËÁ˕Ð щàʛ¹Ëĥ¡°Ò¹Ԫ¹ƤàÅÂ",
        "Tue": "·ÐàÅщàËÁÒÐ āº¡ÒÃÁÒàчÂÇ á̅ÇʁÍÒºá´´¨ƃ§æ#e#Ȥ³¤ÇÃ¨ÐÍÍ¡ÁÒģº áÊ§ÍÒŷµΒ˺Ò§¹Ð äˑԧ¹żÇƛ´á˒àÅÂ#$e#*à̎Í*... ¼ÁËħ§˗Ò¨ÐƱàʔ¡ڌËŭ§ ã¹àȑÍ§׉ÁÒ¡¡˗Ò׉ àˢÒã¨ч¼Á ËÁÒÂǖ§ãʺ»Ð?$s^à̎ à¸ÍÍÂÒ¡¨Ðä»·ÐàÅ āº¼ÁäËÁ? à¸ÍƱźšщã˚ǣà»˕Ò?",
        "Wed": "àʛ¹ħ¹чàËÁÒÐ āº¡ÒÃà˕¹¢̇Ò§ºÍÅ¹Ð ˗ÒäËÁ?$u#$e#$q 5/6 Wed_01_old#ÍÂÒ¡ªÇ¹Ȥ³ à˕¹¢̇Ò§ºÍÅāº¼Á Ȥ³ɤàËȑÍ¹äˑªÍº ƑÌÒ¾Ç¡׉àˇÒäË˓?^ÍÂÒ¡ªÇ¹à¸Í à˕¹¢̇Ò§ºÍÅ¹Ð á˅¤§äˑàËÁÒÐàˇÒäË˓#$r 6 0 Wed_01_02#äˑàʛ¹äÃ ÁÍ§à¸Íà˕¹ä¡Åæ ʁä˴#$r 5 15 Wed_01_01#ĉ¹ÍÂÒ¡à˕¹¢̇Ò§ºÍÅ āº¹ÒÂ¹Ð!#$r 5 0 Wed_01_03#(â¡Ã¸) ɮ´ַ ËÁÒÂ¤ÇÒÁ˗Òä§?",
        "Wed_01_old": "#$p 5#à̍Ò ģº! ...̅Íà˕¹ˉÐ ˞Ò˞Ò˞Ò|áʴËħ§˗Ò ¨ÐƱ¤¹à˕¹¢̇Ò§ºÍÅ ˴ÇÂā¹...$s",
        "Wed_01_01": "¨ƃ§àËÃÍ? ¼Á˗Ò ¼Á¤§»ÃÐàƁ¹Ȥ³ ϥÒä»ËˉÍÂ#$b#¼Á»Ç´á¢¹Ź´ËˉÍÂ ä̇¤Ճ§Ë˹Òá̅Çā¹",
        "Wed_01_02": "ãʺ ºÒ§¤¹äˑä˴àš´ÁÒ àҮÍà˕¹ƑÌÒ",
        "Wed_01_03": "˝Ò... ʺÒ§ġ¹à¶ÍÐ",
        "Thu": "ÍÒ¡ÒÈàУÁӭ¹ע¹á̅Ç... ĉ¹ړǪ¡¡ÃÐ»ד¡ÃÐà»˓Ò",
        "Fri": "à̎ ˗Òä§ ˎÍËәÁªÒÇä˓?^à̎ ˗Òä§ áˑÊÒÇªÒÇä˓ ¡Ò§à¡§ãËˑˋÐàщÂ? àˢÒāºà¸ÍƤ#e#â̍ àǱÍºȕÁ! ħ¹׉˵Í§Ƈ´خ¹!#e#ȷ¡¤Ճ§чƇ´خ¹ ¼Á¨ÐàОÁ ÃÍºчá̅ÇÁÒƽ¡Ëѹ§ à͈§ˋÐ˕Ð Ƈƨ׉?",
        "Sat": "»Ç´á¢¹ÁÒ¡àÅÂ á˅ʁàʛ¹¸ÃÃÁ´Ò ¢Í§¤¹ªÍºÍÍ¡ıÒĥ§ áºº¼Á˝Ð¹Ð#e#àұÍÇÒ¹Ƈ´خ¹ Ե§Ğ¹ÃÍºáË¹Ð",
        "Sun": "à̎#$e#ÍÐäÃ¹Ð ÍÂÒ¡ȤÂ˴ÇÂàËÃÍ? ¼Áäˑ˗Ò§ËÃÍ¡",
        "Sun2": "à̎ @#$e#ãʺá̅Ç ¼ÁĸÒҚÍȤ³ä˴¹Ð",
        "Sun4": "à̎ @#$e#ãʺá̅Ç ¼ÁĸÒҚÍȤ³ä˴¹Ð",
        "Fri4": "à̎ @ Ƥã¨Ĉ§чáÇÐÁÒËÒ#e#¼ÁäˑÍÒÂч¨ÐºÍ¡˗Ò ¼Áģ¡Ȥ³ÂÒÂ¢Í§¼Á¹Ð!#$e#á˅Ȥ³µÒ ʁƽ¡àҳÍ§Ǚ§...#$e#̅Íà˕¹!$h",
        "Tue6": "äˑƱÍÐäÃƤä»¡˗Ò ħ¹чÁÒªÒÂËÒ´āºàҮÍ¹æ... ¨ƃ§äËÁ?",
        "Mon8": "Ȥ³ړÍÐäÃäËÁ ¼Áà¤ÂÍÂÒ¡ƱҚÍàƺÂ§ ÍÂÒ¡Ʊ·ģ¾ΒÊÁĚŵÁÒ¡ÁÒÂ á˅¼Á˗Ò¼Áà»ѕÂ¹ã¨ á̅ÇáËÅÐ à¾ÃÒÐɊ´˷ÒÂ ¤¹àÃÒʁäˑä˴˵Í§¡ÒÃ ÍÐäÃÁÒ¡ä»¡˗Ò¡ÒÃړĈ¡¾Í äˑŤ´àËȑÍ¹ā¹àËÃÍ?#$e#¼ÁʁĢ§ÍÂÒ¡àʛ¹â»Ã¹Ð á˅ġ¹äˑä˴ŚÒĄ­ чɊ´ã¹âÅ¡Ī¡ËˉÍÂ",
        "Fri8": "ä§ @ ħ¹׉¹ÒÂɤ¡ÃÐĉº¡ÃÐà©§Ĉ§$h^à̎ @ ĕ´¼ÁãËˑˋÐ¤ģº? ړǪ¡ÍÐäÃºÒ§Í˒Ò§ ġ¹ǔ§ɤ´¼ÁĈ§àÅÂ$h",
        "Sat10": "ŚÒËģº¼Á ʺÇ§׉ġ¹ÂÒ¡ч¨Ð ÃÇÁÃÇºÊÁÒŸĈ§$l",
        "Event_beach1": "áˉ¹Í¹ ˶ÒȤ³äˑä˴Ť´˗ÒȤ³˺Ò¹Ð ËȓÍäˑʁàŹΓ´",
        "Event_beach2": "¨ƃ§àËÃÍ? Ȥ³¤§ªÍºŇÒÍÐäÃá»Å¡æƊ¹Ð$a#$b#â·ÉƧ",
        "Event_books1": "à»˕ÒĪ¡ËˉÍÂ! ªÁā¹àš¹ä»á̅Ç$a",
        "Event_books2": "ãʺ ¼Á˗ÒȤ³ŇÒɦ¡...$s",
        "Event_books3": "Ȥ³˵Í§äˑàʫ¹˴ÇÂāº¼ÁƊ$a",
        "event_box1": "ãʺ... ¼Áړ á˅ι¹ʁàʛ¹àËȵ¼Å ˗ÒŇÒäÁ¼Áǖ§¨ƃ§Ĉ§ āº¡ÒÃà˕¹ƑÌÒę¡...$9#$b#äˑ˗Ò¼Á¨ÐŇÒä˴ËȓÍäˑ... µÃÒºã´ч¼Á ¾ÂÒÂÒÁÍ˒Ò§ƤчɊ´ à¸Í¤§¨ÐɰƁã¨ ¢Íºã¨¹Ð",
        "event_box2": "âË... ħ¹׉ħ¹¤ÃºÃÍº чáˑ¼ÁàƺÂ¹Ð! àʫ¹ã¨ā¹˺Ò§...$a",
        "event_box3": "...¢Íºã¨¹Ð @#$b#¹ÒÂ... äˑàËȑÍ¹ã¤Ã¤¹ҽ¹àÅÂ ã˚ã¨¼ÁÁÒ¡¡˗Òã¤Ãæ$l^à¸Íàʛ¹àҮÍ¹ чƤчɊ´¢Í§¼Á ã¹àȑÍ§׉àÅÂ...#$b#Ƥã¨Ĉ§ ^ɮ´áºº׉ ġ¹ˉÒÍÒÂà»˕ÒàщÂ?$l",
        "event_box4": "ι¹äˑʺÇÂã̋ ړǪ¡Ƥע¹àÅÂä̍˺Ò$a",
        "Event_parents1": "ˉÒàʁºä»Ť´¹Ð...",
        "Event_parents2": "¾Ç¡àˤÒäˑ· ÓáººԹ¹ËÃÍ¡!$a",
        "Event_parents3": "ºÒ§Ƨ Ȥ³ÍÒ¨¨Ðɦ¡... äˑړƊ$s",
        "summer_1": "à̎ Ë˹Ò̃Í¹щàʛ¹ ʺÇ§чƤчɊ´¢Í§ƫàÅÂ#$e#µÍ¹׉ıÒĥ§Ƥ à¾ÃÒÐÄɤҽ¹æıÒĥ§ÃÍàÃÒÍԒ á̅Çà¨Íā¹",
        "summer_Mon": "ä§ ˎÍËәÁªÒÇä˓ ¤յÒÅ§¹ÐàщÂ^ä§ áˑÊÒÇªÒÇä˓ żÇȤ³¡ÅÒÂàʛ¹ƺá·¹ ÊÇÂàÅÂ¹ÐàщÂ$h#$e#Т§ĉ¹ǝ¡˫ÍÁ ã¹Ë˹Ò̃Í¹áºº׉ ÁÒ¡àˇÒäË˓ ĉ¹ʁ¨Ðä˴àˢÒã¡̅ Ԛà̊¹·Ò§ȑÍÍÒƚ¾ʷÒÂע¹#$e#á̅Çà݋ÂÇà¸Í ʁ¨Ðä˴àÍÒä»ȤÂ˅Íä˴ ˗Òà¤ÂړĈ¡ĉ¹ÁÒʱÍ¹ä§ à͈§ƤãʺՁÂ˕Ð ˗ÒÁÐ?",
        "summer_Tue": "˶Ò·Ã§¼Á ¢Í§¼Áäˑâ´¹ã¨ÊÒÇæ ¼ÁÊÒºÒ¹˗Ò ¨Ðâ¡¹ã̋ËÁ´Է§īÇàÅÂ#$e#*¶Í¹ËÒÂã¨*... ƚƇµºÒ§Ƨʁ˵Í§ƱàҳÍ§ÂÒ¡æ",
        "summer_Wed": "à̎ ËәÁà˨Ò¢Í§¿ÒΓÁ ¼ÁƱĴÒ¶ÒÁ¨Ð¶ÒÁ...^à̎ ÊÒÇ˹ÍÂà˨Ò¢Í§¿ÒΓÁ ¼ÁƱĴÒ¶ÒÁ¨Ð¶ÒÁ...#$b#$q 52/53 summer_Wed_01_old#Ť´˗Ò¼Á ¨Ðàʛ¹ę¡ƑÌÒ ȑÍÍÒƚ¾ä˴äËÁ?#$r 52 30 summer_Wed_01_01#¹ÒÂàš´ÁÒ àҮÍàʛ¹ŅÒ¹Ò¹ ã¹Ç§¡ÒÃ׉ ÍԒá̅ÇˉÒ!#$r 52 0 summer_Wed_01_02#ʁÍÒ¨¨Ð¹Ð ˶Òǝ¡àÂÍÐæ#$r 53 -50 summer_Wed_01_03#äˑ ¹ÒÂŇÒġ¹ äˑä˴ËÃÍ¡ á̅ÇʁĜ¹ĕÇàÍ§ ÁÒàʛ¹¾ę¡§Ò¹¢ÒÂ",
        "summer_Wed_01_old": "$p 52#à̎ ˶Ò¼Áä˴àʛ¹ ȑÍÍÒƚ¾àұÍäË˓ Ȥ³ºÍ¡¤¹ҽ¹ä˴àÅÂ˗Ò Ȥ³àʛ¹ \"á¿¹¤ĥº\"¤¹áÃ¡¢Í§¼Á äˑàÅÇ ãʺˋÐ?|à̎ ¼Áǝ¡Ëę¡ע¹àʛ¹ÊÍ§àˇÒ ¼Á¨Ðàʛ¹ȑÍÍÒƚ¾ á̅Ç¨Ðžɺ¨Ήã̋àʫ¹˗Ò Ȥ³ż´ ¤ÍÂɤàËÍÐ$a",
        "summer_Wed_01_01": "à̎ ι¹áË˕Ðч¼ÁËÁÒÂǖ§!$h#$e#Ȥ³à͈§¡˗Òч¼ÁŤ´¹ÐàщÂ",
        "summer_Wed_01_02": "ȝÁ ¼ÁâÍà¤ ¼Á¤§äˑǝ¡Ëę¡ ¢¹Ò´Թ¹á̅Ç˕Ð$u",
        "summer_Wed_01_03": "ι¹ġ¹˺ÒĊ´æ ¹ÒÂáʴƍ¨©Òà¾ÃÒÐ˗Ò ¼ÁƱ¤ÇÒÁÊÒÁÒÃ¶ ¼Áàʛ¹чŹÂÁ á˅¹ÒÂäˑãʺ$a^ˉÒĲÒà¹ÍÐ à¸Íƍ¨©Òч¼Á àʛ¹чŹÂÁÁÒ¡¡˗Ò зàʷÒ$a#$e#ä»ä¡ÅæàÅÂ$a",
        "summer_Thu": "à̎ ¹ÒÂɤáʂ§áÃ§¹Ð ŇÒ§Ò¹ч¿ÒΓÁԷ§ħ¹^à̎ ӫ¹à¸ÍɤƤĈ§¹Ð ŇÒ§Ò¹¿ÒΓÁԷ§ħ¹#$e#ºÒ§Ƨà¸ÍÍÒ¨ ¨Ðáʂ§áÃ§àˇÒ¼Áʁä˴ ˉÒÊ¹ã¨ãʺäËÁ˕Ð?#$e#ŇÒäÁà¸ÍƱË˹ÒµÒ áººԹ¹˕Ð?",
        "summer_Fri": "Ȥ³˵Í§¡ÒÃÍÐäÃ?#$e#¼ÁƱÍÐäÃчŚÒĄ­¡˗Ò ˵Í§ŇÒã¹µÍ¹׉¹Ð",
        "summer_Sat": "ǷÁÁÁÁ... ¼Áä˴¡Х¹ºÒΓƪŤÇ#$e#âËÂ ¼Á˗Ò¼Á˵Í§ä» ؛ÍàºÍΓà¡ÍΓš¹˕Ð",
        "summer_Sun": "ä˴ÃÍ§à˷ÒãËˑÁÒàұÍÇÒ¹ à¾ÃÒÐӴàʱÒƱá˅ Ȩ´˄Ò§àʕÁä»ËÁ´#$b#ʁâÂ¹֗§Ė§¢ÂÐä»˝Ð ¨ƃ§æʁ˗Ò¨Ðºƃ¨Ò¤ á˅äˑÍÂÒ¡ã̋¤¹á»Å¡æ ÁÒã˚ÃÍ§à˷Ò¼Á˝Ð¹Ð àˢÒã¨»Ð?#$e#...ƱäÃ?$a",
        "summer_Sun4": "â̍ ̇ÒÇ...ÃÍ§à˷ÒȤ³Ê¡»Ã¡Ĉ§... á˅ʁâÍà¤¹Ð!#$e#¤¹àÃÒġ¹ÃÊŹÂÁ äˑàËȑÍ¹ā¹à¹ÍÐ",
        "summer_Thu4": "à̎ Ȥ³ɤàËȑÍ¹¨Ðӫ¹Ƥע¹¹Ð Ë˹Ò̃Í¹׉!#$b#à¾ÃÒÐŇÒá˅¿ÒΓÁãʺˋÐ˕Ð?",
        "summer_Mon4": "à̎ żÇá·¹à¸ÍÊÇÂƤ",
        "summer_Fri6": "â·ÉƧ ̋Í§Ã¡ä»ËˉÍÂ$s#$e#ġ¹ÂÒ¡ч¨ÐǙ¡ÍÍ¡˗Ò ̋Í§ÊÐÍÒ´˕ÒɊ´ µÍ¹äË¹ á˅ʁ¾ÂÒÂÒÁ àʁº¡ÇÒ´ÍԒ¹Ð",
        "summer_Wed8": "Ȥ³ړà»˕Ò ¼ÁäˑÍÐäÃāº¡ÒÃ àʛ¹ªÒÇä˓¹Ð... ġ¹ʁàËȑÍ¹āºà˕¹ƑÌÒ ƽ¡áººι¹áËÅÐ#$e#¼ÁªÍºÍԒˢÒ§¹Í¡ á̅ÇʁŇÒÍÐäÃæ ˴ÇÂȑÍ¼ÁàÍ§",
        "summer_Sat10": "¼Á¾ÂÒÂÒÁ¨Ð˝Ò¹ Ëę§ȚÍÁÒ¡ע¹¹ÐʺÇ§׉... ړǪ¡˗ÒäˑʴÍÂä˴ ÍÍ¡ıÒĥ§ÊÁÍ§ ÁÒàʛ¹ƫá̅Ç à¾ÃÒÐġÇá˅ ä»ÍÍ¡ıÒĥ§¡ÒÂ",
        "fall_1": "ãʺ ġ¹àУÁË¹ÒÇá̅Ç... á˅ʁĢ§ӭ¹¾Í ч¨Ðà˕¹ƑÌÒ¹Ð!#$e#¼ÁʁŤ´áʴ׉áË˕Ð",
        "fall_Mon": "Ȥ³ÂÒÂºÍ¡¼Á˗Ò ¼ÁˉÒ¨Ðã˪àÇÅÒ ˝Ò¹Ëę§ȚÍÁÒ¡¡˗Ò#$e#¼Ááºº... 'ÂÒÂ äˑ˵Í§˛Ç§ ¼Á¨Ðàʛ¹â»Ã!'$h#$e#àҳÍ§àƳÂ¹ ġ¹ŚÒËģº¾Ç¡àŹΓ´æ",
        "fall_Wed": "à̎ ¼ÁÍÂÒ¡¨Ð ¶ÒÁÍÐäÃËˉÍÂ ^à̎ ¶ÒÁÍÐäÃËˉÍÂä˴äËÁ ?#$e#$q 54/55 fall_Wed_01_old#Ť´˗ÒÊÒÇæªÍº ·Ã§¼Á¢Í§¼Á̫Ð?^à¸ÍŤ´ä§āº ·Ã§¼Á¢Í§¼Á˝Ð?#$r 54 30 fall_Wed_01_01#ɤƤ¹Ð!#$r 55 -30 fall_Wed_01_02#àËȑÍ¹àؚÍÃÒע¹īÇ",
        "fall_Wed_01_old": "ħ¹׉ã˚à¨Åá˅§¼ÁÁÒ¡ä» ġ¹àʈºæīÇ#$e#Í˒ÒáµÐŴ!#$e#...ÍÐäÃà˕Ò?",
        "fall_Wed_01_01": "ãʺ ¼Áړ ι¹áËÅÐǴÍàËȵ¼Å ч¼ÁƱÍÐäÃ¤̅ÒÂáºº׉",
        "fall_Wed_01_02": "ȝÍ ãʺ Ȥ³ʁáʴƍ¨©Òч¼ÁɤƤ˝Ð¹Ð",
        "fall_Thu": "˗Òä§?#$e#ҚÍ¨ƃ§Ȥ³àщÂ %firstnameletter%name »ÃÐÁÒ³׉ ËȓÍ˗Ò?#$e#â̍Ç @? âÍà¤ â·ÉƧ",
        "fall_Fri": "Ǵ¹׉˗Ò¨Ð ū·ĭ¾ÊÍ§̃ÍÂ¤Ճ§#$b#¼ÁӗÁà· ÁÒ¡àÅÂãʺäËÁ˕Ð?$h#$e#ƱÍÐäÃƽ¡äËÁ?",
        "fall_Sat": "ĉ¹Ť´˗Ò Ȥ³ˉÒ¨ÐËÒ áªÅÁÍ¹ ã¹áˑթÒä˴ʺÇ§׉¢Í§ƫ¹Ð#$e#˶ÒµÒÁчĉ¹ä˴Ƃ¹ÁÒ",
        "fall_Sun": "à̎ ħ¹׉ƱºÍÅ˴ÇÂ!#e#ħ¹ÍÒŷµΒã¹ Äɤãºä́˓Ç§щġ¹ƤĈ§˹Ò$u",
        "fall_Thu2": "ÍÐäÃàËÃÍ @?",
        "fall_Fri6": "Ǵ¹׉¨Ðū·ĭ¾àÂÍÐæàÅÂ#$e#Ȥ³˵Í§ÍÍ¡ıÒĥ§àÂÍÐæ ˶ÒȤ³ÍÂÒ¡¨Ðä»ã̋ǖ§ ƒ´ĸÒā´¢Í§ĕÇàÍ§",
        "fall_Mon4": "Ȥ³ÂÒÂ¼ÁºÍ¡ ã̋ã˪àÇÅÒä»˝Ò¹Ëę§ȚÍ˺Ò§#$e#ºÒ§ƧˇÒ¹ÍÒ¨¨Ðɮ´ɦ¡...$s",
        "fall_Wed8": "¼Á¾ÍÅÐ... ¼Áĕ´Ɗ¹ã¨äˑã˪ à¨Åá˅§¼Áá̅Ç#$e#¼ÁäˑÍÂÒ¡¨Ðàʛ¹àҮÍ¹ āº¤¹чÊ¹ã¨¼Á à¾ÃÒÐ¼Áã˪äÍà¨Åщ",
        "fall_Thu10": "@! àЭÁÁ... ˗Òä§$l",
        "winter_1": "Ë˹ÒË¹ÒÇщäˑƤàÅÂ ƋÁÐË¹Òàš¹ä» ŇÒÍÐäÃÊȹ¡æäˑä˴#$e#á˅¼Á˗ÒʁƱ¤¹ªÍºġ¹¹Ð",
        "winter_Mon": "Ȥ³ªÍºƋÁÐàËÃÍ? ¼Á... ¼ÁÃÍã̋ǖ§Äɤãºä́¼ƅ«ÐƧ",
        "winter_Tue": "à̎ ˶ÒȤ³ä»ËÒàÎƵΒá̅Ç½Ò¡ 'ÊħÊƤ' à¸Íã̋¼ÁËˉÍÂä˴äËÁ?",
        "winter_Tue_inlaw_Haley": "â̍ à̎ ƚƇµá˅§§Ò¹àʛ¹ä§ρ§?$9",
        "winter_Wed": "ÄɤË¹ÒÇ ȷ¡¤¹ʁÍԒá˅ã¹˺Ò¹ ŇÒá˅ÍÐäÃˉÒàҪÍæ$s#$e#ºÒ§Ƨ˶Òä»˝Ò¹Ëę§ȚÍ ÍÒ¨¨ÐʺÇÂ˺Ò§ʁä˴... ¹Ð",
        "winter_Thu": "¾Í¼Áàʛ¹â»Ãá̅Ç ¼Á¨ÐÃÇÂ ¼Á¨Ðä»؛Í ˺Ò¹Ğ¡µÒ¡ÍÒ¡ÒÈ чà¡ÒÐà¢µ̃Í¹àÅÂ#$e#¨Ðä˴äˑ˵Í§ÁÒŵ´ÍԒāº Ë˹ÒË¹ÒÇˉÒàҪÍæщ",
        "winter_Fri": "Ȥ³ˍÒƋÁÐ àҮÍÁÒËÒ¼ÁàËÃÍ?#$e#á˅¼Á˗Òġ¹ʁàˢÒˇÒ",
        "winter_Sat": "Ʊá˅¤¹á»Å¡æ ÍÒĨÂÍԒã¹àȑÍ§׉#$e#... Í˒Ò§¤¹Թ¹ä§à«ºÒÊàƥÂ¹ àˤÒªÍºã˚Ȫ´ƺńÒµÅÍ´àÇÅÒ?#$e#¼ÁÂÍÁģºäˑä˴",
        "winter_Sun": "à̎ ħ¹׉ƱºÍÅ!#e#ħ¹׉àʛ¹ħ¹ч¼ÁªÍºчɊ´ ¢Í§ÍÒŷµΒ׉àÅÂ",
        "winter_Fri4": "Ȥ³ˍÒƋÁÐ àҮÍÁÒËÒ¼ÁàËÃÍ?#$e#Ȥ³ƤĈ§$h",
        "winter_Sat6": "¼Á˗Òġ¹ˉÒÊ¹ã¨Ƥ¹Ð чºÒ§¤¹ʁ˅Ò§ÍÍ¡ä» ¨Ò¡¾Ç¡àÃÒàÅÂ ړˋÐ?#$b#¼Áäˑà¤ÂàˢÒã¨˗ÒŇÒäÁ ¤¹ҽ¹àˤÒŇÒÍÐäÃáººԹ¹ á˅ġ¹ʁäˑàʛ¹äÃ",
        "winter_Tue4": "à̎ @ ʺÇÂÍÐäÃËˉÍÂƊ?$l#$b#˶Òà¨ÍàÎƵΒ ºÍ¡à¸Íã̋ËˉÍÂ˗Ò ¼Áäˑ˗Ò§$l#$e#¢ÍºȤ³",
        "winter_Tue4_inlaw_Haley": "¼ÁÂÍÁģº... ¼Áƍ¨©Òàʥ¡˹ÍÂ чȤ³áÅÐàÎƵΒá˅§§Ò¹ā¹ á˅à݋ÂÇʱÍ¹... ġ¹àʛ¹âÍ¡ÒÊƤŚÒËģº¼Á ч¨Ðä˴àƳÂ¹ړЪ§ãËˑæ àбÂÇāºĕÇàÍ§$9",
        "winter_Wed8": "ړÍÐäÃäËÁ? ¼ÁıÒĥ§¨ÐàУÁ˝Ò¹Ëę§ȚÍ!",
        "winter_Thu6": "ĉ¹ÍÂÒ¡ã̋ĕÇàÍ§ ¤ÇºȤÁÊÀÒ¾ÍÒ¡ÒÈä˴Ĉ§",
        "winter_Thu10": "˶Ò¼ÁËÒàŧ¹ä˴àÂÍÐæ ¼Á¨ÐŇÒã̋ȷ¡¤¹ чàʛ¹àҮÍ¹áÅÐ ¤ÃÍº¤ģÇ¢Í§¼Áρ¹ã¨àÅÂ˗Ò ¾Ç¡àˤÒ¨Ðä˴ģº¡ÒÃ ɤáÅÍ˒Ò§Ƥ#$e#¼ÁËÁÒÂǖ§Ȥ³˴ÇÂ$h"
    }
}
