{
    "header": {
        "target": "w",
        "formatVersion": 5,
        "hidef": true,
        "compressed": 128
    },
    "readers": [
        {
            "type": "Microsoft.Xna.Framework.Content.DictionaryReader`2[[System.String, mscorlib, Version=4.0.0.0, Culture=neutral, PublicKeyToken=b77a5c561934e089],[System.String, mscorlib, Version=4.0.0.0, Culture=neutral, PublicKeyToken=b77a5c561934e089]]",
            "version": 0
        },
        {
            "type": "Microsoft.Xna.Framework.Content.StringReader",
            "version": 0
        }
    ],
    "content": {
        "Introduction": "ÊħÊƤ! Ȥ³¤§àʛ¹ @ à˨Ò¢Í§¿ÒΓÁ ч̂ÒÂàˢÒÁÒãËˑ ĉ¹ҚÍá¤âÃäÅΉ#$e#ÊÒƱ¢Í§ĉ¹ àŻ´̃Ò¹ˤÒчщ Ȥ³à¤Âà¨Í ɵ¡ÊÒÇ¢Í§ĉ¹Íźà¡ÅǣĢ§? à¸ÍżÇÍÍ¡ƛ´æ áÅÐƱ¼ÁƺˑÇ§ˉÐ",
        "Resort_Entering": "ƇÅѕ ã̋»ÅÒáˇ§āºàÃÒ¤¹ÅÐ֊¹ ĉ¹Ģ§àִÂÇġ¹ÍԒàÅÂàщÂ",
        "Resort_Leaving": "Ǵ¹׉ĉ¹˵Í§ËĥºÊºÒÂáˉæ!$h",
        "Resort_Shore": "˶ÒàƧÂºāºчɋºà¢Ò թÒчщӭ¹¡˗ÒàÂÍÐàÅÂ ĉ¹Ʊ¤ÇÒÁɊ¢¨ƃ§æ!",
        "Resort_Chair": "á¤âÃäÅΉıÒĥ§Ɨº",
        "Resort_Bar": "ĉ¹ºÍ¡āÊã̋ÅÍ§ ŇÒã̋ĉ¹»ÃÐËÅÒ´ã¨ËˉÍÂ á̅Çà¢ÒʁŇÒ ªÒàƒÂÇã˚à»ȕÍ¡ÁÐˑÇ§ɒ´ Í˓ÍÂàÅÂ˕Ð!$h",
        "Resort": "ÊħÊƤ @ Ȥ³ÁÒчщàҮÍ Ğ¡ˌÍ¹ËȓÍŇÒ§Ò¹¤Ð?",
        "Mon": "ĉ¹äˑÍÂÒ¡ã̋áʭº׊ ã˪àÇÅÒÍԒá˅ã¹̋Í§àÅÂ",
        "Mon_inlaw_Abigail": "ä§̘Ð @ à¸ÍÊȹ¡āºƚƇµá˅§§Ò¹ՁÂ? ĉ¹Ëħ§ä̇ÍԒ¹Ð!",
        "Mon8": "#$1 Caroline23#µÍ¹ч¾Ç¡àÃÒ ̂ÒÂÁÒчàȑÍ§à¾ƅá¡¹ ĉ¹áÍºàŴ¹ä»ч ËÍ¤ÍÂ¢Í§ˎÍÁ´ ˴ÇÂ˕Ð Í˒ÒºÍ¡ƫáÍΓ¹Ð à¢Òàʛ¹¤¹ֲËÇ§ˉÐ#$e#Íźà¡Åàš´Ëĥ§¨Ò¡чàÃÒ ̂ÒÂÁÒчщƫǙ§ ĉ¹Ê§ĪÂĈ§˗Ò à¸Íà¤ÂĪÁĜÊƚƇµ ¹Í¡Ëԑ˺Ò¹ǣà»˕Ò?",
        "Tue": "ĉ¹à¤Âàʫ¹ ˵¹ÎÍÊáÃŴª ã¹ˋÒ¹Ð#$e#¡ÒÃàчÂÇËÒÍÒËÒÃ àʛ¹·Ò§чʷÒÂч¨Ðä˴àŧ¹ ËȓÍȤ³¨Ðã˪¢Í§ чȤ³ËÒà¨Íàʛ¹ ¢Í§¢ħ­ËȓÍÍÒËÒÃ ʁä˴",
        "Wed": "ÊħÊƤ Ȥ³Ʊ ȷ¡Í˒Ò§ч˵Í§¡ÒÃ ŚÒËģºŇÒ¿ÒΓÁ á̅ÇËȓÍĢ§?#$e#˶ÒĢ§äˑƱ˕Ðʁ àÃÒÊÒÁÒÃ¶ʺÇÂȤ³ ä˴¹Ð#$e#àÃÒƱɍ»¡Ã΃ чƱ»ÃÐâÂªΉÍԒ ËÅÒ¡ËÅÒÂ֊¹ àÅÂ˕Ð",
        "Thu": "#$1 Caroline1#țÁÁÁ... ĉ¹Ê§ĪÂĈ§˗Ò ¨Ð¢Íã̋ƫáÍΓŇÒÍÒËÒÃàʢ¹ ŚÒËģºǴ¹׉ ä˴äËÁ#$e#țÁÁÁ... ĉ¹¨ÐŇÒÍÐäÃ àʛ¹ÍÒËÒÃàʢ¹ ŚÒËģºǴ¹׉Ƥ˕Ð?#$e#äˑàʛ¹äÃ ĉ¹¨ÐÍÍ¡ä»؛Í ¨Ò¡̃Ò¹ÍÒËÒÃ¹Ð",
        "Fri": "ġ¹àʛ¹ħ¹чƤ¹Ð#$e#ã¹ħ¹Í˒Ò§׉ ĉ¹ÍÂÒ¡ʺÇÂàÍàÇÍƅ¹ àҳÍ§ÊÇ¹ÊÒ¸ÒÃ³ÐĈ§#$e#à¸Íáʂ§áÃ§¹Ð ŚÒËģºÍÒɂĕÇàÍ§ á˅ĉ¹Ť´˗Ò à¸Í¤ÇÃä˴ģº¡ÒÃÂ¡˒Í§ āºЪ§чà¸ÍŇÒ",
        "Sat": "Ʊáʴĉ¹ǣà»˕ÒàщÂ чŤ´˗ÒÍźà¡Å Ê¹ã¨Ъ§чá»Å¡æ ÍÐäÃчġ¹ȑ´Á¹ ˉÐ?#$e#ºÒ§Ƨĉ¹ ¤§áʱàš¹ä»ч¨ÐàˢÒã¨ á̅Ç˕ÐՁ§àщÂ",
        "Sat_inlaw_Abigail": "رÍàʢ¹àƗÂºä»ÁÒ¡ Ե§á˅Íźà¡Å̂ÒÂÍÍ¡ä»...#$e#äˑ äˑãʺ˗Òà¸ÍªÍº ̍Ò»Ò¡µÍ¹š¹ˢÒÇËÃÍ¡¹Ð!$h",
        "Sat2": "áʭº׊ġ¡¨ÐªÍº Ê¹ã¨Ъ§á»Å¡æ ã¹àҳÍ§ǥ¡ĥº ĉ¹ʁäˑړ˗Òà¸Í ä»àÍÒŹĪÂáºº׉ ÁÒ¨Ò¡äË¹...",
        "Sat4": "áʭº׊ġ¡¨ÐªÍº Ê¹ã¨Ъ§á»Å¡æ ã¹àҳÍ§ǥ¡ĥº ĉ¹ʁäˑړ˗Òà¸Í ä»àÍÒŹĪÂáºº׉ ÁÒ¨Ò¡äË¹...",
        "Sat6": "#$1 Caroline12#Ե§á˅чàÃÒ̂ÒÂÁÒчщ ĉ¹ã˪àÇÅÒĞ¡Ǚ§ ч¨Ðě¡Ëĥ¡ÍԒчщ... ĉ¹Ģ§äˑ¾̃ÍÁ ŚÒËģº¡ÒÃ ã˪ƚƇµчщ#$e#ƫáÍΓàʛ¹¤¹ īÇâºÃÒ³Ź´ËˉÍÂ... á˅à¢Òʁàʛ¹¤¹Ƥ à¢Òàʛ¹¤¹Ʊ¤ÇÒÁ ·ÐàÂÍ·ÐÂÒ¹ á˅à¢Ò¨ÐŤ´ǖ§ ¤ÃÍº¤ģÇʱÍ¹àÊÁÍ",
        "Sun": "ħ¹׉ĉ¹¨ÐĞ¡ˌÍ¹ áÅÐŤ´á˅àҳÍ§Ƥæ#$e#à¸Í˕Ðä˴Ëɂ´ Ğ¡ˌÍ¹˺Ò§ՁÂ?",
        "Wed6": "ÊµÒΓŴÇáÇÅѕʁƤ¹Ð ˶Òĉ¹ړĈ¡¤¹ҽ¹ ÁÒ¡¡˗Ò׉#$e#ĉ¹Ëħ§˗ÒàÃÒ ¨Ðàʛ¹àҮÍ¹ā¹ä˴¹Ð",
        "summer_Mon": "ħ¹Ⱦ¸ ̃Ò¹¨ÐŻ´˴ÇÂ˕Ð#$e#Ť´ä̇ã¹ã¨ ˶ÒȤ³ÍÂÒ¡ä˴ÍÐäÃ",
        "summer_Tue": "ĉ¹àʫ¹¼Åä́ã¹ˋÒ àұÍàʣÇæ׉#$e#¡ÒÃàчÂÇËÒÍÒËÒÃ àʛ¹·Ò§чʷÒÂч¨Ðä˴àŧ¹ ËȓÍȤ³¨Ðã˪¢Í§ чȤ³ËÒà¨Íàʛ¹ ¢Í§¢ħ­ ËȓÍÍÒËÒÃʁä˴",
        "summer_Wed": "ÊħÊƤ Ȥ³Ʊȷ¡Í˒Ò§ч˵Í§¡ÒÃ ŚÒËģºŇÒ¿ÒΓÁ á̅ÇËȓÍĢ§?#$e#˶ÒĢ§äˑƱÅÐʁ àÃÒÊÒÁÒÃ¶ʺÇÂȤ³ä˴¹Ð#$e#àÃÒƱɍ»¡Ã΃ чƱ»ÃÐâÂªΉÍԒ ËÅÒ¡ËÅÒÂ֊¹ àÅÂË˕Ð",
        "summer_Sat": "Ʊáʴĉ¹ǣà»˕ÒàщÂ чŤ´˗ÒÍźà¡Åɤƛ´æ ˉÐ?#$e#ºÒ§Ƨĉ¹¤§ā§ÇÅ àҳÍ§¢Í§à¸ÍÁÒ¡ä»",
        "summer_Sat_inlaw_Abigail": "Ɋ¢ÀÒ¾¢Í§Íźà¡Å àʛ¹Ģ§ä§˺Ò§? à¸Íɤàʛ¹àʔ¡ڌËŭ§ чɤƛ´àƛÂÇµÅÍ´àÇÅÒ Ëħ§˗Ò¡ÒÃã˪ƚƇµã¹¿ÒΓÁ ¨ÐŇÒã̋áˡÁ¢Í§à¸Í ƱƺĪ¹ע¹ÁÒ˺Ò§¹Ð",
        "summer_Sun": "ħ¹׉ĉ¹¨ÐĞ¡ˌÍ¹ áÅÐŤ´á˅àҳÍ§Ƥæ#$e#à¸Í˕Ðä˴Ëɂ´ Ğ¡ˌÍ¹˺Ò§ՁÂ?",
        "summer_Wed6": "àÇÅÒɤàËȑÍ¹ ¨ÐˌÒ¹ä»àʣÇע¹ á̅ÇʁàʣÇע¹¾Íæ āºÍÒɂ¢Í§Ȥ³ àÅÂ˕Ð$s",
        "fall_Mon": "Äɤãºä́˓Ç§ àʛ¹Äɤчáʭº׊ªÍº ĉ¹ʁËħ§˗Òà¸Í ¨ÐÍÍ¡ÁÒ¨Ò¡̋Í§ ¢Í§à¸ÍˊÍÂ¡˗Ò׉¹Ð",
        "fall_Mon_inlaw_Abigail": "áʭº׊ıÒĥ§ÍԒã¹ Ԫ¹àƳÂ¹ÍÍ¹äÅΉ ÍԒчщ á˅ĉ¹äˑŤ´˗Òã¨¢Í§à¸Í ¨ÐÍԒāºġ¹ËÃÍ¡...#$e#à¸ÍԹ¹ƱŨµã¨чģ¡ƍÊÃÐ àËȑÍ¹āºĉ¹ µÍ¹ʱÍ¹ч¨ÐÁÒ¾ºāºƫáÍΓ ºÒ§Ƨà¸ÍˉÒ¨ÐªÍºʺÇ§àÇÅÒ чà¸Íä˴ÍԒã¹¿ÒΓÁ¢Í§Ȥ³¹Ð",
        "fall_Tue": "ĉ¹àʫ¹àʫ´ чš¹ä˴ã¹ˋÒ˴ÇÂ#$e#¡ÒÃàчÂÇËÒÍÒËÒÃ àʛ¹·Ò§чʷÒÂч¨Ðä˴àŧ¹ ËȓÍȤ³¨Ðã˪¢Í§ чȤ³ËÒà¨Íàʛ¹¢Í§¢ħ­ ËȓÍÍÒËÒÃʁä˴",
        "fall_Sat": "Ʊáʴĉ¹ǣà»˕Ò чŤ´˗ÒÍźà¡Å à˕¹ƇƤâÍà¡ÁΚÁÒ¡ä»?#$e#ºÒ§Ƨĉ¹¤§ ̅ÒÊġÂä»ËˉÍÂ",
        "fall_Wed6": "à¸ÍړՁÂ ĉ¹à¤ÂÍÂÒ¡àʛ¹ ªÒÇä˓¹Ð á˅ áººà˹¹»ɈĪµΗˉÐ#$e#µÍ¹àʔ¡æ ĉ¹ªÍºËę§á¹Ç ¤ÒÇºÍÂÁÒ¡àÅÂ",
        "winter_Tue": "ÄɤË¹ÒÇġ¹á˒ÁÒ¡ á˅Ȥ³ÊÒÁÒÃ¶ Ȣ´ËÒÃÒ¡ä˴¹Ð ˶ÒȤ³âª¤Ƥ#$e#¡ÒÃàчÂÇËÒÍÒËÒÃ àʛ¹·Ò§чʷÒÂ ч¨Ðä˴àŧ¹ ËȓÍȤ³¨Ðã˪¢Í§ч Ȥ³ËÒà¨Íàʛ¹¢Í§¢ħ­ ËȓÍÍÒËÒÃʁä˴",
        "winter_Fri": "ǖ§ÍÒ¡ÒÈġ¹¨ÐË¹ÒÇ ĉ¹àʊ¤á»Å§Ĝ¡˅Ò§æ ã¹ÊÇ¹ÊÒ¸ÒÃ³Ð ËÁ´á̅Ç#$e#ĉ¹ÍÂÒ¡ρ¹ã¨˗Ò ¾Ç¡ġ¹¨Ðäˑä˴ģº ¤ÇÒÁàƺÂËÒÂÁÒ¡ ʱÍ¹чÄɤãºä́¼ƅ ¨ÐÁÒƽ¡¤Ճ§",
        "winter_Sat": "Ȥ³äˑŤ´˗Òáʭº׊ ɤƤã¹¼Áƺ¸ÃÃÁªÒŵ ¢Í§à¸ÍËÃÍ?#$e#à¸ÍƱ¼ÁƺթÒµÒÅ˝Í¹",
        "winter_Wed6": "Ȥ³ړǪ¡ҥ¹à˵¹ āºƫãËˑ׉ՁÂ?#$e#ĉ¹à´Ò˗Ò¿ÒΓÁ ¢Í§Ȥ³˵Í§ »ÃÐÊº¤ÇÒÁŚÒàʣ¨ ÁÒ¡æáˉ¹Í¹$h"
    }
}
