{
    "header": {
        "target": "w",
        "formatVersion": 5,
        "hidef": true,
        "compressed": 128
    },
    "readers": [
        {
            "type": "Microsoft.Xna.Framework.Content.DictionaryReader`2[[System.String, mscorlib, Version=4.0.0.0, Culture=neutral, PublicKeyToken=b77a5c561934e089],[System.String, mscorlib, Version=4.0.0.0, Culture=neutral, PublicKeyToken=b77a5c561934e089]]",
            "version": 0
        },
        {
            "type": "Microsoft.Xna.Framework.Content.StringReader",
            "version": 0
        }
    ],
    "content": {
        "Introduction": "à˝Í... ÊħÊƤ ĉ¹¤ƅ¹·#$e#ĉ¹àʛ¹ʺÒ§ƥàËʥ¡ »ÃÐĸÒàȑÍ§ àұÍã´ч ˵Í§¡ÒÃĭ¾à¡Ã´ à¤ҳÍ§ȑÍ¢Í§Ȥ³ àƳÂ¡ËÒĉ¹ä˴àÅÂ",
        "Resort_Entering": "ĉ¹¨Ðã˚¡Ò§á¡§á´§ ĕÇžàÈÉ˕Ð ġ¹¤ÇÃ¨Ðɤà˄¹ àµÐµÒÁÒ¡àÅÂ",
        "Resort_Leaving": "˝Ò äˑàËȑÍ¹чŤ´ä̇ àˇÒäË˓áËÐ...",
        "Resort_Shore": "äˑ¹Ð... ĉ¹ȕÁĕ´àʥºà˷Ò$s",
        "Resort_Shore_2": "Ť´˗Ò¡ÒÃŇÒ§Ò¹Ë˹ÒàµÒ ¨ÐŇÒã̋ĉ¹·¹¤ÇÒÁ̃Í¹ áºº׉ä˴Ƥ«Ðƽ¡ á˅µÍ¹׉ àËҗÍĉ¹ÍÍ¡ã¹ч чĉ¹äˑà¤ÂŤ´ ˗Òġ¹¨ÐÍÍ¡ä˴ÁÒʱÍ¹àÅÂ$s#$e#Ëħ§˗Ò¨ÐäˑƱã¤Ã Ī§à¡µàʫ¹¹Ð...#$e#%ĕÇ¢Í§¤ƅ¹· ˚Í§»ÃÐ¡ÒÂƇºħº...",
        "Resort_Chair": "â̽Â... Է§ĕÇĉ¹ äË́¨¹ºÒ§¡ÃÍºá̅ÇàщÂ$s",
        "Resort_Bar": "ƋÇâ«àÅÂ...$s",
        "Resort": "*¶Í¹ËÒÂã¨*... ȷ¡¤¹ʁÍԒчªÒÂËÒ´ á˅ĉ¹ʁĢ§ړǪ¡ àË§ÒĈºã¨...$s",
        "reject_868": "țÁ... ι¹àʛ¹Ƌ¹чˉÒÊ¹ã¨ äˑà¤Âàʫ¹ÁÒʱÍ¹àÅÂ#$b#á˅ʁäˑړ ˗Ò¨ÐàÍÒä»ŇÒÍÐäÃáËÐ ĉ¹¤˕Í§àҳÍ§˺Ò¹æ á˅àÇ·Á¹µΓщ ¨¹ě­­ÒáËÐ...",
        "cc_Minecart": "Í˒Ò§äÃʁµÒÁ ÃÐººÃ¶ÃÒ§ã¹àËȑÍ§ (minecart) àʱÒ¢Í§àȑÍ§¨ÐàУÁ ŇÒ§Ò¹ƽ¡¤Ճ§ ġ¹ÊÐ´Ç¡Í˒Ò§ÁÒ¡ ã¹¡ÒÃàŴ¹·Ò§àˢÒ áÅÐÍÍ¡¨Ò¡àËȑÍ§#$b#Í˒ÒàÊ¾ŵ´ ¤ÇÒÁÊºÒÂ«Ð˕Ð ˶ÒËÒ¡ġ¹àУÁŇÒ§Ò¹ Í˒Ò§Ȼºěºä˴˕Ðʁ ġ¹ʁÍÒ¨¨ÐËɂ´ė¹Ƨ ä˴àËȑÍ¹ā¹...",
        "Mon": "áˑ¹á̅Ç ĉ¹àʛ¹ʺÒ§ƥàËʥ¡#$e#ˎÍĉ¹ʁàʛ¹ ʺÒ§ƥàËʥ¡#$e#ԋĉ¹ʁàʛ¹ ʺÒ§ƥàËʥ¡ àʺ¹ā¹$u#$q 9/9 Mon_old#ĉ¹˗ÒȤ³à´Òäˑɦ¡áˉ ˗Òԋ·Ç´ĉ¹ŇÒÍÒƚ¾ÍÐäÃ...#$r 9 30 Mon_9#ʺÒ§ƥàËʥ¡#$r 9 50 Mon_clown#ĕÇµÅ¡#$r 9 -50 Mon_rude#ɮ´àÂÒÐà̂Â",
        "Mon_old": "ãʺá̅Ç ԋ·Ç´¢Í§ĉ¹ ʁàʛ¹ʺÒ§ƥàËʥ¡ àËȑÍ¹ā¹",
        "Mon_9": "Ȥ³ړä˴Ģ§ä§ÍÐ?$u",
        "Mon_clown": "˞Òæææ Ɂ¡àʔ´$h",
        "Mon_rude": "â̇Ç ι¹ġ¹ËÂÒº¤ÒÂ¹Ð ĉ¹áʴà˕¹Ɂ¡ĲÒæ á˅Ȥ³ŇÒàÅÂàŶ´ ä»ä¡ÅàÅÂ",
        "Mon4": "Ƥã¨à¶ÍÐ чȤ³àʛ¹ ªÒÇä˓ @ ä˴ŇÒ§Ò¹¹Í¡˺Ò¹ Ƥ¡˗Ò˵Í§ÍԒË˹Ò àµÒËÅÍÁч̃Í¹ µÅÍ´Է§ħ¹#$e#ĉ¹ˉÐàʛ¹ʺÒ§ƥàËʥ¡ àƮÂ§à¾ÃÒÐɦ¡ˎÍĚ§Ąº",
        "Tue": "˶ÒȤ³˵Í§¡ÒÃã̋ĉ¹ ĭ¾à¡Ã´ɍ»¡Ã΃¢Í§Ȥ³ Ȥ³˵Í§àÍÒá˓ чɦ¡ªŹ´ÁÒã̋ĉ¹#$e#áÅÐáˉ¹Í¹ Ȥ³˵Í§ʸÒÂʴÒáÃ§˴ÇÂ",
        "Wed": "à̎ Ȥ³ÍÂÒ¡ä˴ÍÐäÃ?",
        "Wed6": "â̍ Ê̇ÊƤ @ ¢Íâ·É˴ÇÂ ˶ÒĕÇĉ¹ÁÍÁáÁÁ ä»ËˉÍÂ ĉ¹ŇÒ§Ò¹ ÍԒË˹ÒàµÒԵ§á˅à˪Ò$h#$e#˗Òá˅ Ȥ³˵Í§¡ÒÃÍÐäÃäËÁ ËȓÍáʴÁÒàђÂÁ?",
        "Thu": "ȸÃš¨äˑʴÍÂƤ¹Ð ʺÇ§׉#$e#Ȥ³¤ÇÃ¨Ðĭ¾à¡Ã´ ɍ»¡Ã΃¢Í§Ȥ³ à¾ÃÒÐĉ¹ ıÒĥ§˵Í§¡ÒÃã˪àŧ¹",
        "Fri": "ÍÒ¡ÒÈġ¹äˑä˴ ŚÒĄ­ÍÐäÃ āºĉ¹ËÃÍ¡ à¾ÃÒÐ»¡ŵ ĉ¹ʁÍԒá˅ ã¹̃Ò¹Է§ƫ#$e#ğ§ɤˉÒË´ԛ Ɗ¹Ð?",
        "Sat": "ºÒ§¤Ճ§ ĉ¹ʁÊ§ĪÂ¹Ð ˗Òĉ¹ÁÒÅ§Ëĥ¡ě¡°Ò¹ ÍԒчàȑÍ§׉ ä˴Ģ§ä§$u",
        "Sat6": "˺Ò¨ƃ§ ĉ¹áʱàš¹¡˗Ò ¨ÐŇÒÍÐäÃчġ¹ ˉÒҥ¹à˵¹ á̅Ç˕Ð¹Ð ƚƇµĉ¹ʁŇÒá˅§Ò¹̃Í¹æ àƫÂ¡àËҗÍ Է§ƫι¹ÅÐ āº¾Ç¡àµÒËÅÍÁ ¾Ç¡׉ä§",
        "Sun": "äˑƱ§Ò¹ŇÒËȓÍ?",
        "Sun4": "à¤ҳÍ§ȑÍ¢Í§à¸Í Ģ§ã˪§Ò¹ä˴Ƥ ÍԒãʺäËÁ?",
        "event_advice1": "âÍà¤... ĉ¹¨ÐĸÒä̇",
        "event_advice2": "ι¹˕ÐǴÍě­ËÒ... ĉ¹ŇÒĕÇàËȑÍ¹»¡ŵ... á˅äˑà¤Â ¨ÐŚÒàʣ¨àÅÂ$s",
        "summer_Mon4": "Ƥã¨«Ðà¶ÍÐ чȤ³ä˴àʛ¹ à˨Ò¢Í§¿ÒΓÁˉÐ @ ¡ÒÃŇÒ§Ò¹¹Í¡˺Ò¹ Ƥ¡˗ÒÍԒāºàµÒ̃Í¹æ Է§ħ¹#$e#áÅÐĉ¹àʛ¹ ʺÒ§ƥàËʥ¡ ʁà¾ÃÒÐ˗Ò ˎÍĚ§Ąºĉ¹ àˇÒԹ¹áËÅÐ",
        "summer_Wed6": "̍ÒÇ, Ê̇ÊƤ @! â·ÉƧ¹Ðĉ¹Ӣ§ Ź´ËˉÍÂˉÐ ŇÒ§Ò¹ÍԒч àµÒà¼ÒԷ§à˪ÒàÅÂ$h#$e#˗Òá˅ Ȥ³˵Í§¡ÒÃÍÐäÃ ËȓÍà»˕Ò ËȓÍáʴ ÁÒàђÂÁĉ¹à©Âæ?",
        "summer_Thu": "ʺÇ§׉š¨¡ÒÃ äˑƤàÅÂ#$e#à¸ÍˉÒ¨ÐÁÒ ĭ¾à¡Ã´à¤ҳÍ§ȑÍ¹Ð à¾ÃÒÐĉ¹ ˵Í§ã˪àŧ¹ˉÐ"
    }
}
