{
    "header": {
        "target": "w",
        "formatVersion": 5,
        "hidef": true,
        "compressed": 128
    },
    "readers": [
        {
            "type": "Microsoft.Xna.Framework.Content.DictionaryReader`2[[System.String, mscorlib, Version=4.0.0.0, Culture=neutral, PublicKeyToken=b77a5c561934e089],[System.String, mscorlib, Version=4.0.0.0, Culture=neutral, PublicKeyToken=b77a5c561934e089]]",
            "version": 0
        },
        {
            "type": "Microsoft.Xna.Framework.Content.StringReader",
            "version": 0
        }
    ],
    "content": {
        "Introduction": "ÊħÊƤ¤ģº! ¼ÁŴƱà·ƳÂÊ¼Áàʛ¹ ę¡Ƈ·ÂÒÈÒÊµΓ˷Í§Ж¹ áÅÐàʛ¹ˎÍ¤¹Ëѹ§¤ģº ¢ÍºȤ³ŚÒËģº¡ÒÃ á¹ÐŉÒĕÇ!#$e#¼ÁıÒĥ§Ǩ¡ÉÒ ȎªáÅÐĪµΗã¹˷Í§Ж¹ ¨Ò¡̋Í§»ůĚŵ¡ÒÃ ÀÒÂã¹˺Ò¹¢Í§¼Á#$b#Ȥ³ä˴¾º 'ÁÒɃ' ɵ¡ÊÒÇ¢Í§¼ÁǣĢ§..? à¸ÍÍÂÒ¡¨Ð¾ºȤ³¹Ð",
        "Resort_Entering": "¼Áà¨ÍɫËÒÂÒ¡˴ÇÂ¤ģº чщġ¹àђÂÁ¨ƃ§æ$h",
        "Resort_Leaving": "¼Á¨Ð˵Í§Ƈà¤ÃÒÐΛˢÍɱÅщ àʛ¹àȄÍ¹áˉæ",
        "Resort_Shore": "*¡̳Íººº*... ކºΚ ι¹ġ¹ɫчã¡̅ɺ­Ğ¹ۨщ...$s#$b#...#$b#â̍ äˑàʛ¹äÃ ι¹ġ¹ʁáʴà»ȕÍ¡ˉÐ! Ǵ¹׉¼ÁĢ§Ëĥºä˴ÍԒ",
        "Resort_Chair": "Ȥ³Êȹ¡äËÁ¤ģº @? Ȥ³˵Í§ĸÒä̇˗Ò Ȥ³˵Í§Ğ¡˺Ò§¹Ð¤ģº!",
        "Resort_Bar": "»¡ŵ¼ÁäˑʴÍÂŇÒš¨¡ÃÃÁ ˓ÇÁāº¤¹ҽ¹ËÃÍ¡¹Ð¤ģº... á˅¼ÁʁäˑʴÍÂÁÒ à¡ÒÐà¢µ̃Í¹àËȑÍ¹ā¹щ ˞Òææ$h",
        "Resort": "чщġ¹àËȕÍàҚÍàÅÂ ġ¹àʕÁä»˴ÇÂ Ъ§ƱƚƇµчá»Å¡»ÃÐËÅÒ´!",
        "reject_869": "ġ¹àʛ¹ĕÇÍ˒Ò§чƤ¹Ð¤ģº á˅¸ÃÃÁ´Òä»ËˉÍÂ Ȥ³àʁºàÍÒä̇ä˴¹Ð¤ģº",
        "reject_865": "¼Åä́āºà¡ȕÍ? ʺÒ§àʛ¹¡ÒÃ¼ÊÁ¼ÊÒ¹ч á»Å¡»ÃÐËÅÒ´ÍÐäÃ¢¹Ò´׉...$s",
        "pamHouseUpgradeAnonymous": "âÃź¹äˑä˴ºÍ¡āº *¼Á* ˗Òã¤Ãàʛ¹¤¹ ʸÒÂàŧ¹ʴÒ˺Ò¹ Ëĥ§ãËˑ¢Í§á¾Á!#$e#àÅÂáÍºá¡̅§ ŇÒàʛ¹â¡Ã¸à¸Í ¼ÁƤã¨чà¸Í қÍĪµΒ˅ÍĴÒɮ´ ¢Í§à¸Í...$h",
        "Mon": "ºÒ§¤Ճ§ÁÒɃʁàˢÒÁÒʺÇÂ§Ò¹ ã¹̋Í§áʥº... à¸Íàʛ¹ɵ¡чƤàÅÂ˕Ð",
        "Mon_inlaw_Maru": "ġ¹àʛ¹àҳÍ§ÂÒ¡ ч¨ÐŇÒ§Ò¹Ƈ·ÂÒÈÒÊµΓ ã̋ŚÒàʣ¨ â´Â»ÃÒÈ¨Ò¡¤ÇÒÁʺÇÂàËȕÍ ¨Ò¡ÁÒɃ...#$b#á˅¤ÇÒÁɊ¢¢Í§à¸Í ǴÍЪ§ŚÒĄ­ÁÒ¡¡˗Ò¡ÒÃ ·´ÅÍ§¢Í§¼Á!",
        "Tue": "ɋºà¢Ò׉Ʊ ÃÐººŹàÇÈËÅÒ¡ËÅÒÂ áÅÐÊ´ãÊÁÒ¡ Թ¹àʛ¹àËȵ¼ÅǙ§ чŇÒã̋¼Á ÍÂÒ¡̂ÒÂÁÒÍԒчщ",
        "Wed": "Ȥ³¤§¨Ð»ɵ¡Ȏª чˉÒÊ¹ã¨ä̇àʕÁ¿ÒΓÁ àÅÂƊ¹Ð?#$e#ºÒ§ƧĪ¡ħ¹¼Á ¨ÐáÇÐä»ч¿ÒΓÁ ¹Ð¤ģº",
        "Thu": "§Ò¹ч¿ÒΓÁ àʛ¹ä§˺Ò§˕Ð? щġ¹Äɤ īÇĜ¡¡Ò´ äˑãʺàËÃÍ?#$e#¼ÁŤ´ÀÒ¾ÍÍ¡àÅÂ˗Ò ġ¹¨ÐÊ§ºɊ¢Ƥ¢¹Ò´äË¹ āº¡ÒÃä˴ŇÒ§Ò¹ ¹Í¡˺Ò¹āº˵¹ä́ Է§ħ¹áºº׉",
        "Fri": "âÃź¹àʛ¹¤¹ÍÒÃÁ΃̃Í¹ˉÐ Ǚ¡ǖ§á˅˴Ò¹Ƥ¢Í§à¸Í ä̇¨ÐƤ¡˗Ò¹Ð..#$e#Í˒Òä»ºÍ¡à¸Í ˕Ð˗Ò¼ÁáÍºŹ¹·Ò à¸ÍˉÐ ÎÐææ$h",
        "Sat": "äË¹ɤū... ˶ÒÊÒÃ»ÃÐ¡ÍººƃàÇ³ ˚Ç¹ÃÒ¡Ʊ»ƃÁÒ³ ¤ÒΓºÍ¹-13 àƮÂ§¾Í˕Ðʁ...$u#$b#â̍! ¢Íâ·ÉƧ ¼ÁıÒĥ§Ť´ àбÂÇāºˢÍɱÅчä˴ÁÒ ¨¹ȕÁĪ§à¡µä»˗Ò Ȥ³ÍԒµÃ§Թ¹ˉÐ#$e#˵Í§¡ÒÃÍÐäÃ ǣà»˕Ò¤ģº?",
        "Sun": "ġ¹àʛ¹àҳÍ§Ƥ¹Ð ч¨Ðä˴Ğ¡ˌÍ¹Ëĥ§¨Ò¡ àÊʣ¨§Ò¹àʛ¹ºÒ§¤Ճ§ ºÒ§¤ÃÒÇ#$e#¼Áà´Ò˗Ò ι¹¤§àʛ¹Ъ§чÂÒ¡ àұÍȤ³ÁÒÍԒÍÒĨÂ ч¿ÒΓÁãʺՁÂÅÐ#$e#à̎ á˅Í˒Ò§˹ÍÂчɊ´ Ȥ³ʁäˑ˵Í§ā§ÇÅàҳÍ§ àʁºàбÂÇ¼Å¼ƅµã¹ ÄɤË¹ÒÇ¹Ð",
        "Fri4": "âÃź¹àʛ¹¤¹ÍÒÃÁ΃̃Í¹ˉÐ Ǚ¡ǖ§á˅˴Ò¹Ƥ¢Í§à¸Í ä̇¨ÐƤ¡˗Ò¹Ð...#$e#...Ƨ׉ ˶Ò¼ÁÊÒÁÒÃ¶ħ´ ÃÐĔºà©¾ÒÐÍÒÃÁ΃¢Í§à¸Í ä˴˕Ðʁ ºÒ§Ƨ¼ÁÍÒ¨ỄÒ§ áººĸÒÅÍ§ ¤ÇÒÁĜ¹¼Ç¹ µÃ§׉ä˴˴ÇÂ ğ§ͱĊ¹ä«Ή...$u",
        "Wed6": "˗Òä§ @! ÊºÒÂƤäËÁħ¹׉?#$e#¼ÁËħ§˗Ò ¼Á¨ÐÊÒÁÒÃ¶ʺÇÂã̋Ȥ³ ŇÒ§Ò¹ã¹¿ÒΓÁä˴ʷÒÂע¹ äˑ˗Ò¨Ðàʛ¹Ƈƨã´ ʁµÒÁ",
        "Event_tomato1": "¨ƃ§ËÃÍ? Ԫ¹Ť´˗ÒªÒÇä˓ ¨ÐړĴÒµÍº àҳÍ§׉«Ðƽ¡...$s",
        "Event_tomato2": "àʫ¹äËÁ˕Ð? @ àҚÍ¼ÁËȓÍĢ§",
        "Event_Lab_Silence": "àÍÒ˕Ð àÃÒ¤ÇÃ¨ÐµÇ§ ÊÒÃÅÐÅÒÂĕÇ׉ ʱÍ¹чġ¹¨Ðµ¡¼ǥ¡ ˅ÍË˹Ò˅ÍµÒ ä»«ÐʱÍ¹",
        "Event_Lab_Rat": "*¶Í¹ËÒÂã¨*... %fork$4",
        "summer_Mon": "#$e#%ŴƱà·ƳÂÊńÒД§ÍԒã¹ ̋Ç§¤ÇÒÁŤ´#$e#¢Íâ·ÉƧ ¼ÁӢ§ÁÒ¡¨ƃ§æ#$e#ƱȎªã̋˵Í§àƳÂ¹ړ ƽ¡àÂÍÐàÅÂ",
        "summer_Tue": "Ȥ³˵Í§˵Í§ρ¹ã¨˗Ò Ȥ³Ã´թÒ˵¹ä́ ȷ¡ħ¹¹Ð#$e#á˅˗Ò˶ÒȤ³ã˪ à¤ҳÍ§Ã´թÒ Ȥ³ʁäˑĸÒàʛ¹ ˵Í§Ã´թÒˊÍÂæ ËÃÍ¡#$e#ġ¹ÊÐ´Ç¡ ÁÒ¡àÅÂ˕Ð",
        "summer_Thu": "ȸÃš¨¿ÒΓÁàʛ¹ Í˒Ò§äÃ˺Ò§˕Ð? µÍ¹׉ġ¹àʛ¹ Ë˹ÒÁÐàǲÍà·È ãʺäËÁ??#$e#¼ÁŨ¹µ¹Ò¡ÒÃ ä˴àÅÂ˗Ò ġ¹¨Ð˵Í§àʛ¹ÍÐäÃ чàƗÂºÊ§º āº¡ÒÃŇÒ§Ò¹ ¹Í¡˺Ò¹ āº¡ÒÃ»ɵ¡ȎªĜ¡ ¼Åä́Է§ħ¹",
        "summer_Fri": "$p 40#ÍÐá˞Á ¼ÁړÁÒ˗ÒÁÒɃã̋Ȥ³ã˪ ¡̅Í§â·Ã·ÃÃÈΉ чËĥ§˺Ò¹Ɗ¹Ð|˶ÒȤ³āºÁÒɃàʛ¹ àҮÍ¹ā¹˕Ðʁ ¼ÁʴÍ¹ˢÒ§ρ¹ã¨àÅÂ˕Ð ˗Òà¸Í¨ÐÊÍ¹ Ƈƨ¡ÒÃã˪§Ò¹ġ¹ ã̋āºȤ³#$e#ˉÒҥ¹à˵¹ ãʺՁÂ˕Ð?",
        "summer_Fri_inlaw_Maru": "¼ÁËħ§˗Ò ¼Á¨Ð¤ÍÂ¼ĥ¡Ĕ¹ ɵ¡ÊÒÇ¢Í§¼Áä»º¹ à̊¹·Ò§¤ųµÈÒÊµΓáÅÐ Ƈ·ÂÒÈÒÊµΓ¢Í§à¸Í!",
        "summer_Sat": "țÁÁÁÁÁÁ ˶ÒÃÐĔº¢Í§ Ê·ƃâ¡áÅ¤â·¹ (strigolactone) àОÁע¹ ġ¹ʁˉÒ¨ÐƱ¼Å ˅Í¡ÒÃà¨ƃ­àŵºâµ ¢Í§ äÁ¤ÍΓäÃ«ÍÅ (Mycorhizal) ǣà»˕Ò˹Ò?$u#$b#à̍Í â·ÉƧ ¾ÍƤ˗Ò¼ÁıÒĥ§ Ƈà¤ÃÒÐΛˢÍɱÅÍԒˉÐ àÅÂäˑä˴Ī§à¡µ˗Ò Ȥ³ÍԒµÃ§׉#$e#Ȥ³˵Í§¡ÒÃ ÍÐäÃËȓÍà»˕Ò ¤ģº?",
        "summer_Mon6": "¼ÁÁÒàʛ¹ę¡Ƈ·ÂÒÈÒÊµΓ ʁà¾ÃÒÐ˵Í§¡ÒÃ ŉÒ¤ÇÒÁˡÒÇË˹Ò ÁÒԚàˌÒĞ¹ۨÁȹÉΒ ¢Í§àÃÒ#$e#ѫ§ġ¹¨Ðàʛ¹ä» äˑä˴àÅÂ˶ÒäˑƱà¡ÉµÃ¡Ã áººȤ³$h",
        "fall_Mon": "Äɤ׉¼Áà»ѕÂ¹ä» Ǩ¡ÉÒàҳÍ§àʫ´Ƥ˗Ò",
        "fall_Tue": "˵Í§¢ÍºȤ³ Ƈ·ÂÒÈÒÊµΓ¹Ð¤ģº чŇÒã̋àÃÒړĈ¡ ¸ÃÃÁªÒŵÁÒ¡ע¹#$e#á˅ġ¹ʁĢ§Ʊ ƽ¡ËÅÒÂЪ§ę¡ чàÃÒĢ§˵Í§Ǩ¡ÉÒġ¹",
        "fall_Thu": "§Ò¹чä˓ àʛ¹ä§˺Ò§¤ģº? ʺÇ§׉Äɤ»ɵ¡ˢÒÇâ¾´ ãʺ́Ò?#$e#¼ÁщǙ¡ÀÒ¾ ÍÍ¡àÅÂ¹Ð¤ģº ¤ÇÒÁŪÅÊºÒÂ ã¹á˅ÅÐħ¹āº¡ÒÃ ŇÒ§Ò¹ˇÒÁ¡ÅÒ§ áÊ§á´´˨Ò āºàË˕ÒȎª¼ÅԷ§ħ¹ áººԹ¹",
        "fall_Fri": "ÁÒɃˉÐ¤ģº ʁġ¡¨Ðã˪àÇÅÒ ˚Ç¹ãËʽÍԒāº ɍ»¡Ã΃¢Í§à¸Í ι¹˕Ð#$e#¼ÁړǪ¡Ƥã¨¹Ð чà¸ÍӗÁà· ã̋ġ¹ÁÒ¡ ¢¹Ò´Թ¹",
        "fall_Fri_inlaw_Maru": "¼ÁĢ§¤§µ¡µÐǥ§ àбÂÇāºӫ¹Â¹΅ чàʛ¹¤ÇÒÁĥº¢Í§ÁÒɃ... ËȓÍġ¹áʴ¤ÇÒÁĝ¹?",
        "fall_Sat": "äË¹ɤū... ºÒ§Ƨ¡ÒÃıÒË¹´ ÃÐĔºä¹âµÃà¨¹ ÍÒ¨¨Ð˚§¼ÅÁÒ¨Ò¡ ÊÒÃĥººÒ§Í˒Ò§ ¢Í§¾ÂÒŸĕÇ׉...$u#$b#â̍ â·ÉƧ ¼ÁıÒĥ§ŇÒ¡ÒÃ Ƈà¤ÃÒÐΛˢÍɱÅÍԒ àÅÂäˑä˴àʫ¹˗Ò Ȥ³ÍԒщ#$e#˗Òá˅ ƱÍÐäÃã̋ʺÇÂäËÁ?",
        "fall_Wed6": "˗Òä§ @ ¼Á˕ÐƤã¨¨ƃ§æ àÇÅÒчȤ³ ÁÒËÒàщÂ#$e#ġ¹ړǪ¡Ƥ¹Ð àÇÅÒчƱàҮÍ¹ ÁÒËÒàÃÒËĥ§¨Ò¡ ŇÒ§Ò¹ÍԒã¹ áʥº¤¹àƤÂÇ áººà׉Â",
        "winter_Mon": "µÍ¹׉¼ÁıÒĥ§ Ğ¡¨Ò¡§Ò¹ƇĈÂÍԒ",
        "winter_Tue": "ȤÂāº ÀÃÃÂÒ¢Í§¼Á ä˴àÅÂ¹Ð ˶ÒȤ³˵Í§¡ÒÃ ч¨Ð¢ÂÒÂ¢¹Ò´ ¢Í§˺Ò¹",
        "winter_Wed": "Ȥ³Ʊ̋Í§¤ģÇ ã¹˺Ò¹¢Í§Ȥ³ ǣĢ§?#$e#¡ÒÃŇÒ¤ģÇ ʁ¤̅ÒÂāº¡ÒÃ·´ÅÍ§ ã¹̋Í§áʥº ι¹áËÅÐ",
        "winter_Thu": "Ȥ³ƱĪµΗã¹¿ÒΓÁ ¢Í§Ȥ³ՁÂ?",
        "winter_Fri": "ÊħÊƤ#$e#%ŴƱà·ƳÂÊ ¨Ð¨ÁÍԒã¹ ̋Ç§¤ÇÒÁŤ´ ¢Í§ĕÇàÍ§",
        "winter_Sat": "äË¹ɤū... ÃÐĔº ä¹âµÃà¨¹µÒÁÄɤ¡ÒÅ ÍÒ¨ĸÒÅÍ§ä˴â´Â ğ§ͱĊ¹ä«Ή...$u#$b#â̍ ¢Íâ·ÉƧ ¼ÁƇà¤ÃÒÐΛ ˢÍɱÅÍԒàұÍֱ á̅Ç¼Áäˑä˴ Ī§à¡µ˗Ò Ȥ³ÍԒµÃ§׉˴Ç#$e#Ȥ³˵Í§¡ÒÃ ÍÐäÃՁÂ?",
        "winter_Sun": "àʁºàбÂÇä́ áÅÐƋ¹á¶Ç׉ ä˴µÒÁÊºÒÂ àÅÂ¹Ð",
        "winter_Fri4": "¢ÍºȤ³ чáÇÐÁÒ¹Ð ¼Á˵Í§Ť´ àбÂÇāººÒ§Ъ§ чäˑãʺȎªµÃÐɑÅζÇ Ī¡Ğ¡Ëѹ§#$e#àʣÇæ ׉Ȥ³ŇÒÍÐäÃ ÁÒ˺Ò§˕Ð?#$e#ğ§ɤ ˉÒÊ¹ã¨щ"
    }
}
