{
    "header": {
        "target": "w",
        "formatVersion": 5,
        "hidef": true,
        "compressed": 128
    },
    "readers": [
        {
            "type": "Microsoft.Xna.Framework.Content.DictionaryReader`2[[System.String, mscorlib, Version=4.0.0.0, Culture=neutral, PublicKeyToken=b77a5c561934e089],[System.String, mscorlib, Version=4.0.0.0, Culture=neutral, PublicKeyToken=b77a5c561934e089]]",
            "version": 0
        },
        {
            "type": "Microsoft.Xna.Framework.Content.StringReader",
            "version": 0
        }
    ],
    "content": {
        "Introduction": "à̎ ŇÒàËȑÍ§ä˴ƤËŹ ŚÒËģºÁȹÉΒ˕ÐˉÐ",
        "Mon": "ˢÒä˴¢Í§Է§ËÁ´щ ÁÒ¨Ò¡خ¹żÇâÅ¡ ˢÒáʴä»àÍÒÁÒ¨Ò¡ ¤¹¾Ç¡Թ¹ ã¹µÍ¹¡ÅÒ§Ǵ¹#$e#țÁÁ? чà˨ÒàƳÂ¡ ËÁÒÂǖ§ÍÐäÃ \"·ģ¾ΒƊ¹˚Ç¹ĕÇ\"?",
        "Tue": "˝ÒΛ... ÊɥΗá¤ÃÍ·զÒ á¤ÃÍ·զÒ˒Ò§ ȫ»á¤ÃÍ·զÒáÅÐ á¤ÃÍ·զÒɽ¡ÃÒáµ§#$e#...áÅÐ¢¹Áºɳà˕ á¤ÃÍ·զÒ¨Ò¹àʥ¡ ŇÒã̋ϔÒǴ¹׉ËÍÁËÇÒ¹#$e#ÍÐäÃǣ?",
        "Wed": "à̎ ÍÂÒ¡¨Ð؛ÍÍÐäÃՁÂ?",
        "Wed_6": "àұÍ¹Ò¹ÁÒá̅Ç ڌ¤¹¢Í§ˢÒ ˅Ò§˕Ç§ړǖ§ ¤ÇÒÁĥº¢Í§à·¤â¹âÅƲ ĭ¹յÒË˹Ò Ëĥ¡°Ò¹·Ò§ âºÃÒ³¤ƤȒ¹Ģ¹ä˴#$e#á˅ˢÒäˑړ˗Òġ¹ ÁÒ¨Ò¡äË¹? áÅÐġ¹ä»äË¹ ËÁ´á̅Ç? ˢÒ˗ÒºÒ§ĴÒ¶ÒÁ ʁ¤§¨ÐäˑƱĴÒµÍº àʛ¹áˉ...",
        "Thu_4": "ˢÒړǪ¡ÊºÒÂע¹ àұÍÍԒã˵Ŵ¹#$e#Т§ǥ¡àˇÒäÃ ʁТ§Ƥע¹¹Ð",
        "Fri": "à˨Òäˑà¤Âàʫ¹ ¤¹á¤ÃÐ ÁÒʱÍ¹ãʺՁÂ?",
        "Sat_8": "àËȑÍ§ÍÒ¨¨Ðàʛ¹ ччỄÒ§¤ÇÒÁŕÒºÒ¡ ã̋à˨Òä˴ ÃÐħ§ĕÇ˴ÇÂ àҮÍ¹!",
        "Sat": "ã¹àËȑÍ§ ġ¹ĭ¹µÃÒÂ ŇÒäÁäˑ؛Í¢Í§ ºÒ§Í˒Ò§ ¨Ò¡̃Ò¹ˢÒ àҮÍ¤ÇÒÁ»ÅÍ´ĠÂ ¢Í§à˨Ò˕Ð?",
        "Sun": "Ī¡ħ¹Ëѹ§ à˨Ò˵Í§ºÍ¡ˢÒ àбÂÇāºà¤ҳÍ§ҤÁ чà˨ÒàƳÂ¡˗Ò \"¹Á (milk)\"",
        "Thu": "à˨ÒäˑãʺÊÒÂĥº чɦ¡˚§ÁÒ¨Ò¡ ÁȹÉΒà§ÒãʺՁÂ?#$e#ˢÒ¨Ð¤ÍÂĈºµÒ ÁÍ§à˨Òä̇",
        "Fri_2": "¤¹˚Ç¹ãËʽ ¡ĥÇЪ§чäˑړ... ι¹àʛ¹àËȵ¼ÅчˢÒ ʻÍ¹̃Ò¹¢Í§ˢÒ ä̇чщ#$e#ė¡ÉÐ¡ÒÃ Ȣ´àËȑÍ§¢Í§à˨Ò žɺ¨Ή˗Ò à˨ÒԹ¹ˉÒàҚÍȆÍ"
    }
}
