{
    "header": {
        "target": "w",
        "formatVersion": 5,
        "hidef": true,
        "compressed": 128
    },
    "readers": [
        {
            "type": "Microsoft.Xna.Framework.Content.DictionaryReader`2[[System.String, mscorlib, Version=4.0.0.0, Culture=neutral, PublicKeyToken=b77a5c561934e089],[System.String, mscorlib, Version=4.0.0.0, Culture=neutral, PublicKeyToken=b77a5c561934e089]]",
            "version": 0
        },
        {
            "type": "Microsoft.Xna.Framework.Content.StringReader",
            "version": 0
        }
    ],
    "content": {
        "Introduction": "̎Ò à˨Ò¢Í§ä˓¤¹ãËˑ чȷ¡¤¹ɮ´ǖ§!#$b#¼Á àÍÅàƵÂµ... ¼ÁĞ¡ÍԒã¹¡ÃÐˇÍÁàʥ¡æ µÃ§ªÒÂËÒ´ Ƃ¹Ƥчä˴ړĈ¡¹Ð",
        "Resort_Entering": "»ÃÐÊº¡ÒÃ΃»ÃÐėºã¨äˑړȕÁ!",
        "Resort_Leaving": "ä̇à¨ÍãËˑчɋºà¢Ò¹Ð¤ģº",
        "Resort_Leaving_2": "Ëħ§˗Ò¾Ç¡ɫ¨ÐäˑáÍºàˢÒÁÒ ã¹¡ÃÐà͛Ò¢Í§¼Áƽ¡¹Ð$s#$b#ÅÍ§Ǚ¡ÀÒ¾ µÍ¹ä˅ÍÍ¡¨Ò¡¡ÃÐà͛Ò á̅Ç¾º˗ÒĕÇàÍ§ÍԒº¹ªÒÂËÒ´ ч˛Ò§¨Ò¡˺Ò¹ àʛ¹̃ÍÂäÁΕɤƊ!$h#$e#ȝÁÁÁÁ... ºÒ§ƧÍÒ¨¨ÐàÍÒä»àƒÂ¹ àʛ¹ŹÂÒÂчˉÒÊ¹ã¨ä˴¹Ð...",
        "Resort_Chair": "¼ÁıÒĥ§Ğ¡àºÃ¤ˉÐ ¨Ðä˴·ÒթÒġ¹ÁÐ¾̃ÒÇ Å§º¹ĕÇċ¡ËˉÍÂ$h",
        "Resort_Bar": "āÊ ¼Á¨ÐàוÂ§ȷ¡¤¹àÍ§!#$b#*ބ¡*... â̍... ¼ÁäˑƱ§.àŧ¹щ¹Ò$s#$b#àÎÐæ... ʺÒ§»ÐäÃ!",
        "Resort_Wander": "¼Áä˴Ƃ¹ʲÒÇȕÍ˗Ò µÍ¹¡ÅÒ§Ǵ¹Ʊâ¨ÃÊĥ´ ÁÒчˇÒàȓÍá¶Ç׉ ä˴Ƃ¹ÁÒ˗Ò ˋÒàҦÍ¹¾ÍĕÇàÅÂ˕Ð!",
        "Resort": "¼Á˵Í§ÂÍÁģº ªÒÂËÒ´׉Ğ´àÍÒ ¤ÇÒÁ˝Í¹˹ÍÁˆÍÁµ¹ ¢Í§¼ÁËÒÂä»āºթÒàÅÂ˕Ð",
        "Resort_2": "â̍ á˒˕Ð! ÊÒË˓ÒÂġ¹Ğ¹¼Á¢Í§¼Á#$e#ě­ËÒ¢Í§ ¡ÒÃĞ¡ˌÍ¹ƃÁËÒ´˝Ðà¹ÍÐ",
        "danceRejection": "â·ÉƧ¹Ð... äˑãʺħ¹׉$s",
        "divorced": "...$s#$e#ŇÒäÁȤ³ǖ§ä˴ ·ÃÁÒ¹¼ÁÍ˒Ò§ַ? Ȥ³äˑàʫ¹¨Ð˵Í§ ÁÒŇÒÅÒÂ¤ÇÒÁàҚÍã¨ áÅÐ¤ÇÒÁĝ¹Է§ËÁ´ ¢Í§¼ÁàÅÂ?$s",
        "dumped_Guys": "ä»ã̋˾¹ ¼ÁäˑÍÒ¨·¹ ÁÍ§Ȥ³ä˴ƽ¡á̅Ç$s",
        "secondChance_Guys": "Ȥ³ŇÒã̋¼Áàʈº»Ç´ àš¹¡˗Òч¨Ðħ´ä˴... á˅¼ÁƂ¹Ƥ ч¨Ð֗§ÍƤµ ä̇ˢÒ§Ëĥ§àÃÒ$s",
        "breakUp": "ÍÒ... ʺÍ´Í¡ä́á̋§ ÊÒÂµÒч¼ÁËħ§˗Ò ¨ÐäˑƱħ¹ä˴àʫ¹...$s#$b#¼ÁËħ§˗Ò¨ÐƱÍÐäÃÍ˒Ò§ҽ¹ ã̋¼ÁÁÍ§ËÒ¹Ð...$s",
        "Mon": "ĕÇ¼ÁĢ§ãËˑ āºàȑÍ§׉ÁÒ¡¤ģº á˅ʁړǪ¡àËȑÍ¹ä˴ ÍԒ˺Ò¹¨ƃ§æ àÅÂ$h#$e#¼ÁàО§¨Ð̂ÒÂÁÒчщ ʱÍ¹Ȥ³áʴƫàƤÂÇàˇÒԹ¹àÍ§",
        "Mon4": "¼ÁËħ§˗Ò Ȥ³¨ÐړǪ¡˗ÒчщǴÍ '˺Ò¹' ¹Ð",
        "Tue": "¤ÇÒÁŤ´Ƥæ ġ¡¨ÐÁÒã¹àÇÅÒчȤ³ äˑä˴¤Ò´Ť´àÊÁÍ¤ģº... á˅˶Òã¨Ȥ³Ģ§̇Òӧ¹ Ȥ³ʁ¨Ð¾ÅÒ´ġ¹ä˴#$e#àÍÒ˕Ð ¼Á˵Í§¡ĥºä»ŇÒ§Ò¹¨ƃ§æ á̅Ç˕Ð",
        "Tue6": "àƺÂ§»Ò¡¡Ò ч¨Ã´Å§º¹¡ÃÐ´ÒÉ àʛ¹àËȑÍ¹āºàƺÂ§´¹µƳ ¨Ò¡ŨµƇ­­Ò³¢Í§¼Á$u#$e#ч¼ÁàȕÍ¡ÍÒĨÂÍԒƃÁËÒ´ ʁàҮÍ¨Ðä˴ÍԒ Í˒Ò§àƗÂºÊ§º ã¹¡ÒÃŇÒ§Ò¹ˉÐ¤ģº",
        "Wed": "ˋÒàʛ¹Ê¶Ò¹ч чˉÒĭÈ¨ÃÃΒã¨ÁÒ¡ Ȥ³ä˴ä»ÁÒǣĢ§¤ģº?",
        "Wed8": "¢Íâ·É¹Ð ħ¹׉¼ÁÍÒÃÁ΃äˑʴÍÂƤàÅÂ$s#$e#¼ÁËħ§˗ÒÍ¹Ò¤µ¢Í§¼Á ¨Ðáˉ¹Í¹¡˗Ò׉$s#$e#¼ÁäˑÍÂÒ¡¨ÐáʱÅ§àʛ¹ÄÒƹ ڌâ´´àфÂÇ º¹ªÒÂËÒ´щËÃÍ¡¹Ð...$s",
        "Thu2": "¼ÁäˑÊÒÁÒÃ¶ËÒ áÃ§Ě¹´ÒÅã¨ ч¨ÐàУÁàƒÂ¹ŹÂÒÂä˴àÅÂ...$s",
        "Thu4": "¼ÁړǪ¡˗Ò¼ÁàУÁƱ¤ÇÒÁËħ§ ºÒ§ƧÍÒ¨àʛ¹à¾ÃÒÐ ÍÒ¡ÒÈà»ѕÂ¹á»Å§",
        "Thu6": "ºÒ§¤Ճ§ ¼Áʁà˾ÍǙ¡ÊÀÒ¾ĕÇàÍ§ µÍ¹чäˑƱė¡ÉÐžàÈÉ ÍÐäÃàÅÂ...$s#$e#äˑ äˑ ¼Áäˑä˴µ¡»ÅÒ àƮÂ§àҮÍĴÒªÁËÃÍ¡¹Ð ǖ§á́˗Ò¾Ç¡à¢Ò ʁĢ§¤§Қ¹ªÁ¼ÁÍԒʁµÒÁ",
        "Thu8": "#$1 elliottApol#ġ¹ړǪ¡àƤÂÇ´ÒÂ º¹ªÒÂËÒ´á˛§׉... ¼Á¢Íâ·É ˶Ò¼Áà¤Â˕Ç§àš¹Ȥ³ µÍ¹à¨Íā¹¤Ճ§áÃ¡ ¼ÁáʴÍÂÒ¡ƱàҮÍ¹$k#$e#ġ¹ړǪ¡Ƥ¹Ð чƱàҮÍ¹ÊŹ·áººȤ³",
        "Thu": "ÊħÊƤ @#$e#ÊºÒÂƤǣà»˕Ò?",
        "Fri": "ÍÒ¡ÒÈºƃɊ·ڸ¢Í§ɋºà¢Ò àʛ¹Ъ§чƤŚÒËģº˓Ò§¡ÒÂ áÅÐŨµã¨#$e#àŴ¹àʣÇæ àʛ¹¡ÒÃàŵÁ¾ĥ§ ¢Í§¼ÁàÅÂ¹Ð",
        "Fri4": "̽Ð... Í˒ÒàÍÒ¤ºà¾ƅ§àˢÒÁÒ ã¡̅¼Á¢Í§¼ÁƊ¤ģº",
        "Fri8": "¼Á¢ÍÊÒÃÀÒ¾... ¼Áã˪àÇÅÒËÅÒÂΪÇâÁ§ ȷ¡à˪Ò ã¹¡ÒÃŇÒ¼Áã̋ɤƤ",
        "Sat": "Ȥ³ÍÒ¨¨ÐäˑªÍº ˢÒ§ã¹¡ÃÐˇÍÁ¢Í§¼Á ġ¹ȑ´áÅÐàʕÁä»˴ÇÂ áÁ§ɁÁ",
        "Sat4": "¼Á¢Íâ·É˴ÇÂāºÊÀÒ¾ ã¹¡ÃÐˇÍÁ¢Í§¼Á",
        "Sat6": "ºÒ§¤¹ʁֲÍÒÂ â´Âà©¾ÒÐàÇÅÒч à¢Ò˵Í§áÊ´§¤ÇÒÁړǪ¡ ˗ÒıÒĥ§Ê¹ã¨áÅÐ ړǪ¡ÊºÒÂã¨ àұÍÍԒã¡̅Ȥ³#$e#ȷ¡¤¹ÍÂÒ¡ƧàҮÍ¹ á́á˅ʺÒ§àËʥ¡ֲâÁâËι¹ ʁàËȑÍ¹ā¹",
        "Sun": "ÊħÊƤ ¼ÁËħ§˗Ò ¡ÒÃŇÒ¿ÒΓÁ¢Í§Ȥ³ ¨ÐŚÒàʣ¨ÃÒºҳ¹ Í˒Ò§чȤ³Ëħ§¹Ð",
        "Sun6": "â̍ @! ¼ÁËħ§˗Ò Ȥ³¨ÐáÊ´§ã̋àʫ¹ä˴¹Ð#$e#Ƥã¨чä˴à¨ÍȤ³$h",
        "event_idea1": "ǥ¡ĥº ÎÐ? ġ¹àʛ¹àҳÍ§чˉÒҥ¹à˵¹ ¼Á¨ÐĸÒä̇",
        "event_idea2": "̽Ð Ī¡Í˒Ò§ã¹»ÃÐàÀ·¤ÅÒÊƊ¡ ¼Á¨ÐĸÒä̇¹Ð",
        "event_idea3": "¼Áäˑà¤ÂŤ´ÁÒʱÍ¹àÅÂ¤ģº! ¼Á˗Ò á́á˅¾Ç¡чǢ´ŵ´āºâÅ¡ ºÒ§¤Ճ§ʁ˵Í§Ť´ǖ§´Ç§´ÒÇ ˺Ò§àËȑÍ¹ā¹$h#$b#¼Á¨ÐĸÒġ¹ä̇¤ģº",
        "event_boat1": "... ¼Áā§ÇÅ Ȥ³ÍÒ¨äˑړǪ¡áºº׉ āºڌªÒÂ¤¹ҽ¹$l^Ĕ§Թ¹¼Á$l",
        "event_boat2": "â̍! ¼Á¢Íâ·É$8%fork",
        "event_toast1": "ʁ...âÍà¤#$b#á˄ @!",
        "event_toast2": "àʛ¹¤ÇÒÁŤ´чƤ!$h#$b#á˄¾Ç¡àÃÒ!",
        "event_toast3": "ȝÁÁÁÁÁ...ȕÁġ¹ä»à¶ÍÐ¹Ð",
        "event_toast4": "ÍÒ Ԛ¤ÇÒÁÊÒġ¤Ɣ¢Í§ȪÁª¹... ÍÐäÃǴÍ¤ÇÒÁŤ´чɦ¡˵Í§#$b#á˄àȑÍ§à¾ƅá¡¹!",
        "summer_Mon": "áÊ§ÍÒŷµΒĭ¹˝Í¹âÂ¹ »Ʌ¡¼Áã¹µÍ¹à˪Ò äˑà¤ÂړǪ¡Ê´Қ¹¢¹Ò´׉ ÁÒʱÍ¹àÅÂ$u#$e#¢Íâ·ÉƧ ˶Òġ¹äˑˉÒÊ¹ã¨ ŚÒËģºȤ³",
        "summer_Mon4": "¼Áړ ¼ÁàËȑÍ¹ '¤¹»ÃÐËÅÒ´'#$e#Ëħ§˗Ò Ȥ³¨Ðäˑģ§àƑÂ¨¹Ð¤ģº$h",
        "summer_Mon6": "@ ¼Áړ˗ÒȤ³ àҚÍρ¹¤ÇÒÁÊÒÁÒÃ¶ ã¹¡ÒÃàʛ¹ę¡àƒÂ¹¢Í§¼Á ġ¹Ʊ¤ÇÒÁËÁÒÂ ŚÒËģº¼ÁÁÒ¡¹Ð$h",
        "summer_Tue": "¼Áà¨Íà»ȕÍ¡ËÍÂÊÇÂæ чË˹Ò˺Ò¹#$e#¼Áà´Òä˴˗Òġ¹˵Í§àʛ¹ ÊÒÂĞ¹ۨчԷ§ËÒÂÒ¡áÅÐ ɱÅʴÒɺ§ÁÒ¡áˉæ",
        "summer_Tue6": "¼ÁàƒÂ¹à¾ÃÒÐËħ§ ¨Ðä˴àҚÍÁâÂ§ ڌ¤¹ˌÒ¹¡ÒÅàÇÅÒ¤ģº$u#$e#*¶Í¹ËÒÂã¨*... àұÍàÇÅÒˌÒ¹ä» ʁ¤§¨ÐäˑƱã¤Ã ˝Ò¹ƽ¡˅Íä»á̅Ç˕Ð ¼Á˗Ò",
        "summer_Wed": "ġ¹˵Í§àʛ¹àҳÍ§ˉÒɰƁã¨ ÁÒ¡àÅÂ¹Ð¤ģº ã¹¡ÒÃàʫ¹àÁʥ´Ğ¹ΈчË˗Ò¹ ʴÍÂæ àŵºâµàʛ¹Ȏª¼Å ã̋àʁºàбÂÇ#$e#Т§˶ÒȤ³ã˚¤ÇÒÁԵ§ã¨Å§ä» ã¹¼Åä́¾Ç¡Թ¹˴ÇÂ$u",
        "summer_Thu": "âÍ ã̋µÒÂà¶ÍÐ! ·ÃÒÂàˢÒÃÍ§à˷Ò¼ÁàʕÁàÅÂ$s#$e#щáËÅÐě­ËÒ¢Í§¡ÒÃ ã˪ƚƇµƃÁËÒ´",
        "summer_Fri": "@? Ȥ³ɤǡ¹æ¹Ð#$b#¼ÁŤ´˗ÒˉÒ¨Ðàʛ¹à¾ÃÒÐ ÍÒ¡ÒÈ̃Í¹чŇÒã̋Ȥ³àƷÂ¹īÇ",
        "summer_Sat": "ħ¹׉á´´áÃ§¨ƃ§æ àÅÂ... ¼Áà¡Ã§˗ÒżÇ¢Í§¼Á ÍÍ¡¨ÐºÍººÒ§àš¹ä»ˉÐ¤ģº",
        "summer_Sun": "Ȥ³àŴ¹ÁÒԵ§ä¡Å àҮÍч¨ÐÁÒȤÂāº¼Á ¼ÁƤã¨¹Ð$h",
        "summer_Sun4": "ÁÒËÒ¼Áч¡ÃÐˇÍÁ ä˴ȷ¡àÇÅÒàÅÂ¹Ð¤ģº àҬÍ¼Á¨ÐƱÍÐäÃ ã̋Ȥ³ʺÇÂ˺Ò§$h",
        "fall_Mon": "ÊħÊƤ¤ģº @#$e#Í˒ÒȕÁĞ¡ˌÍ¹˺Ò§¹Ð¤ģº Է§µÍ¹׉á̅Çʁ Ëĥ§¨Ò¡׉˴ÇÂ",
        "fall_Mon4": "ÍÂÒ¡Ğ¡¨Ò¡§Ò¹Ëę¡ ʁÁÒËÒ¼Áä˴¹Ð¤ģº$h#$e#¼ÁÍԒ˺Ò¹àÊÁÍáËÅÐ",
        "fall_Tue": "ƱàҳÍ§à˕Ò¢Ò¹ā¹˗Ò àȓÍ¢Í§â¨ÃÊĥ´ч ºÃÃȷ¡·Í§ч»̅¹ÁÒ¨¹àʕÁŕÒ Թ¹¨ÁД§ÍԒчá˛§׉ ÁÒ¹Ò¹ ËÅÒÂÈµÇÃÃÉá̅Ç",
        "fall_Tue8": "@ ¼ÁıÒĥ§Ť´ǖ§Ȥ³ÍԒàÅÂ$l#$e#ºÒ§ƧȤ³ÍÒ¨¨ÐړǪ¡ʁä˴¹Ð$h#$e#à¾ÃÒÐԧ¹! ħ¹׉Ȥ³àʛ¹ä§˺Ò§? à˕ÒÁÒ!",
        "fall_Wed8": "¼Áäˑģ§àƑÂ¨ ч¨Ð˵Í§ŇÒä˓ËÃÍ¡¹Ð¤ģº#$e#ºÃÃÂÒ¡ÒÈáÊ¹Ê§º¢Í§¿ÒΓÁ ¨Ð˵Í§ỄÒ§áÃ§Ě¹´ÒÅã¨ ä˴Ƥáˉæ Ť´áººԹ¹ՁÂ¤ģº?$h",
        "fall_Thu": "âͭæ à˨Òɫ˹ÍÂ ¨ÐÁÒỄÒ§˺Ò¹ã¹ ¡ÃÐà͛ÒàغÍ ¢Í§¼ÁàËÃÍàщÂ$l#$e#щ˕Ð˹Ò ě­ËÒ¢Í§¤¹чÍÒĨÂÍԒч ªÒÂËÒ´áºº¼Á˕Ð",
        "fall_Fri4": "¢Ò¢Í§¼Áġ¹Ǖ§ ¨Ò¡¡ÒÃι§àƒÂ¹Ëę§ȚÍ ÁÒԷ§Ǵ¹àÅÂˉÐ¤ģº$s#$e#ºÒ§¤Ճ§ ¼ÁʁáÍºƍ¨©ÒȤ³¹ÐàщÂ @",
        "fall_Fri": "¢Ò¢Í§¼Áġ¹Ǖ§æ ¨Ò¡чι§àƒÂ¹Ëę§ȚÍ Է§à˪ÒàÅÂàщÂ$s",
        "fall_Fri10": "@ àұÍȤ³ÍԒˢÒ§¡ÒÂ¼Á ¼ÁړǪ¡˗ÒÊÁÍ§¼Á á˕¹àʛ¹žàÈÉ$l#$e#¼Áړ˗Òġ¹á»Å¡ á˅ġ¹àʛ¹àҳÍ§¨ƃ§",
        "fall_Sat": "ÂÒڞ ʺÇ§ÅÁáÃ§чɊ´¢Í§ƫ ġ¹ÁÒËÒ¼Áá̅Ç!$h",
        "fall_Sun": "¼Á˵Í§äˑȕÁч¨ÐÃ´թÒ àË˕Ò˵¹ä́¢Í§¼Áħ¹׉ áÅÐÃÍº׉˵Í§äˑà¼ÅÍä»ã˪ թÒ·ÐàÅÃ´ġ¹àʔ´¢Ò´",
        "winter_Mon": "Ȥ³à¤ÂÁÒËÒ¼Á µÍ¹чÍÒ¡ÒÈË¹ÒÇæ àÅÂщ?#$e#¼ÁʁˉÒ¨ÐĞ¡¨Ò¡ˇÒàȓÍ ĭ¹áÊ¹à»˕Òà»ѕÂÇÁÒËÒρ§",
        "winter_Mon4": "Ȥ³ˍÒƋÁÐÁÒàƮÂ§àҮÍ¾º¼Á ԧ¹ËÃÍ? ¼ÁړǪ¡àʛ¹àƑÂÃŵàÅÂ˕Ð",
        "winter_Tue": "¤¹àÃÒä˴ÍÍ¡ËÒš¹āº·ÐàÅ ÁÒËÅÒÂĞ¹ƫá̅Ç¹Ð#$e#˚Ç¹¼ÁʁáʴàŴ¹ä» ̃Ò¹ÊÐ´Ç¡؛Í$s",
        "winter_Tue10": "@ ĉ¹Ʊ¤ÇÒÁړǪ¡˗Ò à¸ÍˉÒ¨ÐÁÒËÒ#$e#ºÒ§ƧàÃÒÍÒ¨¨ÐӴā¹ ÁÒԵ§á˅á˅ªÒŵ»Ò§ʱÍ¹$l",
        "-winter_Wed": "á˅ÅÐħ¹¢Í§Ȥ³ ¨ÐäˑˉÒàҪÍàÅÂ ˶ÒȤ³ƱäÍàƤÂá»Å¡æ â¼˕àˢÒÁÒã¹¤ÇÒÁŤ´¢Í§Ȥ³$u#$e#ȝÁ... ¢Íâ·ÉƧ¹Ð щ¼Áɮ´ÍÍÐäÃä̃ÊÒÃÐ ÍÍ¡ÁÒËȓÍà»˕Ò ?",
        "winter_Thu": "ËÒÂã¨àˢÒǥ¡æ Ɗ ړǪ¡äËÁ? щǴÍ¡Х¹¢Í§·ÐàÅĢ§ä§˕Ð#$e#ġ¹ŇÒã̋à¸ÍړǪ¡Ģ§ä§˺Ò§?",
        "winter_Thu6": "ËÒÂã¨àˢÒǥ¡æ Ɗ Ȥ³ä˴¡Х¹¢Í§·ÐàÅäËÁ?#$e#àÇÅÒч¼Á ä˴¡Х¹¢Í§·ÐàÅƧäÃ ʁǙ¡ǖ§µÍ¹àʔ¡æ ȷ¡Ƨ ¼ÁˉÐ»ÃÐėºã¨ ÁËÒÊɁ·ÃÁÒԵ§á˅àʔ¡æ á̅Ç˕Ð¤ģº",
        "winter_Fri": "¼Á˵Í§Ëρ¹ËƷ¼Áȷ¡ħ¹ äˑÍ˒Ò§Թ¹ġ¹¨ÐĞ¹ā¹ Ӣ§ä»ËÁ´#$e#ġ¹àʛ¹§Ò¹чãËʽÁÒ¡àÅÂ¹Ð#$e#¼Áʁá»Å¡ã¨ĕÇàÍ§àËȑÍ¹ā¹ чĢ§äˑâ¡¹ġ¹֗§ä»«Ð#$e#¼Á˗Ò ¼ÁĊ¡¨Ðä̃ÊÒÃÐàš¹ä»á̅Ç",
        "winter_Sat": "¼ÁıÒĥ§ÍÍ¡ıÒĥ§¡ÒÂŹ´æ ËˉÍÂæ à¾ÃÒÐˢÒ§¹Í¡ġ¹Ë¹ÒÇ ¨¹äˑˉÒÍÍ¡ä»àŴ¹à˕¹ˉÐ#$e#¢Íâ·É¹Ð ã¹¡ÃÐˇÍÁщÍÒ¨¨Ðؚ¹ä»Ź´",
        "winter_Sun": "ħ¹׉¼Á¤ÇÃ¨ÐĂ´خ¹¨ƃ§æ á̅Ç¹ÐàщÂ µÐä¤˓թÒ àУÁà¡ÒÐخ¹á̅ÇáÎÐ$s#$e#Ȥ³¨Ð˗Ò§ÁÒʺÇÂ¼ÁՁÂ¤ģº?"
    }
}
