{
    "header": {
        "target": "w",
        "formatVersion": 5,
        "hidef": true,
        "compressed": 128
    },
    "readers": [
        {
            "type": "Microsoft.Xna.Framework.Content.DictionaryReader`2[[System.String, mscorlib, Version=4.0.0.0, Culture=neutral, PublicKeyToken=b77a5c561934e089],[System.String, mscorlib, Version=4.0.0.0, Culture=neutral, PublicKeyToken=b77a5c561934e089]]",
            "version": 0
        },
        {
            "type": "Microsoft.Xna.Framework.Content.StringReader",
            "version": 0
        }
    ],
    "content": {
        "Introduction": "âÍ... ĉ¹ÊÒÁÒÃ¶˝Ò¹ä˴¨Ò¡ ƺË˹Ò¢Í§à¸Í à¸Í¨ÐړǪ¡ģ¡àȑÍ§à¾ƅá¡¹#$b#˶Òà¸ÍÍÂÒ¡ ËÒÍÐäÃŇÒã¹ʺÇ§àʢ¹ ÅÍ§áÇÐÁÒч«Òɵ¹Ɗ ĉ¹ŇÒ§Ò¹ÍԒчι¹",
        "Resort_Entering": "â̍ ĉ¹ªÍºчщĈ§! Ʊ¹¡áˡÇàʕÁä»ËÁ´àÅÂ!",
        "Resort_Leaving": "ÍÒÒÒ... »Í´¢Í§ĉ¹ړǪ¡ƤɊ´æ",
        "Resort_Shore": "à¸ÍړǪ¡ǣà»˕Ò? ÁËÒÊɁ·ÃˉÐ àʕÁàыÂÁä»˴ÇÂ ¾ĥ§á˛§¡ÒÃģ¡ÉÒ",
        "Resort_Chair": "à¸ÍÊȹ¡ǣà»˕Ò @? Í˒ÒȕÁĞ¡ˌÍ¹˺Ò§¹Ð!",
        "Resort_Bar": "¡ÒÃä˴ÁÒÍԒч ν§׉¢Í§ºÒΓ˺Ò§ щƤĈ§àÅÂ¹Ð!$h",
        "Resort": "˶Òà¸ÍàŻ´ã¨ã̋ ´Ç§ÍÒŷµΒ˕Ðʁ à¸Í¨ÐړǪ¡ä˴ǖ§ ¾ĥ§§Ò¹á˛§ģ¡ чÍԒÀÒÂã¹ĕÇà¸Í$h",
        "Resort_Dance": "àÍƁѕıÒĥ§µ¡ÍԒã¹̋Ç§á˛§àƺÂ§´¹µƳ",
        "danceRejection": "ĉ¹¢Íâ·É¨ƃ§æ... ĉ¹µÍºµ¡Å§ ч¨Ðà˵¹œÒāº ¤¹ҽ¹ä»á̅Ç$u",
        "divorced": "@... à¸ÍŇÒĉ¹ã¨ÊÅÒÂ... ĉ¹äˑÍÂÒ¡ȤÂ āºà¸Íƽ¡˅Íä»$s#$e#¢Í̃Í§˕Ð »˕ÍÂã̋ĉ¹ģ¡ÉÒã¨ ĕÇàÍ§ËˉÍÂ¹Ð...$s",
        "dumped_Girls": "...$s",
        "breakUp": "µ...á˅ ĉ¹Ť´˗ÒàÃÒ ɬ¡Ğ¹àʛ¹žàÈÉ... *ɺ´ÍÒ¡ÒÈ*$s",
        "reject_866": "â̍ щġ¹ÊÇÂĈ§... ĉ¹ƱàҮÍ¹¤¹Ǚ§ чˉÒ¨ÐªÍºġ¹àÍÒÁÒ¡æ àÅÂ˕Ð! á˅à¸ÍÍÒĨÂÍԒä¡Å ¨Ò¡чщÁÒ¡ˉÐƊ...",
        "secondChance_Girls": "@... ĉ¹¾̃ÍÁá̅Ç ч¨Ðã̋âÍ¡ÒÊà¸Íƽ¡¤Ճ§ ĉ¹Ģ§¤§àҚÍ˗Ò à¸ÍĢ§Ʊ¤ÇÒÁƤˢÒ§ã¹ÍԒ˺Ò§$s",
        "Mon": "ĉ¹ä˴ºÍ¡à¸ÍǣĢ§ ˗ÒàÎƵΒāºĉ¹ àʛ¹ю˹Í§ā¹? á»Å¡à¹ÍÐ ˗ÒՁÂ?",
        "Mon2": "ĉ¹Ʊ§Ò¹чàʛ¹¤ÇÒÁĥº ĉ¹äˑÍÂÒ¡¨Ð ɮ´ÁÒ¡ä»¡˗Ò׉#$e#ºÒ§Ƨ ĉ¹ÍÒ¨¨ÐáÊ´§ ã̋à¸Íɤã¹ċ¡ħ¹$h",
        "Mon4": "âÅ¡׉àʕÁä»˴ÇÂ Ƈ­­Ò³áÅÐàÇ·Á¹µΓ... ºÒ§¤¹äˑàҚÍĉ¹ á˅ĉ¹ړ˗Òġ¹Ʊ¨ƃ§æ#$e#ĉ¹ÊÒÁÒÃ¶ÁÍ§àʫ¹ġ¹ ä˴ã¹µÒà¸Í... à¸ÍàҚÍàҳÍ§¢Í§ ƽ¡âÅ¡Ëѹ§àËȑÍ¹ĉ¹",
        "Mon6": "ºÍ¡µÒÁµÃ§ ĉ¹˗ÒàÎƵΒˉÒ¨Ðä» ËÒ§Ò¹ŇÒċ¡ƧËȓÍäˑ Í˒Ò§˹ÍÂʁʺÇÂŇÒÍÒËÒÃ ËȓÍŇÒ¤ÇÒÁÊÐÍÒ´˺Ò§ ʁĢ§Ƥ$s#$e#ĉ¹˗ÒË˕Í¹ ¤§¨ÐÍÂÒ¡ËÒÊÒƱÃÇÂæι¹˕Ð",
        "Mon6_inlaw_Haley": "ĉ¹˵Í§ºÍ¡àÅÂ˗Ò ¡ÒÃчàÎƵΒËÒÂä» ġ¹ŇÒã̋ĉ¹ ƱàÇÅÒŇÒ§Ò¹ע¹àÂÍÐ",
        "Mon8": "Ʊ¤¹ƤæÁÒ¡ÁÒÂã¹àȑÍ§ чã¤ÃʁäˑÊÒÁÒÃ¶ ɤàËȑÍ¹¨Ð¾º¤ÇÒÁɊ¢ ġ¹ړǪ¡á˒¹Ð$u#$e#¡ÒÃŇÒ§Ò¹ã¹«Òɵ¹ ĉ¹ġ¡¨Ðàʛ¹¤¹áÃ¡ чä˴Ƃ¹ě­ËÒ¢Í§ȷ¡¤¹àÊÁÍ$u",
        "Tue": "ĉ¹ŇÒ§Ò¹¾ÒΓ·ä·Α ÍԒч̃Ò¹¢Í§āÊˉÐ ġ¹ʺÇÂàҳÍ§ʴÒã˪ʸÒÂ ĉ¹ä˴ÁÒ¡àÅÂ",
        "Tue4": "чĉ¹ŇÒ§Ò¹āºāÊ ʁàҮÍËÒàŧ¹ã̋¾Í ʴÒã˪ʸÒÂàˇÒԹ¹áËÅÐ... á˅¤ÇÒÁĝ¹¨ƃ§æ¢Í§ĉ¹ ǴÍ¡ÒÃàʛ¹ʺÒ§ĕ´àغÍ#$e#ɤƊ! ĉ¹ŇÒàغÍ˼Ò¾Ç¡׉ ¨Ò¡˼Ò˽ÒÂ˕Ð",
        "Tue6": "â̍ ä§... ʺÒ§Ƥ¨ƃ§æ чà¸ÍÁÒËÒĉ¹áºº׉$h",
        "Tue8": "à¸ÍړäËÁ @... ĉ¹Ť´˗ÒÍ¹Ò¤µ ɤÊ´ãÊŚÒËģºàÃÒԷ§Ӵ",
        "Wed": "ĉ¹à¤Âä˴Ƃ¹ʲÒÇȕÍàбÂÇāº áËÇ¹ƇàÈÉËÒÂÒ¡ ġ¹ɦ¡ËÅÍÁע¹àұÍ¹Ò¹ÁÒá̅Ç â´ÂÍÒÃÂ¸ÃÃÁâºÃÒ³ ĉ¹ʁäˑړËÃÍ¡˗Ò ġ¹Ʊ¨ƃ§ËȓÍàʛ¹áʴ ŹÂÒÂ»ģÁ»ÃÒ",
        "Wed4": "à¸ÍĈº»ÅÒàËÃÍ? ĉ¹Ëħ§˗Ò à¸Í¨Ð»ŮĚŵ˅Í¾Ç¡ġ¹ Í˒Ò§ƱÁȹÉÂ¸ÃÃÁ¹Ð$s#$e#ȷ¡ÊÃÃ¾Ъ§¤ÇÃ¨Ðä˴ģº ¤ÇÒÁà¤ÒÃ¾¨Ò¡àÃÒ á́á˅¤¹ֲàƑÂ¨",
        "Wed6": "Èģ·¸ÒàˢÒä̇... ȷ¡ħ¹à¸ÍıÒĥ§àŴ¹ÍԒ ã¹à̊¹·Ò§á˛§âª¤ªÐµÒƚƇµ ¢Í§à¸Íƽ¡ˡÒÇËѹ§",
        "Wed8": "ä§ @$u#$e#ĉ¹ړÁÒµÅÍ´˗Ò àÃÒ¨Ðã¡̅ā¹¢¹Ò´׉...",
        "Thu": "ĉ¹Ëħ§˗Ò à¸Í¨ÐŇÒ¿ÒΓÁÍ˒Ò§ς§Ȓ¹¹Ð ÃÐººŹàÇÈ¢Í§ɋºà¢Ò ʴÍ¹ˢÒ§¨Ðà»ÃÒÐºÒ§ÁÒ¡!#$e#ĉ¹¨Ðړä˴ä§ˉÐËÃÍ? ÅÒ§Ī§ËÃ΃ĉ¹áˑ¹ˉÐ!",
        "Thu4": "ºÒ§¤Ճ§ ´Í¡ä́ʁɮ´āºĉ¹... á˅ÅÐ´Í¡ʁƱàҳÍ§ÃÒÇ ч¨ÐºÍ¡áµ¡˅Ò§ā¹ ÍÍ¡ä»!",
        "Fri": "˝ÒΛ... Äɤãºä́¼ƅ Äɤá˛§ƺ¾ÒÊà·Å ĭ¹ч¨ƃ§ĉ¹ªÍº â·¹à¾ªÃ¾ÅÍÂÁÒ¡¡˗Ò#$b#â̍ ¢Íâ·É˴ÇÂ¹Ð! ĉ¹ˊ¹ǇÁćÁàбÂÇāº á¿Ϊ¹ƽ¡á̅ÇãʺäËÁ?",
        "Sat": "ĉ¹ªÍºч¨Ð ĕ´àغÍ˼Òã˚àÍ§¹Ð á˅äˑʷÒÂàÅÂ ч¨Ðä»ËÒ˼ÒÁÒĪ¡Ȍ¹#$e#á̅Ç¡˗Ò¨ÐàˢÒàȑÍ§ä»Ī¡Ƨ ʁ¹Ò¹àËȕÍàš¹",
        "Sat6": "à¸Íà¤ÂĪ§à¡µàбÂÇāº ÅÇ´ÅÒÂ¢Í§àغÍ˼ÒäËÁ @? á˅ÅÐÅÇ´ÅÒÂ ʁ¨ÐºÍ¡ǖ§Ⱥ¤ƅ¡ чáµ¡˅Ò§ā¹... ɤȪ´¢Í§ĉ¹... àʫ¹äËÁ?",
        "Sun": "ÊħÊƤ @ !#$e#à¸ÍàוÂ§á¡Ðä̇ã¹¤Í¡ ˺Ò§ǣà»˕Ò? à¸Íà»ѕÂ¹¢¹¢Í§¾Ç¡ġ¹ àʛ¹˼ÒȌ¹ÊÇÂä˴¹Ð!#$e#á˅ʱÍ¹ҽ¹à¸Íʁ˵Í§Ʊ à¤ҳÍ§·Í˼ÒʱÍ¹ ѫ§à¸Í¨ÐỄÒ§ġ¹ ע¹ÁÒàÍ§ʁä˴ ˶Òà¸ÍړƇƨˉÐ¹Ð",
        "Sun4": "˺Ò¹Ëĥ§׉ à¤Âàʛ¹¢Í§ˎÍáÅÐáˑĉ¹ ¾Ç¡à¢ÒÍÍ¡ä»àчÂÇÃÍºâÅ¡ Ե§á˅ÊÍ§ƫчá̅Ç#$e#¾Ç¡àÃÒàÍ§ʁĢ§äˑړàÅÂ˗Ò ¾Ç¡à¢Ò¨Ð¡ĥºÁÒàұÍäË˓#$e#á˅Ģ§ä§ĉ¹ʁªÍº ч¨ÐÍԒчщ¹Ð ġ¹àʛ¹ччÊÇÂ§ÒÁ áÅÐàȑÍ§׉ʁƤÁÒ¡˴ÇÂ",
        "event_dance1": "¢ÍºȤ³!",
        "event_dance2": "ȝÁÁ... âÍà¤ ¢Íâ·É¹Ðчà¸ÍäˑªÍº ĉ¹˗ÒÊÒÁàȄÍ¹чǝ¡ÁÒ ġ¹ʺÒ§àƺÂàÇÅÒà»˕Ò«Ð¨ƃ§æ...$s",
        "event_dance3": "à¸ÍŤ´Í˒Ò§Թ¹¨ƃ§æ àËÃÍ Ɋ´ÂÍ´ÁÒ¡àÅÂ ġ¹ǴÍ¼ÅµÍºģº чĉ¹¤Ò´ä̇à̫ÐàÅÂ!$h#$b#Ƥã¨Ĉ§àÅÂчà¸ÍªÍº",
        "summer_Mon": "àÎƵΒàȕÍ¡š¹ÁÒ¡ ġ¹ÂÒ¡ÁÒ¡ч¨Ð ŇÒÍÒËÒÃã̋à¸Í",
        "summer_Mon4": "¡ÒÃš¹ÍÒËÒÃàҮÍɊ¢ÀÒ¾ ŚÒĄ­ÁÒ¡ŚÒËģºĉ¹ ĉ¹˵Í§¡ÒÃ¨ÐƱƚƇµ чÂÒÇ¹Ò¹áÅÐáʂ§áÃ§",
        "summer_Mon_inlaw_Haley": "µÍ¹׉àÎƵΒāºĉ¹ àˢÒã¨ā¹áÅÐā¹ÁÒ¡ע¹ ¡˗ÒàŴÁËĥ§¨Ò¡чà¸ÍÍÍ¡ä» ĉ¹ıÒĥ§ÃÍà¸Í ÁÒàђÂÁÍԒàÅÂ!",
        "summer_Tue": "˗Òä§ @#$e#ħ¹׉ĉ¹ړǪ¡ֲàƑÂ¨Ĉ§",
        "summer_Tue6": "ĉ¹ړǪ¡á˒àҳÍ§ƵęÊ ڌ¤¹ĕ´Ɗ¹à¢Ò à¢Òáʴã˪ƚƇµ ã¹ƇƦƚƇµчáµ¡˅Ò§$u#$e#ĉ¹Ëħ§˗Ò ¾Ç¡àÃÒ¨ÐàƳÂ¹ړ àбÂÇāº¡ÒÃÂÍÁģº ¤¹ҽ¹˺Ò§",
        "summer_Sun6": "ÊħÊƤ @! àÃÒàʛ¹àҮÍ¹чƤ˅Íā¹ á̅ÇãʺՁÂ˕Ð?$h#$e#ĉ¹ʁâÍà¤āºàҳÍ§Թ¹¹Ð à¸Íàʛ¹¤¹чɤàˇÁÒ¡àÅÂ˕Ð ^ĉ¹Ƥã¨Ĉ§$h",
        "summer_Sun8": "ä§ @! àÃÒàʛ¹àҮÍ¹чƤ ˅Íā¹äˑãʺàËÃÍ?$h#$e#ÍÒ¨¨Ðğ§ɤá»Å¡æ á˅ĉ¹ρ¹ã¨àÊÁÍ˗Ò щ˵Í§ƱÍÐäÃ ċ¡Í˒Ò§àš´ע¹",
        "summer_Wed": "½¹ġ¹äˑʴÍÂµ¡ã¹ Äɤ̃Í¹ãʺՁÂ?#$e#Թ¹ËÁÒÂ¤ÇÒÁ˗Ò à¸Íʁ˵Í§Ã´թÒ ÁÒ¡¡˗ÒàŴÁ¹ÐƊ țÁ?#$e#ËȓÍ˗ÒªÍºÍÒ¡ÒÈ̃Í¹æ áººԹ¹˕Ð",
        "summer_Thu": "ĉ¹˗Ò׼§āºƬàغÍ àʛ¹àҮÍ¹чƇàÈÉ ¢Í§ĉ¹àÅÂ˕Ð",
        "summer_Fri": "˶Òĉ¹˗Ò§ ĉ¹ʁ¨Ðä»ʺÇÂ§Ò¹à¸Í ч¿ÒΓÁ¹Ð!#$e#á˅āÊʁ¤§¨ÐÍÒÃÁ΃àƺÂ ˶Òĉ¹Ʊ§Ò¹ҽ¹ŇÒ...$s",
        "summer_Fri6": "à¸ÍړäËÁ ĉ¹áˉã¨˗ÒāÊ¨ÐàˢÒã¨ĉ¹ ˶Òĉ¹˵Í§¡ÒÃ¨Ðä» ¨Ò¡«Òɵ¹àˢÒċ¡ħ¹#$b#ƱÍÐäÃÁÒ¡ÁÒÂ ˢÒ§¹Í¡ι¹ ĉ¹äˑÊÒÁÒÃ¶ŇÒ§Ò¹ ч«Òɵ¹щä˴µÅÍ´ËÃÍ¡¹Ð$u",
        "summer_Sat": "Í˒Òī¡âËÁŇÒ§Ò¹˕Ð äˑԧ¹à¸ÍÍÒ¨Å§àÍÂ ˴ÇÂ¡ÒÃ¹Í¹ч¤ƅŹ¡ ¢Í§ÎÒΓƷΒ!",
        "summer_Sun": "ÊħÊƤ @!",
        "summer_Sun4": "ʺÇ§׉¢Í§ƫщáËÅÐ àҮÍ¹¢Í§ĉ¹ ¨ÐáÇÐàƷÂ¹ÁÒá¶º׉... ĉ¹ËÁÒÂǖ§¹¡áˡÇ¹Ð!",
        "fall_1": "Äɤãºä́˓Ç§ÁÒǖ§á̅Ç ä˴àÇÅÒ»ɵ¡ȎªãËˑæÅÐ",
        "fall_Mon": "ÍÒ¡ÒÈàËÁÒÐŚÒËģº Ż¡Ź¡àÅÂ˕Ð ãʺՁÂ˕Ð?",
        "fall_Mon8": "˶Òĉ¹äˑ˵Í§ŇÒ§Ò¹ ĉ¹ʁá¹ÐŉÒ˗Ò àÃÒä»Ż¡Ź¡ ā¹à¶ÍÐ!",
        "fall_Tue": "˗Òä§? Äɤ̃Í¹ƫ׉ÃÒºҳ¹ƤՁÂ?",
        "fall_Tue4": "˗Òä§! @! ĉ¹¾ę¹ä˴àÅÂ˗Ò Ë˹Ò̃Í¹׉¿ÒΓÁ¢Í§à¸Í ¨Ð˵Í§ÂÍ´àђÂÁÁÒ¡áˉæ țÍ?#$e#à¸Íщàʛ¹ªÒÇä˓ чƤ¨ƃ§æ¹Ð$h",
        "fall_Wed": "àҮÍ¹¢Í§ĉ¹ àŻ´̃Ò¹¢ÒÂ¢Í§ÍԒ ч·ÐàÅ·ÃÒÂ ˶Òà¸ÍƱâÍ¡ÒÊä»чι¹ ʁ½Ò¡ė¡·ÒÂËˉÍÂ¹Ð#$e#ĉ¹Ť´˗Òà¸ÍˉÒ¨Ð¢ÒÂ¾Ç¡ ¢Í§ËÒÂÒ¡щ˕Ð",
        "fall_Thu": "à¸Íàʛ¹àҮÍ¹āº ¤ƅ¹· ǣà»˕Ò? ˶Òà¸Íä˴ړĈ¡àˤÒ˕Ðʁ à¸Í¨Ðړ˗ÒàˤÒàʛ¹¤¹Ƥ¤¹Ǚ§#$e#àˤÒªÍºËÁ¡ĕÇÍԒāº§Ò¹ ã¹̃Ò¹¢Í§àˤÒԷ§ħ¹ á˅àˤÒʁֲÍÒÂ˴ÇÂ˕Ð àˤÒàÅÂƱě­ËÒ ã¹¡ÒÃ¤ºàҮÍ¹ãËˑæ ˉÐ",
        "fall_Thu8": "ĉ¹Ť´˗Ò¤ƅ¹·â¡Ã¸ĉ¹ àˢÒäˑà¤ÂÁÍ§ÁÒ чĉ¹ƽ¡àÅÂ...$u#$e#ĉ¹Ëħ§ÁÒµÅÍ´˗Ò àÃÒ¨Ðàʛ¹àҮÍ¹ā¹$u",
        "fall_Fri": "Äɤãºä́˓Ç§ чÊÇÂ§ÒÁƽ¡ħ¹#$e#ʺÒ§ˉÒàƺÂ´ÒÂ чġ¹ıÒĥ§¨ÐˌÒ¹ä»",
        "fall_Fri6": "ä˴¡Х¹ÍÒ¡ÒÈºƃɊ·ڸäËÁ? ġ¹ƤÁÒ¡æàÅÂäˑãʺàËÃÍ?#$b#ĉ¹áʴ¡ĥÇ˗Òºƃĩ·â¨˨Ò ¨ÐàÍÒġ¹ä»¨Ò¡¾Ç¡àÃÒ$u",
        "fall_Sat": "ÅÍ§àŻ´ã¨ã̋¡̇Ò§ á̅Çà݋ÂÇЪ§Ƥæ ʁ¨ÐàˢÒÁÒàÍ§áËÅÐ#$e#Ģ§ä§ʁµÒÁ ħ¹׉à¸Íàʛ¹Ģ§ä§˺Ò§?",
        "fall_Sat6": "ĉ¹Ģ§äˑƱá¼¹¡ÒÃãËʽæ ÍÐäÃµÍ¹׉ ĉ¹àȕÍ¡ч¨Ðäˑà¤ƳÂ´ àбÂÇāºÍ¹Ò¤µÁÒ¡àš¹ä»",
        "fall_Sun": "äˑƱÍÐäÃàËȑÍ¹āºáÊ§á´´ чàŨ´˨Òã¹ħ¹ÍÒŷµΒ ġ¹»Ʌ¡¾ĥ§ã¹ĕÇàÃÒä˴!",
        "fall_Sun6": "Ʊɍ»ÊÃÃ¤чÁÍ§äˑàʫ¹ ÁÒ¡ÁÒÂ¢ÇÒ§ԡ¹àÃÒä̇ ŇÒäÁ¤¹àÃÒ ǖ§äˑ»˕ÍÂÇÒ§ áÅÐƂ¹ƤāºƍÊÃÐÀÒ¾?#$e#ĉ¹àËÃÍ? ʁ¹Ð à¸Íړ˗Ò¾Ç¡à¢Òɮ´ÍÐäÃ... 'à¸ÍäˑÊÒÁÒÃ¶Ă§ɘŹâˑˋÒä˴'",
        "fall_Sun10": "à¸Íщàʛ¹¤¹Ƥ¨ƃ§æ àÅÂ˹Ò @! ¢ÍºȤ³¨ƃ§æ чÁÒàʛ¹àҮÍ¹āºĉ¹ˉÐ$h",
        "winter_Mon": "ÃÐħ§˴ÇÂ թÒáʂ§̂ÍÂ¨Ðä˴ äˑË˕¹ã˚īÇ¢Í§à¸Í!",
        "winter_Mon10": "ÃÐħ§˴ÇÂ թÒáʂ§̂ÍÂ¨Ðä˴ äˑË˕¹ã˚īÇ¢Í§à¸Í! ĉ¹äˑÍÂÒ¡ã̋àҮÍ¹ģ¡ ¢Í§ĉ¹ºÒ´àʈº¹Ð!",
        "winter_Tue": "â̍ ÊħÊƤ @!$h#$e#¿ÒΓÁ¢Í§à¸ÍµÍ¹׉ ıÒĥ§ä»ä˴ÊÇÂàÅÂãʺՁÂ˕Ð?",
        "winter_Tue2": "µÍ¹׉ ĉ¹¾ę¹ä˴àÅÂ˗Ò à¸Íàʛ¹ªÒÇÊÇ¹чÂÍ´àђÂÁ áˉ¹Í¹!",
        "winter_Tue4": "¾ę¹ä˴˗Ò à¸Í¨Ð˵Í§àʛ¹ªÒÇä˓ чƤàƅÈá̅ÇáˉàÅÂ!",
        "winter_Wed": "àÎƵΒāºĉ¹äˑä˴ɦ¡ỄÒ§ÁÒ àҮÍ˺Ò¹Ëĥ§ãËʽ ġ¹ŇÒ¤ÇÒÁÊÐÍÒ´ŕÒºÒ¡#$e#à˝Í á˅ĉ¹ʁäˑ¤ÇÃˊ¹щ¹Ð#$e#˺Ò¹¿ÒΓÁ¢Í§à¸ÍˇÒ¨ÐƤ áÅÐÍºӭ¹¹Ð$h",
        "winter_Thu": "à˨Ò»ÅÒ˹ÍÂˉÒÊ§ÊÒÃ ¤§Ë¹ÒÇÁÒ¡Ɗ¹Ð$s#$e#ĉ¹Ê§ĪÂ˗Ò»ÅÒ ¨ÐĸÒƸÅ˺Ò§äËÁ¹Ð? ËȓÍĉ¹¨Ðä»¶ÒÁŴƱà·ƳÂÊƤ",
        "winter_Fri": "˶Òĉ¹äˑӢ§ ĉ¹¨Ðä»ʺÇÂà¸ÍȢ´զÒ чÍԒá¶Çæ ·ÐàÅÊÒº¹Ð#$e#ĉ¹Ť´˗Òġ¹˵Í§Ʊ¤ƃÊĕÅ à͈§æ ÍԒã¹Թ¹áˉæ",
        "winter_Sat": "à¸ÍړĈ¡ƇƨŇÒ 'Ë́Íä¿ζÇ (Bean Hotpot)' ՁÂ?#$e#ĉ¹ªÍºÁÒ¡àÅÂ˕Ð$h#$e#á˅Ë˹ÒË¹ÒÇáºº׉ ¤§¨ÐËÒħµȶŴºÂÒ¡ÁÒ¡ àÅÂãʺˋÐ?",
        "winter_Sun": "ÊħÊƤ!#$e#...¤Ð?",
        "winter_Sun6": "ǖ§ĉ¹āº˹Í§ ¨Ð·ÐàÅÒÐā¹˺Ò§ á˅˶Òà¸ÍäˑÍԒ ĉ¹ʁ¤§¨ÐŤ´ǖ§à¸ÍˉÒɤ#$e#ĉ¹˗ÒĪ¡ħ¹Ǚ§ à¸Í˵Í§¨Ðàʛ¹ÊÒÇ˹ÍÂ ڌˉÒģ¡ä˴áˉæ ... á̅ÇʁÍ˒Òä»ºÍ¡à¸Í˕Ð˗Ò ĉ¹ɮ´$h#$e#á̅Çà¸ÍƱÍÐäÃ ¨Ðɮ´āºĉ¹ƽ¡äËÁ?",
        "winter_Sun6_inlaw_Haley": "½Ò¡ÊħÊƤ˹Í§ÊÒÇ á·¹ĉ¹˴ÇÂ¹Ð áÅÐàȅÍ¹à¸Í ã̋ÁÒàђÂÁĉ¹ ã¹ħ¹¾ӣ§׉˴ÇÂ¹Ð"
    }
}
