{
    "header": {
        "target": "w",
        "formatVersion": 5,
        "hidef": true,
        "compressed": 128
    },
    "readers": [
        {
            "type": "Microsoft.Xna.Framework.Content.DictionaryReader`2[[System.String, mscorlib, Version=4.0.0.0, Culture=neutral, PublicKeyToken=b77a5c561934e089],[System.String, mscorlib, Version=4.0.0.0, Culture=neutral, PublicKeyToken=b77a5c561934e089]]",
            "version": 0
        },
        {
            "type": "Microsoft.Xna.Framework.Content.StringReader",
            "version": 0
        }
    ],
    "content": {
        "Introduction": "â̍ ÊħÊƤ áÅÐƂ¹Ƥ˵Í¹ģºԚȪÁª¹ àʥ¡æ¢Í§àÃÒ чģ¡#$b#à¸Í¨ÐàƳÂ¡ĉ¹˗Ò 'ÂÒÂ' ʁä˴¹Ð ˶Òà¸Í˵Í§¡ÒÃ$h",
        "reject_867": "â̍ ÂÒÂáˉã¨˗Ò ¨ÍΓ¨˵Í§Ê¹ã¨ġ¹áˉ˨Ð!",
        "reject_866": "ι¹àʛ¹ȡËÅÒº чª´˪ÍÂÁÒ¡àÅÂ˨Ð àʔ¡˹ÍÂ ã̋àÍƁƵɤËȓÍĢ§̘Ð? àʫ¹á̅ÇǙ¡ǖ§à¸ÍˉÐ",
        "pamHouseUpgrade": "â̍ ƤàÅÂ... Թ¹ʺÒ§ƱթÒã¨ÁÒ¡ чÁÒʺÇÂỄÒ§˺Ò¹ãËˑ Ëĥ§§ÒÁã̋á¾Á!$h#$e#ġ¹ŇÒã̋ÂÒÂÍºӭ¹īÇã¨ àұÍàʫ¹ڌ¤¹˛Ç§ãÂ ā¹áÅÐā¹ áºº׉...",
        "pamHouseUpgradeAnonymous": "àƳÂ¡ÂÒÂ˗Ò ¤¹áʱâʷàʷÒʁä˴¹Ð... á˅ÂÒÂŤ´˗ÒÂÒÂړ¹Ð ˗Òã¤ÃʸÒÂàŧ¹ ỄÒ§˺Ò¹ãËˑã̋á¾Á... *¢ƂºµÒ*",
        "MovieInvitation": "â̍àђÂÁ! à¸ÍʺÒ§ã¨Ƥ¨ƃ§æ чģ¡ ŇÒäÁ˕Ð ãʺƊ... ÂÒÂ˵Í§ÍÂÒ¡¨Ð ä»ɤËę§ÍԒá̅Ç!$h#$b#à¸Íä»ʱÍ¹ä˴àÅÂ ʴÍÂä»à¨Íā¹Ë˹ÒâÃ§Ëę§",
        "Mon": "áËÁ! ʺÒ§àʛ¹ħ¹чƤ¨ƃ§æ$u",
        "Tue": "Í˒ÒȆÍ¨ÍΓ¨ÊÒƱÂÒÂàÅÂ¹Ð à¢Òàʛ¹¤¹чäˑʴÍÂ àʛ¹ƁµÃāº¤¹á»Å¡Ë˹ÒˉÐ#$e#á˅˶Òà¸Íä˴ړĈ¡à¢Ò ÁÒ¡¡˗Ò׉ à¢Ò¨ÐŇÒã̋à¸ÍƱ¤ÇÒÁɊ¢#$e#ÂÒÂړ˗ÒĪ¡ħ¹Ëѹ§ à¸ÍԷ§ÊÍ§¨Ð˵Í§¡ÅÒÂàʛ¹ àҮÍ¹чƤ˅Íā¹áˉ¹Í¹̘Ð!$h#$e#àҩÍ§¨Ò¡à¸ÍÊ¹ã¨ÊÒƱÂÒÂ ÂÒÂ¨ÐºÍ¡¤ÇÒÁĥºàʥ¡æ ˹ÍÂæ ¢Í§à¢Òã̋ÅÐā¹¹Ð à¢Òàʛ¹¤¹чªÍº˵¹ËÍÁ (Leek) ÁÒ¡! à¸ÍÊÒÁÒÃ¶¾ºġ¹ä˴ã¹ɰà¢Ò ³ ʺÇ§Äɤ׉áËÅÐ",
        "Wed": "#$1 evelynGarden1#ÂÒÂàʫ¹ɭ§ƬàغÍ Ɋ´ÊÇÂ¡ӥÁǙ§ ıÒĥ§âºÂź¹ÍԒˇÒÁ¡ÅÒ§ áÊ§á´´ã¹ÊÇ¹¢Í§àȑÍ§ àұÍÇÒ¹׉˕Ð$k#$e#ˇÒ¹¹ÒÂ¡ڌáÊ¹Ƥ ÁÍºËÁÒÂã̋ÂÒÂ ɤáÅÊÇ¹¢Í§àȑÍ§׉#$e#ÂÒÂà˽ÒɤáÅ ġ¹ÁÒµÅÍ´Է§Ī»´ÒΛ à¾ÃÒÐԧ¹ÃÐħ§Í˒ÒàËƲÂºġ¹ àʔ´¢Ò´¹Ð!",
        "Thu": "ħ¹׉ÂÒÂÍºȤ¡ֱ˕Ð ÂÒÂªÍºч¨ÐŇÒàʛ¹ɳ»´Í¡ä́ ã¹ʺÇ§Äɤãºä́¼ƅ$h#$e#ºÒ§Ƨ Ī¡ħ¹Ëѹ§ÂÒÂÍÒ¨¨Ð ºÍ¡ɺµÃã̋à¸Íʁä˴¹Ð",
        "Fri": "¨ÍΓ¨ã˪àÇÅÒàǱÍºԷ§ħ¹ чË˹ÒƧƷ˺Òæ ¢Í§à¢Ò#$e#ÂÒÂËħ§˗Òà¢Ò ¨ÐÍÍ¡ä»ˢÒ§¹Í¡˺Ò§ ÍÒ¡ÒÈºƃɊ·ڸ ¨ÐŇÒã̋à¢ÒƤע¹",
        "Sat": "ÂÒÂà¤Âģ¡ч¨ÐÁÍ§ɤ ºÃÃ´ÒˡÍ¹àÁ˦Է§ËÅÒÂ á˅ȷ¡ħ¹׉ÂÒÂĔ¹Ʊě­ËÒ ã¹¡ÒÃÁÍ§«Ðá̅ÇƊ#$e#ÊÒÂµÒ¢Í§ÂÒÂ äˑä˴ƤàËȑÍ¹á˅ʱÍ¹á̅Ç$s",
        "Sun": "ġ¹Ƥ¹Ð чä˴ÍԒã¡̅æ āºȌ¹թÒ àƺÂ§¨Ò¡·ÐàÅŇÒã̋ Ëĥºä˴ʷÒÂע¹àÂÍÐàÅÂ#$e#àұÍÊġÂÂÒÂàʔ¡æ àÃÒ¨ÐÍÍ¡ËÒà»ȕÍ¡ËÍÂā¹ ã¹µÍ¹чթÒÅ§ ι¹àʛ¹ʺÇ§àÇÅÒчƤÁÒ¡àÅÂ...",
        "Tue6": "ġ¹Ƥ¹Ð чà¸Íã˪àÇÅÒÁÒàђÂÁ ÂÒÂāº¨ÍΓ¨ˉÐ#$e#˶ÒäˑƱ¾Ç¡ËәÁæ ÊÒÇæ ÁÒ¤ÍÂÍԒã¡̅ ¾Ç¡àÃÒ¤§áʱäÇ¡˗Ò׉$h",
        "Event_cookies1": "¢ÍºȤ³!$h",
        "Event_cookies2": "ÍÐäÃ¹Ð̘Ðчģ¡ ÂÒÂÊÒºÒ¹ä˴àÅÂ˗Ò à¸Íɮ´˗Ò 'ɵ¡ÎÍ¡ֱ' *¶Í¹ËÒÂã¨* ɻ¢Í§ÂÒÂäˑä˴Ƥ àËȑÍ¹á˅ʱÍ¹á̅Ç$s",
        "summer_Mon": "ړǪ¡Ʊ¾ĥ§ÁÒ¡ ã¹ÊÀÒ¾ÍÒ¡ÒÈчƤáºº׉$u",
        "summer_Mon_inlaw_Alex": "ËÅÒ¹¢Í§ÂÒÂàʛ¹ä§˺Ò§? ÂÒÂŨ¹µ¹Ò¡ÒÃä̇˗Ò àˤÒˉÒ¨Ð¾Íã¨āº ƚƇµã¹¿ÒΓÁ#$e#àˤÒÊÁ¤ÇÃ ä˴ģºġ¹á̅Ç˕Ð... à¾ÃÒÐàˤÒàʛ¹àʔ¡ƤÁÒµÅÍ´",
        "summer_Tue": "¨ÍΓ¨ġ¡¨ÐËȧ´Ëŧ´ˊÍÂæ ʺÇ§Ë˹Ò̃Í¹ ˴ÇÂÊÀÒ¾ÍÒ¡ÒÈч̃Í¹ àˢÒä»ǖ§¡ÃÐɤ¡#$e#Ȥ³äˑÊÒÁÒÃ¶ړä˴ËÃÍ¡ á˅ÂÒÂړ à¾ÃÒÐÂÒÂÍԒāºà¢ÒÁÒ 60 ¡˗Òƫá̅Ç!",
        "summer_Wed": "ˇÒ¹¹ÒÂ¡ڌáÊ¹Ƥ ÁÍºËÁÒÂã̋ÂÒÂɤáÅÊÇ¹ ¢Í§àȑÍ§׉#$e#ÂÒÂà˽ÒɤáÅġ¹ÁÒµÅÍ´ Է§Ī»´ÒΛ à¾ÃÒÐԧ¹ÃÐħ§ Í˒ÒàËƲÂºġ¹àʔ´¢Ò´¹Ð!",
        "summer_Thu": "ħ¹׉ÂÒÂ¨ÐÍºȤ¡ֱÅÐ̘Ð ġ¹¨ÐÍÍ¡ÁÒàʛ¹Ȥ¡ֱÁÐ¾̃ÒÇ чƱɳ»˓Ò§àËȑÍ¹ ˵¹»ÒΕÁàÅÂ¹Ð! Ǝæ$h#$e#ºÒ§Ƨ Ī¡ħ¹ÂÒÂÍÒ¨¨ÐºÍ¡ ɺµÃáʱà¸Í¹Ð",
        "summer_Sat": "ÍÍ¡ä»ˢÒ§¹Í¡ÃÐħ§˴ÇÂ¹Ð à݋ÂÇżÇÊÇÂæ¢Í§à¸Í ¨ÐäË́àÍÒ",
        "summer_Sun": "˵¹ζÇËÇÒ¹ (sweet pea) ıÒĥ§¼ƅ´Í¡ÍԒ ³ ʺÇ§׉#$e#¡Х¹¢Í§ġ¹ËÍÁÁÒ¡æ àÅÂãʺՁÂ̘Ð",
        "summer_Thu4": "ɤàËȑÍ¹˗Ò ¨ÐƱá¢¡ÁÒч˺Ò¹àÂÍÐע¹¹Ð àÇÅÒчÂÒÂàУÁŇÒȤ¡ֱàщÂ#$e#ɺµÃ׉áˑ¢Í§ÂÒÂ àʛ¹¤¹ÊÍ¹àÍ§˕Ð",
        "fall_Mon": "ȷ¡æƫ ÂÒÂ¨Ðàʫ¹Ȥ³ʴÒ ¢Í§á˅ÅÐÄɤÁÒ¡ע¹ȷ¡Ƨ ŚÒËģº¤¹ËәÁÊÒÇá̅Ç ġ¹àʛ¹àƮÂ§áʴЪ§àʥ¡æ ˹ÍÂæ ч¾Ç¡à¢ÒäˑÊ¹ã¨ ÍÐäÃËÃÍ¡̘Ð",
        "fall_Tue": "ÂÒÂã˚ɵ¡à¡µÅ§ä»ã¹ ˢÒÇâ̽µ¢Í§¨ÍΓ¨... á˅à¢ÒʁäÁä˴ɮ´ÍÐäÃ ÂÒÂÊ§ĪÂ˗Òà¢Ò ä˴Ī§à¡µàʫ¹ġ¹ËȓÍà»˕Ò?",
        "fall_Wed": "¹ÒÂ¡à·ÈÁ¹µƳ½Ò¡ã̋ÂÒÂ àʛ¹¤¹ɤáÅÊÇ¹ã¹àȑÍ§׉#$e#´Í¡ä́ã¹Äɤãºä́˓Ç§ˉÐ ºÍººÒ§ÁÒ¡ Ĕ§Թ¹ Í˒Òä»ŇÒÍÐäÃġ¹˕Ð! ÂÒÂړ¹Ð ˗Òàʔ¡æÍ˒Ò§à¸Í ªÍºŇÒÍÐäÃÍ˒Ò§Թ¹",
        "fall_Thu": "ħ¹׉ÂÒÂÍºȤ¡ֱ˨Ð àʛ¹Ȥ¡ֱчƱË˹ÒµÒàËȑÍ¹ ğ¡·Í§˹ÍÂæ$h#$e#Ī¡ħ¹ÂÒÂÍÒ¨¨ÐºÍ¡ɺµÃ׉ ã̋à¸Íʁä˴¹Ð̘Ð",
        "fall_Sat": "à¸Íàʛ¹àҮÍ¹āº Íàʥ¡ͻ ËȓÍà»˕Ò#$e#ºÒ§¤Ճ§à¢Òʁā§ÇÅ ˗ÒÂÒÂˋÇÂ",
        "fall_Sat_inlaw_Alex": "â̍чģ¡ µÍ¹׉ ÂÒÂŤ´àÊȑÍ¹˗Ò à¸Íàʛ¹ËÅÒ¹ªÒÂÂÒÂàÅÂ$h^â̍чģ¡ µÍ¹׉ ÂÒÂŤ´àÊȑÍ¹˗Ò à¸Íàʛ¹ËÅÒ¹ÊÒÇÂÒÂàÅÂ$h",
        "fall_Sun": "ÊÒÂµÒÂÒÂÍÒ¨¨Ðá˒ á˅¨ɱ¡¢Í§ÂÒÂˉÐ äˑà¤Ââ¡Ë¡!#$e#ÂÒÂĢ§ä˴¡Х¹¢Í§ãºä́˓Ç§ áÅÐàʫ´ÍԒàÅÂ ġ¹ŇÒã̋ÂÒÂŤ´ǖ§ˋÒ чÂÒÂªÍºàˢÒä»à˕¹µÍ¹àʔ¡æ",
        "winter_Mon": "ÃÐħ§ҵ¹ º¹թÒáʂ§¹Ð чģ¡",
        "winter_Tue": "à¸ÍäˑË¹ÒÇàËÃÍ? à¸ÍÊÇÁàغÍàʈ¤àʁµºÒ§æ áººԹ¹ чģ¡!#$e#ÍÒ¡ÒÈáºº׉ġ¹äˑʴÍÂƤ āºˢÍ¡ÃÐɤ¡ÂÒÂàÅÂ...$s",
        "winter_Wed": "ÂÒÂġ¡¨ÐɤáÅÊÇ¹ÍԒàÊÁÍ á˅µÍ¹׉ġ¹â´¹ƋÁÐ¡ÅºËÁ´#$e#ÂÒÂʁĢ§ªÍºä»àʊ¤ġ¹ÍԒƤ",
        "winter_Sat": "àÃÒÍԒчщÁÒ 30 ¡˗Òƫá̅Ç àʫ¹ڌ¤¹ÁÒ¡ÁÒÂ ÁÒá̅Çʁ¨Ò¡ä» àʺ¹ԋ¢Í§à¸Íä§˕Ð ¢Íã̋à¢Òä»Ƥà¶ÍÐ... *Ǯ¡*",
        "winter_Sat6": "â̍...чģ¡ à¸ÍƱáÇÇµÒ àËȑÍ¹ԋ¢Í§à¸Í...$s#$e#... ãʺá̅Ç... ÂÒÂړĈ¡à¢ÒƤÁÒ¡æàÅÂ˕Ð",
        "winter_Sun": "à¸ÍˉÒ¨ÐŇÒȫ»̃Í¹æ ã̋˓Ò§¡ÒÂÍºӭ¹¹Ð#$e#á̅ÇÍ˒ÒȕÁ ã˚áʈ¤àʁµ˴ÇÂ",
        "winter_Sat8": "@ ÂÒÂà¤ÂºÍ¡ËȓÍĢ§˗Ò ÂÒÂāº¨ÍΓ¨ ÍԒ˺Ò¹Ëĥ§׉ÁÒ 30 ƫá̅Ç?#$e#Ëħ§˗Òà¸Í¨ÐÍԒчщ ä˴ÂÒÇ¹Ò¹Í˒Ò§׉àʺ¹ā¹"
    }
}
