{
    "header": {
        "target": "w",
        "formatVersion": 5,
        "hidef": true,
        "compressed": 128
    },
    "readers": [
        {
            "type": "Microsoft.Xna.Framework.Content.DictionaryReader`2[[System.String, mscorlib, Version=4.0.0.0, Culture=neutral, PublicKeyToken=b77a5c561934e089],[System.String, mscorlib, Version=4.0.0.0, Culture=neutral, PublicKeyToken=b77a5c561934e089]]",
            "version": 0
        },
        {
            "type": "Microsoft.Xna.Framework.Content.StringReader",
            "version": 0
        }
    ],
    "content": {
        "Introduction": "àËÍÐ... ¤§àҪÍ˕ÐƊ ч¨Ð˵Í§à¨Íāº¤¹¾Ç¡׉ˉÐ Ǯ?#$b#Ԫ¹ҚÍ¨ÍΓ¨Ģ§ä§ʁµÒÁ ÍÍ¡ä»«Ð... àËÍÐ",
        "accept_867": "щġ¹ƍËĢ§ÇÐ?#$b#ҎÁÁÁ... ¡´ӛÁ׉ʱÍ¹ËÃÍ? ӛÁ׉ġ¹ã˪ŇÒÍÐäÃàщÂ? ҎÁÁÁ... *ǇÁćÁæ*#$b#ўæ! àÍÒ˕Ð áºº׉àʛ¹ä§! щġ¹ʺÍ§ãËˑщ¹Ò!$h#$b#щ ģºщä»«ÐƊ ġ¹ǴÍƋ¹чĉ¹¾ºàˢÒ µÍ¹Ģ§ŇÒàËȑÍ§ˆÒ¹ˉÐ àʛ¹¢Í§чµÅ¡Ƥ¹Ð ġ¹àȓÍ§áÊ§ƺ˿Òá̅Çʁ àʢ¹ÍԒáºº׉ ÁÒàš¹њƊºƫá̅Ç˕Ð Í˒Ò§āºƱàÇ·Á¹µΓ àÅÂãʺÁÐ!",
        "pamHouseUpgrade": "¢Íºã¨¹Ð чɍµ˚ÒΛỄÒ§˺Ò¹ãËˑ á·¹чÃ¶â¡âÃâ¡âÊι¹... ˺Ò¹Ëĥ§ãËˑщġ¹ ˉÒÁÍ§¡˗ÒàÂÍÐàÅÂ#$e#ړÍÐäÃՁÂ ĉ¹¾ę¹àÅÂ˗Ò ġ¹ŇÒã̋чŴ¹¢Í§ĉ¹ ƱɱÅʴÒɺ§ע¹˴ÇÂ!",
        "pamHouseUpgradeAnonymous": "ǴÍַ¹Ð... ˺Ò¹ãËˑι¹Ě§ƇÇáˑթÒ ¢Í§ĉ¹Ź´ËˉÍÂ... á˅ġ¹ɤƤ¡˗Ò Ã¶¡ÃÐ͛Í§àʱÒæ чá¾ÁÍÒĨÂÍԒáˉ¹Í¹",
        "MovieInvitation": "à¸ÍÍÂÒ¡ä»ɤËę§ āº¤¹áʱæ Í˒Ò§ĉ¹àËÃÍ? ...àђÂÁ... µ¡Å§ ĉ¹¨Ðä»à¨Íà¸Íчι¹",
        "joja_Begin": "ȝÁÁ... ɸ¹ΒȪÁª¹Ëĥ§àʱÒ ä»äË¹á̅Ç˕Ð țÁ? àš´ÍÐäÃע¹āºȤ³ʴÒ ¢Í§àȑÍ§àʥ¡æщ? ġ¹àʛ¹¡ÒÃà»ѕÂ¹á»Å§ чˉÒĭºÍÒÂƽ¡¤Ճ§...",
        "Mon": "àÎÍÐ... ĉ¹äˑãʺ¤¹ʺÒ§ȤÂËÃÍ¡ â´Âà©¾ÒÐāº ¤¹á»Å¡Ë˹ÒˉÐ¹Ð Í˒ÒȆÍÊÒʁá̅Çā¹",
        "Tue": "ҎÁ... ɤàËȑÍ¹˗Ò Ģ§àʛ¹ħ¹чË´ԛ$s",
        "Wed": "Íàʥ¡ͻàʛ¹ËÅÒ¹ªÒÂ¢Í§Ԫ¹ Ԫ¹à¤ÂºÍ¡Ȥ³ä»á̅Ç äˑãʺËÃÍ?#e#ǫ? ˗Òä§",
        "Wed_inlaw_Alex": "ڌªÒÂÊÍ§¤¹ á˅§§Ò¹ā¹ä˴Ģ§ä§? ġ¹äˑãʺàҳÍ§¸ÃÃÁªÒŵ¹Ð... ȝÁÁÁÁ Ê§ĪÂĉ¹¨Ð \"īÇâºÃÒ³ä»\"...^à¸Íàʛ¹˚Ç¹Ëѹ§ ¢Í§¤ÃÍº¤ģÇàÃÒá̅Ç¹Ð ĉ¹˕ÐƤã¨чËÅÒ¹ªÒÂĉ¹ ä˴ÀÃÃÂÒчƤ",
        "Wed10_inlaw_Alex": "ĉ¹ÂÍÁģº ĉ¹Ť´˗Òġ¹á»Å¡... чڌªÒÂÊÍ§¤¹¨ÐÍԒ˴ÇÂā¹... á˅ĉ¹ÂÍÁģº˗Òà¸Íàʛ¹¤¹Ƥ áÅÐړ˗ÒԷ§ 2 ¤¹ģ¡ā¹ ĉ¹¨ÐÅÍ§à»ѕÂ¹ ¤ÇÒÁŤ´ĕÇàÍ§ɤ¹Ð^à¸Íàʛ¹˚Ç¹Ëѹ§ ¢Í§¤ÃÍº¤ģÇàÃÒ á̅Ç¹Ð ĉ¹äˑړ¨ÐºÃÃÂÒÂ¤ÇÒÁƂ¹Ƥ ׉Ģ§ä§",
        "Thu": "µÍ¹׉ĉ¹Ģ§ȤÂāº¹ÒÂ äˑä˴ËÃÍ¡ˎÍËәÁ ^ ĉ¹Ģ§äˑ˗Ò§ȤÂµÍ¹׉ ÊÒÇ˹ÍÂ#$e#ÃÒÂ¡ÒÃâ»Ã´¢Í§Ԫ¹ÁÒá̅Ç",
        "Fri": "ԧ¹à¸Íʁàʛ¹ªÒÇä˓Ɗ¹Ð țÁ? Í˒Ò§˹ÍÂġ¹ʁàʛ¹ ÍÒƚ¾чɊ¨ƃµ",
        "Sat": "Ɋ´Ī»´ÒΛ׉ ġ¹ʁäˑä˴˅Ò§¨Ò¡ħ¹ҽ¹æ àÅÂŚÒËģºĉ¹#$e#˶Òà¸Íà¡ƹÂ³á̅Ç ʁ¨ÐàˢÒã¨àÍ§áËÅÐ",
        "Sun": "à¸ÍäˑË¹ÒÇǣä§? ¾Ç¡àˤÒäˑä˴ŇÒàغÍā¹Ë¹ÒÇ ã̋àËȑÍ¹чà¤ÂŇÒ#$e#*¶Í¹ËÒÂã¨*",
        "Mon6": "ړǪ¡µ¡ã¨¹ÐàщÂ чà¸ÍÍÂÒ¡ÁÒ¤º¤¹áʱæ Í˒Ò§Ԫ¹àʛ¹àҮÍ¹",
        "Thu6": "ÊħÊƤ @ ÍÂÒ¡ɤâ·ÃėÈΉāºԪ¹äËÁ?",
        "Fri4": "Ȥ³µÒ¢Í§Ԫ¹ à¤Âàʛ¹ªÒÇä˓ÁÒʱÍ¹ ġ¹àʛ¹ÍÒƚ¾чˉÒ à¤ÒÃ¾Â¡˒Í§ÁÒ¡æ àÅÂ˕Ð#$e#˶ÒԪ¹äˑä˴áʱ¢¹Ò´׉ Ԫ¹ʁ¤§¨ÐʺÇÂÍÐäÃ¿ÒΓÁà¸Í ä˴˺Ò§˕Ð¹Ð",
        "Wed8": "ÍÂÒ¡¨Ðã̋¢ÒԪ¹ áʂ§áÃ§àËȑÍ¹¤¹ҽ¹æ ¨Ðä˴à˕¹ä˕ĈºāºÍàʥ¡ͻä˴$s#$e#ġ¹¤§àʛ¹ä»äˑä˴Ɗ¹Ð$s",
        "Fri8": "ĉ¹Ť´ÁÒµÅÍ´àÅÂ¹Ð ºÒ§ƧԪ¹ÍÒ¨¨Ðàʛ¹¾Ç¡ ֲˊ¹àš¹ä»ËˉÍÂ$s#$e#Ԫ¹à¤ÂŤ´˗Ò ¤§äˑƱã¤ÃÊ¹ã¨ãÂƤ ¤¹áʱæáººàÃÒ",
        "Fri10": "ړÁÐ ĉ¹ˉÐà¤Âàʛ¹µÒáʱֲâÁâË ã¹ÊÒÂµÒ¢Í§ȷ¡¤¹ á˅µÍ¹׉ĉ¹ړǪ¡˗Ò ĉ¹ʁàºÒÅ§ àËȑÍ¹¼Åä́чɊ¡§ÍÁ ˺Ò§á̅Ç˹Ò Ǝæ!$h#$e#ɤáÅĕÇàÍ§Ƥæ ˕Ðà˨ÒËәÁ^ɤáÅĕÇàÍ§Ƥæ ˕Ð ĢÂËɩ Ǝæ",
        "Wed10": "@! Ż´ä̍ƧƷщċ¡á»» ÅÐÁÒȤÂā¹ċ¡ËˉÍÂƤ¡˗Ò$h#$e#˗Òá˅¾Ç¡¤¹ħÂÅÐ˝Í¹ ÊġÂ׉à¢ÒŇÒÍÐäÃā¹àËÃÍ?",
        "Tue10": "¨ƃ§æá̅Ç Ԫ¹äˑ¤ÇÃÁÒι§ÍÁȷ¡Ͳ à¾ÃÒÐ¢ÒӴ׉ċ¡àˇÒäË˓ ËÃÍ¡¹Ð#$e#¤ÇÃ¨ÐړǪ¡Ƥ чĢ§ƱƚƇµÍԒÁÒ¡¡˗Ò$h",
        "Thu10": "àұÍäË˓чà¸Íáʱ àËȑÍ¹ĉ¹á̅Ç ġ¹¨ÐÂÒ¡ע¹àÂÍÐàÅÂáËÅÐ àÇÅÒÍÂÒ¡¨Ð»ģºĕÇ ˅ÍÍÐäÃãËˑæ#$e#ċ¡ħ¹à¸Í¨Ðړ˗Ò Ԫ¹ËÁÒÂ¤ÇÒÁ˗ÒÍÐäÃ#$e#àÍÒàÅÂÊȹ¡āºƚƇµã̋àʕÁч µÍ¹чĢ§ħÂӣ¹ÍԒáºº׉",
        "winter_1": "â̍... ġ¹ʺÒ§Ë¹ÒÇ¨ƃ§æ#$e#àұÍȤ³àʛ¹àʔ¡ ¤ÇÒÁË¹ÒÇġ¹äˑʴÍÂ¨ÐË¹ÒÇ ¢¹Ò´׉¹Ð"
    }
}
