{
    "header": {
        "target": "w",
        "formatVersion": 5,
        "hidef": true,
        "compressed": 128
    },
    "readers": [
        {
            "type": "Microsoft.Xna.Framework.Content.DictionaryReader`2[[System.String, mscorlib, Version=4.0.0.0, Culture=neutral, PublicKeyToken=b77a5c561934e089],[System.String, mscorlib, Version=4.0.0.0, Culture=neutral, PublicKeyToken=b77a5c561934e089]]",
            "version": 0
        },
        {
            "type": "Microsoft.Xna.Framework.Content.StringReader",
            "version": 0
        }
    ],
    "content": {
        "Snoring": "...*¤̳Í¡¡¡*...",
        "ComeBackLater": "...ʴÍÂ¡ĥºÁÒ µÍ¹ч¹ÒÂƱÍÐäÃ ¨Ðã̋ĉ¹ɤ¹Ð à˨ÒËɩ"
    }
}
