{
    "header": {
        "target": "w",
        "formatVersion": 5,
        "hidef": true,
        "compressed": 128
    },
    "readers": [
        {
            "type": "Microsoft.Xna.Framework.Content.DictionaryReader`2[[System.String, mscorlib, Version=4.0.0.0, Culture=neutral, PublicKeyToken=b77a5c561934e089],[System.String, mscorlib, Version=4.0.0.0, Culture=neutral, PublicKeyToken=b77a5c561934e089]]",
            "version": 0
        },
        {
            "type": "Microsoft.Xna.Framework.Content.StringReader",
            "version": 0
        }
    ],
    "content": {
        "Introduction": "ÊħÊƤ! ĉ¹ҚÍāÊ àʛ¹àª¿ á̅Çʁàʛ¹ à˨Ò¢Í§ÊµÒΓ´ÃÍ»«Òɵ¹#$e#àˢÒÁÒƊ ˶ÒȤ³˵Í§ËÒà¤ҳÍ§ҤÁ ĉ¹Ʊ¡Òá¿̃Í¹æ áÅÐàƪÂΓàʢ¹æ ˴ÇÂ¹Ð$h",
        "accept_865": "*ȿ´ſ´* ȿ´ſ´* ... ¡Х¹ËÍÁàµÐ¨ɱ¡!#$b#*ٻ´* *ٻ´* ... ÃÊªÒŵ«ÒºʻÒ¹! àةÍĪÁĜÊÊÒ¡æ щ!#$b#ġ¹¨Ð˵Í§àʛ¹ ÁÐàǲÍà·Èà¡ȕÍÃÊàƅÈáˉæ! ĉ¹ÂÍÁʸÒÂã̋Ȥ³ àҮÍáÅ¡āºЪ§׉",
        "Resort_Entering": "ä§ @! Ƥã¨чàʫ¹Ȥ³чщ à݋ÂÇĉ¹¨ÐàƊΓ¿¢Í§Ƥæ чËĥ§àˤÒàµÍΓºÒΓ¹Ð",
        "Resort_Leaving": "á̅Çà¨Íā¹ƽ¡ƧµÍ¹¡ĥºÁÒ¹Ð @",
        "Resort": "áÇÐÁÒËÒĉ¹чºÒΓä˴ ˶ÒȤ³˵Í§¡ÒÃà¤ҳÍ§ҤÁˉÐ",
        "IslandSouth_14_21": "ä§ àÍÒà¤ҳÍ§ҤÁՁÂ˕Ð? ĉ¹Ʊà¤ҳÍ§ҤÁàÁɩžàÈÉ ¨Ò¡ħµȶŴº˷Í§Ж¹ ¢Í§à¡ÒÐ׉˴ÇÂ¹Ð$h",
        "willyCrabs": "àˤ¡ɫ¾Ç¡׉ ÍÒ¨¨Ðàʛ¹àˤ¡чƤчɊ´ чĉ¹à¤ÂŇÒÁÒàÅÂ˕Ð...",
        "Mon": "ãʺ, ĉ¹ړàҳÍ§ÃÒÇàÂÍÐáÂÐ àбÂÇāºڌ¤¹á¶Ç׉#$e#ġ¹ÍÒ¨¨Ðàʛ¹ˢÍƤÍ˒Ò§Ëѹ§ ¢Í§¡ÒÃàʛ¹ ºÒΓà·¹à´ÍΓʁä˴¹Ð$h#$e#á˅ºÒ§Ƨĉ¹ʁä˴Ƃ¹ ġ¹ÁÒ¡àš¹ä»àËȑÍ¹ā¹...",
        "pamHouseUpgrade": "à̎ ĉ¹ä˴ʲÒÇÁÒ˗Òà¸Í ä»ʺÇÂÍÐäÃá¾ÁÁÒ˺Ò§ à¸ÍщʺÒ§ƱթÒã¨Ƥ§ÒÁÁÒ¡æ àÅÂ!$h#$e#á˅ˉÒàÈ̃Ò ĉ¹äˑŤ´˗Òġ¹ ¨ÐŇÒã̋à¸Íàƅ¡ 'ҤÁ' ¹Ð...",
        "pamHouseUpgradeAnonymous": "ĉ¹àʫ¹á¾ÁʱÍ¹Ë˹Ò׉... à¸Í֢Á¡̇Ò§ »Ò¡á·º¨Ðǖ§ɻàÅÂ! à¸ÍºÍ¡˗ÒƱºÒ§¤¹ʸÒÂ ʴÒ˺Ò¹Ëĥ§ãËˑã̋à¸Í!#$e#ã¤ÃʁµÒÁчŇÒáººԹ¹ ¾Ç¡à¢Ò¤ÇÃä˴ģº Ъ§ƤæµÍºá·¹!$h",
        "Saloon": "ÊħÊƤµÍ¹àʢ¹ ¨ÐģºÍÐäÃƤ˕Ð?",
        "Saloon4": "ÊħÊƤµÍ¹àʢ¹ Ť´«Ð˗ÒàËȑÍ¹ ÍԒ˺Ò¹á̅Çā¹",
        "SeedShop_Entry": "ÊħÊƤƫáÍΓ!/àÍÒ˕Ð ĉ¹˵Í§¡ÒÃÍÐäÃ˹ÒÒ.../˝Ò ι¹ġ¹¢Í§чĉ¹˵Í§؛Íщ!/¨ÐŇÒ«ÍÊžàÈÉ ¢Í§ĉ¹Ǵ¹׉˕Ð!/ƫáÍΓ! ƱÍÐäÃÊ´æ ˺Ò§?/ƫáÍΓ! ¹ÒÂƱÍÐäÃã̋ĉ¹˕Ð?",
        "Saloon8": "ä§ ÊħÊƤ @ Ƥã¨чä˴à¨Í¹Ð! чщƂ¹Ƥ˵Í¹ģº à¸ÍàÊÁÍ",
        "Saloon_Tue": "ÊħÊƤ! Ğ¡ˌÍ¹ä˴µÒÁÊºÒÂàÅÂ¹Ð ¢Íã̋Êȹ¡˕Ð",
        "Saloon_Thu": "à̎ ɤàËȑÍ¹à¸ÍˉÒ¨ÐҤÁ ÍÐäÃĪ¡ËˉÍÂ¹Ð",
        "Saloon_Fri": "Ǵ¹׉ȸÃš¨ä»ä˴ÊÇÂÁÒ¡ ˉÒƂ¹Ƥ¨ƃ§æ",
        "Tue": "ĉ¹ŇÒÍÒËÒÃ áµ¡˅Ò§ā¹ȷ¡ÍÒŷµΒ ÅÍ§ÁÒàʊ¤ɤ ʁá̅Çā¹¹Ð!#$e#Ȥ³ÍÒ¨¨Ðà¨Í ÍÒËÒÃ чɦ¡»Ò¡ʁä˴$h#$e#˶Òá˾ÍÐäÃ ʁºÍ¡ĉ¹˴ÇÂ˕Ð$s#$e#âÍà¤ á̅Çà¨Íā¹",
        "Wed": "àÍƁѕŇÒ§Ò¹чщ ÁÒä˴Ī¡Ğ¡á̅Ç˕Ð ĉ¹¤§äˑړ¨ÐŇÒĢ§ä§ ˶ÒäˑƱà¸Í!#$e#ĉ¹¤§à¡ƵÂ´ ч¨Ð˵Í§̅Ò§¾Ç¡Ë́Í àË˕ÒԹ¹Է§ËÁ´ ˴ÇÂĕÇàÍ§$s",
        "Thu": "á¾ÁáÅÐ¤ƅ¹·ÁÒч«Òɵ¹ á·º¨Ðȷ¡Ǵ¹#$e#¼Á¤§à̘§áˉæ ˶ÒÊÍ§¤¹Թ¹äˑÁÒ$h#$e#á̅ÇÍ˒Òä»ä˕ ¾Ç¡à¢Ò˕Ð!",
        "Thu6": "¤ƅ¹·ÁÒч«Òɵ¹àǱÍºȷ¡Ǵ¹ áÅÐι§ч»ÃÐĸÒ ḁ̂ÐàŴÁµÅÍ´#$e#ºÒ§¤Ճ§ʁàʫ¹à¢Ò àËȕÍºÁÍ§àÍƁѕ ˴ÇÂÊÒÂµÒчɤ »ÃÐËˑÒž¡Å țÁ...#$e#ºÒ§Ƨι¹ ÍÒ¨¨Ðàʛ¹ÊÒàËȵ чà¢ÒÁÒˊÍÂʁä˴ â̍щáËÅÐ áË˕§ŇÒàŧ¹Ԫ¹ƤàÅÂ˕Ð",
        "Thu8": "á¾ÁÁÒч«Òɵ¹àǱÍº ¨Ðȷ¡Ǵ¹àÅÂ áÅÐҤÁàƪÂΓ ä»àÂÍÐÁÒ¡#$e#àÍÒà¶ÍÐ ĉ¹ʁäˑ¤ÇÃä» ĕ´Ɗ¹ÍÐäÃ ɵ¡ˤÒĉ¹щ¹Ò",
        "Fri": "˗Òä§ @ ÊħÊƤ ˶Òà¸ÍÍÂÒ¡¨ÐҤÁ ŇÒäÁäˑáÇÐÁÒ ч«Òɵ¹Ī¡ËˉÍÂ˕Ð?",
        "Fri4": "ĉ¹äˑʴÍÂҤÁ àˇÒäË˓ËÃÍ¡ чŇÒÍԒʁàҮÍ »Ò¡˷Í§ËˉÐ#$e#ǖ§á́¨ÐÊȹ¡ ä»āº¡ÒÃ ŪÁÃÊªÒŵ¢Í§ ÊµÒΓŴÇáÇÅѕƇ¹à·¨ àʛ¹ºÒ§¤Ճ§ʁà¶ÍÐ",
        "Sat": "Ȥ³ŇÒ¤ģÇàʱ§áʴäË¹ @?#$e#˶ÒȤ³Ʊ¤ģÇ āºɺµÃÍÒËÒÃĪ¡ËˉÍÂ Ȥ³¨ÐŇÒÍÒËÒÃчƱ »ÃÐâÂªΉä˴àÅÂ#$e#ÍÒËÒÃŇÒàÍ§ ʁàʛ¹¢Í§¢ħ­ чƤäˑ˹ÍÂ àʺ¹ā¹",
        "Sun": "ȸÃš¨ʴÍ¹ˢÒ§ ρ¹¤§á̅Ç ¢ÍºȤ³àË˕Òɵ¡ˤÒ »ÃÐĸÒԷ§ËÅÒÂ"
    }
}
