{
    "header": {
        "target": "w",
        "formatVersion": 5,
        "hidef": true,
        "compressed": 128
    },
    "readers": [
        {
            "type": "Microsoft.Xna.Framework.Content.DictionaryReader`2[[System.String, mscorlib, Version=4.0.0.0, Culture=neutral, PublicKeyToken=b77a5c561934e089],[System.String, mscorlib, Version=4.0.0.0, Culture=neutral, PublicKeyToken=b77a5c561934e089]]",
            "version": 0
        },
        {
            "type": "Microsoft.Xna.Framework.Content.StringReader",
            "version": 0
        }
    ],
    "content": {
        "Introduction": "̽Ð à¸Íġ¹àʔ¡ãËˑщ¹Ò ãʺǣà»˕Ò?#$e#à̍Í... ĉ¹ҚÍàÎƵΒ¹Ð#$e#ȝÁÁ... ˶Òà¸Íäˑã˚àغÍ˼Òâ·ÃÁæ Í˒Ò§Թ¹ ĉ¹˗Òà¸ÍˉÒ¨ÐˉÒģ¡ÁÒ¡æ àÅÂ¹Ð... á˅ʺÒ§ġ¹à¶ÍÐ",
        "Resort_Entering": "ĉ¹àʫ¹âÅÁÒ µÃ§·Ò§àˢÒ˴ÇÂ˕Ð!",
        "Resort_Leaving": "¾ÃÐÍÒŷµΒˉÐ ƱºÒ§Í˒Ò§чŇÒã̋ĉ¹ړǪ¡Ƥ",
        "Resort_Shore": "ġ¹á»Å¡Ƥ¹Ð Ê¶Ò¹ч˅Ò§æ чƚƇµ¨Ð¾ÒàÃÒä»¾ºà¨ÍˉÐ... ã¤Ã¨Ðړ˗ÒˢÒ§¹Í¡ι¹ ƱчäË¹ã̋ˤ¹¾ºƽ¡˺Ò§?",
        "Resort_Shore_2": "̇ÒÇ ɤƊ˗ÒáÊ§ÍÒŷµΒч¢Íº˿Ò ˚Í§»ÃÐ¡ÒÂÃÐƂºÃÐĢºáʴäË¹!$h#$b#ĉ¹¾ę¹˗Ò àÃÒ¨Ðä˴ÀÒ¾ĭ¹ˉÒҥ¹µÐǥ§ ¢Í§©Ò¡¾ÃÐÍÒŷµΒµ¡ чщáˉ¹Í¹#$e#¤Ճ§Ë˹Òĉ¹˵Í§äˑȕÁ ¾¡¡̅Í§ÁÒ˴ÇÂá̅Ç˕Ð",
        "Resort_Towel": "¡ÒÃŇÒżÇá·¹áººä̃чŵ ǴÍ§Ò¹ƈÅ»Ð...#$e#ʁ¤̅ÒÂæ āº¡ÒÃ˒Ò§ÁÒΓªàÁÅâ˕Ç ι¹áËÅÐ... à¸Í¨Ð˵Í§ ¾ƅ¡˓Ò§¡ÒÂã̋ɦ¡Ĉ§ËÇÐ$h",
        "Resort_Towel_2": "àÍ¹Ëĥ§Å§º¹ËÒ´à¢µ̃Í¹#$b#*àËàÍÍÍ* ĉ¹Ť´˗Òã¹чɊ´ ĉ¹ʁà¨Íч¢Í§ĉ¹ ã¹Ĉ¡ÃÇÒÅĭ¹¡̇Ò§ãËʽ׉ á̅Ç˕Ð#$e#á˅ĉ¹Ť´˗Ò ÊµÒΓŴÇáÇÅѕʁàʛ¹Ê¶Ò¹ч чäˑàÅÇàËȑÍ¹ā¹!$h",
        "Resort_Towel_3": "àҮÍ¹¢Í§àÍƁѕ˚§ Ȫ´˗ÒÂթÒȪ´׉ÁÒã̋ĉ¹ ¨Ò¡àȑÍ§ɛɛàƚÂÇ¹Ð#$e#àȑÍ§á˛§á¿Ϊ¹ˉÐ àʛ¹ƽ¡ÃÐĔºǙ§àÅÂ ãʺՁÂ˕Ð?$h",
        "Resort_Chair": "ĉ¹·Òƺàʥºà˷Ò¢Í§ĉ¹ ã̋àʛ¹ƺ˿Ò ¨Ðä˴àˢÒā¹āº·ÐàÅĢ§ä§˕Ð à¸ÍŤ´˗Òä§˺Ò§? *݆¡݂¡* *݆¡݂¡*$h",
        "Resort_Bar": "āÊª§թÒ¼Åä́чˉÒ̳Ò¡¡¡ ˉÒģ¡ ã̋ĉ¹â´Âà©¾ÒÐ˴ÇÂ˕Ð!$h",
        "Resort": "ªÒÂËÒ´׉ġ¹ʺÒ§ä̃чŵ ˶Òĉ¹ÍԒчщµÅÍ´ä»ä˴˕Ðʁ ĉ¹ŇÒáˉ!",
        "danceRejection": "ދ...äˑ˕Ð!",
        "divorced": "ĉ¹¨ÐƤע¹˴ÇÂĕÇĉ¹àÍ§...$7#$e#¢ÍºȤ³ŚÒËģº¤ÇÒÁ·Ã§ĸÒ$7#$e#ŇÒäÁà¸Íǖ§Ģ§ Ǣ´ŵ´ÍԒāºĉ¹? ¡ĥºä»ã˪ƚƇµ¢Í§à¸ÍƊ$7",
        "breakUp": "̽Ð!$8#$b#â̍... ҎÁÁ à¸ÍŇÒÍ˒Ò§׉āºĉ¹ʱÍ¹¹Ð ̻Ð? ä˴...",
        "dumped_Girls": "ĉ¹äˑƱÍÐäÃ¨Ðɮ´āºà¸Í!$a",
        "secondChance_Girls": "ʁä˴ ʁä˴... ĉ¹¨ÐäˑŇÒàʢ¹ªÒāºà¸Íá̅Ç áʴĪ­­Òāºĉ¹ à¸Í¨Ðäˑâ¡Ë¡ĉ¹՛Òƽ¡¤Ճ§$s",
        "Mon": "ĉ¹˗ÒàȑÍ§׉ġ¹àʥ¡ä»˝Ð ġ¹á˒¹Ð$u#$e#ĉ¹˵Í§ĂºÃ¶ä»ċ¡ 20 äÁΕ àҮÍä»؛ÍàغÍ˼ÒàËÁÒÐæ$s#$e#ι¹áËÅÐ àËȵ¼Å˗ÒŇÒäÁĉ¹ǖ§˵Í§ ϊ§¢Í§ÍÍ¹äÅΉàÍÒ#$e#ÍÐäÃ?",
        "Tue": "ÃÍ§à˷ÒÊÇÂ¹Ð#$b#ġ¹ŇÒ¨Ò¡¾ÅÒÊŵ¡ǣà»˕Ò#$e#ˉÒàҪÍĈ§",
        "Wed": "Ъ§àƤÂÇчĉ¹ªÍº àбÂÇāºàȑÍ§׉ ǴÍªÒÂËÒ´$u",
        "Thu": "#$1 HaleyClothes#ĉ¹ĕ´Ɗ¹ã¨á̅Ç˗Ò ħ¹׉ĉ¹¨ÐĈ´څàغÍ˼Ò ĉ¹¨ÐâÂ¹¢Í§àªÂæ֗§ ¨Ðä˴Ʊч˗Ò§ŚÒËģº Ȫ´ãËˑ!#$e#*¶Í¹ËÒÂã¨* á˅ÍÂÒ¡š¹ Ą¾àˤ¡ Ĉ§àÅÂ˝Ð#$e#ƱÍÐäÃàËÃÍ?",
        "Fri": "%àÎƵΒıÒĥ§àƁ¹Ȥ³",
        "Fri2": "Ч§ÃÍº¿ÒΓÁËȓÍ ŇÒÍÐäÃчι¹Է§ħ¹ à¸ÍäˑàËҩÍÂ˺Ò§àËÃÍ?#$e#ĉ¹äˑªÍºɅÂ¨¹ àÅÍÐà·ÍÐáººԹ¹àÅÂ#$e#á˅ŇÒáººԹ¹żÇ¤§ ¡ÅÒÂàʛ¹ƺá·¹ÊÇÂƤ¹Ð",
        "Sat": "ĉ¹ ړǪ¡ ÍÂÒ¡ ªÍ»֛§ ̽Ò! ÍÂÒ¡ã̋Ʊ̋Ò§ÍԒá¶Ç׉Ĉ§",
        "Sun": "юÊÒÇĉ¹щá»Å¡¤¹ ºÒ§Ƨĉ¹ʁŤ´˗Ò¾Ç¡àÃÒ àʛ¹ю˹Í§ā¹¨ƃ§æ ËȓÍà»˕Ò$u",
        "Wed8": "ƱÊÍ§Í˒Ò§ чĉ¹ªÍºã¹àȑÍ§׉#$b#Ëѹ§ǴÍƱªÒÂËÒ´#$e#˚Ç¹ƽ¡Í˒Ò§ ¤ÇÒÁĥº˨Ð! *ƎƎ*$h",
        "Tue2": "ħ¹׉¨ÐƱ¤ҵ¹ċ´ à»ȕÍ¡ËÍÂÊÇÂæ ÁÒâ¼˕á¶ÇªÒÂËÒ´ ËȓÍà»˕Ò¹Ð?#$e#ʺÇ§׉äˑãʺÄɤ чà»ȕÍ¡ËÍÂ¨Ðâ¼˕ÁÒ «Ð˴ÇÂƊ",
        "Wed4": "´Í¡ä́àУÁ˺Ò¹á̅Ç ƤĈ§!#$e#â´Âà©¾ÒÐ´Í¡ƺªÁɮ µÃ§Թ¹˚§¡Х¹ËÍÁĈ§àÅÂ$h",
        "Fri6": "ĉ¹˵Í§ËÒ§Ò¹ÍŴàÃ¡Í˒Ò§ҽ¹ ¹Í¡¨Ò¡ªÍ»֛§á̅Ç˕Ð#$e#ĉ¹ĕ´Ɗ¹ã¨á̅Ç˗Ò ĉ¹˵Í§àŻ´ɁÁÁÍ§ ã̋¡̇Ò§ע¹#$e#ËȓÍ¨ÐÅÍ§ī´Ƥ´ž³Ƥ¹Ð?",
        "Mon6": "ĉ¹à¤Âˊ¹˗Ò àȑÍ§׉àʥ¡àš¹ä» á˅¡ÅÒÂàʛ¹˗Ò ĉ¹àУÁªÍºġ¹«Ðԧ¹#$e#˶Òġ¹ãËʽ¡˗Ò׉ ʁ¤§¨ÐړǪ¡˗Ò äˑàʛ¹ȪÁª¹á̅Ç˕Ð",
        "Thu6": "àұÍǴ¹ĉ¹ŇÒÍÒËÒÃϔÒ á̅Çġ¹ʁÍÍ¡ÁÒã˪ä˴¹Ð!#$e#á˅˗Òĉ¹ŇÒ ̋Í§¤ģÇàÅÐä»ËÁ´àÅÂ...",
        "Sun6": "ĉ¹àУÁŤ´˗Ò ¨Ðºƃ¨Ò¤àغÍ˼ÒĪ¡ËˉÍÂ... ĉ¹˵Í§ƱÃÍ§à˷Òàʛ¹ ̃ÍÂӴáˉæ",
        "Sat8": "#$1 haleySeagull#àұÍÇÒ¹׉ĉ¹ä»à¨Í ¹¡¹Ò§¹ÇÅ ƫ¡ġ¹ŵ´ÍԒã¹µÒʲÒÂ... áˉ˕Ð! ĉ¹˵Í§»˕ÍÂġ¹ÍԒá̅Ç ʁġ¹ɤˉÒÊ§ÊÒÃщ¹Ò$k$s#$e#ړäËÁ! ˗Òĉ¹˵Í§àУÁ ÍÍ¡ıÒĥ§ÁÒ¡ע¹ á̅Ç˕Ð... ¡ÒÃà¼Ò¼ÅÒ­¾ĥ§§Ò¹ ¢Í§ħÂӣ¹ġ¹ÍԒäˑ¹Ò¹ ËÃÍ¡à¹ÍÐ",
        "Fri10": "@ä̇Ī¡ħ¹àÃÒä»àчÂÇ Ե§á¤Á΋ā¹äËÁ?#$e#чæá»Å¡ãËˑчɊ´ чĉ¹à¤Âä»ǴÍàұÍ§ɛɛ",
        "Event_clean1": "*¶Í¹ËÒÂã¨*...$u",
        "Event_clean2": "äˑ!! ĉ¹¨ÐäˑŇÒàʔ´¢Ò´!#$b#¾Ç¡à¸Íġ¹зàʷÒԷ§ӴàÅÂ!%fork$a",
        "Event_clean3": "à¸Í¤ÇÃ¨ÐàȕÍ¡·Ò§чƤ¡˗Ò? ... ι¹ËÁÒÂ¤ÇÒÁ˗Òä§ā¹áˉ?$u#$b#à¸ÍŤ´˗Òĉ¹ àʛ¹àʔ¡˹ÍÂËȓÍä§ ̻Ð!%fork$a",
        "Event_jar1": "àђÂÁ ԧ¹à¸Íʁ¤§¨Ð àŻ´âËÅ׉ã̋ĉ¹ ä˴ÊºÒÂæàÅÂƊ¹Ð!$h",
        "Event_jar2": "â̍...äˑËÃÍ¡àËÃÍ? ȝÁÁÁÁ...$s#$b#Ģ§ä§ʁÅÍ§ʺÇÂĉ¹ àŻ´âËÅ׉ɤʱÍ¹ä˴äËÁ?",
        "Event_darkroom1": "â̍Ç ¢ÍºȤ³ÁÒ¡!$h",
        "Event_darkroom2": "â̍ ĉ¹Ť´˗Òà¸ÍړÍԒá̅Ç#$b#̋Í§׉àÍÒä̇ĭ´ɳ»ˉÐ",
        "Event_darkroom3": "Í˒Ò§Թ¹àËÃÍ...?$s",
        "Event_darkroom4": "â̍Ç ¢ÍºȤ³ÁÒ¡!$h",
        "Event_darkroom5": "â̍ ĉ¹Ť´˗Òà¸ÍړÍԒá̅Ç#$b#̋Í§׉àÍÒä̇ĭ´ɳ»ˉÐ",
        "Event_darkroom6": "Í˒Ò§Թ¹àËÃÍ...?$s",
        "Event_beach1": "äˑ ŇÒԧ¹äˑä˴¹Ð! ıÒäÅщàʛ¹¢Í§ чµ¡·Í´ÁÒ¨Ò¡Ȥ³˒Ò·Ç´ ¢Í§ĉ¹àƚÂÇ¹Ð!$a",
        "Event_beach2": "*¶Í¹ËÒÂã¨*$s#$b#...ºÒ§Ƨġ¹ÍÒ¨ ¨Ðâ´¹ċ´ע¹ν§чҽ¹ʁä˴... ĉ¹äˑÍÂÒ¡Ť´˗Ò ġ¹¨Ð¨Áä»ÍԒã˵·ÐàÅá̅Ç",
        "Event_room1": "à¢ÒàËÃÍ?...äˑ!#$b#...àÍÒ˕Ð ĉ¹˗Òĉ¹à¤ÂªÍºÍàʥ¡ͻ¹Ð á˅äˑá̅Ç˕Ð! ... µÒι¹ɵ¡áËʷ¨ÐµÒÂ",
        "Event_room2": "ÍÐäÃ¹Ð? ...ğ§ɤˉÒÊȹ¡¹Ðá˅ĉ¹ Ģ§äˑÍÂÒ¡¨Ðä»¨Ò¡ ÊµÒΓŴÇáÇÅѕ µÍ¹׉ËÃÍ¡...",
        "Event_room3": "ËÒ? áÍ¹´ÃÍÂ΄ǴÍÍÐäÃàËÃÍ?",
        "summer_Mon": "Ë˹Ò̃Í¹׉ ĉ¹¨Ð˵Í§ƱżÇƺá·¹ÊÇÂæ ã̋ä˴àÅÂ",
        "summer_Tue": "ދ à¸ÍÊ¡»Ã¡ä»Է§ĕÇàÅÂ",
        "summer_Wed": "˝Ò... ʴÐ?#$e#äˑä˴Ƃ¹чà¸Íɮ´àÅÂ ¾ÍƤıÒĥ§Ť´àҳÍ§ҽ¹ ÍԒˉÐ",
        "summer_10": "à¸ÍƱɵ¡¡ÃÐ˅ÒÂã¹¿ÒΓÁ ËȓÍà»˕Ò? ¾Ç¡ġ¹ˉÒģ¡ÁÒ¡àÅÂ¹Ð! <",
        "summer_Thu": "˶ÒÍԒ¡ÅÒ§á´´ˊÍÂ à̊¹¼Á¢Í§à¸Í ¨Ðàʛ¹ƺºÅÍ¹΄ÁÒ¡ע¹#$e#ړä̇äˑàƺÂËÒÂ¹Ð!",
        "summer_Fri": "ÍÂÒ¡ړĈ§˗Ò Íàʥ¡ͻ ŇÒÍÐäÃÍԒħ¹׉...#$e#àͭ? äˑė¹Ī§à¡µàÅÂ˗Ò à¸ÍÍԒµÃ§Թ¹",
        "summer_Sat": "ŇÒ§Ò¹ã¹¿ÒΓÁ ğ§ɤˉÒàҪÍĈ§...#$q 42/43 summer_Sat_old#ħ¹æŇÒÍÐäÃ˺Ò§ˉÐ?#$r 42 10 summer_Sat_12#ɤáÅȎª¼Å#$r 42 10 summer_Sat_12#ŚÒÃÇ¨զÒ#$r 43 -10 summer_Sat_13#áÍº˚Í§̋Í§à¸Í#$r 42 10 summer_Sat_12#Ȣ´ÊÁĚŵ",
        "summer_Sat_old": "#$p 43#à̎ Í˒ÒÁÒáÍº˚Í§̋Í§ĉ¹ƽ¡¹Ð!$a|á˅ĉ¹˗Òġ¹ŇÒã̋à¸Í Ʊɳ»˓Ò§Ƥ¹Ð",
        "summer_Sat_12": "țÁÁÁ... ˇÒ·Ò§¨Ð§Ò¹Ëę¡àÅÂ¹Ð",
        "summer_Sat_13": "ÍÐäÃ? à¸ÍäˑŇÒáººԹ¹¨ÐƤ¡˗Ò¹Ð!$a",
        "summer_Sun": "»¡ŵàÍƁƵ¨Ðàʛ¹ ¤¹ŇÒÍÒËÒÃ... á˅à¸ÍªÍºŇÒÍÐäÃá»Å¡æ Í˒Ò§ˢÒÇˏÒ§Íº",
        "summer_Tue2": "щà¸Íã˚àغÍ˼ÒáººԹ¹ ȷ¡ħ¹àÅÂàËÃÍ?",
        "summer_Tue4": "$p 47#à̎ ĉ¹ä˴à¤ҳÍ§ȑÍ ÁÒàŻ´¢Ç´âËÅá̅Ç˕Ð ĉ¹äˑ˵Í§Ãº¡Ç¹à¸Í ÁÒʺÇÂƽ¡á̅Ç$h|ħ¹׉˷Í§˿Ò äˑƱàÁ˦àÅÂ¹Ð$h",
        "summer_Wed4": "ħ¹׉̃Í¹Ĉ§!#$e#ÍÂÒ¡š¹äÍÈ¤ƳÁ$s",
        "summer_Fri4": "ĉ¹ǝ¡àʋ¹ҚÍÍԒ 3 ΪÇâÁ§ħ¹׉#$e#ğ§ɤзàʷÒãʺäËÁ˕Ð?",
        "summer_Thu6": "˶ÒÍÍ¡á´´¹Ò¹æ à̊¹¼Á¨Ð¡ÅÒÂàʛ¹ ƺºÅÍ¹΄ÁÒ¡ע¹... á˅ÍԒ¹Ò¹ä»żÇʁ¨ÐäË́¹Ð#$e#ĉ¹˵Í§¡ÒÃáÊ§á´´ áʴ¾ÍÊÁ¤ÇÃ... ȷ¡Í˒Ò§˵Í§àÍÒá˅ ¾Í»ÃÐÁÒ³ãʺäËÁ",
        "summer_Mon6": "ĉ¹¤ÇÃ¨ÐàУÁ ī´˝Ò¹Ëę§ȚÍÍ˒Ò§ҽ¹... ¹Í¡¨Ò¡¾Ç¡ ŹµÂÊÒÃá̅Ç˕Ð#$e#¡ÒÃàƳÂ¹ړàʛ¹Ъ§ чƤãʺäËÁ˕Ð?#$e#ĉ¹à¤ÂÁÍ§ á˅ɳ»ä»ˌÒ¹æàˇÒԹ¹",
        "summer_Sun6": "#$1 HaleySister#ĉ¹ȤÂāºюÊÒÇ Ī¡Ğ¡Ëѹ§àұÍǴ¹׉... ¤ÇÒÁ¨ƃ§ġ¹ʁÊȹ¡Ƥ àËȑÍ¹ā¹¹Ð#$e#ړà»˕Ò ¤ÇÒÁ¨ƃ§ àÍƁƵ ʁäˑãʺ¤¹á»Å¡Ī¡àˇÒäË˓... ĉ¹Ť´˗ÒàÃÒ ƱÍÐäÃчàËȑÍ¹ā¹ ÁÒ¡¡˗Òчà¤ÂŤ´#$e#Í˒ÒàÍÒä»ºÍ¡à¸Í¹Ð ˗Òĉ¹ɮ´áºº׉",
        "summer_Sat6": "ħ¹׉ˉÒÅ§ä»˗ÒÂթÒ¹Ð!",
        "summer_Tue8": "ĉ¹˗Ò¡ÒÃã˪ƚƇµÍԒã¹ª¹º· ʁäˑàÅÇ¹Ð#$e#˶Òĉ¹ÍÒĨÂÍԒã¹àȑÍ§ ĉ¹¤§˵Í§Ť´ǖ§ ˵¹ä́ãºË˭Òчщ#$e#чàʛ¹áºº׉¤§à¾ÃÒÐĉ¹ ã˪àÇÅÒāºà¸ÍÁÒ¡ä»áˉæ",
        "summer_Fri10": "̍ÒÇ ˗Òä§ @!#$e#à¸ÍªÍºàʔ¡æËȓÍà»˕Ò?$l",
        "fall_1": "щàˢÒÄɤãºä́˓Ç§ á̅ÇàËÃÍ?$s",
        "fall_Mon": "ġ¹ˉÒ¢ÂÐá¢Â§ÁÒ¡... µÍ¹чãºä́˓Ç§¾Ç¡׉ àУÁàˉÒÍԒº¹خ¹",
        "fall_Tue": "ȝÁÁ...¡Х¹ȵæ¹Ð...#$e#à¸Íä»ŇÒ§Ò¹ã¹¿ÒΓÁ ÁÒàËÃÍ țÍ?",
        "fall_Wed": "â̍ ˗Òä§... ¨ÐàÍÒÍÐäÃǣà»˕Ò?",
        "fall_Thu": "ÍÂÒ¡ªÍ»֛§Ĉ§ *¶Í¹ËÒÂã¨*",
        "fall_Fri": "чŵ´º¹àʲÒà¸Íι¹ àÈÉË˭ÒËȓÍà»˕Ò?#$e#â·ÉƧ¹Ð... ĉ¹á˾Ë˭ÒˉÐ",
        "fall_Sat": "µÍ¹׉Ë¹ÒÇàš¹¡˗Ò¨Ðä» àŴ¹à˕¹ªÒÂËÒ´á̅Ç#$q 44 fall_Sat_old#*¶Í¹ËÒÂã¨*...à¸Í˗Òħ¹׉ĉ¹¤ÇÃ ¨ÐŇÒÍÐäÃƤ¹Ð?#$r 44 10 fall_Sat_12#ÇÒ´ɳ»ƺթÒ#$r 44 20 fall_Sat_12#Ğ¡ˌÍ¹˝Ò¹ŹµÂÊÒÃ#$r 44 -30 fall_Sat_13#àƅ¡ŇÒĕÇàʛ¹ àʔ¡ֲá§àʫ¹áʱĕÇ",
        "fall_Sat_old": "à݋ÂÇ¡ĥºä»¹Í¹Ī¡ƗºƤ¡˗Ò",
        "fall_Sat_12": "ȝÁÁ... Թ¹ʁàʛ¹äÍàƤÂчƤ¹ÐÁÒ¡ ¨ƃ§æ¹Ð",
        "fall_Sat_13": "ä»ä¡ÅæàÅÂ... ä»äÍâʷâÃ¤Ũµ$a",
        "fall_Sun": "ĉ¹äˑà¤ÂàˢÒä»ã¹ˋÒàÅÂ ġ¹Ʊá˅ֲâ¤Å¹˝Ð... ˶Òâ´¹á̅Ç ¨ÐƱҬ¹ע¹чà˷Òĉ¹",
        "fall_Tue2": "àËȑÍ¹¨Ðä˴¡Х¹Ŵ¹...#$b#̍Í...¨ƃ§Ɗ à¸ÍŇÒ§Ò¹ã¹¿ÒΓÁщËˉÒ",
        "fall_Fri4": "à¸ÍË˹ÒµÒàËȑÍ¹ àО§ŇÒ§Ò¹Ëę¡ ÁÒàÅÂ¹Ð#$b#äˑä»Ğ¡ËˉÍÂàËÃÍ?",
        "fall_Wed4": "˶Òàš´ړǪ¡àҪÍæ ʁÁÒė¡·ÒÂā¹ä˴¹Ð",
        "fall_Thu6": "¡ÒÃªÍ»֛§äˑä˴ğ§ɤ ˉÒÊȹ¡àËȑÍ¹àұÍʱÍ¹á̅Ç#$e#ĉ¹àʛ¹ÍÐäÃä»¹Ð?#$e#ȝÁÁÁÁ...",
        "fall_Mon6": "$p 48#ĉ¹à¤ÂºÍ¡à¸ÍäËÁ˗Ò ıÒäÅ¢Í§Ȥ³˒Ò·Ç´ƽ¡ˢÒ§ ġ¹ÍԒã¹̋Í§ã˵Ëĥ§¤Ò?|àʫ¹ıÒäÅщäËÁ? ¢Í§Ȥ³˒Ò·Ç´ĉ¹àÍ§#$e#Ȥ³˒Ò·Ç´¢Í§ĉ¹ àʛ¹ڌËŭ§чˉÒÊ¹ã¨ÁÒ¡æ àÅÂ˕Ð",
        "fall_Sun6": "ĉ¹äˑà¤ÂàˢÒˋÒàÅÂ¹Ð à¸Íʁړ#$e#á˅˗Òġ¹ʁˉÒàˢÒä» ŚÒÃÇ¨ã¹Ī¡ħ¹Ǚ§¹Ð",
        "fall_Tue8": "ĉ¹àУÁ¨ÐªÍº ¡Х¹Ŵ¹ע¹ÁÒá̅ÇƊ ġ¹ğ§ɤá»Å¡æ ¹Ð˗ÒՁÂ?#$e#ĉ¹Ť´˗Òġ¹¤§àʛ¹à¾ÃÒÐ à¸ÍÁÒËÒĉ¹ µÅÍ´àÇÅÒáˉæàÅÂ!",
        "fall_Mon10": "@ ĉ¹Ƥã¨чä˴à¨Íà¸Í ã¹ħ¹׉¹Ð$h",
        "winter_Mon": "ĉ¹ÍÂÒ¡ÍԒчӭ¹æ ¡˗Ò׉Ĉ§",
        "winter_Tue": "˗Òä§ ˵Í§¡ÒÃÍÐäÃ¨Ò¡ĉ¹àËÃÍ?#$e#...",
        "winter_9": "ҎÁÁ àغÍà¸Íђ̋ÍÍÐäÃËÃÍ?#$e#â̍ ȝÁ ʺÒ§ġ¹à¶ÍÐ",
        "winter_Wed": "ĉ¹Ëħ§˗Ò¨ÐƱã¤ÃºÒ§¤¹ àÍÒ¡Òá¿à»»à»ÍΓƁ¹΅ ÁÒã̋ĉ¹Ĉ§$s#$e#á˅äˑ˵Í§Ê¹ã¨ËÃÍ¡... ĉ¹ړ˗ÒĢ§ä§à¸Í ʁŇÒäˑàʛ¹ÍԒƤ",
        "winter_Thu": "ĉ¹¨Ðä»¨´ÃÒÂҚÍàغÍ˼Ò чĉ¹˵Í§¡ÒÃã¹ Äɤãºä́¼ƅƫË˹Ò˕Ð",
        "winter_Fri": "à¸ÍƱɵ¡́Òã¹¿ÒΓÁ¢Í§à¸Í ǣà»˕Ò$h#$e#̍ÒÇ ˉÒż´Ëħ§Ĉ§...$s",
        "winter_Sat": "Ъ§àƤÂÇчƤчɊ´ ã¹Ë˹ÒË¹ÒÇ ǴÍ¡ÒÃ¹Í¹... ĉ¹ÊÒÁÒÃ¶¹Í¹Í˒Ò§˹ÍÂ 10 ΪÇâÁ§ȷ¡Ǵ¹àÅÂ¹Ð",
        "winter_Sun": "à¸ÍʺÇÂä»ė¡·ÒÂ Íàʥ¡ͻ á·¹ĉ¹ä˴äËÁ?#$e#¢Íºã¨¹Ð",
        "winter_Tue2": "à¸ÍҚÍ @ ãʺˋÐ?#$e#ĉ¹ȕÁˉÐ",
        "winter_Tue4": "ä§ @#$e#¾Í¨ÐƱÍÐäÃˉÒҥ¹à˵¹ ã¹¿ÒΓÁà¸Í˺Ò§»Ð?",
        "winter_Wed6": "ĉ¹àУÁ¨ÐŤ´ä˴˗Ò ¤ÇÒÁɤƤ äˑãʺЪ§чŚÒĄ­чɊ´ ËÃÍ¡à¸Í˗ÒäËÁ#$e#á˅ĉ¹ʁĢ§ªÍºá˅§ĕÇÍԒ¹Ð ĉ¹ËÁÒÂǖ§...ŇÒäÁ àÃÒ¨ÐáÊ´§¤ÇÒÁàʛ¹ ĕÇµ¹¢Í§àÃÒÍÍ¡ÁÒ˺Ò§ äˑä˴˕Ð?",
        "winter_Thu6": "ĉ¹ˉÒ¨Ðºƃ¨Ò¤ ¡ÃÐâ»Ã§¢Í§ĉ¹ ä»˺Ò§¹Ð#$e#ĉ¹ËÁÒÂǖ§ĸÒ¹Ç¹¡ÃÐâ»Ã§ чĉ¹Ʊʁàš¹ 1,000 ĕÇä»á̅Ç$h#$e#...˗Òä§¹Ð?",
        "winter_Sun6": "ȝÁ ˶Òà¸Íàʫ¹ Íàʥ¡ͻ à¸ÍʺÇÂºÍ¡àˤÒä˴ՁÂ˗Ò ĉ¹äˑ˗Ò§ħ¹׉?#$e#¢ÍºȤ³¹Ð",
        "winter_Mon8": "ĉ¹ÍÂÒ¡ã̋ÊµÒΓŴÇáÇÅѕ ӭ¹¡˗Ò׉Ĉ§#$e#ĉ¹̂ÒÂä»чҽ¹ ʁä˴¹Ð á˅...",
        "winter_Fri8": "à¸ÍŤ´˗Ò à¸Í¨ÐƱɵ¡́Òã¹¿ÒΓÁ ˺Ò§äËÁ?",
        "winter_Sat8": "Ƃ¹Ƥ˴ÇÂчà¸ÍƱ§Ò¹ã̋ŇÒ ã¹ÄɤË¹ÒÇ˹ÍÂÅ§¹Ð#$e#¤§¨ÐƤчä˴Ğ¡˺Ò§à¹ÍÐ?",
        "winter_Sun10": "@ ħ¹׉à¸ÍɤˉÒģ¡Ƥ¹Ð#$e#...$h"
    }
}
