{
    "header": {
        "target": "w",
        "formatVersion": 5,
        "hidef": true,
        "compressed": 128
    },
    "readers": [
        {
            "type": "Microsoft.Xna.Framework.Content.DictionaryReader`2[[System.String, mscorlib, Version=4.0.0.0, Culture=neutral, PublicKeyToken=b77a5c561934e089],[System.String, mscorlib, Version=4.0.0.0, Culture=neutral, PublicKeyToken=b77a5c561934e089]]",
            "version": 0
        },
        {
            "type": "Microsoft.Xna.Framework.Content.StringReader",
            "version": 0
        }
    ],
    "content": {
        "Introduction": "Ƃ¹Ƥчä˴ړĈ¡ ¼ÁҚÍ ÎÒΓƷΒ àʛ¹á¾·Β»ÃÐĸÒ˷Í§Ж¹#$e#¼ÁŇÒ¡ÒÃµÃÇ¨Ɋ¢ÀÒ¾ áÅÐģ¡ÉÒã̋»ÃÐªÒª¹ Է§ËÁ´¢Í§àȑÍ§à¾ƅá¡¹ àʛ¹§Ò¹чŇÒã̋ړǪ¡ƱȤ³ʴÒ#$e#¼ÁËħ§˗ÒȤ³ ¨Ð¾º§Ò¹чŇÒã̋ړǪ¡ ƱȤ³ʴÒàËȑÍ¹ā¹¹Ð$h",
        "Resort_Entering": "¤ƳÁā¹á´´? àÍÒÁÒ...#$b#ËÁÇ¡ā¹á´´? àÍÒÁÒ...",
        "Resort_Leaving": "˶ÒżÇäË́˕Ðʁ ã˪¤ƳÁÍÐâÅàÇ˓Ò·ÒºÒ§æ ÍÒ¨¨ÐʺÇÂã̋Ƥע¹ä˴¹Ð",
        "Resort_Shore": "¼Áä˕¶Í¹Ë˭ÒԷ§ËÒ´ ֗§ËÁ´á̅Ç˕Ð àÃÒ¤§äˑÍÂÒ¡ã̋Ʊã¤Ã â´¹Ë˭ÒºÒ´à˷ÒËÃÍ¡ãʺՁÂ!",
        "Resort_Chair": "ƤĈ§¹Ð ч¹Ò¹æ Ƨ ƱâÍ¡ÒÊÁÒˌÍ¹¤ÅÒÂ˺Ò§#$b#ě­ËÒġ¹ÍԒч ¡ÒÃ»˕ÍÂÇÒ§¤ÇÒÁā§ÇÅ ¢Í§àÃÒщáËÅÐ..$s",
        "Resort_Bar": "ġ¹ŚÒĄ­¹Ðч¨Ð ҤÁթÒã̋àƮÂ§¾Í ã¹ÍÒ¡ÒÈ̃Í¹áºº׉ ¼Á¨Ðä»¶ÒÁāÊàƺÂËˉÍÂ ˗Òà¢Ò¾ÍƱթÒÁÐ¾̃ÒÇՁÂ!$h",
        "Resort": "¼Á¨ÐºÍ¡¤ÇÒÁĥº àʥ¡æ ã̋ğ§... ¼Á˗ÒÂթÒä˴ ˴ÇÂ˛Ç§ÂÒ§àˇÒԹ¹áËÅÐ$s",
        "danceRejection": "â̍! ¢Íâ·É˴ÇÂ... ¼Á à˝Í... Ե§ã¨¨ÐªÇ¹¤¹ҽ¹ÍԒá̅ÇˉÐ$s",
        "divorced": "¼... ¼ÁäˑÊÒÁÒÃ¶ÁÍ§ä»чȤ³ä˴ ä˴â»Ã´Í˒ÒỄÒ§ ¤ÇÒÁàʈº»Ç´ã̋¼Áƽ¡àÅÂ$s",
        "breakUp": "...¤...Ȥ³...?$s#$b#*ǭ¡*... ¼... ¼ÁŤ´˗Ò ¼ÁıÒĥ§ˋÇÂ...$s",
        "dumped_Guys": "¼ÁӢ§āº§Ò¹¢Í§¼ÁÁÒ¡ ¼ÁäˑÊÒÁÒÃ¶ȤÂāºȤ³ ä˴µÍ¹׉$s",
        "secondChance_Guys": "¼Á˵Í§¡ÒÃã̋Ȥ³ ¡ĥºÁÒÍԒã¹ƚƇµ¢Í§¼Áƽ¡¤Ճ§ @ ¼Á¨ÐȕÁàҳÍ§ÃÒÇ˅Ò§æ чà¤Âàš´ע¹$s",
        "Mon": "ã¹¤ƅŹ¡á˛§׉ ¾Ç¡àÃÒ¢ÒÂÂÒ чäˑ˵Í§ã˪ãºϊ§ÂÒ Í˒Òĥ§àÅч¨ÐàˢÒÁÒ ˶ÒȤ³ړǪ¡äˑÊºÒÂ#$b#¼Áړ˗Ò ¡ÒÃàʛ¹ªÒÇä˓ àʛ¹§Ò¹чËę¡Ë¹ÒÁÒ¡... Í˒Òī¡âËÁ˕Ð!",
        "Mon2": "¼ÁړǪ¡˗Ò˵Í§ģºż´ªÍº Ɋ¢ÀÒ¾¢Í§ȷ¡¤¹ã¹ȪÁª¹׉... ġ¹ʁà¤ƳÂ´ÍԒ¹Ð#$e#˴ÇÂ¤ÇÒÁч ġ¹àʛ¹ȪÁª¹¢¹Ò´àʥ¡ áÅÐʁâª¤Ƥ чỄÒ§ĪÁĞ¹ΈчƤ āº¤¹äˢчщä˴",
        "Mon6": "¼ÁŤ´˗Ò¨ÐÍԒч ÊµÒΓŴÇáÇÅѕ ä»Ī¡Ğ¡ ã¹чɊ´¼ÁʁàУÁړǪ¡ àʛ¹˚Ç¹Ëѹ§¢Í§ȪÁª¹Ī¡Ƨ#$e#ġ¹ŇÒã̋ړǪ¡Ƥ чä˴ŇÒĕÇƱ»ÃÐâÂªΉˉÐ",
        "Mon10": "â̍! ˗Òä§ @$l#$e#Ȥ³... ƱĴÒ¶ÒÁàбÂÇāº ¡ÒÃģ¡ÉÒàËÃÍ?$l",
        "Tue": "˶ÒȤ³ړǪ¡äˑÊºÒÂ áÇÐÁÒчÍÍ¿ſÈ¢Í§¼Á ä˴àÅÂ¹Ð#$e#ǖ§Ȥ³¨ÐĢ§ÍÒɂ˹ÍÂ äˑ˵Í§¾ÂÒÂÒÁŇÒÍÐäÃ ʁĢ§Ɋ¢ÀÒ¾ƤÍԒʁà¶ÍÐ$h",
        "Tue8": "Í˒ÒâËÁ§Ò¹Ëę¡ę¡˕Ð @ щàʛ¹ĴÒϊ§¨Ò¡á¾·Β!#$e#Ɋ¢ÀÒ¾¢Í§Ȥ³ŚÒĄ­ŚÒËģº¼Á$l",
        "Wed4": "¼ÁÍÂÒ¡¨ÐړĈ¡Ȥ³ÁÒ¡¡˗Ò׉ @ Ğ¡¤ÇÒÁĪÁĞ¹ΈËÁÍāº¤¹äˢ ¢Í§¾Ç¡àÃÒä̇ʱÍ¹¹Ð",
        "Wed6": "ġ¹Ƥ¹ÐчƱàҮÍ¹ã¹àȑÍ§ˉÐ$h",
        "Wed8": "Ȥ³ƱɊ¢ÀÒ¾Ƥ¨ƃ§æ ¹ÐàщÂ ġ¹ƤÁÒ¡àÅÂ$h",
        "Wed": "Í˒ÒȕÁŻ´»Ò¡¢Í§Ȥ³ àÇÅÒ¨ÒÁ˴ÇÂ¹Ð#$e#á̅ÇʁÍ˒ÒȕÁ̅Ò§ȑÍ˴ÇÂ˕Ð",
        "Thu8": "¡ÒÃàʛ¹ËÁÍԹ¹ ˵Í§à¨Íāº§Ò¹Ëę¡ÁÒ¡ ¨¹¼Áá·º ¨Ðäˑä˴·Ò¹ÍÐäÃàˇÒч¤ÇÃ$s#$e#˶Ò¼Áäˑä˴ÍԒĕÇ¤¹àƤÂÇ ƚƇµʁ¤§¨ÐʷÒÂע¹¡˗Ò׉$l",
        "Thu": "âÀª¹Ò¡ÒÃˉÐ àʛ¹Ъ§ŚÒĄ­ àҮÍã̋ρ¹ã¨˗ÒƤ˅ÍɊ¢ÀÒ¾ ¾ÂÒÂÒÁš¹Ĝ¡àОÁ¹Ð!#$e#ÍÒËÒÃчŇÒàÍ§ǈ§ƤчɊ´ Ȥ³ŇÒÍÒËÒÃàʛ¹äËÁ?",
        "Fri": "ġ¹àʛ¹ħ¹чƤäˑãʺàËÃÍ?#$e#¼ÁËħ§˗Ò ¨ÐƱ§Ò¹˹ÍÂÅ§¡˗Ò׉¹Ð$s",
        "Fri4": "˶ÒȤ³ÍÂÒ¡¨ÐÁÒËÒ чÍ¾ÒΓ·àÁ¹΅¢Í§¼Á ʁä˴¹Ð ¼ÁÍԒч˴Ò¹º¹ ¢Í§¤ƅŹ¡щáËÅÐ",
        "Fri10": "áÇÐÁÒËÒ¼Áч¤ƅŹ¡ä˴¹Ð ˶ÒȤ³ÍÂÒ¡¨ÐµÃÇ¨ã̋áˉã¨$l",
        "Sat": "ƱÍÐäÃã̋¼ÁʺÇÂäËÁ?#$e#ɤáÅĕÇàÍ§˴ÇÂ˕Ð",
        "Sat4": "¼ÁÁÒчщ à¾ÃÒÐ¼ÁªÍº ºÃÃÂÒ¡ÒÈ¢Í§àȑÍ§àʥ¡æ áÅÐĨ¡ÂÀÒ¾ ã¹¡ÒÃã˪Ƈƨ¡ÒÃɤáÅ ڌˋÇÂáººÍ§ʹÃÇÁ#$e#¨¹µÍ¹׉àƳÂ¡ä˴˗Ò ģ¡Í˒Ò§àʕÁ»Ò¡àÅÂ˕Ð$h",
        "Sat8": "*¶Í¹ËÒÂã¨*... ¼ÁàУÁړǪ¡˗Ò ĕÇàÍ§áʱ«Ðá̅ÇƊ...#$e#àұÍȤ³áʱ¡˗Ò׉ ʁ¨ÐƱ¤ÇÒÁ·Ã§ĸÒ ч˵Í§áº¡ģºä̇ÁÒ¡ע¹˴ÇÂ ¨¹¡ÃÐη§ġ¹¤ÃÍºķÒȤ³$s#$e#¼ÁŤ´˗Ò¼Áàʔ¡Å§¡˗ÒàŴÁ¹Ð àÇÅÒчȤ³ÍԒ˴ÇÂ$l",
        "Sun": "țÁÁ... ¼ÁıÒĥ§ŕÒºÒ¡àҳÍ§àŧ¹˕Ð ¤¹äˢчщƱ˹ÍÂàš¹ä»#$e#¼Á˗Ò ¼Á¤ÇÃ¨ÐÍÍ¡ģ¡ÉÒ¤¹äˢ чàȑÍ§ã¡̅æ ā¹˴ÇÂá̅Ç˕Ð",
        "Sun6": "àұÍÅÍ§Ť´˗Ò ƱƚƇµ¤¹äˢàʛ¹àŴÁĞ¹ ÍԒã¹ıÒȑÍ á̅ÇäˑÊÒÁÒÃ¶ ʺÇÂƚƇµ¾Ç¡à¢Òä˴ˉÐ... ι¹¤§àʛ¹Ъ§ч µÒÁËÅÍ¡ËÅÍ¹ Ȥ³ä»ΪÇƚƇµàÅÂ˕Ð$s",
        "event_george1": "¢ÍºȤ³¹Ð @$h#$b#àʫ¹äËÁ¨ÍΓ¨ ¼Ááʴ¾ÂÒÂÒÁ¨ÐʺÇÂȤ³",
        "event_george2": "*à̎Í*$s#$b#ɤƊ¨ÍΓ¨ ˶ÒȤ³Ģ§ŇÒŹĪÂáºº׉ ¼ÁĸÒàʛ¹¨Ð˵Í§ºÍ¡ ÀÃÃÂÒ¢Í§Ȥ³ ¼ÁäˑŤ´˗Òà¸Í ¨ÐƱ¤ÇÒÁɊ¢ËÃÍ¡¹Ð",
        "event_aerobics1": "¢ÍºȤ³¹Ð @ ¼ÁړǪ¡«Òº׫§ÁÒ¡àÅÂ˕Ð$h",
        "event_aerobics2": "*¶Í¹ËÒÂã¨*... ËÂÒº¤ÒÂ$s",
        "event_heart1": "â̍! âÃ§¾ÂÒºÒÅŇÒã̋ Ȥ³ړǪ¡ā§ÇÅ Í˒Ò§Թ¹àËÃÍ țÍ?#$b#áʴŇÒã¨ã̋ÊºÒÂàˇÒԹ¹áËÅÐ ¼ÁÍԒщá̅Ç$h",
        "event_heart2": "âÍà¤ ι¹ğ§ɤàˢÒˇÒ",
        "event_heart3": "ȝÁ âÍà¤... ˶ÒȤ³˗Òԧ¹$s",
        "event_grave1": "...Ȥ³ɮ´ɦ¡#$b#...¢ÍºȤ³¹Ð",
        "event_grave2": "*¶Í¹ËÒÂã¨*$s",
        "summer_Mon": "¡ÒÃÍÍ¡ÁÒģºáÊ§ÍÒŷµΒ ʁàʛ¹àҳÍ§Ƥ¹Ð á˅Í˒Ò»˕ÍÂã̋ɦ¡á´´à¼Ò˕Ð#$e#âÍà¤ ɤáÅĕÇàÍ§˴ÇÂ! ¢Íã̋Ɋ¢ÀÒ¾áʂ§áÃ§",
        "summer_Thu": "¡ÒÃÍÍ¡ıÒĥ§¡ÒÂġ¹ʁŚÒĄ­ á˅˗ÒÍ˒Òī¡âËÁÁÒ¡¹Ð äˑÍ˒Ò§Թ¹Ȥ³ÍÒ¨¨Ð ÁÒ¨ºÅ§ч¤ƅŹ¡¢Í§¼Á!#$e#Í˒ÒȕÁğ§àƺÂ§˓Ò§¡ÒÂ ¢Í§ĕÇàÍ§˴ÇÂ˕Ð",
        "summer_Fri": "¤¹˚Ç¹ãËʽ äˑʴÍÂˋÇÂã¹Äɤ̃Í¹ËÃÍ¡ ġ¹ƤÁÒ¡ á˅ġ¹ʁËÁÒÂ¤ÇÒÁ˗Ò §Ò¹¢Í§¼ÁʁÅ´˹ÍÂÅ§ä»˴ÇÂ",
        "fall_Fri": "Ȥ³ä˴ä»чàËȑÍ§ÁÒËȓÍĢ§ @?#$e#ġ¹àʛ¹ччĭ¹µÃÒÂÁÒ¡àÅÂ¹Ð ¼Á¢Íá¹ÐŉÒ˗Ò ÍԒ˛Ò§àÍÒä̇¨ÐƤчɊ´",
        "fall_Sat": "¡ÒÃš¹ÍÒËÒÃºÒ§»ÃÐàÀ· ŇÒã̋àОÁ»ÃÐƊ·ŸÀÒ¾ ã¹¡ÒÃŇÒ§Ò¹#$e#¡ÒÃš¹ 'ÍÒËÒÃ¢Í§ªÒÇä˓ (Farmer's Brunch)' ƱâÀª¹Ò¡ÒÃчƤ µÒÁч˓Ò§¡ÒÂȤ³˵Í§¡ÒÃ ġ¹¨ÐʺÇÂã¹¡ÒÃÃ´թÒ áÅÐŇÒä˓ã̋Ƥע¹!",
        "winter_Wed": "ġ¹àʛ¹Äɤ¡ÒÅ¢Í§äˢËħ´ãËʽ à¾ÃÒÐԧ¹Ȥ³¨Ð˵Í§ɤáÅ ĕÇàÍ§ã̋Ƥ¡˗ÒàŴÁ¹Ð#$e#ŇÒã̋áˉã¨˗Ò Ȥ³̅Ò§ȑÍȷ¡¤Ճ§",
        "winter_Sun": "¼Áà¡ƵÂ´ч¨Ðɮ´áºº׉¹Ð á˅¼ÁŇÒàŧ¹ä˴ÁÒ¡ע¹ ã¹ʺÇ§äˢËħ´ãËʽ ÃÐºÒ´áºº׉#$e#¼ÁŤ´˗Ò ˶Òȷ¡¤¹ËÒÂˋÇÂā¹á̅Ç ¼Á¤§¨ÐäˑƱÍÐäÃã̋ŇÒ#$e#Í˒ÒàˢÒã¨ż´¹Ð! ¼ÁÍÂÒ¡ã̋ȷ¡¤¹Ɋ¢ÀÒ¾Ƥ... ¨ƃ§æ¹Ð!'"
    }
}
