{
    "header": {
        "target": "w",
        "formatVersion": 5,
        "hidef": true,
        "compressed": 128
    },
    "readers": [
        {
            "type": "Microsoft.Xna.Framework.Content.DictionaryReader`2[[System.String, mscorlib, Version=4.0.0.0, Culture=neutral, PublicKeyToken=b77a5c561934e089],[System.String, mscorlib, Version=4.0.0.0, Culture=neutral, PublicKeyToken=b77a5c561934e089]]",
            "version": 0
        },
        {
            "type": "Microsoft.Xna.Framework.Content.StringReader",
            "version": 0
        }
    ],
    "content": {
        "Introduction": "...$u#$b#ÊħÊƤʴÐ...$u",
        "Resort_Entering": "Ëɩà¨Íɫ!",
        "Resort_Leaving": "ё·ÃÒÂàˢÒÁÒ ã¹ÃÍ§à˷Ò¢Í§Ëɩ...$s",
        "Resort_Shore": "ËɩıÒĥ§àʁºà»ȕÍ¡ËÍÂʴÐ... Ëɩ¨ÐàÍÒä»ŇÒỄÍÂ¤Í!",
        "Resort": "˻ÒÁÒƩºÍ¡ã̋Ëɩ ÃÐħ§żÇäË́... á˅¾ÍËɩàŴ¹äÇæ ġ¹ʁàʢ¹Ƥ¹Ð¤Ð Ëɩ˗Òáºº׉¤§âÍà¤áËÅÐ$h",
        "reject_869": "ރÇÇÇÇΒ ËÂÐáËÂ§˝Ð!$s",
        "Mon": "â̍...юıÒĥ§ÁÍ§ËÒ ˻ÒÁÒƩÍԒËÃÍ¤Ð?$u",
        "Mon4": "ÊħÊƤʴÐ юªÒÂ @^ÊħÊƤʴÐ юÊÒÇ @#$e#¡ÒÃÍԒã¹¿ÒΓÁ ġ¹Êȹ¡Ƥ¹Ð¤Ð$h",
        "Tue": "ÍÐäÃ¹Ð¤Ð? *īÇàÃÒÐ*$h#$e#...ÊħÊƤʴÐ",
        "Tue6": "юà˕¹ݖ¡µÒä˴¹Ð ˶Òю˵Í§¡ÒÃ á˅Í˒ÒȕÁËƷ¼Áã̋¾Ç¡ġ¹ Ëĥ§à˕¹àÊʣ¨˴ÇÂ¹Ð¤Ð",
        "Wed": "...$u",
        "Wed2": "...ÊħÊƤʴÐ$u",
        "Wed4": "˻ÒÁÒƩäˑã̋ËɩÍÍ¡ä»äË¹ Ëĥ§ 6 âÁ§àʢ¹ äˑɂŵ¸ÃÃÁàÅÂ!$s#$e#Ëɩäˑ¡ĥÇ¤ÇÒÁȑ´á̅Ç¹Ð!",
        "Thu": "Ëɩäˑ¤ÇÃ¨Ðɮ´ āº¤¹á»Å¡Ë˹Ò...$u",
        "Thu2": "¤ɳà¾¹ƩÊÍ¹Ëɩ ã̋àƒÂ¹ĕÇĭ¡ÉÃ$h#$e#ÅÒÂȑÍ¤ɳàˤÒ ÊÇÂÁÒ¡àÅÂ˕Ð",
        "Fri": "...ËɩäˑړĈ¡Ȥ³$u",
        "Fri2": "юªÍºâºΗ¢Í§ËɩäËÁ¤Ð?",
        "Fri4": "ËɩªÍºÍԒã¹¿ÒΓÁ... ¢Í§â»Ã´¢Í§Ëɩ ʁǴÍäÍÈ¤ƳÁÊ´ãËˑ чŇÒ¨Ò¡¹ÁħÇ¢Í§àÃÒ...",
        "Sat": "¡Х¹¢Í§юàËȑÍ¹āºË˭ÒàÅÂ גæ$u",
        "Sat2": "ºÒ§¤Ճ§Ëɩ¨Ðä»ËÒف§чáˑթÒ Í˒ÒºÍ¡˻ÒÁÒƩ¹Ð¤Ð... ¤Ճ§Ǚ§Ëɩà¤Â àÍÒف§ã̋ħÇš¹˴ÇÂ˕Ð#$e#ġ¹ªÍº˴ÇÂ",
        "Sat8": "юªÒÂ@ ġ¡¨ÐƤāºËɩ àÊÁÍàÅÂ$h^юÊÒÇ@ ġ¡¨ÐƤāºËɩ àÊÁÍàÅÂ$h#$e#¤¹чâµá̅Ç ġ¡¨Ðã¨̃ÒÂáÅÐˉÒàҪÍ á˅юáµ¡˅Ò§¹Ð¤Ð",
        "Sun": "ȝÁ... ¤... Ȥ³˵Í§¡ÒÃÍÐäÃ?$u#$e#Ëɩäˑ¤ÇÃɮ´ āº¤¹á»Å¡Ë˹Ò$u",
        "Sun2": "àª¹äˑʴÍÂÍԒ˺Ò¹ ˻ÒÁÒƩʁ§Ò¹Ӣ§Է§ħ¹... áºº׉áËÅÐ ËɩàÅÂ˵Í§ỄÒ§à¡ÁΚàÍ§#$e#˵Í§¢ÍºȤ³¢Í§à˕¹ Է§ËÁ´чËɩƱ$h",
        "Sun10": "ړäËÁ¤Ð˗Ò àª¹ àʛ¹ˎÍàוÂ§¢Í§Ëɩ? à¢Òàʛ¹àҮÍ¹āºˎÍáˑËɩ$s#$e#...¾Ç¡à¢ÒµÒÂá̅Ç *ıÒĥ§àÈ̃Ò*$s"
    }
}
