{
    "header": {
        "target": "w",
        "formatVersion": 5,
        "hidef": true,
        "compressed": 128
    },
    "readers": [
        {
            "type": "Microsoft.Xna.Framework.Content.DictionaryReader`2[[System.String, mscorlib, Version=4.0.0.0, Culture=neutral, PublicKeyToken=b77a5c561934e089],[System.String, mscorlib, Version=4.0.0.0, Culture=neutral, PublicKeyToken=b77a5c561934e089]]",
            "version": 0
        },
        {
            "type": "Microsoft.Xna.Framework.Content.StringReader",
            "version": 0
        }
    ],
    "content": {
        "Introduction": "â̍! à¸ÍäˑàËȑÍ¹ āºчĉ¹Ť´ä̇àÅÂ... á˅ʁäˑàʛ¹äÃ! ĉ¹â¨ׄ#$e#ġ¹àʛ¹àȑÍ§чàƗÂºÊ§º Ĕ§Թ¹ǈ§àʛ¹àҳÍ§ чҥ¹à˵¹ÁÒ¡ àÇÅÒƱã¤Ã̂ÒÂÁÒãËˑˉÐ! Ʊà˨Ò¢Í§¿ÒΓÁÁÒàОÁ á¶Ç׉¤§ƱËÅÒÂЪ§à»ѕÂ¹ä»",
        "Resort_Entering": "̇ÒÇ ÊÇÂĈ§!",
        "Resort_Leaving": "ĉ¹˗ÒǴ¹׉ ¨ÐŇÒÍÒËÒÃƛڏ´ˉÐ$h",
        "Resort": "ƇÇÊÇÂ¨¹ȕÁËÒÂã¨àÅÂ˕Ð! ˿Ò¤ÃÒÁɊ´ɵ¡ɻɵ¡µÒ...",
        "Resort_Bar": "àÃÒȷ¡¤¹ªÍº àÇÅÒāÊ»ÃÒ¡¯ĕÇàÊÁÍ˕Ð",
        "reject_864": "щǴÍÍÐäÃˉÐ? ɤàËȑÍ¹àҮÍ¹æ ã¹Ê§¤ÃÒÁ¢Í§à¤¹·àÅÂ ºÒ§Ƨà¸Í¤ÇÃ¨ÐàÍÒġ¹ ä»ã̋à¢ÒɤƤՁÂ?",
        "Mon": "¡ÒÃɤáÅģ¡ÉÒ˺Ò¹Թ¹ àʛ¹àҳÍ§чÂÒ¡... á˅ʁ˵Í§Ʊã¤ÃĪ¡¤¹ŇÒġ¹#$e#ãʺՁÂ˕Ð?",
        "Mon6": "ġ¹Ƥ¹Ðч¨ÐƱ¤ÃÍº¤ģÇ... á˅ĉ¹¨Ðâ¡Ë¡áˉæ ˶Òĉ¹ºÍ¡˗Ò ĉ¹äˑâËÂËÒƍÊÃÀÒ¾ àËȑÍ¹àұÍʱÍ¹àÅÂ...$s",
        "2_1": "ÊÒƱ¢Í§ĉ¹ à¤¹· à¢Òàʛ¹·ËÒÃ ŇÒ§Ò¹ÍԒ˅Ò§»ÃÐà·È à¢Òǖ§äˑä˴ÍԒчщµÍ¹׉#$b#àұÍ§Ò¹¢Í§à¢Ò¨ºÅ§ ĉ¹ړ˗Òà¢Ò¨Ð˵Í§¡ĥºÁÒ Í˒Ò§»ÅÍ´ĠÂáˉæ!#$e#à¸Í˵Í§¡ÒÃÍÐäÃǣà»˕Ò?",
        "Tue": "¡ÒÃÍÍ¡ıÒĥ§¡ÒÂ àʛ¹Ъ§ŚÒĄ­ чŇÒã̋Ɋ¢ÀÒ¾Ƥ ĉ¹ġ¡¨ÐàËȕÍàÇÅÒä̇àҮÍ ÍÍ¡ıÒĥ§¡ÒÂàÊÁÍ#$e#ã¹°Ò¹Ðáˑ ĉ¹äˑƱàÇÅÒÁÒ¡¾Í ч¨ÐàÍÒã¨ã˚ĕÇàÍ§ę¡ Ĕ§Թ¹ĉ¹ǈ§¾ÂÒÂÒÁ ã˪ȷ¡¹ÒƧã̋لÁʴÒ",
        "Wed4": "ĉ¹˗Òĉ¹ˉÒ¨Ðã˪àÇÅÒ ˢÒ§¹Í¡ã̋ÁÒ¡ע¹ á˅Ģ§Ʊƽ¡ËÅÒÂ§Ò¹ч˵Í§ŇÒ#$e#ĉ¹àУÁÊÇÁȶ§ȑÍÂÒ§ àҮÍŇÒã̋ȑÍĉ¹әÁ#$e#Т§áʱע¹àˇÒäË˓ Т§˵Í§ŇÒ§Ò¹ã̋Ëę¡ע¹ àҮÍã̋ƱɊ¢ÀÒ¾чƤ$s#$e#âÍà¤¹Ð ºÒÂ!",
        "Wed": "à¸Í˗Òä§¹Ð µÍ¹׉ %time á̅ÇȤ³¾ÃÐʺÇÂ!#$e#ĉ¹Ģ§Ʊ§Ò¹ƽ¡àʛ¹¡Í§àÅÂ ч¨Ð˵Í§ŇÒ!$s",
        "Thu6": "àÇÅÒËÁ´á̅ÇËÃÍ? *¶Í¹ËÒÂã¨*#$e#ĉ¹Ģ§ĸÒä˴¹ÐµÍ¹ á«Á Ģ§àʛ¹·ÒÃ¡á̅Çã˚˼Ò̍ÍÁ à¢ÒˉÒģ¡ÁÒ¡æ$s#$e#Í˒Òä»ºÍ¡à¢Ò˕Ð$h#$e#˶Òà¸ÍĢ§ÍÂÒ¡ȤÂāºĉ¹ÍԒ țÍ?",
        "Thu": "à¸Íàʛ¹ªÒÇä˓ԧ¹ËÃÍ? ˉÒÊ¹ã¨#$c .5#ĉ¹äˑà¤Âà¨ÍªÒÇä˓ÁÒʱÍ¹$k#$e#ä̇ÁÒÊÍ¹ĉ¹»ɵ¡Ĝ¡˺Ò§¹Ð$h",
        "Fri": "$d Joja#ÍÒËÒÃã¹̃Ò¹â¨˨Ò ºÒ§֊¹äˑƤ˅ÍɊ¢ÀÒ¾ ¢Í§¤¹ã¹¤ÃÍº¤ģÇ á˅àҩÍ§¨Ò¡ÃÒ¤Òчɦ¡ÁÒ¡ à¸Í¨Ð˺ÒÁÒ¡ ˶Òà¸Íä»؛Í¢Í§̃Ò¹ҽ¹ чÃÒ¤Òġ¹á¾§¡˗Ò |ÍÒËÒÃч̃Ò¹¢Í§ƫáÍΓÊ´ áÅÐƤ˅Í Ɋ¢ÀÒ¾ÁÒ¡¡˗Ò Ɗ¹ˤÒ¢Í§â¨˨Òàʛ¹äË¹æ á˅ĉ¹ʁĢ§Ť´ǖ§ Ɗ¹ˤÒÃÒ¤Òɦ¡¢Í§â¨˨ÒÍԒƤ",
        "Sat": "ÊħÊƤ#$e#˵Í§¡ÒÃÍÐäÃäËÁ?",
        "Sat4": "ĉ¹Ƥã¨¹Ð чà¸Í¾ÂÒÂÒÁ»ģº»Ƀ§ ¿ÒΓÁàʱÒæι¹#$e#àұÍà¸ÍŇÒàÊʣ¨ àƳÂº̃ÍÂá̅Çġ¹¨ÐʺÇÂ Ğ²¹ÒȪÁª¹¢Í§àÃÒ ä˴ƽ¡ÁÒ¡àÅÂ˕Ð!$h#$e#á˅ġ¹ʁ¨Ðàʛ¹§Ò¹ чËę¡Ë¹ÒÊÒīÊàÅÂ˕Ð¹Ð#$e#ä̇à¨Íā¹ãËˑ¹Ð",
        "Mon2": "#$1 JodiAltar#àұÍÇÒ¹ ĉ¹ä˴ä»àђÂÁчɪªÒ¢Í§âÂºÐ àҮÍч¨ÐÍÇÂ¾Ãã̋ÊÒƱ¢Í§ĉ¹ ¡ĥºÁÒÍ˒Ò§»ÅÍ´ĠÂ#$e#ĉ¹¾ÂÒÂÒÁÁÍ§âÅ¡ ã¹áʷƤȷ¡æ¤Ճ§ á˅ºÒ§¤Ճ§ġ¹ʁÂÒ¡àËȕÍàš¹$s",
        "Sun": "#$c .5#ĉ¹Ğ¡¨Ò¡§Ò¹˺Ò¹ã¹ħ¹׉$h#$e#ĉ¹ıÒĥ§ã˪ħ¹Ëɂ´¢Í§ĉ¹ˉÐ$h#$e#˶Òĉ¹äˑÍÍ¡ä»ËÒÍÐäÃŇÒ ˢÒ§¹Í¡ÅÐʁ ĉ¹¤§˺Òáˉæ!#$e#ĉ¹äˑÍÂÒ¡ã̋¢Ò¢Í§ĉ¹ ˝Í¹»Ç¡àƫÂ¡",
        "Sun8": "ĉ¹Ʊ¤ÇÒÁĝ¹ ĝ¹ч¨ÐƱƚƇµƍÊÃÐ äˑƱÀÒÃÐɬ¡Ğ¹āºÍÐäÃ...#$b#... ¨Ò¡Թ¹ĉ¹ʁҥ¹ע¹ÁÒ ¾ºāº¤ÇÒÁ¨ƃ§ч˗Ò Ģ§Ʊ§Ò¹˺Ò¹ч˵Í§ŇÒ ÃÍÍԒàʛ¹¡ÃÐݐ¡...$s",
        "summer_Mon": "Äɤ̃Í¹׉ʁƤ¹Ð á˅Թ¹ʁËÁÒÂ¤ÇÒÁ˗Ò ĉ¹Ʊ§Ò¹ч˵Í§ŇÒÁÒ¡¡˗ÒàŴÁ#$e#ĉ¹¨Ð˵Í§¤ÍÂɤáÅ ã̋ÊÇ¹àƳÂº̃ÍÂ",
        "summer_Tue": "ÊħÊƤ#$e#à¸Í˵Í§¡ÒÃÍÐäÃǣ»˕ÒÇ? µÍ¹׉ĉ¹ıÒĥ§ Ӣ§ÍԒŹ´ËˉÍÂ",
        "summer_Tue_inlaw_Sam": "á«Áё ĕÇ˹ÍÂæ¢Í§ĉ¹ ¨ÐŇÒ§Ò¹ã¹¿ÒΓÁàʱÒæ ä˴Í˒Ò§äÃ?$h",
        "summer_Thu": "§Ò¹˺Ò¹ġ¹àʛ¹ÍÐäÃчá˒ÁÒ¡ à¾ÃÒÐ˗Ò à¸Í¨ÐäˑƱħ¹ŇÒġ¹àÊʣ¨#$e#ħ¹ʱÍ¹ĉ¹Ѿ§¨Ð¡ÇÒ´˺Ò¹ä» ħ¹׉ġ¹ʁÊ¡»Ã¡ƽ¡ÅÐ",
        "summer_Sun": "ĉ¹¨ÐŇÒÍÐäÃàʛ¹ ÍÒËÒÃàʢ¹Ƥ¹Ð?#$e#*¶Í¹ËÒÂã¨*...",
        "fall_Thu": "ɤàËȑÍ¹ĉ¹¨ÐµÒÁã¨ ɵ¡ªÒÂÁÒ¡àš¹ä» àʔ¡æ äˑ˵Í§ŇÒ§Ò¹˺Ò¹ ÍÐäÃċ¡Í˒Ò§#$e#ĉ¹áʴÍÂÒ¡ã̋à¢Ò Ʊ¤ÇÒÁɊ¢āºàҮÍ¹æ ¢Í§à¢Ò ã¹¢³Ðчà¢ÒĢ§ ÊÒÁÒÃ¶Ʊä˴ àÍÒ˕Ð µÍ¹׉à¢Òʁâµע¹ÁÒ ˺Ò§á̅Ç#$b#Ëħ§˗Òà¢Ò¨Ðäˑâµ ÁÒֲàƑÂ¨$s#$e#ƚƇµ¤¹àʛ¹ˎÍáˑ àʛ¹ÍÐäÃчÂÒ¡ŕÒºÒ¡ ÁÒ¡àÅÂ",
        "fall_Thu_inlaw_Sam": "á«ÁıÒĥ§Ӣ§ ÍԒāº¿ÒΓÁ ËȓÍà»˕Ò?",
        "fall_Sun": "á¤âÃäÅΉáÅÐĉ¹ àʛ¹àҮÍ¹чƤ˅Íā¹ ĉ¹ÊÒÁÒÃ¶ȤÂāºà¸Í ä˴ȷ¡æàҳÍ§",
        "fall_Sun2": "àұÍà¸ÍˡÒÇÁÒàʛ¹ ˎÍáˑ¤¹á̅Ç à¸Í˵Í§ÅÐ֗§ƚƇµàʱÒæ ¢Í§à¸Í֗§ä»#$e#ȝÁ... ºÒ§Ƨġ¹ʁäˑ¨ƃ§àÊÁÍä» á˅˶Òà¸ÍäˑÃÐħ§˕Ðʁ ġ¹àš´ע¹áˉ",
        "winter_Mon": "ĉ¹à¤ÂªÍºà˕¹ƋÁÐ µÍ¹чĉ¹Ģ§àʔ¡ Ъ§чàђÂÁÂÍ´чɊ´ ¢Í§¡ÒÃàʛ¹áˑ ǴÍĉ¹ä˴à˕¹ƋÁÐ āºɵ¡æƽ¡¤Ճ§$h",
        "winter_Tue": "ÊħÊƤ à¸ÍàҪÍǣà»˕Ò чƱ¤¹¶ÒÁǖ§á˅¿ÒΓÁ¢Í§à¸Í µÅÍ´àÇÅÒˉÐ#$e#ĉ¹Ť´˗Òġ¹¤§¨ÐˉÒàҪÍ",
        "winter_Tue6": "*¶Í¹ËÒÂã¨*... ºÒ§¤Ճ§ĉ¹ʁÍÂÒ¡¨Ð ƱƚƇµàʛ¹¢Í§ĕÇàÍ§â´Â äˑ˵Í§ÁÒ¤ÍÂɤáÅ¤ÃÍº¤ģÇ ¤ÇÒÁŤ´áºº׉ ġ¹á˒ÁÒ¡äËÁ?$s#$e#Í˒Òä»ºÍ¡ ¤¹ҽ¹æ˕Ð$4",
        "winter_Wed2": "ĉ¹ŇÒÍÐäÃáˡàҪÍԧ¹ËÃÍ? ȞÁÁÁÁ... Թ¹àʛ¹ĴÒ¶ÒÁчƤ¹Ð#$e#ĉ¹ªÍº¡ÒÃ¹Í¹Ëĥº$s",
        "winter_Wed4_2": "à¤¹·¡ĥºÁÒч˺Ò¹Ī¡Ğ¡á̅Ç á˅ǖ§µÍ¹׉ à¢ÒʁĢ§¤§ƱˇÒƧ äˑÊºÒÂã¨ÍԒ$s",
        "winter_Thu": "á«Áà˕¹´¹µƳàƺÂ§Ĕ§ÁÒ¡ ĉ¹Ëħ§˗ÒàƺÂ§¨Ðäˑä» Ãº¡Ç¹àҮÍ¹˺Ò¹¹Ð",
        "winter_Thu_inlaw_Sam": "á«Áàʛ¹ä§˺Ò§? ĉ¹ºÍ¡µÃ§æàÅÂ àÃÒäˑƱ¤¹ŇÒÍÒËÒÃ áÅÐ¤¹àʁº¡ÇÒ´˺Ò¹àÅÂ Ëĥ§¨Ò¡à¢Òä»...",
        "winter_Thu8": "àËȑÍ¹àʛ¹¡ÒÃ¤ɅÁȶ§ª¹ ¢Í§¾Ç¡àÃÒã¹ÊġÂʱÍ¹ à¤¹·ä»àʛ¹·ËÒÃ áÅÐȷ¡Ъ§ȷ¡Í˒Ò§... ĉ¹á·ºäˑà¤Âä˴ĪÁĜÊ ¤ÇÒÁàʛ¹ËәÁÊÒÇ áÅÐƍÊÃÀÒ¾ áÅÐµÍ¹׉ġ¹ʁÊÒÂàš¹ä» ч¨Ðáˡä¢$s#$e#áʴÍ˒Òż´¾ÅÒ´ ƽ¡¤Ճ§ʁ¾Íá̅Ç$4",
        "winter_Fri": "ġ¹àʛ¹àҳÍ§Ƥ¹Ð чàÃÒ¨ÐËÒàÇÅÒä»àчÂÇ˺Ò§ àʛ¹¤Ճ§¤ÃÒÇ...$s",
        "winter_Sun": "˶Òĉ¹ÃÇÂàұÍäË˓¹Ð Ъ§áÃ¡чĉ¹˵Í§¡ÒÃ¨ÐŇÒǴÍ ˨Ò§áˑ˺Ò¹áÅÐ¤¹ŇÒÍÒËÒÃ#$e#¾ÃÐà˨Ò ġ¹¤§¨ÐàђÂÁÁÒ¡àÅÂ!$h"
    }
}
