{
    "header": {
        "target": "w",
        "formatVersion": 5,
        "hidef": true,
        "compressed": 128
    },
    "readers": [
        {
            "type": "Microsoft.Xna.Framework.Content.DictionaryReader`2[[System.String, mscorlib, Version=4.0.0.0, Culture=neutral, PublicKeyToken=b77a5c561934e089],[System.String, mscorlib, Version=4.0.0.0, Culture=neutral, PublicKeyToken=b77a5c561934e089]]",
            "version": 0
        },
        {
            "type": "Microsoft.Xna.Framework.Content.StringReader",
            "version": 0
        }
    ],
    "content": {
        "Mon": "ÊħÊƤ Ȥ³à˨Ò¢Í§¿ÒΓÁ#$e#¼ÁËÒÂä»¹Ò¹àÅÂ... ¨¹ړǪ¡àËȑÍ¹àʛ¹ ¤¹á»Å¡Ë˹Ò",
        "Resort_Entering": "à˞ @ Ƥã¨чä˴¾ºȤ³¹Ð",
        "Resort_Leaving": "ä˴àÇÅÒ¡ĥº˺Ò¹á̅Ç",
        "Resort_Shore": "¡ÒÃȒ¹ÍԒº¹ËÒ´׉... ¼ÁړǪ¡ä˴ǖ§¤ÇÒÁÊ§º чäˑʴÍÂ¨Ðä˴ړǪ¡$h#$e#ÁËÒÊɁ·Ãàʛ¹ÍÐäÃч žàÈÉÁÒ¡¨ƃ§æ",
        "Resort_Chair": "щàʛ¹Ê¶Ò¹ччƤ ã¹¡ÒÃŇÒã̋¤ÃÍº¤ģÇɬ¡Ğ¹ā¹ ¼ÁړǪ¡«Òº׫§ÁÒ¡ чȤ³ʺÇÂʻÍÁàȓÍã̋",
        "Resort_Bar": "áʴÁÒËÒթÒҤÁˉÐ",
        "Resort": "¡ÒÃι§àҳÍщÊȹ¡Ƥ¹Ð ¼Á˵Í§ã˪¤ÇÒÁړ ¨Ò¡¡ÒÃÍºÃÁ·Ò§·ÐàÅ ã¹¡ÒÃŉÒ·Ò§˴ÇÂŹ´ËˉÍÂ$h",
        "MovieInvitation": "àͭ... âÍà¤ ¢Íºã¨ ¼Á¨Ðä»à¨ÍȤ³ чι¹àÍ§$h",
        "accept_864": "...!$4#$b#...Ȥ³à¨ÍЪ§׉ ¨Ò¡чäË¹àщÂ?$4#$b#...$5#$b#ªÒÂ¤¹׉... àÃÒ˓ÇÁā¹ښã¹Ê§¤ÃÒÁˉÐ @ à¢Òà»ƳÂºàÊȑÍ¹ юªÒÂ¢Í§¼Á#$b#á˅... ƱàƮÂ§Ëѹ§ã¹¾Ç¡àÃÒ чÃÍ´¡ĥºÁÒ$5#$b#à¢Òäˑà¤ÂÅÐ֗§¤ÇÒÁ¡̅Ò á́¡ÃÐη§µÍ¹ч˵Í§ à¼Ū­Ë˹Òāº¤ÇÒÁµÒÂ ƷÃȺɃÉчá˷¨ƃ§... ¼Á¨ÐäˑƱħ¹ȕÁà¢ÒàÅÂ#$b#¢ÍºȤ³чàÍÒЪ§׉ÁÒã̋¼Á¹Ð... ġ¹Ʊ¤ÇÒÁËÁÒÂāº¼ÁÁÒ¡#$b#àÍÒщ ģºщä»Ɗ ġ¹ɦ¡ÇÒ§ÍԒº¹Ԫ¹ ÁÒàʛ¹ƫæá̅Ç ¾Ç¡àÃÒĢ§äˑà¤Âã˪ġ¹àÅÂ",
        "reject_865": "ãʺá̅Ç... ġ¹ɦ¡¼Ǚ¡Í˒Ò§áˉ¹Ë¹Ò à¾ÃÒÐ©ÐԹ¹ÃÊªÒŵ ʁàÅÂĢ§àˢÁˢ¹ÍԒ",
        "Mon4": "¼Áäˑړ˗Ò¼Á¨Ðل¹à¤Âāº ¡ÒÃä˴¡ĥºÁÒÍԒ˺Ò¹ƽ¡äËÁ#$e#¼ÁäˑŪ¹ āº¤ÇÒÁÊ§ºɊ¢¢Í§àȑÍ§ á˅¼Á¤§ړǪ¡ä»àÍ§áËÅÐ",
        "Tue": "Ъ§˅Ò§æ äˑä˴à»ѕÂ¹á»Å§ä»ÁÒ¡ Ե§á˅¼Á¨Ò¡ä»#$e#â´Âà©¾ÒÐԵ§á˅ Ȥ³ÁÒÍԒчщ",
        "Tue2": "ч¨ƃ§чщäˑƱÍÐäÃ à»ѕÂ¹ä»àÅÂ¨ƃ§æ Ե§á˅¼Á¨Ò¡ä»#$e#Â¡à̇¹ʁá˅˗ÒàÃÒƱ à˨Ò¢Í§¿ÒΓÁ¤¹ãËˑ ã¹àȑÍ§׉àˇÒԹ¹áËÅÐ$h",
        "Wed6": "...¼Áä˴àƺÂàҮÍ¹ ä»ÁÒ¡ÁÒÂã¹¡ÒÃÃº$s#$e#ÍÐäÃǴÍàҳÍ§ чˉÒàÈ̃Ò¹ÐàËÃÍ ǴÍ¼ÁäˑÊÒÁÒÃ¶¨´ĸÒãºË˹Ò ¢Í§¾Ç¡à¢ÒàË˕ÒԹ¹ä˴àÅÂ#$e#...",
        "Wed": "Ѿ§ÁÒãËˑãʺՁÂ ¿ÒΓÁ¢Í§à¸Í¨Ð˵Í§ ӣ§àȓÍ§ע¹áˉ¹Í¹",
        "Thu6": "#$1 Kent1#¼Áҥ¹Ե§á˅ƥ 4 ... ºÒ§Ƨ¼ÁʁÊ§ĪÂ˗Ò¼Á ¨Ð¡ĥºä»ã˪ƚƇµáºº»¡ŵ ä˴äËÁ¹Ð$k#$e#á«Áâµע¹ÁÒ¡àÅÂ Ëĥ§¨Ò¡ч¼ÁäˑÍԒ à¢Òàʛ¹ڌªÒÂàʕÁĕÇá̅Ç#$e#¼ÁÍÂÒ¡̂Í¹àÇÅÒ¡ĥºä» ɤáÅà¢Ò¨ƃ§æ$s",
        "Thu": "Ȥ³àʛ¹àҮÍ¹¢Í§ɵ¡¼ÁƊ¹Ð?#$e#Ȥ³ÍÒ¨¨ÐړĈ¡à¢ÒÁÒ¡¡˗Ò¼Á$s",
        "Thu_inlaw_Sam": "à̎ @ Ȥ³Êȹ¡āºƚƇµá˅§§Ò¹ՁÂ?",
        "Fri": "ɤàËȑÍ¹˗Ò¨Ðàʛ¹ħ¹чƤ ŚÒËģº¡ÒÃµ¡»ÅÒ ãʺՁÂ?",
        "Sat": "â¨ׄºÍ¡¼Á˗Ò¨ƃ§æá̅Ç à¸Íä˴¡ÅÒÂàʛ¹˚Ç¹Ëѹ§ ¢Í§ȪÁª¹á˛§׉á̅Ç ¼ÁƤã¨чä˴Ƃ¹Í˒Ò§Թ¹¹Ð",
        "Sat8": "¼ÁƱě­ËÒã¹¡ÒÃ¹Í¹Ëĥº Ĕ§Թ¹¢Íâ·É ˶Ò¼ÁɤàËȑÍ¹àËҩÍÂ#$e#¼Ááˉã¨˗ÒȤ³¨ÐàˢÒã¨",
        "Sun": "ч¨ƃ§á̅Ç¼ÁĢ§äˑړ˗Ò ¤ÇÃŇÒàУÁŇÒÍÐäÃƤ Ե§á˅¼Á¡ĥºÁÒ#$e#àұÍʱÍ¹¼Áà¤Â àʛ¹¤¹чƱ§Ò¹µÅÍ´ Ӣ§ÁÒ¡æã¹á˅ÅÐħ¹",
        "event_popcorn1": "Ȥ³ʺÇÂàƗÂºËˉÍÂ! Ëɂ´¤ÇÒÁ¾ÂÒÂÒÁч¨ÐŇÒ ã̋¼ÁƱÍ¤ŵāºÀÃÃÂÒ ¢Í§¼Áä˴á̅Ç$u",
        "event_popcorn2": "...$s#$b#Ȥ³ɮ´ɦ¡ @$s",
        "event_popcorn3": "Í˒Òä˴â¡Ë¡¼Áàʔ´¢Ò´! ¼Áà¡ƵÂ´¡ÒÃ â¡Ë¡ÁÒ¡¡˗ÒÍÐäÃԷ§֪¹!$u"
    }
}
