{
    "header": {
        "target": "w",
        "formatVersion": 5,
        "hidef": true,
        "compressed": 128
    },
    "readers": [
        {
            "type": "Microsoft.Xna.Framework.Content.DictionaryReader`2[[System.String, mscorlib, Version=4.0.0.0, Culture=neutral, PublicKeyToken=b77a5c561934e089],[System.String, mscorlib, Version=4.0.0.0, Culture=neutral, PublicKeyToken=b77a5c561934e089]]",
            "version": 0
        },
        {
            "type": "Microsoft.Xna.Framework.Content.StringReader",
            "version": 0
        }
    ],
    "content": {
        "4": "...à¤Âà¨ÍЪ§ƱƚƇµáººˢÒ ã¹àËȑÍ§äËÁ? ˢÒ¢Íâ·É¹Ð ˶ÒËÒ¡¾Ç¡Թ¹ äˑàʛ¹ƁµÃāºà˨Ò ʁ¹Ð ¾Ç¡àÃÒàƳÂ¹ړ ч¨Ð¡ĥÇÁȹÉΒ... ¾Ç¡àÃÒà¨Í...Ъ§àÅÇ̃ÒÂ ÁÒàÂÍÐá̅Ç à˨Ò¤§äˑà¤Â... ʶÒàҮÍ¹¢Í§ˢÒä» ãʺäËÁ?",
        "8": "Ê§¤ÃÒÁĞ¹ƫ ÃÐË˗Ò§àˌÒĞ¹ۨ¢Í§ˢÒ áÅÐ¾Ç¡¤¹á¤ÃÐ àО§¨Ð¨ºä» Ģ§Ʊڌäˑ¾Íã¨ ÍԒԷ§ÊÍ§ˍÒÂ",
        "15": "ä˴â»Ã´ àʁºчÍԒ¢Í§ˢÒ ã̋àʛ¹¤ÇÒÁĥº˴ÇÂ ˶Ò¾Ç¡¤¹á¤ÃÐ ړàұÍäË˓ ¾Ç¡ġ¹˵Í§˚§ ę¡ʶÒÁÒáˉæ",
        "Fri": "...",
        "reject_868": "â̍ ι¹ġ¹ÊÐàʁ´ԢÇâÅ¡ (arctic shard) щ¹Ò! ġ¹ǴÍɍ»¡Ã΃àÇ·ÁµΓ чËÒä˴ÂÒ¡ÁÒ¡æ#$b#˶ÒˢÒàʛ¹à˨Ò˕Ðʁ ˢÒ¨ÐŉÒġ¹ä»ã̋ˎÍÁ´!",
        "Wed": "ˢÒËÒ¢Í§ чÍԒчщ á̅Çʁ¢ÒÂġ¹ Ê¹ã¨¨Ð؛ÍÍÐäÃġêÂ?",
        "Wed6": "ËÒ¡à˨ÒҲ¹ɻ¢Í§à˨Ò ä»чˇÍ·Ò§¢ÇÒι¹ à˨Ò¨ÐÊÒÁÒÃ¶ ä˴Ƃ¹àƺÂ§¨Ò¡˺Ò¹ã´æ ʁµÒÁ ¨Ò¡ˢÒ§˕Ò§щ#$b#ˢÒĢ§äˑä˴ Ĕ¡ğ§ã¤ÃàÅÂ¹Ð!$3",
        "Thu": "ä˴â»Ã´Í˒Òä»ºÍ¡ã¤Ã àбÂÇāºˢÒ#$b#¾Ç¡ÁȹÉΒԹ¹ ªÍºч¨ÐŇÒÅÒÂ Ъ§ч¾Ç¡à¢ÒäˑàˢÒã¨",
        "Thu6": "ʺÇÂÍ˒Òä»ºÍ¡ã¤Ã àбÂÇāºˢÒ#$b#ÁȹÉΒ˚Ç¹ãËʽ ¡ĥÇ¾Ç¡àÃÒ ªÒÇà§Ò... ι¹¹Ðàʛ¹àҳÍ§»¡ŵ$s#$b#˶ÒËÒ¡˗Ò ªÒÇàȑÍ§ړàҳÍ§ˢÒ ˢÒÍÒ¨¨Ðäˑ »ÅÍ´ĠÂчщ",
        "Tue": "ˢÒ˝Í¹äËÇ ˅ÍáÊ§á´´ÂÒÁà˪Ò àš¹¡˗Ò¨ÐÍÍ¡ä»ˢÒ§¹Í¡ ÊÀÒ¾áÇ´̅ÍÁ ã¹׉áËÅÐ ƤчɊ´á̅Ç Ê¹ã¨¨Ð؛ÍÍÐäÃġêÂ?",
        "Mon": "Í˒Òµ¡ã¨ä»àÅÂ ˢÒáµ¡˅Ò§¨Ò¡¤¹ҽ¹æ ¹Ð ˢÒã˪àÇÅÒ˚Ç¹ÁÒ¡ ã¹¡ÒÃĪ§à¡µɤÁȹÉΒ ˢÒړ˗Òà˨Ò ªÍº؛Í¢Í§ ÅÍ§ɤƊ¹ˤÒ ¢Í§ˢÒËˉÍÂġêÂ?",
        "Mon2": "¡ĥºÁÒƽ¡á̅ÇËÃÍ? ˢÒ˗Òġ¹µÃ§ āº·ÄÉƟ ¾Äŵ¡ÃÃÁ¢Í§ÁȹÉΒ чˢÒŤ´¹Ð",
        "Mon6": "'â¤ÃĚÊ' ËÁÒÂǖ§ 'ڌˢÒÁÊÐ¾Ò¹' ã¹ÀÒÉÒ¢Í§¾Ç¡àÃÒ",
        "Sat": "ã¹ħ¹Ɉ¡Γ ˢÒ¨ÐàƗÂº àҮÍáÊ´§¤ÇÒÁ¨§ģ¡Ġ¡Ƥ á˄âÂºÐ",
        "Sun": "...¢Íâ·É¹Ð ˢÒĢ§ÃÐáÇ§ ¾Ç¡ÁȹÉΒÍԒ Ģ§ä§ʁµÒÁ ˢÒĢ§àŻ´̃Ò¹¢ÒÂ¢Í§ ã̋à˨ÒÍԒ¹Ð",
        "Sun4": "à˨ÒɤäˑàËȑÍ¹ÁȹÉΒ ¤¹ҽ¹æàÅÂ?",
        "Sun8": "à˨ÒʺÇÂã̋ˢÒ ä˴àʫ¹âÅ¡¢Í§ÁȹÉΒ ˢÒ»ÃÐėºã¨¹Ð",
        "divorced": "..."
    }
}
