{
    "header": {
        "target": "w",
        "formatVersion": 5,
        "hidef": true,
        "compressed": 128
    },
    "readers": [
        {
            "type": "Microsoft.Xna.Framework.Content.DictionaryReader`2[[System.String, mscorlib, Version=4.0.0.0, Culture=neutral, PublicKeyToken=b77a5c561934e089],[System.String, mscorlib, Version=4.0.0.0, Culture=neutral, PublicKeyToken=b77a5c561934e089]]",
            "version": 0
        },
        {
            "type": "Microsoft.Xna.Framework.Content.StringReader",
            "version": 0
        }
    ],
    "content": {
        "Introduction": "ÊħÊƤ Ƃ¹Ƥчä˴ړĈ¡à¸Í¹Ð$h#$e#à¸Í̂ÒÂàˢÒÁÒä˴ Ĉ§ËÇÐ¾ÍƤàÅÂ... Äɤãºä́¼ƅġ¹ÊÇÂƤ¹Ð",
        "Resort_Entering": "Í˒Òä»ºÍ¡ã¤Ã¹Ð ƇÅѕÂÍÁã̋ĉ¹ȤÁËÒ§àȚÍ ÍԒá»»Ǚ§˴ÇÂ˕Ð$h",
        "Resort_Leaving": "ǴÍ˗Ò ġ¹àʛ¹¡ÒÃĞ¡ˌÍ¹áºº Ğ¡ǖ§ŨµƇ­­Ò³ä»àÅÂ",
        "Resort": "ĉ¹ªÍºÊÀÒ¾ÍÒ¡ÒÈ ã¹ÊµÒΓŴÇáÇÅѕ¹Ð á˅¡ÒÃä˴àʫ¹ ÊÀÒ¾ÍÒ¡ÒÈËÅÒÂæ áººʺÇÂã̋ÁÍ§Ъ§˅Ò§æ ä˴ǥ¡ע¹¹Ð",
        "Resort_Shore": "¤ҵ¹чщёɳ»˓Ò§ч¡ÃÐٕ¹ ã̋àš´áÃ§Ě¹´ÒÅã¨Ƥ¹Ð#$e#ĉ¹Ê§ĪÂĈ§˗Ò ĉ¹¨ÐàʁºÀÒ¾ ¤ÇÒÁä̃ɳ»˓Ò§áººԹ¹ ä̇ã¹§Ò¹»ÃÐŵÁÒ¡ÃÃÁ ä˴äËÁ¹Ð",
        "Resort_Chair": "µÃÒºã´чĉ¹Ģ§ģ¡ÉÒ ¤ÇÒÁÊ§ºЙ§ä̇ä˴ ĉ¹ʁªÍº¤ÇÒÁ̃Í¹¹Ð $h",
        "Resort_Wander": "ǷÁÁÁÁ ĉ¹¾ę¹˗Ò¾Ç¡˵¹ä́ÃÍºæ щˉÒàÍÒä»ã˪§Ò¹¾ÍÊÁ¤ÇÃàÅÂ˕Ð#$e#á˅ƇÅѕ¤§äˑʴÍÂªÍºã¨ËÃÍ¡ ˶Òĉ¹ÅÒ¡ġ´ȫ§ ע¹ä»º¹àȓÍ¢Í§à¢ÒˉÐ!$h",
        "Resort_Wander_2": "ĉ¹Ê§ĪÂĈ§˗Ò à¸Í¨ÐËÒ¢Í§ˋÒáººäË¹ ä˴¨Ò¡á¶º׉ā¹¹Ð#$e#ĉ¹Ť´˗Ò ĉ¹àʫ¹ÇÍÅę·чɤˉÒÍ˓ÍÂ µÒÁӞÁä́á¶Çæ ׉˴ÇÂ˕Ð",
        "Resort_Bar": "à¸Íä˴ÅÍ§̔Í¡à·Å Ż­­Òâ¡ÅÒ´Ò (Pina Colada) ǣĢ§? ĉ¹ıÒĥ§ҤÁáˡÇчÊÍ§á̅Ç... ƎƎ",
        "danceRejection": "àÍÒ¨ƃ§æàÅÂ¹Ð ĉ¹äˑÍÂÒ¡¨Ðà˵¹ āºà¸ÍàÅÂ˝Ð$u",
        "divorced": "ĉ¹µÃÐËę¡˗Ò ĉ¹¨ÐƱ¤ÇÒÁɊ¢ ʷÒÂÁÒ¡¡˗Ò˴ÇÂĕÇĉ¹àÍ§ à¾ÃÒÐ©ÐԹ¹»˕ÍÂã̋ĉ¹ àʛ¹áºº׉à¶ÍÐ$u",
        "breakUp": "â̍ÇÇ... àˢÒã¨á̅Ç ˞Ò˞Ò˞Ò... ĉ¹äˑƱâª¤àÅÂ àұÍɮ´ǖ§àҳÍ§׉...$s",
        "dumped_Girls": "ʺÇ§׉ ĉ¹äˑ˵Í§¡ÒÃ ¨Ðà¨Íà¸Íċ¡ÃÐÂÐËѹ§...$s",
        "secondChance_Girls": "Ъ§чà¸Íà¤ÂŇÒ ŇÒã̋ĉ¹âÈ¡àÈ̃ÒÁÒ¡... á˅ĉ¹¾̃ÍÁч¨Ð֗§ġ¹ ä̇àتÍ§Ëĥ§àÃÒá̅Ç˕Ð$s",
        "Beach": "ĉ¹ÁÒğ§àƺÂ§·ÐàÅˉÐ ġ¹à¾ÃÒÐƤãʺäËÁ˕Ð?",
        "Mon": "ħ¹׉˵¹ä́ɤÊÇÂƤ¹Ð ˗ÒՁÂ?#$q 21/22/211132 Mon_old#á̅ÇŇÒäÁà¸Íǖ§ ÁÒŇÒ¿ÒΓÁ˕Ð?#$r 21 -5 Mon_21#ĉ¹ÍÂÒ¡Ʊàŧ¹ àʁºàÂÍÐæˉÐ#$r 22 5 Mon_22#à¾ÃÒÐġ¹ \"ÊÁ¨ƃ§\" ÁÒ¡¡˗Ò¡ÒÃã˪ƚƇµ ã¹àȑÍ§ˉÐ#$r 211132 5 Mon_211132#áʴÍÂÒ¡àŴ¹ µÒÁÃÍÂԋ¢Í§ĉ¹ˉÐ#$r 22 5 Mon_22#ĉ¹áʴÍÂÒ¡ËƩ ä»¨Ò¡ƚƇµàŴÁæ",
        "Mon_old": "$p 21#á̅Çà¸ÍŇÒàŧ¹ ä˴ÁÒ¡àˇÒчËħ§ ËȓÍà»˕Ò˕Ð?|áʴä˴ã˪ƚƇµÍԒˇÒÁ¡ÅÒ§ ¸ÃÃÁªÒŵ ʁàʛ¹ÃÒ§ħÅƚƇµá̅Ç",
        "Mon_21": "ȝÁÁ ġ¹ɤżÇàż¹ä»ËˉÍÂ¹Ð ˗ÒՁÂ?$s",
        "Mon_22": "àËȵ¼ÅàƤÂÇāºĉ¹àÅÂ¹Ð чÁÒÍԒчщˉÐ!$h",
        "Mon_211132": "ɤˉÒҚ¹ªÁ¨ƃ§æàÅÂ¹Ð чã̋àƑÂÃŵȤ³ԋ ¢Í§à¸ÍáººԹ¹",
        "Tue4": "ÊħÊƤ ̍ÒÇ ÍÂÒ¡ȤÂāºĉ¹ËÃÍ?#$e#ŷÇėÈΉá¶Ç׉ŇÒã̋ĉ¹ ä˴äÍàƤÂàÂÍÐáÂÐàÅÂ خ¹чá¶Ç׉â´ÂĕÇġ¹àÍ§ ʁàʛ¹Ê¶ÒěµÂ¡ÃÃÁ ÍԒá̅Ç˴ÇÂ#$e#ĉ¹äˑÍÂÒ¡ỄÒ§§Ò¹ ƈÅ»ÐàҮÍàŧ¹ËÃÍ¡¹Ð ĉ¹áʴƱáÃ§Ě¹´ÒÅã¨ àˇÒԹ¹àÍ§#$e#¡ÒÃŇÒÊÇ¹ɤàËȑÍ¹ ¨Ðàʛ¹ÍÒƚ¾чلÁʴÒ à¸ÍÊÒÁÒÃ¶ŇÒÍÒËÒÃÍ˓ÍÂæ ã̋ȷ¡æ¤¹ä˴àÅÂ¹Ð!$h#$e#à¸Í¤§¨ÐӢ§ÁÒ¡Ɗ¹Ð ¢Íâ·ÉƧ",
        "Tue": "˗Òä§ Ȥ³àҮÍ¹˺Ò¹#$e#àÃÒԷ§Ӵ˅Ò§ʁÍÒĨÂ ÍԒ¹Í¡àȑÍ§ ġ¹Ʊ¤ÇÒÁËÁÒÂ ÍÐäÃËȓÍà»˕Ò?",
        "Wed": "#$1 LeahBug#àұÍà˪Òĉ¹à¼ÅÍàËƲÂºáÁÅ§ àˢÒã̋áˉÐ$s#$e#ºÒ§Ƨĉ¹ʁŤ´˗Ò ġ¹¤§àʛ¹ä»äˑä˴àÅÂ ч¨Ðã˪ƚƇµâ´ÂäˑŇÒÅÒÂ ¸ÃÃÁªÒŵ",
        "Wed6": "ĉ¹ªÍºÍԒāº¾Ç¡ĪµΗ¹Ð ¾Ç¡ġ¹ʺÒ§ãÊқÍƤ#$e#ĪµΗã¹¿ÒΓÁʁɊ´ÂÍ´ àËȑÍ¹ā¹¹Ð$h",
        "Wed8": "˗Òä§ @! ĉ¹ıÒĥ§Ť´àҳÍ§à¸Í áÅÐ¿ÒΓÁ¢Í§à¸Í ÍԒ¾ÍƤàÅÂ#$e#ġ¹¨ÐړǪ¡Ƥ¢¹Ò´äË¹̩Ò ˶Òä˴àʁºàбÂÇȎª¼Å ĸÒ¹Ç¹àÂÍÐæ ¢¹Ò´Թ¹$h#$e#¤§¨ÐƤäˑ˹ÍÂ ˶ÒƱ¤¹ÁÒʺÇÂãʺՁÂ?$l",
        "Thu": "¨ƃ§æ á̅Çá¶Ç׉Ʊ ¢Í§ˋÒàÂÍÐÁÒ¡àÅÂ¹Ð#$e#ĉ¹àÅÂä˴š¹Êĥ´Ê´æ á·ºȷ¡ħ¹àÅÂ$h",
        "Thu6": "¡ÒÃËÒ¢Í§ˋÒ àʛ¹§Ò¹¶ę´¢Í§ĉ¹àÅÂ˕Ð ä̇ƱâÍ¡ÒÊ à݋ÂÇ¨ÐŇÒÊĥ´ã̋·Ò¹¹Ð$h",
        "Fri": "ġ¹ʷÒÂÁÒ¡æàÅÂ˕Ð ч¨Ðàʛ¹àҮÍ¹ āºàË˕Ò˵¹ä́ à¾ÃÒÐ¾Ç¡à¢Ò àʛ¹¾Ç¡ɮ´˹ÍÂā¹ˉÐ$h",
        "Fri2": "¤ÇÃ¨ÐˇÍ§ä̇ÍԒµÅÍ´¹Ð ˗Ò¾Ç¡ĉ¹¤§¨ÐäˑÍԒÃÍ´ ¨¹ȷ¡æħ¹׉ ˶ÒäˑƱ¸ÃÃÁªÒŵ ¤ÍÂʺÇÂàËȕÍ",
        "Fri4": "ÊħÊƤ @ ħ¹׉ÍÒ¡ÒÈƤà̩ÍÐ?#$e#ÁÒËÒĉ¹ч¡ÃÐˇÍÁä˴¹Ð ˶Ò˵Í§¡ÒÃȤÂāºã¤Ãċ¡¤¹$h",
        "Sat": "ĉ¹ˉÐ ªÍºч¨Ðµ¡á˅§Ъ§˅Ò§æ µÒÁÄɤ¡ÒÅ˕Ð",
        "Sat8": "ŇÒ¿ÒΓÁɤˉÒÊȹ¡Ƥ¹Ð ÍÂÒ¡ÅÍ§˺Ò§Ĉ§$l",
        "Sun": "ËÒ¡à¸Íä˴Ƃ¹àƺÂ§á»Å¡æ ÀÒÂã¹˺Ò¹¢Í§ĉ¹ äˑ˵Í§Ê§ĪÂ¹Ð à¾ÃÒÐ˗Òĉ¹ıÒĥ§ á¡ÐÊĥ¡ɳ»Ի¹ÍԒˉÐ",
        "Sun8": "ËÒ¡à¸Í¾ºà¨Íä́á»Å¡æ чˉÒÊ¹ã¨ àÍÒÁÒã̋āºĉ¹ä˴¹Ð$e#ĉ¹¨ÐƤã¨ÁÒ¡æàÅÂ˕Ð ˶Òà¸ÍàÍÒÁÒã̋!$l",
        "event_sculpt1": "...ÍÐäÃàËÃÍ?$7#$b#ͭÍ ! ãʺá̅Ç ɦ¡˵Í§àÅÂ˕Ð!!$h",
        "event_sculpt2": "ġ¹äˑƱÍÐäÃż´»¡ŵËÃÍ¡... ĉ¹ˉÐŤ´˗Ò¸ÃÃÁªÒŵԹ¹ Ģ§ƱÍÐäÃчÊÇÂ§ÒÁ ч¾Ç¡àÃÒĢ§äˑà¤Âà¨Í ã̋ˤ¹ËÒƽ¡ÁÒ¡ÁÒÂ àÅÂ˕Ð#$b#á˅ƽ¡˴Ò¹Ǚ§ ʁ»ÃÐËÅÒ´ã¨¹Ð ˗ÒÁȹÉΒÍ˒Ò§¾Ç¡àÃÒàщÂ à»ѕÂ¹á»Å§Ъ§˅Ò§æ ÃÍºĕÇàÍ§ã̋¡ÅÒÂàʛ¹ Ъ§ч˵Í§¡ÒÃä˴Ģ§ä§... à˝Í...ɮ´ʷÒÂæʁǴÍ ĉ¹ıÒĥ§»صÁã¹Ъ§ч àƳÂ¡˗Ò 'ƈÅ»Ð' ÍԒˉÐ",
        "event_sculpt3": "¤¹˺Ò!%fork$a^àͭ...?à¸Í...? ĉ¹ʁ˴ÇÂàËÃÍ$6#$b#ÍÍ¡ä»àÅÂ¹Ð!$a^ĉ¹ړǪ¡Ƥчà¸Í ɮ´áººԹ¹¹Ð$l",
        "event_parents1": "ɦ¡¢Í§à¸Í... äˑÍ˒Ò§ԧ¹ àұÍʱÍ¹ĉ¹ʁ... ¤§¨ÐäˑƱ¤ÇÒÁɊ¢áˉæàÅÂ$u#$b#ĉ¹˗Òġ¹àʛ¹Ъ§чƤчɊ´ ã¹µÍ¹Թ¹á̅Ç˕Ð... ¡ÒÃ¨º¤ÇÒÁĪÁĞ¹Έ чäˑàËƩÂÇáˉ¹ã¹µÍ¹ ч¾Ç¡àÃÒàÍ§ Ģ§àʛ¹ħÂӣ¹ÍԒ$u",
        "event_parents2": "ɤâË´̃ÒÂä»Ź´ËˉÍÂ¹Ð... á˅ʁãʺ ¾Ç¡àÃÒäˑƱàÇÅÒ ã̋ā¹¾Í$u",
        "event_parents3": "ԧ¹àËÃÍ? ˶Òԧ¹ĉ¹¢ÍĕÇʱÍ¹¹Ð!%fork$a",
        "event_parents4": "*¶Í¹ËÒÂã¨*...$s#$b#ɦ¡¢Í§à¸Í... ġ¹ɤàʫ¹áʱĕÇÁÒ¡àÅÂ á˅ġ¹ż´ԧ¹àËÃÍ чĉ¹ÍÂÒ¡¨ÐƱ¤ÇÒÁɊ¢?... ؍¡... äˑړƊ...$s",
        "event_parents5": "*¶Í¹ËÒÂã¨*...$s#$b#à¸ÍÍÒ¨¨Ð ɮ´ɦ¡ʁä˴¹Ð... ÁȹÉΒàʛ¹Ъ§ƱƚƇµ чàʫ¹áʱĕÇ$s#$b#ĉ¹˗Òġ¹àʛ¹Ъ§чäˑ¤ÇÃ ч¨Ðɮ´ǖ§ġ¹ÁÒ¡ä» Ģ§ä§ȷ¡æ¤¹ʁ˵Í§ ƱʺÇ§àÇÅÒч˵Í§ĕ´Ɗ¹ã¨ àҳÍ§ÂÒ¡æÍԒá̅Ç$s",
        "summer_1": "ºÍ¡ä˴ã¹ė¹ƧàÅÂ˗Ò Ë˹Ò̃Í¹ÁÒǖ§á̅Ç ! ¡Х¹ËÍÁ˝Í¹æ¢Í§ ÅÐÍÍ§à¡ÊÃч˕Í§ÁÒµÒÁ ÊÒÂÅÁ!!$h",
        "summer_Mon": "àұÍà˪Ò ĉ¹à¨Í¼Åä́ˋÒ ˴ÇÂáËÅÐ!#$e#̽Ð...â·ÉƧ¹Ð ġ¹äˑàËȕÍá̅ÇˉÐ$s#$e#ÅÍ§ËÒ˅Íä»¹Ð ĉ¹àҚÍ˗Òà¸ÍˉÒ¨Ðà¨Í ¢Í§чƱ»ÃÐâÂªΉ ˺Ò§áËÅÐ",
        "summer_Tue": "àƺÂ§̃Í§¢Í§ĪµΗ ã¹¿ÒΓÁщġ¹àђÂÁ ä»àÅÂà¹ÍÐ à¸Í˗Òԧ¹ՁÂ?",
        "summer_Tue4": "ã¹ƚƇµˉÐ¹Ð Т§àƳÂºʷÒÂàˇÒäÃʁТ§Ƥ: ÅÁÄɤ̃Í¹˝Í¹æ àÁ˦чɺ§˚§ áÅÐ˶ÇÂäÇΉá´§ чàʕÁä»¤ÇÒÁàƳÂºʷÒÂ ¢Í§ÊµÒΓŴÇáÇÅѕ",
        "summer_Thu6": "ĉ¹ƱµÒчäÇÁÒ¡àÅÂ¹Ð àÇÅÒËÒ¼Åä́¨Ò¡ˋÒ ä̇˗Ò§æà݋ÂÇŇÒÊĥ´¼Åä́ ã̋à¸Í·Ò¹¹Ð$h",
        "summer_Fri": "à¸ÍÊÒÁÒÃ¶ã˪ Tapper àҮÍĔ¡թÒËÇÒ¹ áÅÐ¢Í§àËÅÇ˅Ò§æä˴ â´ÂµÃ§¨Ò¡˵¹ä́#$e#ġ¹ĸÒàʛ¹˵Í§ã˪ àÇÅÒŹ´ËˉÍÂ á˅¼Åчä˴لÁʴÒ¹Ð",
        "summer_Fri2": "ĉ¹ˉÐ... äˑʴÍÂÍÂÒ¡ɮ´ÍÐäÃ áÃ§æËÃÍ¡¹Ð á˅˶Ò¾Ç¡àÃÒäˑɤáÅ ¸ÃÃÁªÒŵ˴ÇÂ¤ÇÒÁà¤ÒÃ¾ ɵ¡ËÅÒ¹¢Í§¾Ç¡àÃÒ ¨ÐŕÒºÒ¡ÁÒ¡#$e#Ť´˗Òԧ¹äËÁ?",
        "summer_Fri6": "Ëħ´Ƥ˨Ò @ à¸Íà¤ÂړǪ¡àË§Ò˺Ò§ՁÂ àÇÅÒч˵Í§ÍԒã¹¿ÒΓÁãËʽæ ι¹¤¹àƤÂÇ#$e#ÁÒËÒĉ¹ч˺Ò¹ä˴¹Ð ˶Òà¸Í˵Í§¡ÒÃ ¤¹ȤÂ˴ÇÂ$h",
        "summer_Sat": "ġ¹Ƥ¹Ðч˺Ò¹¢Í§ĉ¹ÍԒã¡̅æ áË˕§թÒġ¹ʺÇÂ¤ÅÒẪÍ¹ ä˴ÁÒ¡àÅÂ˕Ð µÍ¹Ë˹Ò̃Í¹Í˒Ò§׉#$e#¾ÍƤĉ¹ˉÐ äˑʴÍÂɦ¡āº ¤ÇÒÁ̃Í¹ċ¡àˇÒäÃ",
        "summer_Sun": "ĉ¹¤ÇÃŇÒÍÐäÃ ã¹ħ¹чÍÒ¡ÒÈÍºӭ¹ áÅÐªÇ¹ãֲ̋àƑÂ¨щƤ¹Ð? *¶Í¹ËÒÂã¨*#$e#Ʊ¤ÇÒÁŤ´Ƥæ ՁÂ?",
        "fall_1": "Äɤ¡ÒÅ ġ¹à»ѕÂ¹ä»àʣÇ à¹ÍÐ!#$e#ˉÒµ¡ã¨¨ƃ§æ",
        "fall_Mon": "#$c .5#ĉ¹àʁºàʫ´ˋÒ ä˴àұÍÍÒŷµΒчá̅Ç!#$e#à˪Ò׉ĉ¹àÅÂ¿Ò´àʫ´ˋÒ áÅÐäʲä»ªÒÁâµ... Ģ§ЭÁÍԒàÅÂàщÂ#$e#Ëρ¹Ī§à¡µµÒÁخ¹¹Ð á̅Çà¸Í¨Ðàʁºàʫ´ä˴... ρ¹ã¨˗ÒÍ˒Ò§Թ¹",
        "fall_Tue": "ĉ¹àÍ§ʁÊ§ĪÂ¹Ð˗Ò ¨ÐÊÒÁÒÃ¶àÍÒãºä́á̋§ ÁÒàƳÂ§ã̋ÊÇÂæ ¨Ðä˴äËÁ¹Ð?#$e#ġ¹ɤƱƺĪ¹ƤĈ§àÅÂ... Í´Ť´äˑä˴àÅÂ˗Ò ¨Ðã˪ġ¹ŇÒ¼Å§Ò¹ƈÅ»Ð ä˴ËȓÍà»˕Ò$h",
        "fall_Tue4": "ȷ¡¤¹̅Ç¹Ʊ ɁÁÁÍ§à©¾ÒÐĕÇ äˑ˗Ò¾Ç¡à¢Ò¨Ðàʫ¹ ˴ÇÂËȓÍäˑ à¸ÍŤ´˗Òԧ¹äËÁ?#$e#á˅ʁ¹Ð ºÒ§¤¹ʁƱɁÁÁÍ§ ã¹áººчĉ¹àÍ§ʁ ģºäˑä˴àÅÂ˕Ð",
        "fall_Wed": "ġ¹àђÂÁÁÒ¡àÅÂ чÍÒĨÂÍԒã¡̅ áˑթÒ#$e#ä˴ğ§àƺÂ§թÒµ¡ ʱÍ¹¹Í¹ȷ¡Ǵ¹àÅÂ",
        "fall_Thu6": "ċ¡ħ¹Ǚ§ ¨Ð˵Í§ŇÒĜ´àʫ´ˋÒ ã̋à¸Íä˴ÅÍ§ŪÁ áˉ¹Í¹$h",
        "fall_Fri": "ч˺Ò¹¢Í§à¸Í Ʊ̋Í§¤ģÇäËÁ?#$e#˶Òã¹˺Ò¹¢Í§à¸ÍƱ¤ģÇÍԒ à¸ÍÊÒÁÒÃ¶ŇÒÍÒËÒÃ Í˓ÍÂæ ä˴ȷ¡Í˒Ò§àÅÂ$h",
        "fall_Fri6": "áÇÐÁÒч¡ÃÐˇÍÁ¢Í§ĉ¹ä˴¹Ð ˶Òà¸ÍÍÂÒ¡ËÒ¤¹ȤÂ˴ÇÂ$h",
        "fall_Sat": "¡ÒÃ»ÃÐĔº»ÃÐ´Ò чáµ¡˅Ò§ ŇÒã̋ړǪ¡ǖ§Äɤ¡ÒÅ чâ´´à˄¹ àʛ¹»ÃÐà¾ƣчƱ Ȥ³ʴÒÁÒ¡àÅÂ˕Ð",
        "fall_Sun": "á¶Ç׉ƱчƤæ ã̋àŴ¹à˕¹àÂÍÐáÂÐàÅÂ#$e#Ȓ´áˢ§Ȓ´¢Ò˺Ò§ ġ¹¨ÐƤāºà¸Í¹Ð",
        "winter_Mon": "ĉ¹ªÍº¹Ð àÇÅÒчȷ¡Í˒Ò§ ɦ¡»¡¤ɅÁ˴ÇÂƋÁÐãËˑæ áºº׉",
        "winter_Tue": "ġ¹Ë¹ÒÇÁÒ¡æ ã¹¡ÃÐˇÍÁàʥ¡æ ¢Í§ĉ¹ˉÐ$s#$e#˵Í§¹Í¹¢´ĕÇ ÍԒã¹˼Ò˛Á ѫ§ġ¹ʁ¾ÍʺÇÂä˴¹Ð$h",
        "winter_Wed": "ʺÇ§à˪Òĉ¹àʫ¹ ¡ÃÐ˅ÒÂƋÁÐ˴ÇÂ˕Ð! ãʺ! ¾Ç¡ġ¹ʴÍ¹ˢÒ§ËÒÂÒ¡ àÅÂ˕Ð?",
        "winter_Thu": "ʺÇ§׉ĉ¹ËÒ¢Í§Ê´ ÁÒŇÒÍÒËÒÃäˑä˴àÅÂ#$e#àÅÂ˵Í§·¹ š¹á˅¢¹Áě§$s",
        "winter_Thu6": "*¶Í¹ËÒÂã¨*... Ë˹ÒË¹ÒÇàщÂ ËÒ¾Ç¡¢Í§Ê´æ ÂÒ¡Ĉ§àÅÂ˹ÒÒÒ#$e#ĉ¹à´Ò˗Òч¿ÒΓÁ¢Í§à¸Í¤§ ȵ¹ÍÒËÒÃä̇á̅Ç˕ÐƊ?",
        "winter_Fri": "чщàÇÅÒ ġ¹ˌÒ¹ä»Í˒Ò§˪Òæ#$e#àұÍµÍ¹ч ĉ¹Ģ§ÍÒĨÂã¹àȑÍ§ á˅˕Ðƫġ¹ˌÒ¹ä»äÇÁÒ¡",
        "winter_Fri6": "ч˺Ò¹à¸ÍˉÐ Ë¹ÒÇäËÁ?#$e#áÇÐÁÒч¡ÃÐˇÍÁ ¢Í§ĉ¹ä˴¹Ð ˶Òà¸ÍÍÂÒ¡¢´ĕÇ ã¹˼Ò˛Áӭ¹æ áÅÐҤÁàË̅ÒáÍ»àŻÅ$h",
        "winter_Sat": "Ƥ˨Ò ƱÍÐäÃã̋ʺÇÂՁÂ?",
        "winter_Sat2": "ÊħÊƤ˨Ò @ ƱÍÐäÃÍÂÒ¡¨Ðɮ´ ËȓÍà»˕Ò?",
        "winter_Sun": "à¸Íà¤ÂÅÒĞ¡ áººàʕÁħ¹äËÁ?#$e#ġ¹¨ÐÊ´Қ¹ ¨¹ËÒÂàËҩÍÂàÅÂ˕Ð"
    }
}
