{
    "header": {
        "target": "w",
        "formatVersion": 5,
        "hidef": true,
        "compressed": 128
    },
    "readers": [
        {
            "type": "Microsoft.Xna.Framework.Content.DictionaryReader`2[[System.String, mscorlib, Version=4.0.0.0, Culture=neutral, PublicKeyToken=b77a5c561934e089],[System.String, mscorlib, Version=4.0.0.0, Culture=neutral, PublicKeyToken=b77a5c561934e089]]",
            "version": 0
        },
        {
            "type": "Microsoft.Xna.Framework.Content.StringReader",
            "version": 0
        }
    ],
    "content": {
        "Mon": "Ëħ´Ƥ... ȷ¡Í˒Ò§àƳÂº̃ÍÂƤ¹Ð?",
        "Mon4": "¤ÃÍº¤ģÇ¹¡áˡÇ ÊÍ¹ÍÐäÃËÅÒÂÍ˒Ò§ã̋¼Á..#$b#á˅¼Áρ¹ã¨˗Ò ġ¹Ģ§Ʊƽ¡ËÅÒÂÍ˒Ò§ ч¼Áäˑړ$s",
        "Tue": "¡ÒÃä˴ÍԒã¹ˋÒ ÂÒÁч´Ç§ÍÒŷµΒâÁâËˉÐ ġ¹ƤÁÒ¡àÅÂ#$e#´Ç§ÍÒŷµΒËÒàÃÒ ã˵¡Í§ãºä́äˑà¨ÍËÃÍ¡ ¾Ç¡àÃÒã˪ɵ¡à˕¹āºà¢Ò! ˞Òæ...$h",
        "Wed": "...â·ÉƧ¹Ð... ħ¹׉¼ÁÍÒÂ$3",
        "Wed2": "ÃÐħ§ɰà¢Òä¿ä̇˴ÇÂ... ¾Ç¡Ƈ­­Ò³ äˑªÍº¤¹¹Í¡",
        "Thu": "Ȥ³à¤Âà¨Í ¤¹ч¤̅ÒÂȤ³˺Ò§äËÁ?#$b#¼ÁäˑʴÍÂȤÂāº¾Ç¡à¢ÒËÃÍ¡ ¼ÁړǪ¡»ÅÍ´ĠÂ àұÍÍԒāºĕÇàÍ§ÁÒ¡¡˗Ò...$3",
        "Fri": "ƱǴ¹Ǚ§... ¼Áä»чȨ´ɺ§Ɋ´¢Í§ɰà¢Òä¿ á̅Çàʫ¹áÊ§ä¿чÍԒä¡Åƅº#$b#¼ÁÊ§ĪÂ˗ÒчµÃ§Թ¹ Ʊɭ§¹¡ҽ¹ÍÒĨÂÍԒǣà»˕Ò¹Ð?$3",
        "Fri3": "¼ÁÊ§ĪÂĈ§˗Ò ¼Á¨ÐÁÍ§àʫ¹˺Ò¹¢Í§Ȥ³ ¨Ò¡ÂÍ´ɰà¢Òä¿ä˴ՁÂ¹Ð?",
        "Sat": "...ħ¹׉¼ÁàÈ̃ÒĈ§$s#$e#Ȥ³... ä»Êȹ¡à¶ÍÐ »˕ÍÂ¼ÁàÈ̃Òáºº׉áËÅÐ$s",
        "Sun": "àұÍ½¹µ¡ ¾Ç¡¹¡á»Å¡æ ¨ÐÁÒ#$b#¼ÁÅÍ§ȤÂāº¾Ç¡àˤÒ... á˅¾Ç¡àˤÒʁź¹ËƩä»$s#$b#¼ÁŤ´˗Ò¾Ç¡àˤÒ¤§ äˑÍÂÒ¡àʛ¹àҮÍ¹āº¼Á...$s"
    }
}
