{
    "header": {
        "target": "w",
        "formatVersion": 5,
        "hidef": true,
        "compressed": 128
    },
    "readers": [
        {
            "type": "Microsoft.Xna.Framework.Content.DictionaryReader`2[[System.String, mscorlib, Version=4.0.0.0, Culture=neutral, PublicKeyToken=b77a5c561934e089],[System.String, mscorlib, Version=4.0.0.0, Culture=neutral, PublicKeyToken=b77a5c561934e089]]",
            "version": 0
        },
        {
            "type": "Microsoft.Xna.Framework.Content.StringReader",
            "version": 0
        }
    ],
    "content": {
        "4": "¼Áàʫ¹ÁÐˑÇ§Ģ¡Ι ÅÍÂÍԒº¹˿Ò ƵęÊºÍ¡¼Á˗Òι¹ǴÍ ºÍÅɵ¹!$u#$b#¼ÁǙ¡˗ÒƱá˅¹¡чź¹ä˴...",
        "18": "µÍ¹áÃ¡ч¼ÁÁÒǖ§ ƵęÊŇÒȪ´ãºä́ áººàƤÂÇāº¢Í§à¢Òã̋¼Á...#$b#á˅¼ÁɤµÅ¡... àËȑÍ¹ÁÐˑÇ§Ʊ¢¹˝Ð!$h#$e#¼Á˗Ò ¼Áã˚¢¹¹¡¢Í§¼Á˝Ð Ƥá̅Ç",
        "LeoDeparture": "¼Á˵Í§ËÒчÍԒċ¡ч...$s#$b#á˅¼ÁƱá¼¹... ¼Á¨Ð¢Íã̋àҮÍ¹ʺÇÂ",
        "Thu8": "µÍ¹áÃ¡¼ÁړǪ¡á˒... ч˵Í§ÍÍ¡ÁÒ¨Ò¡à¡ÒÐԹ¹ á̅ÇÁÒÍÒĨÂã¹ Ŵ¹á´¹á»Å¡»ÃÐËÅÒ´$s#$e#á˅äˑ¹Ò¹¼ÁʁŪ¹#$b#¼Áàʛ¹¤¹ч»ģºĕÇàʱ§ÁÒ¡æ!$h",
        "Thu10": "µÍ¹áÃ¡ ¼ÁړǪ¡àËȑÍ¹àʛ¹¤¹¹Í¡ á˅¼ÁʁËÒàҮÍ¹ä˴àÂÍÐáÂÐ!$h#$b#àʛ¹¤Ճ§áÃ¡ч ¼ÁړǪ¡˗Ò¼ÁƱ¾ÃÃ¤Ʊ¾Ç¡...",
        "Tue": "¤ɳà¾¹Ʃ¾ÂÒÂÒÁÍ˒Ò§Ëę¡ ã̋¼ÁàƳÂ¹ė¹àҮÍ¹æ ¤ɳã¨ƤÁÒ¡æ ...#$e#...â¤Ƥч¼ÁĸÒºÒ§Í˒Ò§ä˴ ¨Ò¡àұÍʱÍ¹... ʱÍ¹ч¨Ðɦ¡ċ´ÁÒà¡ÂËÒ´... ġ¹ʁàÅÂäˑÂÒ¡àˇÒäË˓#$e#¤ɳà¾¹ƩºÍ¡˗Ò¤ɳ»ÃÐėºã¨ ã¹¤ÇÒÁړ¢Í§¼ÁÁÒ¡!",
        "Tue10": "¼Áρ¹ã¨˗Ò ã¹µÍ¹áÃ¡á¨ÊāºƇ¹à«¹· Ť´˗Ò¼Á»ÃÐËÅÒ´ ĉ¹à¼ÅÍ̃Í§á¡̷¡ä»ÊÍ§-ÊÒÁ¤Ճ§... ġ¹ʁäˑʺÇÂÍÐäÃ$s#$e#ġ¹ǴÍ¡ÒÃà»ѕÂ¹á»Å§ ŚÒËģºȷ¡¤¹Թ¹áËÅÐ á˅µÍ¹׉àÃÒàʛ¹àҮÍ¹чƤ ¢Í§ā¹áÅÐá̅Ç¹Ð!$h",
        "Wed": "¼Á¨ÐàƳÂ¹ړȷ¡Í˒Ò§ чàƳÂ¹ړä˴¨Ò¡ƵęÊ áÅÐ¤ɳà¾¹Ʃ!$h#$e#¹ÒÂ¡àÅƇÊºÍ¡˗Ò ¼ÁıÒĥ§¨Ð¡ÅÒÂàʛ¹ '»ÃÐªÒª¹¤ÇÒÁÊÒÁÒÃ¶ɺ§'... ǖ§¼Á¨Ðäˑړ˗Ò ġ¹ǴÍÍÐäÃʁà¶ÍÐ",
        "Thu": "Ȥ³à¤ÂĪ§à¡µàʫ¹ ¾Ç¡¹¡ˉÒÊ¹ã¨чÍÒĨÂ ÍԒчщ˺Ò§äËÁ?#$e#˶ÒȤ³Ե§ã¨ğ§ ¾Ç¡ġ¹ÍÒ¨¨ÐºÍ¡ÍÐäÃ āºȤ³ʁä˴¹Ð",
        "winter_Thu": "¾Ç¡¹¡ã¹ɋºà¢Ò׉ äˑʴÍÂ¡ĥÇË¹ÒÇàˇÒäË˓#$e#¼Áƍ¨©ÒȪ´ӭ¹æ ¢Í§¾Ç¡ġ¹Ź´ËˉÍÂ...$s",
        "Fri": "ƵęÊÊÍ¹¼ÁàбÂÇāº ÍÒËÒÃˋÒԷ§ËÁ´ã¹ɋºà¢Ò׉ чщƱä̍ԉ¹äÍщàʕÁä»ËÁ´!$h#$e#á˅ǖ§Í˒Ò§Թ¹... ¼ÁʁŤ´ǖ§¡ÒÃš¹ ÇÍÅę··Í§ĴÒ (Golden Walnuts) àʛ¹ÍÒËÒÃà˪Ò¨ƃ§æ...$s",
        "winter_Fri": "ƵęÊÊÍ¹ƇƨŇÒ »ÅÒà¤ҳÍ§à·ÈɺµÃžàÈÉ ã̋¼Á...#$b#à¢ÒºÍ¡¼Á˗Ò ˶Ò¼Áš¹ġ¹àˢÒä»ÁÒ¡¾Í ġ¹¨ÐŇÒã̋¼ÁÍºӭ¹ ã¹ÄɤË¹ÒÇ!$h",
        "Fri8": "Ʌ§ƵęÊºÍ¡˗Ò¼Á¤ÇÃ ŇÒã̋»ÅÒ¢Í§¼Á 'Ɋ¡' ʱÍ¹ч¨Ðš¹...$s#$b#¡˗Ò¼Á¨ÐŪ¹ä˴ à˕¹àÍÒŕÒºÒ¡á·ºµÒÂ... ġ¹á̋§Ɋ´æ àÅÂщ...$s",
        "Mon": "Ëħ´Ƥ @ Ƥã¨Ĉ§чàʫ¹Ȥ³ ¡ĥºä»º¹à¡ÒÐ àËȑÍ¹àұÍʱÍ¹ щġ¹Êȹ¡Ĉ§!#$e#Ȥ³ʁړ˗Ò µÍ¹чȤ³ÁÒ¤Ճ§áÃ¡ ŇÒã̋¼Á¡ĥÇÁÒ¡æ... ¼Áړ˗ÒƚƇµ¼ÁıÒĥ§¨Ð à»ѕÂ¹ä»á̅Ç$u",
        "Sun": "Ȥ³ړՁÂ ɋºà¢ÒÊµÒΓŴÇÍÒ¨¨Ðàʛ¹ ˺Ò¹Ëĥ§ãËˑ¢Í§¼Á... á˅à¡ÒÐŢ§ʁ¨Ðàʛ¹ ˺Ò¹¢Í§¼ÁµÅÍ´ä»#$e#¡ÒÃчä˴¡ĥºä»àђÂÁчι¹˺Ò§ ġ¹ړǪ¡ƤÁÒ¡àÅÂ",
        "Sat": "ä»áˉ¹Ð ċ¡ħ¹Ëѹ§¼ÁÍÒ¨¨Ð ä»Ģ§àȑÍ§ɛɛ...$u#$b#µÍ¹׉ĕÇ¼Áäˑä˴ã¡̅àƔÂ§ āºĴÒ˗Ò¾̃ÍÁàÅÂ âÅ¡ãº׉ġ¹á»Å¡ ŚÒËģº¼ÁÁÒ¡ áÅÐµÍ¹׉¼ÁʁړǪ¡âÍà¤ āºчщá̅Ç!$h",
        "Sun10": "¾Ç¡¹¡áˡÇÍÂÒ¡ã̋¼Á ¢ÍºȤ³Ȥ³ŚÒËģº¾Ç¡ ÇÍÅę··Í§ĴÒ (Golden Walnuts) чȤ³à¨Í ¾Ç¡¹¡áˡÇªÍºġ¹ÁÒ¡àÅÂ$h",
        "Sat10": "@? ȝÁ... ¼ÁàŢ¹Ź´ËˉÍÂч¨Ð¶ÒÁ¹Ð...$u#$b#á˅... Ȥ³Ť´˗Òá¨Ê¨ÐªÍº ڌªÒÂáºº¼ÁäËÁ?$u#$b#ËȓÍ¼Á»ÃÐËÅÒ´àš¹ä»?$s#$e#˞Òææ... ã¤ÃÊ¹ā¹˕Ð ċ¡ħ¹Ǚ§¼Áʁ¨ÐړàÍ§áËÅÐ$h"
    }
}
