{
    "header": {
        "target": "w",
        "formatVersion": 5,
        "hidef": true,
        "compressed": 128
    },
    "readers": [
        {
            "type": "Microsoft.Xna.Framework.Content.DictionaryReader`2[[System.String, mscorlib, Version=4.0.0.0, Culture=neutral, PublicKeyToken=b77a5c561934e089],[System.String, mscorlib, Version=4.0.0.0, Culture=neutral, PublicKeyToken=b77a5c561934e089]]",
            "version": 0
        },
        {
            "type": "Microsoft.Xna.Framework.Content.StringReader",
            "version": 0
        }
    ],
    "content": {
        "Introduction": "Ǵ¹áÃ¡ã¹¡ÃÐˇÍÁàʱÒæ àʛ¹Í˒Ò§äÃ˺Ò§˕Ð?#$e#ԋ¢Í§à¸Í ˊ¹àбÂÇāºàƥÂ§âʷæ ι¹µÅÍ´àÅÂ á˅ĉ¹˗Òǥ¡æá̅Ç à¢Òʁģ¡˺Ò¹Ëĥ§Թ¹¹Ð",
        "Resort": "ĉ¹ړǪ¡»ÃÐėºã¨Ĉ§ @ à¸ÍʻÍÁчщ ¨¹ɤƤä»ËÁ´àÅÂ!$h",
        "Resort_Leaving": "ȷ¡¤¹ע¹àȓÍ˨ÒÒ! ¾Ç¡àÃÒıÒĥ§ӡ§Ë˹Ò ¡ĥºԚɋºà¢Òā¹á̅Ç!",
        "Resort_Shore": "âÍ¡ÒÊã¹¡ÒÃĞ¡ˌÍ¹áºº׉ ÊÒÁÒÃ¶ŇÒã̋ àÈÃÉ°š¨˷Í§Ҧ¹àŵºâµä˴ ¾ÍÊÁ¤ÇÃàÅÂ˕Ð!#$e#ĉ¹äˑÍԒ¡ÅÒ§á´´¹Ò¹æ Ƥ¡˗Ò äˑÍ˒Ò§Թ¹Ë¹Ç´§ÒÁæ ¢Í§ĉ¹ä˴á̋§ËÁ´áˉ",
        "Resort_Chair": "ўæ... ɤÊ¶Ò¹чá˛§׉Ɗ! ĉ¹äˑړ˗Òà¸ÍŇÒġ¹ä˴Ģ§ä§ á˅à˨ÒÊ¶Ò¹чĞ¡ˌÍ¹àʥ¡æ щ àʛ¹ÍÐäÃчɮ´ǖ§ā¹ä» ηÇ˺Ò¹ηÇàȑÍ§àÅÂ˕Ð Ǝµä»ÊÒÁ˺Ò¹á»´˺Ò¹!$h",
        "Resort_Bar": "ƎƎ... āÊàʛ¹ĕÇ¢Í§ĕÇàÍ§ ÁÒ¡àÅÂ˕Ð",
        "pamHouseUpgrade": "@ ĉ¹ä˴Ƃ¹˗Òà¸ÍŇÒàҮÍ á¾Á áÅÐ à¾¹Ʃ... áÅÐġ¹àʛ¹¡ÒÃʺÇÂàËȕÍ ā¹ã¹ȪÁª¹чĉ¹ÍÂÒ¡àʫ¹ ã¹àȑÍ§à¾ƅá¡¹á˛§׉!$h",
        "pamHouseUpgradeAnonymous": "@ à¸Íà¤Âä˴Ƃ¹äËÁ? ºÒ§¤¹ʸÒÂàŧ¹ã̋ âÃź¹ àҮÍỄÒ§˺Ò¹ãËˑã̋ á¾Á áÅÐ à¾¹Ʃ! Ģ§ä§ʁµÒÁ âÃź¹ äˑä˴ºÍ¡ĉ¹˗Ò¤¹æ Թ¹àʛ¹ã¤Ã#$e#äˑ˗Òã¤Ã¨Ðàʛ¹¤¹ʸÒÂʁµÒÁ ĉ¹ÍÂÒ¡àʫ¹¡ÒÃʺÇÂàËȕÍ ¢Í§¤¹ã¹ȪÁª¹áºº׉ ã¹àȑÍ§žƅá¡¹á˛§׉!$h",
        "willyCrabs": "*ȿ´ſ´*... *ȿ´ſ´*... ä˴¡Х¹Թ¹äËÁ? ĉ¹ÊÒÁÒÃ¶Ĉºɫä˴Է§ħ¹...$u",
        "cc_Begin": "*ȿ´ſ´*... *ȿ´ſ´*... ˝ÒÒÒ ĉ¹ړǪ¡˗Ò à¸Íã˪àÇÅÒ˚Ç¹ãËʽ ä»āº ɸ¹ΒȪÁª¹ Ëĥ§àʱÒ׉ ġ¹Ƥ¹Ðч¨Ðàʫ¹˗Ò ã¤ÃºÒ§¤¹Ģ§˛Ç§ãÂ Ê¶Ò¹ч׉ÍԒ",
        "cc_Complete": "ĉ¹äˑà¤ÂړǪ¡ɰƁã¨ ¡ĥºȪÁª¹¢Í§àÃÒ áºº׉ÁÒʱÍ¹àÅÂ à¸ÍŇÒġ¹ä˴ ʺÇÂàËȕÍàȑÍ§žƅá¡¹ ä̇ÁÒ¡ @$h",
        "cc_Bus": "@ ä˴Ƃ¹ι¹äËÁ? ġ¹ɤàËȑÍ¹ Ã¶ĚÊĄ¹àʱÒ¢Í§àȑÍ§ ŇÒ§Ò¹ÍԒµÅÍ´Է§Ǵ¹!!$h#$b#ġ¹àʛ¹ÍÐäÃ чàʱÒчɦ¡֗§ÁÒ¹Ò¹ÁÒ¡æ... щġ¹àʛ¹àҳÍ§ ÁīÈ¨ÃÃΒ¨ƃ§æ",
        "joja_Begin": "àÍÒ˕Ð ɸ¹ΒȪÁª¹ Ëĥ§àʱÒä»«Ðá̅Ç... ĉ¹·ÒÂ˗Òġ¹ǖ§àÇÅÒà»ѕÂ¹ áÅÐЪ§ãËˑæ ¨ÐàˢÒÁÒá̅ÇàŴ¹ä»˅Í... Ģ§ԧ¹ʁµÒÁ ĉ¹ړǪ¡ŇÒÍÐäÃäˑä˴ áÅÐړǪ¡àËȑÍ¹ıÒĥ§ɺ­àƺÂ$s#$e#ĉ¹áʴËħ§˗Òщġ¹ ¤§äˑŇÒã̋»ÃÐħŵ¢Í§ĉ¹àƺÂ$s",
        "Mon": "àʛ¹Äɤ¡ÒÅчƤч¨Ðà¾ÒÐ»ɵ¡ á́á˅¤¹чäˑãʺ ªÒÇä˓Í˒Ò§àÃÒ#$e#ɰà¢Òɵ¡׉ע¹ҚÍÁÒ¡ ã¹àҳÍ§´Í¡ä́чáÊ¹§´§ÒÁ ã¹Äɤãºä́¼ƅ!$h",
        "Tue": "ËƂº¢Í§чà¸Í˵Í§¡ÒÃ¢ÒÂ ÇÒ§Å§ã¹µÐ¡̃Ò чÍԒˢÒ§æ˺Ò¹à¸Íä˴àÅÂ#$e#ĉ¹ÍÂÒ¡ړàËȑÍ¹ā¹ ˗Òà¸Í¨Ðã˚ÍÐäÃÅ§ä»˺Ò§¹Ð",
        "Saloon_Entry": "â˒Ç āÊ!",
        "Tue2": "àұÍàУÁ˵¹Äɤ¡ÒÅãËˑ à¸Í¨Ð˵Í§¶Í¹˵¹ä́чàˉÒµÒÂ ¨Ò¡Äɤ¡ÒÅʱÍ¹ ֗§ÍÍ¡ä»˴ÇÂ ƇƨчʷÒÂчɊ´ǴÍã˪àƔÂÇ",
        "spring_3": "à¸ÍƱȎªªŹ´ҽ¹æ чã˪»ɵ¡ã¹Äɤãºä́¼ƅ ËȓÍĢ§? Äɤ¡ÒÅˉÐ äˑ¤§ÍԒµÅÍ´ä»ËÃÍ¡ à¸ÍàˢÒã¨á̅Ç¹Ð",
        "Town_57_40": "#$c .3#àˢÒàȑÍ§á˅à˪ÒàƚÂÇ ŇÒ§Ò¹ã¹¿ÒΓÁ àÊʣ¨á̅ÇàÃÍÐ?#$e#ÍɃ³ÊħÊڴ! ĉ¹ıÒĥ§µÃÇ¨ÊÇ¹ àËȑÍ¹Í˒Ò§à¤Â¹Ð$h#$c .5#țÁÁ... щġ¹ĕÇà¾וÂщ?$s#$e#â̍ÇÇ... ¤§äˑãʺà¾וÂËÍÂ¹Ð$s",
        "Wed": "ȝÁÁ... àʁºÀÒƹ... *ǞÁŎÒ* ...ʴÒã˪ʸÒÂã¹à·È¡ÒÅ Äɤãºä́¼ƅ... *ǞÁŎÒ*...$u#$e#̋Ð?",
        "spring_10": "ÍÒΛ... äˑƱÍÐäÃƤä»¡˗Ò ªÒĪ¡áˡÇã¹µÍ¹à˪Ò",
        "Thu": "«Òɵ¹ÊÒÁÒÃ¶ ŇÒã̋à¸ÍƱƚƇµƚÇÒ ÁÒ¡ע¹ã¹ȷ¡ϔÒǴ¹ ºÒ§¤Ճ§ĉ¹ʁËÂÍ´àËƳÂ­ ä»ã¹څà¾Å§ *¡ƃê§*$h#$e#ĉ¹ÍÂÒ¡¨ÐÁÒĪ»´ÒΛ˕Ð¤Ճ§ ËȓÍÁÒ¡¡˗ÒԹ¹˴ÇÂ՛Ò",
        "Saloon": "ÊÒĢ³ΛÊħÊڴ! ġ¹àђÂÁÁÒ¡àÅÂ чàʫ¹˗Òà¸ÍƱ ÁȹÉΒĪÁĞ¹ΈчƤ āºªÒÇàȑÍ§׉#$b#ġ¹àʛ¹àҳÍ§чƤ чà¸Í¨ÐËɂ´Ī¡Ğ¡àҮÍ µÃÇ¨ÊÍº˗ÒƱ ¤ÇÒÁà¤ҵÍ¹äËÇÍÐäÃ˺Ò§$h",
        "Saloon4": "ÊħÊƤµÍ¹ϔÒ @! Ƥã¨чä˴àʫ¹à¸Í ÁÒˌÍ¹¤ÅÒÂчºÒΓщ Ğ¡˺Ò§ÍÐäÃ˺Ò§$h#$b#Ȥ³ԋ¢Í§à¸Í ˇÒ¹ŇÒ§Ò¹Ëę¡˴ÇÂ ĕÇˇÒ¹àÍ§ÁÒµÅÍ´... Ǵ¹׉ĉ¹¨Ð¢ÍҤÁ ã̋áʱȤ³ԋ¢Í§à¸Í",
        "Fri": "ĉ¹Ëħ§˗Ò %farm ¿ÒΓÁ¨Ðä»ä˴ÊÇÂ¹Ð ĉ¹à¡ƵÂ´ч˵Í§àʫ¹˗Ò ȎªàћÂÇä»ËÁ´ˉÐ",
        "Sat": "ȷ¡¤¹ɤƱ¤ÇÒÁɊ¢ע¹ ã¹ħ¹Ëɂ´Ɋ´Ī»´ÒΛ¹Ð à¸Í˗ÒäËÁ?#$e#ĉ¹˵Í§ŇÒ§Ò¹µÅÍ´щ¹Ò",
        "Sun": "ĉ¹àʛ¹¹ÒÂ¡à·ÈÁ¹µƳ¢Í§ àȑÍ§à¾ƅá¡¹ÁÒÁÒ¡¡˗Ò 20 ƫá̅Ç!#$e#äˑƱã¤Ãښĉ¹ä˴ µÍ¹àȕÍ¡Ե§àÅÂ ĉ¹Ť´˗Òà¾ÃÒÐĉ¹ ŇÒ§Ò¹ä˴Ƥáˉæ#$e#ĉ¹ªÍºчä˴àʛ¹ ¹ÒÂ¡à·ÈÁ¹µƳ¹Ð",
        "event_secret1": "¢ÍºȤ³¹Ð @ ĉ¹¨ÐäˑȕÁġ¹àÅÂ",
        "event_secret2": "*̃Í§ä̋* ... ĉ¹äˑÍÂÒ¡¨ÐàҚÍ˗Ò à¸Í¨ÐŇÒáººԹ¹...$s#$b#à¸ÍʺÒ§âË´̃ÒÂ$s",
        "summer_Mon": "¡ÒÃŇÒÊÇ¹àʛ¹§Ò¹ÍŴàÃ¡ ¢Í§ĉ¹Ĕ§Թ¹ĉ¹ǈ§ҥ¹à˵¹ āºÊÀÒ¾ÍÒ¡ÒÈчÍºӭ¹׉",
        "summer_Town_57_40": "#$c .3#̍Ò ƇàÈÉ¨ƃ§æ ´Í¡ä́ıÒĥ§âµàÅÂ!$h#$c .3#ÍɃ³ÊħÊڴ! à¸Íä˴¡Х¹ËÍÁËÇÒ¹ ¨Ò¡´Í¡ƅÅѕщǣà»˕Ò?#$e#à˪Òá̅Çá˅ÍÒ¡ÒÈĢ§ӭ¹¹Ð Äɤ̃Í¹ʺÒ§Ƥ āºªÒÂáʱÍ˒Ò§ĉ¹¨ƃ§ àÎÍÐæ",
        "summer_Tue": "ĉ¹ª¹Ð¡ÒÃàȕÍ¡Ե§ ¹ÒÂ¡à·ÈÁ¹µƳä˴Ģ§ä§ ˉÐàËÃÍ? àҳÍ§ġ¹ÂÒÇˉÐ#$e#àÃÒĢ§äˑ˗Ò§¾Í ч¨ÐȤÂàҳÍ§׉ā¹ËÃÍ¡¹Ð",
        "summer_Wed": "áÁ§¡Ð¾Ƀ¹¾ÃÐĈ¹·Γ ¨ÐÁÒчщàʣÇæ׉ ġ¹àʛ¹Ëѹ§ã¹Ъ§ чĉ¹ªÍºàбÂÇāº Ëԑ˺Ò¹׉àÅÂ˕Ð",
        "summer_Thu": "µÍ¹¡ÅÒ§Ǵ¹ч̋Í§â¶§ ɤ¤ǣ¡¤س¹ÁÒ¡àÅÂ#$e#ĉ¹ªÍºч¨ÐÁÒáÇÐÁÒ ÍÒŷµΒÅÐ¤Ճ§ àҮÍÁÒŵ´µÒÁʲÒÇÊÒÃ áÅÐÁÒš¹Ê»Òàʁµׅ ÃÊªÒŵá˷æ¢Í§āÊ",
        "summer_Fri": "ȞÁÁ... ħ¹׉àʛ¹ħ¹àš´ ¢Í§ã¤ÃËȓÍà»˕Ò¹Ð? ĉ¹ˉÒ¨ÐÅÍ§ä»ɤ »ůŷ¹ч̃Ò¹ ŻáÍΓ Ƥ¡˗Ò",
        "summer_Sat": "ȷ¡¤¹ɤƱ¤ÇÒÁɊ¢ע¹ ã¹ħ¹Ëɂ´Ɋ´Ī»´ÒΛ¹Ð à¸Í˗ÒäËÁ?#$e#ĉ¹˵Í§ŇÒ§Ò¹µÅÍ´щ¹Ò",
        "summer_Sun": "ºÍ¡ËˉÍÂ˗Òà¸Íä˴»ɵ¡ ˵¹ºɵàºÍΓѓ˺Ò§äËÁ?#$e#ĉ¹ªÍººɵàºÍΓѓÊ´æ ÁÒ¡àÅÂ¹Ð",
        "fall_Mon": "ªÒÇàȑÍ§ºÒ§¤¹ Ģ§äˑʴÍÂä̇ÇÒ§ã¨ ¤¹á»Å¡Ë˹Ò ˶Ò¨Ðã̋¾Ç¡à¢ÒÂÍÁģºà¸Í ʁ˵Í§ŇÒã̋¾Ç¡à¢Ò ä̇ã¨à¸ÍʱÍ¹#$e#Í´·¹ä̇á̅Çà¸Í ʁ¨ÐˌÒ¹ġ¹ä»ä˴$h",
        "fall_Tue": "¡˗ÒђƊºƫчá̅Ç àÇÅÒ»ÃÐÁÒ³׉¢Í§ƫ ĉ¹ä˴àʛ¹ ¹ÒÂ¡à·ÈÁ¹µƳ¤Ճ§áÃ¡#$e#ړǪ¡áʱ¨ƃ§Ĉ§àÅÂ˕Ð$s",
        "fall_Wed": "˶Òà¸ÍƱĴÒá¹ÐŉÒŚÒËģºàȑÍ§ àƮÂ§áʴàƒÂ¹áÅÐã˚ġ¹Å§ÁÒ ã¹¡˕Í§ĴÒá¹ÐŉÒ¢Í§ĉ¹#$e#â̍ ãʺū... ĉ¹äˑƱ¡˕Í§ ã˚ĴÒá¹ÐŉÒщËˉÒ",
        "fall_Wed2": "ȷ¡æ ħ¹Ⱦ¸ ĉ¹¨Ð·Ò¹ÇÒ¿àſÅĚ¤Ʒ· āº¡Òá¿àʛ¹ÍÒËÒÃà˪Ò ġ¹àʛ¹¸ÃÃÁàƩÂÁàʥ¡æ ч¨ÐŇÒã̋ƚƇµ ªÒÂâÊ´Í˒Ò§ĉ¹ ɤˉÒÊ¹ã¨$h",
        "fall_Town_57_40": "#$c .3#țÁÁÁ... ¾Ç¡àʫ´á»Å¡æ ¾Ç¡׉ÁÒע¹ÍԒµÃ§ ÃÍÂáµ¡ä́ĉ¹ ÍÂÒ¡ړĈ§˗Òàʛ¹»ÃÐàÀ·äË¹?#$c .3#cÍɃ³ÊħÊڴ! àÃÒıÒĥ§˒Ò§ˡÒÇàˢÒԚ ÄɤË¹ÒÇÍ˒Ò§˪Òæ à¾ÃÒÐַĉ¹àÅÂ˵Í§àʫ¹ ÊÇ¹¢Í§ĉ¹ʴÍÂæ ËÒÂä»Í˒Ò§˪Òæ#$e#˝Ò à¸ÍàˢÒÁÒã¹àȑÍ§ á˅à˪ÒàÅÂщ țÍ? àÊʣ¨§Ò¹¨Ò¡ ч¿ÒΓÁá̅ÇËÃÍ?",
        "fall_Thu": "µÍ¹ǔ¡æ чºÒΓ¨ÐàУÁǄ¡Ą¡#$e#ĉ¹ªÍºä»ÍÒŷµΒÅÐ¤Ճ§ ÊÍ§¤Ճ§ àҮÍµÒÁ¡ÃÐáÊċ¡ËˉÍÂ",
        "fall_Fri": "ĉ¹Ëħ§˗Ò¿ÒΓÁ¢Í§à¸Í ¨Ðàʛ¹ä»ä˴˴ÇÂƤ¹Ð",
        "fall_12": "à¸ÍƱ˺Ò¹׼§ (Bee houses) ã¹¿ÒΓÁ¢Í§à¸Í á̅ÇãʺäËÁ?#$e#˶Òà¸ÍÇÒ§ã¡̅æ ´Í¡ä́ªŹ´˅Ò§æā¹ »ÃÐàÀ·¢Í§թÒ׼§ ¨Ðáµ¡˅Ò§ā¹ÍÍ¡ä»¹Ð",
        "fall_19": "ºÒ§¤Ճ§ ¹ÒÂʁړä˴˗Ò ƱºÒ§Í˒Ò§ÍԒã˵Ŵ¹ ÅÍ§Ī§à¡µɤƤæƊ",
        "fall_Fri4": "à¸Íä˴ÅÍ§·Ò¹ «ÍÊÊ»ÒàʁµׅɺµÃĥº¢Í§ āÊ ËȓÍĢ§?$s#$b#... ǖ§˚Ç¹¼ÊÁ¨Ðàʛ¹¤ÇÒÁĥº á˅¡Х¹ġ¹ʁºÍ¡ä˴¹Ð#$b#á̅Çà¨Íā¹",
        "fall_Sun": "à¸ÍŇÒ¿ÒΓÁàʕÁч ÍԒËȓÍà»˕Ò @? à¸Í¨Ð˵Í§ŇÒÍÐäÃËÅÒÂæ Í˒Ò§ã̋ŚÒàʣ¨ã¹ËÅÒÂæ خ¹ч¹Ð ˶ÒÍÂÒ¡¨Ðàʛ¹¾ÅàȑÍ§чƤ ¾̃ÍÁÃÍº˴Ò¹",
        "winter_1": "àÍÒ˕Ð Ë˹ÒË¹ÒÇÁÒǖ§á̅Ç! ι¹ËÁÒÂ¤ÇÒÁ˗Ò ªÒÇàȑÍ§˚Ç¹ãËʽ ¨Ðã˪àÇÅÒÍԒá˅ã¹˺Ò¹#$e#Í˒Ò§˹ÍÂà¸Íʁ¨Ðړ˗Ò ¨ÐËÒ¾Ç¡à¢Òà¨Íä˴чäË¹!$h",
        "winter_Mon": "¨ÐˌÒ¹˾¹ä»ƽ¡ƫá̅Ç!#$e#ĉ¹Ëħ§˗Ò à¸Í¨ÐƱƫчɍ´ÁÊÁɪÃ΃¹Ð!",
        "winter_Tue": "ĉ¹˵Í§àУÁŤ´á¼¹ ч¨ÐĞ²¹ÒàȑÍ§¢Í§¾Ç¡àÃÒ ã¹ƫË˹Ò«Ðá̅Ç˕Ð!",
        "winter_Wed": "ĉ¹Ģ§ÁÒчщȷ¡æǴ¹ àҮÍàʁº¼Å¼ƅµ¢Í§à¸Í á́ã¹µÍ¹ƋÁÐµ¡#$e#à¾ÃÒÐã¹Ë˹ÒË¹ÒÇ à¸Íʁ˵Í§ËÒàŧ¹¹Ð!",
        "winter_Fri": "ĉ¹Ëħ§˗Ò¿ÒΓÁ¢Í§à¸Í ¨Ðàʛ¹ä»ä˴˴ÇÂƤ¹Ð",
        "winter_Fri6": "ĉ¹äˑà¤Âá˅§§Ò¹ ĉ¹äˑƱ¤ÃÍº¤ģÇ Է§ƚƇµĉ¹ÍԒàҮÍàʛ¹ ¹ÒÂ¡à·ÈÁ¹µƳàˇÒԹ¹$s#$e#ġ¹لÁā¹ǣà»˕Ò?$s#$e#...*à̎Í*...$s",
        "winter_Sun": "ÊħÊƤ @!ħ¹׉ÊºÒÂƤՁÂ?$h#$e#˶Òà¨ÍÁÒƩ ʁ½Ò¡ÊħÊƤāºà¸Í á·¹ĉ¹ËˉÍÂ"
    }
}
