{
    "header": {
        "target": "w",
        "formatVersion": 5,
        "hidef": true,
        "compressed": 128
    },
    "readers": [
        {
            "type": "Microsoft.Xna.Framework.Content.DictionaryReader`2[[System.String, mscorlib, Version=4.0.0.0, Culture=neutral, PublicKeyToken=b77a5c561934e089],[System.String, mscorlib, Version=4.0.0.0, Culture=neutral, PublicKeyToken=b77a5c561934e089]]",
            "version": 0
        },
        {
            "type": "Microsoft.Xna.Framework.Content.StringReader",
            "version": 0
        }
    ],
    "content": {
        "Introduction": "¤¹á»Å¡Ë˹ÒàËÃÍ? ...ÊħÊƤ#$e#äˑ˵Í§Ê¹ã¨ĉ¹ËÃÍ¡ ĉ¹áʴÍÒĨÂÍԒчщ ¤¹àƤÂÇˉÐ",
        "reject_869": "Ȥ³ƱÍÐäÃˉÐ? ɤàËȑÍ¹¨ÐàÍÒä»ŇÒàʚ´Ƥæ ä˴¹Ðι¹$h",
        "cc_Boulder": "àҮÍ¹àʱÒ¢Í§ĉ¹ à˨ÒˡÍ¹Ƌ¹Ģ¡Ι ч˚Í§»ÃÐ¡ÒÂι¹ ġ¹ä˴¨Ò¡ä»á̅Ç ġ¹ɤàËȑÍ¹¨Ðäˑãʺ àËȵ¡ÒÃ΃ŚÒĄ­ÍÐäÃ á˅ŚÒËģºĉ¹àʛ¹ ¡ÒÃà»ѕÂ¹á»Å§¤Ճ§ãËʽ#$b#á˅ĉ¹Ƥã¨āº à˨ÒˡÍ¹Ƌ¹ªÃÒ¹Ð чä˴ä»ɤâÅ¡¡̇Ò§ˉÐ$h",
        "MovieInvitation": "țÍ... āºĉ¹? »¡ŵĉ¹¤§äˑä» á˅... µ¡Å§ Ȥ³ã¨ƤĈ§чǙ¡ǖ§ĉ¹#$b#ƽ¡Ī¡Ğ¡ѹ§ à݋ÂÇĉ¹ä»¹Ð",
        "Mon": "ÍÒ¡ÒÈчÊ´Қ¹ ã¹чÃ¡̃Ò§˗Ò§à»˕Òщ ǴÍԷ§ËÁ´чĉ¹Ê¹ã¨#$e#ĉ¹ÍԒˢÒ§¹Í¡щ à¾ÃÒÐ˗Òĉ¹àȕÍ¡àÍ§ä§˕Ð",
        "Tue": "Ȥ³ÁÒàÂÒÐà̂Âĉ¹àËÃÍ...?#$e#ĉ¹áʴÊ¹ã¨á˅ȸÃÐ¢Í§ĕÇàÍ§",
        "Wed": "©Ð...ĉ¹äˑړĈ¡Ȥ³Ƥ¾Í ч¨ÐàҚÍȤ³ËÃÍ¡ ¢Íâ·ÉƧ¹Ð",
        "Thu": "...țÁÁÁ? Ȥ³˵Í§¡ÒÃÍÐäÃ ¨Ò¡ĉ¹ǣà»˕Ò?",
        "Fri": "¢Í̃Í§˕Ð Í˒ÒĞ§àʕ¹·¢Í§ĉ¹àÅÂ¹Ð#$e#ġ¹à¤Ââ´¹Ğ§ÁÒá̅Ç$s",
        "Sat": "ĉ¹Ʊ¤ÇÒÁɊ¢ä˴˴ÇÂ ĕÇ¢Í§ĉ¹àÍ§ ¢Ð¢ÐàˢÒã¨...ãʺäËÁ#$e#ĉ¹äˑĸÒàʛ¹ ˵Í§ƱàҮÍ¹ãËˑËÃÍ¡¹Ð",
        "Sun4": "ġ¹¤§¨ÐƤäˑ˹ÍÂ¹Ð ˶ÒªÒÇàȑÍ§ÂÍÁģºĉ¹ ã¹Ъ§чĉ¹àʛ¹$s#$b#ĉ¹ªÍºч¨ÐÍԒˢÒ§¹Í¡щ ã¹ÍÒ¡ÒÈч»ÅÍ´â»˓§áºº׉ ι¹ǴÍЪ§ч¾Ç¡à¢Ò äˑàˢÒã¨",
        "Tue4": "Ȥ³ÊÒÁÒÃ¶àƳÂ¹ړ ч¨ÐàÍÒĕÇÃÍ´ã¹ˋÒä˴ ĉ¹ŇÒÁÒá̅Ç#$e#ĉ¹Ť´˗Ò¾Ç¡àÃÒȷ¡¤¹ ˅Ò§ʁƱáÃ§¡ÃÐٕ¹ʻÍ¹ÍԒ áÃ§¡ÃÐٕ¹чÍÂÒ¡ ¡ĥºǴ¹Ԛ¸ÃÃÁªÒŵ ġ¹áʴˉÒ¡ĥÇŹ´ËˉÍÂ ч¨ÐŇÒµÒÁġ¹",
        "Wed6": "ĉ¹ã˪àÇÅÒ˚Ç¹ãËʽ ä»āº¡ÒÃŤ´#$e#˶ÒËÒ¡Ȥ³ÊÒÁÒÃ¶àˢÒã¨ ã¹àËȵ¼ÅчʻÍ¹ÍԒ ã¹¤ÇÒÁŤ´¢Í§Ȥ³ä˴ â´Â¤Ãº˶Ç¹ÅÐʁ Ȥ³ʁ¨ÐºÃÃɅÃÐĔºãËˑ ¢Í§¡ÒÃƱƚƇµÍԒ",
        "Wed2": "ĉ¹˵Í§ÃÐħ§ ¤¹á»Å¡Ë˹ÒàÍÒä̇ à¾ÃÒÐ˗Òڌ¤¹˚Ç¹ãËʽäˑªÍº '¤¹ˋÒ'",
        "Thu4": "¤¹чщʁɤàʛ¹ƁµÃƤ¹Ð á˅¾Ç¡à¢ÒËÅºË˹Òĉ¹#$e#ڌ¤¹˅Ò§à¡Ã§¡ĥÇ Ъ§чäˑړ$u",
        "Fri4": "Ȥ³àƳÂ¹ړЪ§˅Ò§æ ä˴ÁÒ¡ÁÒÂ¨Ò¡˵¹ä́#$b#ã˪àÇÅÒÍԒ˓ÇÁāºġ¹ áÅÐġ¹ÍÒ¨¨ÐºÍ¡à˕Ò ¤ÇÒÁĥº¢Í§ġ¹āºȤ³#$e#ä»Í˒Ò§Ī¹ŵ¹Ð àʔ¡àͭÂ",
        "Sat4": "ĉ¹Ʊȷ¡Ъ§ȷ¡Í˒Ò§ ч˵Í§¡ÒÃàҮÍÍԒÃÍ´ áÅÐƱÁÒ¡¡˗ÒԹ¹ƽ¡ ¸ÃÃÁªÒŵ ºÃÃàÅ§à¾Å§чˉÒÁīÈ¨ÃÃΒ ˶ÒȤ³àƳÂ¹ړч¨Ðģºğ§ˉÐ¹Ð#$e#ĉ¹Ģ§ã˪àÇÅÒÁÒ¡ÁÒÂ ä»āº¡ÒÃ˝Ò¹ Ëѹ§ã¹àËȵ¼Åчĉ¹Ëɂ´ÍԒ чɋºà¢Òá˛§׉ ʁǴÍɊ´ÂÍ´̋Í§ÊɁ´ι¹àÍ§˕Ð",
        "Sun": "#$1 linusVandal#àұÍǴ¹ Ʊ¤¹»ÒƋ¹ã˚àʕ¹·ĉ¹... ĉ¹àÅÂ˵Í§ÃÍã̋ġ¹ˌÒ¹ä»$s$k#$e#ĉ¹äˑªÍºч¨ÐÍԒ ã¹чàŴÁàʛ¹àÇÅÒ¹Ò¹æ ã¹âÅ¡׉Ģ§Ʊ»ÃÐÊº¡ÒÃ΃ ã̋¾ºà¨Íƽ¡àÂÍÐ",
        "summer_Mon4": "µÅÍ´ËÅÒÂƫчˌÒ¹ÁÒ ĉ¹ä˴¾º¤ÇÒÁĥº ÊÍ§ÊÒÁÍ˒Ò§ àбÂÇāº¡ÒÃã˪ƚƇµ#$e#Ȥ³¨Ð˵Í§ˤ¹ËÒġ¹ ˴ÇÂµ¹àÍ§¹Ð",
        "summer_Mon": "#$1 LinusHeron#ĉ¹àʫ¹¹¡¡ÃÐÊÒ àŴ¹ɅÂթÒä»Í˒Ò§әÁ¹ÇÅ ˌÒ¹ËÁÍ¡ã¹µÍ¹à˪Ò ι¹ˉÐ àʛ¹ÃÒ§ħÅ ¢Í§¡ÒÃã˪ƚƇµàƳÂºæ$k#$e#ġ¹àʛ¹àҳÍ§ʷÒÂч¨Ð ËÅ§ä»āºƚƇµчė¹ÊġÂ ʺÇ§ƚƇµчƤчɊ´¢Í§Ȥ³ ¨ÐˌÒ¹ä» Í˒Ò§àȕÍ¹ÅÒ§ä̃ɳ»áºº ι¹àʛ¹ÊÒàËȵч˗ÒŇÒäÁ Ȥ³¨Ð˵Í§àƳÂ¹ړ ч¨Ðã˪ƚƇµã̋ġ¹˪ÒÅ§",
        "summer_Tue4": "àʛ¹ä§˺Ò§ àҮÍ¹˹ÍÂ¢Í§ĉ¹?",
        "summer_Wed6": "ÍÒ... Äɤ̃Í¹ ´Ç§ÍÒŷµΒч̃Í¹ÃÐɍ ӭ¹¡ÃÐ͛Í§ã̋ĉ¹#$b#ŇÒã̋ĉ¹ƱÍÒËÒÃчӭ¹æ ã̋Ե§µÒÃÍã¹µÍ¹¡ÅÒ§Ǵ¹",
        "summer_Thu4": "ĉ¹ƱàËȵ¼Å¢Í§ĉ¹ ŚÒËģº¡ÒÃÍÒĨÂ ÍԒ¤¹àƤÂÇáºº׉#$e#ºÒ§Ъ§¨ÐƤчɊ´ ˶Ò»˕ÍÂġ¹ä̇ äˑɮ´ġ¹ÍÍ¡ÁÒ...#$e#ĉ¹¤ÇÃ¨Ðä»ËÒÍÒËÒÃä˴ÅÐ",
        "summer_Fri4": "àұÍäË˓ʁµÒÁчȤ³ Ĉº»ÅÒä˴ã̋ŚÒǙ¡¢ÍºȤ³ǖ§ ¤ÇÒÁàƺÂÊÅÐ¢Í§ġ¹˴ÇÂ¹Ð#$b#ǖ§á́à¸Í¨ÐäˑàҚÍ àҳÍ§ŨµƇ­Ò³¢Í§»ÅÒʁµÒÁ á˅ġ¹àʛ¹¡ÒÃǝ¡Ũµã¨чƤ àÃÒ˵Í§µÃÐËę¡ǖ§¼Å¡ÃÐ·º ¢Í§àÃÒ˅ÍЪ§áÇ´̅ÍÁ¹Ð",
        "summer_Sat4": "Ȥ³ÊÒÁÒÃ¶ËÒ »ÅÒà·ÃÒ΅ÊÒÂ٣§ (Rainbow Trout) ä˴чŕÒ¸ÒÃã¹µÍ¹׉",
        "summer_Sun": "ʺÇ§׉¢Í§ƫ ƚƇµ¢Í§ĉ¹ʷÒÂע¹àÂÍÐ ĉ¹äˑ˵Í§ā§ÇÅ˗Ò ¨ÐŇÒĢ§ä§ã̋ĕÇӭ¹#$e#áÅÐġ¹ʁƱȎª¼ÅµÒÁˋÒ àʕÁä»ËÁ´",
        "fall_Mon": "ĉ¹ä˴ä»ŚÒÃÇ¨ã¹զÒԹ¹ÁÒá̅Ç#$e#ɤàËȑÍ¹ġ¹¨ÐƱ ¤ÇÒÁĥººÒ§Í˒Ò§ʻÍ¹ÍԒ#$e#ÃÐħ§ĕÇ˴ÇÂ àұÍà¸ÍàˢÒä»ã¹Թ¹ˉÐ",
        "fall_Tue4": "#$1 LinusFall1#Ʊ¤¹ÁÒˎ¹ƺÊà»ÃΒ ã˚˺Ò¹ĉ¹àұÍǴ¹... ã˪àÇÅÒàʛ¹ΪÇâÁ§ ã¹¡ÒÃÅºġ¹à˪Ò׉$k#$e#ĉ¹˵Í§àУÁÃÇºÃÇÁȏ¹ ŚÒËģºÄɤË¹ÒÇ#$e#Ȥ³Ʊȏ¹¾Íч ¨ÐŇÒã̋˺Ò¹¢Í§Ȥ³ Íºӭ¹ËȓÍà»˕Ò?",
        "fall_Wed4": "ĉ¹äˑƱÍÐäÃ ˵Í§ģºż´ªÍºÁÒ¡ę¡ ĉ¹ʁàÅÂã˪àÇÅÒ ä»āº¡ÒÃŤ´á·¹#$e#Ȥ³˵Í§àˢÒã¨Ъ§чȤ³Ť´ ʱÍ¹чȤ³¨Ð¤ÇºȤÁġ¹",
        "fall_Sun": "ĉ¹äˑªÍºÍԒã¹чàŴÁ ¹Ò¹æ",
        "fall_Sun6": "äˑƱÍÐäÃч¨ÐƤä»¡˗Ò ¾Ç¡àʫ´ˋÒã¹Äɤãºä́˓Ç§$h",
        "winter_Mon": "ġ¹Ë¹ÒÇä˴ÁÒ¡¨ƃ§æ àÇÅÒȤ³ÍÒĨÂÍԒã¹àʕ¹·$s",
        "winter_Tue4": "¢ÍºȤ³чäˑģ§àƑÂ¨ĉ¹¹Ð @ ġ¹˵Í§ã˪ɰƁě­­ÒÍ˒Ò§ÁÒ¡ ч¨ÐàÍÒª¹ÐĪ­ªÒµ­Ò³ خ¹°Ò¹¢Í§¤¹#$e#ĉ¹ʁàʛ¹ÁȹÉΒ àËȑÍ¹¤¹ҽ¹ι¹áËÅÐ ĉ¹áʴƱƇƦƚƇµ ч˅Ò§ÍÍ¡ä»",
        "winter_Wed4": "ĉ¹áˉã¨˗Òà¸ÍàˢÒã¨˗Ò ŇÒäÁĉ¹ǖ§ÃÐáÇ§ ¤¹á»Å¡Ë˹Ò#$e#á˅ġ¹àʛ¹àҳÍ§¢Í§ÍƤµ âÍàˤ? µÍ¹׉à¸Íāºĉ¹àʛ¹àҮÍ¹ā¹ ĉ¹Ť´˗Òԧ¹¹Ð",
        "winter_Thu4": "ÄɤË¹ÒÇġ¹ŕÒºÒ¡ á˅Ȥ³Ģ§ÊÒÁÒÃ¶µ¡»ÅÒ áÅÐËÒÍÒËÒÃä˴ÍԒ#$e#˶ÒȤ³ƱĪµΗã´æ Ȥ³ʁ¤ÇÃã̋¾Ç¡ġ¹ ÍԒˢÒ§ã¹¹Ð",
        "winter_Fri4": "˵¹ä́¨ÐĸÒƸÅ ã¹ʺÇ§Ë˹ÒË¹ÒÇ ŇÒã̋ºÃÃÂÒ¡ÒÈɤàË§Òæ#$e#á˅ĉ¹¤§äˑĂ´¢ÇÒ§ ¡ÒÃ¹Í¹àҮÍģ¡ÉÒ¤ÇÒÁ§ÒÁ ¢Í§¾Ç¡à¢ÒËÃÍ¡¹Ð$h",
        "winter_Sat4": "¢ÍºȤ³чáÇÐÁÒ¹Ð ĉ¹ړǪ¡àË§Ò Ź´ËˉÍÂà˪Ò׉#$e#á̅ÇȤ³à¨ÍÍÐäÃˉÒÊ¹ã¨ ã¹àËȑÍ§˺Ò§ՁÂ˕Ð?",
        "winter_Sun": "¡ÒÃ¹Í¹º¹خ¹Ŵ¹Թ¹ ƤāºËĥ§¢Í§ĉ¹#$e#¡ÒÃÁÍ§ÍÐäÃæ ã¹áʷƤʁàʛ¹ƇƨчƤчɊ´˕Ð¹Ð$h"
    }
}
