{
    "header": {
        "target": "w",
        "formatVersion": 5,
        "hidef": true,
        "compressed": 128
    },
    "readers": [
        {
            "type": "Microsoft.Xna.Framework.Content.DictionaryReader`2[[System.String, mscorlib, Version=4.0.0.0, Culture=neutral, PublicKeyToken=b77a5c561934e089],[System.String, mscorlib, Version=4.0.0.0, Culture=neutral, PublicKeyToken=b77a5c561934e089]]",
            "version": 0
        },
        {
            "type": "Microsoft.Xna.Framework.Content.StringReader",
            "version": 0
        }
    ],
    "content": {
        "Introduction": "ÍÒ à·ÈÁ¹µƳàÅƇÊ ºÍ¡ĉ¹˗Òà¸ÍàО§ÁÒǖ§ ĉ¹ҚÍÁÒƩ¹Ð!#$e#ĉ¹¢ÒÂ¾Ç¡ »ɈĪµΗ á̅Çʁ¢Í§ã˪¢Í§ĪµΗ ÍԒч¿ÒΓÁàוÂ§ĪµΗ¢Í§ĉ¹ ˗Ò§æ à¸ÍʁáÇÐÁÒàђÂÁĉ¹ ˺Ò§ʁä˴¹Ð$h",
        "Resort": "ƎƎ... ã¹чɊ´! âÍ¡ÒÊч¨Ðä˴ÍÇ´ ¤ÇÒÁ¾ÂÒÂÒÁÍ˒Ò§Ëę¡ ã¹ªÁÃÁáÍâÃź¤¢Í§ĉ¹$h",
        "Resort_Leaving": "ĉ¹ړǪ¡Íºӭ¹",
        "Resort_Shore": "ўў... ¡ÒÃä˴àʫ¹ȷ¡¤¹ã¹Ȫ´ÍÒºթÒ щˉÒÊ¹ã¨¨ƃ§æ",
        "Resort_Chair": "Ʋê... àˡÒםġ¹àƫÂ¡ÍԒщ",
        "Resort_Bar": "֟ÇÇÇÇ... ̃Í¹Ĉ§!$s",
        "reject_789": "̷ÒÂÂÂ!$4#$b#...ȝÁ... ÍÐäÃˉÐ? àË.. ĉ¹äˑړ˗Òι¹ǴÍÍÐäÃ...$3",
        "Mon": "ĉ¹ģ¡ĪµΗ¹Ð à˨ÒËәÁ @ ˶Òà¸Í»ůĚŵāºĪµΗ ¢Í§à¸ÍƤÅÐʁ ĉ¹ρ¹ã¨˗Ò àÃÒ¨Ðàʛ¹àҮÍ¹ чƤ˅Íā¹ä˴áˉ¹Í¹! ^ĉ¹ʁáʴģ¡ĪµΗˉÐ @ áˑËɩ »ůĚŵ˅Í¾Ç¡à¢Ò ˴ÇÂ¤ÇÒÁàÁµµÒ á̅Ç¾Ç¡àÃÒ¨Ðä˴ àʛ¹àҮÍ¹ā¹ ĉ¹áˉã¨!",
        "Mon4": "ĪµΗġ¹ä̃àƤÂ§ÊÒ ˉÒģ¡ ˶Òäˑãʺĉ¹á̅Çã¤Ã¨Ð ɤáÅ¾Ç¡ġ¹ā¹˕Ð?$s#$e#ĉ¹áʴËħ§˗Òäʱ¢Í§ĉ¹ ¤§äˑâ¡Ã¸ÁÒ¡àš¹ä»¹Ð àÇÅÒĉ¹ËƂºäʲ¢Í§¾Ç¡ġ¹ä»$s",
        "Thu_2": "à¸ÍÍԒчщ ÁÒä˴Ğ¡Ǚ§á̅Ç¹Ð ¿ÒΓÁ¢Í§à¸Íàʛ¹ä§˺Ò§?#$e#¡ÒÃàוÂ§ĪµΗġ¹äˑÂÒ¡ËÃÍ¡ µÃÒºã´чà¸Í äˑȕÁ¾Ç¡à¢ÒˉÐ!$h",
        "Saloon": "µÍ¹׉ ĉ¹ÊÒÁÒÃ¶Ğ¡ˌÍ¹ áÅÐĪ§ÊÃÃʹä˴ Ī¡Ź´Ī¡ËˉÍÂ˕Ð",
        "Saloon_Tue": "¤¹äˑʴÍÂƱàÅÂ¹Ðħ¹׉$s",
        "Saloon_Wed": "#$1 marnieAnimalSal#ĉ¹ŇÒ¹ÁԷ§Ė§Ë¡ħ¹׉ ġ¹á˒ÁÒ¡àÅÂ ʺÒ§ˉÒàƺÂ´ÒÂ§Ò¹ч àºƅ¹´ÒчˉÒÊ§ÊÒÃ¢Í§ĉ¹ ɍµ˚ÒΛŇÒÁÒԵ§¹Ò¹$k$s#$e#à¸ÍÁÒʁƤá̅Ç µÍ¹׉¾Í¨ÐÊ´Қ¹ע¹ËˉÍÂ",
        "Saloon_Thu": "à̎Í! ġ¹ړǪ¡Ƥ¨ƃ§æ чä˴Ȓ´áˢ§Ȓ´¢Ò Ëĥ§¨Ò¡чŇÒ§Ò¹Ëę¡ÁÒԷ§ħ¹",
        "Saloon_Fri": "%àËȑÍ¹ÁÒƩ¨ÐäˑĪ§à¡µ àʫ¹˗ÒȤ³ÍԒчщ...",
        "Saloon_Sun": "*¶Í¹ËÒÂã¨*... ĉ¹äˑä˴ŇÒÍÐäÃч Ʊ»ÃÐâÂªΉàÅÂħ¹׉",
        "Saloon_Sat": "ĉ¹àʫ¹¤ƅ¹·ÁÒчщµÅÍ´ á˅à¢Òäˑà¤ÂȤÂāºã¤ÃàÅÂ à¢ÒàƮÂ§áʴ ĺÒàȕÍ§ÁÍ§ˢÒÁīÇäË˕ÁÒ àʛ¹¤Ճ§¤ÃÒÇàˇÒԹ¹$s",
        "Tue": "ËÅÒ¹¢Í§ĉ¹ àª¹ ÁÒÍԒч˺Ò¹ĉ¹ ä˴àȄÍ¹ÊÍ§àȄÍ¹á̅Ç#$e#à¢ÒʺÇÂĉ¹ɤáÅ¾Ç¡äʱ à¾ÃÒÐԧ¹ʁȆÍ˗Òà̘Òæ ā¹ä»",
        "Wed": "à¸ÍÊÒÁÒÃ¶ã˪àƔÂÇ àҮÍĕ´Ë˭ÒÁÒàʛ¹ ÍÒËÒÃĪµΗä˴¹Ð#$e#ËȓÍ؛Íāºĉ¹ʁä˴!$h#$e#ĉ¹äˑģ§àƑÂ¨ àŧ¹¾Ç¡Թ¹ËÃÍ¹Ð...$u#$e#ÅÒʱÍ¹",
        "Thu": "ÊħÊƤ˨Ò ıÒĥ§ÁÍ§ËÒÍÐäÃÍԒǣà»˕Ò?#$e#ĉ¹Ť´˗Ò¨Ðä»ËÒĪµΗªŹ´ҽ¹æ ÁÒ¢ÒÂÍԒàËȑÍ¹ā¹ã¹Í¹Ò¤µ á˅à¸Í˵Í§žɺ¨Ή ƭȑÍ¡ÒÃàוÂ§ĪµΗ«ÐʱÍ¹¹Ð#$e#˶ÒƱµÅÒ´ģº؛Í ã̋ĪµΗ¾Ç¡Թ¹á̅Ç ĉ¹ǖ§¨ÐàÍÒ¾Ç¡ġ¹ÁÒ¢ÒÂ#$e#áʴɤáÅĪµΗ ¢Í§à¸Íã̋Ƥæ á̅ÇàҳÍ§Ƥæ ¨Ðàš´ע¹àÍ§áËÅÐ",
        "Fri": "ÁÒà¨Íĉ¹ä˴ч«Òɵ¹¹Ð ĉ¹ÍԒчι¹ á·ºȷ¡Ǵ¹ι¹áËÅÐ#$e#¾Ç¡ĪµΗàщÂ àʛ¹àҮÍ¹чƤ¹Ð á˅Ģ§ä§ ĉ¹ʁ˵Í§ȤÂāºڌ¤¹˺Ò§",
        "Fri4": "#$1 marnieLike#ĉ¹˗Òã¤ÃĪ¡¤¹ã¹àȑÍ§׉ ıÒĥ§ªÍºĉ¹ÍԒ¹Ð *ƎƎ*$k$h#$e#ĉ¹¤§¨ÐàË§Òá˒ ˶Òàª¹̂ÒÂÍÍ¡ä»ˉÐ",
        "Fri6": "ĉ¹Ê§ĪÂĈ§˗ÒàÅƇÊ ÍԒ˺Ò¹Ëĥ§ãËʽæ áººԹ¹á̅ÇäˑàË§ÒËÃÍ...$s#$e#ã¹Թ¹ġ¹ɤâ˕§æ à¹ÍÐ ˗ÒՁÂ?",
        "Sat": "à¤Âä»чËÍ¤ÍÂá»Å¡æ ·Ò§˴Ò¹µÐħ¹µ¡ ¢Í§˺Ò¹ĉ¹äËÁ?#$e#¤Ճ§Ëѹ§ĉ¹à¤Âä˴Ƃ¹ àƺÂ§¡ÃÐūºˉÒ¡ĥÇ чàËȑÍ¹ÁÒ¨Ò¡ âÅ¡ҽ¹Ĕ§ÍÍ¡ÁÒ ¨Ò¡á¶ÇԹ¹˴ÇÂ˕Ð$s#$e#˶Òĉ¹àʛ¹à¸Í ĉ¹¨ÐàѕÂ§äˑä»µÃ§Թ¹¹Ð...",
        "Sun": "˗Òä§̘Ð Ƥã¨чä˴à¨Íà¸Í¹Ð!#$e#˶ÒÍÂÒ¡¨Ð؛Í¢Í§ ËȓÍ¨ÐÁÒËÒÍÐäÃ ʁÁÒä˴µÅÍ´àÅÂ¹Ð̘Ð",
        "Sun8": "ä§̘Ð @!$h#$e#ĉ¹Ƥã¨ чàÃÒ¡ÅÒÂÁÒàʛ¹àҮÍ¹ā¹¹Ð ĉ¹ړ˗Òĉ¹ä̇ÇÒ§ã¨ ã̋à¸ÍɤáÅàË˕ÒĪµΗàוÂ§ чˉÒģ¡¢Í§ĉ¹ä˴"
    }
}
