{
    "header": {
        "target": "w",
        "formatVersion": 5,
        "hidef": true,
        "compressed": 128
    },
    "readers": [
        {
            "type": "Microsoft.Xna.Framework.Content.DictionaryReader`2[[System.String, mscorlib, Version=4.0.0.0, Culture=neutral, PublicKeyToken=b77a5c561934e089],[System.String, mscorlib, Version=4.0.0.0, Culture=neutral, PublicKeyToken=b77a5c561934e089]]",
            "version": 0
        },
        {
            "type": "Microsoft.Xna.Framework.Content.StringReader",
            "version": 0
        }
    ],
    "content": {
        "Rainy_Day_0": "ÍÒ¨¨Ðàʛ¹ħ¹ чàËÁÒÐáʱ¡ÒÃ ι§à˕¹ƑµÒΓ ŪÇæ...#$e#à̎ ˶ÒȤ³ÍÂÒ¡Ğ¡ ʁĞ¡ä˴àÅÂ¹Ð",
        "Rainy_Day_1": "Ȥ³Ť´˗Òà«ºÒÊàƥÂ¹ āºÍźà¡Å ¨Ðä»˴ÇÂā¹ä˴ ËȓÍà»˕Ò?#$e#µÍ¹׉¼Áá˅§§Ò¹á̅Ç ʁàÅÂ¨Ð¾ÂÒÂÒÁ ŇÒã̋ȷ¡¤¹ ä˴á˅§§Ò¹˴ÇÂ",
        "Rainy_Day_2": "щ ¼Áà¨Íщ¡֥§ÍԒ ˴Ò¹Ëĥ§֥¹Ċ¡ÅÐ [90 88 86 535]#$e#¼ÁŤ´˗ÒȤ³ ˉÒ¨Ðã˪ġ¹ ä˴¹Ð",
        "Rainy_Day_3": "à̎Í ¾Ç¡ ħ¹¤؃Áæáºº׉ ġ¹àҚÍ§˪Ò ¨ƃ§æàÅÂ...$7",
        "Rainy_Day_4": "Ȥ³ËĥºÅ§ ä˴Ģ§ä§àщÂ? àƺÂ§½¹ŇÒã̋¼Á إÍä»ËÁ´",
        "patio_Sam": "*¶Í¹ËÒÂã¨* ...¼ÁäˑƱħ¹ŇÒˇÒ׉ ä˴áˉàÅÂ...$s",
        "Rainy_Night_0": "щ ħ¹׉àʛ¹ä§ρ§? ¼Ááʴ¹Í¹ ¡֥§ä»¡֥§ÁÒ ˝Ò¹Ëę§ȚÍ¡ÒΓɥ¹ Է§ħ¹... àђÂÁä»àÅÂ$h",
        "Rainy_Night_1": "àʛ¹ħ¹ч ŪÇ¨ƃ§æ ŚÒËģº¼Á... â¤˕Ò ž«ʻÒáʺáʂ§ ι§Å§Ƥ´ƑµÒΓ Ī¡ÊÍ§ÊÒÁΪÇâÁ§ ˌÍ¹¤ÅÒÂÁÒ¡",
        "Rainy_Night_2": "àұÍֱ ¼Áä»ğ§ à·»Ě¹Ǘ¡âªΗ ч¾Ç¡àÃÒà˕¹ ĸÒä˴äËÁ? ¾Ç¡ ġ¹ɤρÇæ ä»ËˉÍÂ#$b#ġ¹ŇÒã̋¼Á ړǪ¡»ÃÐËˑÒˉÐ µÍ¹чȤ³ÍԒ˴ÇÂ ¼ÁäˑÍÂÒ¡ ŇÒġ¹Ğ§ á̅ÇȤ³¨ÐŤ´˗Ò ¼Áàʛ¹¾Ç¡ ֲá˾!$l",
        "Rainy_Night_3": "¼ÁËħ§˗ÒƇ·à«¹· ¨ÐäˑړǪ¡ â´´àфÂÇËĥ§¨Ò¡ ч¼ÁÍÍ¡ÁÒ¹Ð... ¼ÁړǪ¡˗Òàʔ¡˹ÍÂι¹ àʛ¹¤ÇÒÁģºż´ªÍº ¢Í§¼Á$s#$e#á˅ƚƇµʁǴÍ ¡ÒÃà»ѕÂ¹á»Å§... ¨ƃ§äËÁ? àʔ¡ĸÒàʛ¹ ˵Í§àƳÂ¹ړġ¹ ËȓÍäˑÍ˒Ò§ԧ¹ ƚƇµڌãËʽ ¨ÐŇÒÅÒÂ ¾Ç¡à¢Ò$7",
        "Rainy_Night_4": "щ ¼Áӭ¹ ž«ʻÒáʺáʂ§ ÊÍ§֊¹ã¹àµÒ˕Ð щ¢Í§Ȥ³ [206]$h",
        "Indoor_Day_0": "֟ÇÇ... ¼ÁÍÂÒ¡ºÍ¡Ȥ³ Í˒Ò§Ëѹ§ч¼Á äˑà¤ÂŤ´ǖ§àÅÂ ã¹ƚƇµàʱÒæ... ¡ÒÃŇÒ§Ò¹ч̃Ò¹â¨˨Ò ˉÐ",
        "Indoor_Day_1": "щ ¼ÁŇÒá¾¹àˤ¡ ã̋Ȥ³ÅÐ ·Ò¹ã̋Í˓ÍÂ [211]$h#$e#ÍÐäÃà˕Ò? ʁ¼Áäˑà¤ÂàƳÂ¹ ŇÒÍÒËÒÃщ¹Ò... ʁáˑ¢Í§¼Á ŇÒã̋µÅÍ´àÅÂщ",
        "Indoor_Day_2": "щ ¼Áړ˗Ò¼ÁªÍº ɮ´à˕¹ÍԒàҳÍÂ á˅¼ÁÍÂÒ¡ºÍ¡ ã̋Ȥ³ړ˗Ò¼Á ģ¡Ȥ³ÁÒ¡æ àÅÂ¹Ð...$l",
        "Indoor_Day_3": "Ȥ³Ʊá¼¹ ŚÒËģºħ¹׉ǣĢ§?#$e#âË ¼ÁäˑŤ´ËÃÍ¡... ¼Áġ¡¨Ðĕ´Ɗ¹ã¨ ˗Ò¨ÐŇÒÍÐäÃ ʱÍ¹Ë˹ÒԹ¹ Ź´àƤÂÇˉÐ...",
        "Indoor_Day_4": "ȝÁ... ¼Á¨ÐʺÇÂȤ³ ŇÒ¿ÒΓÁ ħ¹ҽ¹¹Ð ħ¹׉ֲàƑÂ¨Ĉ§$s#$e#Ȥ³äˑâ¡Ã¸¹Ð?",
        "Indoor_Night_0": "ħ¹׉Ȥ³ɤàËҩÍÂ¹Ð Ǵ¹׉ã̋¼Á ʺÇÂˌÍ¹¤ÅÒÂ âÍà¤ՁÂ? àÍÒàʛ¹¹Ç´ÅÐā¹",
        "Indoor_Night_1": "¼ÁŇÒÍÐäÃ˺Ò§ ħ¹׉àËÃÍ? ...¼ÁĸÒ äˑʴÍÂä˴˕Ð¹Ð ¼ÁäˑʴÍÂŇÒÍÐäÃ ã̋ˉÒ¨´ĸÒàˇÒäË˓ áʴĞ¡ˌÍ¹ áÅÐƱʺÇ§àÇÅÒчƤ",
        "Indoor_Night_2": "щ ¢Íâ·É¹Ð ч¼Áäˑä˴Ĉ´àƥÂ§ Ȥ³ʁړ˗Ò¼Áàƅ¹à˕Í áʴäË¹... á˅ι¹ǴÍЪ§ч ŇÒã̋Ȥ³ªÍº¼Á ãʺäËÁ?$h",
        "Indoor_Night_3": "Ъ§àƤÂÇч¼ÁŤ´ǖ§ µÍ¹ÍԒã¹˺Ò¹ ǴÍ»ÅÒá¤Êà«ÍâÃÅ ¢Í§Ȥ³áˑ",
        "Indoor_Night_4": "¾̃ÍÁч¨ÐàˢÒ¹Í¹ ËȓÍĢ§? ¨ƃ§æá̅Ç ¼Áà¤ÂĈ´àƥÂ§ ¤Ճ§Ǚ§áË¹Ð...",
        "Outdoor_0": "ºÒ§Ƨ¼Á¤ÇÃ ÍÍ¡ä»à˕¹ àÊʁµºÍΓ´¢Í§¼Á ã̋̅ÍËɁ¹˺Ò§ à·ÈÁ¹µƳàÅƇÊ äˑƱ·Ò§Ĉº¼Á ė¹ËÃÍ¡$h",
        "Outdoor_1": "¼Á¤ÍÂ ĈºµÒÁÍ§˷Í§˿Ò µÅÍ´àÅÂ¹Ð... Ȥ³äˑƱ·Ò§ړËÃÍ¡˗Ò ¨ÐƱɲàÍ¿âÍ ˌÒ¹ÁÒàұÍäË˓",
        "Outdoor_2": "ä§ @! ˶Ò¼ÁړÍÐäÃ àбÂÇāº¿ÒΓÁ ÁÒ¡¡˗Ò׉ÅÐʁ ¼Áʁ¨ÐʺÇÂȤ³àÍ§ ¢Íâ·É¹Ð#$e#¼Á¨Ð¾ÂÒÂÒÁ áÅÐʺÇÂȤ³˴ÇÂ¡ÒÃ ã̋ıÒĥ§ã¨¹Ð$h",
        "Outdoor_3": "ºÒ§Í˒Ò§ ã¹ÍÒ¡ÒÈŇÒã̋¼Á ړǪ¡Ƥ... ÍÒ¨¨Ðàʛ¹ ¡ХÁËÍÁæ¢Í§ ž«ʻÒ¨Ò¡ àµÒÍº¢Í§āÊʁä˴",
        "Outdoor_4": "̇ÒÇ...Ȥ³ɤƤ ÁÒ¡àÅÂħ¹׉ áÅÐ¤ÃÒºâ¤Å¹ʺÇÂã̋Ʊ àÊˉΛÁÒ¡ע¹ä»ƽ¡$l",
        "OneKid_0": "¼Á¨Ðà»ѕÂ¹ ˼Ò̍ÍÁã̋ %kid1 àÍ§¹Ð... Í˒Ò§˛Ç§ä»àÅÂ Ȥ³Ӣ§ ÁÒ¡¾Íá̅Ç",
        "OneKid_1": "ġ¹á»Å¡¹Ð á˅ ¼ÁªÍºч ¨Ðä˴àʛ¹ ˎÍ¨ƃ§æ!$h",
        "OneKid_3": "¼ÁŤ´˗Ò àÃÒˉÒ¨ÐƱɵ¡ ƽ¡¤¹¹Ð ŇÒäÁǖ§Ëɂ´˕Ð?",
        "TwoKids_0": "¼Áҥ¹à˪ÒÁÒ àҮÍ˻Í¹ˢÒÇɵ¡ áÅÐà»ѕÂ¹˼Ò̍ÍÁ àÊʣ¨á̅Ç àÃÒŇÒȷ¡Í˒Ò§ àƳÂº̃ÍÂ Ȥ³áʴÊ¹ã¨ āº¡ÒÃŇÒàŧ¹ ã̋ÁÒ¡æʁ¾Í$h#$e#̅Íà˕¹ËˉÒ... ¼Áäˑä˴á˅§§Ò¹ āºȤ³àҮÍ àŧ¹Ī¡ËˉÍÂ",
        "TwoKids_1": "àÃÒĸÒàʛ¹ ˵Í§ŇÒã̋áˉã¨˗Ò àÃÒŇÒ¤ÇÒÁÊ¹ã¨ %kid1 ÁÒ¡¾Í¹Ð Է§чàÃÒƱ %kid2 ¹Ð àÃÒäˑÍÂÒ¡ã̋ ¾Ç¡à¢Òƍ¨©Ò ā¹ËÃÍ¡",
        "TwoKids_2": "Êȹ¡¨ƃ§æ āº¡ÒÃä˴àʫ¹ àʔ¡à˕¹˴ÇÂā¹ ¾Ç¡à¢Ò¨Ð˵Í§ ÊŹ·ā¹ÁÒ¡áˉ¹Í¹",
        "TwoKids_3": "¼Áäˑ¤Ò´Ť´ ÁÒʱÍ¹˗Ò ¨Ðä˴ÁÒàʛ¹ ˎÍ¤¹ á˅ ¼Áʁ¾Íã¨āºЪ§ чàÃÒỄÒ§ע¹ÁÒ чщ ƚƇµıÒĥ§ä»ä˴Ƥ àÅÂ˕Ð$l",
        "Good_1": "Ȥ³Ť´ǖ§µÍ¹ч¾Ç¡àÃÒ ÍԒ˴ÇÂā¹ã¹̋Í§ ¢Í§¼Á˺Ò§äËÁ? ¼ÁŤ´ǖ§¹Ð ˊÍÂÁÒ¡˴ÇÂ...$l",
        "Good_2": "Ȥ³ړäËÁ ¼ÁŤ´˗Ò ړǪ¡˗ÒàÃÒ ¨Ðä˴ÍԒ˴ÇÂā¹ ÁÒԵ§á˅áÃ¡á̅Ç ġ¹ƱÍÐäÃžàÈÉ ÃÐË˗Ò§ÊÍ§àÃÒ$l",
        "Good_3": "̇ÒÇ Ȥ³ɤƤÁÒ¡àÅÂħ¹׉! ä»ŇÒÍÐäÃāº ¼Á¢Í§Ȥ³ ÁÒËȓÍà»˕Ò?$l",
        "Good_6": "ÃÐħ§˴ÇÂ¹Ð! ¼Áړ˗ÒºÒ§¤Ճ§ Ȥ³¨ÐàˢÒä» ã¹զÒι¹... Ȥ³ÍÒ¨ ɦ¡š¹Է§àʛ¹ ʁä˴¹Ð!",
        "Good_4": "чģ¡ ¼Áà¤Â¨Ðá˅§à¾Å§ чà˕¹ӴāºƑµÒΓ ã̋Ȥ³ã̋Ȥ³ á˅µÍ¹׉ Ȥ³ÍԒчщáÅÐ ¼ÁʁړǪ¡ ˌÍ¹¤ÅÒÂÁÒ¡#$e#ġ¹ġ¡¨Ðà˕¹ ƑµÒΓµÍ¹ړǪ¡ àË§ÒÁÒ¡¡˗Ò",
        "Good_5": "чģ¡ Ȥ³āº¼ÁËˉÍÂ! ¼ÁÊ¹ã¨ğ§àҳÍ§ ¢Í§Ȥ³µÅÍ´àÅÂ",
        "funLeave_Sam": "ħ¹׉ ¼Á¨Ðä»àђÂÁ ¤ÃÍº¤ģÇ âÍà¤¹Ð? á̅Ç¨Ð¡ĥºÁÒ µÍ¹àʢ¹æ",
        "funReturn_Sam": "ä˴à¨Í¤ÃÍº¤ģÇ ġ¹àʛ¹àҳÍ§Ƥ á˅ġ¹ʁ áÍºړǪ¡Ë´ԛ áººá»Å¡æ˴ÇÂ àËȑÍ¹... ƚƇµ¾Ç¡àÃÒ áÂ¡ā¹ÍԒá̅Ç áÅÐ ȷ¡Í˒Ò§ɤàʛ¹ ·Ò§¡ÒÃ ¡˗Òчà¤Âàʛ¹$7",
        "spring_1": "ǭº... ãºä́¼ƅ... ¼ÁʷÇ§... á˾àËȕÍàš¹$s",
        "spring_12": "Ȥ³ҥ¹à˵¹ ч¨Ðä˴˓ÇÁ§Ò¹ ¾ӣ§׉äËÁ? ġ¹˵Í§àђÂÁáˉÍ¹ ¨Ðä˴ä»à¨Íà«ºÒÊàƥÂ¹ á̅Ç",
        "spring_23": "âÍ...¾ӣ§׉ §Ò¹à˵¹œÒ Ɗ¹Ð? ¼ÁŤ´˗Ò¼Á äˑÍÂÒ¡àˢÒ˓ÇÁá̅Ç à¾ÃÒÐàÃÒ á˅§§Ò¹ā¹á̅Ç#$e#àÍÒà¶ÍÐ ġ¹¤§¨ÐÊȹ¡ áººá»Å¡æ ˕ÐˉÐ",
        "summer_1": "à¡ÊÃ´Í¡ä́ ˹ÍÂÅ§Ź´ËˉÍÂ ʺÇ§Äɤ̃Í¹ ¨ɱ¡¼ÁʴÍÂƤ ע¹ËˉÍÂ$h",
        "summer_10": "Ȥ³Ť´ǣĢ§˗Ò ¨Ðã˚ÍÐäÃÅ§ã¹ ȫ»ĥÇΓ?#$e#ġ¹¤§µÅ¡ ˶Òã˚ÍÐäÃá¼Å§æ ˗ÒՁÂ ч¨Ðä˴á¡̅§ ڌ˗Ò!#$e#¢Íâ·É¤ģº...",
        "summer_27": "Äɤ̃Í¹ʁƤ á˅¼Á¾̃ÍÁ ŚÒËģºãºä́˓Ç§ á̅Ç#$e#àÃÒ¤ÇÃɤ áÁ§¡Ð¾Ƀ¹ Ǵ¹¾ӣ§׉ՁÂ? ġ¹Êȹ¡àÊÁÍàÅÂ",
        "fall_1": "ɤàËȑÍ¹Է§Ëԑ˺Ò¹ ¨Ðà»ѕÂ¹ ã¹ΪÇˢÒÁǴ¹... ¼Áà´Ò˗ÒÄɤãºä́˓Ç§ ÁÒǖ§á̅Ç",
        "fall_15": "щ ¾ӣ§׉Ʊà·È¡ÒÅ˕Ð ¼Á˵Í§ŇÒã̋ Ëę§ÂÒ§ģ´ˢÍȑÍ ¡ĥºÁÒàʛ¹ɳ»àŴÁ...",
        "fall_26": "¼ÁÊ§ĪÂ˗Ò áˑ¨Ðã̋Ƈ¹à«¹· à¢ÒÇ§¡®ËÅÍ¹ՁÂ ƫ׉ ºÒ§Ƨ¤§äˑ...#$e#àʔ¡ˉÒÊ§ÊÒÃà̽Â à¢Ò¤§¨Ðâµע¹ ċ¡ħ¹...",
        "winter_1": "ÍÒ¡ÒÈàʢ¹ ŇÒã̋à¨Åá˅§¼Á ¢Í§¼Ááʂ§ äˑªÍºàÅÂ$s",
        "winter_7": "àÃÒ¨ÐáÇÐä»ч à·È¡ÒÅթÒáʂ§ ¾ӣ§׉ՁÂ? ¤§¨ÐÊȹ¡ч¨Ðä˴à¨Í ȷ¡æ¤¹ ƽ¡¤Ճ§...",
        "winter_28": "àÃÒƱƫчƤ @... ġ¹àʛ¹àҳÍ§àÈ̃Ò чƫ׉ıÒĥ§¨Ð¨º#$e#àÃÒ¨ÐỄÒ§ƫãËˑ ã̋Ƥ¡˗ÒàŴÁ!$h"
    }
}
