{
    "header": {
        "target": "w",
        "formatVersion": 5,
        "hidef": true,
        "compressed": 128
    },
    "readers": [
        {
            "type": "Microsoft.Xna.Framework.Content.DictionaryReader`2[[System.String, mscorlib, Version=4.0.0.0, Culture=neutral, PublicKeyToken=b77a5c561934e089],[System.String, mscorlib, Version=4.0.0.0, Culture=neutral, PublicKeyToken=b77a5c561934e089]]",
            "version": 0
        },
        {
            "type": "Microsoft.Xna.Framework.Content.StringReader",
            "version": 0
        }
    ],
    "content": {
        "Rainy_Day_0": "Ëħ§˗Ò á¨Ê āº ÁÒƩ ¨ÐŇÒÍÐäÃä˴Ƥע¹ ˶ÒäˑƱ¼Á...#$e#á¨Ê âµ¾Í¨ÐɤáÅĪµΗä˴á̅Ç",
        "Rainy_Day_1": "Ȥ³ړÍÐäÃäËÁ? ¼ÁŤ´˗ÒթÒËę¡¼ÁÅ´ Ե§á˅̂ÒÂàˢÒÁÒ$6",
        "Rainy_Day_2": "щ...ģºä»Ɗ [346 174 303 305 215]#$e#¼Á؛Íġ¹µÍ¹ˌÒ¹ á¼§¢ÒÂ¢Í§...",
        "Rainy_Day_3": "чģ¡... ħ¹׉¼ÁړǪ¡ äˑʴÍÂÍÂÒ¡ŇÒÍÐäÃàÅÂ",
        "Rainy_Day_4": "@ ħ¹׉¼Á¤ÇÃŇÒÍÐäÃ чàʛ¹»ÃÐâÂªΉƤՁÂ? ...ËȓÍƗºĪ¡Ğ¡?",
        "Rainy_Night_0": "ȝÁ... ɤàËȑÍ¹¨Ðàʛ¹Ǵ¹чƤ ã¹¡ÒÃÍºž«ʻÒĪ¡ËˉÍÂ¹Ð#$e#$h",
        "patio_Shane": "ªÒΓƵΒ á¡щˉÒģ¡¨ƃ§æ$8",
        "Rainy_Night_1": "àƺÂ§ ŷ»-ė»˻Ò-ŷ»¢Í§ÊÒÂ½¹ ¾Ò¼Áä»ÍԒã¹Ê¶Ò¹чҽ¹ ³ ̋Ç§àÇÅÒҽ¹...",
        "Rainy_Night_2": "¼Áà´Ò˗Ò... ˶Òħ¹׉¼Áã˚¡Ò§à¡§ã¹ ºÒ§Ƨ¼ÁˉÒ¨Ð ÍÍ¡ä»¹Í¡˺Ò¹... á˅ äˑàÍÒËÃÍ¡",
        "Rainy_Night_3": "¼ÁªÍºÍÒ¡ÒÈчȑ´Á¹ á˅¼ÁړǪ¡äˑƤ á·¹¾Ç¡äʱ",
        "Rainy_Night_4": "ŷ»-ė»˻Ò-ŷ»-ė»˻Ò-ŷ»... ¼ÁàУÁړǪ¡ ¡ÃÐËÒÂթÒá̅Ç˕Ð$6",
        "Indoor_Day_0": "̇Ò... ºÒ§¤Ճ§ʁړƺ¡˗Ò ƚƇµàҚÍ§˪ÒáÅÐ àºÅÍÅ§àҳÍÂæ... ړ¹Ð˗Ò¼ÁËÁÒÂǖ§ÍÐäÃ?",
        "Indoor_Day_1": "ä§ ģºщä»... ¼ÁËƂºàš¹ÁÒ¨Ò¡ àµÒÍºˉÐ [195 215 206]#$e#¢Íâ·É˴ÇÂ ˶Òġ¹әÁàš¹",
        "Indoor_Day_2": "ʺÇÂ¼ÁËˉÍÂƊ... ¼Áà¼ÅÍã˪ݾÂ à¾ÒÐĞ¹ۨˢÒÇâ¾´ ŚÒËģºäʱ",
        "Indoor_Day_3": "*ɘº*... ȝÁÁ ġ¹ƱÃÊªÒŵчàËȑÍ¹ ã¤ÃıÒĥ§š¹ž«ʻÒ$6",
        "Indoor_Day_4": "¼ÁŊÒĚ´ÍԒ¹Ò¹¾Í¤ÇÃ áÅÐºÒ§¤Ճ§ړǪ¡äˑ¾Íã¨... á˅¼Á˵Í§¢ÍºȤ³ã¹ȷ¡Ъ§ ¼ÁړǪ¡âª¤ƤÁÒ¡$6",
        "Indoor_Night_0": "¼ÁáʴÍÂÒ¡ҤÁàƪÂΓ Ī¡ÊÍ§ÊÒÁáˡÇ ʱÍ¹¨ÐʲÁµÒËĥºÅ§",
        "Indoor_Night_1": "˶Ò...áʴ...˝Ò, ¼ÁÍÂÒ¡̂Í¹¡ĥºä» ã¹ħ¹чà˕¹ ¡ƃ´ºÍÅ(gridball) ã¹ƧÁ àÇÍΓūׅ(varsity)$6#$b#µÍ¹׉¼ÁÍÒɂÁÒ¡á̅Ç á¶Á˝Í¹áÍ˴ÇÂ...",
        "Indoor_Night_2": "ކº... *¡ՅÇ¤Í*... ¼ÁړǪ¡̍Ç¹ע¹ Ź´ËˉÍÂ... ËȓÍ...à¾ÃÒÐ¼Áš¹¼§ɛÃÊâ¨˨Ò ÁÒ¡àš¹ä»",
        "Indoor_Night_3": "̇Ò... ¼Áà¤ÂËħ§˗Ò¨Ðɺ§¡˗ÒË¡֙Ç áÅÐ©ÅÒ´ÁÒ¡...#$e#чȤ³ªÍº¼Á à¾ÃÒÐ¼Áàʛ¹¼ÁãʺՁÂ? µÍ¹׉¼ÁʁĢ§ Ť´äˑµ¡àÅÂ...",
        "Indoor_Night_4": "¼Áã˪àÇÅÒɤƧƷԷ§ħ¹ áÅÐµÍ¹׉ ¢Ò¢Í§¼Á¤§àŴ¹äˑä˴ ¨¹¡˗Ò¨Ðǖ§¾ӣ§׉",
        "Outdoor_0": "àұÍǴ¹¼Á¹Í¹äˑʴÍÂËĥº ¼ÁËħ§˗Ò¡ÒÃҤÁթÒ¼Åä́ ¨ÐʺÇÂã̋ÍÐäÃƤֲ¹¹Ð#$e#ÍÂÒ¡ړËÃÍ˗ÒթÒÍÐäÃ? թÒ¼Åä́ηÇä»щáËÅÐ$h",
        "Outdoor_1": "ºÒ§¤Ճ§¼Á ʁËɂ´áÅÐµÃÐËę¡˗Ò ƚƇµäˑƱÍÐäÃÁÒ¡ä»¡˗Ò ¡ÃÐà͛ÒчàʕÁä»˴ÇÂ¼Åä́ áÅÐ»ÅÒәÁæ#$e#á˅... á̅ÇƚƇµĢ§ä§˅Í˕Ð?$h",
        "Outdoor_2": "µÍ¹ч¼ÁËɂ´áÅÐŤ´ǖ§ġ¹... ¼ÁŤ´˗ÒÍԒã¹Ê¶Ò¹ч Ƥæ ƚƇµ¼ÁʁÊÇÂ§ÒÁ$6",
        "Outdoor_3": "âÍÍ... ֥¹¢Í§¼ÁºÇÁ ¨Ò¡¡ÒÃš¹¾ƃ¡Ģ´ä̊ ÁÒ¡àš¹ä»$s",
        "Outdoor_4": "ä§ @ Ȥ³¹Í¹ËĥºàËȑÍ¹àʔ¡àÅÂ¹Ð ¼ÁàÅÂɅ¡¨Ò¡àƥÂ§ áÅÐä»àŴ¹à˕¹ÃÍºæ¿ÒΓÁ ã¹µÍ¹à˪Ò ȷ¡Í˒Ò§ɤ»¡ŵƤ¹Ð",
        "OneKid_0": "á»Å¡ÁÒ¡ µÍ¹ч¼ÁĢ§àʔ¡ ¼ÁÊÒºÒ¹˗Ò¼Á¨ÐäˑƱɵ¡ ¼ÁÊ§ĪÂ˗Òщ àš´ÍÐäÃע¹ā¹¹Ð?$6",
        "OneKid_1": "˵Í§ρ¹ã¨¹Ð˗Òã̋ %kid1 š¹äʲá̅Ç... ɵ¡˹ÍÂ˵Í§àŵºâµáʂ§áÃ§!",
        "OneKid_3": "̫Ð͛Òàª¹ ÃÒÂ§Ò¹¡ÒÃŇÒË˹Òч...$6#$e#˞Ò... ¼Á¡ÅÒÂàʛ¹¤¹ɺ§ÍÒɂá̅Ç",
        "TwoKids_0": "¼Á˻Í¹ž«ʻÒ Ë˹ÒĘ­Ȏªã̋ɵ¡á̅Ç 2 ªÒÁɵ¡æˉÒ¨ÐЭÁā¹á̅Ç",
        "TwoKids_1": "¼Áɮ´µÃ§æàÅÂ¹Ð... ¼Á˗Òɵ¡ÊÍ§¤¹ ʁ¾Íá̅Ç¹Ð",
        "TwoKids_2": "Ǯ... ħ¹׉ %kid2 ŇÒĕÇŹĪÂäˑƤŹ´ËˉÍÂ ˵Í§àÍÒŹĪÂԹ¹ ÁÒ¨Ò¡¼ÁáˉàÅÂ...",
        "TwoKids_3": "*¶Í¹ËÒÂã¨*... ˶ÒÄɤ׉àÃÒ˚§àʔ¡ ä»ŇÒ§Ò¹чʴÒÂâ¨˨Ò ä˴¤§¨Ð...#$e#¼Ááʴ̅Íà˕¹ˉÐ$h",
        "Good_0": "*ɺ´´Á*... *ȿ´ſ´*... ÁÁÁ... Ȥ¹ã˚թÒËÍÁÍÐäÃˉÐ? ġ¹ËÍÁÁÒ¡àÅÂ¹Ð ÍÍ à´Í à¾¾à¾ÍâÃƩ ǣà»˕Ò?$6",
        "Good_1": "Ȥ³ړäËÁ Ȥ³ɤƤ¡˗Ò¼ÁÁÒ¡ ?$h",
        "Good_2": "ҚÍ 'àª¹' ËÁÒÂǖ§ '¢Í§¢ħ­¨Ò¡ âÂºÐ'... àҳÍ§µÅ¡ÍÐäÃā¹àщÂ",
        "Good_3": "ħ¹׉¼ÁÍÒÃÁ΃Ƥ... àұÍǴ¹ à´ÍÐ ė¹à¹àÅÍΓ (The Tunnelers) ª¹ÐãËʽàÅÂ˕Ð$h",
        "Good_4": "ä§ ˶Ò¼Áɤ˺Òæ ʁÍ˒ÒÊ¹ã¨¹Ð ºÒ§¤Ճ§¼ÁړǪ¡á»Å¡æ á˅äˑãʺàҳÍ§Ȥ³ËÃÍ¡... âÍà¤¹Ð¤ģº?",
        "Good_5": "˝ÒΛ... ƚƇµã¹¿ÒΓÁáˉ¹Í¹˗Ò Ƥ¡˗ÒŇÒ§Ò¹āºâ¨˨Ò Ê¶Ò¹чԹ¹ ˉÒ¢ÂÐá¢Â§ÁÒ¡$h#$e#Ȥ³Ť´˗Òġ¹ ¨Ðµ¡ϥÒäËÁ?...",
        "Good_6": "˝ÒΛ... щǴÍƚƇµ чäˑ˵Í§ģºż´ªÍº ¤ÍÂàʊ¤Ê̥Í¡Ɗ¹ˤÒ ŇÒ§Ò¹ҥ¹à˪Ò¡ĥºϔÒ$h",
        "Good_8": "ħ¹׉¼ÁäˑʴÍÂړǪ¡ ÍÂÒ¡ŇÒ§Ò¹ ºÒ§Ƨ¼ÁÍÒ¨¨Ð ÍÂÒ¡ɤƧƷĪ¡ËˉÍÂ",
        "Good_9": "˞Òæ... Ȥ³Ê§ĪÂ˗ÒŇÒäÁ ¼Áǖ§֢Áá»Å¡æãʺäËÁ? ¨ƃ§æ ºÒ§¤Ճ§àÃÒʁġ¡ ¨Ð¤ÇÒÁĸÒՊ¹ Ȥ³äˑàËÃÍ? *Ë˹Òá´§*$h",
        "Neutral_0": "â̍ Ȥ³˵Í§¡ÒÃÍÐäÃ ¨Ò¡¼ÁàËÃÍ ¢Íâ·É˴ÇÂ µÍ¹׉¼ÁıÒĥ§Ӣ§ÍԒ",
        "Neutral_2": "ŇÒäÁȤ³äˑºÍ¡¼Á àбÂÇāºħ¹¢Í§Ȥ³ µÍ¹чàÃÒÍԒº¹àƥÂ§ā¹˕Ð? µÍ¹׉¼ÁӢ§ÁÒ¡˴ÇÂ...",
        "Neutral_3": "ŇÒ§Ò¹чâ¨˨Ò ǴÍ¡ÒÃȒ´àزÍä»ÁÒ á˅Í˒Ò§˹ÍÂ¼Áʁâ˵µÍº āºڌ¤¹˺Ò§ã¹ºÒ§¤Ճ§",
        "Neutral_4": "Ȥ³ÍÂÒ¡ã̋¼Á ̅Ò§¨Ò¹àËÃÍ? ¼Á¨ÐŇÒġ¹... ã¹чɊ´...",
        "Neutral_5": "àÃÒŇÒàŧ¹ä˴ƤËȓÍà»˕Ò? ¼ÁäˑÍÂÒ¡¡ĥºä» ŇÒ§Ò¹чâ¨˨Òƽ¡á̅Ç",
        "Neutral_6": "˶ÒȤ³˵Í§¡ÒÃ ä»¾ºàҮÍ¹ã¹àȑÍ§ ʁä»ä˴¹Ð ¼ÁƱ¤ÇÒÁɊ¢ āº¡ÒÃɤƧƷã¹˺Ò¹",
        "Neutral_8": "à˝Í... ŇÒ¤ÇÒÁÊÐÍÒ´æ ¡ÇÒ´æ ÍÒºթÒ »Ƀ§ÍÒËÒÃ Ĉ´àƥÂ§... â̍ ƤàÅÂ ƚƇµĢ§ƤÍԒ",
        "Bad_5": "ɤι¹ ¼ÁáʴÍÂÒ¡ÍԒŕÒĞ§ ŇÒäÁȤ³äˑÍÍ¡ä»ˢÒ§¹Í¡ ʱÍ¹˕Ð?",
        "Bad_6": "Ȥ³ÍÂÒ¡ŇÒÍÐäÃ? Ȥ³àËȑÍ¹ÁÒƩ ã¹ħ¹чà¸ÍȴÁÒ¡àÅÂ¹Ð ä»ã̋˾¹$a",
        "Bad_7": "ĭ¹ч¨ƃ§ƚƇµ¿ÒΓÁ ˉÒàҪÍÁÒ¡ ¼ÁÁÒŇÒÍÐäÃчщàщÂ?$s",
        "Bad_8": "àÍÒà̵ÂÂÂ... *ބ¡* ... ̤ÒÂàÅÂÂÂ ч̳Ò¡¡ ɔ³³³ ¨Òɮ´´´ ÍÒÃÒÂʁá̅Çá˅àÅÂÂÂÂ... *ބ¡*", 
        "funLeave_Shane": "ħ¹׉¼Á¨ÐÍÍ¡ä»ˢÒ§¹Í¡ äˑâ¡Ã¸¼Á¹Ð¤ģº?",
        "funReturn_Shane": "¢Íâ·É¹Ð ˶Ò¼ÁàËҗÍâª¡... ¼ÁäˑʴÍÂä˴ ÍÍ¡ıÒĥ§¡ÒÂˉÐ... ̇Ò ¼Á̍Ç¹ע¹$6",
        "spring_1": "â̍Ç... ¼Á»Ç´īÇÁÒ¡ àұÍǴ¹¼ÁˌÒ¹ÁÒä˴ä§¹Ð?",
        "spring_12": "à·È¡ÒÅäʲ àʛ¹чҚ¹ªÍº¢Í§¼Á... Ȥ³ړà»˕Ò˗Ò¼ÁˉÐ˺ÒÁÒ¡¹Ð ˶ÒàбÂÇāºäʱ$h",
        "spring_23": "˝Í¨ƃ§˴ÇÂ ¾ӣ§׉Ʊ§Ò¹à˵¹œÒ à̎ ˶Òġ¹ŇÒã̋Ȥ³Êȹ¡ ¼ÁʁÊȹ¡˴ÇÂ",
        "summer_1": "¼ÁªÍºȎª¼Åã¹Äɤ̃Í¹ ÁÒ¡¡˗ÒʺÇ§àÇÅÒҽ¹ ɋºà¢ÒчàƒÂÇ¢Ƙ",
        "summer_10": "¾ӣ§׉¼ÁÍÒ¨¨Ðҥ¹àʣÇ ¼Á˵Í§à¤ƵÂΓ¡ÃÐà͛Ò àҮÍä̇àʁºȫ»ã¹à·È¡ÒÅĥÇΓ ¡ĥºÁÒàÂÍÐæ$h",
        "summer_27": "Ȥ³Ʊá¼¹ ã¹Äɤãºä́˓Ç§ Ģ§ä§˺Ò§˕Ð? ¼Á¨ÐÅÍ§Ëġ¡äÇΉ ȵ¹ä̇ÁÒ¡æ",
        "fall_1": "ȝÁÁ... ¼ÁÍÒ¨¨Ð؛ÍàƪÂΓğ¡·Í§ Ī¡ÊÍ§ÊÒÁ¢Ç´ àҮÍ©ÅÍ§à·È¡ÒÅ...$6",
        "fall_15": "¾ӣ§׉¼Á¨ÐʺÇÂÁÒƩ ɤáÅĪµΗ Ȥ³¤ÇÃˌÍ¹¤ÅÒÂ áÅÐÊȹ¡Ê¹Ò¹˺Ò§¹Ð$6",
        "fall_17": "¼ÁàУÁړǪ¡˗Ò ÍÒɂ¼ÁàОÁÁÒ¡ע¹ ¼ÁäˑʴÍÂÊºÒÂã¨àÅÂ",
        "winter_1": "á¼¹¡ÒÃãËʽã¹Ë˹ÒË¹ÒÇ? ¼ÁÍÒ¨¨Ð¹Í¹ɤƧƷ ÁÒ¡¡˗ÒÍÍ¡ä»àŴ¹ÃÍº˺Ò¹",
        "winter_28": "àђÂÁ ƽ¡ƫʁˌÒ¹ä»á̅Ç... ¼Áɤáʱע¹ƽ¡àʥ¡˹ÍÂ á˅ι¹ʁǴÍԷ§ËÁ´ ч¼Á¨Ðɮ´˕Ð¹Ð$6"
    }
}
