{
    "header": {
        "target": "w",
        "formatVersion": 5,
        "hidef": true,
        "compressed": 128
    },
    "readers": [
        {
            "type": "Microsoft.Xna.Framework.Content.DictionaryReader`2[[System.String, mscorlib, Version=4.0.0.0, Culture=neutral, PublicKeyToken=b77a5c561934e089],[System.String, mscorlib, Version=4.0.0.0, Culture=neutral, PublicKeyToken=b77a5c561934e089]]",
            "version": 0
        },
        {
            "type": "Microsoft.Xna.Framework.Content.StringReader",
            "version": 0
        }
    ],
    "content": {
        "Rainy_Day_0": "¤ÇÒÁȑ´... ÊÒÂ½¹... ŇÒã̋ĉ¹ҥ¹à˵¹$l",
        "Rainy_Day_1": "щ Ģ§ĸÒħ¹чàÃÒ à˕¹´¹µƳ˴ÇÂā¹ чƃÁ·ÐàÅÊÒºä˴äËÁ ÍÒ¡ÒÈáºº׉ ŇÒã̋ĉ¹Ǚ¡ǖ§ħ¹Թ¹#$e#à¸ÍŇÒã̋ĉ¹ »ÃÐËÅÒ´ã¨ÁÒ¡àÅÂ µÍ¹чà¸Íà˕¹ ÎÒΓ»à¤ҳÍ§àʥ¡ι¹... ĉ¹Ǚ¡äˑǖ§àÅÂ¹Ð ĉ¹Ť´˗Òι¹áËÅÐ àʛ¹ÊÒàËȵчŇÒã̋ĉ¹ ړǪ¡ªÍºà¸Í ÁÒ¡¢¹Ò´׉$l",
        "Rainy_Day_2": "щ! ĉ¹ҥ¹à˪Ò áÅÐàŴ¹ŚÒÃÇ¨ ĉ¹ä˴¾ºЪ§׉àˢÒ ġ¹ŇÒã̋Ǚ¡ǖ§à¸Í [768 767 769 66 82]#$e#Ť´ɤƊ˗Ò à¸Í¨ÐËÒÍÐäÃ ä˴Ƥ¡˗Ò׉ƽ¡!$h",
        "Rainy_Day_3": "ġ¹ÍÒ¨¨Ðàʛ¹ ħ¹чƤч¨ÐàˢÒզÒ á˅ÃÐħ§ĕÇ˴ÇÂ¹Ð#$e#˶Òà¸Íä»¾¡ ÂÒÍÒɂħ²¹Ð ä»Ī¡ÊÍ§ÊÒÁ¢Ç´ ʁƤ¹Ð",
        "Rainy_Day_4": "ºÒ§Ƨĉ¹ ¨ÐàУÁ˵¹à˕¹ ÃÒªÒӗ§Ë˭Ò¼¨­ĠÂ ...Ī¡ħ¹Ëѹ§ ĉ¹ÊÒºÒ¹˗Ò ĉ¹¨ÐžŪµġ¹ ã̋ä˴àÅÂ˕Ð$h",
        "patio_Abigail": "%Íźà¡Å ËÒÂä»ã¹à¾Å§¢Í§à¸Í",
        "Rainy_Day_Abigail": "ª¹º·á¶Ç׉ ɤàËȑÍ¹¨ÐƱЪ§ чˉÒÊ¹ã¨à¹ÍÐ à¸ÍäˑŤ´ Í˒Ò§Թ¹ËÃÍ?",
        "Rainy_Night_0": "ĉ¹ÁÍ§ÍÍ¡ä»ч ˋÒàÃ¹ÊàÇ΅... ĉ¹ÁÍ§àʫ¹ Ъ§ȑ´Á¹ÃÍºæ ˋÒ$6",
        "Rainy_Night_1": "Ǵ¹׉àʛ¹Ǵ¹чàËÁÒÐ āº¡ÒÃà¨ÍƬ Á̷Ò¡¡",
        "Rainy_Night_2": "à¸ÍړǪ¡ǖ§ġ¹äËÁ? ι¹ǴÍ¤ÇÒÁÊ§º ã¹ÊÒÂ½¹...",
        "Rainy_Night_3": "ã¹Ǵ¹áºº׉ ĉ¹ªÍºËѓä¿Å§áÅÐ ŇÒáʴğ§à©Âæ...$8",
        "Rainy_Night_4": "ĉ¹ړǪ¡ÍÂÒ¡ŇÒ ȫ»àʛ¹رÍàʢ¹ Ëħ§˗Òġ¹ ¨Ðš¹ä˴¹Ð [199 218 219 727 730]$h",
        "Rainy_Night_5": "à̎! à¸ÍɤàËҩÍÂ ¨Ò¡§Ò¹¹Ð ã̋ĉ¹ʺÇÂ ˌÍ¹¤ÅÒÂäËÁ? ?^à¸ÍɤˉÒģ¡ÁÒ¡àÅÂ¹Ð µÍ¹чËÁ´áÃ§$h",
        "Rainy_Night_Abigail": "àƺÂ§¢Í§½¹ ¨ÐŇÒã̋àÃÒËĥº ÊºÒÂǴ¹׉",
        "Indoor_Day_0": "ĉ¹ªÍº Ê¶Ò¹ч׉ÁÒµÅÍ´àÅÂ ʱÍ¹чà¸Í ¨Ð̂ÒÂÁÒ«Ðƽ¡ µÍ¹׉ĉ¹ÊÒÁÒÃ¶ ŚÒÃÇ¨¿ÒΓÁàұÍäË˓ʁä˴ чĉ¹˵Í§¡ÒÃ!$h",
        "Indoor_Day_1": "˗Òä§¤Ð @ ıÒĥ§¨ÐàˢÒˋÒàËÃÍ? ĉ¹ƱºÒ§Í˒Ò§¨Ðã̋...[286 287 205 732]#$e#ã˪ġ¹àұÍà¸ÍŕÒºÒ¡ ġ¹¨ÐʺÇÂã̋à¸Í »ÅÍ´ĠÂ",
        "Indoor_Day_2": "ıÒĥ§¨ÐàˢÒàËȑÍ§ àËÃÍ? à̎... ˶Òà¨Í¢Í§Í˓ÍÂ Í˒ÒȕÁàÍÒÁÒã̋ĉ¹ Ī¡֊¹˕Ð!$h",
        "Indoor_Day_3": "щ! ĉ¹ıÒĥ§Ť´˗Òħ¹׉ ¤ÇÃ¨ÐŇÒÍÐäÃƤ ĉ¹äˑŪ¹āº¡ÒÃƱ ƍÊÃÐÁÒ¡¢¹Ò´׉!",
        "Indoor_Day_4": "à¸Íäˑ˗ÒãʺՁÂ ˶Òĉ¹¨Ðµ¡á˅§ºÒ§Ъ§ãËˑ? ĉ¹ҥ¹à˵¹ч¨ÐƱ чŇÒ§Ò¹¢Í§ĕÇàÍ§ ˉÐ",
        "Indoor_Day_Abigail": "ƱЪ§ãËˑæ àš´ע¹ã¹¿ÒΓÁ ¢Í§àÃÒµÅÍ´àÅÂ... ĉ¹ģ¡ġ¹˕Ð",
        "Indoor_Night_0": "ħ¹׉àʛ¹ħ¹чƤ ¢Í§ĉ¹˕Ð ƱЪ§ˉÒÊ¹ã¨ àš´ע¹чщµÅÍ´àÅÂ ˶Òà¸ÍĪ§à¡µƤæ",
        "Indoor_Night_1": "à̎! à˕ÒàҳÍ§ħ¹׉¢Í§à¸Í ËˉÍÂƊ ƱÍÐäÃˉÒҥ¹à˵¹ àš´ע¹˺Ò§?$h",
        "Indoor_Night_2": "ĉ¹à¤Â ŇÒĕÇàʛ¹¹¡ɾ¡ á˅ĉ¹àУÁ¨ÐÊȹ¡ä»āº Ĉ§ËÇÐƚƇµ ã¹¿ÒΓÁá̅ÇÅÐ ġ¹ړǪ¡ àʛ¹¸ÃÃÁªÒŵ",
        "Indoor_Night_3": "*̎ÒÇÇ*... ĉ¹˗Òщġ¹ã¡̅ϔÒá̅Ç˕Ð$h",
        "Indoor_Night_4": "àƺÂ§¢Í§Ǵ¹чȑ´Á¹ ġ¹Ĕ§ÁÒ¡ע¹ã¹µÍ¹׉ ĉ¹äˑÊÒÁÒÃ¶ч¨Ð Ëɂ´Êȹ¡āºġ¹ä˴àÅÂ",
        "Indoor_Night_Abigail": "¾̃ÍÁ ¨ÐàˢÒ¹Í¹ǣĢ§? ĉ¹àŻ´˼Ò˛Á ŇÒ¤ÇÒÁ̃Í¹ŚÒËģºàÃÒ ä̇á̅Ç...$l",
        "Outdoor_0": "ÊÒÂÅÁáˌÇàºÒ Ğ´¾ÒÍÒ¡ÒÈ¨Ò¡ ɋºà¢Òä»ηÇàȑÍ§ħ¹׉ ¡Х¹¢Í§ġ¹¤̅ÒÂ ɵ¡Ê¹áÅÐÊÒà¡",
        "Outdoor_1": "ȝÁÁÁ... ĉ¹Ť´˗Ò¾Ç¡àÃÒ Ʊخ¹чÁÒ¡¾Íч¨Ð ỄÒ§¿ÒΓÁÊäÅΑ ä˴àÅÂ¹Ð!",
        "Outdoor_2": "Í˒ÒȕÁě´¡ÇÒ´ӝ¹ ÃÍºæ ɊÊÒ¹ԋ¢Í§à¸Í¹Ð ġ¹ƱºÒ§Í˒Ò§ чäˑ¸ÃÃÁ´Òчι¹ ĉ¹ړǪ¡ä˴",
        "Outdoor_3": "ġ¹Ɋ´ÂÍ´ä»àÅÂ чƱخ¹ч˚Ç¹ĕÇã¹զÒ ġ¹àʛ¹Ъ§ĉ¹ ãˍĝ¹àÅÂ˕Ð$h",
        "Outdoor_4": "ĉ¹ªÍºȕÁ¢¹Á ä̇ã¹¡ÃÐà͛Ò àÊÁÍàÅÂáÎÐ *¢ɂº¢Ƃº*$h",
        "Outdoor_Abigail": "ĉ¹ÍÂÒ¡ ¨Ðä»ˢÒ§¹Í¡ âÍà¤äËÁ?#$e#чι¹Ʊ áÁÅ§чˉÒÊ¹ã¨ áÅÐЪ§˅Ò§æ ÁÒ¡ÁÒÂàÅÂáËÅÐ *ƎƎƎ!*$h",
        "funLeave_Abigail": "ħ¹׉ĉ¹ÍÂÒ¡ ¨ÐàˢÒä»ã¹àȑÍ§ à¸ÍړãʺäËÁ ĉ¹˵Í§¡ÒÃч¨Ðä» Ȓ´à̊¹Ȓ´ÊÒÂ Ź´ËˉÍÂ˝Ð",
        "funReturn_Abigail": "щ! ħ¹׉àʛ¹ ħ¹чƤà¹ÍÐ? ĉ¹ʁƤàËȑÍ¹ā¹ ġ¹ړǪ¡Ƥчä˴ àŴ¹ä»ȤÂä»...$h",
        "OneKid_3": "äˑÍÂÒ¡àҚÍ˗Ò ĉ¹¡ÅÒÂ¨Ðàʛ¹ \"áˑ¤¹\"... ƚƇµщ á»Å¡Ƥ¹Ð$h",
        "TwoKids_0": "ĉ¹àО§¨Ðã̋ ʊÍ¡â¡áÅµ áÅÐƛàƳÂÅ %kid1 āº %kid2 ¾Ç¡à¢Òµ¡ã¨Ɋ´æ ä»àÅÂ˕Ð!!",
        "TwoKids_2": "ĉ¹ĝ¹˗Ò %kid2 ¨Ðâµע¹àʛ¹ ę¡˕ÒĪµΗ»ÃÐËÅÒ´ чƱҚÍàƺÂ§¹Ð ĉ¹àУÁŤ´¨ÐỄÒ§ Ȫ´à¡ÃÒÐĕÇ˹ÍÂæ ã̋ɵ¡æ˴ÇÂáËÅÐ",
        "TwoKids_3": "˺Ò¹Ëĥ§àʱÒæ àʔ¡ĕÇ˹ÍÂæ áÅÐ¿ÒΓÁчáÊ¹ƇàÈÉ ĉ¹äˑà¤ÂŤ´ч¨ÐƱ Ъ§׉ÁÒʱÍ¹àÅÂ... á˅˗Ò ƚƇµ¢Í§¾Ç¡àÃÒˉÐ àО§¨ÐàУÁ˵¹ע¹ àÍ§¹Ð!$h",
        "Good_1": "ä˴Ƃ¹ι¹äËÁ? ĉ¹ρ¹ã¨˗Ò ºÒ§Ƨ˺Ò¹׉ ÍÒ¨¨ÐƱƬƊ§$u",
        "Good_2": "¡ÒÃ¾ÂÒ¡Ã΃¢Í§àÇÅƇ¤ ºÍ¡ĉ¹˗Ò ħ¹׉¨ÐƱàҳÍ§Ƥæ ˴ÇÂ˕Ð ĉ¹ړǪ¡ҥ¹à˵¹Ĉ§!",
        "Good_3": "ĉ¹ĸÒäˑä˴˗Ò ĉ¹̂ÍÁ¼Á¤Ճ§˕ÒɊ´ àұÍäË˓áÎÐ... ĉ¹˗Òƺ¼Áƺ׉ ¤§äˑ¨Ò§ä»á̅ÇáËÅÐ...",
        "Good_4": "ĉ¹Ƥã¨¹Ðчĉ¹Ʊ ÃÍ§à˷Òݧ·чËę¡ ʱÍ¹ч¨Ð̂ÒÂàˢÒÁÒ чщ¹Ð ÅÍ§Ť´ɤƊ ġ¹¤§¨ÐŕÒºÒ¡ÁÒ¡àÅÂ ч˵Í§àŴ¹à»ÃÍÐâ¤Å¹¾Ç¡׉ ˴ÇÂÃÍ§à˷Ò˼Òãº ¸ÃÃÁ´ÒˉÐ$h",
        "Good_5": "ĉ¹ªÍº ỄÍÂ¤Í¢Í§¹Ò§àǷÍ¡ чà¸Íã̋ĉ¹ÁÒ¹Ð ĉ¹¨ÐɰƁã¨ÁÒ¡àÅÂ ˶Òá¢Ç¹ỄÍÂ׉ º¹ËɅÁÈ¾¢Í§ĉ¹$l",
        "Good_6": "à̎ ĉ¹ړ˗Òà¸Íàʱ§ á˅ºÒ§¤Ճ§ĉ¹ʁĢ§ā§ÇÅ ǴÍâÅ¡׉àʕÁä»˴ÇÂ ÁÍ¹ÊàµÍΓ$6#$e#áʴĪ­­Òāºĉ¹˗Ò ¨ÐɤáÅĕÇàÍ§ ĉ¹äˑÍÂÒ¡¨Ð ɺ­àƺÂà¸Íä»...",
        "Good_7": "@? ĉ¹ÍÂÒ¡¨ÐºÍ¡˗Ò ĉ¹Ƥã¨ÁÒ¡чà¸Í ŇÒ§Ò¹Ëę¡ àҮÍ¾Ç¡àÃÒ ĉ¹ɰƁã¨ã¹ĕÇà¸Í ¨ƃ§æ$l",
        "Neutral_0": "ĉ¹Ëħ§˗Ò à¸Í¨ÐĢ§ªÍºĉ¹ ã¹µÍ¹чĉ¹àʛ¹ ÂÒÂáʱËę§àћÂÇ ġ¹¨Ð˵Í§àš´ע¹ ã¹Ī¡ħ¹!",
        "Neutral_1": "à¸ÍŤ´˗Òԋ¢Í§à¸Í ¨ÐɰƁã¨ã¹ĕÇ ¾Ç¡àÃÒäËÁ?",
        "Neutral_6": "ĉ¹Ê§ĪÂ˗Ò ̃Ò¹àʱÒæι¹ ¨Ðàʛ¹Í˒Ò§äÃ˺Ò§àщÂ ĉ¹¤ÇÃ¨Ðä»àђÂÁˎÍáˑ ã¹àʣÇæ׉áËÅÐ",
        "Neutral_7": "˶Òà¸Íä» чâÅ¡Ƈ­­Ò³á̅Ç ĉ¹¨ÐԵ§ËɅÁÈ¾¢Í§à¸Í ä̇ˢÒ§æ ËɅÁÈ¾¢Í§ԋà¸Í¹Ð",
        "Neutral_8": "äˑ˗Ò¾Ç¡àÃÒ ¨ÐŇÒ¤ÇÒÁÊÐÍÒ´àˇÒäÃ ˺Ò¹ʁÊ¡»Ã¡ÍԒƤ#$e#ĉ¹˗ÒƚƇµªÒÇä˓ ʁÊ¡»Ã¡áºº׉ àщÂáËÅÐ",
        "Neutral_9": "ĉ¹Ê§ĪÂ˗Ò ˶Ò¾Ç¡àÃÒÍԒчщ ä»µÅÍ´ƚƇµ˕Ð? ĉ¹ÍÒ¨¨ÐàҪÍ ʁä˴¹Ð",
        "Bad_7": "ĉ¹à¤Âàʛ¹¤¹žàÈÉ ŚÒËģºà¸Í àʛ¹àҮÍ¹ÊŹ·... ɤµÍ¹׉Ɗ à¸ÍàÍÒá˅Ê¹ã¨ĉ¹ áʴµÍ¹чĉ¹ ŇÒÍÒËÒÃàʢ¹ àˇÒԹ¹àÍ§$s",
        "Bad_8": "à¸Íàʢ¹ªÒāºĉ¹ ÁÒ¡àÅÂ¹Ð... àš´ÍÐäÃע¹ āºà¸Íā¹˕Ð à¸ÍŇÒĕÇàËȑÍ¹āºɰµ˺Í¡ (bog sirit) àÅÂ¹Ð...$s",
        "Bad_9": "ĉ¹Ê§ĪÂ˗Ò˶Òĉ¹ ŇÒĕÇƤ¡˗Ò׉... ĉ¹àʛ¹àҮÍ¹чƤ āºà«ºÒÊàƥÂ¹ ʱÍ¹чàÃÒ ¨Ðä˴à¨Íā¹˕Ðʁ... ĉ¹¤§ä˴ÍԒ āºà¢Òá̅Ç˕Ð...$s",
        "spring_1": "à¸ÍƱá¼¹¨ÐŇÒÍÐäÃ ã¹ƫãËˑՁÂ?",
        "spring_12": "¾ӣ§׉àʛ¹§Ò¹ à·È¡ÒÅäʲƽÊàµÍΓ ¢Íâ·É¹Ð á˅ǖ§¨Ðá˅§§Ò¹ā¹á̅Ç ĉ¹ʁäˑÂÍÁã̋à¸Í ʷÒÂæËÃÍ¡!$h#$e#ĉ¹¨Ðàʛ¹ڌª¹Ð ã¹¡ÒÃËÒäʲ ¾ÂÒÂÒÁª¹Ðĉ¹ ã̋ä˴˕Ð",
        "spring_2": "à¸Íĕ´Ɗ¹ã¨ǣĢ§˗Ò ¨ÐŇÒÍÐäÃã¹ƫãËˑ? ĉ¹¨ÐÅÍ§ Å´թÒËę¡˕Ð$h",
        "summer_1": "ĉ¹żÇäË́ʷÒÂ ÁÒ¡àÅÂ Ĕ§Թ¹ƫ׉ĉ¹àÅÂ ˵Í§ÃÐħ§ĕÇ ÁÒ¡¡˗ÒàŴÁÅÐ#$e#ĉ¹Ëħ§˗Ò à¸Í¨ÐªÍºżÇƺ¢ÒÇ ¢Í§ĉ¹¹Ð!$h",
        "summer_4": "áˉã¨¹Ð˗Ò à¸Íäˑä˴àʛ¹äˢ чģ¡¢Í§ĉ¹#$e#ҤÁթÒàÂÍÐæ á̅ÇʁÍ˒Òã̋˓Ò§¡ÒÂ ŇÒ§Ò¹Ëę¡àš¹ä»˕Ð",
        "summer_8": "¢Íâ·É¹Ð àҳÍ§¡Х¹... ÍÒ¡ÒÈ̃Í¹ ŇÒã̋ĉ¹àËҗÍÍÍ¡ Է§Ǵ¹àÅÂ",
        "summer_15": "щġ¹Ë˹Ò̃Í¹... ι¹ËÁÒÂ¤ÇÒÁ˗Ò ˺Ò¹¨ÐàʕÁä»˴ÇÂ áÁÅ§ħ¹#$e#äˑ˵Í§˛Ç§ ĉ¹¨ÐĈ´¡ÒÃàÍ§ ġ¹Êȹ¡Ƥ!$h",
        "fall_6": "̎ÒÒ... ãºä́˓Ç§ щÍÒ¨¨Ðàʛ¹ʺÇ§чĉ¹ ªÍºчɊ´¢Í§ƫ ƺ˅Ò§æ ʺÇÂàŵÁàʕÁ ¼Á¢Í§ĉ¹ à¸ÍŤ´ԧ¹ՁÂ?",
        "fall_1": "¡Х¹áºº׉ äˑż´áˉ... àʫ´, ãºä́á̋§, ğ¡·Í§ Äɤãºä́˓Ç§ä§˕Ð щġ¹äˑƤËÃÍ?",
        "fall_2": "чģ¡... àÃÒ»ɵ¡ğ¡·Í§Ģ¡Ι ã¹Äɤ׉ä˴ՁÂ? ¹Ðæ чģ¡...?$h",
        "fall_20": "чģ¡... à¸ÍƱʴÒāºĉ¹ ÁÒ¡¡˗Ò á˓¤ÇÍµͻ ƽ¡¹Ð#$e#ŚÒËģº á˓ÍàÁŷÊ? ȝÁÁÁ... ĉ¹˵Í§Ť´ àҳÍ§Թ¹ʱÍ¹$h",
        "winter_3": "ĉ¹ªÍºÍÒ¡ÒÈàʢ¹æ ġ¹ŇÒã̋ĉ¹ ƱˢÍ̍Ò§ч¨ÐֲàƑÂ¨!$h",
        "winter_15": "ġ¹Êȹ¡чä˴ŚÒÃÇ¨àȑÍ§ ã¹Ë˹ÒË¹ÒÇ! ȷ¡æÍ˒Ò§ɤáµ¡˅Ò§ àұÍƋÁÐ»¡¤ɅÁ áÅÐʁàƗÂºÁÒ¡àÅÂ...",
        "spring_Abigail": "ĉ¹ÍÒ¨¨ÐªÍº Ë˹ÒË¹ÒÇ¹Ð á˅Ɋ´˷ÒÂĉ¹ʁƤã¨ ч¨Ðä˴àʫ¹ãºä́¼ƅ ÁÒàȒÍ¹",
        "summer_Abigail": "â̍... ĉ¹¨Ðä»ËÒ àˤ¡ʊÍ¡â¡áÅµ š¹«ÐËˉÍÂ",
        "fall_Abigail": "ŇÒäÁĉ¹ä˴¡Х¹ ğ¡·Í§¨Ò¡ĕÇà¸Í? ºÒ§Ƨĉ¹ÍÒ¨¨Ðáʴĝ¹...$h",
        "winter_Abigail": "ĸÒä˴ՁÂ µÍ¹чàÃÒà˕¹ 'ÃÒªÒӗ§Ë˭Ò¼¨­ĠÂ' ˴ÇÂā¹ã¹̋Í§¢Í§ĉ¹ ¹Ò¹ÁÒ¡àÅÂ ι¹àʛ¹ʺÇ§чƤ¹Ð$h",
        "spouseRoom_Abigail": "#$c .5#ĉ¹ҥ¹ʱÍ¹à¸Í áÅÐã̋ÍÒËÒÃ à˨Òà´Ƈ´àʥ¡˹ÍÂ ġ¹ɤ¡ÃÐȅÍȓÍ̃¹ ÁÒ¡àÅÂà˪Ò׉#$e#Ëħ§˗Òà¸Í¨Ðäˑã˚ã¨ āº¡Х¹ËɩµÐàÀÒ¹Ð"
    }
}
