{
    "header": {
        "target": "w",
        "formatVersion": 5,
        "hidef": true,
        "compressed": 128
    },
    "readers": [
        {
            "type": "Microsoft.Xna.Framework.Content.DictionaryReader`2[[System.String, mscorlib, Version=4.0.0.0, Culture=neutral, PublicKeyToken=b77a5c561934e089],[System.String, mscorlib, Version=4.0.0.0, Culture=neutral, PublicKeyToken=b77a5c561934e089]]",
            "version": 0
        },
        {
            "type": "Microsoft.Xna.Framework.Content.StringReader",
            "version": 0
        }
    ],
    "content": {
        "Rainy_Day_0": "ºÒ§Ƨĉ¹ʁä˴áÃ§Ě¹´ÒÅã¨ ¨Ò¡чá»Å¡æˉÐ",
        "Rainy_Day_1": "µÍ¹ĉ¹Ģ§ÍԒ ã¹àȑÍ§ˉÐ ½¹ġ¹ŇÒã̋ĉ¹ àÈ̃Òȷ¡Ƨ á˅ړäËÁчщˉÐ ½¹ġ¹ÊÇÂ§ÒÁ ÁÒ¡àÅÂ¹Ð",
        "Rainy_Day_2": "̍ÒÇ! ҥ¹á̅ÇËȓÍ̘Ð ©í¹ҥ¹ÁÒ Ե§á˅à˪Òá̅Ç˕Ð ʁàÅÂÅÍ§ÍÍ¡ä» ËÒàʫ´ˢÒ§¹Í¡ ɤËˉÍÂ ˝Ð щ˨Ð[281 404 420 257]#$e#Êȹ¡ÁÒ¡àÅÂ¹Ð ¡ÒÃËÒàʫ´ˉÐ Í˒Ò§āºËÒ ÊÁĚŵàÅÂ˕Ð$h",
        "Rainy_Day_3": "ħ¹Í˒Ò§׉áËÅÐ чÃÍ§à˷Òɪ· Ë¹Òæ¢Í§ĉ¹ ʺÇÂĉ¹ä̇ä˴$h",
        "Rainy_Day_4": "¾Ç¡˵¹ä́ ¤§Ť´ǖ§½¹ ÁÒԵ§¹Ò¹á̅Ç˕Ð Ƥã¨á·¹¾Ç¡ġ¹¨ƃ§æ ч½¹µ¡Å§ÁÒä˴",
        "Rainy_Night_0": "ħ¹׉àʛ¹ä§˺Ò§? à¸Íàʫ¹ĪµΗ ˢÒ§¹Í¡ι¹ՁÂ?",
        "patio_Leah": "̋ÒÁÁÍ§ã¡̅æ¹Ð ġ¹ǴÍ§Ò¹чŇÒˤÒ§ä̇ÍԒ",
        "Rainy_Night_1": "»¡ŵĉ¹˵Í§š¹ Êĥ´¹Ð á˅½¹µ¡áºº׉ ĉ¹ÍÂÒ¡š¹ȫ»̃Í¹æ ÁÒ¡¡˗ÒˉÐ$h",
        "Rainy_Night_2": "Ǵ¹áºº׉áËÅÐ... ËĥºÊºÒÂчɊ´àÅÂ...$l",
        "Rainy_Night_3": "ħ¹׉ĉ¹ÅÍ§ á¡Ðä́ɤˉÐ á˅ĉ¹˗Ò ġ¹àʛ¹§Ò¹äˑÊÇÂ ĉ¹àÅÂà¼Ò ġ¹֗§ä»á̅Ç˕Ð$u#$e#ĉ¹˗Ò ˶ÒÍÂÒ¡¨Ðàʛ¹ ƈÅŻ¹чƤˉÐ àÃÒ˵Í§¨ƃ§Ĉ§ āº§Ò¹¹Ð",
        "Rainy_Night_4": "ĉ¹Ƥã¨ чȤ³ÍԒã¹˺Ò¹... ÃÒµƳÊħÊڴ àˢÒä»ã¹˼Ò˛Á áÅÐŇÒĕÇã̋ӭ¹¹Ð",
        "Rainy_Night_Leah": "ħ¹׉àʛ¹ä§˺Ò§¤Ð чģ¡ àÅÍÐÁÒ¡ՁÂ?",
        "Indoor_Day_0": "˺Ò¹Ëĥ§׉Ƥ¡˗Ò ¡ÃÐˇÍÁàʱÒæ ¢Í§ĉ¹ÁÒ¡àÅÂ! ĉ¹äˑŤ´ǖ§ġ¹ áˉ¹Í¹",
        "Indoor_Day_1": "̍ÒÇ... ҥ¹á̅ÇËȓÍ @ щ˨Ð ĉ¹»ɵ¡ġ¹ä̇ã¹ ¡ÃÐ¶Ò§Ëĥ§˺Ò¹[16 18 20 22 90 259 396 402]#$e#ĉ¹ɤáÅġ¹ Í˒Ò§ƤàÅÂ¹Ð",
        "Indoor_Day_2": "Í˒ÒȕÁÁÍ§ËÒ ÍÒËÒÃˋÒàÍÒä̇¹Ð ġ¹ƱàÂÍÐàÅÂ ˢÒ§¹Í¡ι¹ˉÐ",
        "Indoor_Day_3": "ĉ¹ÅÍ§ÁÒŤ´æɤ¹Ð ƚƇµàÃÒˉÐ äˑ¤ÇÃ¨Ð˵Í§ ÁÒš¹ÍÒËÒÃá˒æ ËÃÍ¡ àÃÒщâª¤ƤÁÒ¡¹Ð чá¶Ç׉ƱħµȶŴºƤæ àÂÍÐàÅÂ#$e#щ˨Ð ĉ¹ŇÒÊĥ´ã̋à¸Í [196]#$e#á»Å¡ã¨àËȑÍ¹ā¹¹Ð àщÂчà¸ÍĢ§äˑàҪÍ Êĥ´ĉ¹!",
        "Indoor_Day_4": "̍ÒÇ @ ҥ¹á̅ÇËȓÍ̘Ð ÁÒщÁÒ š¹¡Òá¿ՁÂ? [395]$h#$e#µÍ¹à˪Òæ āº¡Òá¿̃Í¹æ ˉÐ ¢Ò´ā¹äˑä˴ËÃÍ¡¹Ð!",
        "Indoor_Night_0": "àÇÅÒáºº׉ ĉ¹ړǪ¡ÍÂÒ¡š¹ թÒĈ§",
        "Indoor_Night_1": "àÇÅÒġ¹à»ÃÒÐºÒ§ ÁÒ¡àÅÂ¹Ð áʴàҳÍ§àʥ¡æ ˹ÍÂæ ʁŇÒã̋Í¹Ò¤µġ¹ äˑàËȑÍ¹àŴÁá̅Ç...",
        "Indoor_Night_2": "ĉ¹ªÍº¡ÅÒ§Ǵ¹ чщÁÒ¡¡˗Ò Ǵ¹ə´©Ò´ ¢Í§àȑÍ§¹Ð#$e#ȷ¡Í˒Ò§ġ¹ɤƤ ä»ËÁ´àÅÂ! ĉ¹щâª¤ƤÁÒ¡æ",
        "Indoor_Night_3": "ĉ¹äˑà¤ÂŤ´ àÅÂ¹Ð˗Ò ¨Ðä˴ỄÍÂ¤Í¢Í§¹Ò§àǷÍ¡ àʣÇ¢¹Ò´׉ ʁĉ¹àО§ ̂ÒÂÁÒщ¹Ð á˅ĉ¹ʁƤã¨¹Ð$l",
        "Indoor_Night_4": "ħ¹׉ĉ¹àʫ¹ ¡ÃÐ˅ÒÂˋÒ ˴ÇÂáËÅÐ ġ¹ˉÒ¡Í´¨ƃ§æ¹Ð ĕÇәÁæ¢Í§ġ¹ˉÐ...",
        "Outdoor_0": "ÅÁâªÂæ ׉ŇÒã̋ĉ¹ ړǪ¡Ƥ¹Ð ŇÒã̋ĉ¹Ť´ǖ§ µÍ¹чĉ¹ ÍԒµÃ§áˑթÒĈ§",
        "Outdoor_1": "țÁ... ĉ¹ıÒĥ§¨ÐʻÍÁá«Á ºÒ§Ъ§ºÒ§Í˒Ò§ á¶Ç׉ ĉ¹àÅÂ˵Í§ µÍ¡µÐɫ àË˕Ò׉˺Ò§àʛ¹ ¤Ճ§¤ÃÒÇˉÐ",
        "Outdoor_2": "ħ¹׉˵Í§àʛ¹ħ¹ чƤáˉæ ĉ¹ړǪ¡ä˴ˉÐ",
        "Outdoor_3": "ؾÍ... ¡Х¹¢Í§Ŵ¹ äˑƱÍÐäÃ àËȑÍ¹ġ¹àÅÂ¹Ð$h#$e#à¸ÍºÍ¡ä˴àÅÂ˗Ò ÍÒ¡ÒÈчщ ˉÐġ¹ÊÐÍÒ´... Ê´Қ¹Ƥ¨ƃ§æ",
        "Outdoor_4": "Í˒ÒŇÒ§Ò¹ àš¹ĕÇ¹Ðчģ¡ ˵Í§ã̋áˉã¨˗Ò Ȥ³¨ÐƱàÇÅÒĞ¡ ˺Ò§àʛ¹ºÒ§¤Ճ§ ËȓÍ Ȥ³˵Í§ËÒÍÐäÃ ÁÒ·Ò¹àŵÁıÒĥ§ ˺Ò§ˉÐ$h",
        "funLeave_Leah": "ĉ¹¨Ðä»àªÂªÁ ¸ÃÃÁªÒŵ Ī¡ËˉÍÂ ĉ¹ÍÂÒ¡ ÍÍ¡¨Ò¡˺Ò¹ˉÐ",
        "funReturn_Leah": "ĉ¹ƱàÇÅÒ˗Ò§ ч¨ÐĞ¡ˌÍ¹ˉÐ á̅Ç¹ÒÂ˕Ð àʛ¹Ģ§ä§˺Ò§?",
        "OneKid_3": "¡ÒÃàʛ¹áˑщġ¹ Êȹ¡ÁÒ¡àÅÂ¹Ð ĉ¹ÍÂÒ¡ã̋ %kid1 âµÁÒàʛ¹ ¤¹ªÍºã˪ƚƇµ ¡ÅÒ§á˨§Ĉ§",
        "TwoKids_3": "àÃÒƱ¿ÒΓÁчÊÇÂ§ÒÁ áÅÐ¤ÃÍº¤ģÇ чÊÁɪÃ΃ ƚƇµãËˑ¢Í§àÃÒ ¨Ð˵Í§ä»àʛ¹˴ÇÂƤ ¨ƃ§ՁÂ?",
        "Good_0": "ÍԒчщˉÐ ړǪ¡àËȑÍ¹â´¹ ɰà¢ÒâÍº¡Í´ ä̇àÅÂ¹Ð",
        "Good_1": "ĉ¹à¤ÂºÍ¡à¸Í ËȓÍà»˕Ò˗Ò... µÍ¹чà¸ÍàО§̂ÒÂ àˢÒÁÒˉÐ ĉ¹ĝ¹ä̇˴ÇÂáËÅÐ˗Ò àÃÒ¨Ðä˴ÍԒ˴ÇÂā¹",
        "Good_2": "ºÒ§ƧàҳÍ§Í˒Ò§ ¾ÃËÁƅŢµщʁ äˑˉÒàҚÍ¹Ð ÅÍ§Ť´ɤƊ ĉ¹˵Í§àȕÍ¡̂ÒÂ ÁÒчщàҮÍ¨Ðä˴ ÁÒà¨Íà¸Í...#$b#àҳÍ§ġ¹ÍÒ¨ ä»·Ò§ҽ¹ àÅÂʁä˴¹Ð ˶Òàš´àҳÍ§áʴ àʥ¡æ˹ÍÂæ ҽ¹æע¹ÁÒ...",
        "Good_3": "̎Ò! ħ¹׉à¸ÍɤƤĈ§!$l",
        "Good_4": "ؾÍ... à¸ÍËÍÁĈ§",
        "Good_5": "ĉ¹Қ¹ªÍº à¤ҳÍ§ÃÒ§á˅§§Ò¹ чà¸Íã̋ĉ¹ÁÒ¡æàÅÂ˕Ð$lщ¤§¨Ðàʛ¹ ¢Í§чĉ¹¨ÐɤáÅ Í˒Ò§ƤчɊ´ µÅÍ´ä»... ¨¹¡˗Òĉ¹¨ÐɤáÅġ¹ äˑä˴˕Ð¹Ð$l",
        "Good_6": "à¸ÍˉÐ ÃÐħ§ĕÇ˴ÇÂ¹Ð! ĉ¹ʁàʛ¹˛Ç§à¸Í àËȑÍ¹ā¹¹Ð",
        "Good_7": "щ @ ĉ¹ÍÂÒ¡¨ÐºÍ¡ à¸Í¹Ð˗Ò... ¢Íºã¨à¸ÍÁÒ¡¹Ð ŚÒËģºȷ¡Í˒Ò§ чà¸ÍŇÒàҮÍàÃÒ$h",
        "Good_8": "ĉ¹äˑàʛ¹ÍÐäÃ ËÃÍ¡¹Ð à¸ÍĢ§Ʊ§Ò¹˵Í§ŇÒ ƽ¡Ե§ËÅÒÂÍ˒Ò§ ˢÒ§¹Í¡Թ¹ à¾ÃÒÐ©ÐԹ¹ ĉ¹˵Í§ɤáÅ ĕÇàÍ§ã̋ä˴!$l",
        "Good_9": "â̍ ĉ¹äˑä˴àҪÍ ËÃÍ¡¹Ð ĉ¹ʁƱ¤ÇÒÁɊ¢ ÍԒÍ˒Ò§׉˕Ð˨Ð#$e#ǖ§¨Ðàʛ¹ ƚƇµʷÒÂæ á˅ĉ¹ʁªÍºġ¹¹Ð$h",
        "Neutral_0": "àÃÒ¨Ðģ¡ā¹ ä»µÅÍ´ ¨¹¡˗ÒàÃÒ ¨ÐµÒÂ ¨Ò¡ā¹ä»... ãʺՁÂ?",
        "Neutral_1": "ȝÁ... чщà¤ÂƱ¤¹ÍԒ ÁÒʱÍ¹ËȓÍà»˕Ò¹Ð?",
        "Neutral_2": "ħ¹׉à¸Í äˑƱÍÐäÃŇÒËÃÍ?",
        "Neutral_3": "˶Òà¸ÍàˢÒàȑÍ§ ½Ò¡ė¡·ÒÂȷ¡¤¹ á·¹ĉ¹˴ÇÂ¹Ð",
        "Neutral_4": "à݋ÂÇ¾ӣ§׉à˪Ò ĉ¹¨Ðҥ¹ÁÒŇÒ§Ò¹ ˺Ò¹ã̋¹Ð à¸Í¨Ðä˴àÍÒàÇÅÒ ä»ŇÒÍ˒Ò§ҽ¹",
        "Neutral_5": "àҳÍ§àŧ¹àÃÒ äˑƱě­ËÒ¹Ð @?",
        "Neutral_6": "¤¹чàȑÍ§ ¨ÐŇÒÍÐäÃā¹ ÍԒ¹Ð?",
        "Neutral_7": "ħ¹׉ړǪ¡ äˑÍÂÒ¡ŇÒ ÍÐäÃàÅÂ...",
        "Neutral_8": "ǖ§ĉ¹¨ÐŇÒ ¤ÇÒÁÊÐÍÒ´ àˇÒäË˓ ˺Ò¹ʁĢ§ Ê¡»Ã¡ ÍԒƤ...#$e#ĉ¹˗Ò¿ÒΓÁ ʁÊ¡»Ã¡ Í˒Ò§׉˕Ð¹Ð",
        "Neutral_9": "àÃÒ¨ÐÍԒчщā¹ä» µÅÍ´àÅÂËÃÍ?",
        "Bad_0": "...à¸ÍĢ§ģ¡ĉ¹ÍԒ... ãʺՁÂ?$s",
        "Bad_1": "*à̎Í*... ºÒ§Ƨĉ¹ÍÒ¨ ¨Ðá˅§§Ò¹àʣÇä» ʁä˴¹Ð$s",
        "Bad_2": "à¸ÍĢ§Ʊ¤ÇÒÁɊ¢ àÇÅÒчÍԒāºĉ¹ ËȓÍà»˕Ò?$s",
        "Bad_3": "ĉ¹ŇÒÍÐäÃ ż´ǣà»˕Ò? ŇÒäÁËĥ§æÁÒщ à¸ÍŇÒĕÇá»Å¡æ ä»˕Ð$s",
        "Bad_4": "à¸Í˗ÒˢÒ§¹Í¡ι¹ ¨ÐƱÍÐäÃÍ˒Ò§ҽ¹ՁÂ?$s",
        "Bad_5": "àұÍʱÍ¹ ɤà¸Íģ¡ĉ¹ ÁÒ¡¡˗Ò׉¹Ð... ġ¹àš´ÍÐäÃ ע¹àщÂ?$s#$e#ĉ¹ړĕÇƤ˗Ò à݋ÂÇ׉ĉ¹¹Ð äˑÊÒÇàËȑÍ¹µÍ¹чàÃÒ á˅§§Ò¹ā¹... à¸Íá˅§§Ò¹ à¾ÃÒÐàҳÍ§׉ãʺՁÂ˕Ð?$a",
        "Bad_6": "ƚƇµàÃÒ ʁäˑä˴ÂÒÇ ÍÐäÃÁÒ¡¹Ð... àÃÒ¨ÐÍԒā¹ Í˒Ò§׉¨ƃ§æàËÃÍ?$s",
        "Bad_7": "àұÍʱÍ¹ à¸Íà¤ÂËÇÒ¹āºĉ¹ ÁÒ¡àÅÂ¹Ð... á˅à݋ÂÇ׉ ĉ¹˵Í§ŇÒˢÒÇàʢ¹ ã̋à¸Íš¹ à¸Íǖ§¨Ð¾ÍÍ´·¹ āºĉ¹ä˴˺Ò§...$s",
        "Bad_8": "ŇÒäÁËĥ§æ ׉à¸Íàʢ¹ªÒ āºĉ¹Ĉ§...$s",
        "Bad_9": "ĉ¹ˉÒ¨ÐŇÒġ¹ ã̋Ƥ¡˗Ò׉¹Ð$s",
        "spring_2": "á̅ÇÄɤ׉àÃÒ¨Ð»ɵ¡ ÍÐäÃā¹Ƥ˕Ð?",
        "spring_1": "àƺÂ§¡ÃÐД§àұÍǴ¹ àʛ¹àƺÂ§˵Í¹ģº ƫãËˑ˕Ð...$l",
        "spring_15": "*à̎Í*... ä˴àÇÅÒŇÒ¤ÇÒÁÊÐÍÒ´ ˵Í¹ģºãºä́¼ƅ á̅ÇƊ¹Ð$s",
        "summer_1": "̎Ò... Ë˹Ò̃Í¹! ¡Х¹Êä»ͻàºÍΓƳ (Spice Berry) ÁÒė¡·ÒÂĉ¹ àʛ¹Í˒Ò§áÃ¡ àÅÂ¹ÐàщÂ$h",
        "summer_9": "˶ÒĕÇĉ¹àƫÂ¡ ʁÍ˒Ò˗Òā¹¹Ð... ÍÒ¡ÒÈµÍ¹¡ÅÒ§Ǵ¹ ġ¹̃Í¹ˉÐ",
        "summer_2": "Äɤ̃Í¹... à݋ÂÇ¾Ç¡áÁÅ§ġ¹ ¨ÐÁÒàђÂÁ˺Ò¹àÃÒ ā¹àʕÁáˉàÅÂ#$e#á˅à¸Í äˑ˵Í§˛Ç§ËÃÍ¡ à݋ÂÇĉ¹¨ÐĈ´¡ÒÃ ġ¹àÍ§",
        "fall_1": "ĉ¹ģ¡ʺÇ§ Äɤãºä́¼ƅ ʁµÃ§ч¡ÒÃä» àʁºàʫ´щáËÅÐ á˅¾Ç¡ġ¹ÁÒàʣÇ áÅÐä»àʣÇÁÒ¡àÅÂ¹Ð",
        "fall_20": "à¸ÍÇÒ§á¼¹àбÂÇāº Ë˹ÒË¹ÒÇËȓÍĢ§ ˶ÒƱ¿Ò§ȵ¹ ä̇˺Ò§ʁƤ¹Ð",
        "fall_2": "ĉ¹ړ¹Ð˗Ò Äɤч˵Í§àʁºàбÂÇ à¸Í¨ÐӢ§ÁÒ¡ à¾ÃÒÐ©ÐԹ¹ ĉ¹¨ÐʺÇÂ§Ò¹à¸Í ã̋ÁÒ¡чɊ´¹Ð",
        "winter_1": "Ë˹ÒË¹ÒÇá̅Ç Í˒Ò§׉àÃÒʁƱ¼Åä́¤ƃÊĕÅ (Crystal fruit) á̅ÇˉÐƊ ÃÊªÒŵġ¹ äˑàËȑÍ¹ã¤ÃàÅÂ¹Ð ˗ÒՁÂ?",
        "winter_7": "¾ӣ§׉ ĉ¹¨Ðä»á¡ÐÊĥ¡ թÒáʂ§˴ÇÂ¹Ð ǖ§ƫǙ§¨ÐĈ´ā¹ áʴ¤Ճ§àƤÂÇ á˅ġ¹ʁÊȹ¡ ÁÒ¡àÅÂ˕Ð!",
        "winter_28": "ƫщʁàʛ¹ ƽ¡ƫчƤŚÒËģº ¿ÒΓÁ %farm ¹Ð! Ǵ¹׉àÃÒÁÒÊȹ¡ ā¹à¶ÍÐ [348]$h#$e#ƫË˹Ò ¨Ð˵Í§ƤÁÒ¡æ àÅÂ˕Ð ĉ¹ړǪ¡ä˴¹Ð"
    }
}
