{
    "header": {
        "target": "w",
        "formatVersion": 5,
        "hidef": true,
        "compressed": 128
    },
    "readers": [
        {
            "type": "Microsoft.Xna.Framework.Content.DictionaryReader`2[[System.String, mscorlib, Version=4.0.0.0, Culture=neutral, PublicKeyToken=b77a5c561934e089],[System.String, mscorlib, Version=4.0.0.0, Culture=neutral, PublicKeyToken=b77a5c561934e089]]",
            "version": 0
        },
        {
            "type": "Microsoft.Xna.Framework.Content.StringReader",
            "version": 0
        }
    ],
    "content": {
        "Rainy_Day_0": "ĉ¹à»ѕÂ¹ä»ÁÒ¡àÅÂ ʺÇ§ËÅÒÂƫÁÒщ á˅ĉ¹ʁĢ§ªÍº ħ¹чÍÒ¡ÒÈ áʸÁãÊ¹Ð",
        "Rainy_Day_1": "ºÒ§¤Ճ§ĉ¹ʁǙ¡ǖ§ ħ¹чàÃÒáʱĕÇä»˴ÇÂā¹... Ğ¡ˌÍ¹чƃÁËÒ´ ¢Í§à¡ÒÐàſΓ¹!#$e#à¸Íà¤ÂŤ´ǖ§ àҳÍ§ã¹Í¹Ò¤µ˺Ò§ǣà»˕Ò@?",
        "Rainy_Day_2": "ÍɃ³ÊħÊڴʴÒ~ ĉ¹ҥ¹á˅à˪Ò ÁÒŇÒÍÒËÒÃã̋Ȥ³ àÅÂ˹Ò! [223 234 211 651 731]#$e#ĉ¹ړ˗ÒȤ³àʛ¹¤¹ áʂ§áÃ§ á˅˗ÒȤ³ʁ˵Í§·Ò¹ ÍÐäÃƤæã̋˓Ò§¡ÒÂ¢Í§Ȥ³ áʂ§áÃ§áºº ׉˅Íä»¹Ð!$h",
        "Rainy_Day_3": "ħ¹׉ĉ¹ÍÍ¡ä» ˢÒ§¹Í¡äˑä˴... à݋ÂÇ¼Áĉ¹àƺÂ·Ã§ äˑâ¡Ã¸ā¹¹Ð чģ¡$s#$e#ʁĉ¹ ÍÂÒ¡¨ÐɤƤ ã¹ÊÒÂµÒȤ³ µÅÍ´щ¹Ò",
        "Rainy_Day_4": "¨ÐÍÍ¡ä»ˢÒ§¹Í¡ Է§æчÍÒ¡ÒÈ àʛ¹áºº׉àËÃÍ? Í˒ÒȕÁàʊ´à˷Ò ʱÍ¹àˢÒ˺Ò¹ ˴ÇÂ¹Ð¤Ð чģ¡#$e#ĉ¹¨ÐÍԒ ɤáÅ˺Ò¹àÍ§",
        "patio_Haley": "ɮ´˗Ò 'á¾Ð ƚÊ'!",
        "Rainy_Day_Haley": "â̍Â äˑ¹Ð ˶ÒÍÒ¡ÒÈ Ģ§àʛ¹ַÍԒ żÇĉ¹ƛ´ µÒÂáˉæ$s",
        "Rainy_Night_0": "٭Â Ƥã¨Ĉ§ чȤ³¡ĥºÁÒ ÍԒ¤¹àƤÂÇ ġ¹àË§Ò¹Ð... Ȥ³ÍÂÒ¡¨ÐŻ´ä¿ ËȓÍĢ§˝Ð¤Ð?",
        "Rainy_Night_1": "Ëħ§˗Ò ¾ӣ§׉¨ÐÍÒ¡ÒÈƤ¹Ð ½¹µ¡ˊÍÂæ ŇÒã̋ĉ¹Ëȧ´Ëŧ´$s",
        "Rainy_Night_2": "Ëħ§˗ÒàÍƁѕÍԒ¤¹àƤÂÇ ¤§¨Ð äˑàË§ÒÁÒ¡¹Ð ĉ¹˗Ò¨ÐÅÍ§ áÇÐä»ËÒà¸ÍàʣÇæ ׉ʴÐ$7",
        "Rainy_Night_3": "ʺÒ§ÀÒ¾äˑªÍº àÇÅÒ½¹µ¡ËÃÍ¡ ˿ÒˌÒ˴ÇÂ ʁТ§á˒ ¨ÐÍÍ¡ä»ˢÒ§¹Í¡ â´Âäˑã̋ɍ»¡Ã΃àƫÂ¡ щÂÒ¡àÅÂ!$s",
        "Rainy_Night_4": "ĉ¹ŇÒÍÐäÃ̃Í¹æ ÁÒã̋¹Ð¤Ð чģ¡ ã˚à¤ҳÍ§à·È ä»àÂÍÐàÅÂ àʫ¹˗ÒȤ³ªÍº ·Ò¹ã̋Í˓ÍÂ¹Ð! [727 231 207 199]$h",
        "Rainy_Night_5": "ĉ¹äˑà¤ÂŤ´àÅÂ˗Ò ĕÇàÍ§¨Ðɮ´ ÍÐäÃáºº׉ á˅˗ÒƚƇµ ª¹º·щʁ àËÁÒÐāºĉ¹Ƥà¹ÍÐ$h",
        "Rainy_Night_Haley": "Ƥ˨Ð чģ¡ Ƥã¨Ĉ§чȤ³ ¡ĥº˺Ò¹ ĉ¹àË§ÒɊ´æ àÅÂ˹Ò$l",
        "Indoor_Day_0": "ÍɃ³ÊħÊڴʴÒ~ ¹Í¹Ëĥº ÊºÒÂäËÁ¤Ð?$h#$e#ħ¹׉ĉ¹˗Ò ¨ÐàÍÒ¡̅Í§ĕÇàʱÒ ÍÍ¡ÁÒˆÒÂɳ» «ÐËˉÍÂ áÊ§ıÒĥ§ÊÇÂàÅÂ",
        "Indoor_Day_1": "ÊħÊƤµÍ¹à˪ÒʴÐ чģ¡~ ¡Х¹ËÍÁ ˉÒš¹ãʺ̱Ò? ĉ¹ŇÒÍÒËÒÃà˪Ò ÁÒã̋˴ÇÂáË˕Ð! [194 195 210 211 216]#$e#ĉ¹ړ˗ÒȤ³Ӣ§æ á˅ĉ¹ã̋ıÒĥ§ã¨ Ȥ³ÍԒµÃ§׉àÊÁÍ¹Ð!",
        "Indoor_Day_2": "¹Í¹Ëĥº ÊºÒÂǣà»˕Ò¤Ð? àұÍǴ¹Ȥ³¡Ã¹ Ź´Ǚ§¹Ð$h#$e#ħ¹׉ ĉ¹Ʊ§Ò¹˺Ò¹˵Í§ŇÒ ښæ¹Ð",
        "Indoor_Day_3": "Ƥã¨Ĉ§ ĉ¹àƳÂ¹ړ ч¨ÐÊȹ¡ä»āº ¡ÒÃŇÒ§Ò¹˺Ò¹ á̅Ç˕Ð! á˅˺Ò¹Ã¡ʷÒÂ Ĉ§àÅÂ$10#$e#ŇÒã̋˺Ò¹ÊÐÍÒ´ á̅ÇÊºÒÂã¨ ¡˗Ò¹Ð#$e#ܖºĉ¹ ʱÍ¹ä»ä˴äËÁ ˝Ð¤Ð?$11",
        "Indoor_Day_4": "ÍɃ³ÊħÊڴʴÒ чģ¡ ħ¹׉ʁÍÍ¡ä» ŇÒ¿ÒΓÁƽ¡Ɗ¹Ð¤Ð?#$e#ĉ¹Ť´ǖ§Ȥ³˹Ò <$h",
        "Indoor_Day_Haley": "ĉ¹à¤Â ړǪ¡àËȑÍ¹˗Ò äˑړ˗ÒƚƇµ ¨Ðä»·Ò§äË¹ ʱÍ¹ч ¨Ðä˴à¨ÍāºȤ³ á˅µÍ¹׉ ĉ¹ړá̅ÇáËÅÐ˗Ò ĉ¹˵Í§¡ÒÃÍÐäÃ$l",
        "Indoor_Night_Haley": "Ȥ³ɤŇÒ§Ò¹Ëę¡ ÁÒÁÒ¡àÅÂчģ¡ ã̋ĉ¹ʺÇÂȤ³ ˌÍ¹¤ÅÒÂ¹Ð¤Ð$l",
        "Outdoor_0": "ĉ¹ړǪ¡ƤÁÒ¡àÅÂ àÇÅÒÍԒˢÒ§¹Í¡˺Ò¹ ä˴ɺ´ÍÒ¡ÒÈÊ´Қ¹#$b#Í˒ÒàˢÒã¨ĉ¹ż´˕Ð ˺Ò¹Ȥ³µÒȤ³ʁƤÁÒ¡æ á˅˗ÒäˑƱÍÐäÃ ښÀÒ¾ŷÇėÈΉÊÇÂæ ä˴ËÃÍ¡",
        "Outdoor_1": "àÃÒ¨ÐŇÒã̋¿ÒΓÁ ׉ˉÒģ¡æä»àÅÂ~ ġ¹àʛ¹ŚÒĄ­ ãʺäËÁ¤Ð чģ¡...?",
        "Outdoor_2": "ä§¤Ð чģ¡! ˶Òĉ¹ŇÒ¿ÒΓÁàʛ¹ ĉ¹¨ÐʺÇÂȤ³ ÁÒ¡¡˗Ò׉¹Ð ¢Íâ·É¨ƃ§æʴÐ#$e#ĉ¹¨ÐŤ´ǖ§Ȥ³¹Ð$h",
        "Outdoor_3": "ĉ¹¨Ðä»ŇÒÍÐäÃ ¤Ʌ¡ӝ¹á¶ÇæԹ¹ à¾ÃÒÐ¨Ðä˴ ʺÇÂȤ³ä§ ãʺäËÁ?#$e#*à̎Í*... ̃Í¹Ĉ§",
        "Outdoor_4": "Í˒Òī¡âËÁ ¹Ð¤Ð чģ¡#$e#Í˒ÒȕÁ Ğ¡ËÒÂã¨˺Ò§ á̅ÇʁÍ˒ÒȕÁ ËÒÍÐäÃš¹ ˴ÇÂ¹Ð$h",
        "Outdoor_Haley": "ɤàËȑÍ¹˗Òħ¹׉ ¨Ðàʛ¹ħ¹чƤ ŚÒËģº¡ÒÃä» ÍÒºá´´à¹ÍÐ Ť´àËȑÍ¹ā¹äËÁ¤Ð чģ¡?",
        "funLeave_Haley": "¨ÐÍÍ¡ä»ȤÂāº¤¹ҽ¹ ã¹àȑÍ§Ī¡ËˉÍÂ¹Ð ħ¹׉",
        "funReturn_Haley": "ġ¹ƤÁÒ¡àÅÂ чä»à¨Í¤¹ҽ¹æã¹àȑÍ§ á̅Çħ¹׉ Ȥ³àʛ¹ä§˺Ò§¤Ð ƤäËÁ?",
        "OneKid_3": "á»Å¡Ĉ§àÅÂà¹ÍÐ? ĉ¹äˑŪ¹āº¡ÒÃàʛ¹ áˑ¤¹àÅÂ",
        "TwoKids_2": "%kid2 àʛ¹àʔ¡Ë˹ÒµÒƤà¹ÍÐ ˗ÒäËÁ?",
        "TwoKids_3": "˺Ò¹Ëĥ§ãËʽ ɵ¡ÊÍ§¤¹ ŇÒàÅƤæ ƚƇµ׉ʁäˑړ˗Ò ¨ÐÍÂÒ¡ä˴ÍÐäÃ ƽ¡á̅Ç",
        "spring_2": "˝Ò... Äɤ׉àÃÒ¨Ð»ɵ¡ ÍÐäÃā¹Ƥ¤Ð?",
        "spring_1": "µÍ¹׉ÄɤË¹ÒÇ ʁ¨ºä»á̅Ç àÃÒƱħ¹á´´Ƥæ ÃÍÍԒ~ ҥ¹à˵¹Ĉ§àÅÂʴÐ",
        "summer_3": "¢Íâ·É¹Ð¤Ð ˶Òħ¹׉ĉ¹ɤ äˑÊÇÂ... ʁÍÒ¡ÒÈġ¹ؚ¹ ¼ÁʁäˑÍԒ·Ã§ àËȑÍ¹àʱÒ",
        "summer_15": "Ë˹Ò̃Í¹... ËÁÒÂǖ§˺Ò¹¨ÐàʕÁ ä»˴ÇÂÁ´áÅÐáÁÅ§ ދΒ$s",
        "fall_2": "Ť´ǖ§Äɤ̃Í¹ á̅ÇƊ...",
        "fall_1": "Äɤãºä́˓Ç§ ġ¹ɤàÈ̃Òæ ŚÒËģºĉ¹... ȷ¡æÍ˒Ò§ıÒĥ§ ¨ÐµÒÂä»ËÁ´$5",
        "winter_14": "ÍÒ¡ÒÈáºº׉ ĉ¹ړǪ¡żÇá̋§ ÁÒ¡àÅÂ",
        "winter_2": "˴ÇÂàËȵ¼Å ÍÐäÃĪ¡Í˒Ò§ ƋÁÐŇÒã̋ĉ¹ ÍÂÒ¡š¹àˤ¡ƺªÁɮ...",
        "spring_Haley": "ÄɤË¹ÒÇıÒĥ§ ¨Ò¡ä»á̅Ç~ Ƥã¨äËÁ¤Ð чģ¡? ÍÐäÃæ ʁɤ¨ÐƱËħ§à¹ÍÐ µÍ¹׉",
        "summer_Haley": "ĉ¹ªÍºɤЫ§̋ÍÂ ã¹Ǵ¹Ë˹Ò̃Í¹Ĉ§ ġ¹ŇÒã̋ĉ¹ړǪ¡ àËȑÍ¹ä˴ˇÍ§ä»ã¹ Ëԑ´ÒÇàÅÂ˕Ð",
        "fall_Haley": "ǖ§ĉ¹¨ÐªÍº Äɤ̃Í¹ á˅Äɤãºä́˓Ç§àщÂ ˆÒÂɳ»ä˴ÊÇÂ чɊ´àÅÂ...",
        "winter_Haley": "ĉ¹ıÒĥ§Ǚ¡ǖ§ µÍ¹чȤÂʺÇÂàŻ´½Ò ¢Ç´âËÅ Ȥ³ĸÒä˴äËÁ¤Ð?$h#$e#á̅ÇàÃÒʁä˴ ÊŹ·ā¹ÁÒ¡ע¹ Ե§á˅µÍ¹Թ¹$l"
    }
}
