{
    "header": {
        "target": "w",
        "formatVersion": 5,
        "hidef": true,
        "compressed": 128
    },
    "readers": [
        {
            "type": "Microsoft.Xna.Framework.Content.DictionaryReader`2[[System.String, mscorlib, Version=4.0.0.0, Culture=neutral, PublicKeyToken=b77a5c561934e089],[System.String, mscorlib, Version=4.0.0.0, Culture=neutral, PublicKeyToken=b77a5c561934e089]]",
            "version": 0
        },
        {
            "type": "Microsoft.Xna.Framework.Content.StringReader",
            "version": 0
        }
    ],
    "content": {
        "Rainy_Day_0": "ã¨ĉ¹àÍÒá˅Ť´ǖ§ ÍºàªÂāºȤ¡ֱ ã¹ħ¹ч½¹µ¡",
        "Rainy_Day_1": "Ɋ´˷ÒÂÁÒɃāºÎÒΓƷΒ ¨Ðä˴ÍԒ ˴ÇÂā¹ǣà»˕Ò? ĉ¹˗ÒËÁÍ à¢ÒªÍºÁÒɃ ¹Ð#$e3#á˅ĉ¹˗ÒÁÒɃ ʁ˵Í§àʛ¹ˍÒÂ àУÁàˢÒËÒʱÍ¹¹Ð$h",
        "Rainy_Day_2": "ÊħÊƤ чģ¡! à˪Ò׉ĉ¹ä»ªÍ»֛§ÁÒ щ¢Í§Ȥ³¹Ð[186 180 770 535]#$e#ĉ¹Ť´˗Ò Ȥ³¤ÇÃ¨Ð ã˪Ī¡ĭ¹¹Ð",
        "Rainy_Day_3": "țÍÍ... ºÒ§Ƨĉ¹¤ÇÃỄÒ§ àÁɩãËˑæ˺Ò§¹Ð чģ¡Ȥ³ªÍºàÁɩ чĉ¹ŇÒä̇˕ÒɊ´ ãʺäËÁ#$e#ĉ¹¨ÐàƳÂ¡ àÁɩι¹˗Ò 'ŪƵà´Í @'?",
        "Rainy_Day_4": "ħ¹׉áËÅÐ чĉ¹ªÍº ˝Ò¹Ëę§ȚÍƤæ ÁÒ¡чɊ´",
        "Rainy_Night_0": "ħ¹áºº׉щáËÅÐ чĉ¹ªÍº˝Ò¹ Ëę§ȚÍƤæ ÁÒ¡чɊ´",
        "patio_Penny": "чщÊ§º¡˗Ò чÍԒàŴÁ¢Í§ĉ¹ чÍԒã¹àȑÍ§ÁÒ¡ ĉ¹Ʊ¤ÇÒÁɊ¢ÁÒ¡чщ",
        "Rainy_Night_1": "ĉ¹áˉã¨˗ÒµÍ¹׉ áˑ˵Í§ÍԒч«Òɵ¹áˉæ... ǖ§ĉ¹ړǪ¡äˑƤ àбÂÇāºġ¹ á˅ĉ¹ʁäˑÊÒÁÒÃ¶ ŇÒÍÐäÃä˴ÍԒƤ",
        "Rainy_Night_2": "ĉ¹ıÒĥ§Ť´ǖ§ Ǵ¹Թ¹¢Í§àÃÒ ã¹âÃ§ÍÒºթÒˉÐ...$l#$e#ĉ¹¨ÐäˑƱħ¹ ȕÁǴ¹Թ¹àÅÂ...$l",
        "Rainy_Night_3": "àƺÂ§½¹µ¡ ġ¹ŇÒã̋ĉ¹ œÒ¤Ò­àÊÁÍàÅÂ µÍ¹чĉ¹ÍԒ ã¹Ã¶˺Ò¹ àʱÒæι¹ á˅ġ¹ʁ ړǪ¡Ê§ºƤ àËȑÍ¹ā¹",
        "Rainy_Night_4": "щ˨Ð ˢÒÇàʢ¹ à¸ÍˉÒ¨ÐªÍº¹Ð [212 214 225 209 200]$h",
        "Indoor_Day_0": "ġ¹àʛ¹ħ¹ чÊ§ºƤ¹Ð ĉ¹ªÍºĝ¹̃ÒÂ ÍԒàʛ¹»ÃÐĸÒàÅÂ á˅µÍ¹׉ ĉ¹ËĥºݾÂ ä˴àËȑÍ¹ àʔ¡˹ÍÂàÅÂ",
        "Indoor_Day_1": "ÍɃ³ÊħÊڴ @! ŇÒÍÒËÒÃà˪Ò ̃Í¹æä̇¹Ð [195 210 211]#$e#ġ¹ŚÒĄ­ÁÒ¡ чà¸Í¨Ð ÍÍ¡¨Ò¡˺Ò¹ â´ÂЭÁ˷Í§$h",
        "Indoor_Day_2": "Ȥ³ړäËÁ ħ¹׉ ĉ¹Ť´¨Ð˝Ò¹ Ëę§ȚÍ˕Ð ĉ¹ȒÁËę§ȚÍà˕ÁãËˑ ÁÒ¨Ò¡̋Í§ÊɁ´ˉÐ#$e#¤ÃÒÇчá̅Ç Ȥ³ā¹à¸ÍΓ ½Ò¡ė¡ÁÒ˴ÇÂ˕Ð",
        "Indoor_Day_3": "ĉ¹ªÍº! àҳÍ§à˕ÒàбÂÇāºħµȶâºÃÒ³ чȤ³ËÒä˴¹Ð#$e#ę¡âºÃÒ³¤Ƥ »ÃÐËÅÒ´ã¨ÁÒ¡! ÅÍ§Ǚ¡ɤƊ ªÒÇä˓àщÂ¹Ð Ȣ´¾º¢Í§ чƱÍÒɂ 10,000 ƫàÅÂ¹Ð",
        "Indoor_Day_4": "¤Ճ§áÃ¡ чàÃÒà¨Íā¹ ĉ¹ֲÍÒÂäËÁ ? ġ¹µÅ¡ÁÒ¡ àұÍĉ¹Ǚ¡ǖ§àҳÍ§Թ¹ áÅÐµÍ¹Թ¹ ¨¹ǖ§µÍ¹׉ ¾Ç¡àÃÒ ˌÒ¹ÍÐäÃ˴ÇÂā¹ ÁÒàÂÍÐàÅÂ¹Ð$h",
        "Indoor_Night_0": "ÊħÊƤ µÍ¹àʢ¹¹Ðчģ¡ Ȥ³ä˴ŇÒЪ§ чȤ³ÍÂÒ¡ŇÒ ã¹ħ¹׉á̅Ç ǣĢ§˕Ð?#$e#˶ÒäˑƱʁ äˑàʛ¹äÃ¹Ð ¾Ç¡àÃÒƱàÇÅÒ µÅÍ´áËÅÐ µÃÒºã´чàÃÒ Ģ§ÍԒº¹ âÅ¡ãº׉!",
        "Indoor_Night_1": "țÁÁÁÁ ¾ӣ§׉ã˚ ¡Ò§à¡§ËȓÍ ¡ÃÐâ»Ã§Ƥ ¹Ð? â̽Ð ĉ¹áʴ ̅Íà˕¹... ĉ¹ġ¡¨Ð ã˚¡ÃÐâ»Ã§ ä»ÍԒá̅Ç˕Ð",
        "Indoor_Night_2": "¾Ç¡àÃÒ ƱЪ§Ƥæ чщ¹Ð ¾Ç¡àÃÒ¤ÇÃ¨Ð ¾ÂÒÂÒÁ¨´ĸÒЪ§ чƤàʥ¡æ˹ÍÂæ ä̇¹Ð#$e#ĉ¹ړǪ¡ Ƥã¨¹Ð ŚÒËģº Ъ§àʥ¡æ ¾Ç¡׉¹Ð",
        "Indoor_Night_3": "áˑ¤§¨ÐàË§Ò¹Ð чĉ¹ä» ĉ¹Ëħ§˗Ò à¸Í¤§äˑä»«Òɵ¹ àҮÍ¨ºě­ËÒ чι¹ƽ¡#$e#Ȥ³äˑ¤ÇÃ ч¨ÐړǪ¡ àÈ̃Ò¹Ð áˑġ¡¨Ðáˡě­ËÒ ˴ÇÂĕÇ¢Í§à¸Í àÍ§...",
        "Indoor_Night_4": "¾̃ÍÁч¨Ð¹Í¹ á̅ÇǣĢ§ ĉ¹Ĉ´àµƳÂÁ ȷ¡Í˒Ò§ä̇ á̅Ç¹Ð...",
        "Outdoor_0": "ĉ¹àÍÒá˅ĝ¹ ˗Òä˴ÍÒĨÂÍԒ ã¹чÊÇÂ§ÒÁ áÅÐµÍ¹׉ĉ¹ ä˴¾ºāº¤ÇÒÁ¨ƃ§#$e#ĉ¹ړǪ¡ àÈ̃Òчä˴ ¡ĥºÁÒ˺Ò¹$s",
        "Outdoor_1": "щġ¹äˑƤ ËÃÍчàʔ¡æ ¨ÐàŵºâµˉÐ?#$e#ĉ¹ړǪ¡ ƤÁÒ¡àÅÂ¹Ð чɵ¡æ ¨Ðä˴àŵºâµ ч¿ÒΓÁ׉",
        "Outdoor_2": "ÊħÊƤчģ¡! ˶Òĉ¹ړÍÐäÃÁÒ¡ע¹ àбÂÇāº§Ò¹ч¿ÒΓÁ ĉ¹¨Ð¾ÂÒÂÒÁ ʺÇÂȤ³¹Ð ¢Íâ·É¹Ð!#$e#чĉ¹àÍÒá˅ Ť´ǖ§Ȥ³µÅÍ´àÅÂ$h",
        "Outdoor_3": "ĉ¹àʫ¹¹¡¡ÃÐ¨Í¡ ź¹ˌÒ¹ä»·Ò§µÐħ¹µ¡ ã¹ÊµÒΓŴÇáÇÅѕ ι¹ȆÍ˗Òàʛ¹ÅÒ§ƤÁÒ¡æ àÅÂ¹Ð$h",
        "Outdoor_4": "̽ÒÒ... ĉ¹ړǪ¡Ƥ чÍԒˢÒ§¹Í¡ ĉ¹¨Ðã˪àÇÅÒ Է§ħ¹˴Ò¹ ¹Í¡àÅÂ˕Ð ĉ¹ã˪àÇÅÒ ä»āº¡ÒÃ¤ÍÂɤ ȷ¡Í˒Ò§ ƧÅÐŹ´ ÅÐËˉÍÂ",
        "OneKid_0": "ħ¹׉Ȥ³ ¾Í¨ÐƱàÇÅÒ à˕¹āº %kid1 äËÁ? ºÒ§Ƨ ¡ÒÃƱɵ¡¤¹чÊÍ§ ÍÒ¨¨ÐŇÒã̋ÍÐäÃËÅÒÂæ Í˒Ò§Ƥע¹ ¹Ð",
        "OneKid_1": "à˨Ò %kid1 ĕÇ˹ÍÂæ ¨Ð˵Í§Ʊ ¤ÇÒÁɊ¢чщ ÁÒ¡áˉàÅÂ",
        "OneKid_3": "ړǪ¡áʱÁÒ¡àÅÂ Ե§á˅µÍ¹чàÃÒƱɵ¡ ºÒ§чщÍÒ¨¨Ð àʛ¹¤ÇÒÁģºż´ªÍº чĉ¹áº¡ģº#$e#ġ¹ʁäˑä˴á˒¹Ð! ĉ¹ÍÂÒ¡ÍԒ áºº׉ ä»¹Ò¹æ àÅÂáËÅÐ",
        "TwoKids_0": "%kid1 āº %kid2 ˉÐ š¹ˢÒÇá̅Ç¹Ð š¹àʱ§ ªÐġ´àÅÂ Է§ÊÍ§¤¹׉!",
        "TwoKids_1": "àÃÒ¨Ð˵Í§ àÍÒã¨Է§ %kid1 āº %kid2 ã̋àˇÒæ ā¹¹Ð ĉ¹äˑÍÂÒ¡ ã̋à¢Ò˵Í§ÁÒ ƍ¨©Òā¹ˉÐ",
        "TwoKids_2": "ĉ¹Ʊĝ¹˗Ò %kid2 ¡Ò§ƫ¡ ÍÍ¡ÁÒáÅÐâºÂź¹ÍÍ¡ä» º¹˿Òã¹ ÂÒÁϔÒǴ¹ ġ¹á»Å˗Ò ÍÐäÃā¹¹Ð?",
        "TwoKids_3": "˺Ò¹чƤ ɵ¡чɊ´áÊ¹ƇàÈÉÊÍ§¤¹ áÅÐƱخ¹чÊÇÂ§ÒÁ ¾Ç¡àÃÒ¤§ âª¤ƤÁÒ¡æ àÅÂ¹Ð",
        "Good_0": "щ... @ĉ¹ä˴ÁÒÍԒ āºà¸Í¨ƃ§æ ãʺՁÂàщÂ... ġ¹àËȕÍàҚÍ ÁÒ¡àÅÂ¹Ð$l",
        "Good_1": "ĉ¹ĝ¹˗Ò ¾Ç¡àÃÒ¨Ð á˅§§Ò¹ā¹ ÁÒԵ§¹Ò¹á̅Ç ¹Ð$l",
        "Good_2": "ĉ¹ړǪ¡ä˴ Ե§á˅ړ˗Òà¸Í ̂ÒÂÁÒàÅÂ˕Ð ˗Òà¸Íàʛ¹¤¹ ¤¹Թ¹ˉÐ...$l",
        "Good_3": "̇ÒÇ ħ¹׉à¸ÍɤƤ ÁÒ¡æàÅÂ! ĕ´¼ÁÁÒàËÃÍ?$l",
        "Good_4": "ĉ¹ àУÁړǪ¡ àËȑÍ¹˗Ò чщàʛ¹˺Ò¹ á̅Ç˕Ð$l",
        "Good_6": "ÃÐħ§àʛ¹ÅÁ ˢÒ§¹Í¡˴ÇÂ¹Ð! ºÒ§Ƨ ĉ¹ʁàʛ¹˛Ç§ ˗ÒȤ³¨Ð·Ò¹ÍÒËÒÃ äˑ¾Í¹Ð",
        "funLeave_Penny": "ħ¹׉ĉ¹ ıÒĥ§¨ÐÍÍ¡ ä»ğ§ʲÒÇÊÒÃ ã¹àȑÍ§¹Ð àҮÍ¤ÇÒÁÊȹ¡ á̅Çĉ¹ ¨Ð¡ĥºÁÒƽ¡ Ī¡Ğ¡¹Ð!",
        "funReturn_Penny": "ĉ¹ƱàÇÅÒ чƤ¹Ð... ĉ¹ړǪ¡Ƥ чä˴ɮ´ȤÂ āºȷ¡¤¹ ÅÍ§ºÍ¡ ËˉÍÂƊ˗Ò ħ¹׉Ȥ³à¨Í ÍÐäÃ˺Ò§?",
        "spring_8": "Äɤãºä́¼ƅ àʛ¹Äɤâ»Ã´ ¢Í§ĉ¹àÅÂ˕Ð Ʊ¡Х¹ÍÒÂ ¢Í§¤ÇÒÁÊ´Қ¹ чŇÒã̋ĉ¹ Ʊ¤ÇÒÁËħ§àÊÁÍ",
        "spring_1": "¾Ç¡àÃÒƱàÇÅÒ ¹Ò¹áÊ¹¹Ò¹ ĉ¹Ëħ§ ˗Òƫ׉¨Ð àʛ¹ƫчÍºӭ¹ ÁÒỄÒ§ Ъ§чƤæ ˴ÇÂā¹à¶ÍÐ",
        "spring_15": "̍Ð ǖ§àÇÅÒ ŇÒ¤ÇÒÁÊÐÍÒ´ ã¹Äɤ ãºä́¼ƅ ĉ¹˵Í§à¾ƅ´à¾ƅ¹ āº¡ÒÃŇÒ ¤ÇÒÁÊÐÍÒ´ áˉæ",
        "summer_16": "*ԏ*...ĉ¹ÍÂÒ¡ ¨Ðš¹àÁÅÍ¹ ã¹ÍÒ¡ÒÈË˹Ò̃Í¹ Í˒Ò§׉¨ƃ§æ àÅÂ!",
        "summer_1": "Äɤ̃Í¹ÍÒ¨¨Ð ƱäÍ̃Í¹ÍÍ¡ÁÒ á˅ʁʺÇÂã̋ ¤ÇÒÁӊÁؚ¹ āºخ¹żÇƤ¹Ð",
        "summer_2": "Ë˹Ò̃Í¹щ¹Ð ¾Ç¡Á´¨Ð ¡ÃÐȅÍȓÍ̃¹ ā¹Ɋ´æàÅÂ ˕Ð ĉ§ι§ɤ ¾Ç¡ġ¹ä˴ àʛ¹ΪÇâÁ§àÅÂ... ɤæá̅Ç¾Ç¡ġ¹ ʁàʛ¹Ī§¤Á чċº˫Í¹Ƥ ¹Ð!",
        "fall_5": "¡Х¹ÍÒÂ ¢Í§Äɤãºä́˓Ç§ ŇÒã̋ĉ¹ړǪ¡ àËȑÍ¹ä˴¡Х¹ ¢Í§Ëę§ȚÍ... á»Å¡ãʺäËÁ ˕Ð?",
        "fall_1": "Äɤ ãºä́˓Ç§... ġ¹ŇÒã̋ĉ¹ Ť´ǖ§ƺ˅Ò§æ ¢Í§¡ÃÐ´ÒÉ áÅÐ¡ÒÇ ºÒ§Ƨĉ¹ ʁã˪àÇÅÒāº àʔ¡æÁÒ¡ä» ËˉÍÂ¹Ð$h",
        "fall_2": "ƫ׉à¸Í ¨Ð»ɵ¡ ğ¡·Í§Ģ¡Ι ǣà»˕Ò?",
        "winter_1": "ÄɤË¹ÒÇ ƫ׉àËÁÒÐ ŚÒËģº ¡ÒÃˌÍ¹¤ÅÒÂ ¹Ð Ëĥ§¨Ò¡ƫ чÂÒÇ¹Ò¹ Ȥ³ÊÁ¤ÇÃ чä˴Ğ¡¹Ð!",
        "winter_6": "ƋÁÐч â»ÃÂ»ÃÒÂ ŇÒã̋ĉ¹Ǚ¡ ǖ§Ȥ³˒Ò чƱ¡Í§ä¿ ÍԒˢÒ§æ ĉ¹ĸÒà§Ò ¢Í§чà¸Í чÍԒчˋÒÍÍàÃ¨Ή(Orange) ä˴Ƥ ġ¹ˌÒ¹ÁÒ¹Ò¹ á̅ÇƊ¹Ð...",
        "winter_3": "¾Ç¡àÃÒ¨ÐÍԒ Ģ§ä§ ã¹ÄɤË¹ÒÇ¹Ð? â̍ Ȥ³¨ÐäˑĸÒàʛ¹ ˵Í§ºÍ¡ĉ¹... ĉ¹àҚÍã¨Ȥ³ ¹Ð˗Ò Ȥ³¨ÐÊÒÁÒÃ¶ Ĉ´¡ÒÃāº Ъ§˅Ò§æä˴ Í˒Ò§áˉ¹Í¹ ˉÐ"
    }
}
