{
    "header": {
        "target": "w",
        "formatVersion": 5,
        "hidef": true,
        "compressed": 128
    },
    "readers": [
        {
            "type": "Microsoft.Xna.Framework.Content.DictionaryReader`2[[System.String, mscorlib, Version=4.0.0.0, Culture=neutral, PublicKeyToken=b77a5c561934e089],[System.String, mscorlib, Version=4.0.0.0, Culture=neutral, PublicKeyToken=b77a5c561934e089]]",
            "version": 0
        },
        {
            "type": "Microsoft.Xna.Framework.Content.StringReader",
            "version": 0
        }
    ],
    "content": {
        "Rainy_Day_0": "ч¡̇Ò§¢¹Ò´׉ ĉ¹ÍÍ¡ıÒĥ§¡ÒÂ ¾̃ÍÁàÇ·Է§ĕÇ ä˴ÊºÒÂæ àÅÂ¹ÐàщÂ",
        "Rainy_Day_1": "ĉ¹äˑà¤ÂƱàҮÍ¹àÂÍÐ ¢¹Ò´׉ÁÒʱÍ¹àÅÂ ºÒ§¤Ճ§ʁŤ´¹Ð˗Ò ˶Òà¸Íäˑä˴̂ÒÂÁÒчщ Ɋ´˷ÒÂƚƇµĉ¹ ¨Ðàʛ¹Ģ§ä§ā¹¹Ð?$9",
        "Rainy_Day_2": "à̋Í... ¡Ð˗Ò¨ÐÍÍ¡ä»Ч§ ˢÒ§¹Í¡Ī¡ËˉÍÂ á˅ÍÒ¡ÒÈàʛ¹áºº׉ ¤§ÍÍ¡ä»äË¹ äˑä˴á̅Ç˕Ð",
        "Rainy_Day_3": "*ˊ¹* àО§ҥ¹ʁړǪ¡˗Ò ˓Ò§¡ÒÂ˵Í§¡ÒÃâ»Ãƥ¹ «Ðá̅Ç...$9",
        "Rainy_Day_4": "ĉ¹Ť´˗Ò ĉ¹¤ÇÃ¨Ð àУÁËÒËę§ȚÍÁÒ˝Ò¹ɤ˺Ò§ á˅§§Ò¹á̅ÇԷ§Ƨ ʁäˑÍÂÒ¡ÍԒ˺Ò¹à©Âæ â´ÂäˑŇÒÍÐäÃàÅÂˉÐƊ!",
        "patio_Alex": "؎º... Ëѹ§... ؎ºº... ÊÍ§... ä˴Â¡թÒËę¡ ˢÒ§¹Í¡áºº׉ ġ¹ƤªÐġ´àÅÂáÎÐ!$6",
        "Rainy_Night_0": "à̎ ħ¹׉âÍà¤ƤãʺՁÂ? ˶Òħ¹׉Ƥ ĉ¹˗Ò¾ӣ§׉ʁ¨Ð˵Í§Ƥ ¡˗Ò׉ƽ¡áˉæ àÅÂ$h",
        "Rainy_Night_1": "ä§ àʛ¹ä§˺Ò§? ˚Ç¹ĉ¹ʁȆÍä̍à˨Òɵ¡ģ¡׊щ ÁÒԷ§ħ¹àÅÂÍÐ ˞Ò˞Ò˞Ò ڌªÒÂʁ˵Í§Ʊā¹˺Ò§...$u",
        "Rainy_Night_2": "â̽Ð ¡Х¹׉àËÃÍ ¢Íâ·É¹Ð ¾ÍƤħ¹׉š¹á˅¡ÃÐàƧÂÁ Է§ħ¹àÅÂ ÍÂÒ¡ŇÒĕÇàÍ§ã̋ɤáÁ¹æ ˉÐ... ¢Íâ·É¹Ð$l",
        "Rainy_Night_3": "Ğ¡׉ĉ¹ªÍº áÇÐä»ɤáÅ˺Ò¹Ëĥ§˹ÍÂ ã̋à˨ÒĔÊׅˉÐ ¹Ò¹æ Ƨʁ¤ÇÃɤáÅàʛ¹žàÈÉ ˺Ò§áËÅÐà¹ÍÐ",
        "Rainy_Night_4": "¾ÍƤƋÇŹ´ËˉÍÂ ʁàÅÂŇÒÍÒËÒÃàʢ¹š¹ä» á˅щ ĉ¹ŇÒàҬÍà¸Í˴ÇÂ¹Ð [241 242 225 214 198]$h",
        "Indoor_Day_0": "̾ÒÒ... ¨ÐƱÍÐäÃƤä»¡˗Ò ¡ÒÃä˴¹Í¹ˢÒ§æ ¤¹ģ¡¢Í§ĕÇàÍ§ƽ¡˕Ð!$h",
        "Indoor_Day_1": "щ чģ¡! ĉ¹ŇÒˢÒÇà˪Ò̃Í¹æ ä̇ã̋[195 210 211]#$e#˶Òà¸ÍÍÂÒ¡áʂ§áÃ§ à¸Íʁ˵Í§š¹àÂÍÐæ ã̋ÊÁāºчɮ´˗ÒÍÂÒ¡¹Ð!",
        "Indoor_Day_2": "ÁÒщū *ƪºáˡÁ* țÁÁ... à¾ÃÒÐ˗Ò§Ò¹ã¹¿ÒΓÁ ġ¹Ëę¡ǣà»˕Ò¹Ð Ȥ³àſΓÁע¹¹ÐàщÂ",
        "Indoor_Day_3": "ʁƱ˺Ò§ ч˵Í§¾ÂÒÂÒÁŇÒĕÇã̋Ū¹āº ¡ÒÃŇÒÍÒËÒÃáÅÐċ¡˼Ò... ʁäˑä˴ªÍºĪ¡àˇÒäÃËÃÍ¡ á˅ġ¹ʁàʛ¹Ъ§чĉ¹¤ÇÃŇÒ Ëĥ§¨Ò¡àÃÒá˅§§Ò¹ ā¹щ¹Ò$h",
        "Indoor_Day_4": "Ʊ¢Í§ÃÍºæ ˺Ò¹ ч˵Í§ʻÍÁá«ÁĪ¡ËˉÍÂ ĉ¹àÅÂ¡Ð˗Ò¨ÐÅÍ§ɤ äˑ˵Í§˛Ç§¹Ð ĉ¹äˑàҪÍËÃÍ¡",
        "Indoor_Night_0": "àÇÅÒä˴Å§áÃ§ŇÒÍÐäÃ Í˒Ò§Ɋ´¤ÇÒÁÊÒÁÒÃ¶ ġ¹Ƥà¹ÍÐ˗ÒՁÂ? à¾ÃÒÐà¸Í¨ÐړǪ¡˗Ò àƥÂ§әÁæ чÃÍÍԒ ³ µÍ¹֪¹Ɋ´¢Í§ħ¹ ǴÍÃÒ§ħÅчËÒÁÒ¨Ò¡ ¤ÇÒÁӗÁà·¢Í§à¸ÍàÍ§ Ģ§ä§˕Ð",
        "Indoor_Night_1": "щà¸Íä˴ä»ĕ´¼Á ËȓÍŇÒÍÐäÃÁÒǣà»˕Ò ŇÒäÁħ¹׉ɤƤĈ§ ËȓÍÍÒ¨¨Ðáʴà¾ÃÒÐ˗Ò ÍÒ¡ÒÈħ¹׉ġ¹Ê´Қ¹ʁä˴...$l",
        "Indoor_Night_2": "ÅÍ§à˕ÒàҳÍ§чà¨Í ã¹ħ¹׉ã̋ĉ¹ğ§ɤƊ ġ¹ÍÒ¨¨ÐŇÒã̋ à¸ÍړǪ¡àËȑÍ¹ Â¡ɰà¢ÒÍÍ¡¨Ò¡Í¡ àÅÂʁä˴¹Ð",
        "Indoor_Night_3": "à̎... ĉ¹àО§ä˴¡Ò§à¡§ãËˑ ÁÒËÅÒÂĕÇàÅÂ Ť´˗Òà¸ÍˉÒ¨ÐÊ¹ã¨¹Ð...$l",
        "Indoor_Night_4": "˶Òàš´ƱʺÇ§äË¹чà¸Í ˵Í§¡ÒÃÍԒàƗÂºæ āºĕÇàÍ§ ʁºÍ¡ĉ¹ä˴ ĉ¹àˢÒã¨¹Ð",
        "Outdoor_0": "à̎ ¾ÍÁÍ§ɤ¨Ò¡µÃ§׉ ĉ¹ʁړǪ¡ɰƁã¨àʛ¹˺ÒàÅÂ à¸ÍŇÒ§Ò¹Ëę¡ÁÒ¡àÅÂ¹Ð Ъ§чà¸ÍŇÒˉÐ ġ¹Ɋ´ÂÍ´ÁÒ¡æ",
        "Outdoor_1": "чщàʛ¹Ê¶Ò¹ч чàËÁÒÐ¨ÐàוÂ§ɵ¡ ¢Í§àÃÒàÅÂ˕Ð ˶Òàʛ¹ĉ¹ʁ¤§¨ÐªÍºч ¨Ðä˴àŵºâµã¹Ê¶Ò¹чáºº׉ ̋Í§ʁƱàÂÍÐ¾Íч¨Ðã̋ Ч§à˕¹ÃÍºæ ä»ηÇ˴ÇÂ!",
        "Outdoor_2": "ĉ¹ªÍºч¨Ðä˴ã˪àÇÅÒ ã¹¡ÒÃÍԒˢÒ§¹Í¡ ã̋ä˴ÁÒ¡чɊ´ ʁ¹Ð ġ¹ړǪ¡Ƥ¡˗ÒàÍÒá˅ ɍ´ڝäˑÍÍ¡ä»äË¹ˉÐ",
        "Outdoor_3": "ɤàÃÒƊ ¿ÒΓÁàʥ¡æ ¢Í§àÃÒщʁ˴ÇÂ àÃÒÊÍ§¤¹àщÂ àʛ¹ӴчˉÒÒÒģ¡Ɋ´æ$h^ºÒ§ƧÍÒ¨¨Ðàʛ¹à¾ÃÒÐ áÊ§ÍÒŷµΒÂÒÁàʢ¹ á˅ĉ¹˗Ò..ħ¹׉à¸ÍÊÇÂÁÒ¡ àÅÂ¹Ð$l",
        "Outdoor_4": "̽ÒÒ... ä˴ÍÍ¡ÁÒˢÒ§¹Í¡ á̅ÇƤĈ§àÅÂ ÊµÒΓŴÇáÇÅѕàщÂ ÊÇÂчɊ´á̅Ç¨ƃ§æ ˹Ò...",
        "OneKid_0": "ĉ¹Ģ§˵Í§ŇÒ¤ÇÒÁل¹à¤Â āºƚƇµáººãËˑч˵Í§Ĝ¹ĕÇ ÁÒàʛ¹ˎÍ˺Ò¹˕Ð¹Ð$h",
        "OneKid_1": "à˨Ò %kid1 ĕÇ˹ÍÂ ¨Ð˵Í§âµÁÒ áʂ§áÃ§àËȑÍ¹ »Ð̫Òáˉæ",
        "OneKid_3": "¡ÒÃԵ§˷Í§àщÂ ġ¹¨ÐړǪ¡Ģ§ä§ā¹¹Ð...?$h",
        "TwoKids_2": "ºÒ§Ƨ %kid2 ÍÒ¨¨Ðàʛ¹ ę¡à˕¹ģ¡׊ȑÍÍÒƚ¾ ¤¹áÃ¡¢Í§ àȑÍ§à¾ƅá¡¹ʁä˴¹Ð?$h",
        "TwoKids_3": "ã¹чɊ´ĉ¹ʁä˴ƱƚƇµ¤ÃÍº¤ģÇ чâËÂËÒÁÒµÅÍ´ Ե§á˅àʔ¡Ī¡Ƨ ¢ÍºȤ³¹Ð$l",
        "Good_0": "@... ĉ¹¨Ðģ¡à¸Í µÅÍ´ä»àÅÂ$l",
        "Good_1": "ړՁÂ˗Ò¹ÒÂË˕ÍÁÒ¡¹Ð... ĉ¹à¤ÂºÍ¡ã̋ğ§˺Ò§ǣà»˕Ò?$l^à¸Íàʛ¹¤¹ÊÇÂ ÁÒ¡àÅÂ¹Ð... ĉ¹à¤ÂºÍ¡à¸Í ä»ǣĢ§àщÂ?$l",
        "Good_6": "ĉ¹ړ˗Òà¸Íàʱ§ á˅ºÒ§Ƨʁ¡ĥÇ˗Ò ¨Ðɦ¡¾Ç¡ÊäÅΑš¹àˢÒĪ¡ħ¹ ËȓÍäˑʁá˒¡˗ÒԹ¹ä§... Ģ§ä§ʁÃÐħ§ĕÇËˉÍÂ¹Ð$9",
        "funLeave_Alex": "ħ¹׉ĉ¹¨ÐàˢÒä»ã¹àȑÍ§ á̅Çà¨Íā¹Ǵ¹׉¹Ð",
        "funReturn_Alex": "ħ¹׉ʁàʛ¹ƽ¡ħ¹чƤ¹Ð ¾Íä˴áÇÐä»ËÒ Ȥ³ԋāºȤ³˒Òàʛ¹»ÃÐĸÒ ʁä˴àʫ¹˗Ò¾Ç¡ˇÒ¹àÍ§ʁàУÁ áʱĕÇÅ§àҳÍÂæ àÅÂ",
        "spring_1": "ã¹чɊ´ ƋÁÐʁÅÐÅÒÂä»Ī¡Ƨ áÊ§ÍÒŷµΒÊÒ´˚Í§ÁÒƽ¡¤Ճ§ µÍ¹׉˓Ò§¡ÒÂ¢Í§ĉ¹ ړǪ¡ƤÁÒ¡æ àÅÂ$h",
        "spring_6": "Ê§ĪÂĈ§˗Ò ¼§ÊµÒΓ´ÃÍ»¨ÐʺÇÂã̋ ĉ¹àʛ¹à´ÍÐĮΕ¤ (The Hulk) ä˴äËÁ¹Ð...",
        "spring_12": "à¸Íҥ¹à˵¹āº§Ò¹à·È¡ÒÅ ¾ӣ§׉ǣà»˕Ò? ĉ¹˗Ò¤§¨ÐƤˉÒɤ ˶Òä˴ä»àʁºäʲ ÁÒÊÐÊÁä̇àÂÍÐæ",
        "spring_23": "â̽Ð... ¾ӣ§׉àʛ¹ħ¹ §Ò¹à˵¹œÒ´Í¡ä́щ ãʺՁÂ ? ɤàËȑÍ¹Ǵ¹׉˵Í§Ƈ´خ¹ ã̋ſµ«ÐËˉÍÂá̅Ç$9#$e#ʁȪ´ģ´ɳ»¾Ç¡Թ¹ ġ¹ģ´֕ÇàÅÂ... ¤¹ɤàˤÒĈºµÒɤàÃÒ ÁÒ¡¹Ð¨ÐºÍ¡ã̋",
        "summer_1": "Äɤ̃Í¹àʛ¹ʺÇ§чÊ´ãÊ чɊ´¢Í§ƫàÅÂ¹Ð ġ¹ŇÒã̋˓Ò§¡ÒÂ ¡ÃÐ»ד¡ÃÐà»˓ÒɊ´æ àÍÒ«ÐÍÂÒ¡ä» ÍÍ¡ıÒĥ§¡ÒÂ«Ðà݋ÂÇ׉ àÅÂ¨ƃ§æ",
        "summer_10": "à¸ÍŤ´¨Ðã˚ÍÐäÃ Å§ã¹Ë́Íȫ»ĥÇΓÍÐ?#$e#Ë˹ÒÍ˒Ò§ĉ¹ ¨Ðä»ړÍÐäÃ˕Ð... àª¿˗Òä§ ¼Á˗ÒµÒÁ¤ģº!$h",
        "summer_27": "äˑ¹Ð... ¨ÐËÁ´Äɤ̃Í¹á̅Ç˝Ò ¡̅ÒÁàةÍ¢Í§ĉ¹ ʁ¨ÐÊÅÒÂËÒÂä»µÒÁā¹ Ɗ¹Ð...$s",
        "fall_1": "ȝÁ... ËÁ´Äɤ̃Í¹á̅Ç... á˅ĉ¹ʁŤ´¹Ð ˗ÒÄɤчÍºӭ¹¡˗ÒàŴÁ ¨Ð˵Í§̂Í¹¡ĥºÁÒ ËÒàÃÒãËˑƽ¡¤Ճ§àÊÁÍ",
        "fall_15": "¾ӣ§׉Ʊ§Ò¹à·È¡ÒÅ¹Ð àÃÒä»˴ÇÂā¹ƤäËÁ?#$e#¨ƃ§æ ʁäˑä˴Ê¹ËÃÍ¡ ĉ¹Ģ§ä§ʁä˴",
        "fall_26": "Ëħ§˗ÒȤ³ԋāºȤ³˒Ò ¨ÐÊºÒÂƤ¹Ð ¡˗Òԋ¨ÐÂÍÁàŻ´àµÒż§ã˪Ī¡Ƨ à¢ÒֲàËƩÂÇ¨¹¹ÒƧɊ´˷ÒÂ àÅÂ˕Ð",
        "winter_1": "˵Í§¤ÍÂɤáÅ˓Ò§¡ÒÂ ã̋Íºӭ¹ã¹ʺÇ§Ë˹ÒË¹ÒÇ׉¹Ð ĉ¹˕Ð˛Ç§żÇĭ¹ºÍººÒ§ ¢Í§à¸Í«Ð¨ƃ§æ àÅÂ",
        "winter_7": "à¸ÍʁÅ§áʲ§Ă¹µ¡»ÅÒ ħ¹¾ӣ§׉˴ÇÂàËÃÍ ĉ¹˗Òà¸ÍàÍÒª¹ÐàˤÒä˴¹Ð!",
        "winter_28": "àʛ¹ƫчƤÁÒ¡àÅÂà¹ÍÐ @ ĉ¹Ե§µÒÃÍã̋ƫË˹Ò ÁÒǖ§¨Ðá˒á̅ÇàщÂ! äË¹ ч׉à¸Íʁ¢ĢºàˢÒÁÒã¡̅æ àÅÂÁÒ...$l"
    }
}
