{
    "header": {
        "target": "w",
        "formatVersion": 5,
        "hidef": true,
        "compressed": 128
    },
    "readers": [
        {
            "type": "Microsoft.Xna.Framework.Content.DictionaryReader`2[[System.String, mscorlib, Version=4.0.0.0, Culture=neutral, PublicKeyToken=b77a5c561934e089],[System.String, mscorlib, Version=4.0.0.0, Culture=neutral, PublicKeyToken=b77a5c561934e089]]",
            "version": 0
        },
        {
            "type": "Microsoft.Xna.Framework.Content.StringReader",
            "version": 0
        }
    ],
    "content": {
        "Rainy_Day_0": "˗Òā¹˗Ò½¹µ¡ ¨ÐŇÒã̋àš´âÃ¤ÃÐºÒ´ ¢Í§äˢËħ´ãËʽ àÍÒàʛ¹˗Ò Ȥ³˵Í§ÃÐġ´ ÃÐħ§ĕÇàÍ§ã̋Ƥ Í˒Òä»ҵ¹º¹â¤Å¹˕Ð!#$e#¼Áàʛ¹˛Ç§Ȥ³¹Ð",
        "Rainy_Day_1": "ġ¹àË§ÒɊ´æä»àÅÂ ч˵Í§ÍÒĨÂÍԒ˴Ò¹ º¹¤ƅŹ¡ι¹ àƮÂ§¤¹àƤÂÇ... á˅µÍ¹׉¼ÁƱ ¤ÇÒÁɊ¢ÁÒ¡àÅÂ˕Ð$h",
        "Rainy_Day_2": "ħ¹׉ ¼Áҥ¹ע¹ÁÒԵ§á˅à˪Ò á˅¼Áäˑä˴»Ʌ¡Ȥ³ à¾ÃÒÐȤ³ɤ ¹Í¹Ëĥº ÊºÒÂÁÒ¡æàÅÂ",
        "Rainy_Day_3": "¼Áäˑģ§àƑÂ¨ ч½¹µ¡ËÃÍ¡¹Ð áˉ¹Í¹ ¼ÁäˑÊÒÁÒÃ¶ÁÍ§àʫ¹ à¤ҳÍ§ź¹ä˴ á˅¼ÁʁĢ§ÊÒÁÒÃ¶ ğ§àƺÂ§Ƈ·ɂä˴#$e#ѫ§ġ¹ŇÒã̋ȷ¡Í˒Ò§ ɤǥ¡ĥºע¹ä»ƽ¡˕Ð",
        "Rainy_Day_4": "¼ÁĢ§Ʊ§Ò¹˺Ò¹ чĢ§ŇÒäˑàÊʣ¨ ¼Á˗Ò¨ÐŇÒã̋àÊʣ¨ ã¹ħ¹׉áËÅÐ ƱËÅÒÂÍ˒Ò§ã̋¼Á ŇÒÁÒ¡ÁÒÂàÅÂƧàƤÂÇ˕Ð!",
        "Rainy_Night_0": "ħ¹׉àʛ¹Ģ§ä§˺Ò§¤ģº чģ¡? ƧáÃ¡¼Áʁ˗Ò ¨Ðä»ŇÒÍÒËÒÃà˪Ò ÍԒËÃÍ¡ á˅¼ÁġÇ á˅˝Ò¹º·¤ÇÒÁ˕Ò Ɋ´àбÂÇāº \"àҳÍ§ˉÒړ àбÂÇāº¡ÒÃˌÒĕ´àʲÒ\" ÍԒˉÐƊ",
        "patio_Harvey": "Ȥ³ړäËÁ˗Ò 'ÇÒÃÊÒÃ˗Ò˴ÇÂ¡ÒÃà»ѕÂ¹ á»Å§¢Í§à̊¹àʭ¹' ġ¹¨Ðã˪ä˴¨ƃ§ àұÍ¼Á˝Ò¹ġ¹¨Ò¡µÃ§׉",
        "Rainy_Night_1": "˶ÒȤ³Êȹ¡āºƚƇµ ã¤Ã¨ÐÊ¹˕Ð ˶Ò¨Ð˵Í§ŇÒġ¹՛Òæ ι¹ǴÍЪ§ч¼Á ÍÂÒ¡¨ÐºÍ¡Ȥ³¹Ð",
        "Rainy_Night_2": "¹ÒÂĕÇàƫÂ¡¹Ð чģ¡ ŇÒäÁäˑÁÒż§ä¿˕Ð?^Ȥ³ĕÇàƫÂ¡¹Ð чģ¡ ŇÒäÁȤ³äˑÁÒż§ä¿˕Ð?",
        "Rainy_Night_3": "àƺÂ§½¹чµ¡Å§ÁÒ ÊÒÁÒÃ¶ʺÇÂã̋àÃÒ ƱÊÁÒŸáÅÐ äˑŤ´ٟ§ʻÒ¹#$e#щàʛ¹àËȵ¼Å ¢Í§¼ÁàÍ§ч˗ÒŇÒäÁ àÇÅÒ½¹µ¡ǖ§ŇÒã̋àÃÒ ړǪ¡Ê§ºä˴...",
        "Rainy_Night_4": "¼ÁŇÒÍÒËÒÃàʢ¹ àҮÍɊ¢ÀÒ¾ ä̇ŚÒËģº¾Ç¡àÃÒ ˴ÇÂ¹Ð ¼Áã˪á˅ ħµȶŴºÊ´ãËˑ чËÒä˴¨Ò¡ Ëԑ˺Ò¹¢Í§¾Ç¡àÃÒ щáËÅÐ! [212 214 225 209 200]$h#$e#Ȥ³˵Í§·Ò¹ÍÒËÒÃ ã̋àƮÂ§¾Í˅Í ˓Ò§¡ÒÂ¹Ð чģ¡",
        "Indoor_Day_0": "¼ÁŤ´˗Ò¾Ç¡àÃÒȷ¡¤¹ ˅Ò§ʁӡ§ρ¹ч¨ÐËÒ ¤ÇÒÁÊÁȴÅã̋āºƚƇµ ¤ÇÒÁÊÁȴÅ чÍԒˇÒÁ¡ÅÒ§ ¤ÇÒÁċº˫Í¹ Է§ËÅÒÂ#$e#ŚÒËģº¼Á ¡ÒÃ̂ÒÂÁÒÍԒчщ ǴÍ¤ÇÒÁÊÁȴÅ ч¼ÁµÒÁËÒÁÒ â´ÂµÅÍ´$l",
        "Indoor_Day_1": "ÍɃ³ÊħÊڴ¤ģº @! à˪Ò׉¼ÁŇÒÍÒËÒÃà˪Ò чɍ´Áä»˴ÇÂÊÒÃ ÍÒËÒÃã̋Ȥ³¹Ð[201]#$e#äʲàʛ¹áË˕§ıÒàŹ´ чƤ¢Í§ÊÒÃÍÒËÒÃ чĸÒàʛ¹ ©ÐԹ¹š¹ġ¹à¶ÍÐ",
        "Indoor_Day_2": "¼ÁıÒĥ§¨Ðä» Ǩ¡ÉÒ§Ò¹ƇĈÂ ·Ò§¡ÒÃá¾·Β ã¹ħ¹׉ ġ¹àʛ¹Ъ§ŚÒĄ­ ч¼Á˵Í§¤ÍÂàƳÂ¹ړ ÍԒàÊÁÍ àҮÍч¼Á ¨Ðä˴ÊÒÁÒÃ¶ ɤáÅڌˋÇÂä˴ƤчɊ´ Ģ§ä§˕Ð!",
        "Indoor_Day_3": "ħ¹׉¼Á˗Ò¨Ðι§ ğ§à¾Å§á̘Ê á̅ÇʁŇÒÃÒÂ§Ò¹ ·Ò§¡ÒÃá¾·Β ã̋àÊʣ¨ á̅ÇȤ³˕Ð¤ģº?",
        "Indoor_Day_4": "¼ÁړǪ¡¡ĥÇȤ³ ã¹µÍ¹áÃ¡чàÃÒ à¨Íā¹˴ÇÂ˕Ð Ť´á̅Çġ¹ʁ µÅ¡à¹ÍÐ à¾ÃÒÐµÍ¹׉¾Ç¡àÃÒ ʁˌÒ¹ÍÐäÃËÅÒÂæ Í˒Ò§ÁÒÁÒ¡ÁÒÂ ÁÒ˴ÇÂā¹$h",
        "Indoor_Night_0": "Ȥ³ɤàËҩÍÂ¹Ð чģ¡ Ǵ¹׉ã̋¼Á¹Ç´ ã̋Ȥ³¹Ð¤ģº ¼ÁĪ­­Ò˗Ò¨ÐŇÒã̋ ÍÒ¡ÒÃ»Ç´àұÍÂ ¢Í§Ȥ³Å´Å§àÍ§!$l",
        "Indoor_Night_1": "ħ¹׉ ¼Á»˕ÍÂÊºÒÂæ ã˪àÇÅÒä»āº¡ÒÃ ˝Ò¹Ëę§ȚÍ ι§ËÒ¤ҵ¹Ƈ·ɂ ˅ÍâÁà´Åà¤ҳÍ§ź¹#$e#ġ¹ŚÒĄ­¹Ð ч¨ÐËɂ´ŇÒ§Ò¹ áÅÐĞ¡ˌÍ¹˺Ò§ ¤ÇÒÁà¤ƳÂ´ äˑƤ˅ÍɊ¢ÀÒ¾ ¹Ð¤ģº",
        "Indoor_Night_2": "ÊħÊƤµÍ¹àʢ¹¤ģº ŇÒȷ¡Í˒Ò§ àÊʣ¨ǣĢ§?#$e#äˑ˵Í§ ˛Ç§¼Á¹Ð ¼ÁÃÍä˴˶ÒȤ³ Ʊ§Ò¹ч¨Ð˵Í§ŇÒ",
        "Indoor_Night_3": "¡ÒÃàʛ¹ËÁÍ ġ¹à¤ƳÂ´¹Ð Ĕ§Թ¹ġ¹ƤÁÒ¡àÅÂ чä˴ÁÒÍԒã¹чæ ˌÍ¹¤ÅÒÂáºº¿ÒΓÁ %farm á˛§׉",
        "Indoor_Night_4": "â̍! ¼ÁàО§ĝ¹¡ÅÒ§ħ¹ àбÂÇāºàҳÍ§ÃÐºº ¡ÒÃäËÅàƷÂ¹âÅƋµ á̅ÇĔ¹ȕÁЪ§ч¼Á Ť´¨ÐŇÒ«Ðä˴ щġ¹àʛ¹ě­ËÒ ¤ÅÒÊƊ¤¢Í§ËÁÍ¨ƃ§æ",
        "Outdoor_0": "чщˉÐ »ÅÍ´ĠÂÍԒá̅Ç Ȥ³ä»ŇÒ§Ò¹ à¶ÍÐ¤ģº äˑ˵Í§àʛ¹˛Ç§ ¼ÁËÃÍ¡¹Ð",
        "Outdoor_1": "¨Ò¡Ëĥ¡¡ÒÃ ·Ò§Ƈ·ÂÒÈÒÊµΓ ¼ÁàҚÍ˗Ò чщ˵Í§àʛ¹ч чàËÁÒÐÊÁŚÒËģº ¡ÒÃàוÂ§ɤàʔ¡ Ȥ³˕ÐŤ´˗Ò Ģ§ä§¤ģº?",
        "Outdoor_2": "¼ÁÍÒ¨¨Ð äˑãʺڌªÒÂ ˉÒҥ¹à˵¹чɊ´ á˅¼Á¨Ð қÍĪµΒ˅ÍȤ³ µÅÍ´ƚƇµ¢Í§¼Á$l",
        "Outdoor_3": "@...Ȥ³... Ȥ³ǴÍâÅ¡Է§ãº ¢Í§¼Á$l",
        "Outdoor_4": "ã¹°Ò¹Ðч¼Á àʛ¹ę¡Ƈ·ÂÒÈÒÊµΓ ¼ÁҚ¹ªÍº ħ¯Ĉ¡ÃƚƇµÃÐË˗Ò§ áÁÅ§áÅÐȎª ч˵Í§Ѿ§¾Ò ÍÒĨÂѫ§ā¹áÅÐā¹ ÁÒ¡æàÅÂ˕Ð",
        "OneKid_0": "Ȥ³áÅÐ %kid1 ǴÍЪ§ŚÒĄ­ чɊ´ã¹ƚƇµ ¢Í§¼Á",
        "OneKid_1": "%kid1 ĕÇ˹ÍÂ ¨Ð˵Í§ƱħÂàʔ¡ чà¾ÍΓà¿¤чщ ¾Ç¡àÃÒâª¤ƤÁÒ¡ чä˴ƱâÍ¡ÒÊԹ¹",
        "OneKid_3": "¨¹ǖ§µÍ¹׉ ¼ÁªÍº¡ÒÃàʛ¹ ˎÍ¤¹¨ƃ§æ!$h",
        "TwoKids_0": "¼Á˻Í¹ÍÒËÒÃ ã̋ %kid1 áÅÐ %kid2 á̅Ç á̅Çʁ¾ÂÒÂÒÁ ÊÍ¹ã̋¾Ç¡à¢Ò ªÍº·Ò¹ÍÒËÒÃ чƤ˅ÍɊ¢ÀÒ¾ ˴ÇÂ¹Ð!",
        "TwoKids_1": "¼Á˗Òàʔ¡æ ¤ÇÃä˴ģºâÍ¡ÒÊ ã¹¡ÒÃà˕¹áÅÐ àƳÂ¹ړàˇÒч ¾Ç¡à¢Ò˵Í§¡ÒÃ à¾ÃÒÐȤ³àʛ¹àʔ¡ ä˴áʴ¤Ճ§àƤÂÇ¹Ð",
        "TwoKids_2": "ºÒ§Ƨ %kid2 ÍÒ¨¨Ðâµ ÁÒàʛ¹ę¡ź¹ áººч¼Áãˍĝ¹ ÁÒâ´ÂµÅÍ´ á˅äˑÊÒÁÒÃ¶ àʛ¹ä˴ʁä˴¹Ð?",
        "TwoKids_3": "µÍ¹׉ƚƇµ¼Á ɍŷÈã̋āºȤ³ áÅÐɵ¡ áÅÐ¼Á ʁƱ¤ÇÒÁɊ¢ÁÒ¡ ¼ÁÇÒ´ĝ¹ǖ§ ¤ÃÍº¤ģÇчƇàÈÉ ÁÒâ´ÂµÅÍ´$l#$e#¼Áà¤Âĝ¹̃ÒÂ˗Ò ¨Ð˵Í§àʛ¹âÊ´ µÅÍ´ä»˴ÇÂ՛Ò... ¼Áģ¡Ȥ³ чɊ´àÅÂ!$l",
        "Good_0": "@... ¼ÁĢ§äˑÍÂÒ¡ ¨ÐàҚÍàÅÂ˗Ò ¾Ç¡àÃÒá˅§§Ò¹ ā¹á̅Ç...$l",
        "Good_1": "Ȥ³ʺÇÂ¼Á ¨Ò¡ƚƇµчáÊ¹ â´´àфÂÇ áÅÐàŵÁàʕÁ ¤ÇÒÁ˗Ò§à»˕Ò ã¹ã¨¢Í§¼Á ¢ÍºȤ³¹Ð¤ģº$l",
        "Good_2": "¼Áړė¹Ƨ˗Ò ¹ÒÂǴÍ¤¹чãʺ Ե§á˅¹ÒÂ̂ÒÂÁÒ ÍԒчщ...$l^¼Áړė¹Ƨ˗Ò Ȥ³ǴÍ¤¹чãʺ Ե§á˅Ȥ³̂ÒÂÁÒ ÍԒчщ...$l",
        "Good_3": "â̍ Ȥ³ɤƤÁÒ¡àÅÂħ¹׉ ŇÒÍÐäÃÁÒàËÃÍ¤ģº?$l",
        "Good_6": "ÃÐħ§ËˉÍÂ¹Ð µÍ¹ÍÍ¡ä» ˢÒ§¹Í¡! ¼Áĝ¹̃ÒÂ˴ÇÂ˗Ò àʫ¹Ȥ³ɦ¡ËÒÁä»ч ̋Í§ȩ¡àũ¹ˉÐ$7",
        "funLeave_Harvey": "¼Á˗Òħ¹׉¼Á ¨ÐÍÍ¡ä»àŴ¹à˕¹ ċ¡ËˉÍÂ ¼Á˵Í§¡ÒÃ ˌÍ¹¤ÅÒÂ˺Ò§ˉÐ",
        "funReturn_Harvey": "ħ¹׉àʛ¹ħ¹ чƤħ¹Ëѹ§ ŚÒËģº¼Á ¡ÒÃä˴ã˪ àÇÅÒÍԒ¤¹àƤÂÇ˺Ò§ ʺÇÂàŵÁ¾ĥ§ã̋¼Á àʛ¹Í˒Ò§Ƥ á̅ÇȤ³˕Ð Ʊħ¹Ƥæ ՁÂ чģ¡?",
        "spring_1": "ġ¹ƇàÈÉÁÒ¡æ чä˴àʫ¹¾Ç¡Ȏª Է§ËÁ´¡ĥºÁÒ ƱƚƇµƚÇÒƽ¡¤Ճ§ ¤ÇÒÁàƒÂÇ¢Ƙ¢Í§ġ¹ ʺÇÂŇÒã̋ɤ Ê´Қ¹ÁÒ¡æ Ëĥ§¨Ò¡ˌÒ¹ ÄɤË¹ÒÇ чáÊ¹Ǹ´Ǻ´ι¹",
        "spring_12": "â̍ ¾ӣ§׉Ʊ §Ò¹à·È¡ÒÅ ãʺՁÂ? ¤¹àÂÍÐˉÒɤ š¨¡ÃÃÁʁ...*¡ȕ¹թÒÅÒÂ*$s",
        "spring_23": "¤...Ȥ³¨Ðà˵¹œÒāº¼Á ã¹§Ò¹à·È¡ÒÅ ¾ӣ§׉ՁÂ?$7#$e#...˝Ò ġ¹ˉÒÍÒÂ¨ƃ§æ àÅÂ$7",
        "summer_1": "ÃÐħ§żÇäË́ ¹Ð¤ģºчģ¡ ġ¹ĭ¹µÃÒÂ ˅ÍżÇÊÇÂæ ¢Í§Ȥ³¹Ð$8#$e#ã¹°Ò¹Ðч¼Á àʛ¹Է§ÊÒƱ áÅÐËÁÍ Ɋ¢ÀÒ¾áÅÐ ¤ÇÒÁ»ÅÍ´ĠÂ ¢Í§Ȥ³ŚÒĄ­чɊ´!",
        "summer_10": "Ȥ³Ť´ËȓÍĢ§˗Ò ¨Ðã˚ÍÐäÃÅ§ã¹ ȫ»ĥÇΓ?#$e#¼Á˗Ò¨Ðã˚¢Í§ чƱÃÒ¤ÒáÅÐ Ȥ³ÀÒ¾Ƥ ¾Ç¡àÃÒȷ¡¤¹ ÍÂÒ¡¨ÐỄÒ§ ¤ÇÒÁ»ÃÐėºã¨ ã̋ڌ˗Ò¡ÒÃˉÐ!",
        "summer_27": "¾ÍÄɤ̃Í¹ ã¡̅¨ÐËÁ´ ÍÒ¡ÒÈË¹ÒÇ ʁàУÁÁÒ §Ò¹¼ÁàÅÂÁÒ¡ ע¹˴ÇÂ ¢Íâ·É¹Ð¤ģº ˶Ò¼Á¨ÐËȧ´Ëŧ´ Ź´ËˉÍÂ...",
        "fall_1": "¤ÇÃ»ɵ¡Ȏª ËÅÒ¡ËÅÒÂªŹ´ ã¹Äɤãºä́˓Ç§ ¹Ð¤ģºчģ¡#$e#ËȓÍäˑʁ »ɵ¡áʴá¤Ã¹àºÍΓƳ (cranberries)... ʁá̅Çá˅¹Ð ¼Á¨Ðä»ړ ÍÐäÃ˕Ð?",
        "fall_15": "¾ӣ§׉Ʊ§Ò¹à·È¡ÒÅ ÍÒËÒÃ ã¹§Ò¹Է§ġ¹ áÅÐàʄÁÁÒ¡àÅÂ á˅¼ÁâÍà¤¹Ð ˶Òš¹¹Ò¹æ¤Ճ§$h",
        "fall_26": "¼ÁÂÍÁģº¹Ð ˗Òà·È¡ÒÅɰµ (spirit's eve) ġ¡¨ÐŇÒã̋ ŕÒä̊¢Í§¼Á λ¹ˋÇ¹ä»ËÁ´... á˅¼Á¨Ð¾ÂÒÂÒÁ ÃÇºÃÇÁ¤ÇÒÁ¡̅Ò ã̋ä˴ÁÒ¡чɊ´¹Ð",
        "winter_1": "ʺÇ§ÄɤË¹ÒÇ ÍÒ¡ÒÈ ¨Ðá̋§ÁÒ¡àÅÂ ÍÒ¨ŇÒã̋żÇ ¢Í§Ȥ³á˾ʷÒÂ#$e#á˅äˑ˵Í§˛Ç§¹Ð ¼Á¨Ð¤ÍÂ ¹Ç´Ëĥ§Ȥ³ ˴ÇÂթÒġ¹àʫ´·ģ¿àſÅ (truffle oil) ȷ¡Ǵ¹àÅÂ$l",
        "winter_7": "àÃÒ¨Ðä» à·È¡ÒÅթÒáʂ§ ā¹ՁÂ? ¼ÁªÍº˺Ò¹ թÒáʂ§ ÁÒ¡àÅÂ¹Ð...",
        "winter_28": "ƫ׉àʛ¹ƫч ƇàÈÉÁÒ¡æ áÅÐ¼Áʁρ¹ã¨˗Ò ƫË˹Ò¨Ð˵Í§ Ƥ¡˗Ò׉ƽ¡!$h"
    }
}
