{
    "header": {
        "target": "w",
        "formatVersion": 5,
        "hidef": true,
        "compressed": 128
    },
    "readers": [
        {
            "type": "Microsoft.Xna.Framework.Content.DictionaryReader`2[[System.String, mscorlib, Version=4.0.0.0, Culture=neutral, PublicKeyToken=b77a5c561934e089],[System.String, mscorlib, Version=4.0.0.0, Culture=neutral, PublicKeyToken=b77a5c561934e089]]",
            "version": 0
        },
        {
            "type": "Microsoft.Xna.Framework.Content.StringReader",
            "version": 0
        }
    ],
    "content": {
        "Rainy_Day_0": "ħ¹׉¼ÁړǪ¡ƱáÃ§ Ě¹´ÒÅã¨ ¼ÁŤ´˗Ò¤§˵Í§àƒÂ¹ ÍÐäÃĪ¡ËˉÍÂá̅Ç",
        "Rainy_Day_1": "àƺÂ§¢Í§ÊÒÂ½¹ ÀÒÂã¹˓Í§Ƌ¹á¤ºæ ŇÒã̋¼ÁǙ¡ǖ§ ¡ÃÐˇÍÁ¢Í§ĕÇàÍ§ чªÒÂËÒ´#$e#¿ÒΓÁ׉ġ¹ ÂÍ´àђÂÁÁÒ¡¹Ð á˅ĕÇ¼ÁàÍ§ ʁĢ§¤§ Ť´ǖ§àƺÂ§¢Í§ ˷Í§·ÐàÅàÊÁÍ",
        "Rainy_Day_2": "¼Áҥ¹à˪Ò ʁàÅÂÍÍ¡ÁÒ ª§¡Òá¿ [395]#$e#¼Á˗Ò¡Òá¿чɦ¡ª§ Í˒Ò§žƦžĖ¹Թ¹ ŇÒã̋ã¹ÂÒÁà˪Ò àʕÁä»˴ÇÂ ¤ÇÒÁҳ¹ÃÁΒ Т§ע¹¨ƃ§æ",
        "Rainy_Day_3": "ħ¹׉¼ÁŤ´˗Ò ¼Á¨ÐĞ¡ ÍԒã¹˺Ò¹¹Ðчģ¡ ½¹ġ¹ŇÒã̋à̊¹¼Á ¢Í§¼ÁàƫÂ¡",
        "Rainy_Day_4": "áÃ§Ě¹´ÒÅ ã¨ã¹¡ÒÃàƒÂ¹¢Í§¼Á ġ¹ʁàËȑÍ¹āº ÊÀÒ¾ÍÒ¡ÒÈ... ġ¹ÁÒáÅÐ¨Ò¡ä» â´Âäˑä˴Ե§ĕÇ àËȑÍ¹ħ¹׉ ¼ÁʁŤ´ÍÐäÃ äˑÍÍ¡àÅÂ$s#$e#ºÒ§Ƨ¼ÁˉÒ¨Ð ˝Ò¹ÇÃÃ³¡ÃÃÁ чƱҚÍàƺÂ§Ī¡àҳÍ§ àҮÍч¨ÐŇÒã̋ Ť´äÍàƤÂãËˑæ ÍÍ¡ÁÒä˴",
        "patio_Elliott": "̍Ò ġ¹ƤÁÒ¡àÅÂчä˴ ˝Ò¹Ëę§ȚÍã¹ħ¹Ƥæ áºº׉... äˑŤ´ԧ¹àËÃÍ чģ¡?",
        "Rainy_Night_0": "ÊħÊƤÂÒÁàʢ¹¤ģº ħ¹׉Ȥ³ŇÒ§Ò¹ ä»ä˴àÂÍÐäËÁ @?^ÊħÊƤ ÂÒÁàʢ¹¤ģº чģ¡ ħ¹׉Ȥ³ŇÒ§Ò¹ ä»ä˴àÂÍÐäËÁ?",
        "Rainy_Night_1": "ĕÇȤ³àʢ¹ àËȑÍ¹āºթÒáʂ§àÅÂ! ã̋¼Á ÁÍº¤ÇÒÁÍºӭ¹ ã̋Ȥ³à¶ÍÐ¹Ð$l",
        "Rainy_Night_2": "¤ÇÒÁÊÒÁÒÃ¶ ã¹¡ÒÃã˪ĴÒɮ´ ¢Í§¼Áġ¹äˑƤ¾Í ¨¹ǖ§µÍ¹׉ ¼ÁʁĢ§äˑÍÒ¨ ËÒĴÒɮ´ч¨ÐÁÒ ºÃÃÂÒÂàÊˉΛ ¢Í§Ȥ³ä˴àÅÂ$l^¤ÇÒÁÊÒÁÒÃ¶ ã¹¡ÒÃã˪ĴÒɮ´ ¢Í§¼Áġ¹äˑƤ¾Í ¨¹ǖ§µÍ¹׉ ¼ÁʁĢ§äˑÍÒ¨ ËÒĴÒɮ´ч¨ÐÁÒ ºÃÃÂÒÂ¤ÇÒÁ¤ÇÒÁ§ÒÁ ¢Í§Ȥ³ä˴àÅÂ$l",
        "Rainy_Night_3": "ħ¹׉¼ÁŇÒÍÐäÃ˺Ò§ ԧ¹ËȓÍ? ¼Á¢Íɮ´àÅÂ˗Ò щˉÐ... ġ¹˵Í§ŇÒ§Ò¹ Ëę¡ÁÒ¡àÅÂ àҮÍч¨Ð ģ¡ÉÒɳ»˓Ò§ч áʂ§á¡˓§׉ä̇!",
        "Rainy_Night_4": "¼Áã˪àÇÅÒ µÍ¹¡ÅÒ§ħ¹ ã¹¡ÒÃËĥºĝ¹ ǖ§˷Í§·ÐàÅ Ĕ§Թ¹¼ÁʁàÅÂ ĕ´Ɗ¹ã¨˗Ò ¨ÐŇÒÍÒËÒÃ·ÐàÅ [198 202 727 728]$h",
        "Indoor_Day_0": "¼ÁàУÁɤáÅĕÇàÍ§ ÁÒ¡ע¹ã¹µÍ¹чàÃÒ ÁÒÍԒ˴ÇÂā¹ ƚƇµªÒÂâÊ´ äˑƤ˅ÍɊ¢ÀÒ¾ ¢Í§¼ÁàÅÂ¨ƃ§æ",
        "Indoor_Day_1": "ÍɃ³ÊħÊڴ @! ¼ÁŇÒ¡Òá¿ ŚÒËģº¾Ç¡àÃÒ ä̇ã̋[395]#$e#¼ÁړǪ¡˗Ò ĕÇ¼ÁàÍ§ ÍÂÒ¡ч¨ÐҤÁϤÒ ä»āºÃÊªÒŵ ĭ¹àˢÁˢ¹׉ á·ºȷ¡à˪ÒàƺÂ¨ƃ§",
        "Indoor_Day_2": "˶ÒȤ³à¨Í áÁ§ɁÁã¹˺Ò¹ Í˒Òƥġ¹¹Ð! áʴºÍ¡¼Áʁ¾Í à݋ÂÇ¼ÁàÍÒà˨ÒĕÇ ˉÒÊ§ÊÒÃι¹ÍÍ¡ ä»ˢÒ§¹Í¡àÍ§",
        "Indoor_Day_3": "ħ¹׉˵Í§àʛ¹ħ¹ чƤÁÒ¡áˉ¹Í¹... ¼ÁړǪ¡ä˴!$h#$e#¼ÁړǪ¡ǖ§ ¤ÇÒÁړǪ¡ч áÊ¹žàÈÉ׉ ã¹¨ɱ¡¢Í§¼Á˕Ð...",
        "Indoor_Day_4": "¼Áĝ¹̃ÒÂ˗ÒȤ³ ã̋¼Áĕ´¼Á ·Ã§à¡ƳÂ¹... Ȥ³¨ÐäˑŇÒ áººԹ¹ āº¼ÁãʺäËÁ?$s#$e#¼ÁàҚÍã¨Ȥ³¹Ð",
        "Indoor_Night_0": "ęº¨Ò¡´Ç§´ÒÃÒ ч·Í»ÃÐ¡ÒÂàŨ´˨Ò ã¹ÂÒÁÄɤË¹ÒÇ ¨¹ǖ§áÊ§ÃÐƂºÃÐĢº ¢Í§á˓ƍƃàƤÂÇ...ʁĢ§äˑƱЪ§ã´àÅÂ ч¨ÐÁÒà»ƳÂºàƧÂº ä˴āº¤¹Ƥ¢Í§¼Á$l^ęº¨Ò¡´Ç§´ÒÃÒ ч·Í»ÃÐ¡ÒÂàŨ´˨Ò ã¹ÂÒÁÄɤË¹ÒÇ ¨¹ǖ§¡Х¹ËÍÁ¢Í§ ȡËÅÒºá˛§ɰµ ...ʁĢ§äˑƱЪ§ã´àÅÂ ч¨ÐÁÒ à»ƳÂºàƧÂºä˴āº ¤ÇÒÁ§´§ÒÁ чàʕÁä»˴ÇÂ àÊˉΛ¢Í§Ȥ³$l",
        "Indoor_Night_1": "ÀÒ¾¡ÒÃ»ÃÐȷ ¢Í§ä¿ʺÇÂỄÒ§ ºÃÃÂÒ¡ÒÈчƤ ã̋āº˺Ò¹Ëĥ§׉... ä́á˅ÅÐ֊¹Թ¹ ˅Ò§ʁɦ¡à¼ÒäË́ Í˒Ò§ƱàÍ¡ĥ¡É΃ à©¾ÒÐĕÇ",
        "Indoor_Night_2": "¼Áäˑà¤Âч¨Ð »ÃÐÊº¤ÇÒÁŚÒàʣ¨ ã¹¡ÒÃ»ɵ¡˵¹ä́ч˺Ò¹àʱÒ чªÒÂ·ÐàÅ¢Í§¼ÁàÅÂ Ëħ§˗Ò ¼Á¨ÐÊÒÁÒÃ¶»ɵ¡ ä˴Ī¡˵¹ÊÍ§˵¹ â´Â¡ÒÃɤĕÇÍ˒Ò§ ¨Ò¡Ȥ³#$e#Ĕ§Թ¹ Ȥ³ǴÍÍÒ¨ÒÃΒ ¢Í§¼Á áÅÐ¼Áàʛ¹àƮÂ§ ɵ¡ȑÍǝ¡ī´чáÊ¹ ˝Í¹˹ÍÁĢ§ä§˕Ð",
        "Indoor_Night_3": "ÂÒÁчˢÒ ˨Í§ÁÍ§ãºË˹Ò ĭ¹áÊ¹ƇàÈÉ¢Í§à˨Ò ɳ»Ë˹Òȴ¨ĭ­ÁƣյÒʴÒ áÅÐáÊ¹әÁ¹ÇÅ ´Ç§ã¨¢Í§ˢÒ... чɦ¡¾ÃÒ¡ä»â´Â ¤ÇÒÁˉÒ¡ĥÇá˛§ ϔÒǴ¹Թ¹ ĕÇà˨Òà»ƳÂºδ§ áÊ§·Í§ĭ¹ºƃɊ·ڸ#$e#º·¡Ʒ׉ ¤§àʛ¹·Ò§àƤÂÇ ч¼Á¨ÐÊÒÁÒÃ¶àУÁ˵¹ ч¨ÐҺÍ¤ÇÒÁړǪ¡ ¢Í§ĕÇàÍ§ǖ§Ȥ³ä˴$l",
        "Indoor_Night_4": "чģ¡¢Í§¼Á... ¼Á¨ÐäˑƱħ¹ ÂÍÁáÅ¡Ȥ³āº áˇ§ƍƃàƤÂÁ 100 áˇ§#$e#ËȓÍ 1,000 áˇ§...#$e#10,000 áˇ§ ʁäˑƱ·Ò§$7#$e#...$7#$e#ËȓÍá́¡ÃÐη§ 100,000 áˇ§ʁäˑä˴!$a#$e#...$s#$e#țÍ...áˇ§ƍƃàƤÂÁ ºƃɊ·ڸ Ëѹ§̅Ò¹áˇ§...? Í˒ÒĚ§Ąºã̋¼Á ˵Í§àȕÍ¡Í˒Ò§׉Ɗ...$8",
        "Outdoor_0": "¤ÇÒÁĝ¹ĭ¹˺ÒК¹ ¢Í§¼Áä˴àʛ¹¨ƃ§á̅Ç... ɤŷÇėÈΉчˉÒ àËȕÍàҚÍщƊ!",
        "Outdoor_1": "Ȍ¹Ŵ¹ĭ¹ɍ´ÁÊÁɪÃ΃ Թ¹ÍԒã˵ ˍÒà˷Ò¢Í§¼Á ÍÒ¡ÒÈчºƃɊ·ΈԹ¹ àŵÁàʕÁ»Í´¢Í§¼Á áÅÐ ¤ÇÒÁÍºӭ¹¢Í§ ´Ç§ÍÒŷµΒԹ¹ ỄÒ§¤ÇÒÁƂ¹Ƥ ã̋āºżÇ¢Í§¼Á... ƚƇµщƤ¨ƃ§æ",
        "Outdoor_2": "¼Á˗Ò¨ÐÍԒчщ áÅÐàƒÂ¹º·¡Ʒ Ī¡ËˉÍÂ ¼ÁړǪ¡àËȑÍ¹Ʊ ¤ÇÒÁŤ´˅Ò§æ ġ¹»ÐȷÍÍ¡ÁÒ! Ȥ³ä»Ĉ´¡ÒÃ áÅÐɤáÅš¨¡ÒÃ ¢Í§Ȥ³ä˴àÅÂ",
        "Outdoor_3": "˶Ò¼ÁȒ¹ÍԒЙ§æ ºÒ§ƧƬàغÍáÊ¹ÊÇÂ ÍÒ¨¨Ðź¹ÁÒà¡ÒÐ ã̋âª¤º¹¨ɱ¡ ¢Í§¼Áʁä˴¹Ð",
        "Outdoor_4": "¼ÁҤÁ¡Òá¿ÁÒ¡ ä»ËˉÍÂ... »Ò¡¢Í§¼ÁʁàÅÂ ړǪ¡á̋§àËȑÍ¹ ·ÐàÅ·ÃÒÂ¤Òƅâˡ$s#$e#â̽Ð... ¢Íâ·ÉƧ¹Ð чÅÁËÒÂã¨¼Á Ʊ¡Х¹¡Òá¿˴ÇÂ$7",
        "OneKid_0": "ħ¹׉Ȥ³ƱàÇÅÒ ч¨Ðà˕¹āºËɩ˹ÍÂ %kid1 äËÁ? ºÒ§Ƨɵ¡¤¹чÊÍ§ ÍÒ¨¨ÐŇÒã̋¾Ç¡àÃÒ Է§ÊÍ§ÊÐ´Ç¡ע¹ʁä˴¹Ð",
        "OneKid_1": "à˨ÒĕÇàʥ¡ %kid1 ¨ÐƱƚƇµħÂàʔ¡ чÊÁɪÃ΃áººчщ чщƱчã̋ŚÒÃÇ¨ ÁÒ¡ÁÒÂàÅÂ",
        "OneKid_3": "¼Áäˑàʱ§ ã¹¡ÒÃɤáÅɵ¡... á˅¼Á¨ÐŇÒã̋ƤчɊ´ àҮÍч¨Ðàʛ¹ˎÍчƤ",
        "TwoKids_0": "¼Áã̋ %kid1 áÅÐ %kid2 š¹ÍÒËÒÃ¢Í§¾Ç¡à¢Ò àƳÂº̃ÍÂá̅Ç ¾Ç¡àʔ¡æš¹Ȩ¨ƃ§æ ˶ÒàƧÂºāºĕÇĭ¹Ź´àƤÂÇ ¢Í§¾Ç¡à¢Òá̅Ç!",
        "TwoKids_1": "¼ÁàО§٭Á %kid1 ä»ʱÍ¹Ë˹Ò׉ áÅÐ¼ÁÊÒºÒ¹ä˴˗Ò ¼Áä˴Ƃ¹ĴÒ˗Ò \"»Ò...̫Ò\" ˴ÇÂ$h",
        "TwoKids_2": "¼Á¨ÐÊÍ¹ %kid1 ˝Ò¹Ëę§ȚÍ ã̋àʣÇчɊ´ àˇÒч¨Ðàʛ¹ä»ä˴! ι¹àʛ¹Ë¹·Ò§чƤ ч¨ÐŇÒã̋àʔ¡æ àƳÂ¹ړàҳÍ§ÃÒÇ ¢Í§âÅ¡ãº׉",
        "TwoKids_3": "¾Ç¡àÃÒŇÒä˴ äˑàÅÇàÅÂ @ ¿ÒΓÁ׉ġ¹ ÂÍ´àђÂÁ¨ƃ§æ áÅÐɵ¡æчáʂ§áÃ§ ʁƱ¤ÇÒÁɊ¢Ƥ ¼Á¤§äˑÊÒÁÒÃ¶ Ʊ¤ÇÒÁɊ¢ ä»ä˴ÁÒ¡¡˗Ò׉ ƽ¡á̅Ç",
        "Good_0": "@... ¼ÁɰƁã¨ÁÒ¡ āº¤ÇÒÁ¢Ģ¹ ¢Í§Ȥ³¹Ð ¼Áâª¤Ƥ¨ƃ§æ чƱȤ³ÍԒàƔÂ§ˢÒ§$l",
        "Good_1": "¼Áä˴ŇÒËę§ȚÍ á˛§¤ÇÒÁĥº àбÂÇāºº·¡Ʒ чáÊ´§ǖ§¤ÇÒÁģ¡ ¢Í§¼ÁчƱã̋Ȥ³$l",
        "Good_2": "ч¼Á ÁÒĢ§Ëԑ˺Ò¹á˛§׉ ʁàҮÍч¨ÐµÒÁËÒ ËÍ¤ÍÂ§Ò˪Ò§ чŇÒã̋ ¾ÃÊÃÃʹ¢Í§¼Á ע¹ԚȨ´ɺ§Ɋ´ á˅¨ƃ§æá̅Ç ¼Á¡ĥº¾ºá˅ ËÍ¤ÍÂ á˛§¤ÇÒÁâ´´àфÂÇ áÅÐȤ³àʛ¹¤¹ ʺÇÂȩ´ǔ§¼Á ÍÍ¡ÁÒ¨Ò¡ġ¹$l",
        "Good_3": "̇ÒÇ Ȥ³ɤƤÁÒ¡àÅÂ¹Ðħ¹׉! àÊˉΛ ǔ§ɤ´¢Í§Ȥ³Թ¹ ¼ÁäˑÍÒ¨ ˵Ò¹·Ò¹ä˴àÅÂ ã¹ħ¹׉ µÍ¹׉¼Á äˑÍÒ¨ÅÐÊÒÂµÒ ä»¨Ò¡Ȥ³ä˴$l",
        "Good_4": "¼ÁړǪ¡äˑƱŨµã¨ ¨ÐŇÒÍÐäÃàÅÂ µÍ¹чȤ³äˑÍԒ á˅µÍ¹ч¼Á ä˴Ƃ¹àƺÂ§¢Í§ÃÍ§à˷Ò àثÍ¹â¤Å¹àËƲÂºÅ§º¹ خ¹ä́ īÇã¨¢Í§¼Á ʁàËȑÍ¹āºä˴àš´ãËˑ ¨Ò¡¡Í§à˶ÒˆÒ¹",
        "Good_5": "¼ÁıÒĥ§àŴ¹ŇÒ ÊÁÒŸ ġ¹Ƥ˅Í¤ÇÒÁŤ´ ỄÒ§ÊÃÃʹˉÐ",
        "Good_6": "ÍÍ¡ä»ˢÒ§¹Í¡ ʁÃÐħ§ĕÇ˴ÇÂ¹Ð! ºÒ§¤Ճ§ ¼Áʁàʛ¹˛Ç§Ȥ³ ¨ƃ§æ Ʊڌ¤¹ã¹âÅ¡׉ чÍÒ¨¨ÐÁÒ ËÅÍ¡ã˪»ÃÐâÂªΉ ¨Ò¡Ȥ³ʁàʛ¹ä˴¹Ð",
        "funLeave_Elliott": "¼ÁŤ´˗Òħ¹׉ ¼Á¨ÐàŴ¹Å§ä» чªÒÂËÒ´Ī¡ËˉÍÂ ġ¹¤§¨ÐƤ чä˴àʫ¹·ÐàÅƽ¡¤Ճ§",
        "funReturn_Elliott": "¼ÁƱʺÇ§àÇÅÒ чáÊ¹ƇàÈÉ чªÒÂËÒ´āºĕÇàÍ§ ¼Áä˴ÁÍ§¾Ç¡¤ҵ¹ ċ´àˢÒν§ á̅Çʁ¨Ò¡ä» ġ¹àʛ¹ºÃÃÂÒ¡ÒÈ àËȑÍ¹āº ʺÇ§àÇÅÒʱÍ¹æ",
        "spring_1": "»ų¸Ò¹ã¹ƫãËˑ ¢Í§¼ÁǴÍ àƒÂ¹ àƒÂ¹ áÅÐʁàƒÂ¹! ¼Áäˑà¤ÂàÅÂ ч¨ÐÊÒÁÒÃ¶Ëɂ´àОÁ ė¡ÉÐ¢Í§ĕÇàÍ§ä˴",
        "spring_12": "ÍÒ¨¨Ðɤ á»Å¡ä»ËˉÍÂ á˅¼Áġ¡ÍÂÒ¡ ч¨Ðš¹ėºŷÁ ã¹Äɤãºä́˓Ç§",
        "spring_23": "¼ÁÃÍ¤ÍÂ ч¨Ðà˵¹œÒāºȤ³ ã¹ħ¹¾ӣ§׉ àÅÂ¹Ð¤ģºчģ¡",
        "summer_1": "ġ¹¤§ÂÒ¡ ч¨ÐÍÒÃÁ΃äˑƤ ã¹µÍ¹ч´Ç§ÍÒŷµΒ ·ÍáÊ§áÅÐàË˕Ò ƬàغÍ˅Ò§âºÂź¹ à˵¹ÃÐŊÒã¹ÊÒÂÅÁ àËȉÍ¼ÅÊä»ͻàºÍΓƳ (Spice berry)$h",
        "summer_10": "ħ¹׉¼ÁԵ§ã¨¨ÐËƂº ¢Ç´թÒËǡ¡ªŹ´žàÈÉ ¨Ò¡¡ÃÐˇÍÁ¢Í§¼Á á˅¼ÁĸÒä˴˗Ò §Ò¹ĥÇΓ¨ÐĈ´ħ¹¾ӣ§׉ ¼ÁʁàÅÂ¨Ðä»ËƂº Ëĥ§¨Ò¡µÍ¹Թ¹",
        "summer_27": "ȷ¡Ъ§чƤæ ġ¡¨ÐƱȨ´֪¹Ɋ´ ÃÇÁä»ǖ§¤ÇÒÁÊ´ãÊ ¢Í§ħ¹ã¹Äɤ̃Í¹˴ÇÂ ȡ­á¨ŚÒĄ­ ч¨ÐŉÒä»Ԛ¤ÇÒÁɊ¢ ǴÍ¡ÒÃÂÍÁģº ¡ÒÃà»ѕÂ¹á»Å§ â´Âäˑ˵Í§Ť´ÍÐäÃ ã̋ÁÒ¡¤ÇÒÁ",
        "fall_1": "¤ÇÒÁ§´§ÒÁ ¢Í§Äɤãºä́˓Ç§... §Ò¹àוÂ§ˇÒÁ¡ÅÒ§ÊÇ¹ ĭ¹àƒÂÇ¢Ƙ чỄÒ§¤ÇÒÁړǪ¡ чà¾ƅ´à¾ƅ¹... ǴÍáÃ§Ě¹´ÒÅã¨ ¢Í§º·¡ƷҚÍĔ§ ËÅÒÂ¡ƷàÅÂ˕Ð",
        "fall_15": "¼ÁÍÒ¨¨Ð֗§ ŷŰ¢Í§¼Áä̇àتÍ§Ëĥ§ á̅Ç¾ӣ§׉ ¼Á¨Ð¢ÍĈ´¡ÒÃāº á«¹΄Ƈª ºÒΓƪŤÇÃÒ´«ÍÊ Í˒Ò§àʕÁчɊ´æ ä»àÅÂʁá̅Çā¹",
        "fall_26": "Ȥ³¨ÐĢ§ģ¡¼ÁäËÁ ˶ÒËÒ¡¼Á ¨Ð«´àË̅Òğ¡·Í§ Ī¡ÊÍ§á¡ÅÅÍ¹ ã¹§Ò¹à·È¡ÒÅɰµ (Spirit's Eve)? ã¹ºÒ§¤Ճ§ ڌªÒÂàÃÒ ʁƱĪ­ªÒµ­Ò³ Դ§àŴÁÍԒˉÐ...",
        "winter_1": "ÄɤË¹ÒÇ щʺÒ§àËÁÒÐ áʱ¡ÒÃ˝Ò¹Ëę§ȚÍ áÅÐà˕¹àƫÂâ¹ àƺÂ¨ƃ§ Í˒ÒȕÁËɂ´Ğ¡ áÅÐƱ¤ÇÒÁɊ¢āº Է§ÊÍ§Ъ§׉¹Ð¤ģº",
        "winter_7": "¼Á¢Ò´¡ÒÃ˫ÍÁ ä»Ī¡ËˉÍÂ á˅¼ÁʁÇÒ§á¼¹ä̇˗Ò ¨ÐàˢÒ˓ÇÁ ¡ÒÃáʲ§Ă¹µ¡»ÅÒ ¾ӣ§׉! Ȥ³¨Ðä˴à¨Í ¡ÒÃáʲ§чȴàȄÍ´ áˉæ¤ģº чģ¡",
        "winter_28": "Ɋ¢Ī¹΅ħ¹ ʱÍ¹ƫãËˑ¤ģºчģ¡ â»Ã´ģºġ¹ä̇ á̅ÇÁÒ©ÅÍ§ ā¹à¶ÍÐ [348]"
    }
}
