{
    "header": {
        "target": "w",
        "formatVersion": 5,
        "hidef": true,
        "compressed": 128
    },
    "readers": [
        {
            "type": "Microsoft.Xna.Framework.Content.DictionaryReader`2[[System.String, mscorlib, Version=4.0.0.0, Culture=neutral, PublicKeyToken=b77a5c561934e089],[System.String, mscorlib, Version=4.0.0.0, Culture=neutral, PublicKeyToken=b77a5c561934e089]]",
            "version": 0
        },
        {
            "type": "Microsoft.Xna.Framework.Content.StringReader",
            "version": 0
        }
    ],
    "content": {
        "Rainy_Day_0": "à˨ÒªÍºħ¹ч½¹µ¡ àËȑÍ¹ˢÒËȓÍà»˕Ò @?",
        "Rainy_Day_1": "¾Ç¡àÃÒƱ·Ò§àȕÍ¡ чáµ¡˅Ò§ā¹ á˅ġ¹ʁäˑàʛ¹äÃ",
        "Rainy_Day_2": "ÍɃ³ÊħÊڴ @! ˢÒÍÍ¡ä»ˢÒ§¹Í¡ÁÒ á̅Çà¨ÍЪ§׉ ã̋à˨Ò¹Ð [305 308 203 795 397]#$e#Ëħ§˗Ò ¨Ðäˑá»Å¡ŚÒËģºà˨Ò¹Ð",
        "Rainy_Day_3": "ˢÒā§ÇÅ˗Ò ˶ÒˎÍÁ´ړàбÂÇāº... àҳÍ§׉˕Ð? ˢÒËħ§˗ÒàˤÒ¨Ðàʁº àʛ¹¤ÇÒÁĥº¹Ð$s",
        "Rainy_Day_4": "Ʊ¤¹ºÍ¡ä̇˗Ò ˢÒàËȑÍ¹ÁȹÉΒ ºÒ§¤Ճ§ˢÒ˵Í§¡ÒÃà˕¹ ȫ¡«¹˺Ò§...$6#$e#¾Ç¡à¢ÒºÍ¡ ι¹áËÅÐǴÍ ¤ÇÒÁàʛ¹ÁȹÉΒ¢Í§ˢÒ",
        "Rainy_Day_Krobus": "̍ÒÒ щġ¹ؚ¹Ɋ´æàÅÂ à¾ÃÒÐ½¹щàÍ§... ˢÒړǖ§¤ÇÒÁÊºÒÂ ÁÒ¡æàÅÂ˕Ð",
        "Rainy_Night_0": "ã¹Ǵ¹áººà׉Â ¤¹àË˕ÒԹ¹ġ¡˨Í§ÁÍ§ ÍÍ¡ä»чË˹Ò˅Ò§ ºÒ§¤Ճ§ʁàʫ¹ ˓Ò§à§ÒńÒ ˢÒʁŤ´¹Ð ġ¹ÍÒ¨¨Ðàʛ¹ˢÒʁä˴$7",
        "Rainy_Night_1": "˶ÒƱà§ÒńÒĕÇҽ¹ ړàҳÍ§чˢÒ ÍÒĨÂÍԒчщ ¾Ç¡à¢Ò¤§àµƳÂÁ Ĉ´¡ÒÃˢÒáˉæ$s#$e#à˨ÒړäËÁ ¾Ç¡à¢ÒºÒ§¤¹ ģ§àƑÂ¨ÁȹÉΒÁÒ¡àÅÂ˕Ð",
        "Rainy_Night_2": "ĕÇ¢Í§à˨ÒàƫÂ¡ áÅÐàʢ¹ÁÒ¡! ġ¹äˑĭ¹µÃÒÂ ŚÒËģºÊÒÂĞ¹ۨ ¢Í§à˨ÒàËÃÍ?$s",
        "Rainy_Night_3": "ˢÒš¹ˢÒÇá̅Ç˕Ð á˅ġ¹äˑƱÍÐäÃ чà˨Òš¹ä˴àÅÂ... ¢Íâ·É¹Ð",
        "Rainy_Night_4": "Ëĥ§¨Ò¡чˢÒ֗§Ëԑ˺Ò¹ÁÒ ˢÒʁÁÍ§ËÒ˺Ò¹ãËˑ... µÍ¹׉ˢÒ¾ºá̅Ç áÅÐщǴÍ ȷ¡Ъ§ȷ¡Í˒Ò§¢Í§ˢÒ",
        "Rainy_Night_5": "ġ¹ºÍ¡˗Ò ¤¹¢Í§ˢÒà¤ÂÁÒчщ àұÍ¹Ò¹ÁÒá̅Ç àұÍàš´ĠÂžĚŵ¤Ճ§ãËʽ ŇÒã̋Ƈ­­Ò³ ¨Ò¡¤ÇÒÁ˗Ò§à»˕Ò ˢÒÁàˢÒԚâÅ¡ ˌÒ¹ÃÐ¹Òº·Ò§¡ÒÂÀÒ¾",
        "Rainy_Night_Krobus": "àƺÂ§½¹¾œÒ ŇÒã̋ˢÒŤ´ǖ§ħ¹Ǵ¹ ã¹ˇÍÃÐºÒÂթÒ... ġ¹ÊºÒÂÁÒ¡àÅÂ#$e#ˇÍÃÐºÒÂթÒǴÍ чËÅºĠÂ¢Í§ˢÒ... ˢÒړǪ¡»ÅÍ´ĠÂ àұÍÍԒчι¹ á˅äˑ˵Í§ā§ÇÅä»... ˢÒړǪ¡áººԹ¹ ч˺Ò¹á˛§׉ àËȑÍ¹ā¹",
        "Indoor_Day_0": "˶ÒˢÒʺÇÂà˨Òä˴ ˢÒʁÍÂÒ¡ʺÇÂ¹Ð... á˅¨Ð¾ÂÒÂÒÁ ŇÒã̋˺Ò¹àʛ¹ÃÐàƪÂº ÁÒ¡чɊ´ʁá̅Çā¹",
        "Indoor_Day_1": "ˢÒ¾ÂÒÂÒÁ ŇÒÍÒËÒÃáººÁȹÉΒá̅Ç... [203 204 651 225]#$e#š¹ä˴áˉ¹Í¹ ËÒÂ˛Ç§...",
        "Indoor_Day_2": "ˢÒƱ¤ÇÒÁɊ¢ÁÒ¡ ã¹˺Ò¹Ëĥ§׉ ˢÒÍÂÒ¡ã˪ƚƇµ ˅Íä»ã¹чƤæ áºº׉... ˢÒäˑ˵Í§¡ÒÃ \"ÍÍ¡ä»\" áººчÁȹÉΒŇÒā¹#$e#á˅ˢÒàˢÒã¨˗Ò à˨Ò˵Í§¡ÒÃÍÐäÃ! Í˒Òä˴ړǪ¡˗Ò ˵Í§ȍ¹ÍԒāºˢÒ ƽ¡àÅÂ$3",
        "Indoor_Day_3": "ˢÒä˴á˅ã˪ƚƇµԷ§ħ¹ ã¹¡ÒÃȒ¹¢Ģºä»ÁÒ ã¹ɁÁËѹ§...#$e#ÍÐäÃ¹Ð? à˨Òäˑà¤ÂŇÒÍÐäÃ áºº׉àÅÂàËÃÍ?$3",
        "Indoor_Day_4": "ȷ¡ħ¹Ɉ¡Γ ˢÒġ¡¨ÐÍԒàƗÂºæ àҮÍŇÒ¤ÇÒÁà¤ÒÃ¾âÂºÐ ˢÒËħ§˗Òà˨Ò¨Ðäˑ˗ÒÍÐäÃ",
        "Indoor_Day_Krobus": "ˢÒÍÂÒ¡¨ÐʺÇÂà˨Ò ŇÒ¿ÒΓÁ¹Ð á˅ˢÒÍÍ¡ä»â´¹á´´äˑä˴...",
        "Indoor_Night_0": "ħ¹׉ˢÒàʁº¡ÇÒ´áÁÅ§ ã¹˺Ò¹Է§ËÁ´... â·ÉƧ чˢÒäˑä˴ʺÇÂà˨ÒàÅÂ! *ĜÇÐ*$7",
        "Indoor_Night_1": "ĕÇà˨Òáʂ§Ĉ§... ºÒ§ƧˢÒʁÍÂÒ¡¨ÐƱ ¡ÃÐɤ¡˺Ò§...$s",
        "Indoor_Night_2": "ºÒ§ƧˢÒʁÊ§ĪÂ˗Ò ÁȹÉΒáÅÐÁȹÉΒà§Ò ¨ÐÍԒ˴ÇÂā¹ä˴Ģ§ä§... ġ¹ɤˉÒģ¡Ƥ á˅ġ¹¨Ðàʛ¹ ä»ä˴àËÃÍ?$s#$e#ˢÒËħ§˗Ò¨Ðàʛ¹ä»ä˴¹Ð...",
        "Indoor_Night_3": "ºÒ§¤Ճ§ˢÒʁËɂ´Ğ¡ áÅÐŤ´ǖ§Ъ§чˢÒ ä˴àƳÂ¹ړàбÂÇāº ÁȹÉΒ¨Ò¡à˨Ò...#$b#ˢÒËħ§˗Ò ÁȹÉΒà§Òӣ¹˅Íæ ä»¨Ðä˴ģºړ ¤ÇÒÁړǪ¡׉˺Ò§",
        "Indoor_Night_4": "ˢÒÍÂÒ¡àʛ¹ àҮÍ¹˓ÇÁ˺Ò¹чƤ ŚÒËģºà˨Ò á˅ˢÒäˑړàÅÂ˗ÒˢÒ ŇÒġ¹ä˴ƤËȓÍˋÒÇ... *ǞÁŎÒ*$s#$eġ¹ŕÒºÒ¡ÁÒ¡àÅÂ āº¡ÒÃŇÒ¤ÇÒÁàˢÒã¨ ¡ÒÃáÊ´§ÍÍ¡¢Í§ÁȹÉΒ. µÐ... á˅... à˨ÒÍԒāºˢÒá̅Ç Ʊ¤ÇÒÁɊ¢ãʺՁÂ?#$e#âÍà¤!$7",
        "Indoor_Night_Krobus": "ä§ @ Ƃ¹Ƥ˵Í¹ģº¡ĥº˺Ò¹ àËȑÍ¹˗Òà˨Ò ¨ÐŇÒ§Ò¹Ëę¡ÁÒԷ§ħ¹¹Ð!$h",
        "Outdoor_0": "ˢÒ¨ÐÍԒµÃ§׉Ī¡Ğ¡ á˅àÃÒ˵Í§ÃÐġ´ÃÐħ§... ËÒ¡Ʊã¤ÃàˢÒÁÒã¡̅ ˢÒ¨ÐʻÍ¹!",
        "Outdoor_1": "ġ¹ǴÍàҳÍ§ÂÒ¡Í˒Ò§ÁÒ¡ ч¨ÐˡÒÇä»ˢÒ§¹Í¡!",
        "Outdoor_2": "ʺÒ§àʛ¹ħ¹чÊÇÂ§ÒÁ!$h",
        "Outdoor_3": "ˢÒġ¡¨Ð¡ÃÐÇ¹¡ÃÐÇÒÂ àұÍà¨Íч¡̇Ò§æ...$s",
        "Outdoor_4": "ä»ŇÒȸÃÐ ħ¹׉¢Í§à˨Òà¶ÍÐ ˢÒ¨ÐÍԒµÃ§׉ áÅÐ¤ÍÂ»¡˻Í§˺Ò¹ã̋àÍ§",
        "Outdoor_Krobus": "ˢÒ¨ÐÍԒµÃ§׉ áÅÐ¤ÍÂɤ¾Ç¡áÁÅ§ã̋#$e#ˢÒĢ§äˑė¹ ä˴š¹ˢÒÇà˪ÒàÅÂ!",
        "OneKid_3": "ˢÒäˑáˉã¨˗ÒĢ§ä§ á˅âÂºÐã̋¾Ã ˺Ò¹Ëĥ§׉˴ÇÂ 'àʔ¡'...",
        "TwoKids_0": "äˑ˵Í§ā§ÇÅ... ˢÒŇÒ äʲàƘÂÇÇÍÂ͔ (void egg omelet) ã̋ %kid1 áÅÐ %kid2 á̅Ç˕Ð",
        "TwoKids_2": "ˢÒā§ÇÅàбÂÇāº Í¹Ò¤µ¢Í§àʔ¡æ... á˅ˢÒàҚÍ˗ÒâÂºÐ˵Í§Ʊ á¼¹ŚÒËģº¾Ç¡à¢Ò",
        "TwoKids_3": "˺Ò¹Ëĥ§׉Íºӭ¹ à¾ÃÒÐàʔ¡æ ÊÍ§¤¹׉ µÍ¹׉... ËÁÒÂ¤ÇÒÁ˗ÒâÂºÐ ÂÍÁģº¡ÒÃÍԒÍÒĨÂ ˓ÇÁā¹¢Í§àÃÒ á̅ÇãʺäËÁ?",
        "Good_1": "ˢÒړǪ¡˗ÒƱÍÐäÃ ºÒ§Í˒Ò§ã¹ĕÇˢÒ... щġ¹... 'īÇã¨à˵¹Ǖ¡ĕ¡à¾ÃÒÐģ¡'$l#$b#... à݋ÂÇ¹Ð... àËȑÍ¹áˡÁˢÒ àʛ¹ƺá´§àÅÂ$s",
        "Good_2": "ˢÒä˴àƳÂ¹ړ ч¨ÐˡÒÇˢÒÁ ¤ÇÒÁŕÒàƽÂ§чˢÒƱ ˅ÍÁȹÉΒá̅Ç á˅˗Ò...à˨Ò¤¹á¤ÃÐ ʁĢ§ģ§àƑÂ¨ˢÒÍԒƤ$a",
        "Good_3": "àұÍǴ¹׉ à˨ÒàУÁá·ÐˢÒ á̅ÇʁǇÁķÒàбÂÇāº 'ÍÐäÃńÒæ' àщÂáËÅÐ... ġ¹ǴÍÍÐäÃā¹?$3",
        "Good_0": "¾Ç¡àÃÒıÒĥ§ˡÒÇË˹Ò áÅÐˢÒʁړǪ¡ àʕÁàыÂÁä»˴ÇÂ ¤ÇÒÁËħ§Ɋ´æ àÅÂ$h",
        "Good_5": "ˢÒáʴړǪ¡ ËÅ§ãËÅ˺Ò¹чˉÒģ¡ á˛§׉... ʺÒ§ÊÇÂ§ÒÁ¨ƃ§æ$l",
        "Neutral_0": "ˢÒ¨ÐäˑáʱÅ§ á˅à˨Ò¨ÐáʱÅ§¹Ð ºÒ§чġ¹ŇÒã̋ˢÒàÈ̃Ò... ι¹¤§äˑàʛ¹äÃ$s",
        "Neutral_1": "à˨ÒŤ´˗Òԋ¢Í§à˨Ò ¨ÐÍȹ­Òµã̋ ĕÇ»ÃÐËÅÒ´ÍÒĨÂ ã¹˺Ò¹¢Í§ˇÒ¹äËÁ?",
        "Neutral_2": "à˨Ò˗ÒàÃÒ¨Ð«ÇÂäËÁ чÁÒÍԒ˴ÇÂā¹?$s",
        "Neutral_3": "ã¹׉ġ¹Ê˗Ò§Ĉ§àÅÂ... ˢÒˉÒ¨Ð˵Í§ËĥºµÒ »ÃÐÁÒ³ 2-3 ΪÇâÁ§áËÅÐ$s",
        "Neutral_4": "ˢÒÍÍ¡ä»ˢÒ§¹Í¡äˑä˴ ˢÒš¹ä˴áʴÍÒËÒÃ ºÒ§ªŹ´àˇÒԹ¹ ˢÒ˵Í§¡ÒÃɍ³ËɰƁ чàËÁÒÐÊÁàʺ¹ā¹... ˢÒËħ§˗Òι¹¤§ äˑŇÒã̋à˨ÒœÒ¤Ò­ ˶Ò¨ÐÍԒ˴ÇÂā¹ @$s",
        "Neutral_5": "àÇÅƇ¤ºÍ¡˗Ò ħ¹׉ˢÒɦ¡áʺ§áËÅÐ$s",
        "Neutral_6": "ˢÒ¨ÐºÍ¡ÍÐäÃã̋¹Ð... ¨ƃ§æá̅ÇˢÒ äˑä˴ËĥºàÅÂ ˢÒáʴ¹Í¹ËĥºµÒà©Âæ...",
        "Neutral_7": "à˨Òá»Å¡¹Ð чÍÂÒ¡ÍԒāº ĕÇ»ÃÐËÅÒ´Í˒Ò§ˢÒ",
        "Neutral_8": "ħ¹׉Է§ħ¹ ˢÒŇÒ¤ÇÒÁÊÐÍÒ´˺Ò¹! щġ¹Êȹ¡¨ƃ§æ$7",
        "Neutral_9": "ˢÒÊ§ĪÂĈ§˗ÒàÃÒ ¨ÐÍԒчщä»¨¹áʱ ËȓÍà»˕Ò? ¡ÒÃ̂ÒÂчÍԒ ˉÒ¨Ðĭ¹µÃÒÂàš¹ä» ŚÒËģºˢÒ¹Ð",
        "Bad_1": "*¶Í¹ËÒÂã¨*... ºÒ§ƧˢÒ¤ÇÃä»ÍԒāº ¾Ç¡àƤÂÇāºˢÒ$s",
        "Bad_0": "...à˨ÒĢ§ªÍºˢÒÍԒäËÁ?$s",
        "Bad_2": "à˨ÒĢ§Ʊ¤ÇÒÁɊ¢äËÁ? ...чÍԒāºˢÒ$s",
        "Bad_4": "ˢÒ˗Òà˨Ò ¤§¨ÐƱ¤ÇÒÁɊ¢ ÁÒ¡¡˗Ò׉¹Ð ˶Òä˴ÍԒāº¤¹ҽ¹...$s",
        "Bad_5": "ˢÒģºړä˴ ǖ§¾Äŵ¡ÃÃÁ¢Í§à˨Ò чà»ѕÂ¹á»Å§ä»... ġ¹ËÁÒÂ¤ÇÒÁ˗Ò ÍÐäÃàËÃÍ? *ǞÁĞÁ*$s",
        "Bad_6": "à˨ÒƱàƮÂ§áʴƚƇµՊ¹æ ƚƇµàƤÂÇч¨ÐÍԒ¹Ð... à˨ÒÍÂÒ¡¨Ðã˪àÇÅÒԹ¹ àҮÍÍԒāºĕÇ»ÃÐËÅÒ´ ˉÒà¡ƵÂ´ˉÒ¡ĥÇ áººˢÒ¨ƃ§ËȓÍ?$",
        "Bad_7": "ºÒ§Ƨ... ¤ÇÒÁĪÁĞ¹Έáºº׉ àËȑÍ¹ɦ¡ıÒË¹´ÁÒ ã̋̅ÁàËÅÇàÅÂà¹ÒÐ...$s",
        "Bad_8": "Ğ¡Ëĥ§æÁÒщ à˨ÒɤäˑʴÍÂƱ ¤ÇÒÁɊ¢àÅÂ¹Ð...$s",
        "Bad_9": "ˢÒŤ´ǖ§ ˇÍÃÐºÒÂթÒÁÒ¡àÅÂ$s",
        "spring_5": "...",
        "spring_12": "...",
        "spring_19": "...",
        "spring_26": "...",
        "winter_5": "...",
        "winter_12": "...",
        "winter_19": "...",
        "winter_26": "...",
        "summer_5": "...",
        "summer_12": "...",
        "summer_19": "...",
        "summer_26": "...",
        "fall_5": "...",
        "fall_12": "...",
        "fall_19": "...",
        "fall_26": "...",
        "spring_1": "á¼¹ã¹ʺÇ§ƫãËˑ ¢Í§à˨ÒǴÍÍÐäÃ? @",
        "spring_23": "à˨Ò¤ÇÃ ä»§Ò¹à˵¹œÒ¾ӣ§׉¹Ð! äˑ˵Í§˛Ç§ˢÒËÃÍ¡",
        "summer_1": "ˢÒâ´¹á´´à¼ÒʷÒÂÁÒ¡ ʺÇ§׉¢Í§ȷ¡ƫàÅÂ ¤§˵Í§ÃÐħ§ËˉÍÂ",
        "summer_8": "țÁÁ... ¡Х¹ÍÐäÃËÍÁĈ§? à˨Ò˵Í§àËҗÍÍÍ¡ ÁÒԷ§Ǵ¹áˉæ...$h",
        "summer_15": "Ë˹Ò̃Í¹á̅Ç... ËÁÒÂ¤ÇÒÁ˗Ò˺Ò¹ ¨ÐàʕÁä»˴ÇÂáÁÅ§#$e#äˑ˵Í§àʛ¹˛Ç§ ˢÒĈ´¡ÒÃàÍ§ ġ¹àʛ¹áË˕§â»Ãƥ¹ Ԫ¹ƤàÅÂ!$h",
        "fall_8": "ˢÒäˑÍÂÒ¡ ŇÒÍÐäÃàÅÂħ¹׉",
        "fall_15": "à˨ÒŤ´ÍÍ¡äËÁ˗Ò à˨Ò¨Ðã˪ÍÐäÃ ã¹¿ÒΓÁ¢Í§à˨Ò ä»Ĉ´áÊ´§ã¹ħ¹ ¾ӣ§׉?",
        "fall_24": "˶ÒˢÒä»à·È¡ÒÅɰµ (Spirit's Eve) ¾Ç¡à¢Ò¤§¨ÐĈºˢÒ ã˚¡Ã§áˉæ...$s",
        "winter_28": "¢ÍºȤ³¹Ð чã̋ˢÒÁÒÍԒ˴ÇÂ @ ˢÒËħ§˗Ò ¨Ðàʛ¹ƫчƤ¹Ð!$h",
        "spouseRoom_Krobus": "#$c .5#˓Ò§¡ÒÂàÃÒ˅Ò§ā¹ÁÒ¡ ι¹˷Ò·ÒÂÁÒ¡àÅÂãʺäËÁ чàÃÒ¨Ðã˪ƚƇµÍԒ˴ÇÂā¹?#$e#ˢÒËħ§˗Ò¤ÇÒÁؚ¹чщ ¨ÐäˑŇÒã̋à˨ÒàҪÍ àÃÒ˵Í§»ÃÐƩ»ÃÐ¹ÍÁ àҮÍчàÃÒԷ§Ӵ ¨Ðä˴ÍԒ˴ÇÂā¹¹Ð!",
        "spring_Krobus": "µÍ¹׉àʛ¹ 'Äɤãºä́¼ƅ' á̅ÇàËÃÍ ˢÒ˗ÒˢÒä˴¡Х¹ȩ¹ ¢Í§ÇÒ«ÒźˋÒ (Wild Horseradish) ˉÐ",
        "summer_Krobus": "à˨ÒàƳÂ¡ʺÇ§׉¢Í§ƫ˗Ò 'Äɤ̃Í¹' ãʺÁÐ äÍӭ¹áÅÐ¤ÇÒÁؚ¹¢Í§Äɤ̃Í¹ ġ¹ƤÁÒ¡àÅÂ˕Ð á˅ˢÒäˑªÍºã̋á´´ ġ¹áÃ§ÁÒ¡àš¹ä»",
        "fall_Krobus": "ˢÒàУÁ¨ÐړǪ¡˗Ò ÍÒ¡ÒÈġ¹àʢ¹ע¹ Ź´ËˉÍÂ áÅÐä˴¡Х¹àËʡ¹ĭº˴ÇÂ à˨ÒàƳÂ¡ʺÇ§׉¢Í§ƫ˗Ò 'Äɤãºä́˓Ç§' ãʺՁÂ?",
        "winter_Krobus": "¤ÇÒÁȑ´ ³ ʺÇ§׉¢Í§ƫ ġ¹ÅÐɁ¹ÁÒ¡àÅÂ ˶Òӭ¹¡˗Ò׉ ƽ¡Ī¡ËˉÍÂ˕Ðʁ!"
    }
}
