{
    "header": {
        "target": "w",
        "formatVersion": 5,
        "hidef": true,
        "compressed": 128
    },
    "readers": [
        {
            "type": "Microsoft.Xna.Framework.Content.DictionaryReader`2[[System.String, mscorlib, Version=4.0.0.0, Culture=neutral, PublicKeyToken=b77a5c561934e089],[System.String, mscorlib, Version=4.0.0.0, Culture=neutral, PublicKeyToken=b77a5c561934e089]]",
            "version": 0
        },
        {
            "type": "Microsoft.Xna.Framework.Content.StringReader",
            "version": 0
        }
    ],
    "content": {
        "Rainy_Day_0": "ĉ¹Ť´˗ÒáÁÅ§ч ź¹¡ÅÒ§ÊÒÂ½¹ ġ¹ŇÒä§¹Ð ǖ§ź¹˅Íä˴ á́â´¹½¹¡ÃÐ·ºË˹Ò?",
        "Rainy_Day_1": "ħ¹׉ÍÒ¡ÒÈƤ ¤§àʛ¹¾Ã¨Ò¡ ÁÒÃ´Òá˛§¸ÃÃÁªÒŵáˉàÅÂ",
        "Rainy_Day_2": "ÍɃ³ÊħÊڴ̘Ð... ĉ¹ËÒ¢Í§¢ħ­׉ ÁÒàҮÍчģ¡àÅÂ¹Ð [428 440 444 338 207]",
        "Rainy_Day_3": "ĉ¹ÍÂÒ¡»˕ÍÂ ¹¡áˡÇàʛ¹ƍÊÃÐ á˅ƫ¡ġ¹äˑƤע¹àÅÂ ɤàËȑÍ¹à˨Ò¹¡¨ÐªÍº#$e#чĉ¹ɤáÅ",
        "Rainy_Day_4": "Ģ§äˑä˴ºÍ¡чģ¡àÅÂ... µÍ¹чȤ³àО§¨ÐÁÒÍԒчщ ĉ¹à¤Âĝ¹ǖ§Ȥ³ ĉ¹ړ˗ÒĪ¡ħ¹àÃÒ¤§ ä˴ã˪ƚƇµ˓ÇÁā¹$4",
        "Rainy_Night_0": "ȷ¡ʺÇ§àÇÅÒƱ¤ÇÒÁ§ÒÁ чàʛ¹àÍ¡ĥ¡É΃áÅÐյÒʴÒ... Ȥ³Ī§à¡µäËÁ? ºÒ§¤Ճ§àÃÒġ¡ ȕÁÍÐäÃʷÒÂæ",
        "patio_Emily": "щàʛ¹чâ»Ã´ĉ¹ ã¹¡ÒÃι§ÊÁÒŸÂÒÁà˪Ò#$e#ĉ¹Ǚ¡ÀÒ¾¾ĥ§ ¨Ò¡ÊÇ¹¤ƃÊĕÅäËÅ àˢÒԚĕÇĉ¹ע¹ÁÒã¹īÇ",
        "Rainy_Night_1": "ĉ¹ä˴Ƃ¹ȎªȤÂā¹... ¾Ç¡à¢ÒƱ¤ÇÒÁɊ¢ ã¹ħ¹½¹µ¡!",
        "Rainy_Night_2": "ħ¹׉ @ àʛ¹àʺ¹äÃ˺Ò§? Ȥ³ɤàËҩÍÂ¹Ð",
        "Rainy_Night_3": "ħ¹׉ĉ¹Ê§ºÁÒ¡ чģ¡˕Ðàʛ¹Ģ§ä§˺Ò§?",
        "Rainy_Night_4": "чģ¡ щàʛ¹ɺµÃžàÈÉĉ¹àÅÂ àʛ¹¡ɵàµ¹ÃÊËÇÒ¹Êā´¨Ò¡ թÒàҚÍÁ¡ÃÐºÍ§à¾ªÃ (cactus syrup) [232 234 223 220]$h",
        "Rainy_Night_5": "àƺÂ§ÊÒÂ½¹äˑà¤ÂŇÒã̋Ȥ³ µ¡ÍԒã¹Àħ§ʹàÅÂàËÃÍ?",
        "Indoor_Day_0": "ƽ¡ħ¹ч§´§ÒÁÀÒÂã¹¿ÒΓÁ %farm... ĉ¹àҚÍ˗Òħ¹׉ ˵Í§ƱЪ§Ƥæ àš´ע¹!$h",
        "Indoor_Day_1": "щчģ¡ ģºä̇Ɗ [428 440 444 338 207 395 749]",
        "Indoor_Day_2": "à̎ ã¤ÃºÒ§¤¹˵Í§Ʊ Ǵ¹чËĥºÊºÒÂáˉàÅÂ... Ȥ³ɤÊ´ãÊƤ¹Ðà˪Ò׉$h",
        "Indoor_Day_3": "ħ¹׉´Ç§ĉ¹äˑʴÍÂƤàÅÂ... á˅ĉ¹¨ÐŇÒã̋ƤчɊ´!",
        "Indoor_Day_4": "ކº... *¡ՅÇ¤Í*... à˪Ò׉ĉ¹·Ò¹ ġ¿ſ¹ˢÒÇÁÒ¡àš¹ä»$s",
        "Indoor_Night_0": "àغÍȤ³¢Ò´ƽ¡á̅Ç? äˑƱě­ËÒ ĉ¹àʢºġ¹ä˴",
        "Indoor_Night_1": "Ƃ¹Ƥ˵Í¹ģº¡ĥº˺Ò¹ʴÐ @ Ëħ§˗Òħ¹׉¨Ðàʛ¹ħ¹чƤ",
        "Indoor_Night_2": "ǖ§àÇÅÒ¹Í¹á̅Ç¹Ð? àÇÅÒàŴ¹àʣÇ¨ƃ§æ$u",
        "Indoor_Night_3": "˝Ò ¡Х¹ι¹! ƱàƮÂ§Ȥ³àˇÒԹ¹$h#$e#ʺÒ§àʛ¹¡Х¹чƤàËȕÍàš¹",
        "Indoor_Night_4": "ĉ¹ŇÒ¤ÇÒÁÊÐÍÒ´˺Ò¹á̅Ç¹Ð ħ¹׉àËҩÍÂ¨ƃ§æ!",
        "Outdoor_0": "ĉ¹ªÍºҥ¹à˪Ò ɺ´ÍÒ¡ÒÈºƃɊ·ڸӊÁ»Í´",
        "Outdoor_1": "ħ¹׉чģ¡ ƱÍÐäÃŇÒËȓÍà»˕Ò?",
        "Outdoor_2": "âÍÐ! âÍ!$h#$e#ĉ¹àʫ¹¡ÃÐÃÍ¡ƽ¡ĕÇá̅Ç",
        "Outdoor_3": "áÊ§á´´˹ÍÂŹ´ àʛ¹Ъ§чƤŚÒËģºȤ³ á˅ɤäˑ¡ÃÐȅÍȓÍ̃¹àÅÂ?",
        "Outdoor_4": "ÍɃ³ÊħÊڴ̘Ð! Ȥ³ҥ¹µÍ¹äË¹àËÃÍ!$h#$e#@... äˑàʛ¹äÃãʺäËÁ",
        "OneKid_0": "ĉ¹Ëħ§˗ÒàÃÒ¨ÐàוÂ§ɤ %kid1 ã̋ƱթÒã¨ ι¹àʛ¹Ъ§ŚÒĄ­ ¡˗Ò¡ÒÃÊÍºàˢÒâÃ§àƳÂ¹Ƥæ",
        "OneKid_1": "àÃÒ¤ÇÃƱàОÁƽ¡ Ī¡¤¹ƤäËÁ?#$e#ËȓÍã̋á̅Çá˅ âª¤ªÐµÒʁä˴¹Ð",
        "OneKid_3": "ĉ¹Ȩ´àƧÂ¹áÅÐä¡Çà»Å ·ÒÃ¡á¡˗§ä»ÁÒ %kid1 ι¹ʺÇÂě´àˋÒ Ƈ­­Ò³ΪÇ̃ÒÂ",
        "TwoKids_1": "˺Ò¹Ëĥ§ãËʽ ɵ¡ÊÍ§áÅÐ¹¡áˡÇËѹ§... ĉ¹ړǪ¡ǖ§ ¤ÇÒÁÊÁɪÃ΃áºº!",
        "TwoKids_2": "ͭÍ %kid2 Ʊà̊¹¼ÁàËȑÍ¹чģ¡ áˉ¹Í¹...$u",
        "TwoKids_3": "â̍ ĉ¹˻Í¹à˨ÒĕÇàʥ¡ ˴ÇÂ¤ƇęÇĜ´āº¹Áá¾Ðá̅Ç ˚Ç¹Ȥ³ä»ɤáÅ¿ÒΓÁ¹Ð!",
        "Good_1": "щàʛ¹¤ÇÒÁÊȹ¡ чàÃÒä˴ÍԒ˴ÇÂā¹! ĉ¹à¤ÂŤ´˗Òĉ¹ ˵Í§ÍԒ¤¹àƤÂÇԷ§ƚƇµ",
        "Good_2": "ġ¹àʛ¹âª¤ªÐµÒ¢Í§àÃÒ чä˴ÍԒ˴ÇÂā¹!",
        "Good_3": "¢ÍºȤ³чã̋ƚƇµãËˑ āºĉ¹¹Ð$4",
        "Good_4": "¾ĥ§§Ò¹чϊ¹˾Í§ ¢Í§àÃÒġ¹»ÃÐÊÒ¹ ā¹ä˴Í˒Ò§ ÊÁɪÃ΃áººàÅÂ чģ¡äˑړǪ¡àËÃÍ?",
        "Good_5": "ĉ¹áʴËÅ§äËÅã¹ à¤ҳÍ§ÃÒ§чȤ³ àÍÒÁÒ¢Íĉ¹á˅§§Ò¹щ... à»ȕÍ¡ËÍÂщ§´§ÒÁÁÒ¡! ĉ¹ړǪ¡ǖ§¾ĥ§§Ò¹ ƺ˿ÒºƃɊ·ڸ áˌÍÍ¡ÁÒ$l",
        "Good_6": "àұÍǴ¹ĉ¹ĝ¹˗Ò àÃÒȋ¹à¢Ò¤ƃÊĕÅ ÁÍ§ӗ§Ë˭Òч§´§ÒÁ, ƽ¡ĝ¹#$e#ĉ¹äˑړ˗ÒǴÍÍÐäÃ á˅ρ¹ã¨˗Òàʛ¹ÅÒ§Ƥ",
        "Neutral_0": "àұÍĉ¹áʱĕÇÅ§ ĉ¹Ëħ§˗ÒȤ³ ¨Ðäˑà»ѕÂ¹ã¨¹Ð",
        "Neutral_8": "ħ¹׉ĉ¹ړǪ¡ ã¨¤ÍäˑƤàÅÂ$s",
        "funLeave_Emily": "ħ¹׉ĉ¹˗Ò¨ÐàˢÒàȑÍ§ áÅÐ¨ÐáÇºä»ʺÇÂ§Ò¹ ч«Òɵ¹",
        "funReturn_Emily": "ħ¹׉ĉ¹ړǪ¡˗ÒƤ¹Ð ĉ¹ˉÒ¨ÐÍÍ¡¨Ò¡˺Ò¹ àƺÂËˉÍÂ",
        "spring_2": "ȎªàҮÍ¹¢Í§ĉ¹ ¡ĥºÁÒƱƚƇµƚÇÒƽ¡¤Ճ§ ĉ¹ړǪ¡»صÁÁÒ¡",
        "spring_1": "ÊħÊƤƫãËˑ щթÒѼ§ чģ¡ÅÍ§ҤÁɤ¹Ð$4",
        "spring_22": "ȝÁ... ĉ¹ıÒĥ§Ť´˗ÒرÍàʢ¹׉ ¨ÐŇÒÊĥ´Ĝ¡Ê´ƤäËÁ¹Ð?",
        "summer_20": "¾ĥ§§Ò¹ã¹˓Ò§¡ÒÂ Ʊ¤ÇÒÁĜ¹¼Ç¹ àʺ¹àƤÂÇāºÄɤ¡ÒÅ ¡ÒÃàˢÒã¨ã¹Ĉ§ËÇÐ à©¾ÒÐĕÇ¢Í§Ȥ³àʛ¹ ˡÒÇáÃ¡Ԛ¡ÒÃàʛ¹ ĭ¹Ëѹ§ĭ¹àƤÂÇā¹ ¢Í§¾ĥ§ÀÒÂã¹ĕÇ",
        "summer_2": "¢Íã̋âÂºÐ»ÃÐ·Ò¹¾Ã ã̋Ȥ³ã¹ħ¹чƤ׉¹Ð$7",
        "fall_1": "ƫчˌÒ¹ÁÒʁàƮÂ§¤҃§·Ò§ ÊÒÁÒÃ¶àҚÍã¨ чģ¡ä˴äËÁ?",
        "fall_25": "˓Ò§¡ÒÂàÃÒ ÊÍ´¤̅Í§āº¸ÃÃÁªÒŵ Äɤãºä́˓Ç§àʛ¹Ī­­Ò³ ã̋àÃÒàµƳÂÁĕÇ ģºË˹ÒË¹ÒÇ#$e#",
        "winter_15": "ã¹ħ¹׉ ĉ¹ÍÂÒ¡š¹ÍºàªÂ, ɵ¡Ĉ¹·Ήà·È, ¡Ò¹¾ɵáÅÐ¡ÃÐÇÒ¹",
        "winter_5": "*¶Í¹ËÒÂã¨*... ŇÒäÁâÅ¡׉˵Í§ƱÊ§¤ÃÒÁ áÅÐ¤ÇÒÁà¡ƵÂ´Ċ§ ˴ÇÂ¹Ð?$s",
        "winter_2": "ĉ¹äˑÊÒÁÒÃ¶ʺÇÂä˴ á˅Ť´˗Òȷ¡¤¹ ¤§Ă´Ê¹ā¹ËÁ´ ã¹ÂÒÁË˹ÒË¹ÒÇàʺ¹׉$s",
        "spring_Maru": "@ ĉ¹ړǪ¡ҥ¹à˵¹ ã¹¡ÒÃŇÒ¿ÒΓÁËĥ§ƫãËˑ!$h",
        "fall_Emily": "ĉ¹ҤÁȫ»àʛ¹رÍà˪Ò áÅÐĉ¹ړǪ¡ÍÐ-àÁЋ§!$h",
        "summer_Emily": "̇Ò! ġ¹̃Í¹ á˅ʁړǪ¡ƤãʺäËÁ?#$e#ºÒ§Ƨħ¹׉àÃÒÍÒ¨àʫ¹ ¹¡áˡÇˋÒĪ¡ĕÇ",
        "winter_Emily": "̽Ð à̊¹¼Á¢Í§ĉ¹ áʂ§ĕÇƽ¡á̅Ç$s",
        "spouseRoom_Emily": "ħ¹׉ĉ¹¨Ðã˪àÇÅÒ ÍԒāº¹¡áˡÇԷ§ħ¹˕Ð ĉ¹ړǪ¡àÈ̃Òã¨Ĉ§ ˶Òġ¹¨ÐäˑÊÒÁÒÃ¶ ź¹ä˴ƽ¡á̅Ç$u"
    }
}
