{
    "header": {
        "target": "w",
        "formatVersion": 5,
        "hidef": true,
        "compressed": 128
    },
    "readers": [
        {
            "type": "Microsoft.Xna.Framework.Content.DictionaryReader`2[[System.String, mscorlib, Version=4.0.0.0, Culture=neutral, PublicKeyToken=b77a5c561934e089],[System.String, mscorlib, Version=4.0.0.0, Culture=neutral, PublicKeyToken=b77a5c561934e089]]",
            "version": 0
        },
        {
            "type": "Microsoft.Xna.Framework.Content.StringReader",
            "version": 0
        }
    ],
    "content": {
        "Rainy_Day_0": "ã¹чɊ´ ½¹ʁµ¡Ī¡Ƨ ĉ¹àҪÍÍÒ¡ÒÈ̃Í¹æ ¨Ðá˒",
        "Rainy_Day_1": "à̎ µÍ¹׉ĉ¹ıÒĥ§Ť´ǖ§ ̋Í§ã˵Ŵ¹àʱÒ ч˺Ò¹¢Í§ĉ¹˕Ð ǖ§ĉ¹¨ÐړǪ¡ ل¹à¤Âāºчι¹ á˅чщʁƱÍÐäÃ ËÅÒÂÍ˒Ò§ч ˉÒÊ¹ã¨ÁÒ¡æ áÅÐĉ¹ʁäˑä˴Ť´ǖ§ ¡Х¹ÍÒÂ ¢Í§˺Ò¹Ëĥ§Թ¹á̅Ç...#$e#ĉ¹ËÁÒÂǖ§ ĉ¹ړǪ¡ÍÒÂŹ´ËˉÍÂ чĉ¹ÍÒĨÂÍԒч˺Ò¹ ¢Í§áˑÁÒ¹Ò¹ÁÒ¡ˉÐ",
        "Rainy_Day_2": "à̎ àұÍǴ¹ ĉ¹¹Í¹äˑËĥºàÅÂ ĉ¹àÅÂä»àŴ¹à˕¹ ã¹զÒÁÒˉÐ áÅÐĉ¹ʁà¨Íщ... ÍÂÒ¡ä˴ǣà»˕Ò?[575 769 767 84 66 78]ºÒ§¤Ճ§ĉ¹ʁ¹Í¹ äˑʴÍÂËĥºàÅÂ á˅à¸Íäˑ˵Í§ àʛ¹˛Ç§ËÃÍ¡¹Ð Ģ§ä§ĉ¹ʁģ¡à¸Í$7",
        "Rainy_Day_3": "ɤàËȑÍ¹˗Òħ¹׉ àʛ¹ħ¹Ƥч¨Ð¢Ʌ¡ĕÇ ÍԒã¹˺Ò¹¹Ð ºÒ§ƧʁˉÒ ˝Ò¹Ëę§ȚÍĪ¡à˕Á ËȓÍŇÒÍÐäÃĪ¡Í˒Ò§ à¸ÍŤ´˗Òä§?",
        "Rainy_Day_4": "à̎ ½¹µ¡ƽ¡á̅Ç àђÂÁɊ´æ#$e#à¸ÍɤË¹ÒÇæ¹Ð... ÁÒщƊ ¢ĢºàˢÒÁÒã¡̅æ$l",
        "Rainy_Night_0": "ĉ¹ıÒĥ§ ¾ÂÒÂÒÁÍ˒Ò§àʕÁч àҮÍ¨ÐËɂ´ ɺºȺËѓ¶ÒÇÃ Ëĥ§¨Ò¡ч¾Ç¡àÃÒ á˅§§Ò¹ā¹á̅Ç ĉ¹äˑÍÂÒ¡µÒÂ ä»˅ÍË˹Ò˅ÍµÒ à¸ÍËÃÍ¡¹Ð ĉ¹ړ˗Ò ġ¹àʛ¹Ъ§чäˑƤ#$e#µÍ¹׉ĉ¹ ÍÂÒ¡ƱÍ¹Ò¤µ ˓ÇÁāºà¸Í˅Íä»$l",
        "patio_Sebastian": "˵Í§¡ÒÃÍÐäÃǣà»˕Ò? ĉ¹¨ÐÍԒµÃ§Թ¹ ӧ¹ÇÒÂāºÁÍàµÍΓä«ʹċ¡Ğ¡",
        "Rainy_Night_1": "ħ¹׉ĉ¹ŇÒ§Ò¹ º¹áʥ»ʗÍ»ˉÐ ¨ƃ§æá̅Çĉ¹ ıÒĥ§ÃÇºÃÇÁäÍàƤÂ ŚÒËģºà¡ÁΚ чĉ¹¨ÐỄÒ§#$e#¨Ò¡ÃÒÂä˴ ¨Ò¡¿ÒΓÁ¢Í§à¸Í ŇÒã̋ĉ¹ÊÒÁÒÃ¶ ŇÒã¹Ъ§чĉ¹ÍÂÒ¡ŇÒ ã¹ƚƇµä˴ ġ¹àђÂÁÁÒ¡æ ¢ÍºȤ³¹Ð$h",
        "Rainy_Night_2": "â·ÉƧ¹Ð ĉ¹äˑä˴àµƳÂÁ ÍÒËÒÃϔÒä̇àÅÂ ºÒ§Ƨ¾Ç¡àÃÒ ˉÒ¨Ðš¹ž«ʻÒáʺáʂ§ чÍԒã¹څàʢ¹ ËȓÍÍÐäÃʁä˴ʷÒÂæ#$e#˝Ò Êŵĉ¹ä»ÍԒчҽ¹ÅÐ ġ¹ÂÒ¡¨ƃ§æ¹Ð ч˵Í§ÁÒι§ĸÒ˗Ò Ʊ§Ò¹˺Ò¹ÍÐäÃ ч˵Í§ŇÒρ§...",
        "Rainy_Night_3": "àʛ¹Ģ§ä§˺Ò§? ħ¹׉à¸Íä˴˕Ò ÁÍ¹ÊàµÍΓ ˺Ò§äËÁ$h#$e#ړǪ¡ƤãʺäËÁ˕Ð чä˴ÍÍ¡ä»»Å´»˕ÍÂ ÍÒÃÁ΃˺Ò§ àʛ¹¤Ճ§¤ÃÒÇˉÐ?",
        "Rainy_Night_4": "áˑÁ´ ÍÒ¨¨ÐÁÒËÒàÃÒ Ǵ¹׉ʁä˴ËȓÍ? ǫ... ˶ÒƚƇµ ġ¹¨ÐˉÒÊ¹ã¨ áʴ׉˕Ðʁ...",
        "Indoor_Day_0": "Т§ĉ¹ÍÒɂÁÒ¡ע¹ ĉ¹ʁТ§ړǪ¡ Ǣ´ŵ´āº àȑÍ§ËÅÇ§˹ÍÂÅ§ ǖ§¨ÐƱЪ§ˉÒ ǔ§ɤ´ÁÒ¡ÁÒÂ á˅µÍ¹׉ ġ¹ʁàʛ¹àƮÂ§áʴ Ũ¹µ¹Ò¡ÒÃ à˾Íĝ¹#$e#ƚƇµã¹àȑÍ§¨ƃ§æ ġ¹ʺÒ§ӧ¹ÇÒÂ àʕÁä»˴ÇÂڌ¤¹ ι¹äˑãʺч ŚÒËģºĉ¹ËÃÍ¡ ĉ¹àʛ¹¾Ç¡ ģ¡Ī¹â´É",
        "Indoor_Day_1": "à̎... àÍÒ¡Òá¿ՁÂ?[395]$7#$e#ĉ¹˵Í§¡ÒÃġ¹ˉÐ ¾ÍƤĉ¹ҥ¹ ע¹ÁÒà˪ÒÁÒ¡ à¾ÃÒÐĝ¹̃ÒÂ á̅Çĉ¹ʁ¹Í¹ äˑËĥºƽ¡àÅÂ",
        "Indoor_Day_2": "àұÍǴ¹ĉ¹¹Í¹ äˑËĥºàÅÂ ĉ¹àÅÂÍÍ¡ä»в ÁÍàµÍΓä«΄ÁÒ#$e#ºÒ§¤Ճ§ ĉ¹ʁÍÂÒ¡ƱƍÊÃÐ˺Ò§ ǖ§á́˗Ò¾Ç¡àÃÒ ¨Ðá˅§§Ò¹ā¹á̅Ç ĕÇĉ¹ʁàʛ¹ ¤¹áºº׉áËÅÐ¹Ð á˅Ģ§ä§ĉ¹ʁ Ģ§ģ¡à¸ÍÍԒƤ$7",
        "Indoor_Day_3": "à̎ àұÍǴ¹ ¹Í¹ËĥºÊºÒÂՁÂ? ĉ¹ä˴Ƃ¹àƺÂ§à¸Í ¹Í¹ÅÐàÁÍ˴ÇÂ#$e#à¸ÍɤËÇÒ´¡ĥÇ ÍÐäÃºÒ§Í˒Ò§ á˅ĉ¹ÂÍÁģºµÃ§æ ¹Ð...˗Ò ˇÒ·Ò§áººԹ¹ġ¹ ˉÒģ¡ÁÒ¡àÅÂ$l",
        "Indoor_Day_4": "¡ÒÃä˴ã˪ƚƇµ ˓ÇÁāºà¸Í ŇÒã̋ĉ¹ ä˴àŻ´âÅ¡ע¹ÁÒ ƽ¡Ź´ ĉ¹Ť´˗Òι¹ġ¹ ʁƤ¹Ð$7",
        "Indoor_Night_0": "à̎ ħ¹׉ĉ¹àŴ¹ Ç¹àƷÂ¹ÍԒã¹˺Ò¹ Է§ħ¹ äˑƱÍÐäÃ ˉÒÊ¹ã¨àÅÂ...#$e#...#$e#...á˅ƇÇ¨Ò¡˺Ò¹àÃÒ ġ¹à͈§ÁÒ¡æ à¸ÍÊÒÁÒÃ¶ÁÍ§àʫ¹ ¾ÃÐÍÒŷµΒע¹ã¹ àȑÍ§à¾ƅá¡¹ ¨Ò¡Ë˹ÒÃÐàƪÂ§˺Ò¹ ä˴àÅÂ˕Ð",
        "Indoor_Night_1": "ĉ¹˗Òĉ¹ ҤÁ¡Òá¿ÁÒ¡ä»˕Ð ĉ¹äˑړǪ¡ àËҩÍÂàÅÂ#$e#µÍ¹׉ĉ¹ ıÒĥ§¾ÂÒÂÒÁ »ģºá˅§µÒÃÒ§àÇÅÒ ŇÒ¿ÒΓÁˉÐ ºÒ§¤Ճ§ ĉ¹à¤Â˵Í§ÍԒ¨¹ǖ§ ƥ 5 á̅Ç¹Í¹¨¹ǖ§ ˊÒÂ 2 àÅÂ¹Ð$h",
        "Indoor_Night_2": "ġ¹àђÂÁÁÒ¡æ ч¾Ç¡àÃÒƱ˺Ò¹ àʛ¹¢Í§ĕÇàÍ§ ĉ¹ÊÒÁÒÃ¶ŇÒÍÐäÃ ʁä˴чÍÂÒ¡ŇÒ áÅÐäˑ˵Í§Ʊã¤Ã ÁÒ¤ÍÂÃº¡Ç¹ĉ¹ µÅÍ´àÇÅÒ#$e#ĉ¹ρ¹ã¨˗ÒÁÒɃ ¨Ð˵Í§Ʊ¤ÇÒÁɊ¢ чĉ¹äˑÍԒ˺Ò¹ Ëĥ§Թ¹á̅Çáˉæ",
        "Indoor_Night_3": "ʱÍ¹Ë˹Ò׉ ĉ¹àʫ¹ˤÒ§¤ÒÇ ч¹Í¡Ë˹Ò˅Ò§ ι¹˴ÇÂ ġ¹ÍÒ¨¨Ðɤ ÂÒ¡Ź´Ǚ§ á˅˶Òà¸ÍԵ§ã¨ ÁÍ§Ƥæ à¸Í¨Ðàʫ¹˗Òġ¹ ź¹ä»ÁÒÍ˒Ò§ ÃÇ´àʣÇ ġ¹ÍԒˢÒ§¹Í¡ ι¹áËÅÐ",
        "Indoor_Night_4": "ĉ¹ġ¡¨ÐړǪ¡ äˑä˴ģº¡ÒÃ˵Í¹ģº àÇÅÒ¡ĥº˺Ò¹ ÁÒâ´ÂµÅÍ´... á˅ч˺Ò¹Ëĥ§׉ ĉ¹ړǪ¡ä˴˗ÒщǴÍ чŚÒËģºĉ¹¨ƃ§æ ¢ÍºȤ³ÁÒ¡¹Ð чŇÒã̋ĉ¹ړǪ¡ Íºӭ¹áºº׉ @$l",
        "Outdoor_0": "ĉ¹ړǪ¡˗Ò˵Í§ŇÒ ÍÐäÃĪ¡Í˒Ò§ħ¹׉... á˅ĉ¹äˑáˉã¨ ˗ÒǴÍÍÐäÃ à¸Íà¤ÂƱě­ËÒ áºº׉ËȓÍà»˕Ò @?",
        "Outdoor_1": "ȝÁÁÁ... ĉ¹˗ÒºÒ§¤Ճ§ ĉ¹ʁȍ¹ĕÇàÍ§ ÍԒˢÒ§¹Í¡ι¹ ÁÒ¡àš¹ä»#$e#ĉ¹ʁäˑړ àËȑÍ¹ā¹˗ÒŇÒäÁ á˅ĉ¹ªÍº ч¨ÐÍԒã¹˺Ò¹ ÁÒ¡¡˗Ò ºÒ§Ƨĉ¹¤§ ¨Ðà¤ÂŪ¹āº¡ÒÃÍԒ ã¹̋Í§ã˵Ŵ¹ȑ´æ ι¹ÁÒ¡àš¹ä»",
        "Outdoor_2": "ĉ¹¨Ðɤà¸Í ¨Ò¡µÃ§׉á̅Çā¹$h#$e#ĉ¹ړǪ¡à¾ƅ¹Ƥ¹Ð àÇÅÒчä˴ÁÍ§à¸Í",
        "Outdoor_3": "ĉ¹˵Í§äˑŇÒĕÇ ˝Í¹áÍá̅Ç µÍ¹׉ĉ¹ǴÍڌªÒÂ чá˅§§Ò¹á̅Ç ºÒ§Ƨĉ¹¤ÇÃ¨Ð àУÁš¹àʜ´ÁÒ¡ע¹ áÅÐÍÍ¡ıÒĥ§¡ÒÂ Ī¡ËˉÍÂ?#$e#ġ¹ʁáʴ¤ÇÒÁŤ´ˉÐ...$h",
        "Outdoor_4": "¾Ç¡àÃÒ ¤ÇÃ¨ÐàוÂ§à˨ÒÊäÅΑ àОÁע¹¹Ð àוÂ§ġ¹àÂÍÐæ àÅÂ ˉÒ¨ÐıÒäÃˉÒɤ á̅Çà˨Ò¾Ç¡׉ ġ¹ʁàוÂ§ʷÒÂ«Ð˴ÇÂ#$e#á̅Çʁ¹Ð ƺ¢Í§¾Ç¡ġ¹ á˅ÅÐĕÇʁã̋äÍà·Á ч˅Ò§ā¹˴ÇÂ ĉ¹˗Òġ¹ˉÒ ¨Ðàʛ¹§Ò¹ÍŴàÃ¡ ¢Í§¾Ç¡àÃÒчˉÒ Êȹ¡Ƥ¹Ð",
        "OneKid_0": "µÍ¹׉ĉ¹ıÒĥ§ ¾ÂÒÂÒÁŇÒĕÇ ã̋ل¹Ū¹āº¡ÒÃ àʛ¹ˎÍ¤¹ˉÐ äˑ˵Í§àʛ¹˛Ç§¹Ð ĉ¹¨ÐàוÂ§ɵ¡ ¢Í§¾Ç¡àÃÒ Í˒Ò§ƤàÅÂ ġ¹ʁáʴàҳÍ§ãËˑ ŚÒËģº %kid1! µÍ¹׉... àˇÒԹ¹áËÅÐ",
        "OneKid_1": "˶Ò %kid1 ¢Í§¾Ç¡àÃÒ âµע¹ƽ¡Ź´ ĉ¹¨Ðä»؛Í àºÒÐÃÍ§ι§ ŚÒËģºàʔ¡ ä̇чÃ¶ÁÍàµÍΓä«ʹ á̅Ç¾Ç¡àÃÒ¨Ðä˴ вÃ¶ä»àчÂÇ˴ÇÂā¹ Ģ§ä§˕Ð$h",
        "OneKid_3": "à¸Íä˴¡Х¹¨Ò¡ %kid1 ՁÂ? ºÒ§ƧÍÒ¨¨Ð ǖ§àÇÅÒÍÒºթÒ á̅Çʁä˴...",
        "TwoKids_0": "äˑ˵Í§àʛ¹˛Ç§¹Ð ĉ¹˻Í¹ÍÒËÒÃ ɵ¡æã̋á̅Ç... %kid2 à˨ÒĕÇàʥ¡Ɋ´ ˎ¹¹Á ʊÍ¡â¡áÅµ ã˚àغÍà֊µĉ¹ ƽ¡á̅Ç",
        "TwoKids_1": "ĉ¹Ëħ§˗Òɵ¡æ Է§ 2 ¤¹ %kid1 áÅÐ %kid2 ¨Ðģ¡ā¹¹Ð ÁÒɃāºĉ¹ ġ¡¨Ð·ÐàÅÒÐā¹ àÊÁÍÊġÂч¾Ç¡àÃÒ Ģ§àʛ¹àʔ¡#$e#á˅˶Òĉ¹ ÁÍ§̂Í¹¡ĥºä» àǱÍºԷ§ËÁ´ι¹ ʁàʛ¹ ¤ÇÒÁż´¢Í§ĉ¹ àÍ§áËÅÐ...",
        "TwoKids_2": "ĉ¹ĝ¹áºº׉ ÁÒËÅÒÂ¤Ճ§á̅Ç ĉ¹ĝ¹àʫ¹ %kid2 ÊÇÁȪ´ ¤¹·Ã§ǥ¡ĥº áÅÐʁι§ÍԒº¹ ğ¡·Í§àȓÍ§áÊ§ »ÃÐËÅÒ´ªÐġ´ à¸Í˗ÒäËÁ?",
        "TwoKids_3": "¾Ç¡àÃÒ ÁÒā¹ä¡Å¨ƃ§æ @ ɤ¤ÃÍº¤ģÇ ¢Í§àÃÒƊ чģ¡ ĉ¹äˑà¤ÂŤ´ àÅÂ¨ƃ§æ ˗Ò¾Ç¡àÃÒ ¨ÐƱħ¹׉ä˴#$e#µÍ¹׉ чĉ¹ÍԒµÃ§׉ ĉ¹ªÍºġ¹ÁÒ¡æ...$l",
        "Good_0": "à̎ ÁÍ§ĉ¹Ɗ Í˒ÒȕÁ¹Ð ˗Òĉ¹ģ¡à¸Í à¸ÍǴÍȷ¡Í˒Ò§ ŚÒËģºĉ¹$l#$b#àÍÒ˕Ð Ƨ׉ʁ ÍÍ¡ä»ŇÒàŧ¹ ÁÒã̋¾Ç¡àÃÒ«ÐƊ$h",
        "Good_1": "à̎...ÁÒщËˉÍÂū ħ¹׉à¸ÍɤƤ Ĉ§àÅÂ¹Ð$l",
        "Good_2": "à¸ÍɤƤàÊÁÍàÅÂ¹Ð á́¡ÃÐη§ Ëĥ§¨Ò¡ä»¤Ʌ¡¤Ƶ āºÊÇ¹ÁÒԷ§ħ¹$l",
        "Good_3": "ǖ§ĉ¹¨ÐäˑʴÍÂ áÊ´§ÍÍ¡ á˅ĉ¹Ʊ¤ÇÒÁɊ¢ ¨ƃ§æ¹Ð чä˴àʛ¹ÊÒƱ¢Í§à¸Í ¡ÒÃá˅§§Ò¹ āºà¸Íàʛ¹¡ÒÃ ĕ´Ɗ¹ã¨чƤчɊ´ чĉ¹à¤ÂŇÒàÅÂ$l",
        "Good_4": "à¸Íäˑ˵Í§àʛ¹˛Ç§ ĉ¹ËÃÍ¡ĉ¹ªÍº ÍԒ¤¹àƤÂÇˉÐ",
        "Good_5": "ºÒ§¤Ճ§ ĉ¹ړǪ¡âÁâË á˅¾Íä˴ àʫ¹Ë˹Òà¸Íá̅Ç ĉ¹¨ÐړǪ¡Ê§ºÅ§$7#$e#ĉ¹˗ÒĪ¡ħ¹ ĉ¹¤§¨ÐËɅ´˾¹ ¨Ò¡¤ÇÒÁړǪ¡ áºº׉ä˴Ī¡Ƨ",
        "Good_6": "ĉ¹ړ˗Òà¸Íáʂ§áÃ§ á˅ºÒ§ƧʁĢ§ Í´àʛ¹˛Ç§äˑä˴ Í˒Òä»˕Ò ÁÍ¹ÊàµÍΓ â´ÂäˑƱÂÒÍÒɂħ²¹Ð (life elixir) áÅÐÃÍ§à˷ÒË¹Òæ˕Ð àˢÒã¨ՁÂ?",
        "Good_8": "ħ¹׉ ĉ¹ړǪ¡äˑÍÂÒ¡ ŇÒ§Ò¹ªÐġ´ ºÒ§Ƨĉ¹ ÍÒ¨¨Ðä»ɤƧƷ ˗ÒƱÍÐäÃ˺Ò§",
        "Good_9": "¨ƃ§æ á̅Çĉ¹ äˑä˴˵Í§¡ÒÃ àҮÍ¹ÁÒ¡ÁÒÂ á˅¤¹àƤÂÇ чĉ¹˵Í§¡ÒÃ ǴÍà¸Í ġ¹ğ§ɤá»Å¡æ ՁÂ?#$e#ĉ¹˗Ò ĉ¹äˑàËȑÍ¹ ¤¹˚Ç¹ãËʽ˕Ð¹Ð",
        "Neutral_0": "ĉ¹¾ÂÒÂÒÁÍ˒Ò§ÁÒ¡ ч¨ÐËÅºàѕÂ§ڌ¤¹ µÍ¹ĉ¹ ÍÍ¡ä»àŴ¹à˕¹ ĉ¹à¡ƵÂ´ч¨Ð˵Í§ ɦ¡¡´Ĕ¹ã̋ɮ´ȤÂ ė¡·ÒÂˉÐ",
        "Neutral_2": "ŇÒäÁàÃÒäˑȤÂā¹ º¹àƥÂ§Ǵ¹׉˕Ð? µÍ¹׉ĉ¹Ӣ§ ÍԒˉÐ...",
        "Neutral_3": "à¸ÍıÒĥ§ ¨ÐàˢÒàȑÍ§àËÃÍ? ŇÒäÁ˕Ð à¸Í¨ÐàˢÒä»ŇÒÍÐäÃ?",
        "Neutral_4": "ĉ¹˗Òĉ¹ ¨Ðċ¡˼Òã̋ħ¹׉˕Ð... ɤˇÒà¸Í¤§Ӣ§ÍԒ āº¿ÒΓÁԷ§ħ¹",
        "Neutral_5": "àҳÍ§àŧ¹щ ¾Ç¡àÃÒĢ§âÍà¤ ÍԒãʺäËÁ? ĉ¹äˑÍÂÒ¡¢ÒÂ â̩µݦ¤¢Í§ĉ¹¹Ð...",
        "Neutral_6": "˶Òà¸Í ÍÂÒ¡¨Ðä»ËÒàҮÍ¹ ã¹àȑÍ§˕Ðʁ ä»ä˴àÅÂ¹Ð Ģ§ä§ĉ¹ʁªÍº ÍԒàƤÂÇÍԒá̅Ç",
        "Neutral_8": "¡ÒÃŇÒ¤ÇÒÁ ÊÐÍÒ´˺Ò¹щġ¹ äˑÊȹ¡àÅÂ á˅˶Òĉ¹ ğ§à¾Å§ä»˴ÇÂ˕Ðʁ ġ¹¨ÐʺÇÂã̋ àÇÅÒˌÒ¹ä» àʣÇע¹ƧàƤÂÇ˕Ð",
        "Bad_5": "ğ§¹Ð ĉ¹ÍÂÒ¡ÍԒ¤¹àƤÂÇ ŇÒäÁà¸Í äˑä»ˢÒ§¹Í¡ á̅Çäˑä»ËÒÍÐäÃ ŇÒ˕Ð?",
        "Bad_6": "˵Í§¡ÒÃÍÐäÃ? àƺÂ§à¸ÍàËȑÍ¹ ˎÍàוÂ§ĉ¹àÅÂ ÍÍ¡ä»«Ð$a",
        "Bad_7": "чщàУÁ¨ÐŇÒã̋ĉ¹ ړǪ¡àËȑÍ¹ ÍԒɊÊÒ¹àˢÒä»ȷ¡Ƨ$s",
        "Bad_8": "ĉ¹àУÁ¡ĥºÁÒ ɺºȺËѓƽ¡á̅Ç... ʺÇ§Ëĥ§æ ÁÒ׉ĉ¹ړǪ¡ à¤ƳÂ´ÁÒ¡æ$s",
        "funLeave_Sebastian": "ħ¹׉ĉ¹¨Ðä» àŴ¹à˕¹Ī¡ËˉÍÂ ĉ¹ÍÂÒ¡ƱàÇÅÒ ã̋ĕÇàÍ§˺Ò§ ä̇à¨Íā¹ µÍ¹àʢ¹¹Ð",
        "funReturn_Sebastian": "ħ¹׉ʁÊȹ¡Ƥ¹Ð ĉ¹äˑړ ¨Ðɮ´ÍÐäÃƤ ŇÒäÁà¸Íäˑɮ´ ã̋ĉ¹ğ§˺Ò§˕Ð?",
        "spring_1": "̽Ò¡¡¡... īÇĉ¹ Ɋ¢Ī¹΅ħ¹ƫãËˑ...$h",
        "spring_12": "à¸Íҥ¹à˵¹ āº§Ò¹à·È¡ÒÅ ã¹ħ¹¾ӣ§׉ՁÂ? ĉ¹˗Òġ¹ ˵Í§Ƥáˉæ ч¨Ðä˴à¨Íá«Áƽ¡¤Ճ§",
        "spring_23": "â̍.. ¾ӣ§׉àʛ¹ħ¹à˵¹Ã Óà·È¡ÒÅ´Í¡ä́ãʺՁÂ? ¾Ç¡àÃÒ˵Í§ä» ˴ÇÂàËÃÍ?#$e#ĉ¹¡ƵÂ´¡ÒÃ ã˚ԨÁɺ·Ąºæ чˉÒµÅ¡ι¹ ¨ƃ§æ ŇÒäÁà·ÈÁ¹µƳàÅƇÊ ǖ§˵Í§ã̋¾Ç¡àÃÒ ã˚˴ÇÂ¹Ð?$s",
        "summer_1": "Äɤ̃Í¹á̅Ç... ĉ¹¤§˵Í§àУÁ ·Ò¤ƳÁā¹á´´ Ë¹ÒæàÅÂ ˶ÒĢ§ÍÂÒ¡¨Ð¢ÒÇ ÍԒàËȑÍ¹àŴÁ...",
        "summer_10": "à¸ÍŤ´ǣĢ§˗Ò ¨Ðã˚ÍÐäÃÅ§ã¹ȫ» ¢Í§ĥÇΓ ?ĉ¹äˑړàÅÂ˗Ò ¨Ðã˚ÍÐäÃƤ... ¨Ð˗Òä» à¸Íàʛ¹àª¿ щ¹Ò!$7",
        "summer_27": "ÍÒ¡ÒÈàУÁàʢ¹Å§á̅Ç ړǪ¡ƤĈ§ ¾Ç¡àÃÒ¤ÇÃä» §Ò¹à·È¡ÒÅ Ǵ¹¾ӣ§׉ՁÂ? ¨ƃ§æ á̅Çġ¹àʛ¹§Ò¹ чĉ¹ªÍº˕Ð$7",
        "fall_1": "ɤàËȑÍ¹Է§ Ëԑ˺Ò¹¨Ðà»ѕÂ¹ä» ÀÒÂã¹Ǵ¹àƤÂÇ... ã¹чɊ´Äɤãºä́˓Ç§ ʁÁÒǖ§á̅ÇƊ¹Ð",
        "fall_15": "à·È¡ÒÅã¹Ëԑ˺Ò¹ ÍÍ¡¨Ð¤¹àÂÍÐä»ËˉÍÂ ŚÒËģºĉ¹ ...á˅ĉ¹˗Ò ¨ÐÍÍ¡ä»àŴ¹ āºá«Á Ī¡ËˉÍÂ ʁƤàËȑÍ¹ā¹#$e#˚Ç¹à¸Í ʁÅÍ§ä»à˕¹à¡ÁΚ ã¹§Ò¹à¶ÍÐ! äˑ˵Í§˛Ç§ĉ¹ ËÃÍ¡$7",
        "fall_26": "ĉ¹ҥ¹à˵¹āº§Ò¹à·È¡ÒÅɰµ ã¹ħ¹¾ӣ§׉ ªÐġ´! ĉ¹ıÒĥ§Ť´˗Ò ¾Ç¡àÃÒ¨Ðà¨ÍÍÐäÃ чˉÒ¡ĥÇ˺Ò§ ՁÂ¹Ð$h",
        "winter_1": "à¸ÍƱá¼¹ã¹ʺÇ§ ÄɤË¹ÒÇǣĢ§? ĉ¹ړ¹Ð˗Ò ġ¹àËȑÍ¹àʛ¹ʺÇ§àÇÅÒ Ğ¡ˌÍ¹¢Í§à¸ÍˉÐ",
        "winter_7": "¾ӣ§׉à¸Í ¨Ðä»àˢÒ˓ÇÁ ¡ÒÃáʲ§Ă¹µ¡»ÅÒ ǣà»˕Ò?",
        "winter_28": "ġ¹àʛ¹ƫ чàђÂÁä»àÅÂ @ ¾Ç¡àÃÒ¤ÇÃ¨Ð ©ÅÍ§ā¹ Ī¡ËˉÍÂ¹Ð [346]$h#$e#ĉ¹ρ¹ã¨˗Ò ƫË˹Òġ¹¨Ð˵Í§ Ƥ¡˗Ò׉áˉ¹Í¹$7"
    }
}
