{
    "header": {
        "target": "w",
        "formatVersion": 5,
        "hidef": true,
        "compressed": 128
    },
    "readers": [
        {
            "type": "Microsoft.Xna.Framework.Content.DictionaryReader`2[[System.String, mscorlib, Version=4.0.0.0, Culture=neutral, PublicKeyToken=b77a5c561934e089],[System.String, mscorlib, Version=4.0.0.0, Culture=neutral, PublicKeyToken=b77a5c561934e089]]",
            "version": 0
        },
        {
            "type": "Microsoft.Xna.Framework.Content.StringReader",
            "version": 0
        }
    ],
    "content": {
        "Rainy_Day_0": "щ! àʫ¹ՁÂ˗Ò ˢÒ§¹Í¡½¹µ¡ ÃÐħ§¨Ðàʛ¹äˢ àÍÒ¹Ð#$e#Í˒Òä»àŴ¹ µÒ¡½¹˕Ð$h#$e#ĉ¹ʁàʛ¹˛Ç§à¸Í àËȑÍ¹ā¹¹Ð!",
        "Rainy_Day_1": "½¹µ¡! ԧ¹ħ¹׉ àÃÒʁäˑ˵Í§ Ã´թÒˉÐƊ$h#$e#ºÒ§Ƨ¸ÃÃÁªÒŵ ʁàˢÒˢÒ§àÃÒ¹Ð ˗Òá˅ Ȥ³ã̋ÍÒËÒÃĪµΗ ËȓÍĢ§˕Ð чģ¡?",
        "Rainy_Day_2": "ҥ¹á̅ÇËȓÍ̘Ð! àƺÂ§½¹µ¡ »Ʌ¡ĉ¹ע¹ÁÒ Ե§á˅à˪Òá̅Ç˕Ð̘Ð ĉ¹ŇÒÍÒËÒÃà˪Òä̇ã̋à¸Í á̅Ç¹Ð [194 195 210 211 216] #$e#ŇÒĕÇӭ¹æ áÅÐÍ˒ÒŇÒ§Ò¹ ī¡âËÁ¹Ð à݋ÂÇˋÇÂע¹ÁÒ á̅Ç¨Ðá˒àÍÒ",
        "Rainy_Day_3": "чģ¡ ħ¹׉Ȥ³¨ÐŇÒÍÐäÃ ˺Ò§˕Ð?#$e#ÍÒ¡ÒÈáºº׉¹Ð ĉ¹äˑÍÂÒ¡ ÍÍ¡ä»ˢÒ§¹Í¡àÅÂ ĉ¹¤§ŇÒԉ¹щ ÍԒã¹˺Ò¹щ˕Ð#$e#ºÒ§ƧàÃÒˉÒ ¨Ðš¹ÍÐäÃ̃Í¹æ àʛ¹رÍàʢ¹¹Ð",
        "Rainy_Day_4": "àʢ¹׉ÍÂÒ¡š¹ÍÐäÃ àʛ¹žàÈÉäËÁ?",
        "Rainy_Day_Maru": "ǖ§àÃÒ ¨ÐĞ²¹Òà¤ҳÍ§ȑÍ ä˴¢¹Ò´äË¹ʁµÒÁ á˅ħ¹ч½¹µ¡ ʁĢ§àʛ¹чѾ§чƤчɊ´ ã¹àҳÍ§թÒ˕Ð¹Ð¤Ð",
        "Rainy_Day_Abigail": "ħ¹áºº׉áËÅÐ чŇÒã̋ª¹º· ˉÒÊ¹ã¨ע¹ ¨ƃ§ՁÂ?",
        "Rainy_Day_Penny": "ĉ¹˗Òħ¹׉ ĉ¹ŇÒ¢¹ÁƤ¡˗Ò$h",
        "Rainy_Day_Leah": "ħ¹׉à¸Í¤§˵Í§ä» µ¡»ÅÒËȓÍÅ§àËȑÍ§ á·¹á̅Ç˕Ð?",
        "Rainy_Day_Haley": "˶ÒÍÒ¡ÒÈĢ§àʛ¹ Í˒Ò§׉¹Ð à݋ÂÇżÇĉ¹ ƛ´á˒áˉàÅÂ$s",
        "Rainy_Day_Harvey": "Í˒Òä»µÒ¡½¹¹Ð чģ¡ à݋ÂÇ¨ÐäˑÊºÒÂàÍÒ",
        "Rainy_Day_Sebastian": "ĉ¹ҥ¹ʱÍ¹ӣ§ÊÒ§ áÅÐàŴ¹à˕¹ÃÍºæ ¿ÒΓÁˉÐ ʁʺÇ§àÇÅÒԹ¹ ġ¹ã̋¤ÇÒÁړǪ¡ Ê§ºƤ¹Ð",
        "Rainy_Day_Alex": "ҾÁÁ... ¼Á˗Ò ¼Á¤§˵Í§Ƈ´خ¹āº Ʌ¡ι§ˢÒ§ã¹˺Ò¹ á·¹á̅Ç˕Ðħ¹׉",
        "Rainy_Day_Elliott": "ÊÒÂ½¹àƳÂ¡ ¤ÇÒÁ·Ã§ĸÒàʱÒæ ¢Í§¼ÁàбÂÇāº ƚƇµчªÒÂ·ÐàÅ ¡ĥºÁÒ#$e#á˅äˑàʛ¹äÃËÃÍ¡ ƚƇµ˒ÍÁƱ¡ÒÃ à»ѕÂ¹á»Å§ ÍԒàÊÁÍ˕Ð",
        "Rainy_Day_Sam": "¼Á˵Í§ËÒàÇÅÒ ʻÍÁ¾Ç¡ÃÍÂσÇ º¹Ëĥ§¤ÒËȓÍäˑʁ ¾Ç¡Ë˹Ò˅Ò§˺Ò§ÅÐ",
        "Rainy_Day_Emily": "чģ¡ ĉ¹ړ˗ÒȤ³Ʊ¤ÇÒÁÀÒ¤ɰƁã¨ ã¹§Ò¹¢Í§Ȥ³ÁÒ¡ á˅ħ¹׉Í˒Òī¡âËÁàš¹ä»¹Ð µ¡Å§¹Ð щթÒ׼§ä̇ŊÒɃ§$u",
        "Rainy_Day_Shane": "Ëĥ§¤ÒσÇËȓÍà»˕Ò? ˝Ò...áʴŴ¹˓Ç§àʥ¡˹ÍÂ äˑŇÒ̃ÒÂã¤ÃËÃÍ¡",
        "Rainy_Night_0": "àÇÅÒч½¹¾œÒ ŇÒã̋àÃÒړǪ¡ǖ§ ¤ÇÒÁàË§Ò$l#$e#ړǪ¡Ë¹ÒÇĈ§... Ģ§äˑ¾̃ÍÁ ¨Ðע¹ÁÒȫ¡ ˼Ò˛Áº¹àƥÂ§ àËÃÍ?$l",
        "Rainy_Night_1": "ɤã̋áˉã¨˗Ò àغÍ˼Òá̋§ ÊŹ·ƤËȓÍĢ§ äˑÍÂÒ¡ã̋Ȥ³ ˵Í§ˋÇÂ¹Ð#$e#ä˴Ƃ¹àƺÂ§½¹ ч¡ÃÐ·ºËĥ§¤Ò ι¹ËȓÍà»˕Ò @?",
        "Rainy_Night_2": "ÍÒΛ... ι¹àƺÂ§½¹µ¡ãʺՁÂ... Ǵ¹׉¤§¨Ð ËĥºÊºÒÂˉÒɤ$h",
        "Rainy_Night_3": "½¹µ¡á̅ÇړǪ¡˗Ò ˺Ò¹ӭ¹ע¹¹Ð$h^Ëĥ§¤ÒƱ»ÃÐâÂªΉ ʁàÇÅÒÍ˒Ò§׉˕Ð",
        "Rainy_Night_4": "ħ¹׉ĉ¹ŇÒȫ» àʛ¹رÍàʢ¹˴ÇÂ [199 218 219 727 730]$h#$e#Ȥ³˵Í§·Ò¹ ÍÐäÃ̃Í¹æ ã¹ħ¹áºº׉¹Ð!$h",
        "Rainy_Night_5": "ĉ¹Ƥã¨¹Ð чà¸Í¡ĥºÁÒ... щàʛ¹Ǵ¹чàËÁÒÐ ч¤ÇÃÍԒá˅ã¹˺Ò¹¹Ð",
        "Rainy_Night_Maru": "ħ¹׉à¸ÍġÇÍÍ¡ä» ŇÒÍÐäÃÍԒчäË¹ ÁÒˉÐчģ¡?#$e#ĉ¹ʻÍÁâˉ¹ʻÍÁщ ä»ηÇԷ§˺Ò¹àÅÂ˕Ð... à¸Íʁړ˗Òġ¹ʁ áʴ§Ò¹àʥ¡æ˹ÍÂæ",
        "Rainy_Night_Abigail": "Ȥ³¾̃ÍÁ ¨Ð¹Í¹àұÍäË˓ ĉ¹ʁ¾̃ÍÁ ¨Ðâ´´ע¹àƥÂ§ àұÍԹ¹ àƺÂ§½¹¾œÒ¨ÐʺÇÂ¡˕ÍÁ ã̋àÃÒËĥºĝ¹Ƥ",
        "Rainy_Night_Penny": "à˝Í... ¡Х¹äË́àËÃÍ¤Ð? ĉ¹ÅÍ§Íº ¢¹ÁʴÐ áËÐæ... ä»äˑÊÇÂ àˇÒäË˓à¹ÍÐ$s",
        "Rainy_Night_Leah": "ħ¹׉àʛ¹ä§˺Ò§ чģ¡? àƫÂ¡â¤Å¹ÁÒ¡ՁÂ?",
        "Rainy_Night_Haley": "ÊħÊƤ˨Ð чģ¡ ĉ¹Ƥã¨¹Ð чȤ³¡ĥºÁÒá̅Ç ĉ¹àУÁàË§Òæ ¾ÍƤ$l",
        "Rainy_Night_Harvey": "à̎ Ƥã¨чä˴à¨Í Ȥ³¹Ð$h#$e#ħ¹׉¼Áã˪àÇÅÒԷ§ħ¹ ä»āº¡ÒÃ˝Ò¹ ÇÒÃÊÒÃ·Ò§¡ÒÃá¾·Β˕Ð",
        "Rainy_Night_Sebastian": "½¹äˑà¤Â ŇÒã̋ĉ¹àҪÍàÅÂ... â´Âà©¾ÒÐºÃÃÂÒ¡ÒÈ ˺Ò¹¹Í¡Í˒Ò§׉",
        "Rainy_Night_Alex": "Ȥ³ÂÒÂ ġ¡¨ÐŇÒÊɥ ã¹Ǵ¹áºº׉ àÊÁÍàÅÂ$h",
        "Rainy_Night_Elliott": "ι§Å§ á̅ÇʁˌÍ¹¤ÅÒÂ«Ð! Ȥ³˵Í§àËҩÍÂÁÒ¡ áˉæ Ëĥ§¨Ò¡ˍÒ Ŵ¹â¤Å¹ÅÁ½¹ ÁÒԷ§ħ¹áºº׉",
        "Rainy_Night_Sam": "Ƈ¹à«¹· â·ÃÁÒ à¢ÒºÍ¡˗Ò à¢ÒŤ´ǖ§¼Á áÅÐ½Ò¡ÊħÊƤ Ȥ³˴ÇÂ˕Ð$h",
        "Rainy_Night_Shane": "¼ÁàО§â·ÃȤÂāº á¨Ê áÅÐ ÁÒƩ ɤàËȑÍ¹ʺÇ§׉¾Ç¡à¢Ò ¨ÐƱʺÇ§àÇÅÒчÊÇÂ§ÒÁ â´ÂчäˑƱ¼Á",
        "Rainy_Night_Emily": "Ƈ­­Ò³ºÒ§´Ç§ ¨Ð»ÃÒ¡®ĕÇã¹ʺÇ§ ½¹µ¡àˇÒԹ¹ ºÒ§Ƨчģ¡ÍÒ¨ä˴Ƃ¹àƺÂ§ ϳÒä̋ʁä˴¹Ð?",
        "Indoor_Day_0": "ÍɃ³ÊħÊڴ ~<$h#$e#¾̃ÍÁģº§Ò¹Ëę¡ á̅ÇËȓÍĢ§? ·Ò§׉¾̃ÍÁá̅Ç˨Ò$h",
        "Indoor_Day_1": "Ëħ´Ƥчģ¡! ËÍÁՁÂ˕Ð? щŇÒÍÒËÒÃà˪Ò ã̋àƚÂÇ¹Ð!  [194 195 210 211 216]#$e#Ȥ³˵Í§·Ò¹ ÍÒËÒÃàҮÍ¨Ðä˴Ʊ ¾ĥ§§Ò¹àƮÂ§¾Í µÅÍ´ħ¹¹Ð",
        "Indoor_Day_2": "ËĥºÊºÒÂƤՁÂ?#$e#·Ò§׉ʁƱ§Ò¹˺Ò¹ ˵Í§ŇÒáËÅÐ",
        "Indoor_Day_3": "àұÍǴ¹Ȥ³ĝ¹á»Å¡æ ËȓÍà»˕Ò?#$e#ĉ¹ĸÒä˴áʴ˗Ò ġ¹àбÂÇāº%adj %noun á»Å¡Ĉ§àÅÂà¹ÍÐ$s#$e#á˅àÃÒʁàÍÒÍÐäÃ āºĝ¹äˑä˴ËÃÍ¡¹Ð... ¨ƃ§ՁÂ?$l#$e#àÍÒà¶ÍÐ àÃÒ¨ÐÁÒġÇȤÂā¹ Í˒Ò§׉Է§ħ¹ʁäˑä˴ àËȑÍ¹ā¹ à¾ÃÒÐà¸ÍƱ§Ò¹ ч˵Í§ŇÒщ¹Ð!",
        "Indoor_Day_4": "ÍɃ³ÊħÊڴчģ¡ ħ¹׉ʁ˵Í§ŇÒ¿ÒΓÁ ƽ¡á̅ÇãʺՁÂ ˕ÐțÍ?#$e#¨Ðàʛ¹ıÒĥ§ ã¨ã̋¹Ð<$h",
        "Indoor_Day_Maru": "˶ÒȤ³ÍÂÒ¡ ¨Ðɮ´ǖ§àҳÍ§àОÁ »ƃÁÒ³¼Å¼ƅµ ËȓÍÍÐäÃáººԹ¹ ˕Ðʁ... ĉ¹ʁ¾̃ÍÁ¨Ðğ§¹Ð!",
        "Indoor_Day_Abigail": "ƱÍÐäÃãËˑæ àš´ע¹ã¹¿ÒΓÁ¢Í§àÃÒ àÂÍÐáÂÐàÅÂ... ĉ¹ªÍºÁÒ¡",
        "Indoor_Day_Penny": "чщãËʽ¡˗Ò Ã¶˺Ò¹àÂÍÐàÅÂáÎÐ ¡ÅÒÂàʛ¹˗Ò ĕÇàÃÒàʥ¡ä»àÅÂ˕Ð á˅ʁړǪ¡Ƥ¹Ð!",
        "Indoor_Day_Leah": "¨Ð˗ÒÍÐäÃՁÂ ˶Òĉ¹ÍÂÒ¡¨ÐàÍÒ§Ò¹ ä́á¡ÐÊĥ¡Է§ËÅÒÂ ÁÒä̇чщ? Ą¹ȑÍĄ¹ä́ ÍÂÒ¡á¡ÐÊĥ¡ ¨Ðá˒ÍԒá̅Ç!",
        "Indoor_Day_Haley": "á´´ÍÍ¡щ ƤĈ§àÅÂ¹Ð$h",
        "Indoor_Day_Harvey": "˷Í§˿Òħ¹׉ʺÒ§ɤ... Ê´ãÊÁÒ¡!#$e#˅Í¨Ò¡׉ä» ¼Á¨ÐàˢÒ¤ƵŹ¤ à©¾ÒÐħ¹чƱ ę´ڌˋÇÂ ¹Í¡Թ¹ʁ¨ÐŇÒ§Ò¹ ÍԒч˺Ò¹щáËÅÐ!",
        "Indoor_Day_Sebastian": "àђÂÁä»àÅÂ чщŇÒàÍÒ̋Í§ч˺Ò¹àŴÁ àƧÂºäˑŵ´àÅÂ ˗Ò̱Ð?$h",
        "Indoor_Day_Alex": "áÊ§ÍÒŷµΒÊÒ´˚Í§ áÅÐµÍ¹׉ĉ¹ʁàыÂÁ ä»˴ÇÂ¾ĥ§§Ò¹! Ȥ³˵Í§ĈºµÒÁÍ§ àÍÒä̇¹Ð ўў.$h",
        "Indoor_Day_Elliott": "¼ÁĢ§¤§àƒÂ¹Ě¹Ǘ ¡Ե§á˅чàÃÒ ä˴ÍԒ˓ÇÁā¹ µÍ¹׉¼ÁàÍ§ ʁƱƚƇµчÊÁɪÃ΃ áÅÐƱàҳÍ§ÁÒ¡ÁÒÂ ч¨ÐàƒÂ¹ǖ§$h#$e#ʁÍÂÒ¡¨Ðáˉã¨˗Ò ĕÇàÍ§¨ÐĢ§¨´ĸÒ ȷ¡Í˒Ò§чàš´ע¹ µÅÍ´ƫ׉ä˴ˉÐ",
        "Indoor_Day_Sam": "ħ¹׉ƱàҳÍ§˵Í§ŇÒ Ե§àÂÍÐáÂÐáˉÐ á˅ι§ɤƧƷÍԒ˺Ò¹ Ƥ¡˗Ò",
        "Indoor_Day_Emily": "˴ÇÂ¡ÒÃŉÒàÊ¹Í ¼Å¼ƅµÊ´ãËˑáÅÐƱ Ȥ³ÀÒ¾чƤ˅ÍȪÁª¹ àÃÒıÒĥ§ńÒàŹ¹¡ÒÃ ä»ä˴˴ÇÂƤàÅÂ˕Ð!",
        "Indoor_Day_Shane": "ã¹ÍÒ¡ÒÈ ƱºÒ§Í˒Ò§чžàÈÉ... ū»... ġ¹ǴÍÍÐäÃ? â̍...#$b#ġ¹ɤàËȑÍ¹àÈÉˢÒÇâ¾´àʱÒ ч¼Áã˚ä̇ã¹¡ÃÐà͛Ò àұÍäˑбĪ»´ÒΛʱÍ¹ *¢ºàִÂÇ*",
        "Indoor_Night_0": "ħ¹׉ȷ¡Í˒Ò§ àÊʣ¨֪¹á̅ÇƊ¹Ð @?#$e#·Ò§׉ŇÒ§Ò¹˺Ò¹ àÊʣ¨á̅Ç... á˅àËҩÍÂªÐġ´#$e#Ģ§ä§ʁ¾̃ÍÁ ¨Ð¹Í¹àÊÁÍ ˶ÒȤ³˵Í§¡ÒÃ$h",
        "Indoor_Night_1": "̇ÒÇ ɤàËȑÍ¹Ȥ³ ¨ÐŇÒ§Ò¹Ëę¡ÁÒ¡ àÅÂħ¹׉#$e#àÍÒ˕Ð ǖ§àÇÅÒĞ¡ˌÍ¹ ŚÒËģºǴ¹׉á̅Ç$h",
        "Indoor_Night_2": "Ƥã¨Ĉ§àÅÂ чȤ³¡ĥºÁÒ#$e#ړǪ¡¡ĥÇàËȕÍàš¹ àÇÅÒч˵Í§ÍԒ¤¹àƤÂÇ µÍ¹¡ÅÒ§Ǵ¹$s^ġ¹àË§ÒÁÒ¡ àÅÂ˕Ð...$s#$e#...$h",
        "Indoor_Night_3": "ħ¹׉ŇÒ§Ò¹ àÊʣ¨á̅ÇƊ¹Ð? ¾̃ÍÁá̅Ç˕Ð ч¨ÐŇÒÍÐäÃÊȹ¡æ ä»˴ÇÂā¹$h#$e#á˅˶ÒäˑäËÇá̅Ç ʁàˢÒã¨¹Ð",
        "Indoor_Night_4": "*à̎Í*! àО§¨ÐŇÒ§Ò¹˺Ò¹ àÊʣ¨àщÂ àÍÒ˕Ð ǖ§àÇÅÒ¢Í§àÃÒ ÊÍ§¤¹á̅Ç$h#$e#à˕ÒËˉÍÂ Ɗ˗Òħ¹׉ àʛ¹Ģ§ä§˺Ò§$l#$e#...$h",
        "Indoor_Night_Maru": "ɤà¸Í ʷÇ§¹Í¹á̅Ç¹Ð ã̋ĉ¹ʺÇÂ¡˕ÍÁà¸Í ˴ÇÂЪ§»ÃÐŴÉ΀ ֊¹˕ÒɊ´щՁÂ?$h#$e#*à̎Í* á˅¨ƃ§æá̅Çĉ¹ ʁʷÇ§¹Í¹ àËȑÍ¹ā¹á̅Ç˕Ð",
        "Indoor_Night_Abigail": "¾̃ÍÁч¨Ð¹Í¹ á̅ÇËȓÍĢ§? ĉ¹àŻ´˼Ò˛Áä¿˿Ò àµƳÂÁä̇ŚÒËģºàÃÒ ÊÍ§¤¹á̅Ç¹Ð...$l",
        "Indoor_Night_Penny": "Ƃ¹Ƥ˵Í¹ģº ¡ĥº˺Ò¹˨Ð чģ¡ ÁÒã˪àÇÅÒÍԒàƗÂºæ ˴ÇÂā¹à¶ÍÐʴÐ?",
        "Indoor_Night_Leah": "àÇÅÒàʢ¹æ Í˒Ò§׉щÊ§ºƤ¹Ð äˑ˵Í§ƱÍÐäÃ ÁÒÃº¡Ç¹ ¡ÒÃã˪ƚƇµ ¢Í§àÃÒ˴ÇÂ",
        "Indoor_Night_Haley": "щŇÒ§Ò¹Ëę¡ ÁÒÁÒ¡á̅Ç à݋ÂÇĉ¹¨ÐʺÇÂ ŇÒã̋Ȥ³ ˌÍ¹¤ÅÒÂ¹Ð¤Ð$l",
        "Indoor_Night_Harvey": "ɤàËȑÍ¹˗ÒǴ¹׉ ¨Ð˵Í§¹Ç´ã̋ Ī¡ËˉÍÂá̅Ç$l#$e#щǴÍĴÒϊ§ ¨Ò¡á¾·Β... ġ¹Ƥ˅ÍÃÐºº äËÅàƷÂ¹àȕÍ´¹Ð!",
        "Indoor_Night_Sebastian": "#$c .5#ǖ§ĉ¹¨ÐªÍº ÍԒ¤¹àƤÂÇ á˅ĉ¹ʁƤã¨¹Ð àÇÅÒчƱà¸Í ÍԒˢÒ§æĉ¹$h#$e#Ëħ´Ƥ @ Ƥã¨чä˴à¨Í¹Ð µÍ¹чà¸Í ÍԒ˴ÇÂàщÂ ĉ¹ÊºÒÂã¨ ÁÒ¡àÅÂ˕Ð$h",
        "Indoor_Night_Alex": "á¢¹ĉ¹»Ç´ ä»ËÁ´àÅÂ... ƱƇƨÍÐäÃƤæ Í˒Ò§¹Ç´áÃ§æ ˺Ò§äËÁ?$l^ĉ¹àУÁËÁ´áÃ§... ġ¹àʛ¹Ī­­Ò³чƤ ËÁÒÂ¤ÇÒÁ˗Òħ¹׉ ĉ¹ŇÒ§Ò¹Ëę¡ ÁÒ¡¾Íá̅Ç$h",
        "Indoor_Night_Elliott": "#$c .5#Ȥ³Ģ§ËÍÁäˑà»ѕÂ¹ â´Âà©¾ÒÐËĥ§¨Ò¡ ŇÒ§Ò¹Ëę¡ÁÒԷ§ħ¹ ġ¹àʛ¹¡Х¹ĕÇ ¸ÃÃÁªÒŵ ¢Í§Ȥ³¹Ð!^ʺÒ§ËÍÁËÇÒ¹ ÍÐäÃàʺ¹׉чģ¡ àËȑÍ¹āºģ§׼§ ч¼ÊÁāºªÒ à¤ҳÍ§à·È̃Í¹ ËÍÁ¡ӣ¹#$e#ÁÒã̋¼Á ¹Ç´Ëĥ§à¶ÍÐ Ȥ³ɤà¤ƳÂ´ÁÒ¡$l^¡Х¹¢Í§Ȥ³ áÊ¹¨ÐËÍÁËÇÒ¹ ÃÒÇāºãºū¹¹ÒÁÍ¹ чıÒĥ§˕Í§ÅÍÂ ÍԒã¹ÊÒÂÅÁ¢Í§ Äɤ̃Í¹àƚÂÇ˕Ð",
        "Indoor_Night_Sam": "#$c .5#Ê§ĪÂĈ§˗ÒǴ¹׉ àÃÒ¨Ðä˴àʫ¹¾ÃÐĈ¹·Γ ËȓÍà»˕Ò?#$e#á̅Çч¿ÒΓÁ àʛ¹Ģ§ä§˺Ò§˕Ð? ǖ§à¸ÍŇÒ§Ò¹ äˑàƳÂº̃ÍÂ ĉ¹ʁäˑ˗ÒËÃÍ¡¹Ð!",
        "Indoor_Night_Emily": "ĉ¹ªÍºчщ... àʛ¹˺Ò¹чÍºӭ¹Ƥ¹Ð",
        "Indoor_Night_Shane": "ħ¹׉àʛ¹ä§˺Ò§? чàËȑÍ§ä»ä˴Ƥ ËȓÍà»˕Ò?",
        "Outdoor_0": "ħ¹׉àʛ¹ħ¹ ч§´§ÒÁ¨ƃ§æ ˗ÒäËÁ?$h#$e#ã¹ħ¹áºº׉áËÅÐ ч¨ÐŇÒã̋àÃÒړǪ¡˗Ò ¡ÒÃŇÒ§Ò¹ġ¹ҳ¹ÃÁ΃",
        "Outdoor_1": "< ħ¹׉ĉ¹¨Ð¢ÍĞ¡ á̅Çʁà˽ÒÁÍ§¿ÒΓÁ Ī¡ËˉÍÂÅÐā¹à¹ÍÐ?#$e#à¾ÃÒÐчщ ƱºÃÃÂÒ¡ÒÈ ч§´§ÒÁÁÒ¡¨ƃ§æ$h",
        "Outdoor_2": "чģ¡ ˶ÒƱ¤ÇÒÁړ àбÂÇāº¡ÒÃ ŇÒ¿ÒΓÁÁÒ¡ע¹ ʁ¤§¨ÐʺÇÂÍÐäÃ ä˴ÁÒ¡¡˗Ò׉¹Ð ¢Íâ·É˴ÇÂ!#$e#á̅Ç¨ÐŤ´ǖ§Ȥ³¹Ð$h",
        "Outdoor_3": "ıÒĥ§ŇÒ¤ÇÒÁÊÐÍÒ´ µÃ§׉ÍԒ˕Ð Ëħ§˗Ò¨ÐʺÇÂÍÐäÃ ä˴˺Ò§¹Ð?#$e#à̎Í... ̃Í¹ªÐġ´àÅÂ",
        "Outdoor_4": "Í˒Òī¡âËÁ ÁÒ¡ä»˕Ðчģ¡#$e#ɤã̋áˉã¨˴ÇÂ˗Ò ǖ§àÇÅÒч¨Ð˵Í§ Ğ¡ˌÍ¹˺Ò§ ËȓÍËÒÍÐäÃ·Ò¹¹Ð$h",
        "Outdoor_Maru": "ˢÒ§¹Í¡׉ŇÒã̋ ĉ¹ړǪ¡ƤÁÒ¡àÅÂ˕Ð ġ¹ŇÒã̋ĉ¹ ä˴äÍàƤÂãËˑæ ã¹¡ÒÃ»ÃÐŴÉ΀ Ъ§¢Í§˴ÇÂ¹Ð$h#$e#ºÒ§Ƨĉ¹ÍÒ¨¨Ð ƱäÍàƤÂч¨Ðàʛ¹Ъ§¢Í§ чÁÒʺÇÂà¸Íʁä˴¹Ð",
        "Outdoor_Abigail": "ĉ¹¨ÐÍÍ¡ä»á¶Ç׉¹Ð âÍà¤?#$e#ƱԷ§áÁÅ§ áÅÐЪ§˅Ò§æ ˉÒÊ¹ã¨àÂÍÐáÂÐ ä»ËÁ´àÅÂ˕Ð Ť¡æ$h",
        "Outdoor_Haley": "ɤ¨Ðàʛ¹ħ¹чàËÁÒÐ āº¡ÒÃŇÒżÇƺá·¹ ˗ÒՁÂчģ¡? Ť¡æ$h",
        "Outdoor_Leah": "̇ÒÇ щġ¹Ɋ´ÂÍ´ä»àÅÂ! ĉ¹ıÒĥ§ ¨ÐàУÁ˵¹ƚƇµ ¡ÒÃŇÒ¿ÒΓÁ˴ÇÂ˕Ð @$h#$e#щàʛ¹ƚƇµчĉ¹ ãˍĝ¹ÁÒµÅÍ´àÅÂ ¹ÐàщÂ$l",
        "Outdoor_Penny": "ĉ¹Ʊ¤ÇÒÁɊ¢ÁÒ¡àÅÂ ã¹¿ÒΓÁàʥ¡æ ¢Í§¾Ç¡àÃÒ @$h",
        "Outdoor_Sebastian": "щÍÒ¨¨Ð˅Ò§āºƚƇµ чˌÒ¹ÁÒÁÒ¡ á˅ĉ¹ʁàУÁ ªÍºġ¹á̅Ç˕Ð$h#$e#ړǪ¡àËȑÍ¹āº àʛ¹ÍÐäÃчӴ¤ÇÃ āºĉ¹àÅÂ$l",
        "Outdoor_Harvey": "щàʛ¹ÍÐäÃ чƤ¡˗Ò¡ÒÃι§ ÍԒч¤ƵŹ¤ Է§ħ¹ƽ¡¹ÐàщÂ$l#$e#¼ÁªÍºàÇÅÒ чä˴à˽ÒÁÍ§Ȥ³ ŇÒ§Ò¹ÍԒã¹¿ÒΓÁ˕Ð... ǫǫ",
        "Outdoor_Elliott": "¼ÁıÒĥ§ ¨ÐàУÁàƒÂ¹ŹÂÒÂ àҳÍ§ãËˑá̅Ç˕Ð ¨ÐƱчäË¹ Ƥä»¡˗Ò¿ÒΓÁ ¢Í§àÃÒƽ¡˕Ð?$h#$e#ġ¹Ɋ´ÂÍ´ ÁÒ¡àÅÂ$l",
        "Outdoor_Alex": "ĉ¹¨Ð ÍÍ¡ıÒĥ§¡ÒÂ Í˒Ò§àʕÁчàÅÂ! ˞Ò˞Ò! Ċ¡¨ÐªÍº ¿ÒΓÁ׉àˢÒá̅ÇƊ$h",
        "Outdoor_Sam": "щ ɤàÁ˦º¹˷Í§˿ÒƊ чģ¡$h#$e#˶ÒȤ³äˑ˗ÒÍÐäÃ ¼Á¢ÍÍԒɤ à݋ÂÇǙ§¹Ð",
        "Outdoor_Shane": "¼Áäˑρ¹ã¨˗Ò»Í´¼Á ¨ÐģºȑÍāº¤ÇÒÁºƃɊ·ڸ áºº׉ä˴äËÁ ¼ÁĢ§¤§Ū¹āºáÍΓч ̃Ò¹â¨˨ÒÍԒàÅÂ",
        "Outdoor_Emily": "à¸Í˵Í§ŇÒ§Ò¹Ëę¡ÁÒ¡ @ ښæ ¹Ð",
        "jobLeave_Harvey": "ħ¹׉ ¼Á˵Í§àˢÒ¤ƅŹ¡¹Ð ¢Íã̋ħ¹׉ àʛ¹ħ¹чƤ˕Ð âÍà̔?",
        "jobLeave_Penny": "ħ¹׉ ¨ÐàˢÒàȑÍ§á̅Ç¹Ð Í˒ÒŇÒ§Ò¹ ī¡âËÁę¡˕Ð á̅Çʁ ·Ò¹ÍÒËÒÃàчÂ§ ˴ÇÂ˕Ð!$h",
        "jobLeave_Maru": "¨Ðä»ŇÒ§Ò¹á̅Ç¹Ð ä̇à¨Íā¹µÍ¹àʢ¹ ĉ¹¤§ Ť´ǖ§Ȥ³ÁÒ¡ àÅÂ˕Ð!$h",
        "jobReturn_Harvey": "#$c .5#˗Òä§чģ¡ ħ¹׉àʛ¹Ģ§ä§˺Ò§#$e#*¶Í¹ËÒÂã¨*... ¼ÁàËҩÍÂÁÒ¡àÅÂ...$s#$e#á˅ä˴àʫ¹ ¤¹äˢĢ§ƱɊ¢ÀÒ¾ чáʂ§áÃ§ ʁɤ¨Ðàʛ¹ħ¹чƤ áËÅÐ¹Ð",
        "jobReturn_Penny": "#$c .5#ÊħÊƤÂÒÁàʢ¹ ħ¹׉ʁàƳÂº̃ÍÂƤ á̅ÇȤ³˕Ð?$h#$e#á¨Ê āº Ƈ¹à«¹· ŇÒĕÇäˑʴÍÂˉÒģ¡àÅÂħ¹׉ ĉ¹¡ĥÇ¾Ç¡à¢Ò ¨Ðä˴ģººÒ´àʈºáˉÐ$a",
        "jobReturn_Maru": "#$c .5#ʁàʛ¹ħ¹ˉÒàҪÍ ƽ¡ħ¹ч¤ƅŹ¡ àËȑÍ¹àŴÁι¹áËÅÐ#$e#à̎ á̅Çà¸Í˕Ð ä˴à¨ÍÍÐäÃҥ¹à˵¹ ÁÒ¡¡˗Òĉ¹˺Ò§ՁÂ? ĉ¹Ëħ§˗Ò¨ÐƱ¹Ð#$e#$c .5#àÍÒ˕Ð ǖ§àÇÅÒĞ¡Ī¡Ƨ Ȥ³Ģ§àËȕÍˢÒÇàʢ¹ àÍÒä̇ã̋˺Ò§ËȓÍà»˕Ò?#$e#ĉ¹ÍÂÒ¡¨Ðã̋ǖ§ àÇÅÒ¹Í¹àËȕÍàš¹$h",
        "OneKid_0": "чģ¡ä˴ã˪àÇÅÒāº %kid1 ˺Ò§ËȓÍà»˕Òħ¹׉?",
        "OneKid_1": "Ëħ§˗Ò %kid1 ¨ÐàŵºâµÁÒàʛ¹ ªÒÇÊÇ¹áººȤ³¹Ð?",
        "OneKid_2": "äˑ˵Í§˛Ç§ µÍ¹׉ã̋¹Á %kid1 á̅Ç Ȥ³¡ĥºä»ŇÒ§Ò¹ ã¹¿ÒΓÁà¶ÍÐ¹Ð",
        "OneKid_3": "ƚƇµ¤§¨Ðà»ѕÂ¹ä»ÁÒ¡ ËÒ¡àÃÒƱɵ¡˴ÇÂā¹",
        "TwoKids_0": "ŇÒÍÒËÒÃà˪Òã̋Է§ %kid1 áÅÐ %kid2 ·Ò¹á̅Ç¹Ð ¾Ç¡à¢Òɤ ƋÇâËÂÁÒ¡àÅÂ!",
        "TwoKids_1": "àÃÒ˵Í§áˉã¨˗Ò ã̋¤ÇÒÁŚÒĄ­āº %kid1 ÁÒ¡¾Í ã¹¢³ÐчàÃÒƱ %kid2 àÃÒäˑ¤ÇÃŇÒã̋ ¾Ç¡à¢Ò˵Í§á˒§ ¤ÇÒÁģ¡¨Ò¡ˎÍáˑ¹Ð",
        "TwoKids_2": "ړËȓÍà»˕Ò ¨ɱ¡¢Í§ %kid2 àËȑÍ¹Ȥ³àÅÂ˕Ð",
        "TwoKids_3": "˺Ò¹чƤ ɵ¡˹ÍÂáÊ¹ ÁīÈ¨ÃÃΒƽ¡ÊÍ§¤¹ áÅÐчŴ¹ĭ¹ ÊÇÂ§ÒÁáºº׉ á̅ÇĢ§¨Ð˵Í§¡ÒÃ ÍÐäÃƽ¡?",
        "Good_0": "äˑÍÂÒ¡¨ÐàҚÍàÅÂ˗Ò ã¹чɊ´ àÃÒʁä˴á˅§§Ò¹ā¹...$l",
        "Good_1": "àұÍʱÍ¹ʁà¤ÂŤ´¹Ð ˗ÒàÃÒÊÍ§¤¹ ¨Ðä˴ÍԒ˓ÇÁā¹ äˑħ¹ã´ʁħ¹Ëѹ§$l",
        "Good_2": "Ȥ³ړǪ¡Êȹ¡ä»āº ƚƇµËĥ§á˅§§Ò¹äËÁ @?#$e#à¾ÃÒÐħ¹׉ ĉ¹ړǪ¡Êȹ¡ÁÒ¡àÅÂ$l",
        "Good_3": "̇ÒÇ ħ¹׉Ȥ³ɤƤÁÒ¡àÅÂ!$l",
        "Good_4": "чщ˕Ð ǴÍ˺Ò¹¢Í§ĉ¹ ¤ÇÒÁɊ¢¢Í§ĉ¹... ÍԒчщ$l",
        "Good_5": "ĉ¹ʁáʴƤã¨ чġ¹àʛ¹¢Í§¢ħ­ á˅§§Ò¹... à»ȕÍ¡ч§´§ÒÁáºº׉ ¨Ð˵Í§ŉÒâª¤ ÁÒã̋Ȥ³áˉ!$l",
        "Good_6": "ÃÐħ§ĕÇ˴ÇÂ¹Ð! ºÒ§¤Ճ§ ʁړǪ¡ā§ÇÅ˗Ò Ȥ³¨Ðµ¡Å§ä» ã¹àËȑÍ§",
        "Good_7": "@? ĉ¹áʴàƮÂ§ ÍÂÒ¡¨ÐºÍ¡˗Ò ¢ÍºȤ³ÁÒ¡æ ¹ÐŚÒËģº§Ò¹ чȤ³ŇÒȷ¡Í˒Ò§àҮÍ ¤ÃÍº¤ģÇ¢Í§àÃÒ$h",
        "Good_8": "äˑ˵Í§˛Ç§ĉ¹ËÃÍ¡... ĉ¹ړƤ˗Ò Ȥ³ƱЪ§ч˵Í§ģºż´ªÍº ÁÒ¡ÁÒÂ ˢÒ§¹Í¡˺Ò¹Թ¹ ĉ¹ÍԒ¤¹àƤÂÇä˴!$l",
        "Good_9": "à»˕ÒËÃÍ¡ ĉ¹äˑä˴àҪÍ... ĉ¹ıÒĥ§Ʊ¤ÇÒÁɊ¢ āºȷ¡Ъ§чàÃÒƱÍԒ ã¹µÍ¹׉#$e#ġ¹ʺÒ§àʛ¹ƚƇµ ĭ¹áÊ¹àƳÂºʷÒÂ á˅ĉ¹ʁªÍºġ¹¹Ð$h",
        "Neutral_0": "Ëħ§˗ÒȤ³Ģ§¨ÐªÍºĉ¹ á́˗ÒàÃÒ¨ÐáʱªÃÒ ä»˴ÇÂā¹",
        "Neutral_1": "Ê§ĪÂĈ§ ˗Òã¤ÃÍÒĨÂ ÍԒчщ ʱÍ¹¾Ç¡àÃÒā¹¹Ð?",
        "Neutral_2": "ħ¹׉ äˑƱÍÐäÃŇÒàËÃÍ?",
        "Neutral_3": "˶ÒàˢÒ ä»ã¹àȑÍ§á̅Ç ½Ò¡ÊħÊƤ ¤¹ҽ¹˴ÇÂ¹Ð",
        "Neutral_4": "à݋ÂÇ¾ӣ§׉à˪Ò ¨Ðċ¡˼Òã̋ ʱÍ¹чȤ³¨Ðҥ¹¹Ð... ¨Ðä˴ äˑ˵Í§àËҩÍÂÁÒ¡",
        "Neutral_5": "¡ÒÃàŧ¹¢Í§àÃÒ Ģ§âÍà¤ÍԒãʺՁÂ @?",
        "Neutral_6": "Ê§ĪÂĈ§˗Òħ¹׉ ȷ¡¤¹ã¹àȑÍ§ ¨ÐŇÒÍÐäÃā¹˺Ò§¹Ð?",
        "Neutral_7": "ħ¹׉äˑړǪ¡ ÍÂÒ¡¨ÐŇÒÍÐäÃàÅÂ",
        "Neutral_8": "äˑ˗Ò¨ÐŇÒ ¤ÇÒÁÊÐÍÒ´àˇÒäË˓ ˺Ò¹ʁĢ§Ê¡»Ã¡ ÍԒƤ#$e#¨ƃ§æã¹¿ÒΓÁ ʁàʛ¹áË˕§Ê¡»Ã¡ àËȑÍ¹ā¹¹Ð",
        "Neutral_9": "á»Å¡ã¨Ĉ§ àÃÒ¨ÐÍԒÍ˒Ò§׉ ä»µÅÍ´ƚƇµàÅÂàËÃÍ?",
        "Bad_0": "...Ģ§ģ¡ā¹ÍԒ ãʺՁÂ?$s",
        "Bad_1": "*à̎Í*... ºÒ§Ƨ àÃÒÍÒ¨¨ÐƳºá˅§§Ò¹ Ե§á˅ÍÒɂĢ§˹ÍÂ ¨¹àš¹ä»$s",
        "Bad_2": "Ģ§Ʊ¤ÇÒÁɊ¢ чä˴ÍԒ˴ÇÂā¹¨ƃ§æ àËÃÍ?$s",
        "Bad_3": "ĉ¹ŇÒÍÐäÃż´ ä»ËȓÍà»˕Ò? Ȥ³ɤá»Å¡æ ä»¹ÐʺÇ§׉$s",
        "Bad_4": "ŇÒäÁȤ³ɤÊ¹ã¨Ĉ§ ˗ÒˢÒ§¹Í¡ι¹ƱÍÐäÃ?$s",
        "Bad_5": "á˅ʱÍ¹Ȥ³à¤Â âÃáÁ¹ŵ¡ ÁÒ¡¡˗Ò׉äˑãʺËȓÍä§... ġ¹àš´ÍÐäÃע¹?$s#$e#ʁړáËÅÐ ˗Òĉ¹äˑä˴˝Í¹àÂÒΗ ƽ¡˅Íä»á̅Ç... ι¹àʛ¹Ȩ´»ÃÐÊ§ʹ чȤ³á˅§§Ò¹āºĉ¹ ãʺՁÂ˕Ð?$a",
        "Bad_6": "àÃÒ˅Ò§ʁ ƱƚƇµчáÊ¹Պ¹... щǴÍЪ§ч ÊÁ¤ÇÃŇÒá̅ÇËȓÍ?$s",
        "Bad_7": "ĉ¹à¤Âàʛ¹ Ɋ´чģ¡¢Í§Ȥ³ ÁÒʱÍ¹... á˅µÍ¹׉Ȥ³ àʫ¹ĉ¹ƱʴÒ à©¾ÒÐàÇÅÒàµƳÂÁ ÍÒËÒÃàʢ¹ àˇÒԹ¹Ɗ¹Ð$s",
        "Bad_8": "Ğ¡Ëĥ§ÁÒ׉ Ȥ³ʺÒ§àʢ¹ªÒ ÁÒ¡àÅÂ¹Ð...$s",
        "Bad_9": "ĉ¹Ëħ§˗Òĉ¹ ¨ÐŇÒÍÐäÃ ã̋Ƥע¹˺Ò§$s",
        "spring_1": "á̅ÇƫãËˑʁÁÒǖ§ Ȥ³ÇÒ§á¼¹ч¨ÐŇÒŚÒËģºƫ׉ á̅ÇËȓÍĢ§?#$e#Ëħ§˗Òġ¹¨ÐÍÍ¡ÁÒƤ¹Ð",
        "spring_8": "ã¹чɊ´ Ë˹ÒË¹ÒÇʁËÁ´ä» ˅Í¨Ò¡׉àÃÒʁ¨Ðä˴ àʁºàбÂÇ¼Å¼ƅµ Í˒Ò§àʕÁчĪ¡Ƨ",
        "spring_23": "¾ӣ§׉ʁǖ§§Ò¹ à·È¡ÒÅ´Í¡ä́ á̅Ç... Ëħ§˗ÒȤ³¨Ðǝ¡ ¡ÒÃà¤ҵÍ¹äËÇä̇¹Ð!",
        "summer_1": "ɤã̋áˉã¨˗ÒĕÇàÍ§ ¨Ðäˑàʛ¹ÅÁá´´¹Ðчģ¡#$e#ҤÁթÒàÂÍÐæ á̅ÇʁÍ˒Òī¡âËÁ ŇÒ§Ò¹ÁÒ¡¹Ð",
        "summer_8": "¢Íâ·É˴ÇÂ˶ÒƱ¡Х¹ĕÇ... ̃Í¹¨¹àËҗÍˇÇÁ µÅÍ´Ǵ¹àÅÂ",
        "summer_15": "щǴÍË˹Ò̃Í¹... ι¹ËÁÒÂ¤ÇÒÁ˗Ò àÃÒ¨Ð˵Í§à¨Íāºɭ§áÁÅ§ħ¹#$e#äˑ˵Í§˛Ç§ ģºȑÍä˴ˉÒ!",
        "fall_1": "ÍÒ¡ÒÈµÍ¹׉ Ƥ¡˗ÒÍÒ¡ÒÈʺÇ§Ë˹Ò̃Í¹ àʛ¹äË¹æ",
        "fall_8": "Ë˹ÒË¹ÒÇ ıÒĥ§¨ÐÁÒǖ§á̅Ç àÃÒ˵Í§µÃÇ¨ÊÍº ÃÐººŇÒ¤ÇÒÁ̃Í¹ã̋Ƥ Ż´ÇÒÇΕá̅Çʁàʊ¤ ©¹Ç¹ā¹¤ÇÒÁ̃Í¹Է§ËÁ´ ã¹˺Ò¹˴ÇÂ#$e#äˑ˵Í§˛Ç§ˉÒчģ¡ ģºȑÍäËÇÍԒá̅Ç",
        "fall_15": "Ȥ³Ť´ÍÍ¡ËȓÍĢ§ ˗Ò¨ÐàÍÒÍÐäÃÁÒáÊ´§ ŚÒËģº¿ÒΓÁ¢Í§¾Ç¡àÃÒ ã¹ħ¹¾ӣ§׉?",
        "fall_26": "àÃÒ¤ÇÃ¨Ðä»§Ò¹ à·È¡ÒÅɰµ ã¹Ǵ¹ħ¹¾ӣ§׉¹Ð",
        "winter_1": "ºǣëÍÍ... Ë¹ÒÇÇÇÇÇ",
        "winter_7": "Ȥ³¨Ðä»§Ò¹ áʲ§µ¡»ÅÒ ã¹ħ¹¾ӣ§׉ՁÂ?",
        "winter_28": "¢ÍºȤ³ŚÒËģºƫчƤƫ׉¹Ð @ ĉ¹ҥ¹à˵¹ч¨Ðä˴˓ÇÁ áˡä¢ě­ËÒ˅Ò§æ˓ÇÁā¹ ã¹ƫĖ´ä»$l",
        "spring_Maru": "ĉ¹ړǪ¡ҥ¹à˵¹ ч¨Ðä˴ŇÒ¿ÒΓÁ ã¹ʺÇ§˵¹ƫ˕Ð @!$h",
        "spring_Abigail": "ĉ¹ÍÒ¨¨Ð ªÍºË˹ÒË¹ÒÇ á˅Ɋ´˷ÒÂĉ¹ʁ Ƥã¨àÊÁÍ чàʫ¹Äɤãºä́¼ƅ ÁÒǖ§",
        "spring_Haley": "Ȥ³äˑړǪ¡ƤàËÃÍ чÄɤË¹ÒÇԹ¹ ¨ºÅ§Ī¡Ƨ чģ¡? ȷ¡æÍ˒Ò§àУÁ ¨ÐɤƱ¤ÇÒÁËħ§ÁÒ¡ע¹",
        "spring_Leah": "Í˒ÒȕÁÁÍ§ËÒ ÎÍΓÊÃÒŴª ¡ÃÐàƧÂÁ āº á´¹ŴäÅÍÍ¹ ʱÍ¹¨ÐÍÍ¡ä»¹Ð!",
        "spring_Penny": "ĉ¹Ʊ¤ÇÒÁɊ¢àËȕÍàš¹ чä˴àʫ¹ãºä́ƺàƒÂÇ ƽ¡¤Ճ§ Ëĥ§¨Ò¡ÄɤË¹ÒÇ ч¢ÒÇâ¾Å¹ĭ¹áÊ¹ ¹Ò¹Թ¹",
        "spring_Sebastian": "̇ÒÇ ƺżÇĉ¹ƛ´àÅÂ... ĉ¹Ť´˗Ò ĉ¹¤ÇÃ¨ÐʺÇÂ§Ò¹ ã¹¿ÒΓÁºÒ§Í˒Ò§¢Í§Ȥ³ ã¹Äɤ׉¹Ð",
        "spring_Harvey": "ÁÒ»ɵ¡Ĝ¡àҮÍɊ¢ÀÒ¾ ã¹ʺÇ§Äɤãºä́¼ƅ ā¹à¶ÍÐ$h",
        "spring_Elliott": "¼Áà˽ÒÃÍ ч¨Ðä˴àʫ¹¤ÇÒÁÊÇÂ§ÒÁ ¢Í§¿ÒΓÁ %farm ¹Ð$h",
        "spring_Alex": "à̎ @ Ե§ã¨ŇÒ§Ò¹ àˢÒ˕Ðħ¹׉!",
        "spring_Sam": "*֮¡* ... ¨Ð ¨ɱ¡ĉ¹... ĉ¹àʛ¹ âÃ¤ɰƁá˾",
        "spring_Shane": "ºÒ§Ƨĉ¹ÍÒ¨¨Ð ä˴àƳÂ¹ړė¡ÉÐãËˑæ ã¹ƫ׉...",
        "summer_Maru": "ġ¹àʛ¹ʺÇ§àÇÅÒ чƤ¢Í§ƫàÅÂ ч¨Ðä˴ÁÍ§ɤ ´Ç§´ÒÇā¹",
        "summer_Abigail": "â̍ã̋µÒÂ ĉ¹ˉÒ¨Ðä»àÍÒ àˤ¡ʊÍ¡â¡áÅµ",
        "summer_Haley": "Ȥ³˵Í§ړä̇¹Ð˗Ò Ë˹Ò̃Í¹ǴÍ ÄɤɊ´â»Ã´¢Í§ĉ¹˕Ð$h",
        "summer_Leah": "äˑƱÍÐäÃàËÁÒÐāº Ë˹Ò̃Í¹ä»ÁÒ¡¡˗Ò äÇΉÅÐɁ¹Ԫ¹Ƥƽ¡á̅Ç äˑŤ´Í˒Ò§Թ¹ ˺Ò§àËÃÍчģ¡?",
        "summer_Penny": "Ȥ³¨Ð»ɵ¡àÁÅÍ¹ ã¹Ë˹Ò̃Í¹׉ՁÂ¤Ð?",
        "summer_Sebastian": "ĉ¹¨ÐàʁºĕÇ ÍԒˢÒ§ã¹˺Ò¹ ã̋ÁÒ¡àˇÒч¨Ðàʛ¹ä»ä˴ ã¹Ë˹Ò̃Í¹׉",
        "summer_Harvey": "ɤã̋áˉã¨ ˗Ò¨Ðäˑɦ¡á´´à¼Ò ¹Ðчģ¡... áÊ§ÍÒŷµΒŇÒ̃ÒÂżÇ ÁÒ¡¡˗ÒчŤ´¹Ð",
        "summer_Elliott": "Í˒Ò§àƤÂÇ чŇÒã̋ĉ¹Ť´ǖ§ ·ÐàÅʁǴÍ »ÅÒÊ´æ",
        "summer_Alex": "Äɤ̃Í¹àщÂ ŇÒã̋ĉ¹Ʊ¾ĥ§§Ò¹ ÁÒ¡чɊ´àÊÁÍàÅÂ",
        "summer_Sam": "Äɤ̃Í¹׉ ŇÒã̋ĉ¹ړǪ¡ÍÂÒ¡š¹ ºÒΓƪŤÇ ÁÒ¡àˢÒä»ƽ¡",
        "summer_Emily": "̇Ò! ġ¹̃Í¹ á˅ʁړǪ¡ƤãʺäËÁ?#$e#ºÒ§Ƨħ¹׉ àÃÒÍÒ¨àʫ¹¹¡áˡÇˋÒ",
        "summer_Shane": "ħ¹׉¼ÁƱıÒË¹´ ÍÐäÃ˺Ò§¹Ð... ȝÁÁ...#$e#¼ÁŤ´˗Ò¼ÁˉÒ¨ÐËÒ ¢¹Á¢ºàִÂÇ à¾ÃÊà«Å ÃÊàʜ´ӴāºàƪÂΓàʢ¹æ ÁÒš¹¾ÅÒ§ªÁ¢Íº˿Ò¹Ð",
        "fall_Maru": "ĉ¹Ƥã¨ чĢ§ä˴ŇÒ§Ò¹ч¤ƅŹ¡... ġ¹àʛ¹§Ò¹ºƃ¡ÒÃ чŚÒĄ­ã¹ȪÁª¹",
        "fall_Abigail": "ĉ¹Ëħ§˗ÒàÃÒ ¨Ð»ɵ¡ğ¡·Í§ ā¹ã¹ƫ׉¹Ð$h",
        "fall_Haley": "ĉ¹ıÒĥ§ÍÂÒ¡š¹ àˤ¡#$e#á˅˗Ò˵Í§äˑãʺ àˤ¡ηÇä»¹Ð... ˵Í§àʛ¹àˤ¡ ƺªÁɮ",
        "fall_Leah": "ɺ´ËÒÂã¨ǥ¡æƊ... ä˴¡Х¹ι¹ËȓÍà»˕Ò? Äɤàʫ´ÁÒǖ§ á̅Ç¹Ð",
        "fall_Penny": "¡ÒÃÍԒã¹¿ÒΓÁ ʺÒ§Ê§ºɊ¢ÍÐäÃáºº׉ äˑƱ·Ò§ĪÁĜÊǖ§ÍÐäÃ áºº׉áˉæ ˶ÒĢ§ÍԒã¹àȑÍ§",
        "fall_Sebastian": "áˑ¢Í§ĉ¹ ġ¡¨ÐŇÒȫ»ğ¡·Í§ áÊ¹Í˓ÍÂµÅÍ´ Äɤãºä́˓Ç§",
        "fall_Harvey": "¼ÁˉÒ¨ÐÍÍ¡ä»ËÒ äÇΉĪ¡ËˉÍÂ¹Ð",
        "fall_Elliott": "ÍÒ... Äɤãºä́˓Ç§ áÊ§á´´чÍºӭ¹ ¤̅ÍÂϥÒ Å§¨Ò¡˷Í§˿Ò áÊ§·Í´ÂÒÇԚ à¡ƵÂÇ¤ҵ¹#$e#ġ¹àʛ¹ʺÇ§àÇÅÒ чÊÇÂ§ÒÁ¢Í§ƫ äˑŤ´áººԹ¹ËȓÍ?",
        "fall_Alex": "ړǪ¡ ˝Í¹áÃ§ªÐġ´... ĉ¹˵Í§¡ÒÃâ»Ãƥ¹ Ī¡ËˉÍÂ$s",
        "fall_Sam": "ĉ¹Ê§ĪÂÁÒ¡àÅÂ ˗ÒâÅ¡ˢÒ§¹Í¡Թ¹ µÍ¹׉ıÒĥ§àš´ÍÐäÃ ע¹˺Ò§? à¾ÃÒÐ¾Ç¡àÃÒʴÍ¹ˢÒ§ ˛Ò§ä¡Åڌ¤¹",
        "fall_Emily": "ħ¹׉ĉ¹ҤÁթÒȫ»àˢÁˢ¹ àʛ¹رÍà˪ÒáÅÐĉ¹ړǪ¡ ÍÐ...àÁЋ§!$h",
        "fall_Shane": "¼ÁŤ´˗Ò ºÒ§ƧÍÒ¨ƱàؚÍÃÒãËˑ ע¹Ëĥ§څàʢ¹àʥ¡¢Í§¼Á¹Ð#$e#˝ÒÒ ãʺ ġ¹àʛ¹ÄɤчƤ¹Ð?",
        "winter_Maru": "Äɤãºä́¼ƅ ¨ÐÁÒǖ§á̅Ç ĉ¹˕ÐԵ§µÒÃÍ ¤ÍÂч¨Ðš¹¾ÒÂɳºÒΓº àÅÂ˕Ð",
        "winter_Abigail": "ĸÒµÍ¹ чàÃÒà˕¹à¡Á 'ÃÒªÒӗ§Ë˭Ò' ˴ÇÂā¹ ã¹̋Í§ĉ¹ä˴ՁÂ˝Ð? ι¹àʛ¹ʺÇ§àÇÅÒ чƤÁÒ¡àÅÂ¹Ð$h",
        "winter_Haley": "ĉ¹ġ¡Ť´ǖ§ ʺÇ§àÇÅÒчȤ³ʺÇÂĉ¹ àŻ´âËÅĜ¡´Í§ ÍԒàÊÁÍàÅÂ$h#$e#¾Ç¡àÃÒÁÒä¡Å ÁÒ¡àÅÂ¹ÐàщÂ$l",
        "winter_Leah": "ĉ¹ġ¡ÍÂÒ¡š¹Êĥ´ ã¹ʺÇ§Ë˹ÒË¹ÒÇàÊÁÍ Է§чړáËÅÐ ˗ÒËÒš¹ÂÒ¡",
        "winter_Penny": "ĉ¹¨Ð˝Ò¹ ˝Ò¹ áÅÐ˝Ò¹ã¹ʺÇ§ Ë˹ÒË¹ÒÇáºº׉",
        "winter_Sebastian": "Ê§ĪÂĈ§˗Ò á«Á ¨Ðàʛ¹Ģ§ä§˺Ò§¹Ð? àÃÒà¤Âàʛ¹àҮÍ¹ģ¡ ā¹ÁÒ¡àÅÂ˕Ð",
        "winter_Harvey": "Ë˹ÒË¹ÒÇˉÐ ȆÍàʛ¹ÄɤËħ´ àÅÂ¹Ð á¶Á¡ÒÃŇÒ§Ò¹ ʁĢ§àОÁ¤ÇÒÁà¤ƳÂ´ àˢÒä»ƽ¡... á˅Ģ§ä§ʁ¢Íâ·É˴ÇÂ ˶Ò¼ÁÍÒÃÁ΃äˑƤˉÐ",
        "winter_Elliott": "ĉ¹Ť´˗Ò ĉ¹¨ÐŇÒ§Ò¹àƒÂ¹ Ī¡ËˉÍÂ ã¹ÄɤË¹ÒÇ׉ à¾ÃÒÐġ¹ äˑʴÍÂƱÍÐäÃ ã̋ŇÒÍԒá̅Ç",
        "winter_Alex": "ĉ¹Ëħ§˗Ò Ȥ³µÒȤ³ÂÒÂ¢Í§ĉ¹ ¨ÐÊºÒÂƤ¹Ð ¾Ç¡à¢Ò¤ÍÂã̋ĉ¹ ʺÇÂàËȕÍÍԒˊÍÂæ ŇÒ¹Í§ Â¡¢Í§Ëę¡ ËȓÍÍÐäÃ »ÃÐÁÒ³׉áËÅÐ",
        "winter_Sam": "ĉ¹äˑŤ´¨Ðàʛ¹ ę¡´¹µƳá̅Ç˕Ð ʁµÍ¹׉ˉÐ ĉ¹àʛ¹ ڌªÒÂģ¡¤ÃÍº¤ģÇ á̅Çä§!",
        "winter_Emily": "ÎÐڗ à̊¹¼Á¢Í§ĉ¹ áʂ§ĕÇƽ¡¤Ճ§á̅Ç$s",
        "winter_Shane": "ƱâÅ¡¡̇Ò§ä¡Å Ɋ´ɵ¡ɻɵ¡µÒ... á˅¼Á¤ÇÃ¹Í¹ ÍԒã¹̋Í§Ƥ¡˗Ò",
        "spouseRoom_Maru": "#$c .5#ħ¹׉ĉ¹ҥ¹á˅à˪Ò ÁÒ˨Í§ÁÍ§´ÒÇ´Ç§ àʥ¡æº¹˿Ò#$e#ĉ¹Ëħ§˗ÒȤ³ ¤§¨Ðäˑ˗ÒÍÐäÃ¹Ð ˶Òħ¹׉ĉ¹¨Ðã˪àÇÅÒ ŇÒâ»Ãàʈ¤¢Í§ĉ¹ Ź´ËˉÍÂ",
        "spouseRoom_Abigail": "#$c .5#ĉ¹ҥ¹ʱÍ¹Ȥ³àʥ¡˹ÍÂ á̅Çã̋ÍÒËÒÃà˨ÒĕÇ˹ÍÂ á̅Ç˕Ð à¢Ò˓Òàƃ§ÁÒ¡æ àÅÂàұÍà˪Ò׉#$e#ĉ¹Ëħ§˗ÒȤ³¤§ ¨ÐäˑŤ´ÍÐäÃÁÒ¡ āº¡Х¹¢Í§ Ëɩ·´ÅÍ§ËÃÍ¡¹Ð",
        "spouseRoom_Haley": "#$c .5#àУÁ˵¹ħ¹¢Í§Ȥ³ ä˴àÅÂчģ¡ ĉ¹ıÒĥ§á˅§Ë˹Ò ÍԒËˉÐ#$e#Ʊá¼¹ÍÐäÃŚÒËģº ħ¹׉äËÁ?",
        "spouseRoom_Leah": "#$c .5#ã¹Ī¡ħ¹Ëѹ§ ĉ¹Ť´˗Ò ĉ¹¨ÐÇÒ´ɳ»¢Í§Ȥ³¹Ð#$e#ƇÇ¨Ò¡µÃ§Ë˹Ò˅Ò§׉ àʛ¹áÃ§Ě¹´ÒÅã¨ ä˴Í˒Ò§ƤàÅÂ ˗Òԧ¹äËÁ?",
        "spouseRoom_Penny": "#$c .5#ĉ¹ړǪ¡ÍÂÒ¡ä˴ ̋Í§ÊɁ´˚Ç¹ĕÇ ÁÒµÅÍ´àÅÂ щġ¹ˉÒËÅ§ãËÅ ÁÒ¡àÅÂ$h#$e#ĉ¹Ť´˗Ò ĉ¹¤ÇÃËÒÍÐäÃ˝Ò¹ µÍ¹à˪ÒĪ¡ËˉÍÂ ÊÁÍ§ĉ¹¨Ðä˴ŇÒ§Ò¹ ä˴Ƥע¹",
        "spouseRoom_Sebastian": "#$c .5#ĉ¹ړǪ¡Ť´ǖ§ ÁÍàµÍΓä«ʹĈ§... á˅à̎ ġ¹ĭ¹µÃÒÂàš¹ä» ŚÒËģºªÒÂч á˅§§Ò¹á̅Çщ¹Ð$h#$e#Ʊž«ʻÒ ã¹څàʢ¹äËÁŹ? ĉ¹ƋÇ",
        "spouseRoom_Harvey": "#$c .5#à˪Ò׉ÍÒ¡ÒÈ»ÅÍ´â»˓§ чģ¡ á˅ġ¹Ģ§Êȹ¡ä˴ ˅ÍàұÍÇÒ§ȑÍ ¨Ò¡ɍ»¡Ã΃Է§ËÁ´ µÍ¹׉áÅÐ¨Ò¡׉ä»#$e#¼ÁıÒĥ§ʷÇ¹ÍԒāº âÁà´Åà¤ҳÍ§ź¹ чщġ¹ŇÒã̋ ¼ÁړǪ¡ˌÍ¹¤ÅÒÂ ÁÒ¡¡˗Ò¡ÒÃÍԒã¹ Í¾ÒΓ·à́¹· «ÍÁʻÍ¢Í§¼Á",
        "spouseRoom_Elliott": "#$c .5#ĉ¹Ť´˗Ò ĉ¹ÍÒ¨¨ÐŇÒ§Ò¹àƒÂ¹ ÍÐäÃĪ¡Í˒Ò§ ã¹ħ¹׉ˉÐ#$e#Ȥ³¨Ðäˑàʛ¹äÃ ãʺäËÁ ˶Òĉ¹äˑʺÇÂ§Ò¹ ã¹ħ¹׉?",
        "spouseRoom_Alex": "#$c .5#Í˒ÒŤ´ŇÒã̋ĉ¹ ֲàƑÂ¨Ƥ¡˗Ò ĉ¹ÍÂÒ¡¨ÐƱӫ¹чƤ àҮÍȤ³àÅÂ¹Ð!#$e#ºƃàÇ³׉ƱчÁÒ¡ÁÒÂ ã̋ĉ¹ä˴ºƃËÒÃ˓Ò§¡ÒÂ ɤǴºË˹Ò¡˗ÒàұÍʱÍ¹ àÂÍÐàÅÂ˕Ð!",
        "spouseRoom_Sam": "#$c .5#ƑµÒΓĕÇàʱÒæ׉... ĉ¹ËÁ´ä¿ч¨Ðà˕¹ ġ¹á̅Ç˕Ð á˅ʁʺÒ§ġ¹à¶ÍÐ#$e#ħ¹׉à¸ÍÇÒ§á¼¹ ¨ÐŇÒÍÐäÃ˕Ð?",
        "spouseRoom_Emily": "ħ¹׉ĉ¹¨Ðã˪àÇÅÒ ÍԒāº¹¡áˡÇ ĉ¹ړǪ¡ż´чŇÒã̋ƫ¡ ġ¹ī¡¨¹ź¹äˑä˴ƽ¡á̅Ç$u",
        "spouseRoom_Shane": "#$c .5#àƪÂΓËȓÍàË̅ÒáÍ»àŻÅ? ºÒ§¤Ճ§ƚƇµʁÍÒ¨Ʊ Ъ§˷Ò·ÒÂ¹Ð#$e#ÊħÊƤ @ ħ¹׉¼Á¨Ðä»àчÂÇˢÒ§¹Í¡... ºÒ§ƧÍÒ¨¨Ð¡ÇÒ´خ¹ ËȓÍŇÒºÒ§Í˒Ò§Ź´ËˉÍÂ",
        "Rainy_Day_Krobus": "̍Ò ¤ÇÒÁؚ¹ã¹ħ¹׉ÁÒ¨Ò¡½¹... ˢÒÊºÒÂã¨á̅Ç",
        "Rainy_Night_Krobus": "àƺÂ§¢Í§ÊÒÂ½¹ ŇÒã̋ˢÒŤ´ǖ§ ˇÍÃÐºÒÂթÒ... чч¤ÍÂ»ÅÍºâÂ¹ˢÒ#$e#ˇÍÃÐºÒÂթÒ ǴÍчËÅºĠÂ¢Í§ˢÒ... ˢÒړǪ¡»ÅÍ´ĠÂчι¹ Í˒Ò˛Ç§àÅÂ... ˢÒړǪ¡áººàƤÂÇā¹׉ āº˺Ò¹ãËˑËĥ§׉àʺ¹ā¹",
        "Indoor_Day_Krobus": "ˢÒ˵Í§¡ÒÃ ʺÇÂàËȕÍà˨Òã¹¿ÒΓÁ á˅ˢÒÍÍ¡ä»â´¹ áÊ§á´´äˑä˴...",
        "Indoor_Night_Krobus": "ÊħÊƤ @ Ƃ¹Ƥ˵Í¹ģº¡ĥº˺Ò¹ à˨ÒɤàËȑÍ¹¨ÐŇÒ§Ò¹ Ëę¡ÁÒ¡чι¹!$h",
        "Outdoor_Krobus": "ã¹ħ¹àʺ¹׉ ˢÒÊÒÁÒÃ¶à¾ƅ´à¾ƅ¹ ä»āºš¨¡ÃÃÁ¡ÅÒ§á˨§ āºà˨Òä˴ щġ¹ÂÍ´ä»àÅÂ!$h#$b#ºÍ¡ã̋ˢÒړ˴ÇÂ˕Ð ˶Òà˨Òàʫ¹ã¤ÃıÒĥ§ÁÒ ˢÒ¨Ðä˴ʻÍ¹ĕÇė¹$u",
        "NoBed_0": "á̅ÇщàÃÒ ¤ÇÃ¨Ð¹Í¹чäË¹àщÂ...?$s",
        "NoBed_1": "àұÍǴ¹׉ àÃÒ¹Í¹äˑä˴àÅÂ˝Ð...$s",
        "NoBed_2": "àұÍǴ¹׉ àÃÒ˵Í§¹Í¹º¹خ¹˝Ð...$s",
        "NoBed_3": "ƱÍÐäÃàš´ע¹āº àƥÂ§¢Í§¾Ç¡àÃÒǣà»˕Ò...?$s"
    }
}
