{
    "header": {
        "target": "w",
        "formatVersion": 5,
        "hidef": true,
        "compressed": 128
    },
    "readers": [
        {
            "type": "Microsoft.Xna.Framework.Content.DictionaryReader`2[[System.String, mscorlib, Version=4.0.0.0, Culture=neutral, PublicKeyToken=b77a5c561934e089],[System.String, mscorlib, Version=4.0.0.0, Culture=neutral, PublicKeyToken=b77a5c561934e089]]",
            "version": 0
        },
        {
            "type": "Microsoft.Xna.Framework.Content.StringReader",
            "version": 0
        }
    ],
    "content": {
        "Rainy_Day_0": "ÍÂÒ¡ړĈ§˗Ò à¾¹Ʃ ıÒĥ§ŇÒÍÐäÃÍԒˉÐ? ħ¹׉ĉ¹ˉÒ ¨ÐËÒàÇÅÒ˗Ò§ â·ÃËÒà¸ÍĪ¡¤Ճ§ ÅÐā¹",
        "Rainy_Day_1": "ÁÐֱĉ¹áʴĝ¹ ¡ÅÒ§ħ¹ˉÐ Ȥ³Ť´˗Ò ÁÒƃÅ˴Ò ¨ÐâÍà¤äËÁ? ĉ¹Ëħ§˗ÒȤ³ ¨ÐËÒчÍԒ чȤ³ÍԒá̅Ç Ʊ¤ÇÒÁɊ¢¨ƃ§æ...",
        "Rainy_Day_2": "щ! ĉ¹¹Í¹äˑʴÍÂËĥºàÅÂ àұÍǴ¹׉ ĉ¹ʁàÅÂËÒÍÐäÃ ŇÒà˕¹æ ã¹̋Í§ŇÒ§Ò¹ ¢Í§ĉ¹Ğ¡Ǚ§˕Ð щ ĉ¹ŇÒÁÒã̋Ȥ³˕Ð [688 369 338 325 287]#$e#ĉ¹Ëħ§˗Ò Ȥ³¨Ðä˴ã˪ġ¹¹Ð",
        "Rainy_Day_3": "Ъ§àƤÂÇчĉ¹ äˑªÍºàÇÅÒ½¹µ¡ ʁǴÍĉ¹äˑÊÒÁÒÃ¶ ÁÍ§àʫ¹´Ç§´ÒÇ ã¹Ǵ¹׉ä˴!",
        "Rainy_Day_4": "щĉ¹ä˴Ƃ¹àƺÂ§σÇ º¹Ëĥ§¤Ò ǣà»˕Ò¹Ð? ĉ¹¨ÐÅÍ§ ע¹ä»àʊ¤ɤ¹Ð ĉ¹àƳÂ¹ړ§Ò¹ʺÒ§ ÊÍ§ÊÒÁÍ˒Ò§¨Ò¡¡ÒÃ à˽ÒÁÍ§áˑ¢Í§ĉ¹ˉÐ",
        "Rainy_Night_0": "˵Í§áˉã¨¹Ð ˗ÒȤ³¨ÐäˑŇÒã̋ à¤ҳÍ§ȑÍ â´¹½¹ˉÐ! ĉ¹äˑÍÂÒ¡ ã̋ÊŹÁע¹ à¤ҳÍ§ȑÍˉÐ",
        "patio_Maru": "ĉ¹äˑáˉã¨˗Ò Ъ§׉ǴÍÍÐäÃ á˅... á˅ġ¹ʁÊȹ¡ч¨Ðà»ѕÂ¹ »ÃÐá¨àʱÒá̅ÇµÍ¹׉",
        "Rainy_Night_1": "ÊħÊƤ @ ħ¹׉Ȥ³àʛ¹Ģ§ä§ ˺Ò§¤Ð... àƫÂ¡âª¡àÅÂËÃÍ#$e#ÍÒ¡ÒÈáºº׉ ʺÇÂã̋ĉ¹ƱäÍàƤÂ ã¹¡ÒÃ»ÃÐŴÉ΀ à¤ҳÍ§ȑÍ¹Ð... ºÒ§Ƨ ˶ÒËÒ¡ĉ¹ŇÒ ʺÍ§·Ò§ã̋թÒ½¹äËÅ ġ¹¨Ðã˪àʛ¹ ¾ĥ§§Ò¹ ŚÒËģºà¤ҳÍ§Ĉ¡Ã ä˴ǣà»˕Ò¹Ð",
        "Rainy_Night_2": "ˎÍŵ´µÒÁ ÊÀÒ¾ÍÒ¡ÒÈÁÒԵ§ 20 ƫàÅÂ¹Ð#$e#ġ¹ÍÒ¨¨ÐàʣÇä»ËˉÍÂ ˶Ò¨Ðɮ´ÍÍ¡ÁÒ á˅¼Åĥ¾ΈчÍÍ¡ÁÒ àŻ´à¼Âã̋àʫ¹ǖ§á¹Çâ˹Á ºÒ§Í˒Ò§чż´»¡ŵ",
        "Rainy_Night_3": "Ǵ¹׉àÃÒš¹ Ê»Òà¡µׅ ā¹º¹àƥÂ§ ä˴ËȓÍà»˕Ò¤Ð",
        "Rainy_Night_4": "ĉ¹ŇÒ ¢Í§ËÇÒ¹ÁÒã̋ʴÐ Ģ§ä§ʁ...Í˒ÒȕÁá»Ã§ğ¹ ʱÍ¹¹Í¹˕Ð [232 234 223 220]$h",
        "Rainy_Night_5": "á˅ÅÐħ¹¢Í§ĉ¹ ʁäˑä˴ˉÒҥ¹à˵¹ ä»«ÐËÁ´ËÃÍ¡... ĉ¹àÍÒá˅ÍԒˢÒ§ã¹ ʁà¾ÃÒÐ ÊÀÒ¾ÍÒ¡ÒÈ#$e#ǖ§Ģ§ä§ġ¹ʁàʛ¹ ¡ÒÃˌÍ¹¤ÅÒÂˉÐ¹Ð ĉ¹¡ĥºÁÒ ŇÒ§Ò¹ä˴à¾ÃÒÐ 'µÒÃÒ§§Ò¹»ÃÐĸÒĪ»´ÒΛ' ĭ¹˕ÒɊ´щáËÅÐ",
        "Indoor_Day_0": "țÁÁ... ¢Íâ·ÉƧʴÐ ºÒ§Ƨĉ¹ʁ àÍÒá˅Ť´¨¹äˑړ ˴ÇÂ՛Ò˗Ò¨ƃ§æ á̅Çĉ¹ ıÒĥ§ŇÒÍÐäÃÍԒ",
        "Indoor_Day_1": "ĉ¹à¨Íà˨Òщã¹ ¡Í§àÈÉ֊¹˚Ç¹ ч»¹æ ā¹ÍԒˉÐ Ť´˗ÒȤ³ ÍÒ¨¨ÐàÍÒġ¹ ä»ã˪ŇÒÍÐäÃ ä˴˺Ò§? [286 287 205 732]",
        "Indoor_Day_2": "ã¹чɊ´ Ȥ³ʁҥ¹Ī¡Ƨ! ĉ¹ƋÇÁÒ¡æ àÅÂ... *àƺÂ§˷Í§̃Í§*$h",
        "Indoor_Day_3": "Ëѹ§ã¹Ъ§чƤчɊ´ ã¹¡ÒÃÍÒĨÂÍԒ ã¹¿ÒΓÁ ʁǴÍҥ¹ע¹ÁÒ àҮÍğ§¡ÒÃ̃Í§à¾Å§ »ÃÐÊÒ¹àƺÂ§ ¢Í§¾Ç¡¹¡ щáËÅÐʴÐ",
        "Indoor_Day_4": "Ȥ³ŇÒĢ§ä§ã̋ȑÍ Ģ§әÁ¢¹Ò´׉¤Ð Է§æ чȤ³ŇÒ§Ò¹Ëę¡ ã¹¿ÒΓÁ¢¹Ò´ ι¹á˷æ",
        "Indoor_Night_0": "Ǵ¹׉Ȥ³ ä˴ɤ´Ç§Ĉ¹·ΓËȓÍà»˕Ò? ġ¹ɤˉÒ»ÃÐėºã¨ àÊÁÍàÅÂ˕Ð º¹¢Íº˿Òι¹...",
        "Indoor_Night_1": "ĉ¹à¤Âàʫ¹ ´ÒÇµ¡ÁÒʱÍ¹ʴÐ ĉ¹ªÍºÊÁɁŵ à˕¹æ ˗Òι¹ǴÍ ÁÒƃÅ˴Ò чÁÒËɂ´ÁÍ§ àҮÍɤ˗Ò¾Ç¡àÃÒ àʛ¹Ģ§ä§˺Ò§$h",
        "Indoor_Night_2": "ĉ¹ĕ´Ɗ¹ã¨äˑä˴˗Ò ĉ¹ÍÂÒ¡š¹ ʊÍ¡â¡áÅµàʄ¡ËȓÍ ÊµÃÍàºÍΓѓɊ¡ ā¹áˉ ºÒ§ƧÍÒ¨¨ÐԷ§Ӵ...?#$e#ч¨ƃ§... щթÒËę¡ĉ¹ע¹ ǣà»˕Ò¹Ð?$s",
        "Indoor_Night_3": "ħ¹׉Ȥ³ŇÒ§Ò¹ ä˴ƤÁÒ¡àÅÂ˕ÐʴÐ! Ȥ³¤ÇÃ¨ÐĞ¡ˌÍ¹ µÍ¹àʢ¹¹Ð",
        "Indoor_Night_4": "ĉ¹àУÁ¨ÐËÅ§ģ¡ ˺Ò¹àʱÒæ Ëĥ§׉àˢÒ¨ƃ§æ Ĉ§æ á̅Ç˕ÐʴÐ ġ¹ӭ¹ÊºÒÂÁÒ¡àÅÂ àÇÅÒ¡ÅÒ§Ǵ¹ áˑŇÒ§Ò¹ä˴ƤÁÒ¡àÅÂ ã¹¡ÒÃ»ģº»Ƀ§˺Ò¹$h",
        "Outdoor_0": "ÍÒ... ¡Х¹¢Í§¿ÒΓÁ щʺÒ§Ƥ¨ƃ§æ ġ¹ŇÒã̋ĉ¹Ǚ¡ǖ§ ɰà¢ÒчÍԒã¡̅æ āº˺Ò¹ˎÍáˑĉ¹",
        "Outdoor_1": "˴ÇÂá¼¹Ź´ËˉÍÂ ¾Ç¡àÃÒʁÊÒÁÒÃ¶ ŇÒ§Ò¹¿ÒΓÁä˴Í˒Ò§ äˑŵ´Ă´á̅Ç˕Ð ÊºÒÂã¨ä˴àÅÂ!",
        "Outdoor_2": "Ǵ¹׉˿ÒˉÒ¨Ð »ÅÍ´â»˓§¹Ð¤Ð ĉ¹Ê§ĪÂĈ§˗Ò ¨ÐÁÍ§àʫ¹¡ӥÁ ´ÒÇę¡ĩµÃ %noun ä˴ËȓÍà»˕Ò?",
        "Outdoor_3": "äˑ˵Í§ā§ÇÅ¹Ð¤Ð ĉ¹äˑ˗ÒÍÐäÃËÃÍ¡ ˶ÒȤ³ŇÒã̋â¤Å¹àثÍ¹ º¹خ¹˺Ò¹ ġ¹Êȹ¡Ƥ чä˴Ê¡»Ã¡Ź´ËˉÍÂ àʛ¹ºÒ§¤Ճ§ ºÒ§¤ÃÒÇ",
        "Outdoor_4": "ĉ¹äˑà¤ÂړàÅÂ ¨ƃ§æ ˗Ò˵Í§ã˪¤ÇÒÁàÍÒã¨ã˚ áÅÐ¡ÒÃÇÒ§á¼¹чĸÒàʛ¹ ÁÒ¡ÁÒÂã¹¡ÒÃŇÒ¿ÒΓÁ! ġ¹Ӣ§ÂÒ¡ÁÒ¡ àËȑÍ¹¡ÒÃŇÒ§Ò¹ ã¹̋Í§·´ÅÍ§ àÅÂʴÐ",
        "OneKid_0": "ħ¹׉Ȥ³ ä˴ä»ɤɵ¡ %kid1 ËȓÍĢ§¤Ð àʔ¡æ ˉÐ˵Í§¡ÒÃ àÇÅÒà˕¹¹Ð àҮÍã̋¾Ç¡à¢Ò àŵºâµÍ˒Ò§ÊÁɪÃ΃",
        "OneKid_1": "Ȥ³Ť´˗ÒĢ§ä§¤Ð... ɵ¡ %kid1 ¨ÐâµÁÒàʛ¹ ªÒÇÊÇ¹ ËȓÍàʛ¹ƇÈÇ¡Ã?",
        "OneKid_3": "ĉ¹Ե§¤ÇÒÁËħ§ ä̇āºɵ¡àÃÒ ɺ§àÅÂ˕ÐʴÐ ĉ¹˝Ò¹ˢÍɱÅ ·Ò§Ƈ·ÂÒÈÒÊµΓ Է§ËÁ´àҮÍàוÂ§ ¾Ç¡à¢Òã¹áºº чƤчɊ´",
        "TwoKids_3": "ĉ¹Ʊ̋Í§ŇÒ§Ò¹ ¢Í§ĕÇàÍ§ Ʊɵ¡ÊÍ§¤¹ чˉÒģ¡Ɋ´æ ƱàҳÍ§ÃÒÇч§´§ÒÁ ³ чá˛§׉ ƚƇµщʺÒ§Ƥ¨ƃ§æ",
        "Good_1": "µÍ¹׉¾Ç¡àÃÒ ʁÍԒ˴ÇÂā¹á̅Ç ġ¹ÂÒ¡¨ƃ§æ ч¨ÐǙ¡ǖ§ʺÇ§àÇÅÒ ч˵Í§¡ĥºä» ÍԒĕÇ¤¹àƤÂÇƽ¡¤Ճ§",
        "Good_2": "Ğ¡àËҩÍÂàËÃÍ¤Ð ƤĈ§àÅÂ!",
        "Good_3": "ƱƇƨ¡ÒÃÁÒ¡ÁÒÂ ã¹¡ÒÃÇÒ§á¼¹ áÅÐńÒàŹ¹¡ÒÃ ã¹¿ÒΓÁ щġ¹˵Í§ã˪¡ÒÃ ɤáÅÍ˒Ò§Ʊ¤ÇÒÁړ ÁÒ¡¡˗Òчĉ¹ à¤ÂŤ´àÍÒä̇«Ðƽ¡!",
        "Good_4": "àұÍ¹Ò¹ÁÒá̅Ç ĉ¹à¤ÂŤ´¨ÐỄÒ§ ӫ¹Â¹΅ÁÒàʛ¹á¿¹¹Ð á˅Ȥ³Êȹ¡¡˗Ò ӫ¹Â¹΅áººԹ¹ àÂÍÐàÅÂ!$h",
        "Good_5": "ĉ¹Қ¹ªÁ à¤ҳÍ§ÃÒ§á˅§§Ò¹ ¢Í§ĉ¹ĭ¹׉ÁÒ¡ʴÐ à»ȕÍ¡ËÍÂ֊¹׉ ʺÒ§§´§ÒÁ äˑƱчŵ щàʛ¹ĕÇÍ˒Ò§ чËÒä˴ÂÒ¡Т§ àÅÂƧàƤÂÇ!$l",
        "Good_6": "àұÍǴ¹ ĉ¹ĝ¹˗Òä˴ÁÍ§ ˌÒ¹¡̅Í§ɤ´ÒÇ ĭ¹ãËʽÁǫÁÒ ĉ¹ä˴àʫ¹ºÒ§Í˒Ò§ à¤ҵÍ¹чÍԒã¹ %noun à¹źÇÅÒ àʛ¹¤ÇÒÁĝ¹ чˉÒ¡ĥÇÁÒ¡",
        "Neutral_0": "ĉ¹Ëħ§˗ÒȤ³¨ÐĢ§ ªÍºĉ¹ǖ§á́˗Òĉ¹ ¨ÐթÒËę¡àОÁע¹ ¹Ð¤Ð",
        "Neutral_8": "ĉ¹ړǪ¡ äˑƱáÃ§Ě¹´ÒÅã¨ àÅÂʴÐħ¹׉$s",
        "funLeave_Maru": "ĉ¹Ť´˗Òħ¹׉ ĉ¹¨Ðä»àђÂÁ Ȥ³ˎÍȤ³áˑ ËˉÍÂʴÐ ĉ¹äˑä˴à¨Í ¾Ç¡à¢ÒÁÒĞ¡ãËʽá̅Ç",
        "funReturn_Maru": "ˎÍāºáˑÊºÒÂƤʴÐ ƚƇµ»ÃÐĸÒħ¹ ¾Ç¡à¢ÒĢ§¤§àËȑÍ¹àŴÁ á́˗Òĉ¹ ¨Ð¨Ò¡ÁÒá̅Ç á̅ÇȤ³˕Ð àʛ¹Ģ§ä§˺Ò§¤Ð ħ¹׉?",
        "spring_2": "á̅Ç... Ȥ³Ʊá¼¹¨Ð àОÁ¼Å¼ƅµã¹¿ÒΓÁ ƫ׉Ģ§ä§˺Ò§¤Ð?",
        "spring_1": "ġ¹ÁīÈ¨ÃÃΒÁÒ¡ àұÍä˴àʫ¹ȎªáÅÐ ĪµΗԷ§ËÁ´ ¡ĥºÁÒƱƚƇµƚÇÒƽ¡¤Ճ§ àұÍÄɤãºä́¼ƅ чıÒĥ§ÁÒǖ§",
        "spring_22": "˶ÒюªÒÂ¢Í§ĉ¹ äˑàÍÒá˅ŇÒĕÇàʛ¹ ÄÒƹ ĉ¹ʁ¤§ªÇ¹à¢Ò ÁÒ·Ò¹رÍàʢ¹˺Ò§",
        "summer_20": "ĉ¹Ê§ĪÂ˗ÒюªÒÂĉ¹ à¤ÂƱ¤ÇÒÁ¡̅Ò ч¨Ð¢Í Íźà¡Å ÍÍ¡à´·ËȓÍà»˕Ò?",
        "summer_2": "ĉ¹ªÍºàʁºÊÐÊÁ áÁÅ§˅Ò§æ чĉ¹à¨Íã¹Äɤ̃Í¹",
        "fall_1": "ã¹ȷ¡æ Äɤ ˷Í§˿ÒÂÒÁ¡ÅÒ§Ǵ¹ àךÂÇãËˑ¨Ð¼ĥ´ā¹ áÊ´§ĕÇ ġ¹ʺÒ§§´§ÒÁчä˴àʛ¹ »ÃÐĈ¡Ι¾ÂÒ¹ã¹ ¤ÇÒÁâ´´à˄¹ ¢Í§¾Ç¡ġ¹",
        "fall_25": "ÄɤË¹ÒÇ áˌ»¡¤ɅÁä»ȷ¡ч àÃÒ˵Í§ä»àʊ¤ÃÐºº ƾ·àµÍΓ՛Òƽ¡¤Ճ§ Ż´ÇÒΕÇ áÅÐàʊ¤©¹Ç¹ ā¹¤ÇÒÁ̃Í¹ Է§ËÁ´ã¹˺Ò¹#$e#äˑ˵Í§˛Ç§¹Ð¤Ðчģ¡ ĉ¹¨ÐĈ´¡ÒÃ Է§ËÁ´׉àÍ§",
        "fall_3": "Äɤãºä́˓Ç§ ŇÒã̋ĉ¹Ǚ§ǖ§ µÍ¹чÍÍ¡ä»ĕ´ä́ ˢÒ§¹Í¡āºáˑ... ÃÒÇāº¨Ðä˴¡Х¹ ¢Í§ä́áÅÐÂÒ§ä́Ê´æ »¹ÁÒ˴ÇÂàÅÂ˕Ð",
        "winter_15": "ÄɤË¹ÒÇ чˌÒ¹ÁÒŇÒã̋ĉ¹ ړǪ¡œÒ¤Ò­ã¨",
        "winter_5": "ĉ¹Ëħ§˗ÒˎÍ ¨ÐÊºÒÂƤ¹Ð... à¢ÒÍÒ¨¨ÐړǪ¡Ë´ԛ ã¹ÄɤË¹ÒÇ à¾ÃÒÐâÍ¡ÒÊã¹¡ÒÃ ŇÒ§Ò¹ƇĈÂÀÒ¤Ê¹ÒÁ ¢Í§à¢Ò¨ÐÅ´Å§",
        "winter_2": "á̅Ç... Ȥ³ÇÒ§á¼¹ ä̇Ģ§ä§˺Ò§¤Ð àҮÍч¨Ðã̋àÃÒƱÃÒÂģº ÍԒµÅÍ´ʺÇ§ ÄɤË¹ÒÇ׉#$e#Ȥ³ÍÒ¨¨Ðä»µ¡»ÅÒ ËȓÍËÒ¢Í§ÁÒ¢ÒÂ...#$e#˶ÒËÒ¡˗Ò Ȥ³ä»ŇÒàËȑÍ§ ˵Í§Ī­­Ò āºĉ¹¹Ð¤Ð ˗ÒȤ³¨ÐÃÐħ§ĕÇ",
        "spring_Maru": "ĉ¹ړǪ¡ҥ¹à˵¹ āº¡ÒÃŇÒ¿ÒΓÁ ã¹ƫãËˑ׉˕Ð @!$h",
        "summer_Maru": "ÍÒ¡ÒÈµÍ¹àʢ¹щ ӭ¹ƤĈ§ ġ¹àʛ¹ʺÇ§àÇÅÒ чƤчɊ´ ¢Í§ƫã¹¡ÒÃɤ´ÒÇ ã¤Ã¨Ðړ˗Ò¨ÐƱÍÐäÃ ÍԒº¹Թ¹˺Ò§?",
        "fall_Maru": "ƚƇµã¹¿ÒΓÁ ʺÒ§Ƥ¨ƃ§æ á˅ĉ¹ʁƤã¨ чĢ§ŇÒ§Ò¹ã¹¤ƅŹ¡ÍԒ... ġ¹àʛ¹ºƃ¡ÒÃ чĸÒàʛ¹ÁÒ¡ ŚÒËģºȪÁª¹",
        "winter_Maru": "ĉ¹Ǚ¡ä»ǖ§ ¾ÒÂɳºÒΓº ч¨Ðä˴·Ò¹ã¹ Äɤãºä́¼ƅ ׉á̅Ç˕ÐʴÐ âÍ... ¡Х¹ι¹ ¤ÇÒÁÍ˓ÍÂι¹!",
        "spouseRoom_Maru": "#$c .5#ĉ¹ҥ¹á˅à˪Ò àҮÍÁÒɤ´ÒÇ Ź´ËˉÍÂʴÐ#$e#Ëħ§˗ÒȤ³ ¨Ðäˑ˗ÒÍÐäÃ ˶Òħ¹׉ĉ¹ã˪àÇÅÒ āºâ»Ãà¨¤¢Í§ĉ¹ ˺Ò§¹Ð¤Ð чģ¡"
    }
}
