{
    "header": {
        "target": "w",
        "formatVersion": 5,
        "hidef": true,
        "compressed": 128
    },
    "readers": [
        {
            "type": "Microsoft.Xna.Framework.Content.DictionaryReader`2[[System.String, mscorlib, Version=4.0.0.0, Culture=neutral, PublicKeyToken=b77a5c561934e089],[System.String, mscorlib, Version=4.0.0.0, Culture=neutral, PublicKeyToken=b77a5c561934e089]]",
            "version": 0
        },
        {
            "type": "Microsoft.Xna.Framework.Content.StringReader",
            "version": 0
        }
    ],
    "content": {
        "Introduction": "̽Ð! ãʺ¤¹ч̂ÒÂàˢÒÁÒÍԒãËˑ ǣà»˕Ò?#$b#ĉ¹ҚÍÁÒɃ ĉ¹Ե§Ë˹ÒԵ§µÒ ÃÍч¨ÐÁÒ¾ºȤ³àÅÂ!$h#$e#ړà»˕Ò ˗Òã¹àȑÍ§àʥ¡æ áººà׉ÂÐ ¤¹Ë˹ÒãËˑæ ¨ÐʺÇÂàʛ¹ıÒĥ§ŚÒĄ­ ã¹¡ÒÃà»ѕÂ¹á»Å§ȪÁª¹ä˴¹Ð Ċ¡¨Ðҥ¹à˵¹á̅ÇƊ!",
        "Resort_Entering": "ƇÅѕºÍ¡˗Ò à¸Íàʛ¹¤¹ʺÇÂʻÍÁàȓÍ ¢ÍºȤ³чŇÒáººԹ¹¹Ð!",
        "Resort_Leaving": "ι¹ġ¹Êȹ¡ƤĈ§!",
        "Resort": "ĉ¹Ī§à¡µàʫ¹ »ÅÒ´ÒÇÁÒ¡¡˗ÒËѹ§ÊƫкΚ... ËÅÒÂªŹ´ˉÐ... ªŹ´чĉ¹ªÍºǴÍ äÍà˨ÒĕÇƺˑÇ§ãËʽæ ι¹ˉÐ á˅¾Ç¡ġ¹ˉÒÊ¹ã¨ËÁ´àÅÂ¹Ð!",
        "Resort_Towel": "*̍Ò»Ò¡ˤÒ§*... ι¹ġ¹Ɋƃɂ»ÃÒ¤Ò!$3#$b#â̍... ʺÒ§ġ¹à¶ÍÐ ġ¹ʁáʴà¸Í ÁÒȒ¹Ě§´Ç§ÍÒŷµΒˉÐ",
        "Resort_Towel_2": "¾ÍÍԒчщá̅Ç àÃÒÍԒ˛Ò§ä¡Å ¨Ò¡¤ÇÒÁà¨ƃ­ÁÒ¡æ àÅÂ¹ÐàщÂ#$b#ÅÍ§Ũ¹µ¹Ò¡ÒÃǖ§ ´Ç§´ÒÇчȤ³ÊÒÁÒÃ¶ àʫ¹ä˴µÍ¹¡ÅÒ§Ǵ¹Ɗ#$e#ã¤Ã¨Ðړ äˑáˉ¹Ð¾Ç¡àÃÒÍÒ¨¨Ð ä˴àʫ¹¨Ò¹ź¹ċ¡ŕÒ ËȓÍÊÍ§ŕÒ!$h",
        "Resort_Bar": "ǷÁÁÁÁÁ... ŇÒäÁ¼Åä́à¢µ̃Í¹ ġ¹ǖ§Í˓ÍÂ¢¹Ò´׉ā¹¹Ð?",
        "Resort_Shore": "ĉ¹Ê§ĪÂĈ§˗Ò ƇÅѕ¨ÐÂÍÁã̋ĉ¹ àÍÒ¡̅Í§â·Ã·ÃÃÈΉÁÒчщ àʛ¹ºÒ§¤Ճ§ä˴ՁÂ...#чщ˷Í§˿Òâ»˓§ÁÒ¡àÅÂ ĉ¹¾ę¹˗Òĉ¹ÊÒÁÒÃ¶ ËÒàȑÍ§à¾ƅá¡¹ à¨Íчà̊¹¢Íº˿Òä˴#äˑáˉ¹Ð ĉ¹ÍÒ¨¨Ðàʫ¹Ȥ³Ч§ÍԒÃÍºæ %farm ¿ÒΓÁʁä˴¹Ð!",
        "danceRejection": "ĉ¹»صÁġ¹¹Ð á˅Ť´ƽ¡Ƨ... äˑƤ¡˗Ò",
        "divorced": "àÃÒäˑƱÍÐäÃ ч¨Ð˵Í§ȤÂā¹ƽ¡$a",
        "breakUp": "щĢ§äˑƤ¾ÍŚÒËģºȤ³ ãʺäËÁ?$a#$b#äˑàʛ¹äÃ...$s",
        "dumped_Girls": "à¸Í¡̅ÒÁÒ¡¹Ð чÁÒȤÂāºĉ¹!$a",
        "secondChance_Girls": "à¸ÍàƺÂ¤ÇÒÁÈģ·¸Ò ¨Ò¡ĉ¹ä»á̅Ç @... á˅ĉ¹ÍĠÂã̋à¸ÍԷ§ËÁ´$s",
        "Mon": "àұÍäË˓чĉ¹à¨Íāº ě­ËÒ˴Ò¹à·¤Ź¤ ĉ¹ġ¡¨ÐÍÍ¡ä»àŴ¹à˕¹#$e#áÅÐġ¹á»Å¡Ƥ¹Ð ¡ÒÃчä˴ÍÍ¡ä» à»ѕÂ¹ºÃÃÂÒ¡ÒÈ ġ¹¨ÐʺÇÂã̋ĉ¹ ˌÍ¹¤ÅÒÂä˴",
        "Tue": "Ȥ³ä˴ä»à¨Í Ȥ³áˑ¢Í§ĉ¹á̅ÇËȓÍĢ§? áˑ¢Í§ĉ¹à¸Íàʛ¹ ʺÒ§ä́¢Í§àȑÍ§׉¹Ð",
        "Wed": "ĉ¹ŇÒ§Ò¹ч¤ƅŹ¡¢Í§ÎÒΓƷΒ ã¹ħ¹ĭ§¤ÒÃáÅÐħ¹¾ÄīÊºƤ#$b#à¢ÒºÍ¡˗Ò à¢ÒªÍºчƱĉ¹ÍԒʺÇÂ ã¹µÍ¹чɍ»¡Ã΃¡ÒÃá¾·Βà¢Ò ã˪§Ò¹äˑä˴!$h#$e#àʛ¹à¡ÉµÃ¡ÃʷÒÂ¡˗Òà¹ÍÐ ˗ÒäËÁ?",
        "Thu": "Ë˹Ò̃Í¹׉ĉ¹ÇÒ§á¼¹ä̇˗Ò ¨Ðã˪àÇÅÒāº ¡̅Í§ɤ´ÒÇ¢Í§ĉ¹",
        "Sat": "Ȥ³ړĈ¡ˎÍ¢Í§ĉ¹äËÁ à¢ÒҚÍŴƱà·ƳÂÊ ˎÍ¢Í§ĉ¹à¢Òàʛ¹ ę¡Ƈ·ÂÒÈÒÊµΓ ĉ¹ړǪ¡Êȹ¡ÁÒ¡ чä˴ʺÇÂàËȕÍȤ³ˎÍ µÍ¹чˇÒ¹ŇÒ§Ò¹ÍԒã¹áʥ»˕Ð",
        "Fri": "à̎ ¢Íâ·É¹Ð ˶Òĉ¹ɤ»ÃÐËÅÒ´ä»... ĉ¹Ģ§àËҩÍÂ ¨Ò¡§Ò¹àұÍÇÒ¹ÍԒàÅÂ#$c .5#ĉ¹˵Í§áº¡¡˕Í§ àÍ¡ÊÒÃ¡ÒÃá¾·Β ä»ä̇̋Í§ã˵Ëĥ§¤Ò!#$e#á̅Çĉ¹Ģ§˵Í§ Ĉ´àÍ¡ÊÒÃڌˋÇÂ ¡˗ÒњΪÇâÁ§ŵ´ā¹!",
        "Sun": "Ëħ´Ƥ!#$q 3/4 Sun_01_old#Ȥ³Êȹ¡чä˴ŇÒ¿ÒΓÁ ËȓÍà»˕Ò?#$r 3 0 Sun_01_01#Êȹ¡Ɗ#$r 4 0 Sun_01_02#äˑ˝Ð",
        "Sun_01_old": "$p 3#à̎ ˌÒ¹ä»Ī»´ÒΛá̅Ç Ȥ³ä˴Ğ²¹Ò¿ÒΓÁ ä»ƽ¡Ԣ¹Ǚ§á̅Ç¹Ð! ɤàËȑÍ¹˗ÒȤ³ ¨ÐàУÁàˢÒчàˢÒ·Ò§á̅ÇƊ$h|àʛ¹Ī»´ÒΛчàËҩÍÂ āº¿ÒΓÁãʺäËÁ˕Ð? ¤§§Ò¹àÂÍÐˉÒɤ...$s",
        "Sun_01_01": "ġ¹ʁƤ¹Ð ãʺäËÁ?$h",
        "Sun_01_02": "̇ÒÂ! ĉ¹¢Íâ·É Ȥ³à¤ÂŤ´¨ÐŇÒÍÐäÃÍ˒Ò§ҽ¹ ˺Ò§ËȓÍà»˕Ò...?$s",
        "Tue2": "ÁÒ˺Ò¹ĉ¹¹Ð ˶Ò˵Í§¡ÒÃ ĭ»à¡Ã´ Ъ§ʱÍỄÒ§#$e#Ʊ¤¹ÁÒàђÂÁ˺Ò§ʁƤ¹Ð",
        "Fri4": "áˑĉ¹àʛ¹ʺÒ§ä́ ˚Ç¹ˎÍĉ¹àʛ¹ę¡Ƈ·ÂÒÈÒÊµΓ ĉ¹˗Òġ¹ʁàˢÒƧÍԒ¹Ð чĉ¹¨ÐªÍºỄÒ§ Ъ§»ÃÐŴÉ΀˅Ò§æ ˉÐ",
        "Mon6": "ºÒ§¤Ճ§¤ÇÒÁŤ´ĉ¹ ġ¹ʁӢ§àËƂ§ä»āº àҳÍ§ä̃ÊÒÃÐ чŇÒã̋ĉ¹á·º¨ÐŤ´äˑÍÍ¡ ġ¹à¤Âàʛ¹āºȤ³˺Ò§ǣà»˕Ò?#$e#ä»ɺ´ÍÒ¡ÒÈºƃɊ·ڸʺÇÂä˴¹Ð",
        "Wed8": "ĉ¹ŇÒ§Ò¹ч¤ƅŹ¡¢Í§ÎÒΓƷΒ ã¹ħ¹ĭ§¤ÒÃáÅÐħ¹¾ÄīÊºƤ#$e#à¢ÒʁƤ¹Ð á˅äˑãʺÊà»¤ĉ¹...",
        "Thu10": "â̍ @! Ȥ³ƱÍÐäÃÍÂÒ¡ɮ´āºĉ¹ ǣà»˕Ò?$l",
        "Event_Hospital_1": "áˉ¹Í¹ à¢Ò˵Í§ړ¤ÇÒÁáµ¡˅Ò§Ɗ! ʁĕÇÍ˒Ò§׉ġ¹ àƺÂËÒÂËÁ´á̅Ç! %fork$s",
        "Event_Hospital_2": "ʁä˴ ĉ¹¨ÐâÂ¹¤ÇÒÁż´ã̋Ȥ³ÅÐā¹$u",
        "Event_Hospital_3": "ɦ¡¢Í§Ȥ³ ĉ¹¤ÇÃºÍ¡¤ÇÒÁ¨ƃ§à¢Òä» %fork$u",
        "Event_Space1": "ġ¹ˉÒĭÈ¨ÃÃΒãʺäËÁ˕Ð?",
        "Event_Space2": "ĉ¹˗ÒȤ³¨ÐÁÍ§àʛ¹ Í˒Ò§Թ¹ʁä˴...$s#$b#á˅ʁĢ§ˉÒѷ§ãʺäËÁ˕Ð?",
        "Event_Cut1": "â̍äˑ?$8#$b#àÍÒ˕Ð ι¹ŇÒã̋ĉ¹ړǪ¡Ƥ ע¹ÁÒËˉÍÂ ¢ÍºȤ³¹Ð",
        "Event_Cut2": "äˑ¹Ð! ˝Ò... ĉ¹¢Íâ·É ¢Íâ·É¨ƃ§æ$s",
        "event_robot1": "¢ÍºȤ³¹Ð ġ¹Ʊ¤ÇÒÁËÁÒÂāºĉ¹ÁÒ¡@#$b#ĉ¹ړ˗ÒЪ§»ÃÐŴÉ΀ äˑãʺá¹Ç¢Í§Ȥ³ á˅ĉ¹ʁ¢Íºã¨¹Ð чáÊ´§¤ÇÒÁÊ¹ã¨ ã¹Ъ§чĉ¹ŇÒ#$b#ĉ¹Ëħ§˗Ò ¨ÐŇÒÍÐäÃã̋Ȥ³ä˴˺Ò§$l",
        "event_robot2": "ÍÐäÃ¹Ð? Ëĥ§¨Ò¡à¸Íɮ´˗Ò à¸ÍäˑÍÂÒ¡àʛ¹·ÒÊáººµÃ§æ Í˒Ò§Թ¹? ʺÒ§àʢ¹ªÒàËȕÍàš¹...%fork$a",
        "event_robot3": "àËÍ...$8#$b#ĉ¹˗Òà¢Òä˴ɮ´Í˒Ò§Թ¹ ãʺäËÁ?$l#$b#...ȝÁ...$l",
        "event_robot4": "...$8#$b#@...$8",
        "event_robot_explain1": "...$s#$b#Ȥ³Ʊ»ÃÐàʔ¹¹Ð ĉ¹ä˴â»Ãá¡ÃÁà¸Í ã̋ŇÒĕÇàËȑÍ¹ÁȹÉΒ... á˅¸ÃÃÁªÒŵ¢Í§à¸ÍԹ¹ ġ¹ċº˫Í¹ ĉ¹äˑÊÒÁÒÃ¶áˉã¨ä˴˗Ò Ũµã˵ŚÒǙ¡ ¤§äˑä˴»ÃÒ¡¯ÍÍ¡ÁÒ ˴ÇÂĕÇ¢Í§à¸ÍàÍ§$8#$b#ÁÒ¡ä»¡˗ÒԹ¹ ¤§¨Ðɤ¨Í§ËÍ§ä»ËˉÍÂ ч¨ÐÍȹÁÒ¹˗Ò ÊÒġ­ŚÒǙ¡¤̅ÒÂÁȹÉΒԹ¹ لÁʴÒч¨Ðã̋Ʊä̇ä˴? ÊÁÍ§¡ÅԹ¹áµ¡˅Ò§ ¨Ò¡¾Ç¡àÃÒÁÒ¡ á˅ι¹äˑä˴ËÁÒÂ¤ÇÒÁ˗Ò àÃÒ¨Ðäˑà¤ÒÃ¾¾Ç¡à¸Íä˴$8",
        "event_robot_explain2": "ړÅÐ ġ¹äˑä˴Êȹ¡àÅÂ¹Ð$a",
        "event_robot_explain3": "щġ¹á˒ÁÒ¡! àʛ¹ÍÐäÃ¢Í§Ȥ³ @?$a#$b#ĉ¹¨ÐȕÁ˗ÒàÃÒ ȤÂā¹àҳÍ§׉ ä»«Ð... Ȥ³äˑä˴ŇÒĕÇ ÊÁàʛ¹Ȥ³àÅÂ$a",
        "summer_1": "Äɤ׉¨Ðàʛ¹ÄɤчƤ ã¹¡ÒÃɤ´ÒÇàÅÂáËÅÐ",
        "summer_Mon": "țÁ... ĉ¹¨ÐŇÒЪ§»ÃÐŴÉ΀ÍÐäÃ ã¹Ë˹Ò̃Í¹׉Ƥ¹Ð?#$e#",
        "summer_Mon6": "ÁÒч̋Í§ĉ¹Ɗ ˶ÒÍÂÒ¡àʫ¹ §Ò¹»ÃÐŴÉ΀ÅÇ¡æ ¢Í§ĉ¹",
        "summer_Tue": "à«ºÒÊàƥÂ¹àʛ¹ю˅Ò§ˎÍ ¢Í§ĉ¹àÍ§áËÅÐ ˶ÒȤ³Ģ§äˑړ˝Ð¹Ð#$e#àÃÒàÅÂɤáµ¡˅Ò§ā¹",
        "summer_Tue4": "à«ºÒÊàƥÂ¹ äˑʴÍÂɮ´āºĉ¹àÅÂ ºÒ§ƧʁŤ´¹Ð˗Òà¢Ò äˑªÍºĉ¹ǣà»˕Ò?#$e#ʁˉÒàÈ̃Ò¹Ð ĉ¹ÍÂÒ¡ƱюªÒÂ á˅à¢ÒäˑŇÒĕÇ àËȑÍ¹àʛ¹юĉ¹àÅÂ",
        "summer_Wed": "Ȥ³Êȹ¡āºÄɤ׉ËȓÍà»˕Ò?#$e#ƫ׉ġ¹ʺÒ§Íºӭ¹Ĉ§àÅÂ$h",
        "summer_Thu": "¢Íâ·ÉƧ ĉ¹ıÒĥ§Ť´ǖ§ àҳÍ§Ъ§»ÃÐŴÉ΀ чĉ¹ıÒĥ§ỄÒ§ÍԒ#$q 35/36 Thu_01_old#ĉ¹ĕ´Ɗ¹ã¨á̅Ç˗ÒĪ¡ħ¹ ĉ¹¨ÐỄÒ§ӫ¹Â¹΅#$r 35 30 Thu_0#ι¹¤§¨Ðàʛ¹àҳÍ§ʷÒÂ ŚÒËģºà¸Í¹Ð#$r 36 -50 Thu_01_01#à¸Í¤ÇÃ¨ÐŇÒÍÐäÃ чɤàʛ¹ä»ä˴¡˗Ò׉äËÁ#$r 35 40 Thu_01_02#ğ§ɤ˷Ò·ÒÂƤ¹Ð",
        "Thu_01_old": "á̅Çà¨Íā¹¹Ð",
        "Thu_0": "¨ƃ§ËȓÍ? áˉã¨¹Ð ˗Òäˑä˴áʴÍÇÂĉ¹ˉÐ?",
        "Thu_01_01": "Ȥ³äˑŤ´˗Ò ĉ¹¨ÐŇÒä˴ËÃÍ?$s",
        "Thu_01_02": "ɦ¡¢Í§Ȥ³ á˅ĉ¹ʁģ¡¤ÇÒÁ˷Ò·ÒÂ!$h",
        "summer_Sat": "à̎ ƱÍÐäÃˉÒÊ¹ã¨àбÂÇāº ¿ÒΓÁ¨ÐºÍ¡ĉ¹˺Ò§#$e#äˑƱáˉàÅÂ",
        "summer_Fri": "ĉ¹ŇÒ§Ò¹ч¤ƅŹ¡àұÍÇÒ¹ äˑƱ¤¹äˢá́á˅¤¹àƤÂÇ#$e#ĉ¹˗Ò¤¹äˑʴÍÂˋÇÂ ã¹ʺÇ§Ë˹Ò̃Í¹˕ÐՁ§",
        "summer_Sun": "¾ę¹ä˴àÅÂ˗Ò Ȥ³˵Í§»ɵ¡ÍÐäÃчġ¹ˉÒÊ¹ã¨ áˉàÅÂµÍ¹׉#$b#ˎÍĉ¹ºÍ¡˗Ò ƱȎªà͈§æ ËÅÒÂÍ˒Ò§âµã¹ɋºà¢Ò ã¹ʺÇ§àÇÅÒ׉¢Í§ƫáËÅÐ",
        "summer_Fri2": "à̎ à˕ÒàҳÍ§ÃÒÇàбÂÇāº ¡ÒÃŇÒ¿ÒΓÁËˉÍÂƊ#$e#ġ¹ˉÒҥ¹à˵¹Ƥ¹Ð!",
        "summer_Wed4": "щàʛ¹áʴĉ¹ËȓÍà»˕Ò ǣġ¹̃Í¹¨ƃ§æ?#$e#á˅ĉ¹˗Ò¤§áʴĉ¹áËÅÐ",
        "summer_Sun6": "Ī¡ħ¹ĉ¹¨Ðàʛ¹ ę¡»ÃÐŴÉ΀ÃÐĔºâÅ¡$u#$e#Ȥ³¨Ð˵Í§âª¤ƤÁÒ¡æ чƱĉ¹àʛ¹àҮÍ¹!#$b#...̅Íà˕¹ˉÒ",
        "summer_Tue8": "@ Ȥ³ɤƤ¹Ðħ¹׉$h",
        "summer_Thu10": "ŇÒäÁȑÍȤ³әÁĈ§Է§æ чŇÒ§Ò¹ã¹¿ÒΓÁàщÂ¹Ð?",
        "fall_Mon": "Ȥ³ä˴ä»àËȑÍ§ˊÍÂǣà»˕Ò? ĉ¹ä˴Ƃ¹ÁÒ˗Ò Ʊá˓чƱ»ÃÐâÂªΉ àÂÍÐáÂÐàÅÂ",
        "fall_Tue": "ħ¹׉˵¹ä́ɤÊÇÂĈ§!$h",
        "fall_Thu": "µÍ¹׉ã¹ºÒ§˚Ç¹¢Í§âÅ¡ àʛ¹Äɤãºä́¼ƅ¹Ð ÅÍ§Ũ¹µ¹Ò¡ÒÃɤ!",
        "fall_Wed": "ǫëÂ... ĉ¹ړǪ¡äˑÍÂÒ¡ŇÒ§Ò¹ ã¹ħ¹¾ӣ§׉àÅÂ",
        "fall_Fri": "¾ę¹ä˴˗Ò Äɤ׉¨Ð˵Í§à¨Í ¤¹ч¤ƅŹ¡àÂÍÐáˉæ$s#$e#á˅ĉ¹ʁËħ§ã̋ȷ¡¤¹ ƱɊ¢ÀÒ¾Ƥ¹Ð",
        "fall_Sat": "¾Ç¡ãºä́чË˕¹щ ¨Ðàʛ¹ÍÒËÒÃã̋áʱàʫ´ áÅÐЪ§ƱƚƇµàʥ¡æ ҽ¹æ$u#$e#ˉÒÊ¹ã¨ãʺäËÁ˕Ð?",
        "fall_Sun": "à̎ щŚÒËģºƽ¡Ī»´ÒΛчƤ! *ҤÁÍÇÂ¾Ã*",
        "fall_Tue2": "@ ĉ¹ªÍº˵¹ä́ áººчġ¹àʛ¹ÍԒµÍ¹׉!#$e#ĉ¹ړ˗ÒȤ³ªÍºġ¹˴ÇÂ",
        "fall_Wed4": "˶ÒȤ³ƱàÈÉàËʥ¡àËȕÍæ äˑä˴ã˪ ĉ¹¨Ð¢Íã˪ä»ŇÒ â»Ãà¨¡΅¢Í§ĉ¹¹Ð#$e#á˅Ȥ³¨Ð˵Í§äˑä˴ ã˪ġ¹¨ƃ§æ¹Ð",
        "fall_Fri6": "ʺÇ§׉ĉ¹ړǪ¡˗Ò âÅ¡ġ¹Ê´ãÊ àʛ¹žàÈÉàÅÂ...$h",
        "fall_Mon8": "à¸ÍˉÒ¨ÐÁÒËÒĉ¹ ч¤ƅŹ¡¾ӣ§׉¹Ð ĉ¹ŇÒ§Ò¹Ե§á˅ 10 âÁ§à˪Òǖ§ 4 âÁ§àʢ¹$h",
        "fall_Thu10": "ãºä́ŵ´ÍԒчīÇȤ³áˉÐ à݋ÂÇĉ¹àÍÒÍÍ¡ã̋¹Ð#$e#...$h",
        "winter_1": "ã̋µÒÂƊ ġ¹Ë¹ÒÇĈ§...$s",
        "winter_Mon": "Ȥ³àʫ¹ÁȹÉΒƋÁÐ чĉ¹Ի¹äËÁ?$h",
        "winter_Tue": "¼Áĉ¹ġ¹ֺɯä»ËÁ´àÅÂ à¾ÃÒÐÍÒ¡ÒÈá̋§æ щ *¶ÍÂËÒÂã¨*",
        "winter_Wed": "ĉ¹Ť´˗ÒÄɤË¹ÒÇ ¤§àʛ¹ʺÇ§àÇÅÒчƤ ã¹¡ÒÃỄÒ§Ъ§»ÃÐŴÉ΀¹Ð#$e#ĉ¹Ëħ§˗Ò ĉ¹ˉÒ¨ÐŇÒÍÐäÃ чàʛ¹»ÃÐâÂªΉ ã̋à¡ÉµÃ¡Ãä˴¹Ð?",
        "winter_Thu": "à̎ àʛ¹ä§˺Ò§?#$e#ġ¹àʛ¹ʺÇ§àÇÅÒчƤ ч¨Ðä»ŚÒÃÇ¨զÒ#$e#ĉ¹ʁÍÂÒ¡ä»¹Ð á˅ˎÍĉ¹¤§äˑã̋ä»",
        "winter_Fri": "ĉ¹Ëħ§˗Òƫ׉ ĉ¹¨Ðäˑàʛ¹Ëħ´¹Ð",
        "winter_Sat": "Ȥ³ä˴ỄÒ§àµÒËÅÍÁ (Furnace) ËȓÍĢ§?#$e#Ȥ³ÊÒÁÒÃ¶ã˪ġ¹ à»ѕÂ¹ħµȶŴº àʺ¹ á˓ ã̋àʛ¹¼ƅµĠ³΁ чƱ»ÃÐâÂªΉä˴$u",
        "winter_Sun": "àÇÅÒË¹ÒÇ ĉ¹¨ÐʷÇ§¹Í¹...",
        "winter_Sat2": "à̎ ˶Òà¤ҳÍ§Ĉ¡Ãà¡ÉµÃ ¢Í§Ȥ³˵Í§ʻÍÁ ºÍ¡ĉ¹ä˴¹Ð$h",
        "winter_Tue4": "à̎ Ȥ³ƱäÍàƤÂŚÒËģº ɍ»¡Ã΃ĭ¹ãËˑ Ƨĉ¹ỄÒ§ä˴˺Ò§äËÁ?#$e#ȝÁÁÁ ĉ¹ģºğ§¤ÇÒÁŤ´àʫ¹ ¢Í§Ȥ³¹Ð",
        "winter_Fri6": "Ȥ³ɤÊ´Қ¹¹Ðħ¹׉ ĉ¹à´Ò˗Ò¤§àʛ¹à¾ÃÒÐ ÍÒ¡ÒÈчÊ´Қ¹ã¹ÄɤË¹ÒÇ",
        "winter_Mon8": "˗Òä§ @!$h#$e#à̎ Ť´˗ÒÁȹÉΒƋÁÐщ àËȑÍ¹Ȥ³äËÁ?",
        "winter_Thu10": "@ ÁÒã¡̅æ ËˉÍÂ ĉ¹Ë¹ÒÇ$l#$e#ȑÍĉ¹á̋§à¾ÃÒÐÍÒ¡ÒÈË¹ÒÇ ĉ¹˵Í§¢Íâ·É˴ÇÂ¹Ð$l"
    }
}
