{
    "header": {
        "target": "w",
        "formatVersion": 5,
        "hidef": true,
        "compressed": 128
    },
    "readers": [
        {
            "type": "Microsoft.Xna.Framework.Content.DictionaryReader`2[[System.String, mscorlib, Version=4.0.0.0, Culture=neutral, PublicKeyToken=b77a5c561934e089],[System.String, mscorlib, Version=4.0.0.0, Culture=neutral, PublicKeyToken=b77a5c561934e089]]",
            "version": 0
        },
        {
            "type": "Microsoft.Xna.Framework.Content.StringReader",
            "version": 0
        }
    ],
    "content": {
        "Mon": "¾ÂÒÂÒÁ˅Íä» à˨ÒËɩ ĉ¹Ť´˗Òà¸Í¨Ðâ˄§Ĕ§ä˴#$e#¶ÒÁä˴¹Ð ˶Òà¸Í˵Í§¡ÒÃÍÐäÃ",
        "Tue": "ĉ¹ړ˗Òà¸Í¨ÐÁÒчщĪ¡ħ¹ áˉ¹Í¹˗Ò ĉ¹ŇÒã̋ġ¹ÂÒ¡ËˉÍÂ àҮÍã̋à¸ÍƱáÃ§ɘ§ã¨ ä»Ԛ¤ÇÒÁàʛ¹àƅÈ",
        "Wed": "µÍ¹áÃ¡ĉ¹ʁàš´ÁÒ àʛ¹áʴàʔ¡¸ÃÃÁ´Ò á˅ĉ¹ä˴ĕ´Ɗ¹ã¨ Ե§á˅àЙ¹æ àÅÂ˗Ò ĉ¹¨Ðàʛ¹¤¹žàÈÉã̋ä˴",
        "Thu": "à̎ Í˒ÒºÍ¡ã¤Ã¹ÐàбÂÇāºчщ âÍà¤? ĉ¹ÍÂÒ¡ã̋ġ¹... žàÈÉ#$e#à¸Í¨Ðàʁº¤ÇÒÁĥº ã̋āºàҮÍ¹à¸Í Mr.Qi ãʺäËÁ?",
        "Fri": "Í˒ÒËɂ´ч¨ÐËÒ ¤ÇÒÁÊÁɪÃ΃áºº#$e#Í˒Òä˴Ëɂ´ āºЪ§чĢ§äˑàʛ¹àƅÈ āºȷ¡Í˒Ò§чà¸ÍŇÒ",
        "Sat": "àÇÅÒчà¸ÍÍÂÒ¡Ğ¡ ʁËɂ´Ğ¡¹Ð",
        "Sun": "Ե§ã¨˅Íä» á̅ÇĪ¡ħ¹à¸ÍÍÒ¨ ¨Ðä˴àʛ¹Í˒Ò§ĉ¹",
        "QiNutRoom_Mon": "âÅ¡׉ƱÍÐäÃ ÁÒ¡¡˗ÒчµÒàʫ¹¹Ð à˨ÒËɩ ħ¹Ǚ§ à¸ÍÍÒ¨¨ÐàˢÒã¨#$b#ŚÒËģºµÍ¹׉ áʴԵ§ã¨ ӡ§Ԛ¤ÇÒÁàʛ¹àƅÈ ã¹ȷ¡Í˒Ò§чŇÒá̅Çā¹",
        "QiNutRoom_Tue": "ĉ¹Ʊħ¹׉ä˴ ˴ÇÂáÃ§ã¨̅Ç¹æ àÅÂ à˨ÒËɩ#$b#ǴÍַ¹Ð... Ũµã¨àщÂ àʛ¹à¤ҳÍ§ȑÍч·Ã§¾ĥ§#$b#ч¨ƃ§á̅Ç ġ¹àʛ¹à¤ҳÍ§ȑÍч·Ã§¾ĥ§чɊ´ Է§ã¹âÅ¡á˛§¤ÇÒÁàʛ¹¨ƃ§... áÅÐчÍԒàËȉÍŨ¹µ¹Ò¡ÒÃ",
        "QiNutRoom_Wed": "ĉ¹»ÃÐėºã¨ ã¹¤ÇÒÁؤÍ¢Í§à¸ÍáËÐ à˨ÒËɩ... ġ¹˵Í§ã˪ÇÍÅę· äˑãʺ˹ÍÂàÅÂ ¡˗Ò¨ÐÁÒä¡Å¢¹Ò´׉ä˴",
        "QiNutRoom_Thu": "äˑ˗Òà¸Í¨Ðä»äË¹... ¨ÐƱĉ¹ÍԒËĥ§ˑÒ¹ ¤ÍÂŇÒã̋âªΗ ġ¹ˉÒÊ¹ã¨àÊÁÍ ˞Ò˞Ò˞Ò...#$b#ËȓÍ˗Ò... äˑãʺĉ¹ā¹¹Ð?",
        "QiNutRoom_Fri": "¨§ÁÍ§ä»Ģ§´Ç§´ÒÇчä¡ÅчɊ´ áÅÐã̋ġ¹à˻ÒËÁÒÂ¢Í§à¸Í#$b#ġ¹àʛ¹ä»ä˴àÊÁÍ ч¨ÐˡÒÇä»ä˴Ëѹ§ˡÒÇ ä¡Å¡˗Òчà¸Íà¤ÂŤ´˗Ò¨ÐŇÒä˴",
        "QiNutRoom_Sat": "ºÒ§Ъ§ʁˢÒÁˌÒ¹ ¡ÒÅàÇÅÒáÅÐ̋Ç§ÍÇ¡ÒÈ¹Ð à˨ÒËɩ ġ¹àʛ¹¤ÇÒÁړǪ¡ чäˑàËȑÍ¹Ъ§ã´ÍԒã¹Í¡... àʛ¹àƺÂ§¡ÃÐūº ¢Í§Ъ§чÍԒä¡Åâ˾¹ÍÍ¡ä»",
        "QiNutRoom_Sun": "˫ÒÂȑÍà¸Í à¸Í¨Ðà¨Í¡ÃÐ´Ò¹ чƱº··´ÊÍºžàÈÉ ¢Í§ĉ¹ÍԒ... »ģºÁÒàҮÍà¸Í â´Âà©¾ÒÐàÅÂ˕Ð à˨ÒËɩ#$b#·Ò§¢ÇÒȑÍ àʛ¹¢Í§ÃÒ§ħÅТ§ãËʽ ŚÒËģº¤¹чˌÒ¹ º··´ÊÍº¢Í§ĉ¹ä˴...#$b#¨§âª¤Ƥ˕Ð à˨ÒËɩ"
    }
}
