{
    "header": {
        "target": "w",
        "formatVersion": 5,
        "hidef": true,
        "compressed": 128
    },
    "readers": [
        {
            "type": "Microsoft.Xna.Framework.Content.DictionaryReader`2[[System.String, mscorlib, Version=4.0.0.0, Culture=neutral, PublicKeyToken=b77a5c561934e089],[System.String, mscorlib, Version=4.0.0.0, Culture=neutral, PublicKeyToken=b77a5c561934e089]]",
            "version": 0
        },
        {
            "type": "Microsoft.Xna.Framework.Content.StringReader",
            "version": 0
        }
    ],
    "content": {
        "Introduction": "ä§ àʔ¡˹ÍÂ ĉ¹ҚÍá¾Á#$e#˶Òà¸ÍäˑŇÒĕÇзàʷÒ àÃÒʁ¨ÐàˢÒā¹ä˴Ƥ",
        "Resort_Shore": "ɤàËȑÍ¹ ¨ÐƱ»ÅÒчäˑà¤Âàʫ¹чäË¹ ˗ÒÂÍԒá¶Ç׉áËÐ ¤ÃÒÇË˹Òĉ¹˵Í§ àÍÒàʚ´ÁÒ˴ÇÂ«Ðá̅Ç!",
        "Resort": "ўў... ƇÅѕã̋»ÅÒÍºá̋§ ¾Ç¡àÃÒ¤¹ÅÐ֊¹ µÍ¹ι§àȓÍˢÒÁÁÒ˴ÇÂ ÃÊªÒŵƤÁÒ¡!",
        "Resort_Chair": "щáËÅÐ ¤ÇÒÁÊºÒÂ! ĉ¹ÍÒ¨¨Ð ÂÍÁ¶Í´ÃÍ§à˷Òʁä˴!$h#$e#Í˒ÒÁÒÁÍ§à˷Òĉ¹ ã̋ġ¹ÅÐàƽÂ´ÁÒ¡ę¡˕Ð àʔ¡˹ÍÂ",
        "Resort_Bar": "ġ¹àʛ¹âÍ¡ÒÊžàÈÉˉÒ àʔ¡˹ÍÂ... ĉ¹¨Ðϊ§ÍÐäÃá»Å¡ãËˑ˺Ò§ àÍÒÁÒÊÍ§àÅÂ!$h",
        "reject_867": "áˑà˨Òâ̇Â ɤι¹Ɗ... àËȑÍ¹ÍÐäÃчËɅ´ÁÒ ¨Ò¡Í¹Ò¤µàÅÂ#$b#ўў â·ÉƧ àʔ¡˹ÍÂ... ĉ¹ã˪ġ¹äˑàʛ¹ËÃÍ¡ ġ¹ƱӛÁÁÒ¡¡˗Ò ĸÒ¹Ç¹à«ÅΕÊÁÍ§ĉ¹ƽ¡!$h",
        "pamHouseUpgrade": "ĉ¹äˑÍÂÒ¡àҚÍ ˗Òà¸Í¨Ð؛Í˺Ò¹ãËˑã̋ĉ¹! ƱĥºÅÁ¤Áã¹ǣà»˕Ò?#$e#â·ÉƧ ĉ¹äˑʴÍÂل¹ āº¡ÒÃчƱ¤¹ÁÒŇÒƤ ˴ÇÂàˇÒäÃ...$s",
        "pamHouseUpgradeAnonymous": "ĉ¹äˑÍÂÒ¡àҚÍàÅÂ˗Ò ¨ÐƱã¤ÃºÒ§¤¹؛Í˺Ò¹ã̋ĉ¹! ĉ¹á»Å¡ã¨ÁÒ¡ġ¹àʛ¹ ¡ÒÃ̅Íà˕¹ÍÐäÃǣà»˕Ò?#$e#â·ÉƧ ĉ¹äˑʴÍÂل¹ āº¡ÒÃчƱ¤¹ÁÒŇÒƤ ˴ÇÂàˇÒäÃ...$s",
        "MovieInvitation": "à´·¡ÅÒ§ǔ¡āºÂÒÂáʱá¾Á ãʺäËÁ? ÎÐ!$h^àʛ¹ڌËŭ§àчÂÇ¡ÅÒ§Ǵ¹ āºÂÒÂáʱá¾Á ãʺäËÁ? ÎÐ!$h#$b#áˉ¹Í¹Ɗ àʔ¡˹ÍÂ... á̅Çà¨Íā¹чι¹",
        "cc_Bus": "ä§ à¸Íà¤Âä˴Ƃ¹ àҳÍ§ÃÒÇàбÂÇāº Ã¶ĚÊĄ¹àʱÒǣà»˕Ò?#$b#ãʺ... ĉ¹¡ĥºÁÒĂºġ¹ƽ¡¤Ճ§á̅Ç à˨ÒËɩ... ˞Ò˞Ò ړǪ¡Ƥ¨ƃ§æ$h",
        "Mon": "#$1 PamDrank#à֭¡... īÇĉ¹...$k#$e#à¸ÍړäË̱ ĉ¹¤§š¹ÍÒËÒÃ чġ¹Ƥ˅ÍɊ¢ÀÒ¾ä»á̅Ç ˶Òĉ¹Ʊàŧ¹ч¨Ð؛Íġ¹#$e#à̎ à¸Í¤§Ʊ¢Í§Í˓ÍÂæ »ɵ¡àʕÁ¿ÒΓÁ˕ÐƊ țÍ?",
        "Saloon": "äˑƱÍÐäÃƤä»¡˗Ò¡ÒÃ ŨºàË̅ÒàҮÍã̋¤ÇÒÁÍºӭ¹ áʱ¡ÃÐɤ¡áʱæ ׉ƽ¡á̅Ç...$h",
        "Saloon_Entry": "ÍÒΛ... ã¹чɊ´/ĉ¹ÍÂÒ¡ä˴à¤ҳÍ§ҤÁ/āÊ! ¢ÍàËȑÍ¹àŴÁ¹Ð/à̎ ĉ¹¡ĥºÁÒá̅Ç!/ڝÇÇ áËˑ ĉ¹ƋÇթÒÁÒ¡!/ĉ¹¤Íá̋§ÁÒ¡!",
        "Trailer_Entry": "à¾¹Ʃ! ŇÒÍÒËÒÃàʢ¹ǣĢ§?/à¾¹Ʃ! ŇÒ§Ò¹˺Ò¹àÊʣ¨Ģ§?/à¾¹Ʃ! ÍԒ˺Ò¹ǣà»˕Ò?/à̎! áˑ¡ĥºÁÒÅÐ¹Ð!",
        "Saloon6": "à̎ à˨ÒËɩ ĉ¹¨ÐàוÂ§à¸Í¹Ð ˶Òĉ¹Ʊĕ§ʹˉÐ!",
        "Saloon_Tue": "à̎ āÊ! àÍÒÁÒƽ¡áˡÇ! *ÊÐǭ¡*$h",
        "Saloon_Wed": "*à̋Í*... à̎ à˨ÒËɩ à¸ÍĢ§àʔ¡àš¹¡˗Òч¨ÐÁÒ ǋÁàÈ̃ÒÍÐäÃá¶Ç׉",
        "Saloon_Thu": "*ǭ¡ǭ¡* ... ĉ¹ÃÍà¤ҳÍ§ҤÁ׉ ÁÒԷ§ˊÒÂàÅÂ ўў",
        "Saloon_Fri": "à̍Â āÊ! ¢ÍáÃ§æ ƽ¡áˡÇàʻÐ!",
        "Saloon_Sat": "%á¾ÁäˑµÍºÊ¹Í§",
        "Saloon_Sun": "%á¾ÁɤàËȑÍ¹˗Ò¨Ð äˑä˴Êŵá̅Ç»˕ÍÂà¸Í ä̇¤¹àƤÂÇʁá̅Çā¹",
        "Tue": "à̎ á¡! Í˒ÒÁÒ˴ÍÁæ ÁÍ§æ ÍÐäÃá¶ÇÃ¶˺Ò¹ĉ¹ µÍ¹ĉ¹äˑÍԒ àˢÒã¨?$u#$e#â·ÉƧ ¾ÍƤĉ¹˵Í§¤ÍÂÃÐħ§ ¤¹á»Å¡Ë˹Ò",
        "Tue2": "ĉ¹˝Ò¹Ëę§ȚÍžÁΎàұÍà˪Ò á̅ÇʁړǪ¡Ë´ԛ âÅ¡׉ġ¹àˉÒà¿Ðá̅Ç˕Ð à˨ÒËɩ#$e#ģ¡ÉÒĕÇàÍ§Ƥæ á̅Çá¡¨ÐÍԒÃÍ´¤Ãº 32...#$b#ι¹àʛ¹Ъ§ чˎÍĉ¹à¤ÂºÍ¡ä̇ ў ў ў$h",
        "Wed": "$d bus#à¸ÍäˑړËÃÍ¡˗Ò ĉ¹Ƥã¨áʴäË¹ чÃ¶ĚÊʻÍÁàÊʣ¨ ¾̃ÍÁã˪§Ò¹ƽ¡¤Ճ§! ĉ¹ړǪ¡ àËȑÍ¹ƱƚƇµãËˑàÅÂ|чˌÒ¹æ ÁÒ àʛ¹ʺÇ§чÂÒ¡ŕÒºÒ¡ ĉ¹˵Í§ÍÍ¡¨Ò¡§Ò¹¤¹ĂºÃ¶ ˶Òĉ¹ä˴§Ò¹¡ĥºÁÒ ĉ¹¨Ð¾Òà¸Íä» ·ÐàÅ·ÃÒÂ¤ÒƅâˡàÍ§",
        "Thu": "#$1 PamDrunk#ºÅÒÒ... ĉ¹š¹àƪÂΓä»àÂÍÐàұÍǴ¹ ä»ã̋˾¹$k#$e#˺Ò¹ĉ¹ġ¹äˑÊÇÂËÃÍ¡ á˅Í˒Ò§˹ÍÂʁÍԒˢÒ§áˑթÒ#$e#à̎ à¾¹Ʃàʛ¹ɵ¡ĉ¹ ŇÒƤāºà¸ÍäˑʁäÊīÇä» àˢÒã¨µÃ§ā¹¹Ð?",
        "Thu4": "à¾¹ƩºÍ¡˗Òĉ¹ã˪àÇÅÒ чºÒΓÁÒ¡ä»$s",
        "Thu4_inlaw_Penny": "ġ¹Է§ˉÒ¡ĥÇԷ§â´´àфÂÇ ч˵Í§ÍÒĨÂÍԒã¹ Ã¶˺Ò¹¤¹àƤÂÇ...",
        "Fri2": "à¸ÍړäËÁ ºÒ§Ƨĉ¹ʁŤ´ ÍÂÒ¡ËÒ§Ò¹ÍŴàÃ¡ŇÒ ÍÐäÃʁä˴ч¹Í¡àËȉÍä»¡˗Ò ¡ÒÃÍԒчºÒΓȷ¡Ǵ¹#$e#à¸ÍƱ¤ÇÒÁŤ´ÍÐäÃäËÁ˕Ð?#$e#...à˝Í äˑԧ¹ĉ¹¨ÐÅÍ§à˕¹ËÁÒ¡Ƀ¡ āºĕÇàÍ§ɤ",
        "Fri": "ã¹á˅ÅÐħ¹ ġ¹ʁàËȑÍ¹ā¹ι¹áËÅÐ$s#$b#¤§¨ÐƤ¡˗Ò׉ ˶Òĉ¹àš´ÁÒÃÇÂ...$s",
        "Sat": "ŇÒã̋áˉã¨ʱÍ¹¹Ð˗Ò ÃÍ§à˷Ò¢Í§à¸Í¹ÐÊÐÍÒ´ ʱÍ¹ч¨ÐÁÒàŴ¹ã¹˺Ò¹¢Í§ĉ¹$u#$e#ġ¹ˉÒœÒ¤Ò­¹Ð ч¨Ð˵Í§ÁÒŇÒ¤ÇÒÁÊÐÍÒ´ƽ¡ à¸ÍˉÒ¨Ðړä˴á̅Ç¹Ð",
        "Sat4": "ĉ¹Ëħ§ ã̋Ʊ¡ӥÁàÍÅΏĪ¡¡ӥÁ ÁÒ˺Ò¹ĉ¹µÍ¹ǔ¡ á̅ÇÁÒĈ´˺Ò¹ã̋ĉ¹ ˞Ò˞Ò˞Ò$h#$e#ĉ¹¨Ðä˴ã̋īÇĜ¡¡Ò´ä»#$e#˶Ò¢Òĉ¹äˑáʂ§ҧÍÍ˒Ò§׉ ĉ¹¤§ä»àŴ¹à˕¹чɰà¢Ò Ե§¹Ò¹á̅Ç",
        "Sun": "à¸Íä˴àʛ¹àҮÍ¹āº āÊËȓÍĢ§? à¢Òàʛ¹¤¹Ƥ¹Ð#$e#ħ¹àš´ĉ¹ à¢Òʁã̋àƪÂΓš¹¿Ƴ",
        "event_credit1": "à̎ ÃÐħ§»Ò¡ËˉÍÂ! Í˒ÒÁÒϊ§ĉ¹!$u",
        "event_credit2": "...ι¹ġ¹? ġ¹ɤá˒ÁÒ¡!$s#$b#...â̍$s",
        "summer_Tue": "ÊħÊƤ ¤¹á»Å¡Ë˹Ò",
        "summer_Tue2": "â̍ ι¹à˨ÒËɩ @^â̍ ι¹à¸ÍàÍ§ËÃÍ @#$e#˵Í§¡ÒÃã̋ĉ¹ ʺÇÂÍÐäÃËȓÍà»˕Ò?",
        "summer_Tue6": "ĉ¹à¤ÂƱ¤ÇÒÁËħ§áÅÐ ¤ÇÒÁĝ¹àËȑÍ¹à¸Í¤Ճ§Ëѹ§... á˅ɤĉ¹µÍ¹׉Ɗ$s#$e#ƚƇµàщÂ ʁäˑä˴àʛ¹ä»µÒÁч à¸Í¤Ò´Ëħ§ä̇ËÃÍ¡#$e#ġ¹˵Í§ä»Ê¹ËÃÍ¡˗Ò à¸ÍĢ§¢Ò´ÍÐäÃä»",
        "summer_Wed": "¡ÒÃƱ¿ÒΓÁ˷Í§Ж¹ ġ¹Ƥ˅ÍàȑÍ§àÃÒ¹Ð",
        "summer_Wed4": "˶Òà¸ÍɤáÅ¿ÒΓÁ ä˴ƤÁÒ¡æÅÐʁ ġ¹ÍÒ¨¨ÐʺÇÂ¼ĥ¡Ĕ¹ àÈÃÉ°š¨¢Í§àȑÍ§#$e#áÅÐ˅Í¨Ò¡Թ¹ȷ¡æ¤¹ ʁ¨ÐƱ§Ò¹ŇÒáÅÐàÃÒԷ§ËÁ´ ʁ¨ÐƱ¤ÇÒÁɊ¢ ãʺՁÂ?",
        "summer_Thu": "â̍ ÊħÊƤà˨ÒËɩªÒÇä˓#$e#ĉ¹äˑʴÍÂä˴ȤÂ āº¤¹á»Å¡Ë˹ÒˊÍÂËÃÍ¡¹Ð",
        "summer_Thu4": "ɤàËȑÍ¹˗Òĉ¹ ʁ¨Ðä»ι§ÍԒчºÒΓ»ÃÐĸÒ#$e#ġ¹ÍԒã¡̅˺Ò¹ĉ¹ÁÒ¡àš¹ä» áÅÐġ¹ʁ äˑä˴Ƥ˅ÍɊ¢ÀÒ¾˴ÇÂ",
        "summer_Fri": "...țÁÁ?#$e#ä̍ËɩɊ´Ë˕Í ŇÒäÁǖ§ÁÒàƺÂàÇÅÒ ȤÂāº˻Òáʱæ Í˒Ò§ĉ¹˕Ð?^áˑÊÒÇ˹ÍÂ à¸Í¨ÐÁÒàƺÂàÇÅÒȤÂāº ¤¹Í˒Ò§ĉ¹ä»ŇÒäÁ̘Ð?",
        "summer_Sat2": "äˑ˵Í§Ê¹ã¨à˨ÒËÁÒáʱ чÍԒˢÒ§˺Ò¹ËÃÍ¡#$b#ġ¹ÍÒ¨¨ÐÁÍ§à¸Í á˅ġ¹ʁäˑƱ·Ò§ч¨ÐÍÍ¡ÁÒ ¨Ò¡¡˕Í§Թ¹ËÃÍ¡¹Ð#$b#ҚÍ¢Í§ġ¹¹ÐËÃÍ? ġ¹ҚÍĔÊׅ",
        "summer_Sat": "Ʊ¤¹ºÒ§¤¹ÁÒˊ¹àбÂÇāº ˚Ç¹Ë˹Ò˺Ò¹¢Í§ĉ¹... à¢ÒºÍ¡˗Ò 'ġ¹Ê¡»Ã¡' ãʺà¸ÍËȓÍà»˕Ò?$u#$e#ȞÁÁÁÁ...",
        "fall_Tue": "˶Òĉ¹ړĈ¡à¸ÍÁÒ¡¡˗Ò׉ ĉ¹ʁÍÒ¨¨ÐÍÂÒ¡ȤÂÁÒ¡¡˗Ò׉",
        "fall_Tue4": "ĉ¹à¤Âàʛ¹ÊÒÇÁÒʱÍ¹ äˑˉÒàҚÍãʺՁÂ˕Ð àËÍÐ?#$e#àÇÅÒˉÐ ġ¹ä»äÇàұÍà¸Íâµע¹$s",
        "fall_Wed": "*à̋Í*... ĉ¹à´Ò˗ÒǴ¹׉ ĉ¹˵Í§š¹ÍÒËÒÃáʺáʂ§ ƽ¡á̅ÇƊ¹Ð$s",
        "fall_Thu": "à¾¹Ʃàʛ¹Ъ§àƤÂÇчĉ¹Ʊ Ĕ§Թ¹à¸Í¤ÇÃ¨Ð ɤáÅà¸ÍƤæ¹Ð",
        "fall_Fri": "ȷ¡æħ¹ʁĢ§¤§àËȑÍ¹àŴÁ š¨ħµÃ»ÃÐĸÒħ¹àŴÁæ...$s#$e#à¸Íà¤ÂƱě­ËÒ áºº׉ǣà»˕Ò˕Ð à˨ÒËɩªÒÇä˓?",
        "fall_Sat": "à¸ÍʺÇÂŇÒ¤ÇÒÁÊÐÍÒ´ ˺Ò¹ĉ¹ËˉÍÂä˴ËȓÍà»˕Ò?#$e#áʴ̅Íà˕¹ˉÐ$h",
        "fall_Sun": "à¸ÍäˑƱ§Ò¹ŇÒǣä§?#$e#à¸Í¤ÇÃ¨ÐƤã¨¹Ð чà¸ÍƱ§Ò¹ŇÒƤ¡˗Ò ч¨ÐàŴ¹àҳÍÂàҫÍÂ ã¹àȑÍ§áºº׉",
        "fall_Sun4": "ĉ¹Ť´ǖ§ Ã¶ºÃÃȷ¡Ą¹àʱÒчĉ¹Ăº ĉ¹Ăºġ¹ä»ηÇæàȑÍ§ à¨Íڌ¤¹áÅÐğ§Ƈ·ɂ#$e#á˅àÇÅÒġ¹à»ѕÂ¹ ġ¹ä»á̅Ç˕Ð",
        "winter_Mon": "à¸ÍƱËɱÍԒч¿ÒΓÁǣà»˕Ò?",
        "winter_Tue": "˵Í§¡ÒÃÍÐäÃ ¨Ò¡ĉ¹ǣà»˕ÒËɩ˹ÍÂ ÅÍ§ä»ËÒчҽ¹ɤ¹Ð",
        "winter_Tue4": "ĉ¹áʴËħ§˗Òà¾¹Ʃ ¨ÐƱƚƇµчƤע¹ ã¹ħ¹ˢÒ§Ë˹Ò ˶Òà¸Íà¤ÂƱɵ¡à¸Í¨Ðړ ˗Ò¤ÇÒÁړǪ¡ĉ¹àʛ¹Ģ§ä§#$e#... ʺÇ§ÄɤË¹ÒÇġ¹á̋§ÁÒ¡ żÇ¢Í§ĉ¹ړǪ¡àËȑÍ¹ āº¡ÃÐ´ÒÉàʱÒæàÅÂ",
        "winter_Tue4_inlaw_Penny": "à̎ à¸Í¨ÐĈ´¡ÒÃȷ¡Í˒Ò§ä˴Ƥע¹ ã¹¿ÒΓÁàʱÒæ¢Í§à¸Í àұÍƱà¾¹Ʃ¤ÍÂʺÇÂàËȕÍ à¸Íàʛ¹¤¹àƤÂÇчĉ¹Ʊ!",
        "winter_Wed": "à̎ Ëɩ˹ÍÂ ŇÒÍÐäÃÍԒ?#$e#ĉ¹ʁáʴʶÒàÇÅÒ ȷ¡¤Ճ§ˉÐ",
        "winter_Thu": "ġ¹Ë¹ÒÇÁÒ¡æàÅÂ ˶Òĉ¹ä»ι§чºÒΓ ġ¹ˉÒ¨Ðӭ¹¡˗Ò׉ à¸ÍŤ´áººԹ¹ǣà»˕Ò#$e#ŇÒäÁäˑä»áÇÐч «Òɵ¹Ī¡ËˉÍÂ˕Ð?",
        "winter_Fri": "à¾¹ƩªÍºËę§ȚÍàʱÒæ ĉ¹Ť´˗Òà¸Í©ÅÒ´¡˗Òĉ¹#$e#ĉ¹ɰƁã¨Ĉ§",
        "winter_Sat": "ĉ¹¤ÇÃ¨ÐÅÍ§µ¡»ÅÒɤ˺Ò§ àʫ¹äËÁ˗ÒáˑթÒ ġ¹ã¡̅áʴäË¹",
        "winter_Sun": "*à̎ÍÍ*... Ë˹Ò˺Ò¹ĉ¹ ŇÒäÁÊ¡»Ã¡Í˒Ò§׉$s"
    }
}
