{
    "header": {
        "target": "w",
        "formatVersion": 5,
        "hidef": true,
        "compressed": 128
    },
    "readers": [
        {
            "type": "Microsoft.Xna.Framework.Content.DictionaryReader`2[[System.String, mscorlib, Version=4.0.0.0, Culture=neutral, PublicKeyToken=b77a5c561934e089],[System.String, mscorlib, Version=4.0.0.0, Culture=neutral, PublicKeyToken=b77a5c561934e089]]",
            "version": 0
        },
        {
            "type": "Microsoft.Xna.Framework.Content.StringReader",
            "version": 0
        }
    ],
    "content": {
        "Introduction": "â̍... ÊħÊƤ! ĉ¹à¾¹Ʃ...",
        "Resort_Entering": "à¡ÒÐ׉ÊÇÂɊ´æ!",
        "Resort_Leaving": "ĉ¹Êȹ¡ÁÒ¡æ àÅÂ$h",
        "Resort_Shore": "ĉ¹ÍÒÂŹ´ËˉÍÂ¹Ðчã˚Ȫ´˗ÒÂթÒ ã¹ччƱ¤¹àÂÍÐæ ˉÐ$s#$b#ĉ¹Ëħ§˗Ò¨ÐäˑƱã¤ÃÁÍ§¹Ð...$s",
        "Resort_Shore_2": "Ģ§ä§ʁà¶ÍÐ¹Ð թÒчщɤ˅Ò§¨Ò¡чҽ¹ÁÒ¡àÅÂ...#$e#äˑÍÂÒ¡¨ÐàҚÍàÅÂ¹ÐàщÂ ˗ÒщǴÍ·ÐàÅчĉ¹ ÁÍ§àʫ¹ÁÒµÅÍ´Է§ƚƇµ",
        "Resort_Towel": "ÅÁġ¹ŇÒã̋żÇĉ¹ÅÍ¡àҳÍÂàÅÂ á˅ʁړǪ¡Ƥ¹Ð$h",
        "Resort_Towel_2": "ĉ¹ıÒĥ§˝Ò¹Ëę§ȚÍàбÂÇāº ¡ÐÅÒƺ¤¹Ǚ§чä»ŵ´ÍԒº¹ à¡ÒÐ˓Ò§á˛§Ǚ§ˉÐ#$b#ĉ¹Ê§ĪÂĈ§ ˗Ò˶Òàʛ¹ĉ¹¨ÐŇÒĢ§ä§ã¹ Ê¶Ò¹¡ÒÃ΃Í˒Ò§Թ¹?",
        "Resort_Marriage_Towel_2": "à̎ чģ¡ Ȥ³ʺÇÂȒ¹Ū´˫ÒÂËˉÍÂä˴äËÁ?#$b#¢ÍºȤ³ áÊ§ÍÒŷµΒŇÒã̋ĉ¹ ˝Ò¹ÂÒ¡ä»ËˉÍÂˉÐ!$h",
        "Resort": "·ÃÒÂ׉әÁáÅÐ ÅÐàƽÂ´ÁÒ¡ ֙Çà˷Ò¢Í§ ĉ¹ړǪ¡ƤÁÒ¡!$h",
        "Mon": "ÊħÊƤ... #$e#â̍ à¸Í˵Í§¡ÒÃÍÐäÃËȓÍà»˕Ò?",
        "danceRejection": "â̽Ð... äˑ˕Ð ¢ÍºȤ³¹Ð$s",
        "breakUp": "...$s#$b#©... ĉ¹ړá̅... *ɺ´ÍÒ¡ÒÈ* ... Ã... àÃÒÊÒÁÒÃ¶àʛ¹àҮÍ¹ā¹ ä˴á̅Ç$s",
        "pamHouseUpgrade": "ÍÐäÃʁµÒÁчà¸ÍŇÒã̋ ¤ÃÍº¤ģÇ¢Í§ĉ¹ ¢ÍºȤ³ã¹¤ÇÒÁƱթÒã¨ ¢Í§à¸ÍÁÒ¡!",
        "pamHouseUpgradeAnonymous": "¾Ç¡Թ¹àʛ¹¤¹ч ÂÍ´àђÂÁчɊ´ã¹âÅ¡¨ƃ§æ...",
        "dumped_Girls": "ĉ¹äˑÊÒÁÒÃ¶·¹ ÁÍ§à¸Íä˴...$s",
        "divorced": "...¢Í̃Í§˕Ð ã̋ĉ¹ÍԒ¤¹àƤÂÇà¶ÍÐ¹Ð$s",
        "secondChance_Girls": "à¸Í֗§ÃÍÂá¼Åàʛ¹ ä̇º¹īÇã¨ĉ¹ @ Ģ§ä§ʁà¶ÍÐ... ĉ¹¾̃ÍÁч¨ÐȤÂāºà¸Í ƽ¡¤Ճ§Ǚ§á̅Ç˕Ð$s",
        "Mon4": "*à̋Í*... áˑ¢Í§ĉ¹ä»ч«Òɵ¹ ˊÍÂàš¹ä»á̅ÇáËÅ Ð$s#$q 7/8 Mon_old#á˅ġ¹äˑãʺàҳÍ§Ƥ ч¨ÐŤ´ã¹áʷÅº ¨ƃ§äËÁ˕Ð?#$r 7 50 Mon_7#ãʺ ġ¹¨ÐƤ¡˗Ò˶ÒŤ´ã¹áʷºÇ¡!#$r 8 10 Mon_8#ĉ¹Ť´˗Òġ¹Ƥ¹Ð ˶Òġ¹àʛ¹¤ÇÒÁ¨ƃ§",
        "Mon_old": "#$p 7#á˅˶Òĉ¹¾ÂÒÂÒÁ˅Íä» ʁˉÒ¨ÐŇÒã̋à¸Í à»ѕÂ¹á»Å§ä˴¹Ð|ġ¹ʁ¨ƃ§ ǖ§Ģ§ä§ĉ¹ʁ¤§äˑÊÒÁÒÃ¶ ŇÒÍÐäÃä˴ÁÒ¡ę¡ËÃÍ¡ àҮÍã̋ġ¹à»ѕÂ¹á»Å§",
        "Mon_7": "ι¹áËÅÐчĉ¹ړǪ¡ ˅Íä»¤§˵Í§¾ÂÒÂÒÁ ŇÒÍ¹Ò¤µã̋Ƥ¡˗Ò׉á̅Ç˕Ð",
        "Mon_8": "ºÒ§Ƨà¸ÍÍÒ¨¨Ðɮ´ɦ¡ʁä˴ àÃÒ¤ÇÃ¨ÐÍԒ āº¤ÇÒÁàʛ¹¨ƃ§ÁÒ¡¡˗Ò$u",
        "Mon8": "ĉ¹ÍÂÒ¡̂ÒÂÍÍ¡ÁÒ¡ ġ¹àËҩÍÂ¹Ðч˵Í§ ¤ÍÂā§ÇÅàҳÍ§áˑµÅÍ´àÇÅÒ#$e#ĉ¹ʁÍÂÒ¡ã̋à¸ÍƱ¤ÇÒÁɊ¢ á˅ĉ¹ÍԒчщµÅÍ´ä» äˑä˴ËÃÍ¡¹Ð... ړäËÁ?$s",
        "Tue": "ħ¹׉ĉ¹ƱÊÍ¹Ëę§ȚÍ ã̋āºƇ¹à«¹·áÅÐá¨Ê˕Ð... ÍÒ¨¨ÐŕÒºÒ¡ċ¡ËˉÍÂ á˅ġ¹ʁȆÍàʛ¹àҳÍ§чƤ¹Ð",
        "Tue4": "$d bus#ĉ¹¾ÂÒÂÒÁàʁºàŧ¹ ¨Ò¡¡ÒÃÊÍ¹Ëę§ȚÍÍԒ¹Ð á˅à¾ÃÒÐáˑĉ¹àÍ§ʁ˗Ò§§Ò¹ ŇÒã̋àŧ¹àʁº¢Í§àÃÒ äˑʴÍÂƱàÅÂ | µÍ¹׉áˑ¢Í§ĉ¹ ä˴§Ò¹ĂºÃ¶àÁΕ¡ĥºÁÒá̅Ç ã¹чɊ´ ĉ¹ʁ¨ÐƱàŧ¹àʁºàОÁע¹ àËȑÍ¹¨ÐàУÁ Ʊ¤ÇÒÁËħ§ËˉÍÂæ á̅Ç˕Ð",
        "Tue10": "ȝÁ @? ¿ÒΓÁˉÐ àʛ¹ччƤŚÒËģºàʔ¡¹Ð à¸Í˗ÒäËÁ?$l#$e#ĉ¹Ť´˗Òġ¹àʛ¹áººԹ¹¹Ð$l",
        "Wed": "¾Ç¡àÃÒäˑƱâÃ§àƳÂ¹чщ á˅ĉ¹¨ÐŇÒġ¹ã̋ƤчɊ´ àҮÍã̋Ƈ¹à«¹·áÅÐá¨Ê Ʊ¡ÒÃǨ¡ÉÒ#$e#àʔ¡æ ¨Ðä˴ģºâÍ¡ÒÊ ч¨Ð»ÃÐÊº¤ÇÒÁŚÒàʣ¨#$e#á¨Êà¸Íàʱ§¤ųµÈÒÊµΓ áÅÐ¡ÒÃ˝Ò¹ÁÒ¡ Ƈ¹à«¹·ʁƤ¹Ð... Ƥ à¢Ò¾ÍƱīÇƈÅ΋ÍԒ˺Ò§!",
        "Wed2": "ĉ¹Ť´ä̇˗Ò¨Ð¾Òàʔ¡æ ä»ėÈ¹Ǩ¡ÉÒċ¡ËˉÍÂ ˶Òàʛ¹чˋÒʁˉÒ¨ÐƤ¹Ð#$e#˶ÒƱƇ·ÂÒ¡Ãċ¡¤¹˴ÇÂ˕Ðʁ... ¤¹чƱ¤ÇÒÁړ àҳÍ§¸ÃÃÁªÒŵàÂÍÐæ#$e#̽Ð! ¢Íâ·É¹Ð áʴŤ´ÍÐäÃŹ´ËˉÍÂˉÐ",
        "Wed4": "ƚƇµĉ¹äˑà¤ÂÍÍ¡ä»äË¹ ä¡Å¨Ò¡àȑÍ§à¾ƅá¡¹àÅÂ¹Ð#$e#ĉ¹˗ÒˢÒ§¹Í¡ι¹ ¨Ð˵Í§ƱÍÐäÃã̋ĉ¹ä»à¨Í àÂÍÐáÂÐáˉæ àÅÂ",
        "Thu": "ĉ¹˗ÒàÃÒâª¤ƤÁÒ¡¹Ð чƱ̋Í§ÊɁ´ã¹àȑÍ§àʥ¡æ áºº׉#$e#¡ÒÃ˝Ò¹Ëę§ȚÍºÒ§¤Ճ§ ʁŇÒã̋à¸ÍȕÁ¤ÇÒÁàʛ¹¨ƃ§ чıÒĥ§à¼Ū­ÍԒ ä˴àËȑÍ¹ā¹$u#$e#...щ˕ÐՁ§ ǴÍàËȵ¼Åчĉ¹ªÍº ˝Ò¹Ëę§ȚÍˉÐ$s#$e#...¢Íâ·É¹Ð ĉ¹¤§ɮ´àÂÍÐä»ËˉÍÂ",
        "Thu6": "ĉ¹ÍÂÒ¡ƱÊÇ¹àʛ¹¢Í§ ĕÇàÍ§Ĉ§á˅ч˺Ò¹ĉ¹ ġ¹¤§äˑäËÇ$u#$e#ĉ¹Ť´ä̇˗Òċ¡ħ¹ ĉ¹¨Ðä»ÍԒã¹чæ ĉ¹ÊÒÁÒÃ¶ŇÒÊÇ¹ä˴˕Ð#$e#˶Òàʛ¹¿ÒΓÁ ʁˉÒ¨ÐŇÒä˴˕ÐՁ§ *Ť¡ Ť¡*$h",
        "Fri": "˶Òà¸ÍȢ´Ŵ¹ËÒÍÐäÃĪ¡Í˒Ò§ á̅Çà¨ÍЪ§ˉÒÊ¹ã¨#$e#ƱÍԒ¤Ճ§Ǚ§ чĉ¹à¨ÍàÈÉäËâºÃÒ³ ĉ¹àÍÒġ¹ä»ã̋ā¹à¸ÍΓ á̅Çà¢ÒʁºÍ¡˗Ò ġ¹ƱÍÒɂÁÒ¡¡˗Ò 3Ğ¹ƫ",
        "Fri2": "˶Òà¸ÍȢ´Ŵ¹ËÒÍÐäÃĪ¡Í˒Ò§ á̅Çà¨ÍЪ§ˉÒÊ¹ã¨#$e#ƱÍԒ¤Ճ§Ǚ§ чĉ¹à¨ÍàÈÉäËâºÃÒ³ ĉ¹àÍÒġ¹ä»ã̋ā¹à¸ÍΓ á̅Çà¢ÒʁºÍ¡˗Ò ġ¹ƱÍÒɂÁÒ¡¡˗Ò 3Ğ¹ƫ",
        "Fri4": "¨Ò¹ ¨Ò¹ á̅Çʁ¨Ò¹ à̎Í... ˶ÒáˑäˑàÁÒˤÒ§ ¨Ò¡ä»àчÂÇĜº¡ÅÒ§ǔ¡ à¸Í¤§¨ÐʺÇÂ§Ò¹˺Ò¹ä˴˺Ò§ ċ¡Ź´ʁĢ§Ƥ$s",
        "Sat": "àȑÍ§׉ʴÍ¹ˢÒ§àʥ¡¹Ðĉ¹˗Ò ÍԒä»äˑ¹Ò¹ ʁړĈ¡ȷ¡¤¹ä˴á̅Ç#$e#ã¹àȑÍ§¨Ð àʛ¹áºº׉ǣà»˕Ò¹Ð?",
        "Sat2": "$d Joja#ȷ¡Í˒Ò§ à»ѕÂ¹ä»ÁÒ¡àÅÂԵ§á˅ ̃Ò¹â¨˨ÒÁÒàŻ´чщ ȸÃš¨¢Í§ƫáÍΓʁá˒Å§ á˅áˑ¢Í§ĉ¹ªÍº̃Ò¹â¨˨Ò¹Ð à¸ÍºÍ¡˗Òġ¹ɦ¡Ƥ à¸Í؛ÍÍÐäÃä˴àÂÍÐ ¡˗Ò؛Íч̃Ò¹¢Í§ƫáÍΓ«Ðƽ¡ | Ե§á˅̃Ò¹â¨˨ÒŻ´ä» áˑ¢Í§ĉ¹ʁˊ¹ÁÒµÅÍ´àÅÂ á˅ĉ¹˗Òġ¹ʁƤä»Í˒Ò§¹Ð áˑ¨Ðä˴à¾ÅÒâ¨˨Òâ¤˕Ò Å§ä˴àƺÂƧ",
        "Sun": "Ëħ´Ƥ ȝÁÁÁ...$u#$b#ħ¹׉ÍÒ¡ÒÈƤ¹Ð ˗ÒՁÂ?#$e#¢Íâ·ÉƧ...$u",
        "Sun4": "ĉ¹¾ÂÒÂÒÁÁÒ¡¹Ð ч¨ÐŇÒã̋чщġ¹ÊÐÍÒ´ á˅ġ¹ ʁ¡ĥºÁÒàʛ¹àËȑÍ¹àŴÁƽ¡ÅÐ$s#$e#ġ¹ÂÒ¡ч¨ÐŇÒġ¹Է§ËÁ´ ˴ÇÂĕÇ¤¹àƤÂÇ$u",
        "event_speaker_kids1": "äˑä˴àËÃÍ?$l#$b#ι¹Ɗ¹Ð... à¸ÍàÍ§ʁƱÍ˒Ò§ҽ¹˵Í§ŇÒ àËȑÍ¹ā¹щ¹Ò",
        "event_speaker_kids2": "... ĉ¹àÍ§ʁàËȑÍ¹ā¹ Ƥã¨Ĉ§ чà¸ÍʁړǪ¡áººàƤÂÇā¹àÅÂ$7",
        "event_speaker_kids3": "ãʺá̅Ç... ġ¹äˑá»Å¡àÅÂ чàÃÒ¨ÐړǪ¡ÍÂÒ¡»¡˻Í§ áÅÐɤáÅÍÐäÃч˝Í¹áÍ¡˗Ò ĉ¹Ť´˗Òġ¹»¡ŵ˴ÇÂ՛Òä»",
        "event_speaker_kids4": "˝Ð ԧ¹àËÃÍ?$s#$b#ĉ¹Ť´˗Òà¸Í ˵Í§àʛ¹ڌ»¡¤ÃÍ§чƤ ã̋ɵ¡ä˴áˉæ$7",
        "event_speaker_kids5": "țÁ...$s#$b#˶Òȷ¡¤¹Ť´áººà¸Í˕Ðʁ ˋÒ¹׉¤§äˑƱã¤Ã àËȕÍº¹âÅ¡á̅Ç˕Ð$s",
        "event_speaker_kids6": "˝ÒÒÒ...$s#$b#ĉ¹àˢÒã¨чà¸Í ¾ÂÒÂÒÁ¨ÐҺÍ¹Ð... ǖ§ġ¹¨ÐɤˉÒàÈ̃Ò ä»ËˉÍÂʁà¶ÍÐ$s",
        "event_speaker_yes": "àђÂÁàÅÂ!$h#$b#¢Íĉ¹àƳÂ¡àʔ¡æ ʱÍ¹¹Ð",
        "event_speaker_no": "¨ƃ§ËÃÍ?... ȝÁ... àђÂÁ ä˴àÅÂ ĉ¹Ť´˗Ò ĉ¹¨Ðä˴¾ºà¸ÍàʣÇæ׉%fork$s",
        "event_mail1": "¢ÍºȤ³¹Ð...$l#$b#ĉ¹áʴÍÂÒ¡¨ÐʺÇÂ àˇÒԹ¹àÍ§ äˑŤ´˗Ò¨ÍΓ¨¨Ð â¡Ã¸ǖ§¢¹Ò´׉$s",
        "event_mail2": "â̽Ð...$l#$b#¢Íâ·ÉʴÐ Ȥ³ɁÅà¹ÍΓĉ¹äˑˉÒŇÒ áººԹ¹àÅÂ¨ƃ§æ$s",
        "event_mail3": "ĉ¹àˢÒã¨",
        "event_old1": "ʁɦ¡¢Í§à¸Í¹Ð... à¤ƳÂ´ä»ʁäˑä˴ʺÇÂ ã̋ġ¹Ƥע¹щ¹Ò?$u",
        "event_old2": "¨ƃ§˴ÇÂ ËÅÒÂæ ¤¹ġ¡¨ÐȕÁàҳÍ§׉ä»àÅÂ$u#$b#¾ÍàÃÒáʱĕÇÅ§ àÇÅÒã̋Ť´àÂÍÐע¹ ġ¹ʁŇÒã̋àÃÒ ړÍÐäÃä˴àÂÍÐע¹˕Ð¹Ð$u",
        "event_old3": "ĉ¹àʫ¹˴ÇÂāºà¸Í¹Ð#$b#àÃÒ¤ÇÃ¨ÐɤáÅڌÍÒɇâÊ¢Í§àÃÒ ã̋àËȑÍ¹āºчàÃÒ¨ÐËħ§ ã̋¤¹ҽ¹ÁÒŇÒāº àÃÒàËȑÍ¹ā¹",
        "event_old4": "ŇÒäÁà¸Íǖ§ɮ´áºº׉! ƚƇµġ¹äˑãʺЪ§ч ¨ÐàÍÒÁÒ֗§¢̇Ò§áººԹ¹¹Ð!$a",
        "event_cook1": "ɮ´¨ƃ§æ ԧ¹àËÃÍ? ¢ÍºȤ³¹Ð! ... ä˴Ƃ¹áººԹ¹ʁâ˕§ã¨$h#$b#ĉ¹¾ÂÒÂÒÁŤ´ɺµÃ׉ ¹Ò¹ÁÒ¡àÅÂ¹Ð áÅÐĉ¹ɰƁã¨āºġ¹ÁÒ¡æ àÅÂ˴ÇÂ˕Ð",
        "event_cook2": "â̍... ؽÁ áˉ¹Í¹Ɗ$s",
        "event_cook3": "â̍...ĉ¹¢Íâ·É$s",
        "event_pool1": "ãʺá̅Ç˕Ð...$8",
        "event_pool2": "ԧ¹àËÃÍ? ĉ¹Ǚ¡˗Òà¸Í¨Ðړá̅Ç «Ðƽ¡...$8",
        "event_pool3": "äˑ!$9",
        "event_pool4": "...ȝ- @ ĉ¹àÍ§ʁáÍºŤ´˗Ò à¸ÍʁړǪ¡àËȑÍ¹ā¹ á˅äˑǙ¡˗Òġ¹¨Ð àʛ¹¤ÇÒÁ¨ƃ§$6#$b#...ĉ¹¨ÐäˑƱħ¹ȕÁǴ¹׉àÅÂ$6^à¸ÍʺÒ§ɤƤàËȕÍàš¹... ĉ¹... *ކº*$6",
        "event_pool5": "ä...ˑ...ä˴¹-...?$8#$b#...!!!%fork$10",
        "event_family1": "ĉ¹ʁ˴ÇÂ$h",
        "event_family2": "...¢Íâ·É$s",
        "event_family3": "ĉ¹àˢÒã¨$s",
        "summer_Mon": "ÊħÊƤ... ȝÁ ÍÒ¡ÒÈƤ¹Ð äˑƊËȓÍġ¹äˑˉÒ¨ÐƤā¹¹Ð?",
        "summer_Mon4": "$d cc#¢ÍºȤ³¹Ðч ʻÍÁɸ¹ΒȪÁª¹ã̋ ¡ĥºÁÒã˪ä˴ƽ¡¤Ճ§ ȷ¡¤¹Қ¹ªÁ āºЪ§чà¸ÍŇÒÁÒ¡àÅÂ¹Ð | ÊħÊƤ @ Ƥã¨Ĉ§чà¸ÍÊºÒÂƤ",
        "summer_Fri": "$d bus#ä˴Ƃ¹ÁÒ˗Òà¸Í àʛ¹¤¹ʻÍÁÃ¶àÁΕ ã̋¡ĥºÁÒã˪ä˴ԧ¹àËÃÍ? ¢ÍºȤ³¹Ð | áˑ¢Í§ĉ¹ à¤Âàʛ¹¤¹ĂºÃ¶àÁΕ ÊÒÂàȑÍ§à¾ƅá¡¹ - ·ÐàÅ·ÃÒÂ¤ÒƅâˡÁÒʱÍ¹¹Ð á˅àұÍËÅÒÂƫʱÍ¹ Ã¶ġ¹ʁÁÒàƺÂä»«ÐÍ˒Ò§Թ¹ ˇÒ¹¹ÒÂ¡à·ÈÁ¹µƳàÍ§ ʁ¾ÂÒÂÒÁËÒàŧ¹ÁÒʻÍÁ ËÅÒÂƫá̅Ç á˅àŧ¹ʁäˑ¾ÍʁàÅÂ ˵Í§»˕ÍÂġ¹ä̇áººԹ¹$u",
        "summer_Sun": "щ...àÇÅÒ˗Ò§æ à¸Íä˴µ¡á˅§˺Ò¹¢Í§à¸Í ˺Ò§ǣà»˕Ò?#$e#˶Òĉ¹Ʊ˺Ò¹ ä̇ã̋µ¡á˅§àÍ§˺Ò§ ʁˉÒ¨ÐƤàËȑÍ¹ā¹¹Ð",
        "summer_Sat": "ÊħÊƤ ȝÁÁÁÁ...$u#$b#ħ¹׉ƇÇɰà¢ÒÊÇÂà¹ÍÐ ˗ÒäËÁ?$u",
        "fall_Mon": "ä§... ȝÁ à¸ÍâÍà¤äËÁ?$u",
        "fall_Mon4": "ġ¹ˉÒÍÒÂ¹Ðч˵Í§ÍÒĨÂ ÍԒã¹Ã¶˺Ò¹áºº׉ ã¹¢³Ðч¤¹ҽ¹ Ʊ˺Ò¹ÍԒā¹ˉÐ$u#$e#ĉ¹ʁËħ§¹Ð˗Òċ¡ħ¹ ĉ¹¨Ðä˴ÍԒã¹˺Ò¹Ƥæ áººà¢Ò˺Ò§$s",
        "fall_Tue4": "µÍ¹׉¿ÒΓÁà¸ÍɤƤ¨ƃ§æ$h",
        "fall_Thu6": "áˑàÍ§ ʁäˑä˴ɤáÅ ĕÇà¸ÍƤÁÒ¡ę¡...$u#$e#ĉ¹àʛ¹˛Ç§à¸Í¨ƃ§æ$u",
        "fall_Fri": "Äɤãºä́˓Ç§¢Í§ƫàʛ¹ àÇÅÒáÊ¹àÈ̃ÒŚÒËģºĉ¹...$s",
        "fall_Fri6": "ˎÍ¢Í§ĉ¹֗§ĉ¹ä» Ե§á˅Ģ§àʔ¡á̅Ç˕Ð à¢ÒºÍ¡˗Ò¾Ç¡àÃÒ àʛ¹àËȑÍ¹ 'ÀÒÃÐ' ¢Í§à¢Ò á̅ÇàÃÒʁäˑà¤Â à¨Íà¢Òƽ¡àÅÂ$s#$b#¢Íâ·É¹Ð чà˕ÒàҳÍ§ÍÐäÃáºº׉ ã̋à¸Íğ§... ¾Íàʫ¹ÍÐäÃæ ã¹µÍ¹׉á̅ÇʁªÇ¹ ̂Í¹ã̋Ǚ¡ä»ǖ§µÍ¹àʱÒæ ˉÐ$u#$e#˗Òá˅... µÍ¹׉ч¿ÒΓÁ àʛ¹Ģ§ä§˺Ò§˕Ð?",
        "fall_Sun10": "@! ĉ¹ıÒĥ§Ǚ¡ǖ§ àҳÍ§ºÒ§àҳÍ§ÍԒ¾ÍƤàÅÂ...#$e#à¸ÍŨ¹µ¹Ò¡ÒÃÀÒ¾ĕÇàÍ§ ã¹ƽ¡ƊºƫˢÒ§Ë˹Ò ä̇áººäË¹àËÃÍ?$l#$e#¢Í§ĉ¹ˉÐ¹Ð ƱàÂÍÐáÂÐàÅÂ˕Ð...$u",
        "fall_Sat8": "Ƥ̘Ð @$h#$e#ч˺Ò¹¢Í§à¸Í ¤§¨ÐŇÒ¤ÇÒÁÊÐÍÒ´ʷÒÂƊ¹Ð ĉ¹Ť´˗Òԧ¹¹Ð?",
        "winter_Fri": "...ÍÐäÃàËÃÍ?$u",
        "winter_Fri2": "à¸ÍړĈ¡ƵęÊäËÁ? à¢ÒÍÒĨÂÍԒº¹à¢ÒщàÍ§#$e#¨ƃ§æ á̅Çà¢Òàʛ¹¤¹чã¨Ƥ¹Ð... á˅áʴàʛ¹¤¹»ÃÐËÅÒ´æ ä»ËˉÍÂ ʁàÅÂäˑʴÍÂƱã¤Ã ÍÂÒ¡Ɋ§Ɗ§˴ÇÂ#$e#¨Ð˗Òä»ʺÇ§׉ʁ ÍÒ¡ÒÈË¹ÒÇ¹Ð à¢Ò¨Ðàʛ¹ÍÐäÃËȓÍà»˕Ò¹Ð ¹Í¹ã¹àʕ¹·áººԹ¹",
        "winter_Tue4": "ĉ¹ÅÐÃÍ¤ÍÂ ч¨Ðä˴àʫ¹¿ÒΓÁ¢Í§à¸Í µÍ¹Äɤãºä́¼ƅäˑäËÇ¨ƃ§æ#$e#ġ¹¤§¨ÐÊ´ãÊáÅÐ ÊÇÂ§ÒÁáˉæàÅÂ$h",
        "winter_Tue": "ĉ¹ġ¡¨ÐÍԒá˅ã¹˺Ò¹ ã¹ʺÇ§ÄɤË¹ÒÇ ĉ¹äˑªÍºÍÒ¡ÒÈàʢ¹ àÍÒ«ÐàÅÂ",
        "winter_Thu": "â̍... ÊħÊƤ à¸ÍÍÂÒ¡ȤÂËˉÍÂäËÁ?$u#$e#˶Òà¸Í¾º¢Í§чˉÒÊ¹ã¨Í˒Ò§ ħµȶâºÃÒ³ËȓÍá˓¸Òȵ ā¹à¸ÍΓÍÒ¨¨ÐƂ¹Ƥч ä˴ġ¹ÁÒáÊ´§ã¹žž¸Ġ³΁#$e#à¢ÒºÍ¡ĉ¹˗Ò à¢ÒƱ¢Í§¢ħ­žàÈÉ ŚÒËģºڌчºƃ¨Ò¤àÊÁÍ",
        "winter_Mon": "ħ¹ч 25 àÃÒ¨ÐĈ´§Ò¹àוÂ§ ÄɤË¹ÒÇā¹ġ¹àʛ¹ Ëѹ§ã¹š¨¡ÃÃÁ чĉ¹ªÍº#$e#ġ¹àʛ¹àÇÅÒŚÒËģº¢ÍºȤ³ ȷ¡Ъ§Ƥæ чàˢÒÁÒã¹ƚƇµ¢Í§à¸Í... á˅ŚÒËģº¤¹ηÇä» ¤§àʛ¹àƮÂ§àÇÅÒĞ¡ˌÍ¹ á̅Ç¡ÒÃáÅ¡¢Í§¢ħ­"
    }
}
