{
    "header": {
        "target": "w",
        "formatVersion": 5,
        "hidef": true,
        "compressed": 128
    },
    "readers": [
        {
            "type": "Microsoft.Xna.Framework.Content.DictionaryReader`2[[System.String, mscorlib, Version=4.0.0.0, Culture=neutral, PublicKeyToken=b77a5c561934e089],[System.String, mscorlib, Version=4.0.0.0, Culture=neutral, PublicKeyToken=b77a5c561934e089]]",
            "version": 0
        },
        {
            "type": "Microsoft.Xna.Framework.Content.StringReader",
            "version": 0
        }
    ],
    "content": {
        "Introduction": "à̎ ¹ÒÂǴÍ @ à˨Ò¢Í§¿ÒΓÁ¤¹ãËˑƊ¹Ð! ĉ¹ҚÍƫáÍΓ àʛ¹à˨Ò¢Í§̃Ò¹чщˉÐ^à̎ à¸ÍǴÍ @ à˨Ò¢Í§¿ÒΓÁ¤¹ãËˑƊ¹Ð! ĉ¹ҚÍƫáÍΓ àʛ¹à˨Ò¢Í§̃Ò¹чщˉÐ#$b#˶Òà¸ÍıÒĥ§ÁÍ§ËÒ àÁʥ´Ğ¹ۨ˕Ðʁ ÁÒч̃Ò¹¢Í§ĉ¹ä˴àÅÂ ĉ¹¨Ð؛Í¼Å¼ƅµ¢Í§à¸Í ã¹ÃÒ¤ÒчƤƧàƤÂÇ!#$e#¡ÒÃà¡ÉµÃàʥ¡æ щ¤§¨Ðàʛ¹Ъ§ãËˑ ã¹àÈÃÉ°š¨чщ¹Ð!",
        "Resort": "¡ÒÃËɂ´¢ÒÂ¢Í§ ŇÒã̋¼Á¢Ò´ÃÒÂä˴ ä»àÂÍÐàÅÂ...$s#$b#á˅ Ȥ³ړÍÐäÃՁÂ? ġ¹لÁʴÒ¹Ð",
        "Resort_Shore": "ȝÁÁ... ¡Х¹àʄÁæ ¢Í§·ÐàÅ ŇÒã̋¼ÁÍÂÒ¡¨Ðš¹«ÒŪƁ",
        "Resort_Chair": "à̍Í »˕ÍÂ¾Ç¡àʔ¡æ Ч§à˕¹ã˵áÊ§ÍÒŷµΒä»á̅Çā¹ ¼Á¨ÐÍԒº¹àˡÒםĕÇ׉щáËÅÐ",
        "Resort_Bar": "ҤÁá̅ÇʁҤÁ... āÊ˵Í§ä˴ıÒäÃÁËÒÈÒÅáˉæ!",
        "cc_Complete": "щǴÍĝ¹чàʛ¹¨ƃ§! à¸ÍäˑÊÒÁÒÃ¶Ũ¹µ¹Ò¡ÒÃ ä˴àÅÂ˗Ò¤ÇÒÁà¤ƳÂ´àҳÍ§ ̃Ò¹â¨˨Ò ËÅÍ¡ËÅÍ¹ĉ¹Ģ§ä§#$e#ŚÒËģºàȑÍ§àʥ¡æ áºº׉ ̃Ò¹ˤÒàʥ¡æ ̃Ò¹àƤÂÇ ʁ¾Íá̅Ç! Ģ§ä§ʁµÒÁ ʁĢ§ƱáÃ§¡´Ĕ¹ ¨Ò¡Ī§¤ÁÁÒ¡ÁÒÂ àҳÍ§ĉ¹ע¹ÃÒ¤ÒƊ¹ˤÒ",
        "joja_Begin": "ħ¹׉àʛ¹ħ¹чáÊ¹àÈ̃Ò ŚÒËģºàȑÍ§à¾ƅá¡¹ ¢Í§àÃÒ... ¾Ç¡â¨˨Òá»Å¡Ë˹ÒàˢÒÁÒ ĉ¹¤§¨Ðã¡̅̅ÁÅÐÅÒÂ ĉ¹ÍÒ¨¨Ð¢ÒẪÒ¹¢Í§ĉ¹ ã¹äˑ˪Ò׉...$s",
        "MovieInvitation": "à̎ ι¹àʛ¹¤ÇÒÁŤ´чƤ... ġ¹ʁƤ¹Ð чĉ¹¨Ðä˴ä»¨Ò¡ Ëĥ§à¤ÒΉàµÍΓ׉«Ð˺Ò§ ĉ¹¨Ðä»à¨Íà¸Íчι¹!",
        "Mon": "Ƃ¹Ƥ˵Í¹ģº! ˶Òà¸ÍıÒĥ§ÁÍ§ËÒ àÁʥ´Ğ¹ۨÍԒ˕Ðʁ à¸ÍÁÒɦ¡чá̅Ç˕Ð!",
        "Mon_inlaw_Abigail": "ÊħÊƤ à˝ÍÍ... ɵ¡ªÒÂ?$s^ÊħÊƤ à˝ÍÍ... ɵ¡ÊÒÇ?$s",
        "Mon4": "ÊħÊƤ @ ÍÂÒ¡ä˴àÁʥ´Ğ¹ۨËȓÍ˗Ò ˵¹¡̅Ò¢Í§ä́¼Å˕Ð?",
        "Mon4_inlaw_Abigail": "˗Òä§ @ Íźà¡ÅŇÒÍÐäÃÍԒàËÃÍ? ̃Ò¹׉äˑàËȑÍ¹àŴÁ àұÍäˑƱÍźà¡ÅÍԒ...",
        "Tue": "ºÒ§¤Ճ§ ĉ¹ʁƱƊ¹ˤÒãËˑàˢÒÁÒ Ĕ§Թ¹ʁáÇÐÁÒˊÍÂæ ËˉÍÂ˕Ð#$e#àŻ´̃Ò¹щ§Ò¹Ӣ§¨ƃ§æ àÅÂ¹Ð$h",
        "Tue6": "à¸Íʁړщ˗Òĉ¹ à¤Âàʛ¹ę¡ÁÇÂ чƱƭȑÍÁÒʱÍ¹... Ëġ´Ɏ¤¢ÇÒ¢Í§ĉ¹ˉÐ ÃÐĔºŅÒ¹Ò¹àƚÂÇ¹Ð!$h",
        "Wed": "ħ¹׉àʛ¹ħ¹Ëɂ´ ¢Í§ĉ¹«Ð˴ÇÂƊ#$e#ȝÁÁÁ... ŇÒÍÐäÃƤ˹Ò...$s",
        "Wed4": "µÍ¹чĉ¹ËәÁ¡˗Ò׉... ĉ¹ġ¡¨ÐËÒàҳÍ§ˉÒÊ¹ã¨ ÁÒŇÒä˴àÊÁÍ ÁÒµÍ¹׉ĉ¹¡ĥº¾º˗Ò ĕÇàÍ§àƺÂàÇÅÒ ä»áººä̃ÊÒÃÐ ȷ¡¤Ճ§чäˑä˴ŇÒ§Ò¹$s",
        "Thu": "ĉ¹Ƃ¹Ƥ ч¨Ðģº؛Í¼Å¼ƅµ˅Ò§æ ¨Ò¡à¸Í#$b#áÅÐã¹ÃÒ¤Òчɂŵ¸ÃÃÁ Í˒Ò§áˉ¹Í¹!",
        "Thu2": "ĉ¹ړǪ¡Қ¹ªÁ §Ò¹¢Í§¹ÒÂ¨ƃ§æ ¹Ð @ ĉ¹˵Í§ŇÒ§Ò¹ã̋Ëę¡ע¹ áÅÐËę¡ע¹¡˗Ò׉ ¨Ðä˴ƱıÒäÃ˺Ò§á̅Ç˕Ð^ĉ¹ړǪ¡Қ¹ªÁ §Ò¹¢Í§à¸Í¨ƃ§æ ¹Ð @ ĉ¹˵Í§ŇÒ§Ò¹ã̋Ëę¡ע¹ áÅÐËę¡ע¹¡˗Ò׉ ¨Ðä˴ƱıÒäÃ˺Ò§á̅Ç˕Ð",
        "Thu8": "#$1 pierre2#Íźà¡ÅƱÍÐäÃ àËȑÍ¹ĉ¹˺Ò§ՁÂ¹Ð? Í˒ÒºÍ¡àƱÂĉ¹¹Ð á˅ºÒ§Ƨĉ¹ʁÊ§ĪÂ¨ƃ§ ˗Òĉ¹àʛ¹ˎÍà¸Í¨ƃ§ǣà»˕Ò$k$s#$e#Í˒ÒºÍ¡àƱÂĉ¹àƚÂÇ á˅ĉ¹à¡ƵÂ´¡ÒÃ ŇÒÍÒËÒÃàʢ¹",
        "Fri": "#$1 pierreJoja#ȸÃš¨àУÁ˪ÒԵ§á˅ â¨˨ÒàˢÒÁÒã¹àȑÍ§ ġ¹ÂÒ¡ч¨Ðáʲ§Ă¹āº¾Ç¡à¢Ò$k$s#$e#ÊħÊƤ ¿ÒΓÁ¢Í§à¸Íàʛ¹ä§˺Ò§?#$e#ºÒ§ƧàÁʥ´¢Í§ĉ¹ ¨ÐŇÒã̋ġ¹àƳÂº̃ÍÂע¹¹Ð",
        "Sat": "˶Òà¸Íà¨Í¢Í§ˋÒ ĉ¹ʁ¾̃ÍÁ¨Ðģº؛Í¨Ò¡à¸Í ã¹ÃÒ¤ÒчàËÁÒÐÊÁ",
        "Sat8": "ĉ¹¨ÐºÍ¡¤ÇÒÁĥºÍÐäÃã̋¹Ð ºÒ§¤Ճ§ àÇÅÒч̃Ò¹äˑƱ¤¹ ĉ¹ʁ¨Ðǝ¡̃Í§âÍà»˓Ò Ëĥ§à¤Ò·àµÍΓ˕Ð$h#$e#Í˒ÒºÍ¡ã¤Ã˕Ð",
        "Sun": "#$1 pierreBlue#*à̎ÍÍ*... ĉ¹àҪÍч¨Ð˵Í§à˽Ò̃Ò¹ àËȑÍ¹ā¹¹Ð...$k$s#$e#ĉ¹ÍÂÒ¡ÍÍ¡ä»àŴ¹à˕¹˺Ò§ á˅äˑƱã¤Ãà˽Ò̃Ò¹#$e#ĉ¹ä˴Ƃ¹˗Ò ´Í¡ä́àУÁºÒ¹á̅Ç áÅÐÍÒ¡ÒÈʁ Ê´Қ¹˴ÇÂ...$s",
        "Wed6": "#$1 pierre1#*à̎ÍÍ*... ǖ§ȸÃš¨¢Í§ĉ¹¨Ð ӣ§àȓÍ§ÁÒ¡áʴäË¹ á˅ĉ¹ʁËħ§¨Ðã̋ġ¹ »ÃÐÊº¤ÇÒÁŚÒàʣ¨ ÁÒ¡¡˗Ò׉ щĉ¹àʛ¹˺ÒËȓÍà»˕Ò¹Ð? ºÒ§Ƨĉ¹ÍÒ¨¨Ðáʴ àҪÍƚƇµ¤ÃÍº¤ģÇ$s#$e#ħ¹ˢÒ§Ë˹Ò ĉ¹¨ÐàŻ´̃Ò¹ãËˑã¹àȑÍ§ áÅÐ »ÃÐÊº¤ÇÒÁŚÒàʣ¨#$e#ˉÒàƺÂ´ÒÂ ȸÃš¨ġ¹âµ˪Ò ¨¹ĉ¹àʁºàŧ¹ä˴ÂÒ¡¨ƃ§æ$s",
        "Thu4": "à̎ @ à¸Íàʛ¹ɵ¡ˤÒ ĭ¹ĔºËѹ§¢Í§̃Ò¹ĉ¹àÅÂ!",
        "summer_Mon": "ĉ¹ƱàÁʥ´Ğ¹ۨÄɤ̃Í¹ ¢ÒÂá̅Ç¹Ð! à¸Í؛Íä»àʁºä̇Ƥ¡˗Ò",
        "summer_Wed": "Ƥã¨Ĉ§ чä˴Ʊħ¹Ëɂ´āºà¢Ò˺Ò§",
        "summer_Thu": "ɤˇÒ·Ò§á̅Ç ȷ¡¤¹ıÒĥ§Ʊ¤ÇÒÁɊ¢ āºÍÒ¡ÒÈˢÒ§¹Í¡ ÁÒ¡¡˗Ò¨ÐÁÒ˪Í»֛§Ɗ¹Ð... *à̎Í*",
        "summer_Fri": "â̍ ä§ à¸Í¾Íã¨āºȤ³ÀÒ¾ àÁʥ´Ğ¹ۨŚÒËģºÄɤ̃Í¹ (Summer seeds) ¢Í§ĉ¹ǣà»˕Ò?",
        "summer_Sat": "Ë˹Ò̃Í¹àʛ¹àÇÅÒчàËÁÒÐ āº¡ÒÃ·Ò¹Êĥ´Ê´ ˗Òԧ¹ՁÂ?",
        "summer_Sun": "Ǯ... ˢÒ§ã¹׉ġ¹̃Í¹«Ð¨ƃ§",
        "winter_Mon": "à¸ÍäˑÊÒÁÒÃ¶ »ɵ¡ÍÐäÃä˴ã¹ÄɤË¹ÒÇ... Ĕ§Թ¹ĉ¹äˑƱ àÁʥ´Ȏª¢ÒÂã̋à¸ÍËÃÍ¡#$e#¨ƃ§æġ¹˵Í§àʛ¹ ıÒäÃ¢Í§àÃÒ",
        "winter_Wed": "#$1 pierreDin#ĉ¹¨Ðà«ÍΓä¾Ãͻ á¤âÃäÅΉ˴ÇÂÍÒËÒÃϔÒ áÅÐäÇΉÊµÒΓŴÇ ̋ÒÁºÍ¡ã¤Ã¹Ð!$k#$e#ã¹чɊ´ʁǖ§ħ¹Ğ¡ˌÍ¹",
        "winter_Thu": "ä§ ƱÍÒÃÁ΃ʊÍ»֛§àʥ¡æ ˹ÍÂæ ՁÂ?",
        "winter_Fri": "˚Ç¹ãËʽĉ¹؛Í¢ÒÂ à©¾ÒÐ¢Í§чš¹ä˴ˉÐ Ĕ§Թ¹˶Òà¸ÍƱá˓ËȓÍä́ à¸Í˵Í§ÅÍ§àÍÒä»¢ÒÂ чҽ¹ɤ¹Ð",
        "winter_Sat": "Ʊáʴĉ¹ËÃÍчړǪ¡Ë¹ÒÇ?",
        "winter_Sun": "˶Òĉ¹äˑä˴Ʊ̃Ò¹щ˕Ðʁ ĉ¹ÍÍ¡ä»Ч§ˢÒ§¹Í¡á̅Ç˕Ð#$e#¡ÒÃä˴»ÒºÍÅƋÁÐàщÂ ġ¹ˉÒÊȹ¡äˑ˹ÍÂàÅÂ",
        "fall_Mon": "àÁʥ´Ğ¹ۨŚÒËģº Äɤãºä́˓Ç§ÍԒчщá̅Ç! ã¹ÄɤË¹ÒÇˉÐ »ɵ¡Ȏªäˑä˴ËÃÍ¡¹Ð Ĕ§Թ¹ щàʛ¹âÍ¡ÒÊɊ´˷ÒÂá̅Ç ¨¹¡˗Ò¨Ðǖ§Äɤãºä́¼ƅ#$b#ŇÒã̋àʕÁч«Ð˕Ð?",
        "fall_Thu": "ÍÒ¡ÒÈ˴Ò¹¹Í¡ ʁàУÁË¹ÒÇá̅ÇƊ...#$b#ËÁÒÂ¤ÇÒÁ˗Ò ¨ÐƱ¤¹ÁÒч̃Ò¹ÁÒ¡ע¹ àҮÍÁÒËÒ¤ÇÒÁÍºӭ¹Ɗ¹Ð ўў",
        "fall_Fri": "#$1 pierreMEGA#¤ÇÒÁĝ¹¢Í§ĉ¹ ǴÍ¡ÒÃ¢ÂÒÂÊÒ¢Òä»àҳÍÂæ ¨¹¡˗Ò¨ÐϳÒÃÇÂ ўўў$k#$e#Ëħ´Ƥ ¿ÒΓÁ¢Í§à¸Íàʛ¹Ģ§ä§˺Ò§?#$e#ºÒ§ƧàÁʥ´Ȏª¢Í§ĉ¹ ÍÒ¨ŇÒã̋ÍÐäÃæ Ƥע¹¹Ð$h",
        "fall_Sat": "ĉ¹Ƃ¹Ƥ¨Ð؛Í¢Í§ȷ¡Í˒Ò§ ¨Ò¡¿ÒΓÁ¢Í§à¸Í#$e#ãʺ ĉ¹àÍÒÁÒ¢ÒÂ˅Í àҮÍŇÒıÒäÃι¹áËÅÐ... ʁȆÍ˗Òàʛ¹ˢÍƤ¢Í§ ¡ÒÃàʛ¹à˨Ò¢Í§̃Ò¹¹Ð#$e#µÍ¹׉Ť´ÍÐäÃäˑÍÍ¡...",
        "fall_Sun": "˶Òĉ¹äˑƱ̃Ò¹׉ ч˵Í§ɤáÅ˕Ðʁ ʁ¨ÐÍÍ¡ä»ˢÒ§¹Í¡ à݋ÂÇ׉˕Ð...#$e#ãºä́ãºË˭ÒʺÒ§ÊÇÂ§ÒÁ áÅÐàʫ´ʁıÒĥ§ ÍÍ¡´Í¡ÍԒ",
        "Event_naga1": "¢ÍºȤ³ÁÒ¡¹Ð ȕÁЪ§чà¸Íàʫ¹«Ð¹Ð µ¡Å§äËÁ âÍà¤äËÁ?$h#$b#...áÅÐĉ¹ʁ¨ÐŇÒàʛ¹ȕÁ˗Ò à¸Íà¤Â´Í´àˢÒÁÒ ã¹̋Í§¹Í¹ĉ¹!",
        "Event_naga2": "à¸ÍŇÒáºº׉āºĉ¹ä˴ä§? á˒ÁÒ¡$s#$b#à¸Íäˑ¤ÇÃÁÒÊÍ´ړÊÍ´àʫ¹ ã¹̋Í§¹Í¹ĉ¹¹Ð àҮÍ¹˺Ò¹чˉÒœÒ¤Ò­ щàʛ¹ÍÐäÃч˛ÇÂáµ¡ чɊ´àÅÂ$a"
    }
}
