{
    "header": {
        "target": "w",
        "formatVersion": 5,
        "hidef": true,
        "compressed": 128
    },
    "readers": [
        {
            "type": "Microsoft.Xna.Framework.Content.DictionaryReader`2[[System.String, mscorlib, Version=4.0.0.0, Culture=neutral, PublicKeyToken=b77a5c561934e089],[System.String, mscorlib, Version=4.0.0.0, Culture=neutral, PublicKeyToken=b77a5c561934e089]]",
            "version": 0
        },
        {
            "type": "Microsoft.Xna.Framework.Content.StringReader",
            "version": 0
        }
    ],
    "content": {
        "Abigail": "ɋºà¢ÒˇÒÁ¡ÅÒ§ÊÒÂ½¹ ɤˉÒÊ¹ã¨ÁÒ¡ע¹...˗ÒäËÁ˕Ð?",
        "Robin": "½¹Ëɂ´ĉ¹ ¨Ò¡¡ÒÃŇÒ§Ò¹ã̋àÊʣ¨ äˑä˴ËÃÍ¡! á˅˗Ò¹Ð... ˇÍ¹ä́чàƫÂ¡ щġ¹ˉÒœÒ¤Ò­¨ƃ§æ$s",
        "Demetrius": "Ƃ¹Ƥ˵Í¹ģº ÍԒˢÒ§ã¹ʱÍ¹ä˴¹Ð ˶ÒÍÂÒ¡ӭ¹",
        "Maru": "àұÍ½¹µ¡Å§ÁÒ ĉ¹ʁ¨ÐƱˢÍáˡĕÇ ч¨ÐŇÒ§Ò¹āºɍ»¡Ã΃ ¢Í§ĉ¹Է§ħ¹$h#$e#á˅ġ¹¤§ˉÒàҪÍ ŚÒËģºȤ³",
        "Sebastian": "˶ÒȤ³âª¤Ƥ Ȥ³ÍÒ¨àʫ¹¡º ã¹ÍÒ¡ÒÈáºº׉",
        "Linus": "½¹ӭ¹æ щàʛ¹¡ÒÃŇÒ¤ÇÒÁÊÐÍÒ´ĕÇ чړǪ¡ƤàÅÂ˕Ð$h",
        "Pierre": "¤¹˚Ç¹ãËʽÍԒã¹˓Á ã¹ħ¹áºº׉... ġ¹äˑƤàÅÂŚÒËģºȸÃš¨$s",
        "Caroline": "ÊÇ¹¢Í§ĉ¹Ʊ¤ÇÒÁɊ¢ħ¹׉$h#$e#...áÅÐʴÒթÒ¢Í§àÃÒ ¨ÐÅ´Å§ã¹àȄÍ¹׉˴ÇÂ",
        "Alex": "ҎÁ ÍÒ¡ÒÈáºº׉ äˑƤŚÒËģº¡ÒÃà˕¹ƑÌÒàÅÂ$s#$e#à̋Í Í˒Ò§˹ÍÂ ĉ¹ʁĢ§Â¡թÒËę¡ ã¹˺Ò¹ä˴$h",
        "George": "ġ¹Ë¹ÒÇÁÒ¡ ãʺäËÁ? щġ¹ħ¹˺Ò ÍÐäÃàщÂ",
        "Evelyn": "µÍ¹ĉ¹ҥ¹ ĉ¹ä˴Ƃ¹àƺÂ§թÒËÂ´ ÁÒ¨Ò¡чäË¹Ī¡ч... ĉ¹Ť´˗ÒËĥ§¤Ò ÍÒ¨¨ÐσÇ$s#$e#ã¹ħ¹àʱÒæ ¨ÍΓ¨¨ÐƳºȡƵȡ¨ÍɅ¡ע¹ á̅ÇʻÍÁġ¹... *¶Í¹ËÒÂã¨*$s",
        "Lewis": "ÊħÊƤ @ Ğ¡ÍԒËÃÍ?#$e#ĉ¹Ëħ§˗ÒáˑթÒ ¨Ðäˑà˝ÍˇÇÁ¹Ð...$s",
        "Clint": "ħ¹׉àʛ¹ħ¹Ƥ ã¹¡ÒÃŚÒÃÇ¨ àËȑÍ§á˓... ã¤Ã¨Ðړ Ȥ³ÍÒ¨¾ºá˓ ËÒÂÒ¡ʁä˴",
        "Penny": "àƺÂ§½¹µ¡Ĕ§ÁÒ¡àÅÂ à¾ÃÒÐ¡ÃÐ·ºËĥ§¤Ò âÅËÐ¢Í§Ã¶ˎÇ§#$e#... á˅ġ¹ʁˌÍ¹¤ÅÒÂƤ$h",
        "Pam": "àʛ¹ä§˺Ò§˕Ð à˨ÒËɩ ¾ÂÒÂÒÁŇÒĕÇã̋ á̋§ÍԒãʺՁÂ?",
        "Emily": "½¹µ¡чщ á˅äˑà¤Âµ¡ã¹ ·ÐàÅ·ÃÒÂ¤Òƅâˡ... ччàҮÍ¹¢Í§ĉ¹ á«¹ׄ ÍÒĨÂÍԒàÅÂ#$e#ĉ¹ÍÂÒ¡¨Ð ä»ËÒà¸Íħ¹׉Ĉ§$s",
        "Haley": "ĉ¹ã˪àÇÅÒԷ§à˪ÒŇÒ¼Á... µÍ¹׉½¹ŇÒã̋ġ¹àÅÐËÁ´á̅Ç$s#$e#*¶Í¹ËÒÂã¨*... ¡ÒÃã˪ƚƇµºÒ§Ƨ ġ¹ʁÂÒ¡¹Ð",
        "Jodi": "Ȥ³àʊ´ÃÍ§à˷Ò¢Í§Ȥ³ ʱÍ¹àˢÒÁÒǣĢ§? â·ÉƧ... ĉ¹àО§ɦخ¹ˉÐ#$e#á˅Ȥ³ʁàʛ¹ч ˵Í¹ģºчщ àÊÁÍ¹Ð ƎƎ$h",
        "Sam": "àƺÂ§½¹µ¡ ¡ÅºàƺÂ§ËÁ´ ŇÒã̋ĉ¹à˕¹Ƒ˵ÒΓ ä˴â´Âäˑâ´¹ áˑ˄ÒÅÐ¹Ð ƎƎ$h",
        "Leah": "ºÒ§Ƨħ¹׉ ĉ¹¤ÇÃŇÒ ÍÒËÒÃãËˑáÅÐˉÒҥ¹à˵¹˺Ò§ ºÒ§Í˒Ò§чÃÊĈ´˨Ò¹",
        "Shane": "ȝÁÁ... ÊÀÒ¾ÍÒ¡ÒÈáºº׉ ŇÒĉ¹ƋÇթÒ$s",
        "Marnie": "ä§˨Ð @ à¸ÍàƫÂ¡âª¡àÅÂщ... ʺÒ§ˉÒÊ§ÊÒÃ!$h",
        "Elliott": "ºÒ§¤Ճ§àұÍĉ¹ ¹Í¹ÍԒº¹àƥÂ§ ĉ¹ä˴Ƃ¹àƺÂ§Ëɷ´ ˌÒ¹ÊÒÂ½¹¹Ð#$b#á˅¾Íĉ¹ÁÍ§ä»ч Ë˹Ò˅Ò§ĉ¹ʁàʫ¹ á˅ˑÒ¹ƺà·Ò",
        "Gus": "äˑƱÍÐäÃ¨ÐƤ àËȑÍ¹äÇΉá´§ ã¹ħ¹áºº׉ ¨ƃ§ÁÐ?#$e#ĉ¹ģ¡§Ò¹ĉ¹¨ƃ§æ ўўў",
        "Dwarf": "½¹... ġ¹àʛ¹àҳÍ§ˉÒžÈÇ§ ŚÒËģºàÃÒÁÒ¡àÅÂ ¾Ç¡àÃÒºÒ§µ¹ ʁäˑà¤Âä˴ĪÁĜÊ āº½¹àÅÂԷ§ƚƇµ",
        "Wizard": "ħ¹чƱ¾Òɂ àʛ¹ʺÇ§àÇÅÒàƤÂÇ чˢÒ¨ÐҺÍÊÒÃ āº¸ÒȵºÒ§ªŹ´ä˴#$e#ˢÒäˑ¤Ò´Ëħ§ ˗Òà˨Ò¨ÐàˢÒã¨ ËÃÍ¡¹Ð",
        "Harvey": "Ëħ´Ƥ @! à˝Í... ʺÇ§׉ä˴˝Ò¹ÍÐäÃˉÒÊ¹ã¨ ã¹̋Í§ÊɁ´˺Ò§ՁÂ?#$e#˝Í ԧ¹ ȝÁ... ä̇à¨Íā¹¹Ð?$u",
        "Sandy": "ĉ¹ä˴Ƃ¹˗Ò чι¹½¹µ¡˕Ð à¾ÃÒÐԧ¹ Ȥ³àÅÂÁÒчщàËÃÍ?$h#$e#¨ƃ§æá̅Ç ºÒ§Ƨĉ¹ʁ Ť´ǖ§½¹¹Ð...$s",
        "Krobus": "˝Ò թÒã¹ˇÍÃÐºÒÂթÒħ¹׉ äËÅÍ˒Ò§ÃÇ´àʣÇ ħ¹׉ġ¹¤§¨ÐӊÁؚ¹ƤˉÒɤ... Í˒Ò§чĉ¹ªÍºàÅÂ",
        "Leo": "µÍ¹ч½¹µ¡˝Ð ɋºà¢ÒÊ§ºɊ¢ÁÒ¡àÅÂ¹Ð#$e#ŚÒËģº¼Á... ¸ÃÃÁªÒŵʁǴÍ¤¹ч¼ÁړĈ¡ ã¹ʺÇ§ÍÒÃÁ΃чáµ¡˅Ò§ā¹ä»"
    }
}
