{
    "header": {
        "target": "w",
        "formatVersion": 5,
        "hidef": true,
        "compressed": 128
    },
    "readers": [
        {
            "type": "Microsoft.Xna.Framework.Content.DictionaryReader`2[[System.String, mscorlib, Version=4.0.0.0, Culture=neutral, PublicKeyToken=b77a5c561934e089],[System.String, mscorlib, Version=4.0.0.0, Culture=neutral, PublicKeyToken=b77a5c561934e089]]",
            "version": 0
        },
        {
            "type": "Microsoft.Xna.Framework.Content.StringReader",
            "version": 0
        }
    ],
    "content": {
        "Introduction": "à¸Íà¨Íāºȷ¡æ ¤¹ã¹àȑÍ§ËȓÍĢ§ ġ¹ğ§ɤŕÒºÒ¡à¹ÍÐ",
        "Resort": "̇ÒÇ ɤЪ§ʱÍỄÒ§щƊ!$h#$b#ĉ¹ºÍ¡ä˴˗ÒàÅÂġ¹ɦ¡ỄÒ§â´ÂƇÈÇ¡ÃƭȑÍƤ ĉ¹»ÃÐġºã¨ÁÒ¡¨ƃ§æ!",
        "Resort_Leaving": "Êȹ¡Ĉ§àÅÂ!$h",
        "Resort_Shore": "à̎ ɤƊ! ĉ¹àʫ¹ƽ¡à¡ÒÐ ¨Ò¡µÃ§׉ä˴àÅÂ¹ÐàщÂ",
        "Resort_Chair": "à̎ @ à¸ÍړՁÂ ĉ¹ıÒĥ§Ť´˗Ò µÍ¹׉àȑÍ§ÁÒä¡ÅáʴäË¹ ęº¨Ò¡ħ¹чà¸Í̂ÒÂàˢÒÁÒ ã¹àȑÍ§ħ¹áÃ¡#$b#à¸Í¨Ð˵Í§ɰƁã¨ ã¹Ъ§чà¸ÍŇÒÅ§ä»ÁÒ¡æ!$h",
        "Resort_Bar": "щġ¹ˌÍ¹¤ÅÒÂɊ´æ ä»àÅÂ...",
        "reject_865": "à¡ȕÍĜ¡? ğ§ɤáʸÁ¹Ð á˅ĉ¹äˑ˵Í§¡ÒÃġ¹˝Ð",
        "reject_866": "țÁÁ... àÇÅÒчĉ¹Ǚ¡ǖ§´Í¡ä́ ĉ¹ʁǙ¡ǖ§àÍàÇÍƅ¹ ºÒ§Ƨĉ¹ˉÒ¨Ð àÍÒщã̋à¸Íɤ¹Ð?",
        "pamHouseUpgrade": "á¼¹¡ÒÃŇÒ§Ò¹àʥ¡æ ¢Í§àÃÒàʛ¹ä»ä˴˴ÇÂƤ ãʺՁÂ? á¾ÁáÅÐà¾¹Ʃ ɤƱ¤ÇÒÁɊ¢¨ƃ§æ",
        "pamHouseUpgradeAnonymous": "á¼¹¡ÒÃŇÒ§Ò¹àʥ¡æ ¢Í§àÃÒàʛ¹ä»ä˴˴ÇÂƤ ãʺՁÂ? á¾ÁáÅÐà¾¹Ʃ ɤƱ¤ÇÒÁɊ¢¨ƃ§æ",
        "MovieInvitation": "â̍... ƱݘÇÊÍ§ãºŚÒËģºǴ¹׉ ãʺՁÂ? ğ§ɤàˢÒˇÒ! ĉ¹¨Ð¾ºà¸Íчι¹$h",
        "cc_Bridge": "ä§! ĉ¹ä˴Ƃ¹àƺÂ§á»Å¡æàұÍǴ¹ áÅÐҥ¹ÁÒµÍ¹à˪Ò¾º˗Ò ÊÐ¾Ò¹ɦ¡ʻÍÁàƳÂº̃ÍÂá̅Ç!#$b#щġ¹àʛ¹§Ò¹ä́ч ÁīÈ¨ÃÃΒ¨ƃ§æ!",
        "cc_Complete": "ĉ¹ړԵ§á˅à¸ÍˡÒÇà˷Ò Å§¨Ò¡Ã¶ĚÊĄ¹Թ¹á̅Ç @... à¸Íɦ¡ƅŢµã̋àʛ¹ƾâ˓ ¢Í§àȑÍ§׉!$h",
        "cc_Begin": "ä§! ĉ¹ä˴Ƃ¹˗ÒàÅƇÊ ¾Òà¸Íä»ɤÃÍºæ ɸ¹ΒȪÁª¹... ġ¹¨ÐƤÁÒ¡àÅÂ˶Òà¸Í ʻÍÁá«Áġ¹ע¹ÁÒä˴ ġ¹àʛ¹ÍÒ¤ÒÃч ÊÇÂ§ÒÁÁÒ¡¨ƃ§æ!",
        "Mon": "ĉ¹ºÍ¡à¸ÍËȓÍĢ§˗Ò ĉ¹ỄÒ§˺Ò¹Ëĥ§׉ ע¹ÁÒāºȑÍ? ġ¹àʛ¹¼Å§Ò¹֊¹âºΗá´§ ¢Í§ĉ¹àÅÂ˕Ð",
        "Tue": "à̎ ˶Òà¸Í˵Í§¡ÒÃħÊȴ ËȓÍá¼¹Ĝ§˕Ðʁ ̃Ò¹¢Í§ĉ¹ƱЪ§¢Í§ чà¸ÍıÒĥ§˵Í§¡ÒÃÍԒ¹Ð! ƽ¡Í˒Ò§ ¡ÒÃŇÒ¿ÒΓÁ¢Í§à¸Í ġ¹ʺÇÂĞ²¹ÒàÈÃÉ°š¨ ã¹˷Í§Ж¹ÁÒ¡àÅÂ$h",
        "Wed": "˗Òä§ ĉ¹ıÒĥ§ÍÂÒ¡ä˴ §Ò¹ãËˑÍԒ¾ÍƤ щ ч¿ÒΓÁ¢Í§à¸Í Ģ§ÍԒƤÍԒǣà»˕Ò? Ʊ§Ò¹ä́µÃ§äË¹àƺÂËÒÂ ρ§ՁÂ?",
        "Thu": "à¸ÍÁÒàђÂÁ¾Ç¡àÃÒ ä˴àÊÁÍ¹Ð ǖ§¨Ðäˑä˴ÁÒ؛Í¢Í§ ʁà¶ÍÐ...ˉÒ¹Ð ÍԒº¹ˋÒà¢Òáºº׉ ºÒ§Ƨġ¹ʁàË§ÒàËȑÍ¹ā¹",
        "Fri": "à¸Íà¨Íɵ¡ªÒÂ¢Í§ĉ¹ǣĢ§? à«ºÒÊàƥÂ¹ˉÐ à¢ÒÍÒĨÂÍԒԪ¹˕Ò§ àʋºàʛ¹àʔ¡ֲÍÒÂ á˅ĉ¹ρ¹ã¨¹Ð˗Òà¢Ò¨Ð àŻ´ã¨˶Òà¸ÍŇÒĕÇƤāºà¢Ò",
        "Fri_inlaw_Sebastian": "ĉ¹Ť´ǖ§àʋº׊¢Í§ĉ¹... à¢Òġ¡¨ÐàˢÒã¨ż´ ã¹Ъ§àʥ¡æ˹ÍÂæ»ÃÐĸÒ á˅ĉ¹ʁàҚÍã¹ĕÇà¢Ò¹Ð",
        "Fri4": "#$1 RobinSeb#ĉ¹à¨ÍчàвÂȺËѓ ã¹̋Í§¢Í§à«ºÒÊàƥÂ¹ ¡Х¹á»Å¡ÁÒ¡àÅÂ˴ÇÂ?#$e#ĉ¹àʛ¹˛Ç§ à«ºÒÊàƥÂ¹àËȕÍàš¹... à¢ÒƱàҮÍ¹˹ÍÂ á̅Çʁɤ äˑÊ¹ã¨Í¹Ò¤µĕÇàÍ§˴ÇÂ...#$e#ĉ¹¨ÐȤÂāºà¢ÒËÅÒÂƧá̅Ç¹Ð á˅à¢Òäˑà¤Â àŻ´ã¨ã̋ĉ¹àÅÂ",
        "Fri4_inlaw_Sebastian": "à«ºÒÊàƥÂ¹ºÍ¡āºĉ¹˗Ò ¨Ð¾ÂÒÂÒÁàƅ¡ɺºȺËѓ! ĉ¹ɰƁã¨ã¹ĕÇà¢Ò¨ƃ§æ",
        "Sat": "ŇÒàÅчԵ§¢Í§˺Ò¹ĉ¹ щƤ¨ƃ§æàÅÂ¹Ð à¸Í˗Òԧ¹ՁÂ?#$e#ÍÒ¡ÒÈºƃɊ·ڸ ã¹ˋÒà¢Òàʛ¹Ъ§ чĉ¹ģ¡¨ƃ§æ",
        "Sun": "ĉ¹Ëħ§˗ÒŴƱà·ƳÂÊ ¨ÐäˑÃÐàź´˺Ò¹ ¨Ò¡¡ÒÃ·´ÅÍ§¾Ç¡Թ¹¹Ð#$e#äˑáˉã¨àËȑÍ¹ā¹ ˗Òà¢Ò·´ÅÍ§ÍÐäÃÍԒ á˅Ť´˗ÒˉÒ¨ÐàбÂÇāºȎª",
        "Sun2": "#$1 RobinDem#ÊÒƱĉ¹àǱÍº¨ÐÃÐàź´˺Ò¹֗§ ¨Ò¡¡ÒÃ·´ÅÍ§àұÍǴ¹á̅Ç ƪ¡à¡ÍΓ¢Í§à¢ÒÃÐàź´ á̅ÇÊÐàʁ´ÃÐàź´ ʁ¡ÃÐàʔ¹ä»â´¹ Ëĥ§¤Ò˺Ò¹! ˵Í§¢ÍºȤ³чµÍ¹ỄÒ§˺Ò¹ ĉ¹ã˪ÊÒÃā¹ä¿à¤ȕÍºä́ä̇$u#$e#˶Ò¡Х¹ġ¹àËʡ¹ʁâ·ÉƧ¹Ð @ ¼Å¾Ç§¨Ò¡¡ÒÃ·´ÅÍ§ àұÍǴ¹׉àÍ§...",
        "Sun6": "ä§ @! Ƥã¨чä˴à¨Í#$e#µÍ¹׉à¸Íàʛ¹ÊÁÒŪ¡Ëԑ˺Ò¹ Í˒Ò§ÊÁɪÃ΃áººá̅Ç¹Ð Ť´ԧ¹ՁÂ?",
        "event_wood1": "àђÂÁ žÁΎàƒÂÇ׉ ¤§àʛ¹àҳÍ§ʷÒÂæ ŚÒËģºà¸Í!$h",
        "event_wood2": "àђÂÁ ԧ¹ĉ¹ƱžÁΎàƒÂÇà͈§æ ÁÒã̋à¸ÍÅÍ§ɤ!",
        "summer_Mon": "ä́ÊÒÁÒÃ¶ŇÒÍÐäÃ ä˴ËÅÒÂÍ˒Ò§àÅÂ¹Ð",
        "summer_Tue": "˶Òà¸ÍÍÂÒ¡ Ğ²¹ÒЪ§ʱÍỄÒ§ ã¹¿ÒΓÁ¢Í§à¸Í ºÍ¡ĉ¹ä˴!#$e#à¸Íáʴ˵Í§ËÒä́áÅÐƋ¹ ã̋¾Íāºâ¤Ã§¡ÒÃԹ¹æ áÅÐġ¹ĸÒàʛ¹ ˵Í§ã˪àŧ¹˴ÇÂ#$e#á˅ĉ¹ρ¹ã¨˗Òà¸Í ¨Ð¾Íã¨āº¼Åĥ¾Έчä˴!$h",
        "summer_Fri": "¾Ç¡àÃÒã¹ÊµÒΓŴÇáÇÅѕ׉ ɦ¡Ż´ԡ¹¨Ò¡ âÅ¡ÀÒÂ¹Í¡¨ƃ§æ#$e#á˅ġ¹ʁƱԷ§ˢÍƤ áÅÐˢÍàƺÂˉÐ¹Ð",
        "fall_Mon": "#$1 RobinMaru#ÁÒɃªÍºĭ­Áƣ à¸Íã˪ġ¹ āºЪ§»ÃÐŴÉ΀¢Í§à¸Í#$e#à¸ÍāºÁÒɃʛ¹Ģ§ä§˺Ò§ àˢÒā¹ä˴ƤãʺՁÂ?",
        "fall_Thu": "àÃÒƂ¹Ƥ˵Í¹ģºà¸ÍàÊÁÍ àұÍà¸ÍÁÒàђÂÁ¾Ç¡àÃÒ ǖ§à¸Í¨Ðäˑä˴ÁÒàҮÍ ĭ¾à¡Ã´Ъ§ʱÍỄÒ§ʁà¶ÍÐ!$h#$e#ÍԒº¹ɰà¢Òáºº׉ ġ¹ʁړǪ¡àË§ÒŹ´æ àËȑÍ¹ā¹¹Ð",
        "fall_Fri": "à¸Íä˴à¨Íāº¤¹»ÃÐËÅÒ´ чÍԒËĥ§˺Ò¹¢Í§àÃÒËȓÍĢ§?$s#$e#ĉ¹˗Ò ĉ¹äˑŤ´ÁÒ¡ËÃÍ¡ µÃÒºã´чà¢Ò äˑÁÒÃº¡Ç¹àÃÒ",
        "winter_Mon": "à̎ ƫ׉àʛ¹ƫчàËÁÒÐāº¡ÒÃ ÃÇºÃÇÁä́àÅÂáËÅÐ#$e#ºÒ§Ƨ à¸ÍÍÒ¨¨ÐÊÐÊÁġ¹ä˴¾Í ч¨Ðĭ¾à¡Ã´˺Ò¹¢Í§à¸Í ʁä˴¹Ð",
        "winter_Fri": "ˎÍáˑ¢Í§ĉ¹§§ÁÒ¡ µÍ¹чĉ¹ºÍ¡˗Ò ÍÂÒ¡àʛ¹ʺÒ§ä́#$e#¾Ç¡à¢ÒʴÍ¹ˢÒ§¨Ð īÇâºÃÒ³Ź´ËˉÍÂˉÐ",
        "winter_Fri_inlaw_Sebastian": "ĉ¹Ť´˗ÒƚƇµã¹¿ÒΓÁ ŇÒã̋àʋº׊ƱɊ¢ÀÒ¾Ƥ",
        "winter_Sat": "˺Ò¹¢Í§àÃÒ ÍԒã¹Ȩ´чÊÇÂÁÒ¡ ˗ÒՁÂ˕Ð?#$e#ȷ¡Ъ§Ģ§¤§ɤƤËĥ§ƋÁÐµ¡"
    }
}
