{
    "header": {
        "target": "w",
        "formatVersion": 5,
        "hidef": true,
        "compressed": 128
    },
    "readers": [
        {
            "type": "Microsoft.Xna.Framework.Content.DictionaryReader`2[[System.String, mscorlib, Version=4.0.0.0, Culture=neutral, PublicKeyToken=b77a5c561934e089],[System.String, mscorlib, Version=4.0.0.0, Culture=neutral, PublicKeyToken=b77a5c561934e089]]",
            "version": 0
        },
        {
            "type": "Microsoft.Xna.Framework.Content.StringReader",
            "version": 0
        }
    ],
    "content": {
        "10": "àұÍǴ¹ä˴ɤˆÒÂ·Í´Ê´äËÁ?#$b#à݋ÂÇ¹Ð Ȥ³ƱƧƷãʺäËÁàщÂ...?",
        "14": "àËÇÍ ¼ÁàО§àËƲÂºÍÐäÃ ˉÒ¢ÂÐá¢Â§ÁÒàщÂ... ÃÍ§à˷ÒӴ׉àО§؛ÍÁÒàÍ§$s",
        "Introduction": "à̎ ¼ÁҚÍá«Á¹Ð Ƃ¹Ƥчä˴ړĈ¡$h",
        "Resort_Entering": "̇ÒÇÇÇ Ê¶Ò¹чɊ´áʸÁ!",
        "Resort": "ĉ¹ρ¹ã¨˗Òġ¹˵Í§Ʊ¢Í§à͈§æ ÍԒã¹˚Ç¹ǥ¡¢Í§à¡ÒÐáˉæ#$e#ƇÅѕºÍ¡˗Ò¾Ç¡àÃÒ˵Í§ÍԒчщ ι¹áËÅÐ... ¾Ç¡ě­ËÒ¤ÇÒÁģºż´ªÍº ÍÐäÃ¾Ç¡Թ¹ι¹áËÅÐ$s",
        "Resort_Leaving": "áÊ§ÍÒŷµΒ¾Ç¡׉ ŇÒã̋ĉ¹ړǪ¡ƤĈ§àÅÂ$h",
        "Resort_Shore": "ɤà˨Ò¤ҵ¹ˉÒ¡ĥÇ¾Ç¡׉Ɗ... ړÍÐäÃäËÁ? ĉ¹¨Ðàʁºĕ§ʹ ؛Í¡ÃÐ´Ò¹àūΓ¿˕Ð",
        "Resort_Towel": "á«ÁıÒĥ§à˕¹ƑµÒΓàʛ¹á¹Çá̘Ê",
        "Resort_Towel_2": "ºÒ§Ƨĉ¹ˉÒ¨Ð ī´à˕¹ɽɔàÅà˕¹Ð#$e#áʭº׊à˕¹¡ÅÍ§¤Í§¡Ò á̅Çà«ºÒÊàƥÂ¹ʁà˕¹ ¡ÅÍ§âÅËÐ... 'ÊÃÇ§ÊÇÃÃʹá˛§à¾ƅá¡¹'...$s#$e#àš´ÍÐäÃע¹ Ȥ³ɤā§ÇÅ¹Ð$h",
        "Resort_Bar": "ĉ¹áʴÁÒàÍÒթÒ¼Åä́ˉÐ à݋ÂÇʁ¡ĥºä»чªÒÂËÒ´á̅Ç",
        "danceRejection": "ȝÁÁ... äˑړƊ ä̇ƫË˹ÒÅÐā¹$s",
        "dumped_Guys": "...$a",
        "secondChance_Guys": "ʁä˴ ĉ¹àҪÍāº¡ÒÃ ŇÒàʛ¹àʢ¹ªÒá̅Ç àÃÒÁÒȕÁæ ā¹ä»Ƥ¡˗Ò˗Òġ¹ à¤Âàš´ע¹$7",
        "breakUp": "à݋ÂÇ... ÍÐäÃ¹Ð?!$8#$b#¼ÁǙ¡˗Ò¾Ç¡àÃÒàˢÒā¹ä˴ ... ¼ÁàˢÒã¨ż´ä»ä¡ÅàÅÂƊ¹Ð ...àˢÒã¨ÅÐ$9#$b#ä˴Ɗ áˉ¹Í¹... àÃÒĢ§àʛ¹àҮÍ¹ā¹ä˴щ¹Ð$9",
        "divorced": "¼Á¢Íâ·É @ ¼ÁäˑŤ´˗Ò¼Á Ģ§¨ÐÊÒÁÒÃ¶àʛ¹àҮÍ¹ āºȤ³ä˴$s",
        "Mon2": "à̎ àʛ¹ä§˺Ò§?#$e#àұÍǴ¹¼Áǝ¡à˕¹ƑµÒΓ 4 ΪÇâÁ§ŵ´àÅÂˉÐ àʈº֙Çàʛ¹˺Ò$s#$e#ºÒÂ ¼ÁƱÍ˒Ò§ҽ¹˵Í§ä»ŇÒ",
        "Mon": "ä§ ªÒÇä˓",
        "Mon8": "¨ÐºÍ¡¤ÇÒÁĥºÍÐäÃã̋... ҚÍ¼Á 'á«Á' ˒ÍÁÒ¨Ò¡ 'á«ÁĪ¹'$l#$e#äˑʴÍÂƱ¤¹ړËÃÍ¡ àËƲÂºä̇¹Ð",
        "Tue": "â̍ ä§! ƤĈ§чä˴à¨Íā¹ƽ¡#$e#ã¨˓Áæ ¹Ð",
        "Tue4": "ÊħÊƤ @ ÍÍ¡ä»àчÂÇËȓÍ ÍÐäÃĪ¡Í˒Ò§ā¹äËÁ?#$e#¡ÒÃ¹Í¹ËĥºʁƤ¹Ð á˅ºÒ§ƧʁÍÂÒ¡ˢÒÁæ ġ¹ä»... ġ¹à»ȕÍ§àÇÅÒÁÒ¡àÅÂ",
        "Wed": "¼ÁıÒĥ§á˅§à¾Å§ãËˑ ã̋Ç§¢Í§¼ÁÍԒ á˅Ť´äˑÍÍ¡...#$q 19/20 Wed_old#à̎... Ȥ³˗Òà¾Å§ãËˑ¢Í§¼Á ¤ÇÃàбÂÇāºÍÐäÃƤ?#$r 20 30 Wed_20#ŇÒ¿ÒΓÁ, Ȣ´á˓,ĕ´ä́#$r 8820 30 Wed_20#àȑÍ§ã¹·ÐàÅ#$r 8821 30 Wed_20#Ã¶ä¿#$r 19 -50 Wed_19#àȕÍ¡àҳÍ§äË¹ʁä˴... Ģ§ä§ġ¹ʁäˑà¾ÃÒÐ",
        "Wed_old": "$p 19#á˅¼ÁړÍԒá̅Ç˗Ò Ȥ³Ť´ä§āºà¾Å§׉$a|à¾ÃÒÐȤ³ŇÒã̋¼Á á˅§àةÍà¾Å§àÊʣ¨á̅Ç˕Ð!$h",
        "Wed_19": "à̍Â ¾Ç¡... Ʊě­ËÒÍÐäÃ¿ÃÐ? ¢Íâ·É¹Ð¼Ááʴ¶ÒÁˉÐ$a",
        "Wed_20": "à̎ ړÍÐäÃäËÁ? ġ¹ğ§ɤÊÁɪÃ΃áººàÅÂ ¢Íºã¨¹Ð!$h",
        "Wed6": "¼Áàʛ¹àҮÍ¹āºà«ºÒÊàƥÂ¹ ÁÒĪ¡Ğ¡á̅Ç˕Ð à¢Òàʛ¹¤¹чà͈§Ƥ¹Ð#$e#˶ÒȤ³ÊÍ§¤¹äˑä˴ÍԒá¶Çæ ׉ ¼Á¤§äˑƱàҮÍ¹Ī¡¤¹ ã¹àȑÍ§׉áˉæ àÅÂ",
        "Wed10": "ä§àҮÍ¹ Ȥ³ɤǄ¡Ą¡Ĉ§¹Ðħ¹׉! ^@ à˝Í... ч¨ƃ§¼ÁáʴÍÂÒ¡¨ÐºÍ¡˗Ò... Ȥ³ˉÒģ¡Ƥ¹Ðħ¹׉$l",
        "Thu6_1": "¼ÁŤ´˗ÒˎÍ¢Í§¼Á ¨Ð¡ĥºÁÒã¹ƫÊÍ§ƫ׉áËÅÐ#$e#˶Òàʛ¹ԧ¹Ȥ³ˉÒ¨Ðä˴à¨Íà¢Ò ˶ÒȤ³Ģ§ÍԒчщ#$e#Ȥ³¤§äˑ֗§¿ÒΓÁ Ëĥ§¨Ò¡Å§áÃ§ŇÒä»ÁÒ¡ ¢¹Ò´׉ËÃÍ¡!",
        "Thu6_2": "... ºÍ¡äˑɦ¡˗Ò¼ÁړǪ¡Ģ§ä§ чˎÍ¡ĥºÁÒ¹Ð à¢Òɤá»Å¡ä»$s#$b#á˅¼Á˗ÒˉÒ¨Ðà¾ÃÒÐ ¼Áäˑä˴à¨Íà¢ÒÁÒԵ§ 3 ƫ... ¤§à¾ÃÒÐáººԹ¹áËÅÐ",
        "Thu_3": "*à̎Í*... ¼ÁÁÒŇÒÍÐäÃч׉àщÂ?",
        "Thu": "ʺÇ§׉¢Í§ƫ àÁ˦¨Ðɤ ÊÇÂÁÒ¡àÅÂ¹Ð ãʺՁÂ˕Ð?#$e#Ë˹ÒµÒàËȑÍ¹ äÍÈ¡ƳÁÇŹÅÒ чÅÍÂÍԒº¹ «ÍÊÃÒÊàºÍΓѓ˿Ò... ËȓÍ¼ÁáʴıÒĥ§ƋÇ",
        "Thu2": "ˎÍ¢Í§¼Áàʛ¹·ËÒÃ чښ˅Í˵Ò¹Ĉ¡ÃÇÃÃŴâ¡â·â˓ ι¹áËÅÐǴÍàËȵ¼Å ˗ÒŇÒäÁà¢ÒäˑÍԒчщ...#$e#à¢Ò¨Ð˵Í§¡ĥºÁÒ Ī¡ħ¹Ëѹ§áˉ#$e#¼Áä˴Ƃ¹ á˅àҳÍ§чàÅÇ̃ÒÂ àбÂÇāºĈ¡ÃÇÃÃŴâ¡â·â˓...$s",
        "Thu_2": "щ ˎÍ¢Í§¼Á ¡ĥºÁÒá̅Ç¹Ð à¨Íà¢ÒËȓÍĢ§?#$b#¼ÁáʴƤã¨ чà¢ÒÊºÒÂƤ",
        "Thu2_2": "ˎÍ¼Á¡ĥºÁÒá̅Ç˕Ð Ȥ³ä˴¾ºà¢ÒËȓÍĢ§?#$b#¼ÁáʴƤã¨ чà¢ÒÊºÒÂƤˉÐ",
        "Fri": "¼Áà¤ÂºÍ¡Ȥ³ËȓÍĢ§ ˗Ò¼Áà¤ÂÍÒĨÂÍԒ ã¹àȑÍ§ɛɛ?#$e#Ъ§чáµ¡˅Ò§чɊ´ ÃÐË˗Ò§àȑÍ§ɛɛāºчщ ʁǴÍàҳÍ§àƺÂ§ӧ¹ÇÒÂ... ã¹àȑÍ§ˉÐ äˑà¤ÂàƗÂºÊ§ºàÅÂ Ʊڌ¤¹ÁÒ¡ÁÒÂÍԒÃÍºĕÇȤ³ áÅÐàȑÍ§ʁÊ˗Ò§ÊäÇä»˴ÇÂ áÊ§ä¿ÍԒµÅÍ´àÇÅÒ á́¡ÃÐη§ã¹µÍ¹¡ÅÒ§Ǵ¹ à¸Í¨ÐªÍºÍԒчäË¹ÁÒ¡¡˗Ò ġ¹ʁע¹ÍԒāº ŹĪÂ¢Í§à¸ÍˉÐ¹Ð",
        "Fri4": "ˎÍ¢Í§¼ÁÍÐ¹Ð à¤Âàʛ¹¤¹àʁº¢ÂÐã¹àȑÍ§#$e#¹ÒÂäˑÍÂÒ¡ړËÃÍ¡ ˗ÒÍÐäÃ˺Ò§чà¢Òà¨Íã¹¢ÂÐ ч¤¹àÃÒ֗§æ ā¹ˉÐ",
        "Fri10": "Т§ÍÒɂÁÒ¡ע¹¼ÁʁТ§ªÍº ª¹º·ÁÒ¡ע¹˕Ð¹Ð#$b#¨ƃ§æ ¼ÁÍÒ¨¨ÐŕÒàƽÂ§ä»˺Ò§... à¾ÃÒÐàËȵ¼Å ºÒ§Í˒Ò§ʁàËÍÐ$l#$e#á̅Ç ħ¹׉àʛ¹ä§˺Ò§˕Ð?$h",
        "Sat4": "â̍! ¼ÁàО§Ǚ¡ä˴˗Ò ¼Á˵Í§â·ÃËÒÂÒÂщ âÍà¤ ¼Á¨ÐàÍÒÂÒ§׉ģ´ˢÍȑÍ ¢Í§¼Áä̇¨Ðä˴äˑȕÁ#$e#¼ÁˉÐ˵Í§ËÒƇƨ àȅÍ¹ĕÇàÍ§àÍÒä̇ äˑԧ¹ȕÁŇÒÊŹ·áˉàÅÂ$h",
        "Sat": "ȝÁÁÁ ¼ÁĸÒä˴˗Ò ¨ÐŇÒÍÐäÃĪ¡Í˒Ò§щ... á˅¼ÁȕÁä»á̅Ç#$e#ġ¹àʛ¹áºº׉µÅÍ´àÅÂ",
        "Sun8": "ºÒ§¤Ճ§¼ÁʁÊ§ĪÂáÎÐ ˗ÒáˑƱ¤ÇÒÁɊ¢¨ƃ§æ ǣà»˕Ò$s#$e#¼Áà¤Â¶ÒÁà¸Í¤Ճ§Ǚ§¹Ð á̅ÇʁړǪ¡ä˴˗Ò áˑ˵Í§ʻÍ¹ÍÐäÃºÒ§Í˒Ò§ чàʈº»Ç´ä̇ˢÒ§ã¹áˉ¹Í¹",
        "Sun": "à̎Â щġ¹ħ¹чáʸÁá͈ÇÁÒ¡àÅÂ... ãʺ́Ò?",
        "spring_21": "¡Ƶº´Í¡ä́ч»ƅÇæ ã¹Äɤãºä́¼ƅáºº׉àщÂ ŇÒã̋¼ÁթÒɱ¡äËÅ$s#$e#ŚÒËģº¼Á ¼ÁªÍºÄɤ̃Í¹чɊ´",
        "Event_band1": "щ Ȥ³ړÍÐäÃˋÒÇ? ι¹áËÅÐÊäµΕч¼ÁıÒĥ§ Ť´ã̋Ç§à̫ÐàÅÂ",
        "Event_band2": "щ Ȥ³ړÍÐäÃˋÒÇ? ι¹áËÅÐÊäµΕч¼ÁıÒĥ§ Ť´ã̋Ç§à̫ÐàÅÂ",
        "Event_band3": "щ Ȥ³ړÍÐäÃˋÒÇ? ι¹áËÅÐÊäµΕч¼ÁıÒĥ§ Ť´ã̋Ç§à̫ÐàÅÂ",
        "Event_band4": "щ Ȥ³ړÍÐäÃˋÒÇ? ι¹áËÅÐÊäµΕч¼ÁıÒĥ§ Ť´ã̋Ç§à̫ÐàÅÂ",
        "event_room1": "ͭÍ àˢÒã¨á̅Ç",
        "spring_12": "ä̍˹Í§ªÒÂĕÇáÊº¢Í§¼Á ړǪ¡ҥ¹à˵¹Ɋ´æ āº¾Ç¡§Ò¹à·È¡ÒÅàщÂ à¢Òɮ´ǖ§§Ò¹˕Òäʲ ¾ӣ§׉Է§ħ¹àÅÂ",
        "spring_23": "à̎Í ŇÒäÁ§Ò¹à˵¹œÒ´Í¡ä́ äˑĈ´ħ¹׉̇ÒÒÒ ¼Á¨Ðä˴Ëɂ´§Ò¹ Ī¡ħ¹Ǚ§àщÂ$s",
        "winter_7": "¤Ճ§Ǚ§āÊ à¤Âµ¡Å§ä»ã¹áˑթÒ ÃÐË˗Ò§§Ò¹à·È¡ÒÅ Êĥ¡թÒáʂ§ ¾Ç¡àÃÒàÅÂ˵Í§ ƳºỄÒ§¡Í§ä¿ ¡Í§ãËʽã¹«Òɵ¹ àҮÍч¨ÐÅÐÅÒÂթÒáʂ§ ÍÍ¡¨Ò¡ĕÇà¢Ò#$e#¾Ç¡àÃÒȷ¡¤¹˕Ð ړǪ¡ā§ÇÅɊ´æ ¡ĥÇ¨Ðäˑä˴š¹ Ɋ´ÂÍ´Ê»Òàʁµׅ чàˤÒŇÒƽ¡˝ÐŴ#$e#",
        "fall_26": "Ǵ¹׉ Ëĥ§¨Ò¡чȷ¡¤¹Ëĥºä»á̅Ç µÒà˂ÒчÍÒĨÂÍԒã¹ˋÒ ¨ÐԵ§à¢ÒÇ§¡µƬƊ§ à¢Ò˵Í§ŇÒã̋áˉã¨àÊÁÍ˗Ò äˑƱã¤Ãàʫ¹˗Òà¢Ò ıÒĥ§ŇÒÍÐäÃ",
        "summer_10": "¾ӣ§׉äˑ˵Í§ŇÒ§Ò¹˕Ð! ړǪ¡Ƥàʛ¹˺ÒàÅÂ̇ÍÂÂÂÂ$h",
        "winter_24": "§Ò¹à·È¡ÒÅá˛§ ´Ç§´ÒÇÄɤË¹ÒÇ ¤ÇÃ¨Ðàʛ¹ʺÇ§àÇÅÒ áÊ´§¤ÇÒÁ¢ÍºȤ³Ъ§Ƥæ чàš´ע¹ã¹ƚƇµ#$b#˚Ç¹¼ÁÍÐàËÃÍ? ¼ÁÊ¹ã¨ÍÒËÒÃ ã¹§Ò¹ÁÒ¡¡˗Ò ƍƍ$h",
        "event_room2": "ãʺ... ι¹ǴÍЪ§чàš´ע¹!",
        "event_snack1": "à¢Òɮ´ɦ¡... ι¹ǴÍЪ§чàš´ע¹$s^à¸Íɮ´ɦ¡... ι¹ǴÍЪ§чàš´ע¹$s",
        "event_snack2": "ãʺá̅Ç... Թ¹ǴÍЪ§чàš´ע¹!",
        "event_snack3": "ÍÐäÃ¹Ð!? à¢Òâ¡Ë¡àËÃÍ!$a^ÍÐäÃ¹Ð!? à¸Íâ¡Ë¡àËÃÍ!$a",
        "summer_Mon2": "˗Òä§ àʛ¹ä§ρ§?#$e#¼ÁƋÇÍÐ#$e#à¨Íā¹¹Ð",
        "summer_Mon6": "à¤Âä»ч·ÐàÅ·ÃÒÂǣĢ§?#$e#чι¹ƱÍÐäÃˉÒÊ¹ã¨ ã̋à¨Í˴ÇÂ¹Ð ˎÍà¤Â¾Ò¼Áä»ÊÍ§¤Ճ§ µÍ¹ч¼ÁĢ§àʔ¡ˉÐ",
        "summer_Mon": "Ë˹Ò̃Í¹¨ÐäˑʴÍÂƱ ÅÐÍÍ§à¡ÊÃ... ¨ɱ¡¼Áâ˕§ÁÒ¡àÅÂ˕Ð",
        "summer_Tue": "â̽Ð ä§! Ƥã¨чä˴à¨Íā¹ƽ¡¹Ð#$e#ä»ʱÍ¹¹ÐºÐºÒÂ",
        "summer_Tue4": "ä§ @ Ȥ³ÍÂÒ¡ä»àчÂÇ ËȓÍä»äË¹Ƥ˕Ð?#$e#¼ÁړǪ¡Ʊ¾ĥ§ÁÒ¡ã¹Ë˹Ò̃Í¹ ¼Áá·º¨Ðäˑä˴¹Í¹àÅÂ˕Ð!",
        "summer_Wed": "ÊħÊƤ ħ¹׉Ëɂ´Ğ¡ËÃÍ?#$e#ğ§ɤˉÒÊ¹ã¨",
        "summer_Wed2": "àұÍǴ¹¼Áàʫ¹áÁ§ɁÁ ä˅ÍԒº¹à¾´Ò¹ ¾Ç¡ġ¹˵Í§ªÍºчӭ¹æ áˉæ#$e#¼ÁËħ§˗Òġ¹¨Ðäˑä˅àˢÒÁÒ ã¹»Ò¡µÍ¹¼ÁËĥº¹Ð$s",
        "summer_Thu": "ˎÍà¤ÂºÍ¡¼Á àбÂÇāºĨµɳá˛§ªÒŵ... Ĉ¡ÃÇÃÃŴâ¡â·â˓ ¾Ç¡à¢Òğ§ɤâË´àכÂÁ",
        "summer_Thu6_1": "ºÒ§Ƨ µÍ¹¡ÅÒ§Ǵ¹ ¼Áä˴Ƃ¹àƺÂ§ˎÍ¢Í§¼Á àŴ¹Ç¹ä»Ç¹ÁÒã¹̋Í§â¶§$s#$b#á˅ˎÍäˑÂÍÁºÍ¡ ˗Ò¡٥Áã¨àҳÍ§ÍÐäÃ",
        "summer_Fri": "ړäËÁ... ¼Áà¤Âã˪ƚƇµÍԒã¹àȑÍ§ áÅÐ¼ÁÂÍÁģºàÅÂ˗Ò чщƤ¡˗ÒÁÒ¡ã¹Ë˹Ò̃Í¹$h#$e#ã¹àȑÍ§ˉÐ̃Í¹ÁÒ¡ à¾ÃÒÐƱá˅¤Í¹¡Ƴµ",
        "summer_Sun": "àұÍȤ³àʫ¹թÒàȄÍ´Ȼ´æ ã¹·ÐàÅ ʁړá̅Ç˕Ð˗Ò µÍ¹׉àʛ¹Äɤ̃Í¹ áººàʕÁàËщÂÇá̅Ç",
        "fall_Mon2": "ʺÇ§àÇÅÒ׉¢Í§ƫ ¼ÁªÍºàŴ¹à˕¹ã¹ˋÒ ɍ³ËɰƁġ¹ʺÒ§ÊºÒÂàËȕÍàš¹#$e#...$h",
        "fall_Mon": "â̍ ÊħÊƤ ä˴àʛ¹àҮÍ¹āºȷ¡¤¹ã¹àȑÍ§ á̅ÇǣĢ§˕Ð?#$e#ºÒÂ",
        "fall_Tue": "ÃÍ§à˷Ò¢Í§¼Á ¨Ðã˪§Ò¹äˑä˴á̅Ç ɤ֙Çà˷Ò¢Í§¼ÁƊ â¼˕ÍÍ¡ÁÒµÅÍ´àÅÂ!$h#$e#щǴÍЪ§чàš´ע¹ ˶ÒȤ³à˕¹ÊàʁµºÍΓ´ ÁÒ¡àš¹ä»",
        "fall_9": "¼Áϊ§؛ÍÃÍ§à˷ÒӴãËˑ ·Ò§ÍÍ¹äÅΉá̅Ç ġ¹àʛ¹ɳ»áººàƤÂÇā¹ Ť´˗Ò¤§¨Ðã˚ä˴¾ÍƤ˕Ð¹Ð",
        "fall_16": "¼Áϊ§ÃÍ§à˷ÒÍÍ¹äÅΉ ÁÒÍÒŷµΒ¡˗Òá̅Ç¹Ð! à̎Í ġ¹ÂÒÇ¹Ò¹¨ƃ§æ#$e#¾Ç¡àÃÒ ¤§ÍԒä¡Åȋ¹àчÂ§¨ƃ§æ áËÅÐ$s",
        "fall_23": "˝Ò ä˴ã˚ÃÍ§à˷ÒãËˑщ ġ¹ړǪ¡Ƥ¨ƃ§æ ǖ§á́ÃÍ§à˷Ò ¨Ðā´Ź´ËˉÍÂʁà¶ÍÐ á˅à݋ÂÇʁ¤§ËÒÂá̅Ç Ëĥ§¨Ò¡ч¼Áã˚ä»Ч§à˕¹ ã¹à¢ÒÇ§¡µƬƊ§ Ɋ´Ī»´ÒΛ׉ˉÐ$h",
        "fall_Tue4": "ä§ @ ÍÂÒ¡¨Ðä»ËÒÍÐäÃŇÒ ËȓÍÍÐäÃŇÒ¹Í§Թ¹ ˴ÇÂā¹ՁÂ?#$e#áÇÐÁÒËÒä˴µÅÍ´¹Ð ˶Ò˵Í§¡ÒÃ",
        "fall_Wed": "à̎... ¡Х¹Ƥщ àËȑÍ¹ž«ʻÒàÅÂ#$e#ä˴¡Х¹ǣà»˕Ò? Ê§ĪÂáˑŇÒÍÒËÒÃ ÍÐäÃÍԒáˉàÅÂ",
        "fall_Thu6_1": "¼ÁŤ´˗ÒˎÍ¼Á ˉÒ¨Ð¡ĥºÁÒƫË˹Ò#$e#ƽ¡á»»àƤÂÇàÍ§Ձ§ á»Å¡áÎÐ",
        "fall_Thu6": "Ê§ĪÂ¼Á¤§˵Í§àУÁŤ´ǖ§ àҳÍ§¡ÒÃ̂ÒÂÍÍ¡¨Ò¡˺Ò¹ àʣÇæ ׉àƺÂá̅Ç...$s#$e#...á˅¼Á¤§¨ÐŤ´ǖ§ »ÅÒÍºƭȑÍáˑáˉæ äˑړ˕Ð$s#$e#à¡ƵÂ´¡ÒÃĕ´Ɗ¹ã¨Ĉ§",
        "fall_Thu": "à¤ÂĪ§à¡µãÂáÁ§ɁÁчàš´ע¹ ʺÇ§Äɤãºä́˓Ç§˺Ò§äËÁ?#$e#˶ÒȤ³ҥ¹à˪Ò¹Ð Ȥ³¨Ð¾º˗Ò ġ¹ɦ¡»¡¤ɅÁ˴ÇÂթÒˤÒ§... àËȑÍ¹āº´ÒÇ´Ç§˹ÍÂæ àÅÂ˕Ð",
        "fall_Fri": "¼Áà¤ÂÍԒчàȑÍ§ɛɛ ʱÍ¹ч¨ÐÁÒÍԒчщ Ъ§ч˅Ò§ā¹ Í˒Ò§àʫ¹ä˴Ċ´àÅÂʁǴÍ àҳÍ§àƺÂ§щáËÅÐ àƺÂ§ã¹àȑÍ§ãËʽԹ¹ äˑà¤Âч¨ÐàƗÂºÅ§àÅÂ#$e#ڌ¤¹ʁàÂÍÐàʕÁä»ËÁ´˴ÇÂ á¶ÁĢ§Ê˗Ò§äÊÇ ä»˴ÇÂáÊ§ä¿µÅÍ´àÇÅÒ á́á˅ã¹ÂÒÁϔÒǴ¹#$e#¨ÐªÍºáººäË¹ ʁ¤§ע¹ÍԒāº á˅ÅÐȺ¤¤Å˕ÐՁ§",
        "fall_Fri10": "¼ÁŤ´˗Ò¼ÁÁÒǖ§Ȩ´ч ªÍºª¹º·ÁÒ¡¡˗Ò ã¹àȑÍ§á̅Ç˕Ð$h#$b#ǖ§á́˗Ò ¼Á¨ÐƱ¤ÇÒÁŕÒàƽÂ§˺Ò§... ˴ÇÂàËȵ¼ÅºÒ§»ÃÐ¡ÒÃˉÐ¹Ð$l#$e#á̅Ç Ȥ³àʛ¹Ģ§ä§˺Ò§ħ¹׉?$h",
        "fall_Sat4": "¼Áâª¤Ƥ чä˴̋Í§ãËʽчɊ´ã¹˺Ò¹ àʛ¹¢Í§ĕÇàÍ§#$e#à´Ò˗Ò¡ÒÃàʛ¹ɵ¡¤¹âµ ʁƱˢÍƤ˺Ò§ÅÐՁ§",
        "fall_Sat": "ؽÁÁÁ ¼Á˗Ò¼Á¨ÐŇÒ ÍÐäÃċ¡Í˒Ò§¹Ð... á˅ȕÁä»á̅ÇáÎÐ#$e#¼ÁªÍºàʛ¹áºº׉àҳÍÂàÅÂ",
        "fall_Sun8": "Ī»´ÒΛáÃ¡¢Í§Äɤãºä́¼ƅ ËÁ´Å§á̅Ç ã̋µÒÂ ˌÒ¹ä»äÇ«Ð¨ƃ§$s#$e#Ģ§ä§ʁµÒÁ ¼ÁʁƤã¨чȤ³ÁÒàђÂÁ!#$e#ƱÍÐäÃãËˑæ¨Ðà˕Ò ã̋¼Áğ§äËÁ?",
        "fall_Sun": "ġ¹ÂÒ¡¹Ðч¨ÐŇÒĕÇÊȹ¡Ê¹Ò¹ ã¹ħ¹ÍÒŷµΒ... ã¹àұÍ¾ӣ§׉ ¼Á˵Í§ä»ŇÒ§Ò¹á̅Ç$s",
        "fall_14": "ä§ @#$e#ؽÁÁÁ... ¼ÁĊ¡Ê§ĪÂá̅ÇƊ ˗Ò»ɵ¡˵¹¡ÃÐºÍ§à¾Ãª ä̇ã¹̋Í§ĕÇàÍ§ä˴äËÁ?",
        "winter_Mon2": "Ë˹ÒË¹ÒÇ ã¤Ãæ ʁàÍÒá˅ÍԒã¹˺Ò¹Է§Թ¹ à¾ÃÒÐԧ¹¼Á¨Ðà˕¹ƑµÒΓ Ĕ§áʴäË¹ʁä˴$h",
        "winter_Mon": "˗Òä§... Ë¹ÒÇà¹ÍÐ ˗ÒäËÁ?",
        "winter_Tue": "â̍ ä§! Ƥ¨ƃ§æ чä˴à¨Íā¹#$e#µÒÁÊºÒÂàÅÂ¹Ð",
        "winter_Tue4": "à̎ @ Ȥ³ÍÂÒ¡ÍÍ¡ä»àчÂÇ ËȓÍä»äË¹ƤÅÐ?#$e#àђÂÁ µÍ¹׉àʛ¹àÇÅÒƤàÅÂ˕Ð ч¨Ð¹Í¹ª´àªÂàÇÅÒ¹Í¹ ч¼Á¾ÅÒ´ä»Է§ËÁ´ι¹$h",
        "winter_Wed": "$d Joja#¼Áâ¤µÃà¡ƵÂ´ ¡ÒÃŇÒ§Ò¹ч̃Ò¹â¨˨ÒàÅÂ á˅äˑԧ¹¼Á¨ÐŇÒ§Ò¹ÍÐäÃ àҮÍËÒàŧ¹ã¹àȑÍ§׉ā¹˕Ð?|¼ÁƤã¨Ĉ§чä˴ŇÒ§Ò¹ ÍԒчžž¸Ġ³΁µÍ¹׉ ġ¹ˉÒÊ¹ã¨ÁÒ¡¡˗Ò чªÇ¹Ë´ԛÍ˒Ò§ ̃Ò¹â¨˨ÒÁÒ¡æ àÅÂ",
        "winter_Thu6_1": "¼ÁŤ´˗ÒȤ³ˎÍ ¨Ð¡ĥºÁÒã¹Äɤãºä́¼ƅ ч¨ÐÁÒǖ§׉˕Ð#$e#¤Ճ§˕ÒɊ´ч¼Áà¨Íà¢Ò ʁˌÒ¹ÁÒԵ§ÊÒÁƫá̅Ç ġ¹¨Ð˵Í§ړǪ¡ ¡ÃÐĭ¡¡ÃÐ˝Ç¹áˉàÅÂ",
        "winter_Thu6": "ˎÍ¢Í§¼Á¡ĥºÁÒч˺Ò¹ ä˴Ğ¡ãËʽá̅Ç ¼Á˗Ò¼Á àУÁړǪ¡Ū¹á̅ÇÅÐ",
        "winter_Thu": "ˎÍ¢Í§¼ÁÍԒã¹¡Í§ė¾ ˅ÍښāºĈ¡ÃÇÃÃŴâ¡â·â˓ ι¹ǴÍàËȵ¼Å ˗ÒŇÒäÁà¢Òǖ§ äˑä˴ÍԒчщ#$e#á˅¼ÁŤ´˗Òà¢Ò¤§ ¨Ð¡ĥºÁÒàʣÇæ ׉",
        "winter_Thu_2": "Í˒Ò§àƤÂÇчƤ àбÂÇāºÄɤË¹ÒÇ... ǴÍɂ§ËÒÂä»ËÁ´",
        "winter_Fri": "Ъ§чá˒чɊ´¢Í§ƋÁÐʁǴÍ ġ¹¨ÐŇÒã̋à˷Ò¢Í§Ȥ³ àƫÂ¡âª¡àÅÂ Ȥ³ʺÒ§âª¤Ƥч ã˚ɪ·Ë¹Òι¹",
        "winter_Sat4": "àО§¨ÐǙ¡ä˴˗Ò ˵Í§à»ѕÂ¹ÊÒÂƑµÒΓãËˑ á̅Ç˕Ð#$b#âÍà¤ ԧ¹¼Á¨Ð¨´àÍÒä̇ чˢÍȑÍá̅Çā¹ ¨Ðä˴Ǚ¡ä˴ÍÍ¡˗Ò ˵Í§ŇÒġ¹Ǵ¹׉#$e#¼Á˵Í§ŇÒ ÍÐäÃä̇àȅÍ¹ĕÇàÍ§Ī¡ËˉÍÂ äˑԧ¹˕Ðʁ ¤§¨ÐȕÁŇÒԷ§ËÁ´áˉæ$h",
        "winter_Sun8": "¤§Êȹ¡Ƥà¹ÍÐ˶ÒàÃÒä˴ä» à˕¹Ã¶àҵÍ¹ä¶ÅÅ§àŹ¹ā¹?#$e#á˅á¶Ç׉äˑƱàŹ¹à¢ÒƤæ àÅÂ$s#$e#áÅÐ¼ÁʁäˑƱÃ¶àҵÍ¹˴ÇÂ#$e#ȝÁ ԧ¹ʺÇ§׉¹ÒÂàʛ¹ä§ρ§˝Ð?",
        "winter_Sun": "¾ÂÒÂÒÁÍ˒ÒŇÒã̋ ˺Ò¹àÅÍÐ¹Ð äˑԧ¹à݋ÂÇáˑ¼Áâ¡Ã¸áˉ"
    }
}
