{
    "header": {
        "target": "w",
        "formatVersion": 5,
        "hidef": true,
        "compressed": 128
    },
    "readers": [
        {
            "type": "Microsoft.Xna.Framework.Content.DictionaryReader`2[[System.String, mscorlib, Version=4.0.0.0, Culture=neutral, PublicKeyToken=b77a5c561934e089],[System.String, mscorlib, Version=4.0.0.0, Culture=neutral, PublicKeyToken=b77a5c561934e089]]",
            "version": 0
        },
        {
            "type": "Microsoft.Xna.Framework.Content.StringReader",
            "version": 0
        }
    ],
    "content": {
        "accept_866": "ȡËÅÒº¨Ò¡ ÊµÒΓŴÇáÇÅѕàËÃÍ ˉÒģ¡Ĉ§ ¢ÍºȤ³¹Ð!$h#$b#˶ÒàұÍäË˓ чĉ¹Ť´ǖ§ɋºà¢Ò ĉ¹¨Ð´ÁȡËÅÒºщá̅Çā¹ ƎƎ$h#$b#щàÍÒä»Ɗ ġ¹ÍԒº¹Ԫ¹ÁÒ 10 ƫá̅Ç äˑƱã¤Ã؛ÍàÅÂ à¸ÍàÍÒä»ä˴¹Ð!",
        "Mon": "Ëħ´Ƥ â̍ ÊħÊƤ̘Ðчģ¡!#$b#ĉ¹Ƥã¨¨ƃ§æ чÃ¶ĚÊι¹ ¡ĥºÁÒã˪§Ò¹ä˴ƽ¡¤Ճ§ чщàУÁäˑʴÍÂƱ¤¹ á̅Ç˕Ð#$e#...ĉ¹àǱÍº¨Ð¢ÒÂš¨¡ÒÃ чщä»á̅Ç$s#$e#á˅à̎ ɤƊ µÍ¹׉à¸ÍʁÍԒщá̅Çä§ à¸Í¨ÐÁÒ؛ÍàÁʥ´Ğ¹ۨ¢Í§ĉ¹ Â¡á¼§àÅÂ... ãʺՁÂ̘Ðчģ¡?$h",
        "Tue": "à¸Í¨Ð¾ºÁÐ¾̃ÒÇ áÅÐ¼Å¡ÃÐºÍ§à¾ªÃ àÍÒä»ä˴µÒÁ˵Í§¡ÒÃàÅÂ¹Ð#$e#áÅÐ¾Ç¡ġ¹ʁÍ˓ÍÂÁÒ¡˴ÇÂ àʺ¹ā¹ ÎÒæ!~$h",
        "Wed": "ä§ ÊħÊƤ! ˶Òà¨ÍàÍƁѕ ½Ò¡ė¡·ÒÂà¸Í˴ÇÂ¹Ð?#$e#¢ÍºȤ³!$h",
        "Thu": "ƱڌªÒÂчɤˉÒÊ§ĪÂ ˢÒ§Ëĥ§ι¹? ĉ¹äˑ¤ÇÃ¨Ðɮ´ àбÂÇāºàҳÍ§׉#$e#¹Í¡¨Ò¡׉... ÊÀÒ¾ÍÒ¡ÒÈã¹ɋºà¢Ò àʛ¹Ģ§ä§˺Ò§?",
        "Fri": "â̍чģ¡ à¸Í¨Ðäˑâª¤Ƥę¡ËÃÍ¡ ч¨ÐŇÒ¿ÒΓÁчщ#$e#ȝÁ à¸ÍŇÒ¿ÒΓÁ ¡ÃÐºÍ§à¾ªÃä˴¹Ð$h",
        "Sat": "ÊħÊƤʴÐ! Ƃ¹Ƥ˵Í¹ģºˇÒ¹àˢÒԚ âÍàÍūÊ¢Í§á«¹ׄ Ȩ´ËÁÒÂ»ÅÒÂ·Ò§ĭ¹ĔºËѹ§ ¢Í§·ÐàÅ·ÃÒÂ¤Òƅâˡ!#$e#*¡ÃÐūº* àʛ¹ä§? ĉ¹ɤàʛ¹ȑÍÍÒƚ¾ËȓÍà»˕Ò?$h#$e#Í˒ÒȕÁÁÒàȕÍ¡؛Í àÁʥ´Ğ¹ۨµÒÁÄɤ¡ÒÅ ¢Í§àÃÒ˴ÇÂ¹Ð#$e#ɤà¸Í¨ÐƋÇթÒ¹Ð à̍Òщ àÍÒ¹Áàʢ¹æä»ҤÁ [184]#$e#Í˓ÍÂäËÁ țÍ?$h",
        "Sun": "чщƱá´´˚Í§µÅÍ´Է§ƫ ι¹áËÅÐ á́¨Ðàʛ¹ÄɤË¹ÒÇʁà¶ÍÐ!#$e#ĭ¹ч¨ƃ§ ġ¹ÍÍ¡¨Ð̃Í¹Ź´ËˉÍÂ ŚÒËģºĉ¹... żÇ¢Í§ĉ¹ġ¹äË́àʣÇÁÒ¡ ˶ÒÍԒ¡ÅÒ§á´´$s",
        "Thu2": "ڌªÒÂË˹ÒâË´æ ˢÒ§Ëĥ§ι¹ˉÐàËÃÍ? ĉ¹˗ÒÍ˒Òä»ɮ´ǖ§à¢Ò àÅÂƤ¡˗Ò#$e#à˝Í... ˗Òá˅ µÍ¹׉ã¹Ëԑ˺Ò¹ÍÒ¡ÒÈ àʛ¹Ģ§ä§˺Ò§˕Ð",
        "Thu4": "à̎... ĉ¹˗Òĉ¹àҚÍã¨Ȥ³ä˴¹Ð Ȥ³àʁº¤ÇÒÁĥºä˴ ãʺՁÂ?#$b#*¡ÃÐūº* ڌªÒÂчÍԒ˴Ò¹Ëĥ§... ˉÒ¨Ðàʛ¹āº¤ĥºžàÈÉ ÍÐäÃĪ¡Í˒Ò§ ĉ¹äˑà¤ÂàˢÒä»àÍ§ËÃÍ¡ á˅¾Ç¡à¢Òã¨¡̇Ò§ʸÒÂàŧ¹ ʴÒàʺÒÃÒÂàȄÍ¹ˡÍ¹âµ ĉ¹ʁàÅÂäˑ¶ÒÁÍÐäÃƽ¡#$e#á̅ÇÇÇÇÇÇ! ÍÒ¡ÒÈã¹ÊµÒΓŴÇáÇÅѕ àʛ¹Ģ§ä§˺Ò§ÅÐ̘ÐµÍ¹׉?",
        "Fri4": "¨ƃ§æ á̅Ç ҚÍ¢Í§ĉ¹ äˑãʺá«¹ׄËÃÍ¡ړՁÂ ġ¹áʴҚÍ·Ò§ȸÃš¨ˉÐ#$e#á˅ʁ¹Ð ã¤Ãæ ʁàƳÂ¡Ԫ¹˗Òá«¹ׄ ā¹Է§Թ¹áËÅÐ ĉ¹ʁàÅÂŪ¹ āºҚÍ׉ä»«Ðá̅Ç",
        "Wed8": "à¸ÍÁÒч·ÐàÅ·ÃÒÂщˊÍÂæ äˑà»ȕÍ§àŧ¹ʴÒÃ¶ËȓÍä§?#$e#à¸Í˵Í§ªÍºÁÒËÒĉ¹ÁÒ¡áˉæ ãʺՁÂ? ȝÁÁÁ...$h",
        "Sun8": "ä§̘Ðчģ¡ ãʺ чщʁƱá˅ĉ¹щáËÅÐ ã¹̃Ò¹àʱÒæ щ ȝÁÁÁ...#$e#ȝÁÁ ч¨ƃ§ʁƱƽ¡¤¹¹Ð ڌªÒÂˇÒ·Ò§ˉÒ¡ĥÇæ ˢÒ§Ëĥ§ι¹ä§ á˅¨Ð˗Òä§Ƥ˕Ð à¢Òá·º¨Ðäˑ¢ĢºĕÇ˴ÇÂ՛Ò ĉ¹ʁàÅÂȕÁǙ¡ǖ§à¢Ò ä»ˊÍÂæˉÐ",
        "Wed10": "à̎ щġ¹ @! щ¹Ò ĉ¹Ƥã¨чä˴à¨Íà¸Í¹Ð ĉ¹àУÁŤ´˗Ò à¸Í¨Ðäˑ¡ĥºÁÒá̅ÇړՁÂ!#$e#˶Òäˑŵ´ ˗Òĉ¹˵Í§ÁÒà˽Ò̃Ò¹щ ĉ¹ʁÍÂÒ¡¨Ð¡ĥºä» àђÂÁËԑ˺Ò¹¾̃ÍÁāºà¸Í ċ¡ħ¹ÊÍ§ħ¹àËȑÍ¹ā¹... áʴà¸Íāºĉ¹ ч¿ÒΓÁàʱÒæ$s#$e#à¸Í˵Í§ÁÒËÒĉ¹ ã̋ˊÍÂ¡˗Ò׉¹ÐړՁÂ ĉ¹¨Ðä˴äˑàË§Òä§$h",
        "Tue10": "ÊħÊƤ~! µÒÁÊºÒÂ¹Ð#$e#à¤ҳÍ§»ģºÍÒ¡ÒÈ ړǪ¡àђÂÁä»àÅÂãʺՁÂ˕Ð?"
    }
}
