{
    "header": {
        "target": "w",
        "formatVersion": 5,
        "hidef": true,
        "compressed": 128
    },
    "readers": [
        {
            "type": "Microsoft.Xna.Framework.Content.DictionaryReader`2[[System.String, mscorlib, Version=4.0.0.0, Culture=neutral, PublicKeyToken=b77a5c561934e089],[System.String, mscorlib, Version=4.0.0.0, Culture=neutral, PublicKeyToken=b77a5c561934e089]]",
            "version": 0
        },
        {
            "type": "Microsoft.Xna.Framework.Content.StringReader",
            "version": 0
        }
    ],
    "content": {
        "Introduction": "â̍ Ȥ³àО§¨Ð̂ÒÂàˢÒÁÒãʺäËÁ? à͈§ä»àÅÂ#$e#á˅Ʊчã̋àȕÍ¡Ե§ÁÒ¡ÁÒÂ ŇÒäÁàȕÍ¡ч¨ÐÁÒ àȑÍ§à¾ƅá¡¹ ˕Ð?",
        "Resort_Entering": "ĉ¹ªÍº¡ÒÃι§àȓÍ¹Ð ¾Íǖ§Ȩ´Ǚ§ Ȥ³ʁÁÍ§äˑàʫ¹áˌ¹Ŵ¹á̅Ç..",
        "Resort_Leaving": "ĉ¹¾̃ÍÁ¨Ð¡ĥº˺Ò¹ÅÐ",
        "Resort": "ªÒÂËÒ´ˉÐàђÂÁàÅÂ á˅ĉ¹äˑʴÍÂªÍº ڌ¤¹àˇÒäË˓",
        "Resort_Shore": "Ȥ³Ť´˗Ò ƇÅѕ¨ÐÂÍÁã̋àÍÒà¨·ÊƑ ÁÒчщՁÂ?#$b#...ˑÒÂÂ$h",
        "Resort_Wander": "...àÍÒ˕Ð ˶Òĉ¹àʛ¹¡ºà¢µ̃Í¹ ĉ¹¨Ðä»ʻÍ¹чäË¹ā¹¹Ð...$h",
        "Resort_Wander_2": "ĉ¹¾ę¹˗Òчщ˵Í§ɤà͈§ÁÒ¡æ ˇÒÁ¡ÅÒ§ÊÒÂ½¹",
        "Resort_Towel": "¡ÒÃä˴Ʌ¡ÍÍ¡ÁÒ¨Ò¡ ¤ÍÁžÇàµÍΓá̅ÇÁÒà¨Í âÅ¡á˛§¤ÇÒÁàʛ¹¨ƃ§˺Ò §àʛ¹ºÒ§¤Ճ§ʁƤ¹Ð ĉ¹ȕÁä»á̅Ç¹ÐàщÂ ˗Òġ¹ƤáʴäË¹$h",
        "Resort_Bar": "»¡ŵĉ¹¨ÐÊÇÁá˅ƺńÒ¹Ð á˅ã¹¤ÇÒÁ̃Í¹áºº׉...",
        "danceRejection": "äˑ˕Ð...ĉ¹Ʊ¤¹ чÍÂÒ¡¨Ðà˵¹˴ÇÂÍԒá̅Ç",
        "divorced": "ŇÒäÁà¸ÍĢ§µÒÁÃº¡Ç¹ĉ¹? ĉ¹¾ÂÒÂÒÁ¨ÐȕÁà¸ÍÍԒ¹Ð$s",
        "dumped_Guys": "ĉ¹äˑÍÂÒ¡à¨Íà¸ÍĪ¡Ğ¡...$u",
        "breakUp": "... àˢÒã¨á̅Ç...$s#$b#à´Ò˗Ò¨Ò¡׉ ¤§ä˴à¨Íà¸Íá¶Çæ ׉¹Ð...$s",
        "secondChance_Guys": "ä§...",
        "Mon": "ȝÁ... ˵Í§¡ÒÃÍÐäÃǣ?",
        "Mon4": "˶ÒÍԒƤæĉ¹ËÒÂä» ġ¹¨ÐƱÍÐäÃà»ѕÂ¹ä» äËÁ¹Ð?$s",
        "Tue": "ĉ¹ıÒĥ§Ť´ÍԒ... ڌ¤¹ˉÐ àËȑÍ¹ˡÍ¹Ƌ¹ чà˴§¡ÃÐ´Í¹ˢÒÁթÒä»#$b#Ɋ´˷ÒÂá̅Ç ¾Ç¡àÃÒʁ˵Í§¨Á",
        "Tue6": "ĉ¹ªÍºÃÍ§à˷Òɪ·ӴãËˑ ¢Í§¹ÒÂÁÒ¡àÅÂ!$h^·Ã§¼Áà¸ÍÊÇÂĈ§¹Ðħ¹׉$h#$e#ä»àŴ¹à˕¹ā¹ËˉÍÂäËÁ˕Ð?",
        "Wed": "ħ¹׉ĉ¹¨ÐŇÒÍÐäÃƤ?#$e#ʁ¤§¨Ðäˑä˴ŇÒ ÍÐäÃàËȑÍ¹à¤Â",
        "Wed2": "á«Á ˉÒ¨Ðàʛ¹àҮÍ¹àƮÂ§¤¹àƤÂÇ чĉ¹Ʊã¹àȑÍ§׉#$e#ȝÁ... áʭº׊ʁƤ¹Ð á˅˗Ò...$h#$e#ȝÁ... ʺÒ§ġ¹à¶ÍÐ",
        "Wed2_inlaw_Abigail": "á«Á ¤§¨Ðàʛ¹àҮÍ¹àƮÂ§¤¹àƤÂÇ ¢Í§ĉ¹ã¹àȑÍ§׉ á˅äˑãʺÍ˒Ò§Թ¹ ƽ¡˅Íä»á̅Ç˕Ð...",
        "Wed6": "Ȥ³áÅÐá«Á ÍÒ¨¨Ðàʛ¹àҮÍ¹àƮÂ§ ÊÍ§¤¹чĉ¹Ʊã¹àȑÍ§׉$s",
        "Wed10": "ȝÁ... Ȥ³âÊ´ÍԒãʺäËÁ?#$e#à˝Í... áʴÊ§ĪÂˉÐ!$l",
        "Thu": "#$1 Sebastian1#ĉ¹áÍºàˢÒä»ã¹զÒàұÍǴ¹ á̅Çʁä˴ÃÍÂʲÇ¹ ˉÒģ§àƑÂ¨щÁÒ ¨Ò¡¾Ç¡ɫƋ¹ι¹ Í˒ÒºÍ¡ã¤Ã˕Ð âÍà¤?#$e#˗Òä§#$e#... ˵Í§¡ÒÃÍÐäÃäËÁ?",
        "Mountain_47_23": "ĉ¹ÁÒчщàҮÍËÒ¤ÇÒÁÊ§º áÅÐ¤ÇÒÁàƗÂº",
        "Thu4": "ŇÒäÁȷ¡æ ¤¹ǖ§ªÍºÁÒɃā¹¢¹Ò´Թ¹? ʁ¨ƃ§ÍԒчà¸ÍˉÐ Է§©ÅÒ´Է§àʛ¹ƁµÃ á˅¾Ç¡à¢Ò äˑړā¹àÅÂàËÃÍä§˗Ò à¸Íàʛ¹áʴ¾Ç¡ªÍº àƳÂ¡̃Í§¤ÇÒÁÊ¹ã¨ˉÐ?#$e#¢Íâ·ÉƧ...$s",
        "Thu6": "à¸ÍǙ¡ÀÒ¾ ¤¹Í˒Ò§ĉ¹ÍÒĨÂÍԒã¹¿ÒΓÁ ÍÍ¡äËÁ˕Ð? ġ¹ğ§ɤзàʷÒÁÒ¡àÅÂ$h",
        "Thu8": "à¸ÍǙ¡ÀÒ¾ĉ¹ ÍÒĨÂÍԒã¹¿ÒΓÁÍÍ¡äËÁ˕Ð?#$e#ġ¹ğ§ɤзàʷÒ¹Ð á˅ʺÇ§׉ĉ¹¡ĥº Ť´ǖ§á˅àҳÍ§׉ˊÍÂæ",
        "Fri": "à˝Í... ĉ¹äˑړĈ¡Ȥ³",
        "Fri2": "*à̎Í*... ˶Òàš´á̑Êäˑá¾§ÅÐʁ¹Ð ħ¹׉ĉ¹¤§ä˴вÁÍàµÍΓä«ʹ àˢÒä»ã¹àȑÍ§á̅Ç#$e#$q 15/16 Fri_old#»¡ŵàÇÅÒäˑä˴ŇÒ§Ò¹ Ȥ³ġ¡¨ÐŇÒÍÐäÃ˕Ð?#$r 15 0 Fri_bad#ʁŇÒ¿ÒΓÁ˅Í#$r 16 30 Fri_good#˝Ò¹¡ÒΓɥ¹#$r 15 -30 Fri_bad#ä»ʊÍ»֛§#$r 15 -30 Fri_bad#à˕¹ƑÌÒ",
        "Fri_old": "$p 16#à̎ ˶ÒàҪÍÅÐʁ ÁÒà˕¹ч̋Í§ĉ¹ä˴¹Ð...$h|Ȥ³¤§¨ÐªÍºƚƇµ ã¹àȑÍ§àʥ¡æ ÁÒ¡¡˗ÒƊ¹Ð țÍ?",
        "Fri_good": "̍Í ãʺ? Ȥ³ä˴˝Ò¹ 'à¤¿ «ÒˡÒ àÍ¡ͻ' µÍ¹ãËˑ˺Ò§äËÁ˕Ð? ĉ¹¨Ðäˑà˕ÒàةÍËÒ ã̋ğ§ʱÍ¹ËÃÍ¡¹Ð... á˅ġ¹Ɋ´æ ä»àÅÂ...$h",
        "Fri_bad": "˝ÍàËÃÍ? ȝÁÁÁ... äˑàËÁÒÐāºĉ¹ËÃÍ¡ á˅ȷ¡æ¤¹ʁ¤§¨ÐƱЪ§ч ªÍº˅Ò§ā¹ÅÐՁ§$u",
        "Sat": "ÍÐäÃ¹Ð? ĉ¹äˑä˴Ƃ¹чȤ³ɮ´... ĉ¹ıÒĥ§Ӣ§à¾ÃÒÐŤ´ǖ§ àҳÍ§ºÒ§àҳÍ§ÍԒˉÐ#$e#˵Í§¡ÒÃÍÐäÃ?",
        "Sat2": "Ȥ³ړäËÁ µÍ¹׉ĉ¹¤ÇÃ¨ÐŇÒÍÐäÃ ã̋ġ¹àʛ¹֊¹àʛ¹ĭ¹ ÁÒ¡¡˗Ò׉ ĉ¹àʛ¹¤¹чàƺÂ ÊÁÒŸàʣÇàš¹ä»...$s#$b#ºÒ§Ƨ ĉ¹¤ÇÃ¨ÐҤÁ¡Òá¿ ã̋ÁÒ¡¡˗Ò׉?",
        "Sun": "˗Òä§ Ȥ³ҚÍ @ ãʺäËÁ?",
        "Sun2": "ħ¹Ëɂ´ä˴Ğ¡ ÊºÒÂàÅÂãʺäËÁ? ...ʁƤ",
        "Sun4": "ĉ¹ġ¡¨ÐÍԒá˅ã¹˺Ò¹ á˅ºÒ§¤Ճ§ ĉ¹ʁáÇÐä»чªÒÂËÒ´#$b#á˅à©¾ÒÐʺÇ§׉½¹µ¡¹Ð#$e#à¾ÃÒÐÍÐäÃʁäˑړ ¡ÒÃä˴˨Í§ÍԒá˅ɁÁ¢Í§̋Í§ чɤàȒÍ¡àʢ¹ġ¹ŇÒã̋ĉ¹ ړǪ¡... äˑړƊ ġ¹ŇÒã̋ړǪ¡لÁʴÒ ч¨Ðښ˅Íä»ÅÐՁ§",
        "Fri8": "àʛ¹ä§˺Ò§?$h#$e#ĉ¹¨Ðä»чºÒΓǴ¹׉ á̅Çʁ¨Ð¶˕Áá«Á ˴ÇÂÊȹ¡à¡ÍΓ ƽ¡¤Ճ§$h",
        "Sun10": "ĉ¹ıÒĥ§Ť´ǖ§Ȥ³ÍԒ¾ÍƤ...$l",
        "Event_game1": "âÍà¤ ã˪ä˴á̅Ç",
        "Event_game2": "àȕÍ¡ä˴Ƥщ ι¹¨ÐàˢÒāºº·ºÒ· ¢Í§ĉ¹àÅÂ",
        "Event_cave1": "Í˒ÒàʣÇę¡Ɗ! ĉ¹ÍÂÒ¡ړ˗Òġ¹ǴÍÍÐäÃ",
        "Event_cave2": "¨ƃ§ǣ? ġ¹ıÒĥ§˚§àƺÂ§Ĕ§ÁÒ¡àÅÂ!",
        "Event_cave3": "ġ¹ĭ¹µÃÒÂàš¹ä» ˶ÒäˑƱ´Òº á˅ĉ¹ªÍºà«¹Κ˴Ò¹ ¡ÒÃ¼¨­ĠÂ¢Í§Ȥ³¹Ð$h",
        "event_garage1": "à͈§ä»àÅÂ$8",
        "event_garage2": "âÍà¤... ԧ¹äˑàʛ¹äÃ$9",
        "event_garage3": "Í˒Ò˛Ç§àÅÂ ĉ¹¨Ðàʛ¹¤¹ÊÍ¹ã̋àÍ§ ʱÍ¹ч¹ÒÂ¨ÐŇÒÍÐäÃ чġ¹àњÂ§ĭ¹µÃÒÂˉÐ¹Ð$8^äˑƱÍÐäÃ˵Í§¡ĥÇËÃÍ¡... à¾ÃÒÐĉ¹¨Ð»¡˻Í§à¸ÍàÍ§$8",
        "event_city1": "ȞÁÁÁ... à׎Â¹¨Ò¡чĉ¹Ť´ä»Ź´ËˉÍÂ á˅ʁàÍÒà¶ÍÐ",
        "event_city2": "ãʺ... ĉ¹àÍ§ʁړǪ¡áººԹ¹ àËȑÍ¹ā¹$l",
        "event_city3": "â̍... ȝÁ ºÒ§ƧщÍÒ¨¨ÐäˑãʺÊ¶Ò¹ч чàËÁÒÐāºȤ³ˉÐ¹Ð ĉ¹áʴŤ´˗ÒȤ³ˉÒ¨Ðģºړ ǖ§¤ÇÒÁÊÇÂ§ÒÁ¢Í§ġ¹$s",
        "event_city4": "àÎÍÐ... Ȥ³ɮ´àËȑÍ¹áˑĉ¹àÅÂ$a#$b#...*à̎Í*$s#$b#á˅Ȥ³ʁɮ´ɦ¡ˉÐ¹Ð ĉ¹ŵ´ġ¹ÁÒ¡àš¹ä» ġ¹äˑƤàÅÂĪ¡Ź´$s",
        "summer_Mon": "ŇÒäÁȷ¡æ¤¹ ǖ§ɤƱ¤ÇÒÁɊ¢ÀÒÂã˵ ´Ç§ÍÒŷµΒā¹¨ƃ§ ĉ¹äˑàˢÒã¨àÅÂ",
        "summer_Mon6": "ȷ¡æ¤¹ ɤƱ¤ÇÒÁɊ¢àËȕÍàš¹ àÇÅÒ¾ÃÐÍÒŷµΒע¹...#$e#á˅ÅÐ¤¹ ˒ÍÁŤ´˅Ò§ā¹ ÅÐՁ§",
        "summer_Tue": "ĉ¹Ե§µÒÃÍ ÄɤчË¹ÒÇáÅÐؚ¹ÍԒ ġ¹ŇÒã̋ĉ¹ړǪ¡ àËȑÍ¹ä˴ÍԒ˺Ò¹",
        "summer_Wed": "¨ÐÍÍ¡ä»ˢÒ§¹Í¡ā¹ àҮÍÍÐäÃ? ĉ¹àʫ¹ġ¹ÁÒËÁ´á̅Ç",
        "summer_Wed8": "ŇÒäÁĉ¹ǖ§ıÒĥ§֢ÁÍԒ? ÍÒ¨àʛ¹à¾ÃÒÐʺÇ§׉ ĉ¹ړǪ¡Ʊ¤ÇÒÁɊ¢á»Å¡æ ÅÐՁ§...$l",
        "summer_Thu": "ĉ¹¨Ðäˑä»˗ÒÂթÒ Í˒Ò§áˉ¹Í¹ ˶ÒԹ¹ǴÍЪ§чȤ³ ıÒĥ§¨Ð¶ÒÁˉÐ¹Ð$s#$e̍ÒÇ áʴáÇÐÁÒė¡·ÒÂ ËÃÍ¡àËÃÍ? ¢Íâ·ÉƧ",
        "summer_Thu10": "˶ÒȤ³Ť´ÍÂÒ¡ ¨Ðä»˗ÒÂթÒע¹ÁÒ˺Ò§˕Ðʁ... ĉ¹ʁ¨Ðä»˗ÒÂ˴ÇÂ àËȑÍ¹ā¹$l",
        "summer_Mountain_58_35": "#$c .5#ɍ³ËɰƁàО§¨ÐàУÁã̋ ¤ÇÒÁړǪ¡чÊºÒÂã¹ µÍ¹¡ÅÒ§Ǵ¹#$e#áÅÐ¨Ðàʢ¹ÁÒ¡¡˗Ò׉ ƽ¡Ź´Ǚ§ ˶ÒȒ¹ÍԒã¡̅æ ·ÐàÅÊÒº",
        "summer_Fri": "â̍ ˗Òä§ *̎ÒÇÇÇ*",
        "summer_Fri6": "à̎ ĉ¹Ƥã¨ÁÒ¡àÅÂчȤ³áÇÐÁÒ$h#$e#ʺÇ§׉àʛ¹ä§˺Ò§˕Ð Ū¹āºÍÒ¡ÒÈ̃Í¹щǣĢ§?",
        "summer_Sat": "ĉ¹Ëħ§˗ÒÍÒËÒÃǴ¹׉ ¤§¨Ðäˑãʺàʫ´ݞ¹¹Ð$s",
        "spring_12": "ĉ¹àʛ¹¾Ç¡äˑªÍº §Ò¹à·È¡ÒÅ ġ¹Ʊá˅¤ÇÒÁӢ§àËƂ§ ¾º»Ðڌ¤¹ÁÒ¡àš¹ä» à¤ƳÂ´ÁÒ¡¡˗ÒÊȹ¡... ã¹¤ÇÒÁàʫ¹¢Í§ĉ¹ˉÐ¹Ð",
        "spring_23": "¾ÃÐà˨Ò... ¾ӣ§׉àʛ¹à·È¡ÒÅ чá˒чɊ´»ÃÐĸÒƫàÅÂ ¤ÍÂɤä˴àÅÂ˗Òġ¹ ¨ÐŇÒã̋ĉ¹ɤàËȑÍ¹¤¹âʷ ÁÒ¡áʴäË¹ã¹ʺÇ§§Ò¹à˵¹œÒ",
        "fall_20": "Ȥ³Ե§Ë˹ÒԵ§µÒÃÍ §Ò¹à·È¡ÒÅÎÒâÅƷ¹ ã¹ħ¹¾ӣ§׉äËÁ˕Ð? ġ¹àʛ¹§Ò¹à·È¡ÒÅчĉ¹ ªÍºчɊ´àÅÂ$h",
        "fall_26": "§Ò¹ÎÒâÅƷ¹ Ʊħ¹¾ӣ§׉á̅ÇƊ¹Ð ĉ¹Ëħ§˗Ò¤§¨ÐƱ ¾Ç¡â¤Ã§¡ÃÐɤ¡ ÁÒĈ´áÊ´§ƽ¡ã¹ƫ׉$h#$e#ºÒ§чĉ¹ÍÒ¨¨ÐړǪ¡˗Ò ¾Ç¡à¢ÒԷ§ËÁ´àʛ¹àҮÍ¹ ¢Í§ĉ¹á̅Çʁä˴",
        "summer_10": "ўў... ġ¹ˉÒ¨ÐµÅ¡ˉÒɤ ˶Òã˚¢Í§ªÇ¹¤ҵ¹ä̊ Å§ã¹Ë́Íȫ»ã¹ħ¹¾ӣ§׉ á˅äˑä˴¨ÐÇÒ§žÉã¤ÃËÃÍ¡#$e#ŇÒä»àҮÍÍÐäÃ? țÁÁ... ĉ¹Ť´˗Ò¤¹ºÒ§¤¹ ʁÍÒ¨¨ÐړǪ¡ àʛ¹ƍÊÃÐÁÒ¡ע¹ àÇÅÒä˴àʫ¹â¤Ã§ỄÒ§ ·Ò§Ī§¤ÁĞ§·ÅÒÂÅ§àʥ¡˹ÍÂ ËȓÍºÒ§Ƨĉ¹ÍÒ¨¨Ðáʴ á»Å¡¡˗ÒªÒÇ˺Ò¹ʁä˴",
        "summer_27": "¾ӣ§׉¾Ç¡àÃÒ¨Ðä» ÃÇÁĕÇā¹чˇÒàȓÍ àҮÍà˽Òɤ ¡ÒÃ̂ÒÂЖ¹°Ò¹¢Í§¾Ç¡ áÁ§¡ÃÐ¾Ƀ¹áÊ§Ĉ¹·Γ ĉ¹Ť´˗Òġ¹ˉÒ¨ÐàУÁĪ¡µÍ¹ 10 âÁ§ÅÐՁ§",
        "winter_24": "ħ¹׉àʛ¹ħ¹ʱÍ¹ħ¹ ˚§˷ÒÂ´Ç§´ÒÇÄɤË¹ÒÇ ¢Í§ƫá̅Ç Í˒ÒȕÁŇÒã̋˷Í§˗Ò§ àҮÍš¹ÍÒËÒÃ ã¹ħ¹¾ӣ§׉˴ÇÂ˕Ð",
        "summer_Sun": "ĉ¹ġ¡¨ÐÍÍ¡ä»ˢÒ§¹Í¡ Ëĥ§¨Ò¡ȑ´á̅Ç ġ¹ğ§ɤá»Å¡ŚÒËģºȤ³äËÁ?",
        "summer_Sun4": "àұÍǴ¹ ĉ¹àʫ¹ɭ§ˤÒ§¤ÒÇź¹Ç¹ä»ÁÒ ÍԒã¡̅æ·ÐàÅÊÒº#$e#ºÒ§Ƨ ʺÇ§׉¢Í§ƫ ¾Ç¡ġ¹ÍÒ¨ĸÒàʛ¹˵Í§š¹ ¾Ç¡ɂ§˕ÐՁ§?",
        "fall_Mon": "áÊ´§˗Ò... щàʛ¹ÄɤàʁºàбÂÇ ¤Ճ§ãËʽàÅÂ ãʺäËÁ?",
        "fall_Mon4": "Ȥ³¤§ŇÒàŧ¹ä˴ÁÒ¡ÁÒÂ ã¹¿ÒΓÁι¹àÅÂƊ¹Ð țÍ?#$e#ºÒ§Ƨ ĉ¹¤ÇÃ¨ÐËÒ§Ò¹ŇÒ˺Ò§...$s",
        "fall_Tue": "щʁ¼ÊÁğ¡·Í§... ι¹¼ÊÁğ¡·Í§... â̍Â ĉ¹ÅÐàҪÍāºʴÒŹÂÁ»ÃÐĸÒ Äɤ¾Ç¡׉¨ƃ§æ",
        "fall_Tue6": "ŴƱà·ƳÂÊŤ´˗ÒĕÇàÍ§ àʛ¹ã¤Ãā¹ ϊ§ã̋ĉ¹ŇÒԉ¹ŇÒщÍԒä˴? à¢ÒäˑãʺˎÍá˷æ ¢Í§ĉ¹˴ÇÂ՛Ò$a",
        "fall_Wed": "*̎ÒÇÇÇ*... щġ¹бâÁ§á̅ÇàщÂ? àËȑÍ¹¨Ð¹Í¹àÂÍÐ ä»ËˉÍÂáÎÐ",
        "fall_Wed8": "Ƥã¨¨ƃ§æ чȤ³ÁÒ ĉ¹ıÒĥ§ړǪ¡àҪÍ¾ÍƤ#$e#àҚÍäËÁ˕Ð µÍ¹׉ĉ¹ړǪ¡ ¡ÃÐ»ד¡ÃÐà»˓Ò ע¹àÂÍÐàÅÂ˕Ð",
        "fall_Thu": "̋Í§¢Í§ĉ¹ÍÒ¨¨Ðɤ Ëˑ¹ËÁÍ§˹ÍÂÅ§ʁä˴ ˶Òĉ¹ƱË˹Ò˅Ò§Ī¡ºÒ¹ÅÐʁ¹Ð$s",
        "fall_Fri": "*̎ÒÇÇÇ*... ĉ¹˝Ò¹Ëę§ȚÍà˕ÁãËˑщ ÂÒÇä»¨¹ǖ§ƥ 3 àÅÂ#$q 62/63 fall_Fri_old#Ȥ³˝Ò¹Ëę§ȚÍ˺Ò§äËÁ @?#$r 62 -30 Fri_bad#˝Ò¹Ɗ á˅áʴËę§ȚÍηÇä»ˉÐ#$r 63 30 Fri_good#˝Ò¹áʴá¹Ç ä«-ä¿ āºá¿¹µÒƛ#$r 62 0 Fri_bad#ĉ¹ªÍº˝Ò¹àҳÍ§âÃáÁ¹ŵ¡ˉÐ#$r 63 -30 Fri_bad#äˑ ĉ¹äˑªÍº˝Ò¹Ëę§ȚÍ",
        "fall_Fri_old": "$p 62#Ȥ³ÍÒ¨¨ÐäˑªÍºġ¹ËÃÍ¡$s|ĉ¹Ť´˗ÒȤ³ˉÒ¨ÐªÍºġ¹¹Ð",
        "fall_Fri_good": "à̎Ť´àËȑÍ¹ĉ¹àÅÂ ġ¹äˑƱÍÐäÃƤä»¡˗Ò àҳÍ§á˅§Ƥæ чŇÒã̋¤ÇÒÁŤ´¢Í§àÃÒ ˢÒÁàš¹¢Íºà¢µ¢Í§ĴÒ˗Ò Ũ¹µ¹Ò¡ÒÃËÃÍ¡$h",
        "fall_Fri_bad": "țÍ ğ§ɤˉÒàҪÍªÐġ´",
        "fall_Fri6": "ʺÇ§׉ĉ¹àÍÒá˅˝Ò¹Ëę§ȚÍ àбÂÇāºà¡Éµ¡Ã ġ¹ŇÒã̋ĉ¹Ǚ¡ǖ§Ȥ³ע¹ÁÒ ËÅÒÂ¤Ճ§àÅÂ$h#$e#¢Íâ·ÉƧ ˶ÒԹ¹ŇÒã̋Ȥ³ړǪ¡ ¢ÂÐáÂ§ˉÐ¹Ð$h",
        "fall_Sat": "ƽ¡ *Ź´* àƤÂÇ ĉ¹ʁàǱÍº¨Ðä˴¹Í¹ ÍԒº¹àƥÂ§Է§ħ¹ÍԒá̅Ç äˑˉÒɅ¡ע¹ÁÒàÅÂ",
        "fall_Sun": "ʺÇ§àÇÅÒчƱ¾ÃÐÍÒŷµΒ ġ¹ʴÍÂæ ˹ÍÂÅ§ȷ¡ħ¹æ... àђÂÁÁÒ¡",
        "winter_Mon": "ĉ¹ªÍºÄɤ чɤȑ´ġÇáºº׉ÁÒ¡¹Ð... á˅˗Òġ¹ÍÍ¡¨ÐË¹ÒÇä»ËˉÍÂ",
        "winter_Mon4": "äˑƱÍÐäÃ ŇÒã̋ĉ¹µ¡ã¨ä˴ƽ¡á̅Ç... äˑƱÍÐäÃŇÒã̋ĉ¹īÇàÃÒÐ ä˴ƽ¡á̅ÇàËȑÍ¹ā¹#$e#ãʺ ĉ¹ړ... ĉ¹ıÒĥ§àˢÒâËÁ´ ´ÃÒˑÒÍԒˉÐ",
        "winter_Tue": "ȞÁÁÁ... ĉ¹äˑړ¨Ðɮ´ÍÐäÃ¨ƃ§æ à¾ÃÒÐĉ¹Ģ§äˑړĈ¡Ȥ³Ƥ¾Í",
        "winter_Tue4": "à̎...#$b#ºÒ§¤Ճ§ġ¹ʁÂÒ¡¨ƃ§æ¹Ð ч¨ÐËÒàҳÍ§à˕ÒãËˑæ ÁÒɮ´ȤÂā¹ á́¨ÐړĈ¡ā¹á̅ÇʁµÒÁ#$e#...â·ÉƧ",
        "winter_Tue6": "ĉ¹àǱÍº¨ÐµÐ¤Í¡ ã˚áˑ¢Í§ĉ¹ä»á̅Ç à¾ÃÒÐáˑ¢Í§ĉ¹ àО§֗§¡ÒΓɥ¹àʱÒæ ä»Է§Ȫ´àÅÂ... á˅ÍÐäÃºÒ§Í˒Ò§ ġ¹̋ÒÁĉ¹ä̇#$e#ȞÁÁÁ... ħÂɇŲÁÒ¾̃ÍÁāºɰƁě­­Ò",
        "winter_Tue10": "Ȥ³ÁÒчщàҮÍ à¨ÍË˹Òĉ¹ԧ¹àËÃÍ?$l#$e#...$h",
        "winter_Wed": "%à«ºÒÊàƥÂ¹ àËȑÍ¹ıÒĥ§àËˑÍÅÍÂ...",
        "winter_Wed4": "à̎ Í˒Òã̋ĉ¹àʛ¹ĕÇ ŇÒã̋Ȥ³ڝ§Ò¹Ɗ#$e#á˅˶ÒıÒĥ§˗Ò§ÍԒÅÐʁ ĉ¹ʁäˑ˗ÒÍÐäÃËÃÍ¡¹Ð ˶ÒȤ³¨ÐÍԒã¡̅æ$h",
        "winter_Thu": "ĉ¹Ê§ĪÂ¨ƃ§æ˗Ò ˢÒÇàʢ¹Ǵ¹׉¨Ðàʛ¹ÍÐäÃ... *àƺÂ§ˊ¹*$s",
        "winter_Thu6": "ĉ¹¤ÇÃī´àƳÂ¹ŇÒÍÒËÒÃ¹Ð ġ¹¨Ð˵Í§Ʊ»ÃÐâÂªΉÁÒ¡áˉæ",
        "winter_Fri": "ġ¹Êȹ¡ÁÒ¡àÅÂ чä˴ÍÒĨÂÍԒã¡̅æ āºÃÒ§Ã¶ä¿ ġ¹¤ÍÂղÒàҥÍ¹˗Ò âÅ¡׉ãËʽ¢¹Ò´äË¹",
        "winter_Fri8": "µÍ¹чĉ¹Ģ§àʛ¹àʔ¡ ĉ¹ġ¡¨ÐЧ§ÍÍ¡ä»Ģ§ ÃÒ§Ã¶ä¿àÇÅÒчĉ¹ä˴Ƃ¹ àƺÂ§Ã¶ä¿ˌÒ¹ÁÒ#$e#àš´ÍÐäÃע¹ āºħ¹ÇÒ¹¾Ç¡Թ¹ā¹...? *à̎Í*$s",
        "winter_Sat": "¾Ç¡¡ºġ¹ɤäˑƱ¤ÇÒÁɊ¢ ã¹ʺÇ§ÄɤË¹ÒÇàÅÂ#$e#ˉÒÊ§ÊÒÃ¨ƃ§æ$s",
        "winter_Sat6": "ĉ¹ªÍºÄɤË¹ÒÇ¹Ð á˅ĉ¹Ê§ÊÒÃ¾Ç¡ĪµΗ чıÒĥ§Ë¹ÒÇÍԒˢÒ§¹Í¡Թ¹#$e#á˅¾Ç¡ġ¹¤§Ū¹ā¹á̅Ç˕ÐՁ§ àËȑÍ¹...āº¼Á",
        "winter_Sun": "ĉ¹ỄÒ§ÁȹÉΒƋÁÐä̇ á˅ŴƱà·ƳÂÊ ºÍ¡ã̋ĉ¹Ğ§ġ¹֗§#$e#à¢Ò˵Í§¡ÒÃÍÐäÃ?$u",
        "winter_Sun6": "ĉ¹ỄÒ§ÁȹÉΒƋÁÐ Ɋ´ÊÐ¾ǣ§ä̇ á˅ŴƱà·ƳÂÊ ºÍ¡ã̋ĉ¹Ğ§ġ¹֗§... ¢³ÐàƤÂÇā¹ÁȹÉΒƋÁÐ Ɋ´áÊ¹ˉÒģ¡¢Í§ÁÒɃ ¡ĥºÃÍ´»˕ÍÂĠÂ!$a#$e#ˉÒĲÒ֪¹Ƥ"
    }
}
