{
    "header": {
        "target": "w",
        "formatVersion": 5,
        "hidef": true,
        "compressed": 128
    },
    "readers": [
        {
            "type": "Microsoft.Xna.Framework.Content.DictionaryReader`2[[System.String, mscorlib, Version=4.0.0.0, Culture=neutral, PublicKeyToken=b77a5c561934e089],[System.String, mscorlib, Version=4.0.0.0, Culture=neutral, PublicKeyToken=b77a5c561934e089]]",
            "version": 0
        },
        {
            "type": "Microsoft.Xna.Framework.Content.StringReader",
            "version": 0
        }
    ],
    "content": {
        "Mon": "¼ÁäˑړĈ¡Ȥ³ ÁÒȤÂāº¼ÁŇÒäÁ?",
        "Resort_Entering": "ǮÁ... Ëħ§˗ÒºÒΓ¨ÐàŻ´¹Ð",
        "Resort_Leaving": "àÍÒ˕Ð... ä˴ƇµÒƁ¹ƤÁÒàʕÁæ àÅÂĉ¹¨Ðà˕¹à¡Áã̋ µÒàƫÂ¡µÒá©ÐàÅÂ¤ÍÂɤÙ",
        "Resort_Shore": "µÒÁԹ¹áËÅÐ ¼Áäˑã˚Է§ȶ§à˷ÒËȓÍÃÍ§à˷Ò #$b#ºÒ§¤¹ºÍ¡˗Òġ¹Ê¡»Ã¡#$b#á˅¾Ç¡ɫʁɤƱ¤ÇÒÁɊ¢Ƥщ¹Ò$h",
        "Resort_Chair": "ڞÇ...ړǪ¡ƤĈ§#$b#˶Òã¤Ã˵Í§¡ÒÃã̋ĉ¹ ʺÇÂÍÐäÃ ʁÁÒËÒĉ¹¹Ðĉ¹¨Ðι§ÍԒ µÃ§׉щáËÅÐ",
        "Resort_Bar": "ÎÒ... ä˴ҤÁթÒàʢ¹æá̅ÇړǪ¡ƤªÐġ´...#$e#á˅ŨºàƪÂΓŹ´ËˉÍÂ ¨ÐƤ¡˗ÒՁÂ¹Ð...",
        "Resort": "ã̋µÒÂà¶ÍÐ ŇÒäÁ·ÃÒÂġ¹̃Í¹Í˒Ò§ַàщÂ ŇÒäÁĉ¹ǖ§äˑã˚ÃÍ§à˷ÒÁÒ¹Ð$s",
        "danceRejection": "...äˑ$s",
        "pamHouseUpgrade": "¼Áä˴Ƃ¹ÁÒ˗Ò Ȥ³ỄÒ§˺Ò¹ã̋á¾Á... ι¹ʺÒ§ƱթÒã¨¨ƃ§æ...#$b#Ȥ³ړäËÁ¼ÁàÍ§ʁ ˵Í§¡ÒÃàŧ¹ċ¡áÊ¹Ǚ§...#$e#*ÍÐá˞Á* ...˝Ò ...áʴ̅Íà˕¹ˉÐ ...áËÐæ",
        "pamHouseUpgradeAnonymous": "¼Áä˴Ƃ¹ÁÒ˗Ò Ʊ¤¹ỄÒ§˺Ò¹ã̋á¾Á... *¶ÍÂËÒÂã¨*... á̅Çá¾Áä»ŇÒÍÐäÃàËÃÍǖ§ ÊÁ¤ÇÃä˴ģº¤ÇÒÁʺÇÂàËȕÍ áººԹ¹??",
        "divorced": "...$a#$e#...»˕ÍÂã̋¼Á ÍԒ¤¹àƤÂÇà¶ÍÐ$a",
        "breakUp": "*ǭ¡* ÍÒ... ãʺ µ¡Å§... ¼Á¤ÇÃ¨Ðړ˗Òġ¹˵Í§Å§àÍÂ áºº׉àˢÒĪ¡ħ¹$s#$b#¼Á¨Ð... à˝Í... ԧ¹¤§ä̇à¨Íā¹ч«Òɵ¹¹Ð",
        "dumped_Guys": "%àª¹ƱáÇÇµÒàËˑÍÅÍÂ à¢ÒäˑÂÍÁɮ´āºȤ³",
        "secondChance_Guys": "¼ÁäˑàˢÒã¨Ȥ³àÅÂ... *¶ÍÂËÒÂã¨*...",
        "Mon2": "¼Áá·º¨ÐäˑړĈ¡Ȥ³àÅÂ ŇÒäÁȤ³ǖ§ÁÒȤÂāº¼Á˕Ð?",
        "Mon4": "à̎ ¢Íâ·É˴ÇÂ¹Ð чŇÒĕÇäˑƤä» µÍ¹чàÃÒà¨Íā¹¤Ճ§áÃ¡ˉÐ#$e#ġ¹˵Í§ã˪àÇÅÒĪ¡ËˉÍÂ ¡˗Ò¼Á¨ÐàŻ´ã¨ȤÂ āº¤¹á»Å¡Ë˹Òä˴ˉÐ",
        "Mon10": "Ȥ³à¤ÂړǪ¡àËȑÍ¹âÅ¡Է§ãº ˨Í§ÁÍ§Ȥ³àËȑÍ¹āºáÁÅ§ чˉÒģ§àƑÂ¨ǣà»˕Ò?",
        "Tue": "ËÒ? Ȥ³˵Í§¡ÒÃÍÐäÃ? ä»ã̋˾¹àÅÂ",
        "Tue2": "Ȥ³˵Í§¡ÒÃÍÐäÃ¨Ò¡¼Áā¹? àŧ¹àËÃÍ? ¼Á¨Ðã̋·Í§¡Í§ãËʽàÅÂ ˶Ò»˕ÍÂã̋¼ÁÍԒ¤¹àƤÂÇ!",
        "Tue4": "ȷ¡¤Ճ§ч¼ÁÅÍ§ÍÐäÃãËˑæ ġ¹¨Ðż´¾ÅÒ´ä»ËÁ´ ġ¹ŇÒã̋¼ÁàƳÂ¹ړ ч¨ÐÍԒá˅ã¹¡ÃÐ´Í§«Ð˺Ò§",
        "Tue6": "ƚƇµġ¹ʁ äˑä˴á˒ÍÐäÃÁÒ¡ËÃÍ¡... Í˒Ò§˹ÍÂ¼ÁʁĢ§Ʊ ž«ʻÒáʺáʂ§āºäʲÅÐ¹Ð$u",
        "Wed": "äˑ ¼ÁäˑƱàÇÅÒÁÒȤÂāºȤ³ ËÃÍ¡¹Ð",
        "Wed8": "¼ÁàУÁɬ¡Ğ¹āº ÁÒƩáÅÐá¨ÊáÎÐ ¾Ç¡àÃÒäˑƱã¤Ã àËȑÍ¹ā¹àÅÂ á˅ġ¹ړǪ¡àËȑÍ¹āº˗Ò àÃÒàʛ¹¤ÃÍº¤ģÇ»ÃÐËÅÒ´æ àËȑÍ¹ā¹¹Ð#$e#µÍ¹àʔ¡¼Áʁäˑä˴Ʊã¤Ã ã̋àƳÂ¡˗Ò¤ÃÍº¤ģÇ Ī¡àˇÒäË˓$s",
        "Wed4": "$d Joja#*à̎Í* ...¹Ã¡ч՛Òá̅Ç՛Òà˕Ò āº¡ÒÃÊ̥Í¡Ɗ¹ˤÒ àƅ¡§Ò¹ʁä»чºÒΓ á̅ÇʁàÁÒ»֥¹ġ¹Է§Ǵ¹$s|¼Áà¡ƵÂ´ ч˵Í§ä»ŇÒ§Ò¹ч̃Ò¹â¨˨Ò á˅¾ÍµÍ¹׉¼Áµ¡§Ò¹ ġ¹Т§ړǪ¡¹Ã¡ Т§¡˗ÒàŴÁ«Ðƽ¡$s",
        "Thu": "Ȥ³˵Í§¡ÒÃÍÐäÃā¹? Í˒ÒÁÒӢ§āº¼Á",
        "Thu4": "Ȥ³щؤÍ¨ƃ§æ ¼Áá»Å¡ã¨¨ƃ§æ чƱ¤¹Ê¹ã¨¨ÐȤÂāº¼Á ¢¹Ò´Թ¹",
        "Thu6": "ˉÒàҪÍ¨ƃ§... թÒâ¤˕Ò¢Í§â¨˨Ò ġ¹ä»ÍԒäË¹¹Ð?",
        "Thu8": "Ȥ³ªÍºч¨ÐȤÂāº¼ÁàËÃÍ? ¼Á˗Ò¼ÁàҚÍȤ³¹Ð... ºÒ§Ƨ Ȥ³ÍÒ¨¨Ðá»Å¡àËȑÍ¹æ ¼Áʁä˴$h",
        "Fri": "äˑŇÒ§Ò¹ŇÒ¡ÒÃǣä§?",
        "JojaMart": "%àª¹ıÒĥ§ŇÒ§Ò¹ Í˒Ò§¢Ðġ¡à¢́¹ à¢ÒäˑÊ¹ã¨ч¨ÐȤÂāºȤ³",
        "Fri4": "$d Joja#ÍÐäÃǴÍ¤ÇÒÁËÁÒÂ¢Í§ƚƇµ ˶ÒԷ§ƚƇµŇÒá˅§Ò¹?|¼ÁäˑƱàŧ¹¨ÐʸÒÂ ʴÒàʺÒ̋Í§˴ÇÂ՛Ò á˅˻ÒÁÒƩ ʁĢ§ã̋¼ÁÍÒĨÂÍԒ ¼Áâª¤Ƥ¨ƃ§æ",
        "Fri6": "áˉ¹Í¹Ǵ¹׉¼Á¨Ðä»ч«Òɵ¹ ġ¹ƱÍÐäÃÍ˒Ò§ҽ¹ ã̋ŇÒ˴ÇÂàËÃÍ?",
        "Sat": "¨ÐÁÒ¡Ç¹¼ÁŇÒäÁ? ¼ÁÍÂÒ¡ÍԒ¤¹àƤÂÇ",
        "Sat2": "#$1 ShaneJOSH#¼Á˕Ðá»Å¡ã¨¨ƃ§æ чȤ³Ģ§¾ÂÒÂÒÁ ч¨Ðàʛ¹àҮÍ¹āº¼Á щ¼ÁĢ§ËÂÒº¤ÒÂāºȤ³ äˑ¾Íƽ¡ËÃÍ?#$e#*¶Í¹ËÒÂã¨*...$s",
        "Sat4": "$d Joja#¼ÁàʺÒ̋Í§āº˻ÒÁÒƩ ˴ÇÂÃÒ¤ÒƤÁÒ¡æ ġ¹àʥ¡á˅¼Áʁˊ¹äˑä˴ËÃÍ¡|˶Ò¼Á àУÁƚƇµãËˑä˴¹Ð ¼ÁÍÒ¨¨ÐàŻ´¿ÒΓÁäʱ áˉ¹Í¹˗Ò ˵Í§àʛ¹¿ÒΓÁàŻ´àˇÒԹ¹",
        "Sat8": "¼ÁˉÐàУÁړǪ¡ ɬ¡Ğ¹¨ƃ§æ Ĉ§æ āººÃÃ´Òäʱ¢Í§ ˻ÒÁÒƩ«Ðá̅Ç˕Ð$h",
        "Sun": "¼ÁӢ§ÍԒ äˑàʫ¹ËÃÍ?",
        "Sun6": "...¼ÁŤ´˗Ò¼Á˵Í§ ̍Ç¹ע¹áˉàÅÂ$s",
        "Sun8": "˶Ò¼ÁɤƧƷàÂÍÐæ ºÒ§Ƨ¼ÁÍÒ¨¨Ð ȕÁàҳÍ§ã¹ƚƇµ¨ƃ§ä»ʁä˴ áººԹ¹ġ¹¤§¨Ð ˌÍ¹¤ÅÒÂÅ§ÁÒ¡àÅÂ$u",
        "Sun10": "ä§ @ ħ¹׉àʛ¹ħ¹чƤ¢Í§¼Á˕Ð¹Ð$h",
        "Sun4": "ȝÁ... щġ¹ %time á̅Ç ¼Á¤ÇÃ¨Ðӭ¹ž«ʻÒáʺáʂ§ š¹àÅÂƤäËÁ ËȓÍ¨ÐÃÍʱÍ¹Ƥ?$u",
        "Sun2": "Ȥ³ƽ¡á̅ÇËÃÍ? ¨Ð˵Í§ã̋¼ÁºÍ¡б¤Ճ§ ˗Ò¼ÁÍÂÒ¡¨ÐÍԒ¤¹àƤÂÇ?$s",
        "event_room1": "âÍà¤... Թ¹ĸÒàʛ¹˵Í§Ʊº·ɮ´Ƥæ ºÒ§Ƨ¼Á¤§¤ÇÃã̋ àÍÅàƵÂµʺÇÂá¹ÐŉÒ àұÍ¼Áà¨Íāºà¢Òч«Òɵ¹¹Ð$s",
        "event_room2": "ğ§ɤƤщ ¼Á¤§˵Í§ä»ŇÒàÍ¿à¿¤žàÈÉ àҮÍŇÒã̋ġ¹ɤà͈§á̅Ç˕Ð",
        "event_noLoan1": "¼ÁäˑړÁÒʱÍ¹àÅÂ ˗ÒȤ³àʛ¹¤¹ֲàËƩÂÇ...$s",
        "event_noLoan2": "âÍà¤ ˎÍ...$s^âÍà¤ áˑ...$s",
        "event_noLoan3": "â̍Ç ̇ÒÇÇÇ...$s",
        "event_apologize1": "...ãʺá̅Ç ¼Á˴ÇÂ",
        "event_apologize2": "¼Áړ... Թ¹àʛ¹àËȵ¼Åчĉ¹áÇÐÁÒ àҮÍºÍ¡Ȥ³àбÂÇāº àҳÍ§׉",
        "event_apologize3": "̇ÒÇ ġ¹àʛ¹àҳÍ§ãËʽ ¢¹Ò´Թ¹àÅÂàËÃÍ? ¼ÁĸÒġ¹ äˑʴÍÂä˴...",
        "event_stadium1": "â̍Ç àËÃÍ? ¼Áà´Ò˗Òġ¹ʁÊÁàËȵÊÁ¼Å¹Ð$6#$b#¼ÁàËÃÍ? ºÒ§¤Ճ§ ¼ÁʁàҪÍàȑÍ§à¾ƅá¡¹#$b#á˅... ¼ÁªÍºчȤ³áµ¡˅Ò§ àÃÒàŵÁÊÁȴÅѫ§ā¹áÅÐā¹$l",
        "event_stadium2": "â̍Ç ¨ƃ§àËÃÍ? ¼Á»ÃÐËÅÒ´ã¨¹Ð... äˑãʺ˗ÒȤ³̂ÒÂÁÒч ÊµÒΓŴÇáÇÅѕ àҮÍËƩ¨Ò¡àƺÂ§ӧ¹ÇÒÂ ¢Í§àȑÍ§àËÃÍ?$6#$b#¼ÁËÁÒÂ¤ÇÒÁ˗Ò... àÍÍ Í˒ÒàˢÒã¨¼Áż´¹Ð ¼ÁàˢÒã¨¨ƃ§æ ƚƇµ¼Áã¹àȑÍ§à¾ƅá¡¹ Թ¹ˉÐʴÍ¹ˢÒ§àƳÂºʷÒÂàÅÂ ړäËÁ"
    }
}
