{
    "header": {
        "target": "w",
        "formatVersion": 5,
        "hidef": true,
        "compressed": 128
    },
    "readers": [
        {
            "type": "Microsoft.Xna.Framework.Content.DictionaryReader`2[[System.String, mscorlib, Version=4.0.0.0, Culture=neutral, PublicKeyToken=b77a5c561934e089],[System.String, mscorlib, Version=4.0.0.0, Culture=neutral, PublicKeyToken=b77a5c561934e089]]",
            "version": 0
        },
        {
            "type": "Microsoft.Xna.Framework.Content.StringReader",
            "version": 0
        }
    ],
    "content": {
        "Introduction": "̽Ð ¤¹á»Å¡Ë˹Ò! ¼ÁҚÍƇ¹à«¹·¤ģº#$b#Ȥ³áˑºÍ¡¼Á˗Ò ̋ÒÁȤÂāº¤¹ á»Å¡Ë˹Ò... á˅āºȤ³ ˉÒ¨Ðäˑàʛ¹äÃ",
        "Resort_Entering": "Êȹ¡Ĉ§àÅÂÎÐ! ċ¡ħ¹Ǚ§ ¼Á¨Ð˵Í§àʛ¹ā»ĕ¹àȓÍ ã̋ä˴à̅ÂÂ!",
        "Resort_Leaving": "¼ÁÍÂÒ¡¡ĥºÁÒчщƽ¡!",
        "Resort_Shore": "¼ÁÂÍÒ¡à¨Í©ÅÒÁ!$h",
        "Resort": "˶ÒюàˢÒÁÒÁÍ§ã¡̅æ ˕Ðʁ ю¨Ðàʫ¹¾Ç¡áÁÅ§ĕÇàʥ¡æ ¡ÃÐâ´´ÍÍ¡ÁÒ ¨Ò¡·ÃÒÂ˴ÇÂ˕Ð$h",
        "reject_869": "ڝÇÇÇÇ! àђÂÁàÅÂ!#$b#á˅áˑ˵Í§äˑã̋ ¼ÁàוÂ§àÍÒä̇áˉàÅÂ...$s",
        "Mon": "¼ÁÍÂÒ¡àʛ¹ àËȑÍ¹юàұÍâµע¹Ĉ§!$h#$e#âÍà¤ ÅÒʱÍ¹¹Ð!",
        "Mon4": "¼ÁƤã¨чˎÍ¡ĥºÁÒ... á˅à¢ÒɤäˑàËȑÍ¹ ч¼ÁĸÒä˴ÍÐ... ˎÍäˑʴÍÂÍԒ˺Ò¹... ¼ÁŤ´ǖ§µÍ¹ч ä˴à˕¹āºˎÍĈ§$s",
        "Tue": "*à̎Í*... ħ¹׉áˑ äˑÍȹ­Òµã̋¼Á àִÂÇËÁÒ¡½σ§ƽ¡á̅Ç$s",
        "Tue6": "юªÒÂ àʁº¤ÇÒÁĥº ä˴»˕ÒÇÎÐ?^юÊÒÇ àʁº¤ÇÒÁĥº ä˴»˕ÒÇÎÐ?$u#$b#¼ÁÍÂÒ¡ á˅§§Ò¹āº ¤ɳà¾¹ƩµÍ¹¼Áâµע¹#$e#Í˒Òä»ºÍ¡¤ɳ¹ÐÎÐ?$u",
        "Wed": "¼ÁÍÂÒ¡ä»ËÒáÁÅ§ á˅áˑâ¡Ã¸µÅÍ´àÅÂ àÇÅÒ¼ÁàثÍ¹Է§ĕÇ$u#$b#àȕÍ¡ÂÒ¡Ĉ§àÅÂÎÐ",
        "Thu": "¼ÁƋÇĈ§... áˑÍԒäË¹?$s",
        "Thu2": "юäˑˉÒàҪÍ àËȑÍ¹ڌãËʽ¤¹ҽ¹æ!",
        "Fri": "#$c .3#ދ Ǵ¹׉àʛ¹ Ǵ¹¢Í§Ĝ¡˵Áƽ¡á̅Ç...$s#$e#â̍ äˑ... Ǵ¹׉áˑ¨ÐŇÒȫ»ζÇ àÅ¹ŷÅ$s",
        "Sat_1": "ˎÍ¨Ð¡ĥºÁÒàʣÇæ ׉á̅Ç!#$b#¼ÁËħ§˗Òà¢Ò¨ÐàÍÒ¢Í§à˕¹ ÁÒã̋¼Á˺Ò§¹Ð$u",
        "Sat": "¤ɳà¾¹Ʃϊ§ã̋¼Á˝Ò¹Ëę§ȚÍ à˕ÁãËˑȷ¡Ī»´ÒΛàÅÂ$s#$b#Í˒Ò§˹ÍÂ¤ɳʁ ã̋¼ÁàȕÍ¡Ëę§ȚÍàÍ§ ºÒ§¤Ճ§ÍÐ¹Ð!",
        "Sat8": "ˎÍɤá»Å¡ä» Ե§á˅¡ĥºÁÒ ¼ÁÊ§ĪÂ˗Ò àš´ÍÐäÃע¹āºˎÍ?$s#$b#ˎÍäˑà˕¹āº¼Á ƽ¡àÅÂ$s|",
        "Sun": "ÊħÊƤÎÐ юªÒÂ! ^ ÊħÊƤÎÐ юÊÒÇ!",
        "Sun10": "ƤÎÐȤ³Ʌ§! ^ ƤÎÐȤ³˻Ò!#$e#Í˒ÒºÍ¡áˑ¹Ð... á˅юàʛ¹ڌãËʽч¼Á ªÍºÁÒ¡чɊ´àÅÂ$h"
    }
}
