{
    "header": {
        "target": "w",
        "formatVersion": 5,
        "hidef": true,
        "compressed": 128
    },
    "readers": [
        {
            "type": "Microsoft.Xna.Framework.Content.DictionaryReader`2[[System.String, mscorlib, Version=4.0.0.0, Culture=neutral, PublicKeyToken=b77a5c561934e089],[System.String, mscorlib, Version=4.0.0.0, Culture=neutral, PublicKeyToken=b77a5c561934e089]]",
            "version": 0
        },
        {
            "type": "Microsoft.Xna.Framework.Content.StringReader",
            "version": 0
        }
    ],
    "content": {
        "Introduction": "ÍÐÎÍÂ ä§! ġ¹ƤÁÒ¡àÅÂ чƱ¤¹ËәÁÊÒÇ àˢÒÁÒã¹Ëԑ˺Ò¹׉¹Ð ġ¹äˑãʺàҳÍ§чà¨Íä˴ˊÍÂ ʺÇ§׉ˉÐ",
        "accept_869": "ÍÒÒ... ι¹àʛ¹àËҲÍчàËÁÒÐàËʡ§ ŚÒËģº»ÅÒȴ¡чĉ¹ ıÒĥ§¾ÂÒÂÒÁĈºÍԒàÅÂ!#$b#щ ã̋ĉ¹áÅ¡ġ¹āºä̍щá̅Çā¹ äˑړàËȑÍ¹ā¹˗ÒÍÐäÃ á˅ġ¹àО§ɦ¡˾´ ÁÒà¡ÂчËÒ´ˉÐ#$b#ºÒ§Í˒Ò§ºÍ¡ĉ¹˗Ò à¸Í¤§ä˴ã˪ġ¹ ä̍Ëɩ^ºÒ§Í˒Ò§ºÍ¡ĉ¹˗Ò à¸Í¤§ä˴ã˪ġ¹ áˑËɩ",
        "FullCrabPond": "*ȿ´ſ´*... ÍÒÒ... ¡Х¹чáÊ¹ل¹à¤Âщ à¸ÍàוÂ§ɫƊ¹ÐʺÇ§׉?#$b#à¸Íщàʛ¹ËәÁч ã¨µÃ§āºĉ¹àÅÂ¹Ð @ ˞Ò˞Ò!$h^à¸Íщàʛ¹ÊÒÇч ã¨µÃ§āºĉ¹àÅÂ¹Ð @ ˞Ò˞Ò!$h#$b#щ àÍÒщä»Ɗ ĉ¹à¨Íº¹ËÒ´... àʁºä̇ŚÒËģºħ¹žàÈÉ ÁÒ¹Ò¹á̅Ç˕Ð ġ¹äˑãʺȷ¡ħ¹ËÃÍ¡¹Ð чĉ¹¨Ðà¨Í ¤¹ч»صÁɫàËȑÍ¹ā¹! [797]",
        "MovieInvitation": "̍ÒÒ... ɤËę§ à¸Íã¨ƤĈ§ à˨ÒËәÁ^̍ÒÒ... ɤËę§ à¸Íã¨ƤĈ§ ÊÒÇ˹ÍÂ#$b#à݋ÂÇĉ¹àÊʣ¨§Ò¹ ¨ÐƳºµÒÁä»",
        "Mon": "ÍÐÎÍÂ ä§ à˨Òɵ¡ªÒÂ ^ ÍÐÎÍÂ ä§ ÊÒÇ˹ÍÂ#$b#ÍÒ¡ÒÈàËÁÒÐ µ¡»ÅÒàÅÂãʺ́Ò?",
        "Mon4": "à¸ÍƱâª¤ã¹¡ÒÃµ¡»ÅÒ á¶Ç׉˺Ò§äËÁ? ɤà¸ÍˉÒ¨Ðàʛ¹ ªÒÇ»ÃÐÁ§á¡˓§ä˴¹Ð ˶Òà¸ÍԵ§ã¨āºġ¹ˉÐ",
        "Tue": "¤¹µ¡»ÅÒчá˷¨ƃ§ ˵Í§à¤ÒÃ¾Ȍ¹թÒ¹Ð... Í˒ÒȕÁ«Ð˕Ð",
        "Tue6": "à˨Òà˂Òι¹à¤Â àʛ¹ę¡µ¡»ÅÒ¹Ð ړäËÁ ĉ¹àŵºâµÁÒāº¡ÒÃ ˕Í§àȓÍÃÐË˗Ò§à¡ÒÐàſΓ¹ ÍԒÃÍ´˴ÇÂ¡ÒÃµ¡»ÅÒä»ħ¹æ ¡ÒÃã˪ƚƇµāº¡ÒÃ µ¡»ÅÒġ¹ŕÒºÒ¡¹Ð á˅ġ¹ʁƱºÒ§Í˒Ò§ ч¤ÍÂ¼ĥ¡Ĕ¹ã̋à¸Í ŇÒ˅Íä»",
        "Wed": "»ÅÒºÒ§ªŹ´¾ºä˴áʴ ã¹ºÒ§Äɤ ºÒ§ªŹ´ʁÁÒ µÍ¹¡ÅÒ§Ǵ¹ ËȓÍµÍ¹½¹µ¡",
        "Thu": "*ΧÁ* *ΧÁ* ...à̍? ĉ¹ÍÂÒ¡¨ÐºÍ¡¹Ð˗Ò ĉ¹Ť´Ģ§ä§ á˅ġ¹àʛ¹¤ÇÒÁĥº ¢Í§ªÒÇ»ÃÐÁ§ˉÐ",
        "Thu2": "ġ¹ƱʲÒÇȕÍàбÂÇāº »ÅÒчËÒÂÒ¡á¶Çæ ׉... á˅ƱáʴªÒÇ»ÃÐÁ§ чϚÒªÍ§àˇÒԹ¹ чƱËħ§¨ÐĈºġ¹ä˴ áÅÐà¸Íʁ˵Í§ƱàËҲÍ чËÒÂÒ¡чɊ´ àˇÒч¨ÐËÒä˴àˇÒԹ¹ ˶Òà¸ÍÍÂÒ¡¨Ðã̋»ÅÒËÒÂÒ¡ ¾Ç¡Թ¹ÁÒŵ´àʚ´",
        "Fri": "˶Òà¸ÍÍÂÒ¡ã̋ »ÅÒÁÒŵ´àʚ´¹Ð àÍÒã̋áˉã¨˗Ò à¸Íä˴àÍÒàËҲÍàбÂÇ µÐ¢Í¢Í§à¸Í",
        "Sat": "˶Òчµ¡»ÅÒá˛§׉ Ʊ¤¹ÁÒµ¡»ÅÒàÂÍÐע¹¹Ð ĉ¹ÍÒ¨¨Ð¢ÂÒÂâ¡Ĕ§̃Ò¹ ã̋ãËʽע¹¹Ð",
        "Sat8": "¡ÒÃµ¡»ÅÒàʛ¹ä§˺Ò§ÊËÒÂ? ĉ¹ʁ¾ÂÒÂÒÁ ¨Ðµ¡»ÅÒˊÍÂæ¹Ð á˅ġ¹äˑʷÒÂàÅÂàÇÅÒч à¸Í˵Í§àŻ´̃Ò¹˴ÇÂˉÐ",
        "Sun": "˶Òà¸Í؛ÍĄ¹àʚ´ чƱȤ³ÀÒ¾ɺ§¹Ð à¸Íʁ¨ÐàÍÒàËҲÍáÅÐÃÍ¡ ã˚Å§ä»ä˴ àËҲÍʺÇÂã̋»ÅÒ àˢÒÁÒŵ´àʚ´àʣÇע¹ ÃÍ¡¨ÐʺÇÂã̋à¸Í ÅÒ¡»ÅÒע¹ÁÒʷÒÂע¹ÁÒ¡ ġ¹ƱÃÍ¡ȷ¡áººàÅÂ˕Ð á˅ÅÐĭ¹ʁƱȨ´à˄¹ ˅Ò§ā¹ä» ¾Ç¡ġ¹ʴÍ¹ˢÒ§¨Ð Ğ§ʷÒÂŹ´ËˉÍÂ¹Ð äˑ˵Í§á»Å¡ã¨˶Òġ¹à̘§ Ëĥ§ã˪ä»Ī¡Ğ¡",
        "Sun10": "à̎ ι¹īÇË˹Ò @ ¢Í§ĉ¹щ¹Ò! ĉ¹¨ÐÅ´ÃÒ¤ÒàËҲÍ ã̋à¸ÍàÅÂ ˶Òĉ¹ŇÒä˴ˉÐ¹Ð$s"
    }
}
