{
    "header": {
        "target": "w",
        "formatVersion": 5,
        "hidef": true,
        "compressed": 128
    },
    "readers": [
        {
            "type": "Microsoft.Xna.Framework.Content.DictionaryReader`2[[System.String, mscorlib, Version=4.0.0.0, Culture=neutral, PublicKeyToken=b77a5c561934e089],[System.String, mscorlib, Version=4.0.0.0, Culture=neutral, PublicKeyToken=b77a5c561934e089]]",
            "version": 0
        },
        {
            "type": "Microsoft.Xna.Framework.Content.StringReader",
            "version": 0
        }
    ],
    "content": {
        "Introduction": "˝Ò ãʺá̅Ç ˢÒŇÒ¹ÒÂ ¡ÒÃÁÒ¢Í§à˨Ò àÍÒä̇¹Ò¹ÁÒá̅Ç à˨Òàʔ¡˹ÍÂ @#$e#á˅Ɋ´˷ÒÂá̅Ç ªÐµÒ¢Í§à˨Ò ġ¹ʁÍԒã¹ıÒȑÍ ¢Í§à˨ÒàÍ§¹Ð",
        "accept_868": "è˝Ò... ÊÐàʁ´ԢÇâÅ¡#$b#ÊÒÃч·Ã§¾ĥ§чɊ´ áˉ˕Ð áÅÐˉÒ¨ÐÍÒºä»˴ÇÂ¸ÒȵƋÁÐ#$b#ˢÒ¢Íģºä̇á̅Çā¹ ˶Òà˨Òäˑ˗ÒÍÐäÃ#$b#...#$b#...à˝Í...à˨ÒĢ§äˑä»ƽ¡ ̍Í à˨ÒÍÂÒ¡ä˴ÍÐäÃáÅ¡à»ѕÂ¹?#$b#...àÍÒщä»",
        "MovieInvitation": "ȝÁÁ... ˢÒŤ´˗Ò ˢÒÊÒÁÒÃ¶ä»àʛ¹ àҮÍ¹à˨Òä˴... áˉ¹Í¹Ɗ àұÍà˨Òä»ǖ§á̅Ç ˢÒʴÍÂ»ÃÒ¡®ĕÇá̅Çā¹ ÅÒʱÍ¹",
        "Mon": "˝Ò ãʺ ˢÒàʫ¹ËÅÒÂЪ§ ËÅÒÂÍ˒Ò§ã¹ Í¹Ò¤µ¢Í§à˨Ò à˨Òàʔ¡˹ÍÂ @#$e#á˅ËÒ¡ˢÒà˝Â ġ¹āºà˨Ò ¼ÅчµÒÁÁÒ ġ¹¨Ð̃ÒÂáÃ§ę¡",
        "Tue": "˶Òà˨ÒäˑƱ àҳÍ§ŚÒĄ­ĭ¹ã´¨ÐºÍ¡ˢÒ ʁä»àƺÂàŶ´ ˢÒƱÍÐäÃ˵Í§ŇÒƽ¡ÁÒ¡",
        "Tue4": "ˢÒÇÒ§ã¨à˨ÒÁÒ¡¾Í ч¨Ðã̋àˢÒä» ã¹Ԫ¹ã˵Ŵ¹¢Í§ˢÒ »ůĚŵāºЪ§ã´ʁµÒÁ чà˨Ò¾ºã¹Թ¹ ˴ÇÂ¤ÇÒÁà¤ÒÃ¾˴ÇÂ˕Ð",
        "Wed": "ġ¹˵Í§ã˪àÇÅÒàƳÂ¹ړ ч¨ÐàˢÒã¨ ÀÒÉÒ¢Í§¸ÒȵԷ§ËÅÒÂ ÂÒÇ¹Ò¹ËÅÒÂƫ#$e#¡ÒÃч¨Ðã˪ ÀÒÉÒ¢Í§¾Ç¡à¢Òä˴ ʁ˵Í§ɍŷÈàÇÅÒ Í˒Ò§Ե§ã¨Է§ƚƇµ#$eà¾ÃÒÐ©ÐԹ¹ ˢÒ¢ÍĕÇʱÍ¹¹Ð...",
        "Thu": "ƱЪ§ǥ¡ĥº ÃÍºĕÇàÃÒàʕÁä»ËÁ´ à˨Ò˵Í§Ʊ¤ÇÒÁÍ´·¹Í´¡Յ¹ ËÒ¡à˨ÒÍÂÒ¡¨Ðˤ¹¾ºġ¹",
        "Thu10": "à˨Ò˵Í§äˑ ºÍ¡ã¤ÃԷ§Թ¹... á˅ˢÒƱàËȵ¼Å ч¨ÐàҚÍ˗ÒªÒÇàȑÍ§¤¹Ëѹ§ àʛ¹ȺµÃÊÒÇ¢Í§ˢÒ...#$e#ˢÒÍÒ¨¨ÐàˢÒã¨ ż´¾ÅÒ´ʁä˴... ˢÒż´¾ÅÒ´äˑˊÍÂËÃÍ¡¹Ð á˅ʁƱ˺Ò§",
        "Fri": "ªÒÇàȑÍ§Է§ËÅÒÂ ¤§ËÇÒ´¡ĥÇˢÒƊ¹Ð#$e#ġ¹ʺÒ§âª¤̃ÒÂ á˅ˢÒàˢÒã¨˗ÒÁȹÉΒ ġ¡¨ÐËÇÒ´¡ĥÇ Ъ§ĕÇàÍ§äˑړĈ¡",
        "Fri6": "ˢÒà¤Âá˅§§Ò¹ àұÍ¹Ò¹ÁÒá̅Ç Ëĥ§¨Ò¡ч ÀÃÃÂÒáÅÐˢÒáÂ¡·Ò§ā¹ à¸ÍʁàƋ¹ä»ÃÍºæ ª¹º· áÅÐÊÒ»ȷ¡Ъ§ȷ¡Í˒Ò§ ч¢ÇÒ§Ë˹Ò#$e#ġ¹äˑãʺ Ƈƨчàʛ¹ڌãËʽę¡ã¹¡ÒÃ áÊ´§¤ÇÒÁâ¡Ã¸",
        "Sat": "ÃÐħ§˴ÇÂ à˨ÒıÒĥ§Ȓ¹ÍԒàËȉÍ à¢µá´¹àÇ·Á¹µΓ ч·Ã§¾ĥ§#$e#ˢÒỄÒ§¡ÃÐˇÍÁµÃ§׉ Í˒Ò§ƱàËȵ¼Å¹Ð à˨ÒړՁÂ",
        "Sat2": "Ʊ¤ÇÒÁǴºË˹Ò ÍÐäÃāºƇ­­Ò³ ã¹ˋÒ˺Ò§äËÁ?",
        "Sun": "ºÒ§¤Ճ§ ˢÒʁáÍºĪ§à¡µ¡ÒÃ΃ ªÒÇàȑÍ§Í˒Ò§ĥºæ#$e#ˢÒËħ§˗Ò ¨Ðä˴¾ºāºƈÉΒĪ¡¤¹ ã¹ħ¹Ëѹ§ˢÒàÍ§ ʁ˵Í§¨Ò¡âÅ¡á˛§¤¹àʛ¹ á˛§׉ä» á˅¡ÒÃä˕µÒÁÍÐäÃºÒ§Í˒Ò§ Í˒Ò§ĥºæ ¢Í§ˢÒ ¨Ð˵Í§ńÒàŹ¹˅Íä»"
    }
}
