{
	"Name": "Hero Elixir",
	"Description": "(ÂÒ¢Í§¼Ùé¡ÅéÒ) »ÃØ§·Õèá¤Êà«ÔÅÇÔÅàÅ¨â´Â¤ÒÁÔÅÅèÒ ¤ÇÒÁ¡ÅéÒËÒ­à¾ÔèÁ¢Öé¹àÁ×èÍ´×èÁÁÑ¹ - à¾ÔèÁ¾ÅÑ§â¨ÁµÕ",
	"Category": "ArtisanGoods",
	"Edibility": 2,
	"EdibleIsDrink": false,
	"CanSell": false,
	"Price": 2650,
    "CategoryTextOverride": "Potion",
	"CategoryColorOverride": "125, 30, 150, 255",
	"EdibleBuffs": 
	{
        "Farming": 0,
        "Fishing": 0,
        "Mining": 0,
        "Luck": 0,
        "Foraging": 0,
        "MaxStamina": 0,
        "MagnetRadius": 0,
        "Speed": 0,
        "Defense": 0,
        "Attack": 6,
        "Duration": 240,
    },
	"Recipe": {
    "ResultCount": 1,
    "Ingredients": [
      {
        "Object": "Void Pebble",
        "Count": 3,
      },
	  {
        "Object": "Void Soul",
        "Count": 5,
      },
	  {
        "Object": "Oil",
        "Count": 1,
      },
	  {
        "Object": "Slime",
        "Count": 10,
      },
    ],
	"PurchaseFrom": "IsaacVendor",    
	"PurchasePrice": 65000,
	"CanPurchase": true,
	},
	"GiftTastes":
	{
		"Love": ["MarlonFay", "Abigail", "Wizard"],
		"Like": ["Morgan"],
		"Dislike": ["Apples", "Leo", "GuntherSilvian", "Sophia", "Olivia", "Andy", "Claire", "Victor", "Martin", "Susan", "MorrisTod", "Alex", "Elliott", "Harvey", "Sam", "Sebastian", "Shane", "Emily", "Haley", "Leah", "Maru", "Penny", "Caroline", "Clint", "Demetrius", "Dwarf", "Evelyn", "George", "Gus", "Jas", "Jodi", "Kent", "Krobus", "Lewis", "Linus", "Marnie", "Pam", "Pierre", "Robin", "Sandy", "Vincent", "Willy"]
	},
}
