{
	"Name": "Void Pebble",
	"Description": "(¡éÍ¹¡ÃÇ´ÊÕ´Ó) ¶Ö§¨ÐÁÕ¢¹Ò´àÅç¡ áµèá¢ç§áÅÐÃéÍ¹àÁ×èÍÊÑÁ¼ÑÊ",
	"Category": "MonsterLoot",
	"Edibility": -300,
	"EdibleIsDrink": false,
	"EdibleBuffs": null,
	"CanSell": false,
	"Price": 800,
	"IsColored": false,
	"GiftTastes":
	{
		"Love": ["MarlonFay", "Wizard", "Krobus", "Dwarf" ],
		"Like": ["Morgan"],
		"Dislike": ["Olivia", "Leo", "GuntherSilvian", "Apples", "Sophia", "Claire", "Martin", "Andy", "Claire", "Victor", "Susan", "MorrisTod", "Alex", "Elliott", "Harvey", "Sam", "Sebastian", "Shane", "Abigail", "Emily", "Haley", "Leah", "Maru", "Penny", "Caroline", "Clint", "Demetrius", "Evelyn", "George", "Gus", "Jas", "Jodi", "Kent", "Lewis", "Linus", "Marnie", "Pam", "Pierre", "Robin", "Sandy", "Vincent", "Willy"]
	}
}
