{
	"Name": "Glazed Butterfish",
	"Description": "(»ÅÒà¹Âà¤Å×Íº«ÍÊ) ªèÒ§à»ç¹ÍÒËÒÃ ·ÕèÍÑ´á¹è¹ä»´éÇÂ¾ÅÑ§§Ò¹",
	"Category": "Cooking",
	"Edibility": 80,
	"EdibleIsDrink": false,
	"EdibleBuffs": 
	{
        "Farming": 0,
        "Fishing": 2,
        "Mining": 0,
        "Luck": 2,
        "Foraging": 0,
        "MaxStamina": 0,
        "MagnetRadius": 0,
        "Speed": 0,
        "Defense": 0,
        "Attack": 0,
        "Duration": 480,
    },
	"Recipe":
    {
    "ResultCount": 1,
    "Ingredients": [ { "Object": "Butterfish", "Count": 1, }, { "Object": 246, "Count": 1 }, { "Object": 247, "Count": 1 } ],
    "CanPurchase": true,
    "PurchaseFrom": "Gus",
    "PurchasePrice": 4000,
    "PurchaseRequirements": [ "f Gus 1250" ],
    },
	"CanSell": false,
	"Price": 800,
	"IsColored": false,
	"GiftTastes":
	{
	    "Love": [ "Andy", "Sam", "Claire" ],
		"Like": [ "Jodi", "Caroline", "Martin", "Olivia", "Sophia", "Susan", "MorrisTod", "MarlonFay" ],
		"Hate": [ "Jas", "Vincent", "Kent", "Morgan" ]
	},
}
