{
  "JojaMart.000": "ä§ à¸Í͈Ò$1",
  "JojaMart.001": "ĉ¹»صÁã¨¨ƃ§æ ¹Ð чà¸ÍáÇÐÁÒËÒĉ¹ Է§æ чµÍ¹׉ĉ¹Ģ§äˑÍÍ¡¡ÐàÅÂ...$1",
  "JojaMart.002": "ȝÁ Í˒ÒŇÒĕÇƱžɃ¸ ˗ÒàÃÒړĈ¡ā¹˚Ç¹ĕÇ ã¹чŇÒ§Ò¹¢Í§ĉ¹Ɗ ڌĈ´¡ÒÃÍÒ¨¨Ð˗Òĉ¹ä˴...$0",
  "JojaMart.003": "áÇÐÁÒËÒĉ¹чŇÒ§Ò¹àÅÂËÃÍ? ɎɎ...$1",
  "AerobicsClass.000": "ħ¹׉ä˴ÁÒ¤ÅÒÊáÍâÃź¡āº¾Ç¡àÃÒ Êȹ¡äËÁ? à¸Í͈Ò$1",
  "AerobicsClass.001": "%á¤ÅΓ˚§֢ÁÁÒã̋Ȥ³ ¢³Ðчà¸Íà˵¹ä»˴ÇÂ",
  "AerobicsClass.002": "ĉ¹Ե§µÒ¤ÍÂħ¹׉ ȷ¡æ Ī»´ÒΛàÅÂ...$1",
  "AerobicsClass.003": "¤ÅÒÊáÍâÃź¡¨Ð§´ã¹ħ¹ч½¹µ¡...$1#$b#á˅ι¹äˑÊÒÁÒÃ¶Ëɂ´Ղ§ ¡ÒÃ˫ÍÁà˵¹¢Í§ĉ¹ä˴ËÃÍ¡$5",
  "NightMarket.000": "¾Ç¡à¤ҳÍ§»ÃÐĔºщ àµÐµÒĉ¹ÁÒ¡àÅÂ...$1#$b#ħ¹׉Êȹ¡āº µÅÒ´ę´¡ÅÒ§ǴÍäËÁ à¸Í͈Ò?$5",
  "MovieTheater.000": "Ëħ´Ƥ чģ¡ ĉ¹ÊÒÁÒÃ¶á¹ÐŉÒÀÒ¾Â¹µΓ ºÒ§àҳÍ§ ã̋Ȥ³ä˴¹Ð...$1",
  "MovieTheater.001": "áÇÐÁÒËÒĉ¹чŇÒ§Ò¹ËÃÍ? ƎƎ...$4",
  "MovieTheater.002": "ĉ¹ˉÒ¨Ðǖ§˺Ò¹»ÃÐÁÒ³ 9 PM âÍà¤¹Ð? ̋ÒÁš¹رÍϔÒʱÍ¹ĉ¹˕Ð!$1",
  "MovieTheater.003": "˗Òä§чģ¡ ħ¹׉Ȥ³ÁÒɤËę§āºã¤ÃËÃÍ?$1"
}
