
{
  //SPECIAL DIALOGUE
  "Introduction": "â̍ ÊħÊƤ¤ģº! Ȥ³ǴÍà˨Ò¢Í§¤¹ãËˑ ¢Í§¿ÒΓÁ %farm Ɗ¹Ð¤ģº!$1#$b#¼ÁƇ¤àµÍΓ¤ģº àʛ¹àƑÂÃŵчä˴¾ºȤ³¹Ð¤ģº ... Ȥ³ @ ãʺՁÂ¤ģº?$3",
  "danceRejection": "¢Íâ·É¹Ð¤ģº ¼ÁäˑŤ´˗Ò ĕÇ¼ÁÍÂÒ¡¨Ðà˵¹˴ÇÂ՛Ò...$0",
  "divorced": "@... Ȥ³... Ȥ³ŇÒīÇã¨¼Ááµ¡ÊÅÒÂ ËÁ´ƚƇµ¼Áã̋Ȥ³ á̅ÇȤ³... ʁŇÒāº¼Ááºº׉àËÃÍ¤ģº?$2#$b#ä˴â»Ã´...$2#$b#ºÍ¡¼Áä˴ՁÂ¤ģº˗Ò ¼ÁŇÒż´ÍÐäÃä» ¼ÁŇÒÍÐäÃԧ¹ËȓÍ¤ģº? ¼ÁŇÒã̋Ȥ³àʈº»Ç´ËȓÍ?$2#$e#Ȥ³ @ ¤ģº ä˴â»Ã´...$2",
  "secondChance_Boys": "Ȥ³ÍÂÒ¡ã̋âÍ¡ÒÊ ¤ÇÒÁĪÁĞ¹Έ¢Í§¾Ç¡àÃÒ ƽ¡¤Ճ§ËȓÍ¤ģº Ȥ³ @?$6#$b#¼Áäˑáˉã¨àˇÒäË˓àÅÂ¤ģº...$2#$b#Ȥ³ŇÒã̋¼Áàʈº»Ç´ÁÒ¡¨ƃ§æ µÍ¹Ȥ³Ë˒Òāº¼Á Ȥ³ @ ¼ÁÍÂÒ¡¢ÍàÇÅÒŤ´ɤ¹Ò¹¡˗Ò׉ á˅...$2#$b#¼ÁʁÍÂÒ¡ ã̋âÍ¡ÒÊ¾Ç¡àÃÒԷ§Ӵ ƽ¡¤Ճ§àËȑÍ¹ā¹¤ģº!$3#$b#¼ÁړǪ¡˗ÒàÃÒԷ§Ӵ ÊÒÁÒÃ¶àƳÂ¹ړ ¨Ò¡¤ÇÒÁż´¾ÅÒ´ á̅ÇỄÒ§¤ÇÒÁĪÁĞ¹Έ чƤ¡˗ÒàŴÁä˴¤ģº$4#$b#щ˵Í§ÍÒĨÂ¤ÇÒÁ¾ÂÒÂÒÁ ¨Ò¡Է§ÊÍ§ν§ á˅¼ÁàҚÍ˗Ò àÃÒ¨ÐŇÒã̋ġ¹àƇΓ¤ä˴¤ģº$3",
  "dumped_Boys": "äˑ˵Í§ÁÒȤÂāº¼ÁËÃÍ¡¤ģº Ȥ³ @ ...$2#$b#¾Ç¡àÃÒäˑãʺàҮÍ¹ā¹ ƽ¡˅Íä»á̅Ç¤ģº Ëĥ§¨Ò¡Ъ§чȤ³ŇÒ...$2",
  "breakUp": "ÍÐ-ÍÐäÃ¹Ð¤ģº? ʺÍ´Í¡ä́àћÂÇæ щ?$2#$b#à̎Í àʛ¹à¾ÃÒÐÍÐäÃâʷæ ч¼ÁŇÒÅ§ä»ãʺՁÂ¤ģº?$2#$e#à´Ò˗Ò¾Ç¡àÃÒʁ¡ĥºä» àʛ¹áʴàҮÍ¹Ɗ¹Ð¤ģº?$0",
  "pamHouseUpgrade": "¼Á»ÃÐėºã¨чâÃź¹ ÊÒÁÒÃ¶ỄÒ§˺Ò¹Ëĥ§Թ¹ ä˴áººàʣÇɊ´æ ä»àÅÂ¤ģº$0#$b#¼ÁÊ§ĪÂĈ§ ˗Òà¸ÍŇÒĢ§ä§?$1",
  "pamHouseUpgradeAnonymous": "¼Á»ÃÐėºã¨чâÃź¹ ÊÒÁÒÃ¶ỄÒ§˺Ò¹Ëĥ§Թ¹ ä˴áººàʣÇɊ´æ ä»àÅÂ¤ģº$0#$b#¼ÁÊ§ĪÂĈ§ ˗Òà¸ÍŇÒĢ§ä§?$1",
  "stardrop_gift": "ä§¤ģº ÂÒËƲ ¼Á؛Í¼ÅÊµÒΓ´ÃÍ»щ ÁÒ½Ò¡Ȥ³¤ģº$4#$b#ġ¹ɦ¡ŉÒàˢÒÁÒ¨Ò¡ Ëԑà¡ÒÐãºàſΓ¹àÅÂ¹Ð¤ģº! Ê´ãËˑ¨Ò¡˵¹à«ÅΕÊµÒΓàÅÂ$1#$b#ģ¡¹Ð¤ģºчģ¡$4",
  "give_flowersA": "Ȥ³ÍÂÒ¡¤ºāº¼Áԧ¹ËȓÍ¤ģº Ȥ³ @? ¼ÁʁړǪ¡àËȑÍ¹ā¹àÅÂ¤ģº! ¼Á»ÃÐËˑÒàš¹¡˗Ò ч¨Ðàʛ¹¤¹à˝ÂʱÍ¹ˉÐ¤ģº$4#$b#¼ÁƤã¨¹Ð¤ģº чȤ³àʛ¹¤¹à˝ÂʱÍ¹ Ȥ³ @ Ȥ³àО§ŇÒã̋¼Á àʛ¹¤¹чƱ¤ÇÒÁɊ¢чɊ´ ã¹¤¹чƱƚƇµÍԒàÅÂ¤ģº!$1",
  "give_flowersB": "¼ÁäˑړàÅÂ¤ģº ˗ÒȤ³ʁړǪ¡àËȑÍ¹ā¹ Ȥ³ @ щŇÒã̋¼Á Ʊ¤ÇÒÁɊ¢ÁÒ¡àÅÂ¤ģº!$4#$e#¼Á»ÃÐËˑÒŹ´ËˉÍÂ¹Ð¤ģº á̅ÇȤ³˕Ð?$4",
  "give_pendant": "!!!$7#$b#Ȥ³... Ȥ³ÍÂÒ¡¨Ðá˅§§Ò¹ËȓÍ¤ģº? щȤ³ıÒĥ§ ¢Í¼Áá˅§§Ò¹ԧ¹ËȓÍ¤ģº Ȥ³ @!?$7#$b#µ¡Å§¤ģº! ¼Áҥ¹à˵¹ÁÒ¡¤ģºч ¨Ðä˴ã˪ƚƇµчàËȕÍ˓ÇÁāºȤ³ ¼Á¨ÐºÍ¡ˇÒ¹à·ÈÁ¹µƳàÅƇÊ àÍ§¤ģº  à݋ÂÇ ¼Á˵Í§ºÍ¡Ȥ³áˑ¼Á˴ÇÂ!$1",
  "rejectNPCA": "à˝Í... äˑ˕Ð¤ģº @ ¢ÍºȤ³$0",
  "rejectNPCB": "¼Áäˑä˴ Ť´áººàƤÂÇāºȤ³¤ģº Ȥ³ @ ¼Á¢Íâ·É¹Ð¤ģº$2#$e#Ȥ³ÍÂÒ¡ã̋¼Á ɮ´ÍÐäÃƽ¡ԧ¹ËȓÍ¤ģº? ¼Á»ůàÊ¸ä§¤ģº$0",
  "reject_two_heartA": "Ȥ³ @ ¤ģº ¼Áäˑä˴ªÍºȤ³ áººԹ¹¤ģº ¼Áäˑä˴Ե§ã¨ŇÒã̋Ȥ³ż´Ëħ§ ¹Ð¤ģº$2",
  "reject_two_heartB": "¼ÁäˑŤ´˗Ò ¡ÒÃчàÃÒÊÍ§¤¹¨Ð¤ºā¹ àʛ¹¤ÇÒÁŤ´чƤËÃÍ¡¹Ð¤ģº Ȥ³ @$0#$e#¼ÁĢ§äˑړĈ¡Ȥ³ÁÒ¡¾Í¤ģº$0",
  "reject_four_heartA": "¼ÁĢ§äˑ¾̃ÍÁ ч¨Ð¨ƃ§Ĉ§¢¹Ò´Թ¹¤ģº ¼Á¢Íâ·É¹Ð¤ģº Ȥ³ @$2#$e#¼ÁºÍ¡˗Ò ¼ÁĢ§äˑ¾̃ÍÁä§¤ģº$5",
  "reject_four_heartB": "Ȥ³ @ ¤ģº ¼Á... ªÍºȤ³¨ƃ§æ ¹Ð¤ģº á˅...$2#$b#¼ÁäˑŤ´˗Ò¼Á¾̃ÍÁ ч¨Ð¤ºāºȤ³ ¼Á¢Íâ·É¹Ð¤ģº$2",
  "engageA": "à˝Í... ¼Á¨ÐŇÒàʛ¹˗Ò ¼Áäˑà¤Âàʫ¹Ȥ³ŇÒáºº׉ á̅Çā¹¹Ð¤ģº$0#$e#Í˒ÒÁÒӢ§āº¼ÁàÅÂ¤ģº Ȥ³ @$5",
  "engageB": "щȤ³¨Ð¹Í¡ã¨ӴËՁ¹¢Í§Ȥ³ āº¼ÁàËÃÍ¤ģº!? Ȥ³àʛ¹˺ÒÍÐäÃàщÂ¤ģº?$5#$e#Ȥ³ġ¹ˉÒģ§àƑÂ¨ ä»ã̋˛Ò§¨Ò¡¼ÁàÅÂ¹Ð¤ģº$5",
  "marriedA": "Ȥ³ @ ¤ģº? щȤ³ıÒĥ§ŇÒÍÐäÃÍԒ¤ģº? ÊÒƱ¢Í§Ȥ³¨Ð˗ÒĢ§ä§¤ģº ˶Ò¼ÁºÍ¡à¢Ò˗Ò Ȥ³àО§¨ÐŇÒáºº׉āº¼Á?$5#$e#¼Á¨ÐäˑºÍ¡à¢ÒËÃÍ¡¤ģº ¢Íà¶ÍÐ áʴ... Ëɂ´à¶ÍÐ¤ģº$2",
  "marriedB": "Ȥ³ÍÂÒ¡á˅§§Ò¹āº¼Á? á˅Ȥ³á˅§§Ò¹á̅Çщ¤ģº Ȥ³ @ ¾Íà¶ÍÐ¤ģº$2#$e#Ȥ³ @ Ȥ³àÁÒËȓÍà»˕Ò¤ģº? ä»àƺÂà¶ÍÐ¤ģº ʱÍ¹ч¼Á¨Ð˵Í§ºÍ¡ÊÒƱȤ³$0",
  "refusal_knownA": "¼Á˗Ò¾Ç¡àÃÒ˵Í§ ã˪àÇÅÒ˓ÇÁā¹ÁÒ¡¡˗Ò׉ ¡˗Ò¨Ðä»ǖ§Ԣ¹Թ¹¹Ð¤ģº Ȥ³ @$6#$e#¢Íâ·É¹Ð¤ģº ¼ÁäˑԵ§ã¨ ¨ÐŇÒã̋Ȥ³àƺÂ¤ÇÒÁړǪ¡ ġ¹ŚÒĄ­ˉÐ¤ģº ч¼Á˵Í§Ċ´à¨¹ã¹àҳÍ§׉$2",
  "refusal_knownB": "ġ¹àʣÇä»ËˉÍÂ¹Ð¤ģº ˗ÒՁÂ?$0#$e#á˅¢ÍºȤ³¹Ð¤ģº Ȥ³ @$6",
  "refusal_botherA": "˝ÒÒ... ¼Á¤§˵Í§»ůàÊ¸ƽ¡¤Ճ§ ¢Íâ·ÉƧ¹Ð¤ģº Ȥ³ @$0",
  "refusal_botherB": "ÍÒ¨¨Ðàʛ¹âÍ¡ÒÊË˹Ò¤ģº$1",
  "refusal_no_heartsA": "ι¹ɤÊÇÂƤ¹Ð¤ģº Ȥ³؛Íġ¹ÁÒ¨Ò¡Ƈ­­Ò³ чªÒÂËÒ´ËȓÍà»˕Ò¤ģº?$0#$b#¼Áà¤Â˝Ò¹àбÂÇāº Ƈ­­Ò³ªÒÇ»ÃÐÁ§à˂Ò ч¢ÒÂỄÍÂ¤Í¢Í§¹Ò§àǷÍ¡ (mermaid pendants) ¤ģº$6",
  "refusal_no_heartsB": "á̅Çä§ԧ¹ËȓÍ¤ģº щǴÍЪ§ч¨Ðàš´ע¹¹Ð¤ģº Ȥ³ @ ¼Á¨ÐàŴ¹ÍÍ¡ä» á̅Çá¡̅§ŇÒàʛ¹˗Ò Ȥ³äˑà¤ÂŇÒáºº׉¹Ð¤ģº$0",
  "Resort_Entering": "àʛ¹ªÒÂËÒ´˛Ò§ä¡Å чÊÇÂÍÐäÃÍ˒Ò§׉!$1",
  "Resort_Leaving": "Ʊ·ÃÒÂŵ´¼Á¼ÁáËÅÐ¤ģº...$2#$b#äˑãʺÍÐäÃ чĝ¡ĚÇӭ¹æ áˡäˑä˴ËÃÍ¡¤ģº! ӡ§¡ĥºÊµÒΓŴÇ áÇÅѕ!$1",
  "Resort_Shore": "¼ÁÊ§ĪÂĈ§¤ģº ˗Òà¡ÒÐäË¹ā¹¹Ð чàʛ¹чԵ§šÅ΄ ¢Í§ªÒÇ¤ÁáÃ¡...$1",
  "Resort_Chair": "Ȥ³ŚÒÃÇ¨à¡ÒÐ ä»àÂÍÐËȓÍĢ§¤ģº Ȥ³ @?$3#$b#чáºº׉ ˵Í§àʕÁä»˴ÇÂ »ƃÈ¹ÒТ§ãËʽ ÁÒ¡ÁÒÂáˉ¹Í¹¤ģº$1",
  "Resort_Bar": "āÊƱàÁɩà¢µ̃Í¹ чˉÒÊ¹ã¨ƧàƤÂÇ¤ģº! ¼ÁŤ´˗Ò ¼Á¨ÐÅÍ§ 'ƃ§¿Ƀµċ¹äÃΚ (Ring Fruit Sunrise)'˕Ð¤ģº!$1",
  "Resort": "¼Á˝Ò¹àҳÍ§ɰà¢Òä¿ɵ¡Թ¹ ÁÒ¨Ò¡Ëę§ȚÍ ¢Í§ę¡¼¨­ĠÂ˴ÇÂ˕Ð¤ģº$3#$b#ƱàˌÒ¤¹á¤ÃÐ чã˪ÅÒÇÒàʛ¹àؚÍà¾ƅ§˴ÇÂ¤ģº!$1",
  
  //SPECIFIC TILE DIALOGUE
  "Custom_JenkinsHouse_23_25": "Ȥ³â«àƯÂāº¼Á¨Ðɤ 'âÃ§àƳÂ¹ÇÒẪÒÂ¢Í§ĉ¹' ā¹¤ģºħ¹׉ ˉÒ¨ÐÊȹ¡¹Ð¤ģº$3",
  "Custom_JenkinsHouse_31_11": "ɤÍÐŹàÁÐāºȤ³ Êȹ¡ÁÒ¡àÅÂ¤ģº Ȥ³â«àƯÂ$3",
  "Custom_JenkinsHouse_21_39": "ã˪àÇÅÒāºȤ³ħ¹׉ƤĈ§¤ģº Ȥ³â«àƯÂ$1",
  "SebastianRoom_5_9": "ė¡·ÒÂ¤ģº @ àÃÒıÒĥ§à˕¹ '»¡ÃēÁâ«âÅàƳÂ¹ (Solorian Chronicles)' ā¹ÍԒ$1",
  "Saloon_40_18": "ºÒ§Ƨĉ¹ÍÒ¨¨ÐҤÁϤÒ āºäÇΉԪ¹ÂÍ´ã¹äˑ˪Ò׉$1",
  
  //EMPLOYMENT QUESTION - SPRING YEAR 1 ONLY
  "spring_Wed_1": "¼Á¨º¨Ò¡ ÁËÒƇ·ÂÒĥÂà¾ÅΕ¤ÒΓ ä˴Ī¡Ğ¡á̅Ç˕Ð¤ģº$6#$b#Ȥ³áˑ¼ÁˉÐ à˫Òֻã̋¼Áä»ŇÒ§Ò¹ чäË¹Ī¡á˛§ä˴á̅Ç чäË¹ʁä˴Ī¡чˉÐ¤ģº$2#$e#¼ÁàˢÒã¨¹Ð¤ģº ˗Ò¼Á¤ÇÃËÒ§Ò¹ä˴á̅Ç á˅... ¼Áʁáʴ... ¼Á˵Í§¡ÒÃàÇÅÒ ÁÒ¡¡˗Ò׉ˉÐ¤ģº$2#$q 1001/1002 jobquestion_followup#Ȥ³Ť´˗Ò¼ÁֲàƑÂ¨ à¾ÃÒÐ˗Ò¼Á Ģ§äˑä˴ŇÒ§Ò¹ËȓÍà»˕Ò¤ģº ?#$r 1001 50 jobquestion_no#Ȥ³äˑä˴ֲàƑÂ¨ËÃÍ¡Ƈ¤àµÍΓ Ȥ³áʴ˵Í§¡ÒÃàÇÅÒч¨ÐËÒ˗ÒȤ³ÍÂÒ¡ŇÒ§Ò¹ÍÐäÃ ɤÍ˒Ò§ĉ¹Ɗ! ĉ¹äˑړ˴ÇÂ՛Ò˗ÒŇÒÍÐäÃÍԒ ¨¹àʣÇæ ׉ˉÐ#$r 1002 0 jobquestion_neutral#Ȥ³ˉÒ¨ÐÅÍ§ä»ǝ¡§Ò¹¾ÒΓ·ä·Αɤ¹Ð ¨Ðä˴ɤ˗ÒªÍºÍÐäÃ Í˒Ò§˹ÍÂáˑȤ³¨Ðä˴àƅ¡à˫Òֻä§˕Ð#$r 1002 -125 jobquestion_yes#¤§äˑǖ§Ԣ¹ֲàƑÂ¨ËÃÍ¡ á˅... Ȥ³àƳÂ¹¨ºÁÒàʛ¹ƫá̅Ç¹Ð Ƈ¤àµÍΓ",
  "jobquestion_no": "ãʺá̅Ç¤ģº Ȥ³à¤ÂŇÒĚ­ƚÍԒчâ¨˨Ò á̅Çʁàº¹àʂÁÁÒŇÒ§Ò¹ àʛ¹ªÒÇä˓á·¹Ɗ¹Ð¤ģº$3#$b#àҳÍ§¢Í§Ȥ³ ŇÒã̋¼ÁƱ¤ÇÒÁËħ§ āºÍ¹Ò¤µ¢Í§¼ÁàÅÂ¤ģº Ȥ³ @ ¢ÍºȤ³¹Ð¤ģº",
  "jobquestion_neutral": "¼ÁˉÒ¨Ð ÅÍ§ŇÒáººԹ¹ɤ¹Ð¤ģº ɤºÃÃÂÒ¡ÒÈ¡ÒÃŇÒ§Ò¹ɤ ˗Ò¼ÁªÍºՁÂ$6",
  "jobquestion_yes": "ȝÁÁ... ¼ÁàˢÒã¨á̅Ç¤ģº Ȥ³ɮ´ɦ¡ ¼Á˵Í§¾ÂÒÂÒÁÁÒ¡ע¹á̅Ç$2",
  "jobquestion_followup": "$p 1001#¼Á˵Í§¾ÂÒÂÒÁÁÒ¡ע¹ àҮÍä˕µÒÁ¤ÇÒÁĝ¹¢Í§¼Á ¤ģº!$1|¼Á¢ÍǙ¡·º·Ç¹ ɤƽ¡Ī¡Ğ¡¹Ð¤ģº Ȥ³ @ ¢ÍºȤ³чÁÒȤÂā¹¹Ð¤ģº$6",
  
  //ZUZU CITY QUESTION
  "summer_Thu": "¼ÁÁÒǙ¡ǖ§ʺÇ§ƚƇµ чàȑÍ§ɛɛ¤ģº ġ¹ʺÒ§... ӧ¹ÇÒÂáÅÐàƺÂ§Ĕ§ÁÒ¡¤ģº$0#$e#ÍԒчɋºà¢Òá˛§׉ áµ¡˅Ò§¨Ò¡ã¹àȑÍ§¨ƃ§æ ¤ģº$1#$q 3001/3002 city_followup#Ȥ³Ť´ǖ§ ƚƇµã¹àȑÍ§ՁÂ¤ģº?#$r 3001 15 city_yes#Ť´ǖ§Ɗ#$r 3002 15 city_no#äˑ¹Ð",
  "city_yes": "äˑˉÒá»Å¡ã¨¤ģº àȑÍ§ˉÐƱ§Ò¹ÁÒ¡ÁÒÂ  à̇¹á˅ Ȥ³Ƃ¹Ƥ¨Ðàʛ¹¹ÒÂ¢Í§ĕÇàÍ§ ˢÒ§¹Í¡щËÒ§Ò¹ÂÒ¡ÁÒ¡¤ģº$0",
  "city_no": "¤ÃÍº¤ģÇ¢Í§¼ÁºÒ§¤¹ ÍԒã¹àȑÍ§ɛɛ¤ģº  Ȥ³áˑāº¼Áä»àђÂÁ¾Ç¡à¢Ò ˺Ò§àËȑÍ¹ā¹¹Ò¹æ Ƨ¤ģº$3",
  "city_followup": "$p 3001#Ƥã¨чàÃÒä˴ȤÂā¹¹Ð¤ģº Ȥ³ @$1|Ƥã¨чàÃÒä˴ȤÂā¹¹Ð¤ģº @$1",
  
  //SPECIFIC MAP AND COORDINATES DIALOGUE
  "JenkinsHouse_31_5": "à˝Í... щġ¹á»Å¡æ Ź´ËˉÍÂ¹Ð¤ģº Ȥ³äˑàʫ¹ËȓÍ¤ģº ˗Ò¼ÁĢ§ÍԒº¹àƥÂ§?$2",
  "JenkinsHouse_6_8": "¼Áá»Ã§ğ¹ÍԒ¤ģº$0",
  "BlueMoonVineyard": "àʫ¹·ÐàÅĭ­Áƣ Ċ´àËȑÍ¹ā¹¹Ð¤ģº ã¹àȑÍ§׉ â«àƯÂàʫ¹ƇÇƤɊ´àÅÂ¹Ð¤ģº$1",
 
  //SPRING AND GENERAL DIALOGUE
  "spring_1": "Ɋ¢Ī¹΅Äɤãºä́¼ƅ¤ģº Ȥ³ @$3#$e#ƫ׉Ե§à˻ÒËÁÒÂÍÐäÃä̇¤ģº? ¼ÁԵ§ã¨¨Ð˝Ò¹Ëę§ȚÍã̋ä˴ Í˒Ò§˹ÍÂÍÒŷµΒÅÐà˕Á¤ģº$1",
  "spring_15": "ƱÊÐ¾Ò¹ÍԒ 8 á˛§˴ÇÂā¹¤ģº ã¹ÊµÒΓŴÇáÇÅѕ ¤҃§Ëѹ§ÍԒã¹ àȑÍ§à¾ƅá¡¹щáËÅÐ¤ģº$3#$b#ġ¹Ģ§ƱÊÐ¾Ò¹ä́àʥ¡æ чỄÒ§ā¹àÍ§ÍԒȷ¡чàÅÂ¤ģº àËȑÍ¹ĭ¹чªÒÂËÒ´ä§˕Ð¤ģº$1#$e#ÂÍ´ä»àÅÂ¹Ð¤ģº чÊÐ¾Ò¹ÊÒÁÒÃ¶àҚÍÁ ȪÁª¹ч˅Ò§ā¹ÊÍ§ν§ àˢÒ˴ÇÂā¹ä˴ˉÐ¤ģº$1",
  "spring_23": "¼ÁÊ§ĪÂĈ§àÅÂ¹Ð¤ģº ˗ÒÍźà¡Å¨ÐàÍÒäÇΉ Ȥ³ÀÒ¾ÃÐĔºƍƃàƤÂÁ ¢Ç´žàÈÉ ä»§Ò¹à·È¡ÒÅ´Í¡ä́ ˴ÇÂËȓÍà»˕Ò?$0#$e#¼Áà˵¹äˑʴÍÂàʱ§ˉÐ¤ģº$2",
  "spring_28": "Äɤ̃Í¹äˑÁÒǖ§Ī¡Ƨ¹Ð¤ģº ¼ÁÃÍ¤ÍÂ¡ÒÃä˴ä»ªÒÂËÒ´ ã̋ˊÍÂע¹á̅Ç¤ģº$1",
  
  "Mon": "ÊħÊƤ¤ģº ħ¹Ĉ¹·Γ¢Í§Ȥ³ àʛ¹Ģ§ä§˺Ò§¤ģº?$0#$e#¼Á˵Í§àƒÂ¹ ƽàÁÅàÂÍÐáÂÐàÅÂ¤ģºħ¹׉ äˑʴÍÂԵ§µÒÃÍàˇÒäË˓àÅÂ ¤ģº$2",
  "Mon6": "¼ÁıÒĥ§˝Ò¹àбÂÇāº ¡ÒÃ¾ºàʫ¹Ъ§ƱƚƇµ»ƃÈ¹Ò ã¹·ÐàÅĭ­ÁƣÍԒ¾ÍƤ àÅÂ¤ģº$3#$b#Ëę§ȚÍà˕Á׉ÍԒã¹µÃÐɑÅ¼Á ÁÒ¹Ò¹á̅Ç¤ģº!$1",
  "Mon10": "Ǵ¹׉¼Á˵Í§µÃÇ¨·Ò¹ á¼¹Ĝ§ÊÐ¾Ò¹ËÅÒÂá˛§àÅÂ ¤ģº$0#$e#Ե§µÒÃÍàÅÂ˕Ð¤ģº!$3",
  "Tue": "à̎Í... ¼Á˵Í§ä»̃Ò¹¢Í§ŻáÍΓàʣÇæ ׉˕Ð¤ģº äˑàˢÒã¨àÅÂ˗ÒŇÒäÁ Ȥ³áˑäˑ˨Ò§ˎÍ˺Ò¹$6#$e#à̎ Ȥ³ÍÂÒ¡ģº§Ò¹¾ÒΓ·ä·Α ˺Ò§ՁÂ¤ģº?$1#$e#à̽Ð ι¹ġ¹ ... ËÂÒº¤ÒÂƊ¹Ð¤ģº? ¢ÍÍĠÂ˴ÇÂ¹Ð¤ģº Ȥ³ @ ¼Áà¼ÅÍĕÇä»ËˉÍÂ$2",
  "Tu2": "*¶Í¹ËÒÂã¨*... ħ¹ĭ§¤ÒÃƊ¹Ð¤ģº ħ¹׉àʛ¹ħ¹ч ¼Á˵Í§ċ¡˼Ò˕Ð¤ģº$2",
  "Tue6": "ħ¹׉àʛ¹Ģ§ä§˺Ò§¤ģº Ȥ³ @? ä˴ŇÒÍÐäÃчàʛ¹»ÃÐâÂªΉ ËȓÍà»˕Ò¤ģº?$1#$e#¼ÁÍÒ¨¨Ðä»ŇÒâ»Ãà¨¡΅ Ī¡ĭ¹¢Í§¼Á˅ÍƧËĥ§ˉÐ¤ģº$1#$e#ġ¹Ƥч¨ÐŇÒĕ Çã̋Ӣ§ˉÐ¤ģº$3",
  "Wed": "˝Ò ÊħÊƤ¤ģº$0#$e#ƱÍÐäÃã̋ʺÇÂՁÂ¤ģº?$0",
  "Wed2": "Ëħ§˗Òħ¹׉ ¨Ðàʛ¹ħ¹чƤ¹Ð¤ģº$3",
  "Wed8": "Ȥ³ @ ¼ÁıÒĥ§Ť´ǖ§Ȥ³ ¾ÍƤàÅÂ¤ģº$1#$e#Ȥ³ɤàËȑÍ¹¨ÐӢ§ µÅÍ´àÇÅÒàÅÂ¹Ð¤ģº àʛ¹áººÍ˒Ò§чƤÁÒ¡àÅÂ¤ģº$3",
  "Wed10": "Ƥ¤ģº щäÇΉ¨Ò¡̋Í§ã˵Ŵ¹¤ģº[348]$1#$e#à˝Í ä̇à¨Íā¹¹Ð¤ģº ˶ÒªÍººÍ¡¼Á˴ÇÂ¹Ð¤ģº!$3",
  "Thu": "ħ¹׉Ʊá¼¹¨ÐŇÒÍÐäÃՁÂ¤ģº? ¼ÁˉÐÍÒ¨¨Ð¡ĥºä»ŇÒ â»Ãà¨¡΅чˤÒ§ä̇ˉÐ¤ģº$0",
  "Thu6": "Ƥã¨чä˴¾º¹Ð¤ģº Ȥ³ @ ħ¹׉¼ÁŇÒ§Ò¹àÊʣ¨ ä»àÂÍÐàÅÂ˕Ð¤ģº! Ëħ§˗ÒȤ³ʁàʺ¹ā¹¹Ð¤ģº$1",
  "Fri": "ė¡·ÒÂ¤ģº Ȥ³ @! Ëħ§˗Òħ¹׉¨Ðàʛ¹ ħ¹чƤ¢Í§Ȥ³¹Ð¤ģº$0",
  "Fri6": "¼ÁŤ´˗ÒÍÒ¨¨ÐҤÁäÇΉ ¢Í§ä˓ÍӇ¹ºɵɱ¹ Ī¡áˡÇ¤ģºǴ¹׉$3#$e#āÊˉÐƱȵ¹ä̇ч«Òɵ¹ àƮÂºàÅÂ˕Ð¤ģº$1",
  "Sat": "á̅Ç Ȥ³ªÍºÍԒч ÊµÒΓŴÇáÇÅѕՁÂ¤ģº?$0#$e#àђÂÁàÅÂ¤ģº$0#$e#...$0#$e#ÍÒËÐ àˢÒã¨ÅÐ¤ģº Êȹ¡Ƥ¹Ð¤ģºчä˴ȤÂā¹ ԧ¹ä̇à¨Íā¹¹Ð¤ģº?$2#$e#ºÒÂ¤ģº Ȥ³ @$0#$e#%Ƈ¤àµÍΓ äˑ˵Í§¡ÒÃɮ´ȤÂá̅Ç",
  "Sat2": "ǖ§¨Ðàʛ¹Ɋ´Ī»´ÒΛ ¼ÁʁƱ§Ò¹˵Í§ŇÒƽ¡àʛ¹¡Í§ àÅÂ˕Ð¤ģº$2#$e#¼Å¢Í§¡ÒÃ Ĝ´ħ¹»ÃÐā¹¾ӣ§ˉÐ¤ģº$0#$e#ÍÒ¨¨Ðà˕¹¨ÍÁ¢âÁÂÁÒÂÒ 5 ƧËĥ§ˉÐ¤ģº$3",
  "Sat6": "ħ¹׉ƱàÇÅÒ˗Ò§àÂÍÐàÅÂ˕Ð¤ģº ¼ÁàУÁ˝Ò¹Ëę§ȚÍ à˕ÁãËˑƤՁÂ¤ģº? ËȓÍàȕÍ¡à¡Áчà˕¹ÍԒ Ī¡à¡ÁÁÒà˕¹Ƥ¤ģº?$0#$e#¼Á˗Ò¼Á¨Ð à˕¹à¡ÁƤ¡˗Ò¤ģº!$1",
  "Sat10": "¼Áĝ¹˗Ò ˵Í§ä»ÍԒä¡Å˺Ò¹ àұÍǴ¹¤ģº$0#$e#ġ¹ړǪ¡Ê´Қ¹á»Å¡æ Ƥ¹Ð¤ģº$1",
  "Sun": "à˝Í ÊħÊƤ¤ģº$0#$e#àʛ¹ħ¹чƤ¹Ð¤ģº?$0#$e#...$0",
  "Sun2": "ħ¹׉Ʊá¼¹¨ÐŇÒÍÐäÃՁÂ¤ģº?$1#$e#¼ÁàËÃÍ¤ģº? ¼Á¤§¨Ðà˕¹ à´ÍÐƵà˨¹·ÍÍ¿̅§ ˅ÍˉÐ¤ģº ŵ´ÍԒч˄Ò¹Ȥ¡թÒ äˑˌÒ¹Ī¡Ƨ¤ģºµÍ¹׉$0",
  "Sun8": "ƷƤâÍà¡ÁщÁīÈ¨ÃÃΒ ã¹áºº¢Í§ġ¹¹Ð¤ģº àËȑÍ¹āºËę§ȚÍáËÅÐ¤ģº$3#$e#äˑƱÍÐäÃ¨Ðǔ§Ȥ³ àˢÒԚâÅ¡ãºҽ¹чáµ¡˅Ò§ Í˒Ò§֪¹àŪ§ä˴àˇÒ׉á̅Ç¤ģº#$b#ä˴Ğ¡¨Ò¡âÅ¡¤ÇÒÁ¨ƃ§˺Ò§ ʁƤ˅Íã¨¹Ð¤ģº˗ÒՁÂ?$1",
  "Sun10": "à¤ÂŤ´¨ÐỄÒ§ÊÐ¾Ò¹ч¿ÒΓÁ %farm àОÁՁÂ¤ģº?$3#$e#̍Í áʴ¶ÒÁɤˉÐ¤ģºàҬÍ à˝Í... ËÅÒÂæ Í˒Ò§$2#$e#%Ȥ³ÁÍ§Ƈ¤àµÍΓÍ˒Ò§äˑàҚÍȆÍ#$e#˝Ò äˑƱÍÐäÃËɅ´ÃÍ´¡ÒÃĪ§à¡µ ¢Í§Ȥ³ä»ä˴Ɗ¹Ð¤ģº Ȥ³ @ ?$3",
  
  //SUMMER DIALOGUE
  "summer_1": "Äɤ̃Í¹ã¹ÊµÒΓŴÇáÇÅѕ ıÒĥ§ƤàÅÂ¹Ð¤ģº äˑӭ¹ä» äˑË¹ÒÇä»$3#$e#ÊÁɪÃ΃áººàÅÂ¤ģº$1",
  "summer_3_1": "Ȥ³ä˴Ƃ¹àƺÂ§ÃÐàź´ àұÍǴ¹ǣà»˕Ò¤ģº? â¨˨ÒÃÐàź´Ƌ¹ч¢ÇÒ§·Ò§ ä»˺Ò¹¢Í§ɛ«Ò¹ˉÐ¤ģº$6",
  "summer_11": "Ȥ³áˑāº¼Áà·äÇΉчƤчɊ´ ¢Í§àÃÒºÒ§˚Ç¹Å§Ë́ÍĥÇΓ ¢Í§ڌãËʽ˕Ð¤ģº$1#$e#ħµȶŴºчá˒àƮÂ§Í˒Ò§àƤÂÇ ʁŇÒÅÒÂȫ»Է§Ë́Íá̅Ç˕Ð¤ģº Ť´Ƥæ ¹Ð¤ģºʱÍ¹¨Ðã˚ÍÐäÃÅ§ä»$2",
  "summer_15": "Ȥ³áˑ¢Í§¼ÁŇÒ§Ò¹àʛ¹ ڌĈ´¡ÒÃĚ­ƚÍÒɇâÊ ¢Í§¢¹˚§â¨˨Ò ÊÒ¢Ò˅Ò§»ÃÐà·È˕Ð¤ģº$3#$e#à¸Íä˴àŧ¹áÅÐâºęÊÁÒ¡ÁÒÂ ч§Í¡à§ÂÁÒ¡ע¹ä»ƽ¡ ¾Íà¸ÍàÍÒä»Å§ȷ¹ ã¹µÅÒ´٫¹ˉÐ¤ģº$1#$b#µÍ¹׉à¸ÍàÅÂˤÒ٫¹ ȷ¡ħ¹àÅÂ˕Ð¤ģº ¼ÁˉÐǙ¡ÀÒ¾ĕÇàÍ§ˤÒ٫¹ äˑÍÍ¡¨ƃ§æ ¤ģº$0#$b#¼Á˗Ò¡ÒÃˤÒ٫¹ ɤäˑˉÒɰƁã¨àˇÒäË˓ˉÐ¤ģº á˅¾Ç¡àÃÒá˅ÅÐ¤¹ ʁ¤§ƱƅŢµáµ¡˅Ò§ā¹ä» ι¹áËÅÐ¤ģº$1",
  "summer_24": "ʺÒ§ĕ´àغÍ˚Ç¹ĕÇ¢Í§¼Á чàªÊàµÍΓàÇÅ àʛ¹¤¹ĕ´àغÍĕÇ׉ã̋¼Á¤ģº ¼Áϊ§ĕ´àغÍ āºà¸ÍàÊÁÍàÅÂ¤ģº$3#$e#Ȫ´¢Í§Ȥ³ɤ àˢÒāºȤ³ÁÒ¡àÅÂ¹Ð¤ģº Ȥ³ϊ§ġ¹¨Ò¡äË¹ËȓÍ?$1",
  "summer_28": "áÁ§¡ÃÐ¾Ƀ¹áÊ§Ĉ¹·Γ àʛ¹Ëѹ§ã¹Ъ§ƱƚƇµч§´§ÒÁ чɊ´ã¹·ÐàÅĭ­Áƣ¤ģº$3#$b#¼ÁԵ§µÒÃÍɤ¾Ç¡ġ¹ ȷ¡ƫàÅÂ˕Ð¤ģº$1",

  "summer_Mon": "Äɤ̃Í¹¤ÃÒÇ׉ ̃Í¹¨¹ÅÐÅÒÂä˴àÅÂ¹Ð¤ģº Ƥч¾Ç¡àÃÒƱáÍΓÍ˒Ò§Ƥ$0", 
  "summer_Mon2": "ħ¹ʱÍ¹µÍ¹¼Áä»؛Í¢Í§ ч̃Ò¹ƫáÍΓ ¼Áà¨Íɛ«Ò¹؛ÍàÁʥĞ¹ۨä»¡˗Ò 200 ȶ§áˉÐ¤ģº$6#$b#¾ę¹ä˴àÅÂ˗Ò ÄɤË˹Òà¸Í˵Í§ŇÒıÒäÃ ä˴ÁÒ¡áˉàÅÂ¤ģº$3#$e#ä̇¾ºā¹¹Ð¤ģº Ȥ³ @$1",
  "summer_Mon4": "àұÍÇÒ¹¼Áà¼ÅÍŇÒ äÇΉËɳ¢Ç´Ëѹ§ ¢Í§Ȥ³áˑËɅ´ȑÍ¤ģº...$2#$b#˵Í§àÍÒàŧ¹àʁºÁÒ؛ÍäÇΉ Ȥ³ÀÒ¾ÃÐĔºƍƃàƤÂÁ ¨Ò¡ä˓ÍӇ¹ºɵɱ¹ ¢Í§â«àƯÂàÅÂ¤ģº$6",
  "summer_Mon8": "¼Á·ÃÒº¤ģº˗Ò¼Áɤ 'àŹΓ´' á˅Ȥ³ʁäˑà¤Â ĕ´Ɗ¹¼ÁáººԹ¹$1#$e#Ȥ³àʛ¹ àҮÍ¹чƤÁÒ¡àÅÂ¤ģº Ȥ³ @$3",
  "summer_Tue": "ħ¹׉¼Áä˴ģºƽàÁÅàÊ¹Í§Ò¹ ¨Ò¡ºƃĩ·Ê¶Ò»Ź¡ ҚÍĔ§˕Ð¤ģº$6#$b#ºƃĩ·Ե§ÍԒƽ¡¿Ò¡ ¢Í§»ÃÐà·ÈàÅÂ¤ģº ¼ÁäˑÊÐ´Ç¡ч¨Ð àŴ¹·Ò§ä»ä¡Å¢¹Ò´Թ¹$2",
  "summer_Tue4": "ÊħÊƤ¤ģº @ ¼ÁıÒĥ§Ť´ÍÐäÃÍԒ ˉÐËÃÍ¤ģº$6#$e#¼Á ǴÍ...$2#$b#ºÒ§¤Ճ§¼Á... ʁړǪ¡àËȑÍ¹ڌ¤¹ŇÒƤāº¼Á ʁáʴà¾ÃÐÒ˗Ò¼ÁƱ°Ò¹ÐˉÐ¤ģº àÅÂäˑÊÒÁÒÃ¶ä̇ã¨ã¤Ãä˴ʷÒÂæ ˉÐ¤ģº$2",
  "summer_Tue6":  "... ğ§¹Ð¤ģº ¼Áäˑä˴Ť´˗Ò¡ÒÃƱàŧ¹àÂÍÐŇÒã̋ƚƇµġ¹ŕÒºÒ¡ע¹ËÃÍ¡ ʁáʴ˗Òġ¹ÁÒ¾̃ÍÁāºàҳÍ§àʛ¹¢âÂ§¢-$5#$b#â̍! @!$7#$e#¢Íâ·É¤ģº ¼Áäˑàʫ¹˗ÒȤ³ÁÒ ¼ÁıÒĥ§... ǝ¡àƦÂ§˅Í¨Ò¡¤Ճ§чá̅ÇˉÐ¤ģº$2#$e#¼ÁáʴÍÂÒ¡àµƳÂÁĴÒµÍºâ˵ã̋¾̃ÍÁàÇÅÒ¾Ç¡à¢ÒÁÒªÇ¹¼Á·ÐàÅÒÐ¤Ճ§Ë˹ÒˉÐ¤ģº$2",
  "summer_Tue8": "¼Ááˡâ¨·ΒàÅ¢чċº˫Í¹ ÁÒÍ˒Ò§¹Ò¹àÅÂ¤ģºħ¹׉$0#$e#Ƥã¨ч¨ÐºÍ¡˗Ò ¼Ááˡġ¹ŚÒàʣ¨á̅Ç¤ģº ¼ÁƂ¹ƤàÊÁÍŚÒËģº ¡ÒÃĥºÊÁÍ§¤ģº!$1#$e#ħ¹׉¼ÁÊȹ¡чä˴ȤÂ āºȤ³¹Ð¤ģº âª¤Ƥ¹Ð¤ģºħ¹׉ Ȥ³ @!$1",  
  "summer_Tue10": "¼ÁàƳÂ¹ړàÂÍÐàÅÂ¤ģº ¨Ò¡¡ÒÃǝ¡§Ò¹āºȤ³ÃÒΕ¿ ƇÈÇ¡ÃỄÒ§ÊÐ¾Ò¹ чá¡ÃÁàžÅĕ¹ˉÐ¤ģº$1#$e#ËÅÒÂÍ˒Ò§ äˑä˴ƱÊÍ¹ã¹âÃ§àƳÂ¹¨ƃ§æ ¤ģº$3",
  "summer_Wed": "Ƥ¤ģº Ȥ³ @ ÍÒ¡ÒÈ̃Í¹áºº׉ àʛ¹Ģ§ä§˺Ò§¤ģº?$1",
  "summer_Wed4": "ħ¹׉¼Áà¨Íâ˹µ ã¹̋Í§ÊɁ´¢Í§àÃÒ˴ÇÂ¤ģº Ȥ³áˑ¢Í§¼ÁƱâ˹µàҳÍ§ à·¤Ź¤¡ÒÃàʁºäÇΉ ¢Í§ÍÒ³ÒĈ¡Ãâ¡â·â˓ ˕Ð¤ģº$2#$b#à¸Í¨ÐŕÒºÒ¡áˉ¤ģº˶Òż´¤¹ړàҳÍ§àˢÒ ġ¹àʛ¹¢Í§˵Í§̋ÒÁ ã¹ÊÒ¸ÒÃ³ģ°àſΓ¹šÅΕˉÐ¤ģº$0#$e#Í˒ÒºÍ¡à¸Í¹Ð¤ģº ˗Ò¼ÁºÍ¡Ȥ³àҳÍ§׉$6",
  "summer_Wed8": "Ƃ¹Ƥчä˴à¨ÍȤ³¹Ð¤ģº Ëħ§˗Òħ¹׉§Ò¹¢Í§Ȥ³¨Ð àŴ¹Ë˹ÒµÒÁчËħ§¹Ð¤ģº!$1#$e#â̍ ˚Ç¹¼ÁˉÐàËÃÍ¤ģº? ¼ÁıÒĥ§¾ÂÒÂÒÁ¨Ð ÍԒã̋àʢ¹чɊ´ã¹¤ÇÒÁ̃Í¹ ¢Í§Äɤ̃Í¹щˉÐƊ¤ģº$3",
  "summer_Thu": "ȝÁÁ... ¼Á˵Í§Ť´˗Ò ħ¹׉¨ÐŇÒÍÐäÃƤˉÐ¤ģº$0",
  "summer_Thu4": "ºÒ§¤Ճ§ ¼ÁʁǙ¡ǖ§µÍ¹àƳÂ¹ƇÈÇÐ ÍԒчÁËÒƇ·ÂÒĥÂà¾ÅΕ¤ÒΓ ˉÐ¤ģº$6#$b#µÍ¹Թ¹ƚƇµ àƳÂºʷÒÂÁÒ¡àÅÂ¤ģº$2#$e#äˑƱã¤Ãà¤ÂºÍ¡˗Ò¡ÒÃ 'àʛ¹ڌãËʽ' ¨Ðàʛ¹áºº׉àÅÂ¤ģº Ȥ³˵Í§â´´àфÂÇâ´Â äˑƱã¤Ã¤ÍÂֺá¹ÐˉÐ¤ģº$0",
  "summer_Thu8": "Ȥ³à¤Âĝ¹ä̇˗Ò¨Ðä˴ ÁÒàʛ¹ªÒÇä˓µÍ¹àʔ¡ՁÂ¤ģº Ȥ³ @?$0#$e#¼ÁҚ¹ªÁȤ³ÁÒ¡àÅÂ¤ģº чȤ³ŇÒµÒÁã¨ģ¡áºº׉ ÁÒ¡¡˗ÒчȤ³¨ÐǙ¡ÍÍ¡ àƺÂƽ¡¤ģº$3#$e#Ȥ³àʛ¹Ëѹ§ã¹¤¹ч ӗÁà·ÁÒ¡чɊ´ ч¼Áà¤Â¾ºàÅÂ¤ģº ¼ÁړǪ¡àËȑÍ¹¼Á˵Í§àƳÂ¹ړ ÍÐäÃ¨Ò¡Ȥ³ƽ¡ÁÒ¡àÅÂ ƧàƤÂÇ˕Ð¤ģº$3",
  "summer_Thu10": "¾ӣ§׉ÍÂÒ¡ä»ҤÁч«Òɵ¹ ˴ÇÂā¹ՁÂ¤ģº?$3",
  "summer_Fri": "...»ÃÐ·Ò¹â·É¤ģº Ȥ³ @ ¼ÁƱàҳÍ§˵Í§Ť´ àÂÍÐàÅÂħ¹׉ ¼ÁäˑÍԒã¹ÍÒÃÁ΃чƤ àˇÒäË˓ˉÐ¤ģº$2#$e#Ȥ³»˕ÍÂã̋¼Á ÍԒ¤¹àƤÂÇä˴ՁÂ¤ģº?$2#$e#@... ¼Á¨ƃ§Ĉ§¹Ð¤ģº$5#$e#...$5#$e#Ȥ³ړÍÐäÃՁÂ? щ¤ģºàŧ¹ˡÍ¹ àÍÒä»؛ÍÍÐäÃҤÁ«Ð¹Ð¤ģº á̅Çä»Ī¡Ƨà¶ÍÐ¤ģº[336]$2",
  "summer_Fri4": "¼ÁŤ´˗Ò ¼Áä˴ŹĪÂÍÒÃÁ΃á»Ã»ÃÇ¹ʷÒÂ ÁÒ¨Ò¡Ȥ³áˑ¤ģº ºÒ§¤Ճ§ ¾Ç¡àÃÒʁ¨ºÅ§ч ¡ÒÃι§Ë˹ÒӡÂã¹¤ÇÒÁàƗÂº ÍԒ˴ÇÂā¹¤ģº$2#$e#Ȥ³Í˒Òã˚ã¨àÅÂ¹Ð¤ģº ˶Ò¼ÁËȧ´Ëŧ´ã˚Ȥ³ Ȥ³ @ ¼ÁªÍºÍԒāºȤ³¤ģº áÅÐ¼Á¨Ðäˑã̋ÍÒÃÁ΃ ¢Í§¼ÁàÍ§ÁÒĂ´¢ÇÒ§áˉ$3",
  "summer_Fri8": "¾Ç¡àÃÒ¤ÇÃ¨Ðä»ËÒ äÍÈ¡ƳÁš¹˴ÇÂā¹àʣÇæ ׉¹Ð¤ģº$1#$e#Íàʥ¡ͻºÍ¡˗Òà¢ÒƱäÍÈ¡ƳÁ '¨Ò¡Ȏª' ÃÊãËˑ˴ÇÂ¤ģº ğ§ɤƤ˅ÍɊ¢ÀÒ¾¢Í§Ȥ³ ÁÒ¡ע¹Ċ´æ àÅÂ¤ģº$3",
  "summer_Sat": "¼Áŷ»āÊä» 800G ʴÒà¤ҳÍ§ҤÁħ¹ʱÍ¹¤ģº$6#$b#à¢Òɮ´ǖ§˗Ò Ê¶Ò¹Ð¡ÒÃàŧ¹¢Í§«Òɵ¹ äˑʴÍÂƤàˇÒäË˓ à¾ÃÒÐƱ¤¹·Ò¹á̅Ç äˑÂÍÁʸÒÂˉÐ¤ģº$2",
  "summer_Sat4": "Ȥ³ړËȓÍà»˕Ò¤ģº˗Ò ÊÒàËȵŚÒĄ­¢Í§¡ÒÃàš´ ¡ÒÃ»ůħŵ·Ò§ɍµÊÒË¡ÃÃÁ ¢Í§ÊÒ¸ÒÃ³ģ°àſΓ¹šÅΕ àš´¨Ò¡à·¤â¹âÅƲ ¢Í§¤¹á¤ÃÐ?$1#$b#àË˕Òę¡Ƈ·ÂÒÈÒÊµΓ ÊÒÁÒÃ¶ÅÍ¡àƵÂ¹à¤ҳÍ§ȑÍ ¢Í§¾Ç¡à¢ÒáÅÐŇÒã̋ġ¹ ė¹ÊġÂע¹àËÁÒÐāº¡ÒÃ ã˪§Ò¹¢Í§ÁȹÉΒ$3#$e#ä̇ȤÂā¹˅Í¹Ð¤ģº Ȥ³ @$3",
  "summer_Sat8": "Ʊ˚Ç¹Ëѹ§¢Í§ŹÂÒÂ¤¹á¤ÃÐ ч¼ÁàО§˝Ò¹¨º ÍŸºÒÂǖ§ àȑÍ§¤¹á¤ÃÐâºÃÒ³ º¹àȇÍ¡à¢Òá¤Ê¤ÒàƤÂ¹ ˴ÇÂ˕Ð¤ģº$1#$e#àȑÍ§¢Í§¾Ç¡à¢Òà¤Âàʛ¹ ɸ¹Β¡ÅÒ§¡ÒÃˤÒ¢ÒÂчãËʽÁÒ¡ ¢Í§¤¹á¤ÃÐɂ¤âºÃÒ³¤ģº$7#$b#¨¹ǖ§ħ¹׉ ¾Ç¡àÃÒʁĢ§ړàбÂÇāº ¾Ç¡à¢ÒäˑÁÒ¡ę¡¤ģº...$2#$b#àÃÒà¨Íà¤ҳÍ§ȑÍ ¢Í§¾Ç¡à¢Ò˺Ò§µÃ§Թ¹ ˺Ò§µÃ§׉ áÅÐړ»ÃÐħŵÈÒÊµΓ ¢Í§¾Ç¡à¢ÒºÒ§˚Ç¹ á˅ʁàˇÒԹ¹áËÅÐ¤ģº$0#$e#ä̇à¨Íā¹ãËˑ¹Ð¤ģº Ȥ³ @$3",
  "summer_Sun": "ʲÒÇºÍ¡˗Ò Í§ʹ¡ÃȚºÊÇ¹á˛§ ÊÒ¸ÒÃ³ģ°àſΓ¹šÅΕ ˵Í§¡ÒÃч¨ÐŇÒã̋ ˋÒá¶ºÊµÒΓŴÇáÇÅѕ â˕§ã̋ËÁ´¤ģº$5#$b#Í§ʹ¡ÃԹ¹ě¡ã¨àҚÍ˗Ò ¾Ç¡à¢Ò¨Ðà¨Í ħµȶƇàÈÉâºÃÒ³ ч¨Ð¾ƅ¡Ë˹ÒÊ§¤ÃÒÁ āºÍÒ³ÒĈ¡Ãâ¡â·â˓ä˴¤ģº$0#$e#ˎÍÁ´º¹ËÍ¤ÍÂι¹ äˑÂÍÁã̋¾Ç¡à¢Ò ŇÒ˅Í¤ģº$6",
  "summer_Sun4": "¼Áàʫ¹Ȥ³àŴ¹àˢÒä»ã¹ Ǖ¡¢Í§šÅ΄¢Í§ę¡¼¨­ĠÂ ËÅÒÂ¤Ճ§á̅Ç¤ģº$0#$b#Ʊá˅ę¡àŴ¹·Ò§¨Ò¡ á¤ÊàūÅƇÅàÅ¨áÅÐ Ëԑà¡ÒÐãºàſΓ¹àˇÒԹ¹ чàˢÒÍÍ¡чι¹$6#$e#˵Í§ºÍ¡àÅÂ¤ģº˗Ò ġ¹ˉÒ»ÃÐėºã¨ áÅÐȤ³¡̅ÒËÒ­ÁÒ¡ч »¡˻Í§ɋºà¢Òá˛§׉ á̅ÇʁĢ§ɤáÅ¿ÒΓÁãËʽâµ ¢¹Ò´Թ¹˴ÇÂĕÇ¤¹àƤÂÇ$1#$e#¼Á¤§äˑƱħ¹˅Íښāº àË˕ÒÁÍ¹ÊàµÍΓËÃÍ¡¤ģº äˑÍÂÒ¡àʈºĕÇËȓÍ á˒¡˗ÒԹ¹ˉÐ¤ģº$2",
  "summer_Sun10": "ÊħÊƤ¤ģº Ȥ³ @ ¼ÁƱħÊȴàËȕÍ¨Ò¡â¤Ã§¡ÒÃ ˉÐ¤ģº Ȥ³ÍÂÒ¡ä˴ՁÂ¤ģº?$1#$e#щ¤ģº! ¼ÁàҚÍ˗ÒȤ³ËÒ·Ò§ã˪ġ¹ ã̋àʛ¹»ÃÐâÂªΉä˴áˉ¤ģº[335]$3",
  
  //FALL DIALOGUE
  "fall_1": "ã¹чɊ´ Äɤãºä́˓Ç§ʁÁÒǖ§á̅Ç¤ģº ƺĪ¹¢Í§Äɤ׉ÊÇÂƤ¹Ð¤ģº$1",
  "fall_8": "ƱÊÐ¾Ò¹ÍԒ 8 á˛§˴ÇÂā¹¤ģº ã¹ÊµÒΓŴÇáÇÅѕ ¤҃§Ëѹ§ÍԒã¹ àȑÍ§à¾ƅá¡¹щáËÅÐ¤ģº$3#$b#ġ¹Ģ§ƱÊÐ¾Ò¹ä́àʥ¡æ чỄÒ§ā¹àÍ§ÍԒȷ¡чàÅÂ¤ģº àËȑÍ¹ĭ¹чªÒÂËÒ´ä§˕Ð¤ģº$1#$e#ÂÍ´ä»àÅÂ¹Ð¤ģº чÊÐ¾Ò¹ÊÒÁÒÃ¶àҚÍÁ ȪÁª¹ч˅Ò§ā¹ÊÍ§ν§ àˢÒ˴ÇÂā¹ä˴ˉÐ¤ģº$1",
  "fall_15": "ä§¤ģº Ȥ³ @ Ե§µÍÃÍà·È¡ÒÅáÊ´§Ɗ¹ˤÒ ¾ӣ§׉ÍԒãʺՁÂ¤ģº?$3#$b#Ȥ³¨ÐԵ§ ¡ÒÃĈ´áÊ´§¤Ճ§ãËʽ Ɗ¹Ð¤ģº?$0#$e#ԧ¹ʁ âª¤Ƥ¹Ð¤ģº! ¼Áρ¹ã¨˗Ò Ȥ³ŇÒä˴Ƥáˉ¹Í¹¤ģº$1",
  "fall_27": "à·È¡ÒÅɰµàʛ¹ à·È¡ÒÅâ»Ã´¢Í§¼Á¤ģº ¼ÁÊĪÂĈ§¤ģº˗Ò à¢ÒÇ§¡µƫ׉¨ÐÂÒ¡áÅÐ ˉÒ¡ĥÇ¢¹Ò´äË¹...$1#$e#ˎÍÁ´àʛ¹ڌĚ¹´ÒÅ à¢ÒÇ§¡µˉÐ¤ģº Í´Ê§ĪÂäˑä˴àÅÂ¹Ð¤ģº ˗Òà¢ÒƱ¾ĥ§ŇÒÍÐäÃ ä˴ƽ¡˺Ò§$0",
  "fall_28": "Ë˹ÒË¹ÒÇ ıÒĥ§¨ÐÁÒá̅Ç˕Ð¤ģº... ¼ÁŤ´àÊÁÍàÅÂ˗Ò ¼Áä˴¡Х¹ġ¹ á˅ÍÒ¨¨ÐáʴŤ´ä»àÍ§ Í˒Ò§¤Ò´Ëħ§ι¹áËÅÐ¤ģº$0#$e#Ë˹ÒË¹ÒÇàʛ¹àÇÅÒч àђÂÁÂÍ´ŚÒËģº ¡ÒÃƱ̋Í§ÊɁ´àʛ¹ ¢Í§ĕÇàÍ§ˉÐ¤ģº Ȥ³ @$3",

  "fall_Mon": "¼Áä˴Ƃ¹ʲÒÇȕÍ˗Ò¤ÃÍº¤ģÇ чÍԒã¹˺Ò¹׉ʱÍ¹¼Á àˢÒāºà·ÈÁ¹ƥàÅƇÊ ä˴äˑƤę¡¤ģº$0#$e#Ȥ³áˑ¼ÁړÃÒÂÅÐàƽÂ´ á˅äˑÂÍÁºÍ¡¼Á¤ģº$6",
  "fall_Mon4": "ºÒ§¤Ճ§¼ÁʁËÅ§Ť´á˅ àҳÍ§ã¹ÍƤµ¨¹äˑė¹ä˴ Ť´ǖ§Í¹Ò¤µˉÐ¤ģº$0#$e#¼Áà´Ò˗Òġ¹¤§ àËȑÍ¹à§ÒÍƤµº´Ě§ ¨¹ÁÍ§äˑʴÍÂàʫ¹ˉÐ¤ģº$2#$e#...à˝Í ¢Íâ·É˴ÇÂ¹Ð¤ģº ¼Á´ÃÒˑÒ Ȥ³ @ ¼Á«Òº׫§чȤ³·¹ğ§¼Á ɮ´ÍÐäÃäˑړàÇÅÒ¼ÁړǪ¡ Ë´ԛ¹Ð¤ģº$3",
  "fall_Mon8": "ÊħÊƤ¤ģº ˶ÒÍÂÒ¡ä˴¡Òá¿Ī¡áˡÇÅÐʁ áÇÐÁÒä˴ȷ¡àұÍàÅÂ¹Ð¤ģº$3#$e#¼ÁړǪ¡¢ÍºȤ³ чáÇÐÁÒàʛ¹àҮÍ¹ˉÐ¤ģº$1",
  "fall_Tue": "ÁÒɃʺÇÂ¼Ááˡá¤ÅɔĥÊ ã¹â»Ãà¨¡΅¢Í§¼Á àұÍħ¹ʱÍ¹˴ÇÂ¤ģº à¸ÍÁÍ§ÍÐäÃäˑàËȑÍ¹ã¤Ã Ƥ¹Ð¤ģº$3#$b#Ѿ§ä˴ÁÒ¡àÅÂ˕Ð¤ģº!$1#$e#âª¤Ƥ¹Ð¤ģº Ȥ³ @$3",
  "fall_Tue4": "¼ÁıÒĥ§Ʊě­ËÒāº ¡ÒÃàˢÒÃīÊâ»Ãà¨¡΅ ¢Í§¼ÁÍԒ¤ģº ġ¹ż´¾ÅÒ´ÍÐäÃĪ¡Í˒Ò§ µÃ§¡ÒÃàˢÒÃīÊä¾ΕˉÐ¤ģº$0#$e#¼ÁªÍºȚºËÒ˵¹µÍě­ËÒ¤ģº ġ¹ËÁÒÂ¤ÇÒÁ˗Ò ġ¹Ʊě­ËÒчĈº˵Í§ä˴ ã̋áˡä¢áÅÐӡ§Ë˹Ò ŇÒˉÐ¤ģº$1",
  "fall_Tue10": "*ËÒÇ* ¼Áâ˵ӣ§ ŇÒá¼¹ỄÒ§ÊÐ¾Ò¹ˉÐ¤ģº$0#$e#Êȹ¡ÁÒ¡àÅÂ¤ģº!$3",
  "fall_Wed": "¼Á¨Ðä»àђÂÁâ«àƯÂ¾ӣ§׉ чä˓ÍӇ¹¢Í§à¸Í¤ģº#3#$b#ÃÐË˗Ò§ÍԒчι¹ ¼Á¨Ðä˴؛ÍäÇΉ Ȥ³ÀÒ¾ÃÐĔºƍƃàƤÂÁ ¢Í§à¸ÍÁÒ˴ÇÂ ġ¹àʛ¹Ëѹ§ã¹¢Í§â»Ã´ ¢Í§Ȥ³áˑ¼ÁˉÐ¤ģº$1",
  "fall_Wed6": "ħ¹׉áÍºË¹ÒÇ¹Ð¤ģº ã˚àغÍ˼Òӭ¹æ ¹Ð¤ģº Ȥ³ @$1",
  "fall_Wed10": "Ǵ¹׉Ȥ³áˑ¼Á¨Ð»Ƀ§àʫ´ ã¹ÍÒËÒÃàʢ¹˴ÇÂ¤ģº...$2#$e#ºÒ§Ƨ¾Ç¡àÃÒÍÒ¨¨Ð ä»·Ò¹ˢÒÇч˺Ò¹Ȥ³ƤՁÂ¤ģº?$1#$e#¼ÁŇÒÊ»Òà¡µׅ ä˴äˑƱã¤ÃàƧÂÁàÅÂ¹Ð¤ģº!$3",
  "fall_Thu": "ħ¹ʱÍ¹ÁÒΓÅÍ¹ÍԒāº ę¡˕ÒÁÍ¹ÊàµÍΓ¨Ò¡ á¤ÊàūÅƇÅàÅ¨ ËÅÒÂ¤¹àÅÂ¤ģº$0#$b#ÊÒºÒ¹ä˴àÅÂ˗Ò ¼Áʁàʫ¹ˎÍÁ´ÍԒāº ¾Ç¡à¢Ò˴ÇÂ¤ģº$1#$e#¼ÁŤ´˗Ò¾Ç¡à¢Ò ˵Í§Ʊ»ÃÐȪÁĥºËȓÍ ÍÐäÃā¹áˉàÅÂ$6",
  "fall_Thu2": "Ȥ³áˑāº¼Á ̂ÒÂ¨Ò¡àȑÍ§ɛɛ ÁÒчÊµÒΓŴÇáÇÅѕ¤ģº$6#$b#ɋºà¢ÒщàƗÂºÁÒ¡àÅÂ àƧÂºāºЪ§áÇ´̅ÍÁ¡ÅÒ§àȑÍ§$3#$e#Ȥ³ʁà¤ÂÍԒчàȑÍ§ä¾Ή-àÁʻÒãʺՁÂ¤ģº? Ȥ³¤§àˢÒã¨˗Ò ¼ÁËÁÒÂ¤ÇÒÁ˗Òä§ Ɗ¹Ð¤ģº$1",
  "fall_Thu8": "Ȥ³à¤Â¡ĥÇàÇÅÒ˵Í§ ÍÍ¡ä»¼¨­ĠÂՁÂ¤ģº Ȥ³ @?$0#$e#...¼Á¤§à¤ÂºÍ¡ä»á̅Ç á˅¼Áƍ¨©Ò¤ÇÒÁ¡̅ÒËÒ­ ¢Í§Ȥ³ÁÒ¡àÅÂ¤ģº ¼ÁړǪ¡äˑƱ»ÃÐâÂªΉɊ´æ ä»àÅÂºÒ§¤Ճ§¤ģº$2#$e#¼Á¤§¤ÇÃч¨ÐËÒƇƨ ¢Í§ĕÇàÍ§ч¨ÐŇÒã̋ ¼ÁƱ¤ÇÒÁËÁÒÂã¹âÅ¡ãº׉ Ɗ¹Ð¤ģº ʴÍ¹ˢÒ§¤ÁÁÒ¡¤ģº ÁÒɤā¹˗Ò¼Á¨ÐŇÒµÒÁ ä˴ËȓÍà»˕Ò¹Ð¤ģº$3",
  "fall_Fri": "Ƥч¾ºā¹¤ģº Ȥ³ @ ¼ÁړǪ¡ÍÂÒ¡ä»ƫ¹ ÂÍ´à¢Ò¾ӣ§׉Ĉ§¤ģº$1#$b#ŷÇėÈΉº¹Թ¹ àђÂÁä»àÅÂ¤ģº ã¹ʺÇ§׉¢Í§ƫˉÐ$3",
  "fall_Fri6": "Ȥ³áˑ¢Í§¼ÁàУÁàƒÂ¹ÀÒ¾ àʛ¹§Ò¹ÍŴàÃ¡ËÅÒÂƫ ÁÒá̅Ç¤ģº$0#$b#à¸ÍĞ²¹Ò ÁÒ¡¾ÍÊÁ¤ÇÃàÅÂ¹Ð¤ģº ã¹°Ò¹ÐŨµÃ¡Ã$3#$b#àʛ¹ĕÇÍ˒Ò§чƤ ¢Í§¤ÇÒÁ¾ÂÒÂÒÁчŉÒÁÒ ѫ§¤ÇÒÁŚÒàʣ¨àÅÂ¤ģº$1#$e#ɤƊ¤ģº˗ÒĕÇȤ³àÍ§ Ğ²¹Òע¹ÁÒ¡áʴäË¹ ¨Ò¡µÍ¹áÃ¡чȤ³àУÁàƳÂ¹ړ ¡ÒÃŇÒ¿ÒΓÁãËˑæ!$1#$e#¼ÁËħ§˗Ò ħ¹׉¨Ðàʛ¹ħ¹чƤÐ¤ģº Ȥ³ @$3",
  "fall_Fri8":  "Ȥ³˗Ò... Ȥ³Ť´˗ÒȤ³¨ÐÊÍ¹ ė¡ÉÐ¢Í§Ȥ³Ī¡Í˒Ò§ ã̋āº¼Áä˴ՁÂ¤ģº Ȥ³ @?$0#$e#â̍ äˑƱÍÐäÃžàÈÉËÃÍ¡¤ģº á˅¼Áàʫ¹Ȥ³áˑ¢Í§¼Á àƳÂ¹ړė¡ÉÐãËˑæ á̅Ç¼ÁʁàÅÂƍ¨©ÒˉÐ¤ģº$0#$e#¤§¨ÐƤ˶Òä˴ÅÍ§ ŇÒÍÐäÃãËˑàʣÇæ ׉ˉÐ¤ģº$0",
  "fall_Sat": "ªÒÂäˑƱ˺Ò¹чÍԒã¹à˵¹· º¹ɰà¢Òɤل¹µ ÒȤ³áˑ¼Á¤ģº$0#$e#à¸ÍŤ´˗Òà¸Íà¤Â àʫ¹à¢ÒчäË¹ÁÒʱÍ¹¤ģº á»Å¡ãʺՁÂÅÐ¤ģº?$0",
  "fall_Sat4": "¼Áàʫ¹ƵęÊàŴ¹ÃÍº àȑÍ§à¾ƅá¡¹àұÍǴ¹¤ģº ¼ÁړǪ¡á˒ áÅÐàÊ¹Íàŧ¹ã̋à¢Òä» 1,000G ¤ģº$2#$b#à¢Ò... äˑģº¤ģº à¢ÒºÍ¡˗Òà¢Òäˑ˵Í§ã˪ à¾ÃÒÐɋºà¢Òщã̋ȷ¡Í˒Ò§ чà¢Ò˵Í§¡ÒÃá̅Ç¤ģº$0#$e#¼Áà´Ò˗Ò¼Ááʴ... äˑáˉã¨˗Òà¢ÒËÁÒÂ¤ÇÒÁ ˗ÒĢ§ä§ˉÐ¤ģº$6",
  "fall_Sat8": "¼ÁàҪÍч¨Ðι§æ ¹Í¹æ ã¹˺Ò¹Է§ħ¹á̅Ç¤ģº ړǪ¡àËȑÍ¹àʔ¡ÍÁȑÍàÅÂ¤ģº$2#$e#¤ģº ¼ÁıÒĥ§Êġ¤Ã§Ò¹á̅Ç ¼Áړ¤ģº ¼Áä˴Ƃ¹ÁÒËÁ´á̅Ç$2#$e#¼ÁäˑÍÂÒ¡ȤÂá̅Ç˕Ð¤ģº Ȥ³ @$2",
  "fall_Sun": "¼ÁıÒĥ§˝Ò¹Ëę§ȚÍчҚÍ˗Ò 'ŅÒ¹Ò¹¢Í§àË˕Ò¤¹á¤ÃÐ' ¤ģº ġ¹àбÂÇāºàȇÍ¡à¢Ò Է§ËÅÒÂчàË˕Ò¤¹á¤ÃÐ à¤ÂÍÒĨÂáÅÐà·¤â¹âÅƲ âºÃÒ³յÒÊġÂ¢Í§¾Ç¡à¢Ò ˉÐ¤ģº$3#$b#Ëѹ§ã¹àȇÍ¡à¢Òч˗Ò ÍԒчÊµÒΓŴÇáÇÅѕ˴ÇÂ¹Ð¤ģº à¢Ò¤ÍΓàƩÂÅˉÐ¤ģº!$1",
  "fall_Sun6": "*¶Í¹ËÒÂã¨* ¼ÁƱȸÃÐ˵Í§ŇÒħ¹׉ˉÐ¤ģº äˑԵ§µÒÃÍàÅÂĪ¡Ź´¤ģº$2",
  "fall_Sun8": "à̎ Ȥ³ @! §Ò¹ч¿ÒΓÁ %farm àʛ¹Ģ§ä§˺Ò§¤ģº?$3#$e#Ƥã¨чä˴Ƃ¹Í˒Ò§Թ¹¹Ð¤ģº!$1", 

  //WINTER DIALOGUE    
  "winter_1": "¾ÒɂàұÍǴ¹äˑ¸ÃÃÁ´ÒàÅÂ¹Ð¤ģº ¼ÁÁÍ§äˑàʫ¹ ÂÍ´Ë˭ÒĪ¡ÂÍ´ чäË¹àÅÂ¤ģº$6#$e#Í˒ÒȕÁã˚àغÍ˼ÒË¹Òæ áÅÐÍԒã¹чӭ¹æ ¹Ð¤ģº Ȥ³ @$3",
  "winter_7": "Ȥ³¾̃ÍÁч¨ÐàŴ¹ˍÒƋÁÐ ä»§Ò¹µ¡»ÅÒթÒáʂ§ ¾ӣ§׉á̅ÇËȓÍĢ§¤ģº Ȥ³ @?$0#$b$¼ÁÊȹ¡ч¨ÐàŴ¹ä» ˋÒū¹à´ÍΓá«» āºȷ¡¤¹¤ģº$1#$e#ŇÒã̋¼ÁƱâÍ¡ÒÊȤÂ āºâ«àƯÂáÅÐá«Á¤ģº »¡ŵ¼Áà¨Í¾Ç¡à¢Ò äˑˊÍÂàÅÂ¤ģº$3",
  "winter_17": "¼Á؛ÍàÊÒâ·à·ÁƇàÈÉ ¨Ò¡¤¹чƱ˼Ò¤ɅÁƺ˿Ò чµÅÒ´àұÍǴ¹ÁÒ¤ģº$3#$b#à¢Òɤل¹µÒá»Å¡ž¡Å...$0#$e#¼Á˗Òà¢ÒÍÒ¨¨Ðàʛ¹ˎÍÁ´¨Ò¡ 'ªÒÇ¤ÁáÃ¡ (first slash)' чËԑà¡ÒÐãºàſΓ¹ˉÐ¤ģº$1",
  "winter_24": "Ê§ĪÂĈ§¤ģº˗Ò ƫ׉ã¤Ãàʛ¹ڌã̋¢Í§¢ħ­ĥºæ ¢Í§¼Áã¹§Ò¹ à·È¡ÒÅá˛§´Ç§´ÒÇÄɤË¹ÒÇ$0#$e#¼ÁËħ§˗Ò ¨Ðàʛ¹â«àƯÂ¤ģº!$1",
  "winter_28": "Ë˹ÒË¹ÒÇ ã¡̅¨ÐËÁ´á̅ÇƊ¹Ð¤ģº ÃÍÍÍ¡ä»ˢÒ§¹Í¡ áÅÐµÒ¡ÍÒ¡ÒÈ äˑäËÇá̅Ç˕Ð¤ģº$3",

  "winter_Mon": "ÊħÊƤ¤ģº ¼ÁӢ§ÍԒˉÐ¤ģº$6#$e#...$0#$e#à˝Í... щ¤ģº щ¨ÐŇÒã̋Ȥ³؛Í à¡ÁÃÒªÒ¼¨­ĠÂä˴¤ģº[384]",
  "winter_Mon4": "à¤ÂÊ§ĪÂ˺Ò§ՁÂ¤ģº˗Ò àÍÅΏË˹ÒµÒàʛ¹Ģ§ä§? ¼Á˝Ò¹Ëę§ȚÍàбÂÇāº ¾Ç¡à¢ÒÍԒ¤ģº$1#$b#¾Ç¡à¢Òà¤Âàʛ¹àˌÒĞ¹ۨ чáʂ§á¡˓§чɊ´º¹âÅ¡ ¨¹¡ÃÐη§¾Ç¡à¢Ò ɺ­Ğ¹ۨä»¤ģº äˑƱã¤Ãړ˗ÒŇÒäÁ¾Ç¡à¢Ò ǖ§ËÒÂä»¤ģº$0",
  "winter_Mon8": "àұÍÊÍ§ÊÒÁħ¹ʱÍ¹ ¼ÁàǱÍºª¹Ð à¡ÁÃÒªÒӗ§Ë˭Ò¼¨­ĠÂ á̅Ç¤ģº$1#$b#чáˉæ ǴÍ ˶ÒȤ³ª¹Ðà¡Áä˴ Ȥ³¨ÐƱâÍ¡ÒÊä˴څà¡Á ˚§ǖ§˺Ò¹àÅÂ¹Ð¤ģº$3#$e#¨ƃ§æ ˶Ò¼ÁÍÂÒ¡ä˴¨ƃ§æ ¼Ááʴ؛Íġ¹ʁä˴¤ģº$0#$e#...äˑËÃÍ¡¤ģº Ȥ³ɮ´ɦ¡ ġ¹¤§äˑàËȑÍ¹ā¹ËÃÍ¡¤ģº ¼Áäˑ¤ÇÃŤ´á˅¨ÐѾ§àŧ¹ ؛ÍÍÐäÃʁµÒÁч¼ÁÍÂÒ¡ä˴ ¢Íâ·É˴ÇÂ¤ģº$2",
  "winter_Mon10": "àغÍ˼Ò¢Í§Ȥ³ϊ§ĕ´ËȓÍ¤ģº? Ȫ´¢Í§Ȥ³à׉ÂºÁÒ¡àÅÂ¤ģº$1",
  "winter_Tue": "à¿ÍΓŹà¨ÍΓ˚Ç¹ãËʽ¢Í§àÃÒ ŇÒȑÍ¨Ò¡á¡ÃÁàžÅĕ¹¤ģº$3#$b#ʺÒ§ä́чŇÒ§Ò¹ƭȑÍ чι¹àʛ¹ÃÐĔº˵¹æ чƤчɊ´ã¹âÅ¡àÅÂ¤ģº$1",
  "winter_Tue4": "ä˴¡Òá¿à»»à»ÍΓƁ¹· Ī¡áˡÇ¤§ƤàÅÂ¹Ð¤ģº$3#$e#˶ÒƱÍÐäÃч¼ÁªÍº àбÂÇāºË˹ÒË¹ÒÇÅÐʁ ġ¹ǴÍÍÒËÒÃáÅÐà¤ҳÍ§ҤÁ »ÃÐĸÒÄɤ¡ÒÅ ι¹áËÅÐ¤ģº$1",
  "winter_Tue8": "ä§¤ģº Ȥ³ @ àÃÒˉÒ¨Ðä»ҤÁ ¡Òá¿à»»à»ÍΓƁ¹· ˴ÇÂā¹˺Ò§¹Ð¤ģº$1#$b#¼Á¨ÐàוÂ§àÍ§¤ģº! āÊã˪¢¹Áà»»à»ÍΓƁ¹· ÍÍΓá¡Ź¤ˉÐ¤ģº$3",
  "winter_Wed":  "¾ÍȤ³àƳÂ¹ſƊ¡Κ ÁÒÃÐĔºËѹ§¹Ð¤ģº ġ¹¨ÐÂÒ¡ч¨ÐäˑÁÍ§ ä»чâÅ¡ÃÍºæ á̅ÇĴÒ¹Ç³˗Ò¾Ç¡ġ¹ ŇÒ§Ò¹Ģ§ä§ã¹īÇˉÐ¤ģº$0#$e#äˑËÃÍ¡¤ģº ʁäˑàŪ§àʛ¹ àҳÍ§чá˒ËÃÍ¡¤ģº$0",
  "winter_Wed4": "µÍ¹ч¼ÁàƳÂ¹ÁËÒĥÂ ƱÈÒÊµÃÒ¨ÒÃΒÊÍ¹ſƊ¡Κ Ԣ¹ɺ§¤¹Ëѹ§ҚÍ ÍÒΓ ƫàµÍΓĪ¹¤ģº$3#$b#à¢Òà¤ÂŇÒ§Ò¹ã¡̅Ū´ āºˎÍÁ´чËԑà¡ÒÐ ãºàſΓ¹¤ģº$1#$b#Ȥ³¨Ð»ÃÐËÅÒ´ã¨àÅÂ˕Ð¤ģº ˗Ò¡®¢Í§ſƊ¡Κã˪āº âÅ¡¢Í§àÇ·Á¹µΓä˴˴ÇÂ ÁÒ¡¢¹Ò´äË¹¤ģº$7",
  "winter_Wed8": "¼ÁÊ§ĪÂ˗ÒĢ§Ʊ ̃Ò¹Ëę§ȚÍ̃Ò¹äË¹ ã¹àȑÍ§ɛɛч¼Áäˑà¤Â àˢÒՁÂ¹Ð¤ģº...$0#$e#¼Á¤ÍÂàŵÁ¤ÍÅàÅ¤Ċ¹ Ëę§ȚÍ¢Í§àÃÒàÊÁÍ¤ģº â´Âà©¾ÒÐ˶Òġ¹àбÂÇāº ¡ÒÃ¤ÒºàбÂÇā¹¢Í§ ·ÄÉƟàÇ·Á¹µΓáÅÐ ·ÄÉƞ·Ò§Ƈ·ÂÒÈÒÊµΓˉÐ¤ģº$0#$e#щȤ³àО§ËÒÇàËÃÍ¤ģº Ȥ³ @?$1",
  "winter_Thu": "*¶Í¹ËÒÂã¨* ħ¹׉¼ÁàËҩÍÂÁÒ¡àÅÂ¤ģº à˕¹ƷƤâÍà¡ÁĪ¡ËˉÍÂ ˉÒ¨Ðàʛ¹·Ò§чƤäˑ˹ÍÂ ã¹¡ÒÃȒ´à̊¹Ȓ´ÊÒÂŹ´æ ËˉÍÂæ ŚÒËģº¼Á¹Ð¤ģº$2",
  "winter_Thu4": "¼ÁªÍº˝Ò¹àбÂÇāº »ÃÐħŵÈÒÊµΓÁÒ¡æ àÅÂ¤ģº Է§áººá˅§áÅÐ äˑá˅§àÅÂ¤ģº$3#$e#¡ÒÃä˴ńÒД§àˢÒä» ã¹âÅ¡ҽ¹á̅Ç ȕÁĕÇä˴Ī¡Ğ¡ˉÐ ƤÁÒ¡àÅÂ¤ģº$0",
  "winter_Thu8": "ħ¹׉¼ÁÍÍ¡áºº ˵¹áººâ¤Ã§ՔÒ¢Í§ÊÐ¾Ò¹ à˕¹æ ã¹â»Ãá¡ÃÁàÊȑÍ¹ ч¼ÁỄÒ§˴ÇÂ˕Ð¤ģº ÊÐ¾Ò¹»ÃÐàÀ·׉ˉÐ Ʊ»ÃÐâÂªΉ˶ÒȤ³˵Í§¡ÒÃ ˢÒÁǚ§ËȓÍթÒإ¹æ ˉÐ¤ģº$1#$e#ÊÐ¾Ò¹чƱâ¤Ã§ՔÒ¾Ç¡׉ ɦ¡¡˗ÒÊÐ¾Ò¹áººҽ¹ÁÒ¡ ã¹¡ÒÃỄÒ§¤ģº à¾ÃÒÐã˪ä́ģºթÒËę¡ á·¹ч¨Ðàʛ¹ Ƌ¹ËȓÍàËʥ¡¤ģº$3#$e#ğ§ɤ¤̅ÒÂæ à˕¹à¡ÁàËȑÍ¹ā¹ ãʺՁÂ˕Ð¤ģº? Ȥ³¨Ðá»Å¡ã¨áˉ¤ģº ˶Òړ˗Òė¡ÉÐԵ§ËÅÒÂÍ˒Ò§ чȤ³àƳÂ¹ړ¨Ò¡ã¹à¡Á ã˪»ÃÐâÂªΉчҽ¹ ä˴ÁÒ¡áʴäË¹$3",
  "winter_Fri": "ConcernedMonkey чàʛ¹ڌĞ²¹Ò à¡ÁÃÒªÒá˛§ӗ§Ë˭Ò¼¨­ĠÂ ıÒĥ§¨ÐŇÒà¡ÁãËˑ˕Ð¤ģº!$1#$b#ɤ¨Ò¡˗Ò Ã·¼ Êȹ¡¢¹Ò´äË¹á̅Ç ¼Á˵Í§ºÍ¡àÅÂ˗Ò ¼ÁÃÍà˕¹à¡ÁãËˑɊ´æ ä»àÅÂ˕Ð¤ģº$3",
  "winter_Fri4": "¼Á˵Í§؛ÍÍÐäÃ¨Ò¡ ̃Ò¹ŻáÍΓŚÒËģº·ƃ»Ë˹Ò ˺Ò§Ƥ¹Ð¤ģº?$0#$e#¼Á˗ÒħµȶŴºŇÒÊ»Òà¡µׅ á̅Çā¹¤ģº!$1#$e#Ȥ³à¤Â ŇÒÊ»Òà¡µׅՁÂ¤ģº? ġ¹ÍÒ-Ë˓ÍÂ¤ģº! ¼Á¨ÐáªΓɺµÃŇÒ«ÍÊ ã̋ħ¹Ëĥ§¹Ð¤ģº$1",
  "winter_Fri8": "ȝÁÁ... Ȥ³Ť´˗Ò¨ÐƱã¤ÃÊ¹ã¨ à˕¹à¡ÁỄÒ§ÊÐ¾Ò¹ ĸÒÅÍ§ՁÂ¤ģº Ȥ³ @?$0#$e#...¼ÁړǪ¡˗Ò¤¹˚Ç¹ÁÒ¡ ˵Í§Ť´˗Òġ¹ˉÒàҪÍáˉæ àÅÂ á˅¼Á¾ę¹àÅÂ˗Ò ¼ÁŇÒã̋ġ¹Êȹ¡ä˴¤ģº$3",
  "winter_Sat":"áˑ¼Á¢ÒÂ٫¹ä˴ 80,000G àұÍǴ¹¤ģº ¼Á˗Òà¸Í¨ÐàÍÒä»؛Í äÇΉá¾§æ ƽ¡áˉàÅÂ¤ģº$0",
  "winter_Sat4":"ġ¹ªÍºäÇΉ¹Ð¤ģº á˅äˑÁÒ¡àˇÒчȤ³áˑ ¼ÁªÍºËÃÍ¡¤ģº$3#$e#¨Ð˗Òä»... ¼Áäˑáˉã¨˗Ò ¨ÐƱã¤Ãº¹âÅ¡ªÍºäÇΉÁÒ¡ àˇÒчȤ³áˑ¢Í§¼ÁªÍº á̅Ç˕Ð¤ģº$1",
  "winter_Sat8": "¼Áã˪àÇÅÒÍԒāºȤ³áˑ àʛ¹˚Ç¹ãËʽ¤ģº à¾ÃÒÐàÃÒÍÒĨÂÍԒ˴ÇÂā¹$0#$b#¾Ç¡àÃÒäˑʴÍÂ ƱÍÐäÃàËȑÍ¹ā¹àˇÒäË˓ ºÒ§¤Ճ§ġ¹ʁàÅÂ...Ǖ§Ź´ËˉÍÂ¤ģº$2#$e#¼ÁáʴړǪ¡˗Ò ¼ÁÂÍÁ»ģºĕÇàˢÒËÒà¸Í ÁÒ¡¡˗Òчà¸ÍÂÍÁ »ģºàˢÒËÒ¼ÁˉÐ¤ģº$2",
  "winter_Sat10": "à̎ ÍÂÒ¡·Ò¹ Ê»Òà¡µׅчàËȕÍՁÂ¤ģº?$1#$e#щ¤ģº!$3[224]#$e#ä̇¤ÃÒÇË˹Ò ä»·Ò¹ˢÒÇ˴ÇÂā¹ՁÂ¤ģº?$3",
  "winter_Sun": "¼Áڝâ»Ãà¨¤àˢÒÃīÊ ÁÒĪ¡Ğ¡á̅Ç¤ģº Ê§ĪÂǖ§àÇÅÒч¼Á˵Í§ ¡ĥºä»ŇÒħ¹׉á̅ÇƊ¹Ð¤ģº?$0#$e#Ƃ¹ƤàÊÁÍчä˴¾ºȤ³¤ģº Ȥ³ @ ¢Íã̋Ʊħ¹чƤ¹Ð¤ģº$3",
  "winter_Sun4": "¼ÁıÒĥ§»ÃÐ¡Íº¤ÍÁã̋ ¤¹чàªÊàµÍΓàÇÅΕˉÐ¤ģº àȑÍ§àƤÂÇāºч¼Á ϊ§ĕ´àغÍ˼Òι¹áËÅÐ¤ģº$3#$b#à¢ÒƱáÃÁàÂÍÐàÅÂ¤ģº ¤§¨Ðã˪ŇÒ§Ò¹ ч˵Í§ã˪¤ÇÒÁȨ¢Í§áÃÁÁÒ¡æ Í˒Ò§ àÃ¹à´ÍΓƷƤâÍ áˉàÅÂ¤ģº$0#$e#¡ÒÃ»ÃÐ¡Íº¤ÍÁ àʛ¹§Ò¹ÍŴàÃ¡¢Í§¼ÁˉÐ¤ģº ! ¼ÁƤã¨чƱ¤¹µÒÁËÒ¼Á ¢Íã̋»ÃÐ¡Íºι¹щã̋ˉÐ¤ģº$1#$e#ºÍ¡ä˴¹Ð¤ģº ˶ÒȤ³ÍÂÒ¡ã̋¼Á »ÃÐ¡Íºà¤ҳÍ§ÍÐäÃã̋ Ȥ³ @ àҮÍ¹Ʊ˚Ç¹Å´žàÈÉ ˴ÇÂ¹Ð¤ģº$3",
  "winter_Sun8": "ä§ ÊħÊƤ¤ģº Ȥ³ @ ħ¹׉Ë¹ÒÇ¨ƃ§æ àÅÂ¹Ð¤ģº$0#$e#ä»àђÂÁ¼Áч˺Ò¹˺Ò§¹Ð¤ģº ¼Á¨Ðª§¡Òá¿ã̋ҤÁ¤ģº$1",
  }
