{
  //SPECIAL DIALOGUE
  "patio_Victor": "¿ÒΓÁ %farm ÊÇÂĈ§àÅÂ¤ģº Ȥ³  @ ¼ÁԵ§µÒÃÍч¨Ðҥ¹ע¹ÁÒ àʫ¹ġ¹ȷ¡à˪ÒàÅÂ¤ģº!$4#$b#¼ÁĸÒµÍ¹ччȌ¹׉Ģ§ àʕÁä»˴ÇÂħªȎªä˴àÅÂ¤ģº Ȥ³Ğ²¹Òġ¹ä»ä˴ä¡ÅàÅÂ áÅÐ¼ÁƤã¨ч¼Á¨Ðä˴ ÍÒĨÂÍԒчщāºȤ³¤ģº$4#$e#¼Áģ¡Ȥ³¤ģº! Ëħ§˗Ò¨Ðàʛ¹ħ¹ч §Ò¹ǴºË˹Ò¹Ð¤ģº$4",
  "spouseRoom_Victor": "ä§¤ģº чģ¡ ¼Áä»ȒÁËę§ȚÍÁÒ¨Ò¡ ̋Í§ÊɁ´Ź´ËˉÍÂˉÐ¤ģº ŅÒ¹Ò¹»ģÁ»ÃÒ¢Í§àÍÅΏ áÅÐ¤¹á¤ÃÐ ˉÒÊ¹ã¨ÁÒ¡àÅÂ¤ģº$1#$e#¼Áģ¡Ȥ³¹Ð¤ģº!$4",
  "funReturn_Victor": "à̎! ħ¹׉àʛ¹ä§˺Ò§¤ģº?$1#$b#¼Áä»àŴ¹à˕¹ÃÍº¿ÒΓÁ áÅÐÃÍºàȑÍ§ÁÒ¤ģº Ê´Қ¹ÁÒ¡àÅÂ ̍Í Ȥ³áˑ¼Á½Ò¡ė¡·ÒÂ ÁÒ˴ÇÂ¹Ð¤ģº! à¸ÍËħ§˗Ò Ȥ³¨Ðä»àђÂÁ˺Ò§ˉÐ¤ģº$3",
  "funLeave_Victor": "ħ¹׉¼Á¨Ðä»؛Í¢Í§¹Ð¤ģº Ȥ³¨Ð½Ò¡؛ÍÍÐäÃՁÂ¤ģº?$1",
  "OneKid_0": "Ȥ³˗Ò %kid1 ¨ÐâµÁÒàʛ¹ªÒÇä˓ àËȑÍ¹Ȥ³ՁÂ¤ģº?$1#$e#¼ÁÍÂÒ¡¨Ðģ¡ÉÒ¿ÒΓÁ %farm ä̇ã¹µÃÐɑÅ¢Í§àÃÒ¤ģº$3",
  "OneKid_1": "ä˴ɤ %kid1 à˕¹à˪Ò׉ŇÒã̋¼Á Ʊ¤ÇÒÁɊ¢ÁÒ¡àÅÂ˕Ð¤ģº$3#$e#ġ¹áʴŇÒã̋¼ÁړǪ¡˗Ò ȷ¡Ъ§ȷ¡Í˒Ò§ ч¼ÁŇÒÁÒã¹ƚƇµ ŇÒã̋¼ÁƱʺÇ§àÇÅÒ׉ä˴$1#$b#¾Ç¡àÃÒıÒĥ§àУÁỄÒ§ ¤ÃÍº¤ģÇ¢Í§¾Ç¡àÃÒ á̅Ç¹Ð¤ģº Ȥ³ @ ˴ÇÂā¹$4#$e#¼Áģ¡Ȥ³àËȕÍàš¹¤ģº áÅÐäˑƱÍÐäÃ¨ÐÁÒà»ѕÂ¹ ¤ÇÒÁģ¡¢Í§¼Áä˴$4",
  "OneKid_2": "¼Á؛ÍÍÒËÒÃà˨ÒĕÇ˹ÍÂ ч̃Ò¹ŻáÍΓÁÒàОÁá̅Ç¹Ð¤ģº чģ¡$3#$e#Ȥ³äˑ˵Í§˛Ç§ àҳÍ§Թ¹àÅÂ¤ģº! ŇÒš¨¡ÃÃÁ¢Í§Ȥ³ ˅Íà¶ÍÐ¤ģº$1#$e#¼ÁĈ´¡ÒÃȷ¡Í˒Ò§ ÍԒËġ´àÅÂ¤ģºчщ!$1",
  "OneKid_3": "Ȥ³áˑ¼ÁÍÂÒ¡ÁÒàђÂÁàʣÇæ ׉ àҮÍ¨Ðä˴à¨Í %kid1 ¤ģº Ȥ³âÍà¤ՁÂ¤ģº?$3#$e#¼ÁƤã¨чȤ³âÍà¤āº ¡ÒÃчȤ³áˑ¼ÁÁÒàђÂÁ ¼Á¨ÐºÍ¡à¸Í¹Ð¤ģº!$1",
  "OneKid_4": "%kid1 âÂ¹¢Í§à˕¹ã˚¼Á àұÍֱ˴ÇÂ¤ģº Ƥ¹Ðч¼ÁƱė¡ÉÐ ÃÐĔºŹ¹¨ÒáÅÐËÅºä˴$0#$e#ʁä˴¤ģº ġ¹â´¹Ë˹Ò¼ÁĈ§æ àÅÂ áÅÐė¡ÉÐ¼Áġ¹ÃÐĔº ĕÇÊʥÍµÁÒ¡¡˗Ò¤ģº$2",
  "TwoKids_0": "¼ÁƤã¨ч %kid2 āº %kid1 àˢÒā¹ä˴¹Ð¤ģº$1#$b#ġ¹˵Í§àʛ¹ §Ò¹ч˷Ò·ÒÂ¾Ç¡àÃÒÊÍ§¤¹ ÁÒ¡áˉàÅÂ¤ģº ˶Ò¾Ç¡à¢ÒàˢÒā¹äˑä˴$0",
  "TwoKids_1": "ɤ¤ÃÍº¤ģÇч¾Ç¡àÃÒ ıÒĥ§ỄÒ§Ɗ¤ģº ¾Ç¡àÃÒ ıÒĥ§ỄÒ§¤ÃÍº¤ģÇ¨ƃ§æ ¹Ð¤ģºàщÂ!$4#$e#¼Áäˑà¤ÂƱ¤ÇÒÁɊ¢ ¡˗Ò׉àÅÂã¹ƚƇµ ģ¡Ȥ³ @ Ɋ´æ àÅÂ¤ģºчģ¡$4",
  "TwoKids_2": "%kid2 áˡ»ƃÈ¹Òä˴˴ÇÂ àұÍÇÒ¹׉¤ģº Ȥ³ @$7#$b#¼Á˗Ò %kid2 ÍÒ¨¨Ðâµע¹àʛ¹ƇÈÇ¡Ã ËȓÍÊ¶Ò»Ź¡чƱ¾ÃÊÇÃÃʹ ã¹Í¹Ò¤µáˉàÅÂ¤ģº$3#$e#»ƃÈ¹ÒÍÐäÃˉÐàËÃÍ¤ģº? ġ¹ʁáʴ... àÍÒä́ɳ»´ÒÇ ã˚ã¹ʺÍ§ɳ»´ÒÇˉÐ¤ģº á˅... Ȥ³ʁړ˗Ò ¼ÁËÁÒÂǖ§ÍÐäÃãʺՁÂ¤ģº$0",
  "TwoKids_3": "%kid2 āº %kid1 ŇÒ̋Í§àÅÐàÅÂ¤ģº àұÍà˪Ò ġ¹ ˝Ò... ɤäˑä˴àÅÂ˕Ð¤ģº$0#$e#Ȥ³ @ äˑ˵Í§ā§ÇÅËÃÍ¡¤ģº ¼ÁŇÒ¤ÇÒÁÊÐÍÒ´ËÁ´á̅Ç˕Ð$1",
  "TwoKids_4": "¼Á؛Í˼Ò̍ÍÁã̋ %kid1 āº %kid2 àОÁá̅Ç¹Ð¤ģº Ȥ³äˑ˵Í§ā§ÇÅàҳÍ§Թ¹àÅÂ Ȥ³ @!$3#$e#ģ¡¹Ð¤ģº!$4",
  
  //SEASONAL DIALOGUE
  "spring_Victor": "Äɤãºä́¼ƅчÊµÒΓŴÅáÇÅѕ ÊÇÂÁÒ¡àÅÂ¤ģº ġ¹äˑ̃Í¹ ËȓÍË¹ÒÇàš¹ä»ˉÐ¤ģº$1#$e#ÍÒ¡ÒÈʺÇ§׉¢Í§ƫ ÊÁɪÃ΃áººÁÒ¡¤ģº ˅Íã̋½¹µ¡ʁáʴŇÒã̋ ړǪ¡ÊÐÍÒ´àˇÒԹ¹àÍ§¤ģº$0",
  "spring_1": "¼Áä˴¡Х¹´Í¡ä́ àО§¼ƅ´Í¡āºà¡ÊÃ˕Ð¤ģº ġ¹ǖ§Äɤãºä́¼ƅá̅Ç¤ģºчģ¡ !$1#$e#¼ÁàҚÍ˗ÒàÃÒ¨ÐàʁºàбÂÇ ä˴Í˒Ò§àђÂÁÂÍ´ áˉàÅÂ¤ģºƫ׉!$3",
  "spring_13": "ħ¹׉Ȥ³¨Ð˓ÇÁ˕Òäʲ ˴ÇÂǣà»˕Ò¤ģº?$3#$b#¼ÁËħ§˗ÒȤ³¨Ð àÍÒª¹ÐÍźà¡Åä˴¹Ð¤ģº à¸Íàʛ¹áªÁ΋ˤÒ§ĚÅĥ§ͱ¤ģº à¾ÃÒÐԧ¹¤§¨ÐÊȹ¡áˉ ˶Òä˴àʫ¹Ë˹Òà¸Í µÍ¹â´¹̅ÁˉÐ¤ģº$1",
  "spring_24": "¼Á˵Í§ã˚ɺ·ĕÇчƤчɊ´¢Í§¼Á ä»à·È¡ÒÅ´Í¡ä́ħ¹׉¤ģº!$1#$b#ġ¹Êȹ¡чä˴àʫ¹ȷ¡¤¹ à˵¹œÒä»ÃÍºæ µÐ¡̃Ò´Í¡ä́ÊÇÂæ ˉÐ¤ģº$1",
  "summer_Victor": "¼ÁÍÂÒ¡·Ò¹ äÍÈ¡ƳÁƁ¹·ʊÍ¤â¡áÅµ¤ģº!$1#$b#¾Ç¡àÃÒ¤ÇÃä»àђÂÁÍàʥ¡ͻ ч̃Ò¹¢ÒÂäÍÈ¡ƳÁˢÒ§æ ̋Í§ÊɁ´ā¹àʣÇæ ׉¹Ð¤ģº Ȥ³ @$3",
  "summer_1": "Ë˹Ò̃Í¹ÁÒǖ§á̅Ç¤ģº! áÊ§ÍÒŷµΒàŨ´˨Òáºº׉ ¨Ðä˴ŇÒã̋¼ÁƱˢÍ̍Ò§ã¹¡ÒÃ ÍÍ¡ä»ˢÒ§¹Í¡ˊÍÂע¹¤ģº$1",
  "summer_11": "Ȥ³ړËȓÍĢ§˗Ò¨Ðã˚ħµȶŴº ÍÐäÃÅ§ä»ã¹ȫ»ħ¹׉¤ģº Ȥ³ @?$3#$b#äˑ˗Ò¨Ðàʛ¹ÍÐäÃ ġ¹˵Í§ŇÒã̋ȫ» Í˓ÍÂáˉàÅÂ¤ģº!$2#$e#µÃÒºã´ч ġ¹äˑãʺàʫ´ˉÐ¹Ð¤ģº ¼Áà¡ƵÂ´àʫ´ˉÐ¤ģº$6",
  "summer_28": "àÃÒˉÒ¨ÐĈºȑÍā¹Ǵ¹׉ чˇÒàȓÍµÍ¹ɤ áÁ§¡ÃÐ¾Ƀ¹áÊ§Ĉ¹·Γ ¹Ð¤ģº$4",
  "fall_Victor": "ʺÇ§׉¼ÁÍÂÒ¡·Ò¹ ¾ÒÂğ¡·Í§Ĉ§àÅÂ¤ģº ºÒ§Ƨ¼ÁˉÒ¨ÐáÇÐ؛ÍħµȶŴº ч̃Ò¹ŻáÍΓàʣÇæ ׉¤ģº$0#$e#·Ò¹āºˢÒÇàʢ¹ ˵Í§ƤÁÒ¡áˉàÅÂ¤ģº ˗ÒՁÂ¤ģº?$1",
  "fall_1": "̍Ò ãºä́˓Ç§! Äɤâ»Ã´¢Í§¼Á¤ģº! ¼ÁªÍÂàŴ¹à˕¹ÃÍºàȑÍ§ ã¹ÍÒ¡ÒÈàʢ¹ÊºÒÂ¤ģº$1#$e#ƺĪ¹¢Í§ɋºà¢ÒʁɤàËȑÍ¹ ¨ÐÊÇÂע¹ȷ¡ƫàÅÂ¹Ð¤ģº$3",
  "fall_16": "ħ¹׉âª¤Ƥāº¡ÒÃĈ´áÊ´§ чà·È¡ÒÅáÊ´§Ɗ¹ˤÒ¹Ð¤ģº!$3#$b#Ȥ³àÍÒª¹ÐŻáÍΓä˴áˉ ¼ÁړǪ¡ä˴àÅÂ¤ģº!$1",
  "fall_27": "Ɋ¢Ī¹΅ħ¹ÊÂÍ§ݒ§̥Í§¹Ð¤ģº чģ¡! ˶ÒȤ³ʺÇÂĈºȑÍ¼Á ºÒ§Ƨ¼ÁÍÒ¨¨ÐˌÒ¹ ¾Ç¡ÁÍ¹ÊàµÍΓã¹à¢ÒÇ§¡µ ƫ׉ä»ʁä˴¤ģº!$1",
  "winter_Victor": "ºÍ¡¼Á¹Ð¤ģº ˶ÒÍÂÒ¡¨Ð»ÒƋÁÐښā¹ Ȥ³ @ ¼Á¨ÐäˑÍÍÁȑÍã̋Ȥ³ ËÃÍ¡¹Ð¤ģº!$3#$e#âÍà¤ ºÒ§Ƨ¼ÁÍÒ¨¨Ðã̋Ȥ³ª¹Ð Ī¡¤Ճ§ÊÍ§¤Ճ§ʁä˴¤ģº$4",
  "winter_1": "¾ÒɂƋÁÐàұÍǴ¹ »¡¤ɅÁԷ§àȑÍ§àÅÂ¹Ð¤ģº á˅§ĕÇӭ¹æ àˢÒä̇¹Ð¤ģº àˢÒã¨ՁÂ?$6#$e#˶ÒȤ³àʛ¹Ëħ´ ʺÇ§Ë˹ÒË¹ÒÇÅÐʁ ¼Á¨ÐɤáÅȤ³àÍ§¤ģº$4",
  "winter_8": "¡ÒÃáʲ§Ă¹µ¡»ÅÒÄɤË¹ÒÇ ħ¹׉á̅ÇƊ¹Ð¤ģº Ȥ³ @$1#$b#¾Ç¡àÃÒ¤ÇÃ¨ÐàУÁàŴ¹·Ò§ ä˴á̅Ç¹Ð¤ģº ¨Ðä˴àŴ¹ä»āº¤¹ҽ¹æ ä»чȨ´µ¡»ÅÒä˴!$1",
  "winter_12": "ä̇¾Ç¡àÃÒä»Ի¹ ÁȹÉΒƋÁÐā¹¹Ð¤ģº! ¼Á˗Òġ¹¨Ð˵Í§ɤƤ ã¹ÊÇ¹Ëĥ§˺Ò¹àÃÒáˉæ ¤ģº$4",
  "winter_25": "Ɋ¢Ī¹΅´Ç§´ÒÇÄɤË¹ÒÇ ¹Ð¤ģºÂÒËƲ ¼ÁàµƳÂÁ¢Í§¢ħ­žàÈÉ ä̇ã̋Ȥ³Ǵ¹׉˴ÇÂ$4#$e#¼ÁºÍ¡Ȥ³µÍ¹׉ äˑä˴ËÃÍ¡¤ģº˗ÒǴÍÍÐäÃ$1#$b#لÁʴÒ¡ÒÃÃÍ¤ÍÂáˉ¹Í¹¤ģº Ī­­ÒàÅÂ!$4",
  
  //DAY DIALOGUE
  "Indoor_Day_Victor": "¼ÁıÒĥ§àƦÂ§āºĕÇàÍ§ÍԒ˗Ò ħ¹׉ŇÒÍÐäÃƤ¤ģº$1#$e#ÍÒ¨¨ÐàУÁ˝Ò¹Ëę§ȚÍĪ¡à˕Á ƤՁÂ¤ģº?$3",
  "Indoor_Day_0": "ä§¤ģº ÂÒËƲ! àʛ¹Ģ§ä§˺Ò§¤ģºħ¹׉?$1#$b#¼ÁıÒĥ§ĕ´Ɗ¹ã¨ÍԒ˗Ò ¨Ðà˕¹à¡Á ˝Ò¹Ëę§ȚÍ˅Í ËȓÍŇÒâ»Ãà¨¤ƤˉÐ¤ģº$0#$e#à݋ÂÇ¼Áʁ¤§ ĕ´Ɗ¹ã¨ä˴áËÅÐ¤ģº âª¤Ƥāº§Ò¹ã¹¿ÒΓÁ¹Ð¤ģº!$1",
  "Indoor_Day_1": "ƋÇĈ§àÅÂ¤ģº Ê§ĪÂĈ§¤ģº˗Ò ã¹څàʢ¹ƱÍÐäÃ˺Ò§... Ëħ§˗Ò¨ÐƱÊ»Òà¡µׅ¹Ð¤ģº!$3#$e#ÊÒºÒ¹ä˴àÅÂ˗Ò ¼Á·Ò¹à˨Òι¹ä˴µÅÍ´ä» â´ÂäˑàҪÍàÅÂ˕Ð¤ģº$1",
  "Indoor_Day_2": "¼ÁړǪ¡ ÍÂÒ¡ŇÒÍÐäÃĪ¡Í˒Ò§ˉÐ¤ģº àÅÂŇÒ¤ÇÒÁÊÐÍÒ´˺Ò¹ä» äˑàËȕÍӝ¹Ī¡àʡ´àÅÂ˕Ð¤ģº !$1#$e#˶ÒȤ³à¨Íӝ¹Ī¡àʡ´ÅÐʁ ¼Á¨ÐŇÒÅÒÂġ¹Í˒Ò§¡̅ÒËÒ­ ˴ÇÂä́¢¹äʱ¢Í§¼ÁàÍ§¤ģº!$5",
  "Indoor_Day_3": "ä§¤ģº ÂÒËƲ! ʺÇ§׉ Ȥ³ŇÒ§Ò¹Ëę¡Ĉ§àÅÂ¤ģº$3#$b#¼ÁÍÂÒ¡ã̋àŧ¹Ȥ³ä»؛Í à¤ҳÍ§ҤÁч«Òɵ¹˺Ò§¤ģº[336]$1#$e#Ȥ³ÊÁ¤ÇÃä˴ģºġ¹á̅Ç¤ģº ¼Áģ¡Ȥ³¹Ð¤ģº$4",
  "Indoor_Day_4": "ÍԒã¹¿ÒΓÁāºȤ³àʛ¹ »ÃÐÊº¡ÒÃ΃чƇàÈÉ ÁÒ¡àÅÂ¤ģº$3#$b#¼ÁËħ§˗Òчģ¡ ʁړǪ¡àËȑÍ¹ā¹¹Ð¤ģº$1#$e#ÁÒŇÒħ¹׉ ã̋ƤТ§¡˗ÒàұÍÇÒ¹ ā¹à¶ÍÐ¤ģº$1",
  "Outdoor_Victor": "¼Á؛ÍÂÒŊÒɃ§Ɋ¢ÀÒ¾ ¨Ò¡ËÁÍÎÒΓƷΒ ÁÒã̋Ȥ³˴ÇÂ¤ģº$4#$b#щ¨ÐŇÒã̋Ȥ³ ¡ÃÐ»ד¡ÃÐà»˓Òע¹ ¨Ðä˴ŇÒ§Ò¹ä˴ÁÒ¡ע¹¤ģº[349]$1#$e#¢Íã̋àʛ¹ ħ¹чàђÂÁÂÍ´¹Ð¤ģº!$3",
  "Outdoor_0": "ġ¹Ƥч¨ÐÍÍ¡ä»ˢÒ§¹Í¡˺Ò§ àʛ¹ºÒ§¤Ճ§¤ÃÒÇ¹Ð¤ģº á́˗Ò¨ÐƱ§Ò¹ч¼Á ¤ÇÃ˵Í§ŇÒã̋àÊʣ¨ʁµÒÁ¤ģº$3",
  "Outdoor_1": "Ȥ³ԋ¢Í§Ȥ³âª¤Ƥ¹Ð¤ģºчƱч ÁÒ¡¢¹Ò´׉ã¹ÊµÒΓŴÇáÇÅѕ$0#$b#à݋ÂÇ׉¤§؛ÍчÁÒ¡¢¹Ò´׉ äˑä˴á̅Ç˕Ð¤ģº à̇¹á˅¨ÐƱàŧ¹àʛ¹Ɗºæ ̅Ò¹˕Ð¹Ð¤ģº$6#$e#¼ÁƤã¨чȤ³ĕ´Ɗ¹ã¨ ¨ÐÅÍ§ŇÒ¿ÒΓÁ á·¹ч¨Ð¢ÒÂчä»¹Ð¤ģº Ȥ³ @!$1",
  "Outdoor_2": "ÊħÊƤ¤ģº ÂÒËƲ ¼ÁÍÍ¡ÁÒà»ѕÂ¹ºÃÃÂÒ¡ÒÈ á»»Ǚ§¹Ð¤ģº Í˒Òã̋¼ÁŇÒȤ³àƺÂÊÁÒŸàÅÂ ¹Ð¤ģº!$1#$e#¾Ç¡àÃÒÁÒ¹Í¹¡Í´ā¹ àʛ¹žàÈÉǴ¹׉à¶ÍÐ¤ģº!$4",
  "Outdoor_3": "ڝÇÇÇ! àђÂÁä»àÅÂ¤ģº чä˴àʫ¹Ȥ³ˢÒ§¹Í¡щ$4#$e#Ȥ³Ĉº¼ÁıÒĥ§ĝ¹¡ÅÒ§ħ¹ ä˴¤ÒËę§¤Òà¢ÒàÅÂ¹Ð¤ģº$1",
  "Outdoor_4": "¼ÁªÍº ÁÍ§ɤ¿ÒΓÁ¨Ò¡ÅÒ¹¤ģº Ȥ³ŇÒ§Ò¹ä»ä˴àÂÍÐÁÒ¡ àÅÂ¹Ð¤ģº$3#$e#Ȥ³¤ÇÃ¨ÐɰƁã¨ÁÒ¡æ àÅÂ!$1",
  "Rainy_Day_0": "à¾ÃÒÐ˗Ò½¹µ¡ ¼Á¤ÇÃ¨Ð˝Ò¹ŹÂÒÂà˕Á׉ ã̋¨ºàƺÂƧ¤ģº$0#$e#à̎ ¼ÁƱ¤ÇÒÁĥº¨ÐºÍ¡Ȥ³ ˴ÇÂ¤ģº$3#$e#Ȥ³àʛ¹ȷ¡Í˒Ò§ ч¼ÁªÍºчɊ´àÅÂ¤ģº ¼Áģ¡Ȥ³¹Ð¤ģº$4#$e#˝Ò... ι¹ÍÒ¨¨ÐàѕÂ¹ä»ËˉÍÂ á˅ʁŇÒã̋Ȥ³֢Áä˴¹Ð¤ģº$3",
  "Rainy_Day_1": "¼ÁªÍºħ¹ч½¹µ¡áºº׉¤ģº ŇÒã̋¼ÁƱˢÍ̍Ò§ ч¨ÐÍԒã¹˺Ò¹Է§ħ¹ä§˕Ð¤ģº$3",
  "Rainy_Day_2": "˶ÒȤ³¨ÐÍÍ¡ä»ˢÒ§¹Í¡ ÃÐħ§àƫÂ¡˴ÇÂ¹Ð¤ģº ¼ÁäˑÍÂÒ¡ã̋Ȥ³äˑÊºÒÂ¤ģº$6#$e#á˅˶ÒȤ³ˋÇÂ ¼Á¨Ð¤ÍÂɤáÅȤ³àÍ§¤ģº$4",
  "Rainy_Day_3": "ÍÒ¡ÒÈáºº׉ àʛ¹âÍ¡ÒÊĭ¹Ƥã̋¼ÁŇÒ§Ò¹ á¼¹Ĝ§ÊÐ¾Ò¹˅Í¤ģº$3#$e#Í˒Òã̋ÊÀÒ¾ÍÒ¡ÒÈ àʛ¹ĕÇıÒË¹´Ъ§чȤ³˵Í§ŇÒ ħ¹׉¹Ð¤ģº ɅÂàÅÂ¤ģº!$1",
  
  //NIGHT DIALOGUE
  "indoor_Night_Victor": "Ȥ³¨Ð¹Í¹ËȓÍĢ§¤ģº? ¼ÁʴÍ¹ˢÒ§àËҩÍÂˉÐ¤ģº$0",
  "Indoor_Night_0": "ħ¹׉§Ò¹ǴºË˹ÒƤՁÂ¤ģº?$1#$e#Ƥã¨чä˴Ƃ¹áººԹ¹¹Ð¤ģº! Ǵ¹׉¨Ð¡Í´àʛ¹ÃÒ§ħÅã̋žàÈÉ àÅÂ¹Ð¤ģº$4",
  "Indoor_Night_1": "¼ÁŇÒ˓Ò§áººÊÐ¾Ò¹¤˓ÒÇæ ã̋à·ÈÁ¹µƳ¢Í§á¡ÃÁàžÅĕ¹ àÊʣ¨á̅Ç¤ģºħ¹׉$3#$b#¼Á˵Í§àŴ¹·Ò§ä»ºÍ¡à¸Í чàȑÍ§àʣÇæ ׉˕Ð¤ģº$1",
  "Indoor_Night_2": "àˢÒÁÒã¡̅æ ƽ¡Ɗ¤ģº ¼ÁƱÍÐäÃ¨ÐºÍ¡ˉÐ$0#$e#Ȥ³àђÂÁчɊ´àÅÂ¤ģº ¼Áģ¡Ȥ³¹Ð¤ģº$4",
  "Indoor_Night_3": "¼Áä»àђÂÁȤ³áˑÁÒ¤ģºħ¹׉ à¸Í½Ò¡ºÍ¡Ȥ³˗ÒÊħÊƤ ˉÐ¤ģº$1#$e#̍Í á̅Çà¸Íʁ½Ò¡äÇΉÁÒã̋ ¾Ç¡àÃÒƽ¡¢Ç´˴ÇÂ¤ģº àÃÒàÍÒщä»àʁºчڅÍÒËÒÃ[348]$1#$e#... ËȓÍ¨ÐàÍÒä»˚§¢ÒÂʁä˴¤ģº àÍÒчȤ³ÊºÒÂã¨àÅÂ¤ģº$0",
  "Indoor_Night_4": "àƧÂºāºã¹àȑÍ§чщȑ´¡˗Ò¹Ð ¤ģºàщÂ$0#$b#ã¹àȑÍ§ƱàÊÒä¿ÁÒ¡¨¹ȕÁ ä»ä˴ʷÒÂæ àÅÂ¹Ð¤ģº˗ÒàÇÅÒÍÐäÃá̅Ç$1",
  "Rainy_Night_Victor": "à̎! ¼ÁŇÒˢÒÇàʢ¹ä̇ã̋¤ģº ·Ò¹ã̋Í˓ÍÂ¹Ð¤ģºчģ¡$1[214 224 228 235 237]",
  "Rainy_Night_0": "ħ¹׉ƤՁÂ¤ģº? ¼ÁÃÍ¹Í¹¡Í´Ȥ³º¹àƥÂ§äˑäËÇá̅Ç¤ģº$3#$e#¼ÁÃÍÁÒԵ§á˅Ȥ³ÍÍ¡ä»ŇÒȸÃÐá̅Ç¤ģº!$4",
  "Rainy_Night_1": "Ƥã¨Ĉ§¤ģºчȤ³¡ĥº˺Ò¹á̅Ç! ħ¹׉¼ÁŤ´ǖ§Ȥ³ÁÒ¡àÅÂ¤ģº!$1#$e#˶Òɮ´µÒÁ¨ƃ§á̅Ç »¡ŵ¼ÁʁŤ´ǖ§Ȥ³Ե§á˅Ȥ³ ˡÒÇ¢ÒÍÍ¡¨Ò¡˺Ò¹á̅Ç¤ģº$4",
  "Rainy_Night_2": "¼ÁŇÒá¼¹§Ò¹ʻÍÁá«ÁÊÐ¾Ò¹ µÐħ¹µ¡ã¹á¡ÃÁàžÅĕ¹àÊʣ¨ ä»àÂÍÐàÅÂ¤ģºħ¹׉$1#$e#Ëħ§˗ÒˇÒ¹à·ÈÁ¹µƳ¨Ðɦ¡ã¨ §Ò¹¢Í§¼Á¹Ð¤ģº$0#$e#»¡ŵà¸ÍʁªÍº¹Ð¤ģº$1",
  "Rainy_Night_3": "ȝÁÁ... ¼ÁÍÂÒ¡¨Ðɮ´ÍÐäÃĪ¡Í˒Ò§ á˅¼ÁʁàŢ¹Ź´ËˉÍÂ¤ģº...$2#$e#¾Ç¡àÃÒÁÒ¡Í´ā¹ÁÒ¡ע¹Ǵ¹׉ ƤՁÂ¤ģº Ȥ³ @$4",
  "Rainy_Night_4": "Ëĥ§¨Ò¡ȷ¡Í˒Ò§ч¼ÁŇÒä» ħ¹׉ ¼ÁàËҩÍÂá·ºÊÅºàÅÂ˕Ð¤ģº$6#$b#¼ÁÍÂÒ¡àˢÒ¹Í¹Ɋ´æ ä»àÅÂ˕Ð¤ģº$3#$e#ËȓÍÍÒ¨¨ÐÍÂÒ¡¹Í¹¡Í´Ȥ³ Ɋ´æä»àÅÂʁä˴¤ģº$1",
  
  //AFFECTION DIALOGUE
  "Good_0": "¼ÁŇÒÍÒËÒÃä̇ã̋Ȥ³ Ź´ËˉÍÂ¤ģº! ¨Ð·Ò¹àÅÂËȓÍàʁºä̇ƧËĥ§ ʁä˴¤ģº[210]$1",
  "Good_1": "¼Áä˴Ƃ¹¿ÒΓÁ %farm ÍÍ¡ʲÒÇà˪Ò׉˴ÇÂ¤ģº!$1#$b#¢Í§чȤ³˚§ä»¢ÒÂчàȑÍ§ɛɛ àʛ¹Ëѹ§ã¹¢Í§Ȥ³ÀÒ¾ƤчɊ´ ч¾Ç¡à¢Òà¤Âä˴ã¹ËÅÒÂƫ àÅÂ¤ģº!$3#$e#¼ÁɰƁã¨ã¹ĕÇȤ³ÁÒ¡àÅÂ¤ģº чģ¡!$4",
  "Good_2": "%pet ŇÒã̋¼ÁǙ¡ǖ§áÁÇ¢Í§¼Á чҚÍŴÇםàÅÂ¤ģº$6#$b#¼ÁºÍ¡ä˴àÅÂ¤ģº˗ÒȤ³ɤáÅ %pet ƤÁÒ¡àÅÂ$3",
  "Good_3": "ä§¤ģº ÂÒËƲ щàŧ¹ºÒ§˚Ç¹¤ģº Ȥ³ÊÁ¤ÇÃä˴ҤÁà¤ҳÍ§ҤÁч«Òɵ¹ Ëĥ§¨Ò¡§Ò¹Ëę¡Է§ËÅÒÂч Ȥ³ŇÒ¹Ð¤ģº![336]$1",
  "Good_4": "¼ÁäÎäÅ·º·¤ÇÒÁã¹Ëę§ȚÍ àƳÂ¹ƇÈÇ¡ÃÃÁ¢Í§¼ÁàҮÍ àʁºÃÒÂÅÐàƽÂ´ŚÒĄ­ÁÒ µÅÍ´àÅÂ¤ģº$3#$e#¨Ð˗Òä»... Ȥ³àʛ¹º·¤ÇÒÁã¹Ëę§ȚÍ àƳÂ¹¢Í§¼ÁËȓÍà»˕Ò¤ģº?$0#$b#à¾ÃÒÐ˗ÒȤ³àʛ¹äÎäÅ· ¢Í§ħ¹¢Í§¼ÁàÅÂ$4#$e#áËÐæ... àѕÂ¹ä»ãʺՁÂ¤ģº?$1",
  "Good_5": "щ Ȥ³ƱÍÐäÃŵ´Ë˹ÒˉÐ¤ģº ã̋¼ÁʺÇÂàʊ´ã̋¹Ð¤ģº$0#$e#*ʡÇ¿* ģ¡¹Ð¤ģº!$4",
  "Good_6": "¼ÁıÒĥ§Қ¹ªÁỄÍÂ¤Í¢Í§ ¹Ò§àǷÍ¡чȤ³ã̋¼ÁÁÒÍԒ ˉÐ¤ģº$3#$b#¼Á¨ÐäˑƱħ¹¶Í´ġ¹ÍÍ¡àÅÂ$4#$e#ʁä˴¤ģº ¼Á¨Ð¶Í´ġ¹ÍÍ¡µÍ¹ÍÒºթÒ á˅áʴµÍ¹ÍÒºթÒ¹Ð¤ģº!$0",
  "Good_7": "¼Áª§¡Òá¿ä̇ã̋¾Ç¡àÃÒ ˴ÇÂ¤ģº щ¤ģº! ¡Òá¿¤ģº! ¼Áà·ã˚áˡÇãºâ»Ã´¢Í§Ȥ³ ä̇àÅÂ¤ģº[395]$4",
  "Good_8": "Ȥ³áˑã̋äÇΉ¢Ç´Ëѹ§¨Ò¡ ̋Í§ã˵Ŵ¹¢Í§à¸ÍÁÒ¤ģº ¼ƅµ¨Ò¡ä˓ÍӇ¹àÍƪ¨ÒàƚÂÇ ¤ģº![348]$1#$e#ºÒ§ƧàÃÒÍÒ¨¨ÐҤÁġ¹Ǵ¹׉ ¾̃ÍÁÍÒËÒÃϔÒƤՁÂ¤ģº?$3",
  "Good_9": "¼ÁäˑŤ´˗Ò¼Á¨ÐƱħ¹ÍÂÒ¡ ̂ÒÂä»¨Ò¡ÊµÒΓŴÇáÇÅѕ àÅÂ¤ģº$0#$b#ã¹àȑÍ§¼ÁÍÒ¨¨ÐŇÒàŧ¹ ä˴ÁÒ¡¡˗Ò á˅...$2#$b#¼ÁÍÂÒ¡ÍԒчщāºȤ³µÅÍ´ä» àÅÂ¤ģº$4#$e#äˑƱÍÐäÃÁÒà»ѕÂ¹ ¤ÇÒÁړǪ¡¼Á˅ÍàҳÍ§׉ä˴ áˉ¹Í¹¤ģº$4",
  "Neutral_0": "¼Áä˴àÁΕ¢ÂÐ¨Ò¡µÅÒ´٫¹ â¨˨Ò˴ÇÂ¤ģºħ¹׉$0#$e#˵Í§àʛ¹à¾ÃÒÐ»ÃÐħŵ ¡ÒÃˤ¹ËÒ¢Í§Ȥ³áˑ¼Ááˉæ àÅÂ¤ģº$0",
  "Neutral_1": "¼ÁړǪ¡ÍÂÒ¡àŻ´à«¿ãËˑ ã¹à´ÍÐƵà˨¹·ÍÍ¿̅§ Ĉ§àÅÂ¤ģºħ¹׉ à¡Á¢Í§Ʃ¹ɤġ¹à˕¹ä˴ ËÅÒÂÃÍºÁÒ¡¨ƃ§æ¤ģº$1#$e#ġ¹àʛ¹... àÇ·Á¹µΓá˛§Ç§¡ÒÃŴŨµÍÅ ä˴àÅÂ¹Ð¤ģº ¨Ð˗Òä»á̅Ç$0#$b#ǖ§¼Á¨Ðģ¡¡ÒÃÍÍ¡áºº ÊÐ¾Ò¹áʴäË¹ ¼ÁʁªÍº¡ÒÃàˢÒÃīÊ àʛ¹§Ò¹ÍŴàÃ¡˴ÇÂ¤ģº$3#$b#ºÒ§Ƨã¹Í¹Ò¤µ ¼ÁÍÒ¨¨Ð¡ÅÒÂàʛ¹ ڌĞ²¹Òà¡Áʁä˴¤ģº? á˅¼ÁäˑŤ´˗Ò¨Ðª¹Ð ¾ÃÊÇÃÃʹ¢Í§ ConcernedMonkey ä˴ËÃÍ¡¤ģº!$1",
  "Neutral_2": "Ȥ³áˑÍºȤ¡ֱÁÒã̋¾Ç¡àÃÒ ˴ÇÂ˕Ð¤ģº! ĭ¹׉¢Í§Ȥ³¤ģº![223]$1#$e#ĭ¹׉Ʊ¤ƳÁʊÍ¡â¡áÅµ˴ÇÂ ¢Í§â»Ã´¢Í§¼ÁàÅÂ¤ģº!$3",
  "Neutral_3": "ħ¹ʱÍ¹¼Áä»؛ÍĜ¡¼Åä́Ê´ ч̃Ò¹ŻáÍΓÁÒ¤ģº$3#$b#à¢ÒƱ¢Í§Ê´чƤчɊ´ã¹ɋºà¢Ò àÊÁÍàÅÂ¤ģº$1#$e#Ǵ¹׉àÃÒŇÒ¿ɃµÊĥ´ā¹ ƤՁÂ¤ģº?$1",
  "Neutral_4": "¼ÁıÒĥ§˝Ò¹ 'Ê§¤ÃÒÁÁËÒ¸Òȵ' ÍԒ¤ģº$3#$e#ÁȹÉΒà§Òàʛ¹áÊ¹µ¹ āº¤¹á¤ÃÐŇÒÊ§¤ÃÒÁā¹ ËÅÒÂĞ¹ƫÁÒá̅Ç¤ģº$6#$b#Է§ÊÍ§ˍÒÂƱڌàƺÂƚƇµ ÁÒ¡ÁÒÂàÅÂ˕Ð¤ģº$2#$e#Ëę§ȚÍÃÇºÃÇÁ¨Ò¡àҳÍ§à˕Ò ˷Í§Ж¹чàË˕ÒˎÍÁ´áˑÁ´¨Ò¡ ËÅÒ¡ËÅÒÂËԑ˺Ò¹áÅÐàȑÍ§ à˕Ò˅Íā¹ÁÒˉÐ¤ģº$0",
  "Neutral_5": "֥¹Ċ¡Ǚ§ã¹¤ģÇ ġ¹˚§àƺÂ§àރÂ´̽Ò´ ¼ÁàÅÂʻÍÁġ¹á̅Ç¹Ð¤ģº$1#$b$чģ¡ºÍ¡¼Áä˴¹Ð¤ģº ˶ÒƱÍÐäÃã¹˺Ò¹˵Í§ʻÍÁƽ¡!$3",
  "Neutral_6": "à˪Ò׉¼Áà¼ÅÍã˚ÃÍ§à˷Ò ¡ĥº˴Ò¹¤ģº ʁÊ§ĪÂÍԒ˗ÒŇÒäÁ à˷Òġ¹ړǪ¡á»Å¡æˉÐ¤ģº$0",
  "Neutral_7": "¼ÁȒÁËę§ȚÍÁÒ¨Ò¡ ̋Í§ÊɁ´à˕ÁǙ§¤ģº ҚÍ 'ʁÍºƅ¹ڌ¤ÃÍ§¤ÇÒÁȑ´' ¤ģº$0#$b#àʛ¹àҳÍ§àбÂÇāºʁÍºƅ¹ чÍÒĨÂµÒÁàËȑÍ§˅Ò§æ ηÇâÅ¡ˉÐ¤ģº$3#$e#àʛ¹чáˉĊ´ÅÐ¤ģº˗Ò ¾Ç¡à¢ÒºÒ§µ¹à¤ÂÍԒч ÊµÒΓŴÇáÇÅѕº¹ÂÍ´à¢Ò ¤ÍΓàƩÂÅˉÐ¤ģº$3#$b#¾Ç¡à¢Ò˚Ç¹ãËʽɺ­Ğ¹ۨ ä»ËÁ´á̅Ç˕Ð¤ģº чàËȕÍ˚Ç¹ÁÒ¡àʛ¹ÊɁ¹¢Í§ áˑÁ´ΪÇ̃ÒÂчä»̅Íà˕¹āº Á¹µΓńÒˉÐ¤ģº$0#$e#ڌàƒÂ¹Ëę§ȚÍà˕Á׉àʛ¹¤¹Ʊ ¡ÒÃǨ¡ÉÒɺ§Է§Թ¹¤ģº Ëѹ§ã¹Թ¹ǴÍàʭÁ ÃÒÊâÁàƤÂÊ˕Ð¤ģº$0",
  "Neutral_8": "¼Á˗ÒÍÒ¨¨Ðä»àђÂÁȤ³áˑ ħ¹׉¤ģº ¼Á˗Òà¸ÍƤã¨ч¼Á ¨Ðä»à«ÍΓä¾ÃΚà¸Íáˉ¤ģº$1",
  "Neutral_9": "äˑړŇÒäÁ¹Ð¤ģº á˅ʺÇ§׉¼ÁÍÂÒ¡ҤÁɵˉÒ ÎÍƃ«Í¹ ¤Í¡à·ÅĈ§àÅÂ¤ģº$0#$b#¼Á˗Ò¨Ðä»ҤÁĪ¡áˡÇч«Òɵ¹ Ëĥ§¨Ò¡àÊʣ¨§Ò¹ħ¹׉á̅Ç ˉÐ¤ģº$1",
  "Bad_0": "àұÍǴ¹¼Áĝ¹̃ÒÂÁÒ¡àÅÂ¤ģº ¼ÁړǪ¡... äˑʴÍÂƤàÅÂ$2#$e#˝Ò... ä̇¼Áà˕Òã̋ğ§ƧËĥ§ µÍ¹¨Ð¹Í¹¹Ð¤ģº Ȥ³ @$2",
  "Bad_1": "à̎.. Ȥ³ŇÒ¼ÁàƺÂ¤ÇÒÁړǪ¡àұÍǴ¹ á̅Ç¼ÁʁäˑâÍà¤àÅÂāºЪ§ч Ȥ³ŇÒˉÐ¤ģº$2#$e#Ǵ¹׉àÃÒʴÍÂÁÒ˗Òā¹¹Ð¤ģº$2",
  "Bad_2": "*¶Í¹ËÒÂã¨*... Ȥ³áˑ¼ÁàƺÂàŧ¹ã¹¡ÒÃˤÒ٫¹ à¸ÍàÅÂÍÂÒ¡ã̋¼Áä»àђÂÁ ˉÐ¤ģº$2#$b#à¸Í¨Ð˵Í§ÁÒâ·É¼ÁáˉàÅÂ ¼Áړ˗Òà¸Í¨ÐŇÒáˉ¤ģº$0",
  "Bad_3": "Ȥ³Ť´˗ÒàÃÒ¨ÐÁÒȤÂā¹Í˒Ò§ ¨ƃ§Ĉ§ËˉÍÂä˴ՁÂ¤ģºǴ¹׉?$0#$b#ġ¹àʛ¹... àҳÍ§ŚÒĄ­ˉÐ¤ģº$2#$e#ä̇ÁÒȤÂā¹àОÁËĥ§Ȥ³ ¡ĥº¨Ò¡ŇÒ§Ò¹á̅Çā¹¤ģº$2",
  "Bad_4": "¼ÁŤ´˗Ò¼ÁˋÇÂˉÐ¤ģºàұÍǴ¹ ¼ÁړǪ¡¤ҵ¹ä̊ Í˒ÒàО§ɦ¡ĕÇ¼Á¤ģº Ȥ³ @$2#$e#¼ÁäˑÍÂÒ¡ã̋Ȥ³ˋÇÂä» ˴ÇÂ¤ģº! ¼Á¨Ðä»àÍÒÂÒ чËÁÍÎÒΓƷΒħ¹׉á̅Çā¹¤ģº$2",
  "Bad_5": "¼ÁȕÁà«¿à¡Á ÍÐäÃчŇÒä̇ ʱÍ¹Ë˹Ò׉àÅÂËÒÂËÁ´àÅÂ ¤ģº$2#$b#¼ÁʴÍ¹ˢÒ§... Ëȧ´Ëŧ´ ĕÇàÍ§Ź´ËˉÍÂ¤ģºµÍ¹׉$5#$e#¢Íâ·É¹Ð¤ģº Ȥ³ @... ¼Á... ¼ÁäˑړǪ¡ÍÂÒ¡ȤÂ āºã¤Ã¤ģºµÍ¹׉ ¢Íã̋Ʊħ¹чƤ¹Ð¤ģº$2",
  "Bad_6": "¼Áŵ´â¨·Βá¤ÅɔĥÊˢÍ׉ ÁÒ¹Ò¹ÁÒ¡á̅Ç¤ģº á̅ÇʁäˑړàÅÂ˴ÇÂ˗Ò ¨Ð˵Í§ŇÒĢ§ä§˅Í¤ģº$2#$e#¼Á... äˑ¾̃ÍÁ¨ÐȤÂµÍ¹׉¤ģº$2",
  "Bad_7": "¼Áä˴Ƃ¹ʲÒÇäˑƤàбÂÇāº ÍÒ³ÒĈ¡Ãâ¡â·â˓ áÅÐЪ§ч ¾Ç¡à¢ÒŇÒāºę¡â·É¤ģº$2#$e#¾Ç¡à¢Ò... ¼Á...$2#$e#...$2",
  "Bad_8": "Ƥ¤ģº Ȥ³ @...$2#$e#...$2#$e#%Ƈ¤àµÍΓıÒĥ§àƁ¹Ȥ³",
  "Bad_9": "ȷ¡¤¹˵Í§à¤ÂŇÒàҳÍ§ ż´¾ÅÒ´¤ģº Ȥ³ŇÒ̃ÒÂ ¤ÇÒÁړǪ¡¼ÁàұÍÇÒ¹ áÅÐ¼Á Ģ§ŇÒã¨äˑä˴¤ģº$2#$e#ġ¹˵Í§... ã˪àÇÅÒˉÐ¤ģº$2"
}
