{
	"Name": "Joja Veggie Machine",
	"Product": "Joja Veggie",
	"SeedName": "Joja Veggie Seeds",
	"SeedDescription": "(à¤Ã×èÍ§¼ÅÔµâ¨¨éÒ¼Ñ¡Ê´) »ÅÙ¡à¨éÒÊÔè§¹Õéä´éã¹Ä´ÙãºäÁé¼ÅÔ, Ä´ÙÃéÍ¹ ËÃ×ÍÄ´ÙãºäÁéÃèÇ§ ãªéàÇÅÒ 13 ÇÑ¹ã¹¡ÒÃâµàµçÁ·Õè áÅÐ¨ÐãËé¼Å¼ÅÔµµèÍà¹×èÍ§ äÁèÊÒÁÒÃ¶à´Ô¹·ÐÅØ¡ÃÐ¶Ò§ä´é ¼Å¼ÅÔµ¨Ð¾ÃéÍÁà¡çºà¡ÕèÂÇ àÁ×èÍä¿ÊÕá´§µÔ´º¹à¤Ã×èÍ§",
	"Type": "Vegetable",
	"CropType": "Normal",
	"Seasons": ["spring", "summer", "fall"],
	"Phases": [2,3,4,4],
	"RegrowthPhase":-1,
	"HarvestWithScythe": false,
	"TrellisCrop": true,
	"Bonus": {
		"MinimumPerHarvest": 1,
		"MaximumPerHarvest": 1,
		"MaxIncreasePerFarmLevel": 2,
		"ExtraChance": 0.1,
	},
	"SeedPurchasePrice": 200,
	"SeedPurchaseFrom": "Zoey",
	"SeedPurchaseRequirements": ["e 5553210"]
}
