{
//SPECIAL DIALOGUE
"Introduction": "țÁÁÁ?$0#$e#̍Ò ÊħÊƤ$0",
"Resort_Entering": "țÁ... ˢÒړǪ¡ä˴ǖ§ÁÍ¹ÊàµÍΓ чƽ¡½Ò¡Ëѹ§¢Í§à¡ÒÐ˕Ð$0",
"Resort_Leaving": "ä˴à»ѕÂ¹ºÃÃÂÒ¡ÒÈ˺Ò§ʁƤ$0",
"Resort_Shore": "šÅ΄¢Í§ªÒÇ¤ÁáÃ¡ »¡˻Í§à¡ÒÐ¾Ç¡׉ ¾Ç¡à¢ÒƱàÍ¡ĥ¡É΃à©¾ÒÐ ˴ÇÂàغÍ¤ɅÁƺ˿Ò áÅÐÍÒɇ¸ËÍ¡ˉÐ$0",
"Resort_Chair": "à¡ÃÒÐàÇ·Á¹µΓ чà¡ÒÐ˛Ò§ä¡Åщ áʂ§áÃ§ƤáËÐ$0",
"Resort_Bar": "թÒÁÐ¾̃ÒÇʁ¾Íá̅Ç˕ÐāÊ ˢÒ˵Í§ã̋ »ÃÐÊÒ·ĪÁĜÊҥ¹ĕÇä̇ˉÐ$0",
"Resort": "țÁ Ĉ´à·È¡ÒÅĪ§ÊÃÃʹ ā¹º¹à¡ÒÐчƱÁÍ¹ÊàµÍΓ...$0#$e#ˢÒ¤§˵Í§àҚÍã¨ƭȑÍà˨Ò ã¹¡ÒÃʺÇÂˢÒÊÍ´˚Í§á̅Ç˕Ð @$0",
"Custom_AdventurerSummit_62_5": "%ÁÒΓÅÍ¹äˑƱ¡ÒÃµÍºÊ¹Í§",

//SPRING AND GENERAL DIALOGUE

"spring_1": "á˒Ĉ§¹Ð чƋÁÐÅÐÅÒÂàʣÇáººԹ¹$0#$e#ǖ§µÒˢÒ ä»µÃÐàÇ¹ɰà¢Òá̅ÇƊ¹Ð ÍÒ¨¨ÐƱÁÍ¹ÊàµÍΓĪ¡ĕÇ ıÒĥ§ÅÐÅÒÂʁä˴ ǖ§âÍ¡ÒÊ¨Ð˹ÍÂŹ´ʁµÒÁ",
"spring_12": "à·È¡ÒÅäʲƽÊàµÍΓ ¾ӣ§׉á̅ÇƊ¹Ð$0#$e#țÁ Ê§ĪÂĈ§ ˗ÒāÊŇÒÍÒËÒÃÍÐäÃÍԒ$1",
"spring_23": "țÁ? à˨Ò¶ÒÁ˗Òä§¹Ð?$0#$e#ãʺ ˢÒړ˗Ò à·È¡ÒÅ´Í¡ä́Ĉ´¾ӣ§׉ à·ÈÁ¹µƳàÅƇÊ ˵Í§¡ÒÃã̋ˢÒàˢÒ˓ÇÁ˴ÇÂ$0",
"spring_28": "àУÁ̃Í¹á̅ÇƊ...$2#$e#Äɤãºä́¼ƅ ã¡̅¨Ð֪¹Ɋ´Å§á̅Ç$0",

"Mon": "ÊħÊƤ$0#$e#ã̋ˢÒʺÇÂÍÐäÃՁÂ?$0",
"Mon2": "à̎ à˨ÒˉÐ ¼¨­ĠÂàʛ¹ä§˺Ò§?$0#$e#˶ÒړĕÇ˗Ò ÍÂÒ¡ä˴ÍÒɇ¸чƥáÃ§ע¹˕Ðʁ ÅÍ§ÁÒàȕÍ¡ɤ ã¹¤ĥ§¢Í§àÃÒä˴¹Ð$0",
"Mon8": "ÃÐħ§ ɁÁԷ§ËÅÒÂã¹àËȑÍ§ã̋Ƥ˕Ð @ à˨ÒäˑړËÃÍ¡ ˗ÒƱÍÐäÃÃÍà˨ÒÍԒ˺Ò§.$0#$e#ÃÐħ§ĕÇ˴ÇÂ$0",
"Tue": "ä§$0#$e#à˝Í... ÍÒ¡ÒÈħ¹׉Ƥà¹ÍÐ?$0#$e#%ÁÒΓÅÍ¹ī¹¡ĥºä» à¢ÒɤӢ§æ$0",
"Tue2": "ÊħÊƤ @$0#$e#˶Òà˨ÒÊ§ĪÂàбÂÇāº ÁÍ¹ÊàµÍΓã¹ÅÐáÇ¡׉ ËȓÍà·¤Ź¡¡ÒÃ˅Íښ ¨§¶ÒÁÁÒÍ˒Òä˴ĥ§àÅ$0",
"Tue8": "à˨ÒŇÒã̋ˢÒǙ¡ǖ§ÍƵàƛÂ¹Ð ¾̃ÍÁ»¡˻Í§ڌ¤¹àÊÁÍ äˑ˗Ò˵Í§áÅ¡˴ÇÂÍÐäÃ$0#$e#ŇÒƤ˅Íä»˕Ð @$0",
"Wed": "´ÒºˢÒã˪§Ò¹Ëę¡ä»ËˉÍÂ ˵Í§ä»ã̋¤ƅ¹·ɤàʣÇæ ׉á̅Ç$2#$e#à¢ÒĺÒ¹Ò­§Ò¹¢Í§à¢Ò¹Ð$0",
"Wed4": "ˢÒÅÒ´µÃÐàÇ¹àËȑÍ§ ÍÒŷµΒÅÐËÅÒÂÃÍº ¾ÂÒÂÒÁ¡Ð»ÃÐÁÒ³ ĸÒ¹Ç¹ÁÍ¹ÊàµÍΓˉÐ$0#$e#äˑÍÂÒ¡ã̋¾Ç¡ġ¹ ÃÇÁĕÇā¹ÁÒ¡àš¹ä» äˑԧ¹ ä˴·Ðĥ¡ÍÍ¡ÁÒº¹ɋºà¢Òáˉ$1",
"Wed8": "ä§ @ ¾Ç¡àÃÒ¤ÇÃ ä»ŚÒÃÇ¨˴ÇÂā¹˺Ò§¹Ð ˢÒÍÂÒ¡ä˴¤¹ʺÇÂ$0#$e#¡ÃÐȅÍȓÍ̃¹ ч¨ÐʺÇÂàËȕÍàÊÁÍàÅÂ¹Ð ˢÒęºȆÍã¨à˨Ò¨ƃ§æ$0",
"Thu": "ä§$0#$e#ˢÒäˑãʺ¾Ç¡чà˨ÒàƳÂ¡ '¢Òà́Ò·' ˉÐ$0",
"Thu2": "¡ÒÃ˅ÍښºÒ§Ê¹ÒÁˉÐ¹Ð ¡ÒÃ¶ÍÂʁàʛ¹¡Åɂ·ΈчƤчɊ´ ËÒ·Ò§ËƩƧä˕ä̇àÊÁÍ˕Ð$0#$e#...$2#$e#%ÁÒΓÅÍ¹ī¹Ëĥ§ã̋Ȥ³",
"Thu8": "ġ¹ŚÒĄ­ÁÒ¡¹Ð ч˵Í§¾¡ÂÒŵ´ĕÇã̋¾Í µÍ¹ä»¼¨­ĠÂˉÐ#$b#ġ¹ʺÇÂã̋ ¨Ò¡µÒÂáË§á́ àʛ¹ÍԒÃÍ´ä˴àÅÂ$2#$e#ÃÐħ§ĕÇ˕Ð @",
"Fri": "˶Òà¨ÍÁÍ¹ÊàµÍΓ¹Í¡զÒ Ƴºá˨§ˢÒ˄Ç¹àÅÂ¹Ð$0#$e#ˢÒ¨Ðä»Ĉ´¡ÒÃ¾Ç¡ġ¹ ã̋äÇàÍ§$0",
"Fri4": "āÊ¢ÒÂá˅ÍÒËÒÃáÅÐà¤ҳÍ§ҤÁ Ȥ³ÀÒ¾àђÂÁч«Òɵ¹$0#$e#©ÐԹ¹ ˶Òà˨Ò¢Ò´àÊƪÂ§ã¹àËȑÍ§ ʁäˑƱчҽ¹чƤ¡˗Ò׉á̅Ç˕Ð$0",
"Fri8": "§Ò¹¾Ç¡àÃÒ щġ¹äˑƱã¤Ãàʫ¹ʴÒàÅÂ¹Ð @ ˢÒ«Òº׫§ã¨ÁÒ¡ āºȷ¡Í˒Ò§чà˨ÒŇÒ$0#$e#¢Íã̋àʛ¹ħ¹чƤ¹Ð$0",
"Sat": "ÊħÊƤ$0#$e#à˝Í... Ʊá¼¹ħ¹Ëɂ´ËȓÍĢ§˕Ð?$0#$e#ȝÁ Í˒Ò§Թ¹àÍ§Ɗ¹Ð ˉÒÊ¹ã¨щ#$e#...$0#$e#%ÁÒΓÅÍ¹äˑÍԒã¹ÍÒÃÁ΃ɮ´ȤÂ",
"Sat4": "˵Í§ä»àђÂÁÃÒÊâÁàƤÂÊ ч»ÃÒÊÒ·à¢ÒËˉÍÂá̅Ç ˵Í§Å§ÍÒ¤ÁÍÒɇ¸ã¹¤ĥ§ãËˑ ËÅÒÂ֊¹àÅÂ$0",
"Sat8": "à˨ÒŇÒã̋šÅ΄ɰƁã¨ @ ŇÒƤÍ˒Ò§׉˅Íä»˕Ð$0",
"Sun": "țÁÁÁÁ??$0#$e#̍ÒÇ ÊħÊƤ$0",
"Sun8": "ˢÒÍÂÒ¡¾Òà˨Ò ä»á¹ÐŉÒāº¤¹ºÒ§¤¹ ã¹á¤ÊàūÅƇÅàÅ¨Ī¡ħ¹ @ ¤ÇÒÁŚÒàʣ¨¢Í§à˨ÒˉÐ ˉÒ»ÃÐėºã¨ę¡$0#$e#Ëԑ˺Ò¹ι¹ àʛ¹чŚÒËģºڌчɦ¡àŪ­àˇÒԹ¹ ڌчžɺ¨Ήµ¹á̅Ç ˗ÒӴ¤ÇÃã¹Ê¹ÒÁÃº ˢÒ¨ÐÅÍ§ȤÂāº¤¹ړĈ¡ɤ ˗Ò¨ÐŇÒÍÐäÃàҳÍ§׉ä˴˺Ò§$0", 
 
//SUMMER DIALOGUE
"summer_1": "̃Í¹¢¹Ò´׉ ˢÒÍÂÒ¡ä»ÍԒã¹àËȑÍ§ǥ¡æ àʢ¹æ ÁÒ¡¡˗Ò$0",
"summer_10": "Ģ§ËÒÍÐäÃã˚Å§ȫ» äˑä˴àËÃÍ @?#$e#Ê§ĪÂĈ§˗Ò ¾ӣ§׉ȫ»¨ÐÍÍ¡ÁÒàʛ¹Ģ§ä§$0#$b#ºÒ§Ƨá¤ÃÍ·զÒ (Cave Carrots) чˢÒã˚àˢÒä»¤§ʺÇÂàОÁ ÃÊªÒŵчƤä˴¡ÃÐġ§?$1",
"summer_28": "áÁ§¡ÃÐ¾Ƀ¹áÊ§Ĉ¹·Γ ¨ÐÁÒчËÒ´ħ¹׉á̅Ç à˨ÒЪ§ƱƚƇµчÊÇÂ§ÒÁ¾Ç¡Թ¹$0#$e#¾Ç¡ġ¹ɤàËȑÍ¹ū¹à¹Ê áÁ§¡ÃÐ¾Ƀ¹ƱžÉ чÍԒã¹զÒã˵ÅÐàÅǥ¡á¶Çæ Ëԑà¡ÒÐãºàſΓ¹àÅÂ",

"summer_Mon": "äˑ˗Ò¨ÐŇÒÍÐäÃʁµÒÁ Í˒ÒàÍÒäÍÈ¡ƳÁ ÁÒã̋ˢÒàʔ´¢Ò´$0#$e#ˢÒäˑ»صÁ$2",
"summer_Mon6": "áÁÅ§¨Ò¡ˢÒ§¹Í¡àˢÒä» á̅Ç¤٥Á¤υ§¨Ò¡Á¹µΓńÒˉÐ$2#$b#àʛ¹àËȵ¼Å˗ÒŇÒäÁԪ¹º¹æ ǖ§àʕÁä»˴ÇÂáÁÅ§Ģ¡Ι#$e#á˅ıÒĈ´ʷÒÂÁÒ¡ áʴÍÒɇ¸Å§ÍÒ¤Áğ¹àʣÇæ Å§Ī¡¤Ճ§ʁˑÍ§àˇ§á̅Ç",
"summer_Tue": "...$2#$e#țÁÁ? ˢÒŤ´ÍÐäÃà¾ƅ¹æ ÍԒˉÐ#$e#ˢÒʺÇÂÍÐäÃà˨Òä˴ՁÂ @?",
"summer_Tue6": "*¶Í¹ËÒÂã¨* ğ¹ÊäÅΑ¾ÅÒ´ä»Ź´Ǚ§ àұÍÇÒ¹ġ¹àÅÂƥˢÒä˴ äˑƱÍÐäÃ̃ÒÂáÃ§ËÃÍ¡$2#$e#˵Í§ǝ¡Ĉº´ÒºãËˑˊÍÂæ «Ðá̅Ç$2#$e#äˑŤ´àÅÂ˗Ò¨ÐƱħ¹׉ á˅ˢÒÍÒ¨¨Ð˵Í§¢Í à·¤Ź¤¨Ò¡à˨Ò Ī¡Í˒Ò§ÊÍ§Í˒Ò§˺Ò§á̅Ç...$1",
"summer_Wed": "ä˓ÍӇ¹ºɵɱ¹ àʛ¹ƇÇчÊÇÂÁÒ¡¨Ò¡µÃ§׉#$e#ˢÒĢ§ĸÒħ¹ʱÍ¹Ë˹Ò чä˓ÍӇ¹ι¹¨ÐÁÒԵ§ä˴ äˑƱÍÐäÃàÅÂ ¹Í¡¨Ò¡ӗ§Ë˭ÒáÅÐ˵¹ä́$0",
"summer_Thu": "šÅ΄à¤ÂãËʽ¡˗Ò׉ÁÒ¡ ÊµÒΓŴÇáÇÅѕäˑä˴ '»ÅÍ´ÁÍ¹ÊàµÍΓ' áºº׉ÁÒµÅÍ´ËÃÍ¡¹Ð#$e#ÃÒÊâÁàƤÂÊƱ˚Ç¹ã¹ ¤ÇÒÁ»ÅÍ´ĠÂ¢Í§чщÁÒ¡àÅÂ",
"summer_Thu8": "ڌ¤¹ã¹Ëԑ˺Ò¹ˉÐ äˑړËÃÍ¡ ˗ÒÃÒÊâÁàƤÂÊŇÒÍÐäÃ àҮÍ¾Ç¡à¢Ò¢¹Ò´äË¹$0#$e#˶ÒäˑƱà¢Ò чщ¤§Ʊá˅ÁÍ¹ÊàµÍΓ ՂÇàגÂä»¹Ò¹á̅Ç$0",
"summer_Fri": "àËȑÍ§ĭ¹µÃÒÂę¡ ˶Òà˨ÒàµƳÂÁĕÇäˑƤ#$e#ˢÒá¹ÐŉÒã̋à˨Ò¾¡àÊƪÂ§ä» àҬÍã¹¡ÒÃŚÒÃÇ¨˴ÇÂ˕Ð",
"summer_Fri8": "Ƃ¹ƤÍ˒Ò§Т§ @#$e#ÅÒʱÍ¹",
"summer_Sat": "ÊħÊƤ @ ÍÒɇ¸àО§àˢÒÁÒãËˑ ËÅÒÂ֊¹àÅÂ#$e#ʺÒ§ƥàËʥ¡ чá¤ÊàūÅƇÅàÅ¨ ƱƭȑÍ¨ƃ§ÊÁĴÒϵÒȕÍ",
"summer_Sat6": "Ե§á˅ˢÒàŴ¹·Ò§ áÅÐ˅ÍښāºÁÍ¹ÊàµÍΓÁÒ ˢÒʁ¾ºà¨Íڌ¤¹ ˉÒÊ¹ã¨ÁÒ¡ÁÒÂ$0#$e#Ëѹ§ã¹¤¹чˉÒÊ¹ã¨чɊ´ ʁÍԒã¹ɋºà¢ÒщáËÅÐ áˉ¹Í¹˗ÒÃÇÁà˨Ò˴ÇÂ$2",
"summer_Sun": "ä§ ÊħÊƤ @ ÍÒŷµΒË˹ÒƱá¼¹ŇÒÍÐäÃՁÂ?$0#$e#˶Ò¨Ðä»˅Íښ ʁ¢Íã̋»ÅÍ´ĠÂ¹Ð$2",

//FALL DIALOGUE

"fall_1": "ė¡·ÒÂ¹Ð @$0#$e#ÄɤãËˑàУÁá̅Ç",
"fall_15": "ä˴Ƃ¹ʲÒÇ¨Ò¡à·ÈÁ¹µƳàÅƇÊ ¾ӣ§׉¨ÐƱ ę¡ˇÍ§àчÂÇÁÒ§Ò¹à·È¡ÒÅ чàȑÍ§à¾ƅá¡¹àÂÍÐàÅÂƊ¹Ð$0#$e#ˢÒÍԒ¡ÅÒ§¤¹àÂÍÐæ á̅Ç»ÃÐËˑÒˉÐ$2",
"fall_26": "ˢÒ˵Í§àµƳÂÁàÊƪÂ§àʣÇæ ׉á̅Ç˕Ð ¨Ðä»¼¨­àËȑÍ§āºę¡¼¨­ĠÂ ¨Ò¡á¤ÊàūÅƇÅàÅ¨ˉÐ àÃÒ¨ÐĈºÁÍ¹ÊàµÍΓ ÁÒáÊ´§ã¹§Ò¹ˉÐ$0#$e#à·È¡ÒÅɰµàʛ¹âÍ¡ÒÊĭ¹Ƥ ч¨ÐáÊ´§ã̋ªÒÇàȑÍ§ä˴àʫ¹ ˗Ò¾Ç¡ÁÍ¹ÊàµÍΓġ¹ĭ¹µÃÒÂ áʴäË¹$0",
"fall_27": "¢³ÐчàÃÒɮ´ā¹ÍԒàщÂ ¡Ã§ʁıÒĥ§ŵ´Ե§ã¹àȑÍ§á̅Ç Ĉºܒ¡ấà§Ò āºâ¤Ã§¡ÃÐɤ¡àŴ¹ä˴ ÁÒä˴ËÅÒÂĕÇàÅÂ˕Ð$0",
"fall_28": "ÄɤË¹ÒÇã¡̅¨ÐÁÒǖ§á̅Ç˕Ð @ ¾Í˗Ò§ע¹á̅Ç ¨Ðä»¼¨­ĠÂ ˊÍÂע¹ËȓÍà»˕Ò˕Ð$0#$e#˶Òãʺ ʁâ»Ã´ÃÐġ´ÃÐħ§˴ÇÂ Í˒ÒŇÒã̋ĕÇàÍ§ àÍÒĕÇÃÍ´äˑä˴˕Ð",

"fall_Mon": "à˨Òà¤ÂړǪ¡¡ĥÇ˺Ò§ՁÂ àÇÅÒÍԒã¹àËȑÍ§¤¹àƤÂÇˉÐ?$0#$e#ˢÒàÍ§Ģ§¡ĥÇàÅÂ ºÒ§¤Ճ§ˉÐ ºÍ¡äˑä˴àÅÂ˗Ò ÍÐäÃ¨ÐǴºµÅÒ¹ÁÒ˺Ò§$0",
"fall_Mon4": "ËÒÍÒɇ¸чÇÒ§ã¨ä˴Ī¡ĭ¹ àµƳÂÁàÊƪÂ§ä»ã̋¾Í á̅Çġ¹¨ÐäˑƱÍÐäÃ чà˨Ò»ÃÒºäˑä˴$0#$e#à˨ÒɤıÒĥ§¨Ðàʛ¹ ę¡¼¨­ĠÂчƤá̅Ç @$2",
"fall_Tue":  "á˓Ƥæ чàËȑÍ§Ԫ¹ǥ¡æ ˉÐ¹Ð ŇÒã̋ϳÒÃÇÂä˴ʷÒÂæ àÅÂ á˅ġ¹ʁàњÂ§àʺ¹ā¹#$e#˶Òà˨ÒÍԒã¹Ê¶Ò¹¡ÒÃ΃ч ƱÁÍ¹ÊàµÍΓà˽ÒÊÁĚŵàʛ¹ɭ§ ËȓÍĕÇÁǫÁÒ˕Ðʁ ğ§ĴÒˢÒ¹Ð: ËƩä»$2",
"fall_Tue6": "ƇÅѕºÍ¡˗Ò ¨Ðµºàŧ¹ˢÒÍ˒Ò§§ÒÁ ˶ÒˢÒµ¡»ÅÒƋ¹ (stonefish) ã¹àËȑÍ§ã̋à¢Òä˴#$b#á˅ˢÒµ¡»ÅÒäˑàʛ¹ˉÐƊ ĈºÍÐäÃÂÒ¡¢¹Ò´Թ¹ äˑä˴ËÃÍ¡$2#$e#àͭ ËȓÍˢÒÍÒ¨¨ÐÅÍ§ã˪¸ɩ...?$1",
"fall_Wed": "¼¨­ĠÂħ¹׉ʁÃÐħ§æ ˕Ð @$0",
"fall_Wed4": "à¤Âà¨ÍħµȶâºÃÒ³ ã¹àËȑÍ§ǥ¡æ ˺Ò§ՁÂ?$0#$e#ˢÒäˑʴÍÂړàҳÍ§ËÃÍ¡¹Ð á˅ā¹à¸ÍΓړ ˶Òà˨ÒÅ§ä»ǥ¡¾Í à˨Ò¨Ðà¨Í¢Í§á»Å¡æ ä˴$0", 
"fall_Thu": "ˢÒäˑá¹ÐŉÒ ã̋ã˪ÃÐàź´ã¹àËȑÍ§ËÃÍ¡ զÒġ¹ÍÒ¨¨Ð¶˕ÁÅ§ÁÒʁä˴$0",
"fall_Thu6": "Ëħ§˗Ò à˨Ò¨ÐÃÍº¤Íºã¹àËȑÍ§¹Ð @$0#$e#Ъ§Ɋ´˷ÒÂчˢÒ˵Í§¡ÒÃ ǴÍƱËɅÁã̋ä»àђÂÁàОÁע¹ º¹ÂÍ´à¢Òι¹ ġ¹áÍĭ´¾Íá̅ÇµÍ¹׉$2",
"fall_Thu10": "à˨Òàʛ¹ ¤ÇÒÁɰƁã¨¢Í§ɋºà¢Ò @ ŇÒ˅Íä»¹Ð$0",
"fall_Fri": "ÊäÅΑ·ƁÌ àʛ¹»ÃÒ¡¯¡ÒÃ΃ËÒÂÒ¡ ¾Ç¡ġ¹ÍÒºÁ¹µΓńÒàʛ¹̃ÍÂæ ƫ$0#$e#˶Òà˨Òà¨Í Í˒Òã̋ġ¹â´¹ĕÇà˨Òä˴˕Ð$2",
"fall_Fri6": "áÁÅ§¨Ò¡ˢÒ§¹Í¡àˢÒä» á̅Ç¤٥Á¤υ§¨Ò¡Á¹µΓńÒˉÐ$2#$b#àʛ¹àËȵ¼Å˗ÒŇÒäÁԪ¹º¹æ ǖ§àʕÁä»˴ÇÂáÁÅ§Ģ¡Ι#$e#á˅ıÒĈ´ʷÒÂÁÒ¡ áʴÍÒɇ¸Å§ÍÒ¤Áğ¹àʣÇæ Å§Ī¡¤Ճ§ʁˑÍ§àˇ§á̅Ç",
"fall_Sat": "à˨ÒƱÊËÒÂã¹àȑÍ§ ˺Ò§ËȓÍĢ§?$0#$e#ŚÒËģºˢÒ ÊËÒÂˉÐÁÒá̅Çà݋ÂÇʁä» á˅¡ӥÁ¤¹µÍ¹׉ŹĪÂƤ áÅÐàʛ¹ƁµÃƤ$2",
"fall_Sat6": "é˵Í§ä»àђÂÁÊËÒÂчÅÒ¨Ò¡ чÂÍ´à¢Ò˺Ò§á̅ÇàʣÇæ ׉#$b#àʛ¹ę¡¼¨­ĠÂġ¹ĭ¹µÃÒÂ$2#$e#Ƥã¨чà˨ÒàˢÒ˓ÇÁāºàÃÒ¹Ð",
"fall_Sun": "¾Ç¡ÊäÅΑښā¹ĕÇ˅ÍĕÇ àÍÒª¹Ðä˴äˑÂÒ¡ËÃÍ¡ á˅˶ÒÁÒàʛ¹ɭ§ à˨Ò˵Í§ÃÐħ§˴ÇÂ˕Ð#$b#á˾ÃÒº¤Òºã¹¾ƃºµÒàƚÂÇ˕Ð$2",
"fall_Sun8": "ÍÒ¨¨Ðǖ§àÇÅÒà¡ƹÂ³ ¢Í§ˢÒá̅Çʁä˴... à˨Òà¤ÂÅÍ§àוÂ§ÊäÅΑՁÂ?$2#$b#ÅÍ§ÁÒàוÂ§ á·¹ч¨ÐʶÒÍ˒Ò§àƤÂÇ ʁà»ѕÂ¹ºÃÃÂÒ¡ÒÈƤãʺ˒ÍÂ$2#$e#%ÁÒΓÅÍ¹ɵºà¤ÃÒ¢Í§à¢Ò ŇÒˇÒ¤ӣ¹Ť´", 

//WINTER DIALOGUE

"winter_1":  "ˢÒÊÇÁà¤ҳÍ§áººĕÇâ»Ã´ ã¹Ë˹ÒË¹ÒÇщ˕Ð à˨ÒŤ´˗ÒˢÒɤàʛ¹ä§?$0#$e#ÍÐäÃā¹? à˨Ò˗Òġ¹ɤäˑáµ¡˅Ò§ËȓÍ? àËÍÐ$0",
"winter_7":  "ˢÒĄ´ˤÒ¹¡ÒÃÃÇÁĕÇā¹ã¹ à·È¡ÒÅÊĥ¡թÒáʂ§ ¢Í§àȑÍ§ȷ¡ƫ$0#$b#ä¡Å¢¹Ò´Թ¹ˉÐ Á¹µΓ˻Í§ā¹˝Í¹ıÒĥ§ę¡ ÁÍ¹ÊàµÍΓ ÍÒ¨¨Ðàʥ´ÅÍ´àˢÒÁÒä˴$0#$e#ˢÒ¨ÐĈºµÒɤÍ˒Ò§Ƥ Í˒Ò˛Ç§àÅÂ$0",
"winter_24": "ˢÒäˑä˴ªÍº ¡ÒÃã̋¢Í§¢ħ­ àʛ¹žàÈÉËÃÍ¡ á˅˶Òàʛ¹¡ÒÃ ÁÍºÃÍÂ֢Áã̋ã¤Ãä˴ ˢÒʁ¨ÐŇÒ$0",
"winter_28": "ƋÁÐıÒĥ§¨ÐÅÐÅÒÂá̅Ç ˢÒàҚÍ˗Ò à˨Ò¨Ð¡ĥºä»ӗÁàÇÅÒ ã̋§Ò¹ã¹¿ÒΓÁƊ¹Ð?$0",

"winter_Mon": "ħ¹׉ÊºÒÂƤËȓÍ @?$0#$e#ºÍ¡ä˴¹Ð ˶Ò¨Ðã̋ˢÒāºšÅʺÇÂÍÐäÃ$2",
"winter_Mon6": "šÅāºˢÒړĈ¡ā¹ÁÒ¹Ò¹á̅Ç ˌÒ¹ÍÐäÃ˴ÇÂā¹ÁÒÁÒ¡$0#$e#Ç§¡ÒÃ׉ˉÐ ƱàҮÍ¹Ƥæ àʛ¹Ëѹ§ã¹Ъ§чƤччɊ´ ч¨ÐƱä˴á̅Ç ¾Ç¡à˨Ò¨Ð¤ÍÂÃÐħ§Ëĥ§ ã̋ā¹áÅÐā¹ä˴$2",
"winter_Tue": "ƱĊÂª¹Ðã¹¡ÒÃ˅ÍښàʣÇæ ׉ ¨ÐÁÒÍÇ´ã̋ğ§ՁÂ @?$0#$e#˝Ò ºÍ¡ˢÒá̅Çā¹ ˶ÒƱàҳÍ§¨Ðà˕Ò á˅̋ÒÁá˅§ע¹ÁÒàÍ§˕Ð$2",
"winter_Tue6": "àұÍÇÒ¹׉ã¹àËȑÍ§ ˢÒıÒĈ´ÁÍ¹ÊàµÍΓËÅÒÂԪ¹ ˴ÇÂĕÇ¤¹àƤÂÇ á̅ÇĢ§àʁºà¾ªÃä˴àʛ¹¡Í§#$b#à¾ªÃ¾Ç¡׉¨ÐƱ»ÃÐâÂªΉ˅Í¡ÒÃǨ¡ÉÒ¾ĥ§¸ÃÃÁªÒŵ¢Í§ÃÒÊâÁàƤÂÊáˉ$0",
"winter_Wed":  "šÅɤàËȑÍ¹˗Ò ¨ÐËĥºÁÒ¡¡˗Ò»¡ŵã¹ÄɤË¹ÒÇ#$e#¨Ð˗Òä» à¢Òʁàʛ¹Í˒Ò§Թ¹ȷ¡ÄɤáËÅÐ$2",
"winter_Wed8": "šÅ¨Ðä»á¤ÊàūÅƇÅàÅ¨ˉÐ Ʊ§Ò¹àÂÍÐáÂÐ˵Í§ä»ŇÒ àҳÍ§ę¡¼¨­ĠÂË˹ÒãËˑˉÐ$0#$e#à¢Òäˑä˴ ÍÍ¡ä»äË¹ÁÒäË¹ àˇÒäË˓àÅÂĞ¡Ëĥ§ÁÒ׉ Ƥāºà¢Òá̅Ç˕Ð$0",
"winter_Thu": "à˨ÒªÍºÄɤË¹ÒÇՁÂ @? ˢÒ¤¹Ëѹ§˕ÐªÍº á́ġ¹¨ÐäˑãʺÄɤчàʛ¹чŹÂÁ àˇÒäË˓ʁà¶ÍÐ$0",
"winter_Thu6":  "¤ÇÒÁàƗÂº¢Í§ÄɤË¹ÒÇˉÐ µÃÒµǣ§ã¨ę¡$2#$e#ˢÒªÍº àŴ¹à˕¹ÂÒÁϔÒǴ¹ę¡˕Ð ƱàƮÂ§µÐàƑÂ§ŉÒ·Ò§$0",
"winter_Fri": "ę¡ƇªÒ¡ÒÃ ˴Ò¹¾ĥ§¸ÃÃÁªÒŵ àҚÍā¹˗Ò Ƈ­­Ò³ã¹àËȑÍ§ àʛ¹Ƈ­­Ò³¢Í§ ę¡àŴ¹·Ò§ڌËÅ§·Ò§ áÅÐäˑƱħ¹ä˴Ëĥº˺Ò¹$0",
"winter_Fri8": "ƱŅÒ¹Ò¹¡˕ÒÇǖ§ÍÒÃÂ¸ÃÃÁ ¢Í§ÁȹÉΒà§Òã˵Ŵ¹ ¤̅ÒÂā¹āºàË˕Ò¤¹á¤ÃÐ#$e#Ʊá˅à»ȕÍ¡¹Í¡чËÅ§àËȕÍ ¤ÍÂâ¨Áƥ ȷ¡ŨµƇ­­Ò³чÁÒ¢ÇÒ§·Ò§ Í˒Ò§ä̃àÁµµÒ$2#$e#¾Ç¡à¢Òàʛ¹ àˌÒĞ¹ۨàƤÂÇā¹āºâ¤ÃĚÊ$0",
"winter_Sat": "à˨Òà¤ÂȤÂāºÃÒÊâÁàƤÂÊ ч»ÃÒÊÒ·¢Í§à¢ÒËȓÍĢ§?$0#$e#ˢÒړ˗Ò¾ÍǙ¡ǖ§ 'ˎÍÁ´' ʁƱËÅÒÂÍ˒Ò§àÅÂƊ¹Ð á˅à¢ÒÍÒ¨¨Ð ŇÒã̋à˨Ò»ÃÐËÅÒ´ã¨ʁä˴$2",
"winter_Sat4": "ÃÒÊâÁàƤÂÊ ã˪àÇÅÒ˚Ç¹ãËʽ¢Í§à¢Ò Ǩ¡ÉÒȤ³ÊÁĚŵ ¢Í§¾ĥ§¸ÃÃÁªÒŵ#$e#˶ÒÍÂÒ¡ã̋à¢Òä̇ã¨ ˢÒá¹ÐŉÒã̋àÍÒÊÊÒÃƺńÒ (void essence) ã̋à¢Ò",
"winter_Sun": "Ë¹ÒÇÂÐàȒÍ¡ä»àÅÂħ¹׉$0#$e#Ī¡ħ¹ã˵Ŵ¹˵Í§ӭ¹¡˗ÒˢÒ§º¹áˉ$2",
"winter_Sun6": "àµƳÂÁ¢Í§ã̋¾̃ÍÁȑÍ˕Ðħ¹׉ @ â´Âà©¾ÒÐ˶Òà˨Ò¨Ðä»˅Íښ$0#$e#...áʴÍ˒Ò¾¡àÂÍÐ ¨¹Â¡´Òºäˑע¹˕Ð$2",

"marlon_event1": "˶ÒÍ˒Ò§Թ¹...!",
"marlon_event2": "ȝÁÁ...",
"marlon_event3": "˞Òæ! µÍºä˴Ƥщ",
"marlon_event4": "ãʺá̅Ç˕Ð Т§Å§ǥ¡ ÁÍ¹ÊàµÍΓчà˨Òà¨Íʁ¨ÐÁÒ¡ע¹ àʛ¹ÁÍ¹ÊàµÍΓч...#$b#ч¤٥Á¤υ§ÁÒ¹Ò¹ËÅÒÂƫ ŇÒã̋¾Ç¡ġ¹áʂ§á¡˓§àʛ¹žàÈÉ",
"marlon_event5": "țÁÁÁ...",
}
