{
	"Name": "Gravity Elixir",
	"Description": "(¹éÓÂÒ´Ù´¨Ñ¡ÃÇÒÅ) à¾ÔèÁÃÑÈÁÕ¡ÒÃ´Ù´ÇÑµ¶Øà¢éÒËÒµÑÇ ¼Å¢Í§ºÑ¾¨ÐÍÂÙè¨¹¡ÇèÒ ¨Ð¶Ö§àªéÒÇÑ¹¶Ñ´ä» ãªéÃèÇÁ¡Ñº¹éÓÂÒà¾ÔèÁ¤èÒ¾ÅÑ§â¨ÁµÕ áÅÐ¾ÅÑ§»éÍ§¡Ñ¹ä´é",
	"Category": "ArtisanGoods",
	"Edibility": 1,
	"EdibleIsDrink": true,
	"CanSell": false,
	"CategoryTextOverride": "Potion",
	"CategoryColorOverride": "125, 30, 150, 255",
	"EdibleBuffs": 
	{
        "Farming": 0,
        "Fishing": 0,
        "Mining": 0,
        "Luck": 0,
        "Foraging": 0,
        "MaxStamina": 0,
        "MagnetRadius": 800,
        "Speed": 0,
        "Defense": 0,
        "Attack": 0,
        "Duration": 1600,
    },
	"Price": 1500,
	"IsColored": false,
	"GiftTastes":
	{
		"Love": ["MarlonFay", "Abigail", "Wizard"],
		"Like": ["Morgan"],
		"Dislike": ["Apples", "Leo", "GuntherSilvian", "Sophia", "Claire", "Olivia", "Martin", "Andy", "Victor", "Susan", "MorrisTod", "Alex", "Elliott", "Harvey", "Sam", "Sebastian", "Shane", "Emily", "Haley", "Leah", "Maru", "Penny", "Caroline", "Clint", "Demetrius", "Dwarf", "Evelyn", "George", "Gus", "Jas", "Jodi", "Kent", "Krobus", "Lewis", "Linus", "Marnie", "Pam", "Pierre", "Robin", "Sandy", "Vincent", "Willy"]
	},
}
