{
//SPECIAL DIALOGUE
"Introduction": "ÍÒ щġ¹ @ ªÒÇä˓щ¹Ò Ƃ¹Ƥ˵Í¹ģºԚɋºà¢Ò¹Ð¤ģº ¼ÁҚÍÁÍΓƃÊ ڌĈ´¡ÒÃ¢Í§̃Ò¹â¨˨Ò ÊÒ¢ÒàȑÍ§à¾ƅá¡¹$0#$b#˶ÒȤ³˵Í§¡ÒÃàÁʥ´Ğ¹ۨ ÃÒ¤Òɦ¡áÅÐȤ³ÀÒ¾Ƥ äˑƱчäË¹Ƥä»¡˗Ò ̃Ò¹â¨˨Òá̅Ç˕Ð¤ģº!$1#$e#¼Á¨ÐäˑàƺÂàÇÅÒ ɮ´ǖ§̃Ò¹¢Í§ƫáÍΓ¹Ð¤ģº àÁʥ´Ğ¹ۨ¢Í§̃Ò¹â¨˨Ò Ƥ¡˗ÒàÂÍÐ¤ģº$3",
"Resort_Entering": "ÍÒ ãʺá̅Ç ¾Ç¡àÃÒÁÒǖ§á̅ÇƊ¹Ð!$1",
"Resort_Leaving": "¼Á˵Í§ºÍ¡àÅÂ˗Ò ƳÊÍΓ·щĢ§ƱȨ´ч ˵Í§áˡä¢Ğ²¹Ò ƽ¡ËÅÒÂȨ´àÅÂ$0",
"Resort_Shore": "¡ÒÃĞ²¹Òâ¤Ã§¡ÒÃÍĪ§ËÒÏ ƱĨ¡ÂÀÒ¾ÁÒ¡àÅÂº¹à¡ÒÐ׉ ...$4#$e#à˝Í... á˅ɰà¢Òä¿ι¹ ˉÒ¨Ðàʛ¹ě­ËÒáËÐ...$2",
"Resort_Chair": "¼ÁŇÒ§Ò¹ÂÒÇ¹Ò¹ ÁÒËÅÒÂĪ»´ÒΛá̅Ç ¼ÁÊÁ¤ÇÃч¨Ðä˴Ğ¡Ī¡ħ¹¹Ð!$1",
"Resort_Bar": "ºÒΓà·¹à´ÍΓ! ¼Á¢ÍàË̅Ò¼ÊÁÍ˒Ò§Ƥ˴ÇÂ!$1",
"Resort": "ËÒ´˛Ò§ä¡Åàʥ¡æ щ ƱâÍ¡ÒÊ·Ò§ȸÃš¨ ч§ÒÁÁÒ¡àÅÂ˕Ð!$5",

//SPECIFIC TILE DIALOGUE
"Town_43_59": "ɔ»Í§Å´ÃÒ¤Ò 50 à»ÍΓà«¹΅ ! ÁÒģºä»µÍ¹чĢ§ƱÍԒ!$1",
"Town_44_59": "Êġ¤ÃÊÁÒŪ¡â¨˨Òħ¹׉ áÅÐģº˚Ç¹Å´ĸÒ¹Ç¹ÁÒ¡ ã¹¡ÒÃ؛Í¤Ճ§Ë˹Ò!$1",
"Town_42_59": "ıÒĥ§ā¡ȵ¹àÁʥ´Ğ¹ۨ ŚÒËģºÄɤĖ´ä»ԧ¹ËÃÍ? ÁÒËÒ؛ÍàÁʥ´Ğ¹ۨч ɦ¡чɊ´ã¹àȑÍ§ä˴ч ̃Ò¹â¨˨Ò!$1",
"Town_43_60": "чâ¨˨Ò ¾Ç¡àÃÒàʫ¹Ȥ³àʛ¹ ˚Ç¹Ëѹ§¢Í§¤ÃÍº¤ģÇàÃÒ$1",

//SPRING AND GENERAL DIALOGUE

"spring_1": "ƫ׉¨Ðàʛ¹ƫчƤчɊ´ ŚÒËģººƃĩ·â¨˨Ò$1#$b#ıÒäÃ¢Í§àÃÒàОÁע¹àҳÍÂæ àÅÂ ¼ÁԵ§µÒÃÍ˚Ç¹áˊ§ıÒäÃ ¨Ò¡٫¹¢Í§ºƃĩ·àÅÂ˕Ð$4",
"spring_12": "¹ÒÂ¡à·ÈÁ¹µƳàÅƇÊġ¡¨Ð àÍÒàǺÍ¡ÁÒԡ¹ºƃàÇ³ خ¹ч¢Í§â¨˨Òã¹ʺÇ§ч Ĉ´§Ò¹à·È¡ÒÅµÅÍ´àÅÂ$3#$e#äˑ ¼Á¨ÐäˑàˢÒ˓ÇÁš¨¡ÃÃÁ˕Òäʲ$3",
"spring_23": "äˑ ¼ÁäˑàˢÒ˓ÇÁ à·È¡ÒÅà˵¹œÒι¹ËÃÍ¡$3#$e#...$2",
"spring_28": "ıÒĥ§¨Ðǖ§àÇÅÒч˵Í§ à»ѕÂ¹Ɗ¹ˤÒчàʁºä̇ã¹̃Ò¹á̅Ç ¼ÁıÒĥ§ÃÍÄɤ̃Í¹ÍԒ˕Ð¹Ð$0",

"Mon": "áÅÐƽ¡Ī»´ÒΛч¨Ð ŇÒ¼Å§Ò¹ä˴ÁÒ¡ÁÒÂ ʁàУÁ˵¹á̅Ç ¼ÁËħ§˗ÒĪ»´ÒΛ׉àª¹¨Ð ŇÒ§Ò¹ä˴Ƥ¡˗ÒчˌÒ¹ÁÒ$0#$e#¼ÁÊÒºÒ¹ä˴ àʔ¡¤¹Թ¹ֲàƑÂ¨ע¹ȷ¡ħ¹ ºÒ§Ƨ¼ÁÍÒ¨¨Ðī¡ àŧ¹àȄÍ¹à¢Ò$3",
"Mon2": "Ȥ³ä˴؛ÍàÁʥ´Ğ¹ۨ ŚÒËģºÄɤ׉¢Í§àÃÒǣĢ§ @?$1#$b#¾Ç¡ġ¹àʛ¹Ɗ¹ˤÒȤ³ÀÒ¾ɺ§ ˶ÒȤ³äˑàҚÍ¼ÁʁÅÍ§ ¶ÒÁáÍ¹ׄɤƊ!$4",
"Mon6": "Ȥ³ŇÒ§Ò¹ä˴Ƥá̅Ç ŇÒ˅Íä»¹Ð @$1", 
"Tue": "˶ÒȤ³˵Í§¡ÒÃ àÁʥ´Ğ¹ۨÃÒ¤Òɦ¡ ġ¹äˑƱчäË¹Ƥä»¡˗Ò ̃Ò¹â¨˨Ò$5",
"Tue2": "ħ¹׉¼ÁƱĚ­ƚ¡Í§Ģ¡Ι ч˵Í§µÃÇ¨$0#$b#ã¤ÃËÅÒÂ¤¹Ť´˗Ò §Ò¹àÍ¡ÊÒÃˉÒàҪÍ ¼Á¨ÐäˑàƳÂ¡ġ¹˗Ò ˉÒҥ¹à˵¹ËÃÍ¡¹Ð á˅¼ÁªÍº¡ÒÃä˴àʫ¹ ĕÇàÅ¢ġ¹ÊÁȴÅā¹ ã¹µÍ¹чàÃÒàŻ´̃Ò¹ Í˒Ò§Ʊ»ÃÐƊ·ŸÀÒ¾¨ƃ§æ$4",
"Tue8": "Ȥ³àʛ¹ªÒÇä˓ĕÇÍ˒Ò§ чªÒÇä˓¤¹ҽ¹ã¹ɋºà¢Ò ¤ÇÃ¨ÐŇÒµÒÁ$1#$e#ģ¡ÉÒÁÒµÃ°Ò¹ä̇˕Ð á̅ÇʁÍ˒ÒȕÁÁÒĈºʸÒÂч â¨˨Ò!$1",
"Wed": "ħ¹׉̃Ò¹¢Í§ƫáÍΓŻ´ ÁÒ؛Í¢Í§чâ¨˨ÒƊ!$5#$e#Ɗ¹ˤÒ¢Í§àÃÒàËȉÍ¡˗Ò Ɗ¹ˤÒ¢Í§ƫáÍΓȷ¡Í˒Ò§àÅÂ$3",
"Wed2": "ƫáÍΓËɂ´ȷ¡ħ¹Ⱦ¸ ˉÒÊ§ÊÒÃà¢Ò¨ƃ§æ ¼ÁŇÒ§Ò¹ȷ¡ħ¹ ȷ¡Ī»´ÒΛ!$5#$e#µÍ¹׉àʛ¹âÍ¡ÒÊàËÁÒÐ ч¨ÐàȕÍ¡؛Í àÁʥ´Ğ¹ۨ¢Í§àÃÒ!$1",
"Wed8": "ÍÒ @ Ʊ¤ÇÒÁɊ¢Ĉ§чä˴à¨ÍȤ³ Ȥ³˵Í§¡ÒÃ¢Í§ã˪ ã¹¿ÒΓÁǣà»˕Ò?$4#$e#ħ¹׉ŻáÍΓŻ´̃Ò¹ â¨˨ÒÊÒÁÒÃ¶Ĉ´ËÒàÁʥ´Ğ¹ۨ ËȓÍ¢Í§ã˪ã¹¿ÒΓÁã´æ ʁµÒÁчȤ³˵Í§¡ÒÃ ã̋āºȤ³ä˴!$1",
"Thu": "¼ÁıÒĥ§˝Ò¹·ÄÉƞ˅Ò§æ чàбÂÇāº¡ÒÃºƃËÒÃĈ´¡ÒÃ àҮÍàОÁ»ÃÐƊ·ŸÀÒ¾ã̋āº ̋Ò§ÊÃÃ¾Ɗ¹ˤÒ$4#$e#â¨˨ÒʴÍ¹ˢÒ§¨ÐŇÒä˴Ƥ ã¹¡ÒÃĈ´ÇÒ§Ъ§˅Ò§æ ã̋Ʊ¤ÇÒÁÊÍ´¤̅Í§āºÊ¶Ò¹ч á˅¼ÁÍÂÒ¡ړĈ§˗Ò ¼ÁƱ̋Í§ҽ¹чã˪ŚÒËģº ÇÒ§á¼¹áÅÐÅÍ§ŇÒЪ§ãËˑæ äËÁ...$5",
"Thu2": "*ËÒÇ* ¡ÒÃ¹Í¹Ëĥº 5 ΪÇâÁ§ äˑàƮÂ§¾Í˅Í¡ÒÃŇÒ§Ò¹ Է§ħ¹ˉÐ¹Ð$2#$e#àÍÒ˕Ð ¡ĥºä»ŇÒ§Ò¹˅Í!$1",
"Thu8": "ÊħÊƤ @ ¢ÍºȤ³чÁÒȤÂāº¼Á¹Ð! ħ¹׉Ȥ³àʛ¹Ģ§ä§˺Ò§?$0#$e#¤¹ҽ¹æ á¶Ç׉ äˑä˴ÁÒȤÂāº¼ÁˊÍÂæ àËȑÍ¹Ȥ³ËÃÍ¡¹Ð$1",
"Fri": "ÊħÊƤ ¾Ç¡àÃÒŇÒ§Ò¹ā¹Ëę¡ÁÒ¡ ãʺäËÁ?$0#$e#áˉ¹Í¹ÍԒá̅Ç  ĉ¹ʁŇÒ§Ò¹Ëę¡àËȑÍ¹ā¹$1",
"Fri2": "ÍÒŷµΒ׉¼ÁŇÒ§Ò¹ä»ä˴ àÂÍÐàÅÂ ¼ÁˉÒ¨Ðä»ҤÁäÇΉºɵɱ¹äÇΉ ч«Òɵ¹ċ¡áˡÇ$1",
"Fri6": "*¶Í¹ËÒÂã¨* Ǵ¹׉˵Í§ҤÁċ¡áˡÇá̅Ç˕Ð ÍÒŷµΒ׉ŇÒ§Ò¹˕Ç§àÇÅÒ ä»àÂÍÐàÅÂ$2#$e#ºÒ§¤Ճ§¼ÁʁړǪ¡àËȑÍ¹ ¼Áäˑàʛ¹ч˵Í¹ģº¢Í§ ÊµÒΓ´ÃÍ»«Òɵ¹ àұÍ¼Áä»чι¹ ¼Á¨Ðɦ¡ÁÍ§˴ÇÂÊÒÂµÒ чäˑʴÍÂƤę¡ÍԒàÊÁÍ$2#$e#âª¤Ƥч ¼ÁƱчàʁºäÇΉžàÈÉ ÍԒã˵ḁ̂Ð¢Í§¼Á$1",
"Fri10": "ÍÒ! @! àʛ¹Ī»´ÒΛчƤ§ÒÁ$1",
"Sat": "â¨˨Òàʛ¹ĕÇàȕÍ¡чàËȉÍ¡˗Ò ̃Ò¹¢Í§ƫáÍΓ!$5",
"Sat2": "¼ÁĢ§ĸÒµÍ¹ч ¼ÁƱħ¹àÊÒΓàʛ¹ħ¹Ëɂ´ä˴ µÍ¹Թ¹¼ÁĢ§àʛ¹áʴ ¾ę¡§Ò¹ÃÐĔº˕Ò§¢Í§â¨˨Ò$4#$e#ËÅÒÂЪ§ËÅÒÂÍ˒Ò§ ä˴à»ѕÂ¹ä»¨Ò¡µÍ¹Թ¹á̅Ç$1",
"Sat8": "@ ¼Á׫§ã¨ÁÒ¡¹Ð чȤ³ã˪àÇÅÒ¢Í§Ȥ³ ÁÒȤÂāº¼ÁàщÂ ġ¹áµ¡˅Ò§¨Ò¡ ƚƇµáººàŴÁ¢Í§¼Á ÁÒ¡àÅÂ˕Ð$1#$e#¾ÂÒÂÒÁŇÒ§Ò¹˅Íä»àҳÍÂæ àҮÍȪÁª¹¢Í§àÃÒ!$4",
"Sun": "à˝Í... ÊħÊƤ$4#$e#Ȥ³˵Í§¡ÒÃÍÐäÃËȓÍà»˕Ò?$3#$e#ÍÒ àÁʥ´Ğ¹ۨƊ¹Ð!? â¨˨ÒƱȷ¡Ъ§чȤ³˵Í§¡ÒÃ! ¾Ç¡àÃÒƱЪ§чƤчɊ´ã¹àұÍ§!$5",
"Sun2": "¼Áá¹ÐŉÒã̋Ȥ³؛Í٫¹â¨˨Ò ¾Ç¡ġ¹ע¹àҳÍÂæ àÅÂ!$4#$e#â̍ Ȥ³äˑÅ§ȷ¹ËÃÍ? á˒Ĉ§$0",
"Sun8": "Äɤ׉¿ÒΓÁ¢Í§Ȥ³ŇÒıÒäÃǣĢ§ @?$0#$b#¼Áäˑä˴Ե§ã¨¨Ð ÊÍ´ړÊÍ´àʫ¹ËÃÍ¡¹Ð ¼ÁáʴÊ§ĪÂ˗ÒÇ§¨ÃÃÒÂä˴ ¢Í§Ȥ³ġ¹àʛ¹Ģ§ä§ˉÐ$4",

//SUMMER DIALOGUE
"summer_1": "ÍÒ Äɤ̃Í¹ÁÒǖ§á̅Ç Äɤâ»Ã´¢Í§¼Á$1#$b#ŇÒäÁˉÐËÃÍ? à¾ÃÐÒڌ¤¹ªÍºªÍ»֛§ā¹ ã¹Äɤ̃Í¹Ģ§ä§˕Ð ¾ÃÐÍÒŷµΒŇÒã̋ ¾Ç¡à¢ÒÍÒÃÁ΃Ƥ áÅÐ¾Ç¡àÃÒʁŇÒã̋ ̃Ò¹ÊÇÂ§ÒÁáÅÐàʢ¹ ¾Ç¡à¢ÒʁàÅÂªÍºÁÒ ËÅº̃Í¹Ģ§ä§˕Ð$4",
"summer_10": "˵Í§¡ÒÃËÒÍÐäÃċ¡Í˒Ò§ àҮÍàŵÁÅ§ä»ã¹ ȫ»¢Í§§Ò¹à·È¡ÒÅ ԧ¹ËÃÍ @?$0#$b#̃Ò¹â¨˨ÒƱĕÇàȕÍ¡àҮÍ رÍÍ˓ÍÂ¢Í§Ȥ³àÂÍÐàÅÂ˕Ð$4",
"summer_28": "...¼ÁäˑªÍºɤáÁ§¡Ð¾Ƀ¹$2#$e#¼Áäˑړ˗ÒŇÒäÁ ¾Ç¡ġ¹ŇÒã̋¼ÁړǪ¡á»Å¡æ ˉÐ$3",

"summer_Mon": "à¾ƅá¡¹ àʛ¹àȑÍ§чĢ§äˑĞ²¹Ò ¼ÁËħ§˗Òġ¹¨Ðà»ѕÂ¹ä» ã¹Ī¡ħ¹Ëѹ§$0#$e#%ɤàËȑÍ¹ÁÍΓƃÊ¨ÐƱ á¼¹ÍԒã¹ã¨", 
"summer_Mon6": "...ġ¹ƱÍÐäÃºÒ§Í˒Ò§ àбÂÇāºчщ Í˒ÒàˢÒã¨żÁż´ ¼ÁɍŷÈƚƇµã̋āº ¡ÒÃŇÒã̋â¨˨ÒТ§ãËʽчщ á˅...$0#$e#Ȥ³ʁà̋¹ġ¹ ãʺäËÁ? à¾ƅá¡¹àʛ¹àȑÍ§чžàÈÉ ¼ÁàУÁ¨ÐàˢÒã¨ע¹ÁÒá̅Ç",
"summer_Tue":  "ÊħÊƤ @ ħ¹׉àʛ¹ħ¹чàËÁÒÐÊÁ ŚÒËģº¡ÒÃËÒàŧ¹$1",
"summer_Tue2": "*ËÒÇ* àұÍǴ¹¼Áäˑä˴¹Í¹ Ʊ§Ò¹ч˵Í§ŇÒàÂÍÐàš¹ä»$0#$e#%ÁÍΓƃÊËÒÇƽ¡¤Ճ§",
"summer_Tue6":  "àұÍ¼ÁÍԒԷ§Ǵ¹ƽ¡á̅Ç àҮÍŇÒã̋ρ¹ã¨˗Ò ȷ¡Í˒Ò§ã¹̃Ò¹ ÊÁɪÃ΃áººˉÐ ħ¹׉... ¼Á... àËҩÍÂÁÒ¡àÅÂ...$2#$e#%ÁÍΓƃÊËĥºµÒÅ§",
"summer_Wed": "ġ¹ƱËÅÒÂµÅÒ´ã¹ ÊµÒΓŴÇáÇÅѕчâ¨˨Ò ÊÒÁÒÃ¶àˢÒä»˓ÇÁ˴ÇÂä˴ ˶Ò¾Ç¡àÃÒ˵Í§¡ÒÃ¨Ð¢ÂÒÂ خ¹ч¡ÒÃˤÒ$4#$e#ºÒ§ƧàÃÒÍÒ¨¨Ð¢ÒÂ»ÅÒ ËȓÍà¿ÍΓŹà¨ÍΓ?$1",
"summer_Wed6":  "¼ÁÊȹ¡ä»āº ¡ÒÃÇÒ§á¼¹¡ÒÃĞ²¹Ò ¡ÒÃà¨ÍƇƨч¨Ðã˪àŧ¹ȷ¹ ã̋ä˴¼Åĥ¾ΈчƤчɊ´ ʁǴÍÃÒ§ħÅ$0#$e#Ȥ³ʁŇÒáºº׉āº¿ÒΓÁ %farm àËȑÍ¹ā¹ãʺäËÁ? ¡ÒÃàУÁ˵¹¢Í§Äɤ¡ÒÅãËˑ àʛ¹§Ò¹Ëę¡¾ÍɤàÅÂ$1",
"summer_Thu": "¼ÁÊ§ĪÂĈ§˗Ò ƫ׉â¨˨Ò¨ÐƱɵ¡ˤÒ àОÁע¹ÁÒб¤¹$4#$e#¤ÃÍº¤ģÇ¢Í§àÃÒ âµע¹ȷ¡Äɤ¡ÒÅàÅÂ$1",
"summer_Thu8": "@ ...¼ÁıÒĥ§Ť´ àÃÒàƳÂ¡â¨˨Ò˗Ò¤ÃÍº¤ģÇ á˅¼Áäˑáˉã¨ƽ¡˅Íä»á̅Ç˗Ò ι¹ġ¹àʛ¹àҳÍ§¨ƃ§$2#$e#%ÁÍΓƃÊɤäˑÊºÒÂã¨",
"summer_Fri": "àÁʥ´àÁ˕Í¹¢Í§â¨˨Ò ¨ÐàОÁ¼ÅıÒäÃã̋Ȥ³ä˴áˉæ @ ¼Áá¹ÐŉÒã̋Ȥ³ ؛Í¾Ç¡ġ¹¹Ð!$1",
"summer_Sat": "àұÍÇÒ¹׉ ¼Á؛ÍäÍÈ¡ƳÁÁÒ¨Ò¡ à˨ÒËɩÍàʥ¡ͻ ġ¹Í˓ÍÂƤ¹Ð$1#$b#ºÒ§Ƨâ¨˨Ò¤ÇÃ¨Ð àУÁ¢ÒÂäÍÈ¤ƳÁ äˑáˉ˗ÒÍÒ¨¨ÐƱµÅÒ´ ŚÒËģºġ¹ˡä˴?$5",
"summer_Sat6": "̃Ò¹äÍÈ¤ƳÁ¢Í§Íàʥ¡ͻ àђÂÁÂÍ´ÁÒ¡!$1#$e#¼ÁªÍºч¨ÐɤªÁȪ¹ ˡÒÇË˹Ò˴ÇÂȸÃš¨àʥ¡æ ¢Í§¾Ç¡à¢Ò$1",
"summer_Sun": "ÁÒ؛Í¢Í§чâ¨˨ÒáÅÐ à¾ƅ´à¾ƅ¹āº à¤ҳÍ§»ģºÍÒ¡ÒÈ ¢Í§àÃÒƊ!$1",
"summer_Sat6": "˵Í§¡ÒÃã̋ ĕÇàʢ¹Å§ËˉÍÂËÃÍ? ̃Ò¹â¨˨ÒƱÃÐººà¤ҳÍ§»ģºÍÒ¡ÒÈчƤчɊ´ã¹ɋºà¢Ò! àˢÒÁÒËÅº̃Í¹Ɗ$4",

//FALL DIALOGUE

"fall_1": "Äɤãºä́̃èÇ§ÁÒǖ§á̅Ç áÅÐġ¹ǴÍàÇÅÒÅ´̅Ò§ÊʕÍ¤ ¢Í§Ɗ¹ˤÒÄɤ̃Í¹$0#$e#ч̃Ò¹â¨˨Ò? áˉ˕Ð˗Òäˑ á˅¼ÁªÍºч¨ÐÍÍ¡ä» ˅ÍÃÒ¤ÒƊ¹ˤÒ̃Ò¹ҽ¹ˉÐ$4",
"fall_15": "¾ӣ§׉Ȥ³¨ÐàˢÒ˓ÇÁà·È¡ÒÅ ǣà»˕Ò˕Ð @?$0#$e#...äˑáˉ ¼ÁÍÒ¨¨Ðä» ¼ÁÍÂÒ¡¨Ðàʫ¹˗Ò Ȥ³»ɵ¡ÍÐäÃ ã¹¿ÒΓÁ¢Í§Ȥ³˺Ò§ áÅÐġ¹¨ÐƱ»ÃÐâÂ¢Ήáˉ ˶Ò¼Áړ˗Ò ¹ÒÂ¡ªÍº¢Í§áººäË¹$0",
"fall_23": "ġ¹Ģ§äˑÊÒÂàš¹¡˗Ò¨Ð ؛ÍàÁʥ´Ğ¹ۨ¡ÇÒ§ٕ§¹Ð$0#$b#Ȥ³¨ÐƱàÇÅÒÁÒ¡¾Í ч¨ÐàʁºàбÂÇ¼Å¼ƅµ ʱÍ¹чÄɤË¹ÒÇ¨ÐÁÒǖ§!$1",
"fall_27": "µÍ¹ч¼ÁĢ§àʔ¡ à·È¡ÒÅɰµàʛ¹ħ¹Ëɂ´ ч¼ÁªÍº$0#$b#¼Áá˅§ĕÇàËȑÍ¹àŴÁ µÅÍ´àÅÂ á˅§àʛ¹ę¡Ě­ƚ$1",
"fall_28": "ƽ¡Ëѹ§ƫıÒĥ§¨Ð¨ºä»$1#$e#¼Á˵Í§Ĉ´ÃÐàƪÂº ¡ÒÃàŧ¹¢Í§¼Á àҮÍàµƳÂÁĕÇʸÒÂÀÒƹã¹àʣÇæ ׉áËÅÐ ¼ÁËħ§˗Òġ¹¨ÐäˑƱÍÐäÃ ч˵Í§ã˪àÇÅÒã¹¡ÒÃĈ´¡ÒÃ ÁÒ¡àš¹ä»¹Ð$0",


"fall_Mon": "ä˴ÅÍ§ àÁʥ´Ğ¹ۨÄɤãºä́˓Ç§ ċ¡ªŹ´¢Í§àÃÒǣĢ§ @?$0#$e#ģº»ÃÐā¹˗Òġ¹¨Ð ŇÒã̋ä˴Ȏª¼ÅчƤע¹!$1#$e#Ǵ¹àŧ¹? äˑ ġ¹äˑãʺ¡ÒÃģº»ÃÐā¹áººԹ¹ ʁáʴƇƨ¢ÒÂ¢Í§¼ÁˉÐ$0",
"fall_Mon4": "ÍÒ @ ¤¹ч¼ÁÍÂÒ¡¨Ðà¨Í$1#$b#¼ÁÍÂÒ¡¨Ðá¹ÐŉÒ ã̋Ȥ³؛ÍàÁʥ´ġ¹à·È Ȫ´ãËˑ¢Í§àÃÒ$4#$e#áÍ¹ׄÃÒÂ§Ò¹˗Ò à¢ÒàʁºàбÂÇä˴ġ¹à·È ÃÐĔº´ÒÇàŧ¹! ؛Í«ÐʱÍ¹ч¨ÐËÁ´¹Ð!$1",
"fall_Mon8": "áÍ¹ׄàʛ¹Ëѹ§ã¹ɵ¡ˤÒ чÂÍ´àђÂÁчɊ´¢Í§àÃÒ ¼ÁړǪ¡àËȑÍ¹à¢Òàʛ¹ ˚Ç¹Ëѹ§¢Í§¤ÃÍº¤ģÇ ¨ƃ§æ ¹Ð$1#$e#...áÅÐ¼Áʁàʫ¹˗Òġ¹ÂÒ¡ чà¢Ò¨ÐàˢÒā¹ä˴āºчщ ¼ÁʁàËȑÍ¹ā¹$2", 
"fall_Tue": "ħ¹׉àʛ¹ħ¹ч¼ÁӢ§¨¹ īÇË¡ˡ¹¢Ƈ´àÅÂ āº¡ÒÃч˵Í§µÒÁáˡ ¤ÇÒÁӢ§ÂÒ¡ч¾ę¡§Ò¹ ¢Í§¼ÁʱÍàÍÒä̇$3#$e#¼ÁÍÂÒ¡¨Ðš¹ ȫ»ʥÍºÊàµÍΓ µÍ¹׉Ĉ§$2#$b#ºÒ§ƧÍÒŷµΒ׉ ¼ÁÍÒ¨¨Ðä»ĠµµÒ¤ÒÃ 5 ´ÒÇ̃Ò¹â»Ã´ ã¹àȑÍ§¢Í§¼Á$1",
"fall_Wed": "Ũµã¨¢Í§¼ÁàʕÁä»˴ÇÂ ¤ÇÒÁŤ´ч¨Ð»ģº»Ƀ§̃Ò¹!$1",
"fall_Wed8": "¼Áã˪àŧ¹ĸÒ¹Ç¹ÁÒ¡ ¨Ò¡àŧ¹àȄÍ¹¢Í§¼Á àҮÍ»ģº»Ƀ§̃Ò¹â¨˨Ò$0#$b#àҮÍ¹˓ÇÁ§Ò¹äˑƱ·Ò§ ʺÇÂÍÍ¡àŧ¹»ģº»Ƀ§̃Ò¹ á́á˅á´§àƤÂÇËÃÍ¡$3", 
"fall_Thu": "˶ÒȤ³à¤ÂŤ´¨ÐËÒ§Ò¹ ¾ÒΓ·-ä·Α ˕Ðʁ¹Ð @ ¾Ç¡àÃÒģºÊġ¤Ã µÅÍ´àÇÅÒàÅÂ˕Ð!$0#$e#...ãʺ ¼Áړ˗ÒȤ³à¤Âä»¨Ò¡ â¨˨Òá̅Ç¤Ճ§Ëѹ§ á˅ι¹äˑä˴ËÁÒÂ¤ÇÒÁ˗Ò Ȥ³¨Ð¨Ò¡ä»µÅÍ´¡ÒÅщ$3",
"fall_Thu8": "¡ÒÃ¨ÐËÒ¤ÇÒÁʺÇÂàËȕÍƤæ ¨Ò¡á¶Çæ ׉ġ¹ÂÒ¡ÁÒ¡àÅÂ àȑÍ§׉àʥ¡àš¹ä»ˉÐ...$2#$e#¼Áړ˗ÒȤ³¨ÐäˑƱħ¹ ¡ĥºÁÒŇÒ§Ò¹āºàÃÒƽ¡ á˅ġ¹àʛ¹¡ÒÃɺ­àƺÂ ¤Ճ§ãËʽ¢Í§â¨˨Ò чɺ­àƺÂ¾ę¡§Ò¹ч ŇÒ§Ò¹Ëę¡Í˒Ò§Ȥ³ä»$2",
"fall_Fri": "¾ę¡§Ò¹ºÒ§¤¹¢Í§¼Á àУÁ¨Ð¶ÒÁ˗Ò à¢Ò¨Ð¢Íàƅ¡§Ò¹äÇ ã¹ħ¹Ɉ¡Γä˴äËÁ$0#$e#áË§ÍԒá̅Ç ¼ÁµÍº˗Òäˑ$2",
"fall_Fri6": "¾ę¡§Ò¹¢Í§¼Á˵Í§¡ÒÃ àƅ¡§Ò¹äÇã¹ħ¹Ɉ¡Γ ƽ¡á̅Ç$0#$e#¼Áäˑړ¨ÐÍŸºÒÂ ã̋¾Ç¡à¢Òğ§Ģ§ä§˗Ò Т§¾Ç¡à¢Ò àƅ¡§Ò¹ʱÍ¹àÇÅÒäÇáʴäË¹ ¼Á˵Í§ÍԒǔ¡ע¹àˇÒԹ¹...$2#$e#%ÁÍΓƃÊ¶Í¹ËÒÂã¨",
"fall_Sat": "¾Ç¡àÃÒ˵Í§àŵÁƊ¹ˤÒ Í˒Ò§ËƵ¡àѕÂ§äˑä˴ ɤàËȑÍ¹˗Ò¼Á˵Í§ÍԒǔ¡ ã¹ħ¹àÊÒΓƽ¡á̅Ç...$0",
"fall_Sat6": "ºÒ§Ƨ¾Ç¡àÃÒˉÒ¨ÐàУÁ ϊ§¾Ç¡áÍÅ¡ÍÎÍÅΕ ÁÒ¢ÒÂчâ¨˨Ò...$4#$e#ġ¹ˉÒ¨ÐʷÒÂ¡˗Ò ¡ÒÃä»«Òɵ¹ äˑˉÒ˗Ò¾Ç¡àÃÒÍÒ¨¨Ð àŻ´ºÒΓàÍ§àÅÂʁä˴!$1",
"fall_Sun": "@ ÅÍ§àˢÒàÇ» Joja.net á̅ÇŇÒáºº·´ÊÍº ÍÍ¹äÅΉ¢Í§àÃÒɤƊ$1#$e#Ȥ³ƱâÍ¡ÒÊч¨Ðä˴ ¢Í§ÃÒ§ħÅɱÅʴÒ 500G!$1",
"fall_Sun8": "ʺÇ§׉Ȥ³ä˴àʫ¹àʧºä«· ¢Í§àÃÒǣà»˕Ò @? ¾Ç¡àÃÒŇÒ¡ÒÃÍÍ¡áººãËˑ ¤Ճ§ãËʽàÅÂ!$0#$e#à¾ÃÒÐ˗Ò Ȥ³àʛ¹àҮÍ¹¢Í§¼Á ¼Á¨ÐÁÍ¹ÃīÊ˚Ç¹Å´ 20 à»ÍΓà«¹΅ ¢Í§¾ę¡§Ò¹ã̋Ȥ³ áʴžÁΎĴÒ˗Ò JOJAFAMILY Å§ä»чʺÍ§ĺÒÃÐàŧ¹ч 1$1#$e#20 à»ÍΓà«¹΅äˑÁÒ¡¾Í ԧ¹ËÃÍ? ǴÍַ... ġ¹àÂÍÐ¡˗Ò˚Ç¹Å´»¡ŵ чàÃÒä˴ƽ¡¹Ð...$2", 

//WINTER DIALOGUE

"winter_1":  "ÄɤË¹ÒÇàщÂ ġ¹Ë¹ÒÇɊ´æ ä»àÅÂ˕Ð ¼ÁäˑŪ¹āºġ¹ċ¡Ƨ$0#$e#ºÒ§ƧàÃÒÍÒ¨¨ÐàÍÒ à¤ҳÍ§ŇÒ¤ÇÒÁӭ¹ ÁÒÅ´ÃÒ¤ÒžàÈÉ ġ¹¨ÐŇÒã̋Ʊ¤¹ÁÒч̃Ò¹ áÅÐ¼ÁÊÒÁÒÃ¶Ĉ´Ԫ¹ÇÒ§ ŚÒËģºâ¡âˡ̃Í¹ä˴...$4#$e#%ÁÍΓƃÊɤµ¡ÍԒã¹Àħ§ʹ",
"winter_7": "Ȥ³¨Ðä»˓ÇÁà·È¡ÒÅµ¡»ÅÒ ã¹ħ¹¾ӣ§׉ǣà»˕Ò?$0#$e#...¼Áäˑä˴ã˪àÇÅÒä»āº¡ÒÃ »ÃÒ¡®ĕÇã¹ȪÁª¹ ÁÒ¡àˇÒч¤ÇÃ äˑáˉ˗Ò¼ÁÍÒ¨¨Ðä»ɤ$0",
"winter_24": "¼ÁıÒĥ§ÇÒ§á¼¹¨Ð áÍºÇÒ§ĚµÃ¢Í§¢ħ­â¨˨Ò ä̇ã˵˵¹ä́ ¼ÁËħ§˗Ò¨ÐƱ¤¹àʫ¹ġ¹¹Ð$1",
"winter_28": "¾̃ÍÁŚÒËģºƫãËˑǣĢ§ @? ¼ÁËħ§˗Òġ¹¨Ðàʛ¹ƫч ŇÒıÒäÃã̋àÃÒԷ§Ӵ¹Ð$0",

"winter_Mon": "¼Áע¹Ã¶ĚÊ¨Ò¡˺Ò¹ ÁÒŇÒ§Ò¹ȷ¡ħ¹$0#$e#ÍÒĨÂчщËÃÍ? äˑ˕Ð ¼Áäˑà¤ÂŤ´ǖ§àҳÍ§Թ¹àÅÂ...$0",
"winter_Mon6": "ÃÐħ§թÒáʂ§º¹¶¹¹˴ÇÂ¹Ð @$2#$b#àұÍǴ¹µÍ¹¼Áä»ע¹Ã¶ ʁàǱÍº¨Ðҵ¹à¾ÃÒÐġ¹á̅Ç˕Ð$4",  
"winter_Tue": "¼ÁƂ¹Ƥч¨ÐƱàÇÅÒŤ´ǖ§ á¼¹ȸÃš¨á¼¹ãËˑ ÃÐË˗Ò§ÄɤË¹ÒÇ$0",
"winter_Tue6": "ƱâÍ¡ÒÊчȤ³¨Ðɤ á¼¹¡ÒÃµÅÒ´ч¼Á ıÒĥ§ŇÒÍԒ˺Ò§äËÁ?$0#$e#Ȥ³ɤàˢÒā¹ä˴Ƥāº ڌ¤¹ã¹àȑÍ§׉ ¼Á¨ÐƤã¨ÁÒ¡˶ÒȤ³ʺÇÂ¼ÁŤ´ ˗Ò¨ÐàˢÒǖ§¾Ç¡à¢Òä˴Ģ§ä§$4",
"winter_Wed":  "˶ÒȤ³ÍÂÒ¡ä˴Ê¶Ò¹ч чŇÒã̋Ȥ³Íºӭ¹ע¹˕Ðʁ ¼Áá¹ÐŉÒã̋Ȥ³ ÁÒ؛Í¢Í§чâ¨˨Ò!$1",
"winter_Wed4": "ÊħÊƤ @ ħ¹׉Ë¹ÒÇ¹Ð$0#$e#ŇÒã̋áˉã¨˴ÇÂ˕Ð ˗ÒȤ³ã˚àغÍ˼Ò¨¹ӭ¹ÁÒ¡¾Í!$1",
"winter_Thu": "¼ÁɍŷÈʺÇ§àÇÅÒ׉ÄɤË¹ÒÇ׉ ÇÒ§á¼¹¡Åɂ·¸ãËˑã̋ āºâ¨˨Ò! ƫчıÒĥ§¨ÐÁÒǖ§¨Ðàʛ¹ ƫчâ¨˨Òáʂ§á¡˓§чɊ´!$1",
"winter_Thu6": "¼ÁıÒĥ§¨Ðä»àÊ¹Í ¡Åɂ·ΈãËˑ¢Í§¼Á чɸ¹ΒãËʽ¢Í§â¨˨Ò ã¹Ī»´ÒΛË˹Ò...$0#$e#ÍÇÂ¾Ãã̋¼Áâª¤Ƥ˴ÇÂ¹Ð @ ¤ÇÒÁŤ´¢Í§¼Áʁäˑä˴ ä˴ģº¡ÒÃµÍºģºчƤ µÅÍ´ËÃÍ¡¹Ð$2",
"winter_Fri": "à¤Âҵ¹̅Á˅ÍË˹Òã¤Ãċ¡¤¹ ã¹ÄɤË¹ÒÇ á̅Çɦ¡īÇàÃÒÐàÂÒÐǣà»˕Ò?$0#$e#.... äˑ ¼Áʁäˑà¤Â$2",
"winter_Fri8": "Ȥ³ړǪ¡¾Íã¨āº §Ò¹¢Í§Ȥ³ã¹¿ÒΓÁǣà»˕Ò @?$0#$b#Ȥ³ŇÒ§Ò¹àƮÂ§ŕÒĞ§ á˅ȷ¡¤¹ʁã¨ƤāºȤ³ÁÒ¡$0#$e#¼ÁËħ§˗Ò¾ę¡§Ò¹¢Í§¼Á ¨ÐàˢÒã¨˗Ò¼Á˵Í§ ŇÒ§Ò¹ÁÒ¡áʴäË¹ àҮÍŇÒã̋̃Ò¹ˤÒĢ§ä»˅Íä˴...$2",
"winter_Sat": "Ɋ´Ī»´ÒΛ? ¼Áäˑړ˴ÇÂ՛Ò ˗Òġ¹ËÁÒÂ¤ÇÒÁ˗ÒÍÐäÃ!$1#$e#%ÃÍÂ֢Á¢Í§ÁÍΓƃÊ ¨Ò§ËÒÂä»Í˒Ò§ÃÇ´àʣÇ",
"winter_Sat4": "ʺÇ§׉¼ÁàËҩÍÂÁÒ¡àÅÂ ¼Á¤ÇÃ¨ÐËɂ´§Ò¹àʣÇæ ׉áËÅÐ...$0#$e#á˅µÍ¹ч¼ÁäˑÍԒ Í˒Ò§àфÂÇч¼ÁŇÒʁǴÍ àʛ¹˛Ç§̃Ò¹ ËȓÍäˑʁƱ¤ÇÒÁŤ´ãËˑæ !$0",
"winter_Sun": "ħ¹ÍÒŷµΒƽ¡ħ¹Ëѹ§ ƽ¡ħ¹ŚÒËģº¡ÒÃĈ´¡ÒÃƊ¹ˤÒ чàʁºä̇ã̋àƳÂº̃ÍÂ...$0",
"winter_Sun6": "ʺÇ§׉àŧ¹чä˴¨Ò¡ ¡ÒÃÊġ¤ÃÊÁÒŪ¡ ġ¹ËÒÂä»Ź´ËˉÍÂ...$0#$e#¼ÁäˑÍÂÒ¡¨Ðâ·Éã¤Ã ¼Áäˑä˴ä̃īÇã¨¢¹Ò´Թ¹$2",

}
