
{
//SPECIAL DIALOGUE
"Resort_Entering": "áÍ»àŻÅÁÒá̂Ç!$1",
"Resort_Leaving": "ȷ¡¤¹ ¨Ð¡ĥº˺Ò¹á̂ÇàËÂÍ? áÍ»àŻÅ¡ĥº˴ÇÂŨ!$1",
"Resort_Shore": "äˑƱã¤Ãàʫ¹áÍ»àŻÅä˴ËÃÍ¡ ! ã̋àʫ¹ä˴áʴ àҮÍ¹¢Í§áÍ»àŻÅ!$1",
"Resort": "àҮÍ¹¤¹ҽ¹ ÍԒщ˴ÇÂ!$0#$e#%áÍ»àŻÅҥ¹à˵¹",

//SPRING DIALOGUE
"Mon": "щȤ³àҮÍ¹ãËˑ ¨ÐÁÒà˕¹˴ÇÂā¹ËÃÍ?$0#$e#*֛§*#$e#%áÍ»àŻÅ ¡ÃÐâ´´ä»ÁÒ˴ÇÂ¤ÇÒÁƤã¨",
"Mon6": "áÍ»àŻÅƋÇĈ§ áÍ»àŻÅÍÂÒ¡ä˴ ÊµÒΓ¿Ƀµ! ÊµÒΓ¿Ƀµ àʛ¹¢Í§ªÍº¢Í§áÍ»àŻÅ!$0#$e#ÊµÒΓ¿Ƀµ! ÊµÒΓ¿Ƀµ!$1",
"Tue": "áÍ»àŻÅà¨ÍàÁʥ´Ğ¹ۨ˕Ð! ˝Ðщ! ã̋![114]$1#$e#àÁʥ´Ğ¹ۨ˵¹ä́ƇàÈÉ!$0",
"Wed": "áÍ»àŻÅ ÁÐʴÍÂ©ÐºÒÂÂ...$2#$e#...$2#$e#%Ȥ³ ɵ»īÇáÍ»àŻÅ#$e#*֛§ ֛§*!!!$1",
"Wed6": "¤ÅÍÊ āº áÍ§à¨ƅˡÒ ÁÒė¡·ÒÂ˕Ð!$0#$e#àȎÍ¹ɰµчáˊ§ÊµÒΓ¿Ƀµ āºáÍ»àŻÅˉÐ!$1",
"Thu": "áÍ»àŻÅà¨ÍƋ¹à͈§æ ˴ÇÂ˕Ð! ˝Ð ã̋![390]$1#$e#%áÍ»àŻÅ ɤƱ¤ÇÒÁɊ¢ÁÒ¡чÁÍºƋ¹ã̋Ȥ³",
"Thu4": "à¨ÍËƱºÒ§ǣà»˕Ò?$0#$b#ËƱÍÒĨÂÍԒã¡̅æ āºáÍ»àŻÅ˕Ð!$1#$e#ËƱƱ¢Í§Ƥæ ÁÒ¢ÒÂàƮÂºàÅÂ!$0",
"Thu10": "áÍ»àŻÅà¨Í àÁʥ´Ğ¹ۨËÒÂÒ¡˴ÇÂ˕Ð! àÍÒä» àÍÒä»![347]$1#$e#ġ¹˵Í§âµÁÒàʛ¹ ¼Åä́ÍÒË˒ÍÂæ áˉæ!$0",
"Fri": "Ȥ³àҮÍ¹ãËˑړĈ¡¤¹ч ÍԒã¹ä˓ÍӇ¹Ձ§́Ò?$2#$e#%Ȥ³ ºÍ¡áÍ»àŻÅ˗ÒäˑړĈ¡ã¤Ã#$e#...$2",
"Fri6": "ºÒ§ħ¹Ʊ¤¹ĕÇãËʽ ã˚ËÁÇ¡ƺ˿Ò ÁÒËÒáÍ»àŻÅ˴ÇÂʷÐ$0#$e#áÍºàŻÅäˑÍÂÒ¡à¨Í ¤¹ĕÇãËʽ$2",
"Sat": "à¤ÂƱ¡ÒÃ˅Íښā¹ã¹ˋÒàұÍ ¹Ò¹ÁÒá̅Ç$2#$e#Ȥ³à¨Íä́àʱÒáËÅÁæ ˺Ò§ՁÂ?$0",
"Sat6": "´Í¡ä́àʛ¹àҮÍ¹¢Í§áÍ»àŻÅ![427]$0#$e#áÍ»àŻÅà¨Í´Í¡ä́àʕÁä»ËÁ´ àÅÂ$1",
"Sun": "áÍ»àŻÅıÒĥ§Ӣ§āº¡ÒÃËÒ àÁʥ´Ğ¹ۨ¹Ð!$0#$e#á˅ʁ¨Ðáˊ§ã̋àҮÍ¹¢Í§ áÍ»àŻÅ˴ÇÂ$1#$e#˝Ðщ àÁʥ´... áÅÐʁË˭Ò! āºË˭Ò![771]$1",
"Sun2": "à̂! àҮÍ¹¢Í§áÍ»àŻÅÁÒ˕Ð!$0#$b#à˕¹à¡Áā¹à¶ÍÐ!? ˹ÒÒ ˹ÒÒÒ?$1#$e#%Ȥ³à˕¹āºáÍ»àŻÅ#$e#*֛§ ֛§*!!!$1",
"Sun8": "àҮÍ¹¤¹â»Ã´¢Í§áÍ»àŻÅ ÁÒ˕Ð!$1#$e#àҮÍ¹¤¹â»Ã´¢Í§áÍ»àŻÅ!$0#$e#%áÍ»àŻÅ ¡ÃÐâ´´ä»ÁÒ˴ÇÂ¤ÇÒÁƤã¨",

//SUMMER DIALOGUE
"summer_Mon": "Ȥ³àҮÍ¹ãËˑ »ɵ¡ÊµÒΓ¿Ƀµã¹Äɤ׉ã̋чŨ!$1#$e#áÍ»àŻÅªÍºÊµÒΓ¿Ƀµ˹ÒÒ!$0",
"summer_Mon6": "Ƌ¹ÍÇ¡ÒÈ¨Ò¡ˋÒǥ¡! áˊ§ã̋àҮÍ¹¢Í§áÍ»àŻÅ![578]$0#$e#˶Òà¨Íƽ¡ áÍ»àŻÅ¨ÐàÍÒÁÒã̋¹Ð!",
"summer_Tue": "¢Í§¢ħ­ã̋Ȥ³àҮÍ¹ãËˑ![771]$1#$e#...Ȥ³àҮÍ¹ãËˑ ÁÐªÍºàËÂÍ?$2",
"summer_Tue4": "áÍ»àŻÅàчÂÇà˕¹ä»ηÇˋÒ! ºÒ§Ƨʁà¨ÍàҮÍ¹˴ÇÂ˕Ð!#$e#á˅ħ¹׉áÍ»àŻÅà¨ÍȤ³! àҮÍ¹̳Ò¡¡!$1",
"summer_Wed": "àҮÍ¹¢Í§áÍ»àŻÅã̋´Í¡ä́ ã¹Äɤãºä́¼ƅ á̅ÇȤ³àҮÍ¹ãËˑÍÂÒ¡ä˴ ´Í¡ä́´Í¡׉˴ÇÂ̍Ðà»˕Ò?$0#$e#щæ! ´Í¡ä́áÊ¹ÊÇÂ![595 593 421]$1",
"summer_Thu": "áÍ»àŻÅªÍºÄɤч̃Í¹æ ! ã̋á´´˨ÒԷ§ħ¹!$1#$e#à˕¹ā¹ à˕¹ā¹̱Ò?$0#$e#%Ȥ³ à˕¹āºáÍ»àŻÅÍԒĪ¡Ğ¡Ëѹ§#$e#à̂! Êȹ¡Ĉ§!$1",
"summer_Thu10": "áÍ»àŻÅáÇÐä»ч ˺Ò¹ƽ¡Ëĥ§ã¹ˋÒ$0#$e#ƱàҮÍ¹ÍԒчι¹àʕÁà̵ÂÂ!$1",
"summer_Fri": "à˒ à˕¹à¡Á! áÍ»àŻÅʻÍ¹ ˚Ç¹Ȥ³àʛ¹¤¹ËÒ¹Ð!$0",
"summer_Fri6": "*֛§* *֛§*!$0#$b#*֛§*!$1#$e#â̍Ç áÍ»àŻÅҥ¹à˵¹¹¹! à¨ÍÊµÒΓ¿Ƀµ˕Ð!$0#$b#˝Ð áÍ»àŻÅáˊ§ã̋àҮÍ¹!$1[268]#$e#¢Íḁ̂´´ áÍ»àŻÅáÍºźÍÍ¡ä»ݒ´Ǚ§ á˞$2",
"summer_Sat": "áÍ»àŻÅäˑà¤ÂȤÂāºˎÍÁ´ ã¹ËÍ¤ÍÂËÃÍ¡$0#$e#ʁˎÍÁ´äˑà¤Âã̋¢¹ÁʷÒ$2",
"summer_Sat6": "áÍ»àŻÅ¨ÐÅÍ§ä»ȤÂāº ˎÍÁ´ɤρ§ƤՁÂ¹Ð?$0#$e#ˎÍÁ´ÍÒ¨¨ÐƱÊµÒΓ¿ɃµÍԒ...!$1",
"summer_Sat10": "ˎÍÁ´ã̋ÊµÒΓ¿Ƀµ āºáÍ»àŻÅ˴ÇÂ! ˎÍÁ´àʛ¹¤¹Ƥ!$1#$e#àҮÍ¹áÍ»àŻÅ¤¹ҽ¹ äˑªÍºˎÍÁ´àÅÂ$2#$b#áÍ»àŻÅ¨ÐºÍ¡àҮÍ¹˗Ò ˎÍÁ´ʁàʛ¹àҮÍ¹¢Í§ áÍ»àŻÅ¹Ð!$1",
"summer_Sun": "ÍÂÒ¡ä˴Ƌ¹̍Ðà»˕Ò? áÍ»àŻÅàÍÒã̋¹Ð$0#$e#щ! Ƌ¹![390]$1#$e#%áÍ»àŻÅ ɤÊ´ãÊ",
"summer_Sun4": "áÍ»àŻÅàتÍÍàҪÍÍ$2#$e#...$2#$e#àҮÍ¹¢Í§áÍ»àŻÅ¨ÐÍԒȤÂ ˴ÇÂā¹ãʺ̱Ò? àҮÍ¹ģ¡ àҮÍ¹̳Ò¡¡!$1",

//FALL DIALOGUE
"fall_Mon": "ÄɤƺĪ¹׉ŇÒã̋ áÍ»àŻÅƱ¤ÇÒÁɊ¢! ƺĪ¹!$0#$e#áÍ»àŻÅƺàƒÂÇ! ƺàƒÂÇÇÇ!$1",
"fall_Mon6": "à¨Íàʫ´чã¡̅æ˺Ò¹˕Ð! ˝Ð àҮÍ¹áÍ»àŻÅàÍÒä»¹Ð![422 420]$0#$e#˶ÒáÍ»àŻÅà¨Íƽ¡ áÍ»àŻÅ¨ÐàÍÒÁÒã̋ƽ¡!$1",
"fall_Tue4": "áÍ»àŻÅä˴ȤÂāºÁȹÉΒà§Ò ã¹ˇÍթÒ֗§˴ÇÂ! àʛ¹àҮÍ¹ģ¡àËȑÍ¹Ȥ³àÅÂ!$0#$e#ÁȹÉΒà§Òà˕¹āºáÍ»àŻÅ˕Ð!$1",
"fall_Tue10": "â¤ÃĚÊà˕¹āºáÍ»àŻÅ ̪ÍÂˊÍÂ!$1#$e#â¤ÃĚÊ¨ÐáÇÐÁÒËÒáʴµÍ¹ ¡ÅÒ§Ǵ¹... äˑÍÍ¡¨Ò¡ ˇÍթÒ֗§µÍ¹¡ÅÒ§ħ¹$0#$e#â¤ÃĚÊ äˑºÍ¡áÍ»àŻÅ˗ÒŇÒäÁ$2",
"fall_Wed": "à˨Ò¤¹ã˚ËÁÇ¡ƺ˿ÒÁÒч˺Ò¹ ƽ¡á̅Ç »Ò¢Ç´ã˚˴ÇÂàǱÍº ¨Ðâ´¹áÍ»àŻÅ$2#$e#áÍ»àŻÅäˑàˢÒã¨àÅÂ...$2",
"fall_Wed8": "à˨Ò¤¹ĕÇãËʽÁÒч˺Ò¹á̅Ç ʁ̃Í§ä̋ áÍ»àŻÅړǪ¡äˑƤàÅÂ$2#$e#áÍ»àŻÅÍÒ¨¨ÐʺÇÂà˨Ò ¤¹ĕÇãËʽä˴¹Ð!$0",
"fall_Thu": "àҮÍ¹ɰµàÍÒ´Í¡ä́ÁÒã̋ á˅§˺Ò¹˕Ð! ˝ÐáÍ»àŻÅáˊ§ã̋![421]$0#$e#àҮÍ¹¢Í§áÍ»àŻÅÁÒËÒ µÅÍ´àÅÂ! áÍ»àŻÅƱ¤ÇÒÁɊ¢ ̱Ò¡ÁÒ¡!$1",
"fall_Thu10": "àʔ¡ڌËŭ§¼ÁƺˑÇ§ʁàʛ¹àҮÍ¹ ¢Í§áÍ»àŻÅ¹Ð! àˤÒƤāºáÍ»àŻÅá̅Çʁ à˕¹āºáÍ»àŻÅ˴ÇÂ!$1",
"fall_Fri10": "áÍ»àŻÅ¨Ðä»àчÂÇã¹àȑÍ§ Ƥã¨Ĉ§¨Ðä˴à¨ÍàҮÍ¹!$0#$e#áÍ»àŻÅړ·Ò§ĥºä§! á˅äˑºÍ¡ËÃÍ¡!$1",
"fall_Sat": "ħ¹׉áÍ»àŻÅ̗Ç§§ʷÇ§§§ ÍÂÒ¡ä»ƗºĈ§...$2",
"fall_Sat4": "áÍ»àŻÅà¨ÍàÁʥ´Ğ¹ۨã¹ˋÒ µÍ¹чà˕¹āºâ¤ÃĚÊ$1#$e#àҮÍ¹¢Í§áÍ»àŻÅÍÂÒ¡ä˴ ̍Ðà»˕Ò?$0#$e#¢ÍáÍ»àŻÅŤ´ɤʱÍ¹$0#$e#...$2#$b#...$1#$b#âÍà¤! ˝Ð.. àÁʥ´Ğ¹ۨ ã̋àҮÍ¹¢Í§áÍ»àŻÅ![114]$1",
"fall_Sat8": "ƱàҮÍ¹à¨Í˵¹¡̅Ò˕Ð ĭ¹׉ã̋àҮÍ¹¢Í§áÍ»àŻÅ¹Ð![631 632 633 630 629 628]$0#$e#˶Ò»ɵ¡¨¹âµá̅Ç áˊ§¼Åä́ã̋áÍ»àŻÅ˴ÇÂ!$1",
"fall_Sun": "...$2#$e#ħ¹׉áÍ»àŻÅƱËÅÒÂÍ˒Ò§ ˵Í§Ť´$2#$e#...$2#$e#%áÍ»àŻÅ äˑÍÂÒ¡ȤÂāºȤ³",
"fall_Sun10": "ƱàҮÍ¹ÍÂÒ¡ŇÒ§Ò¹ ч¿ÒΓÁ˴ÇÂ! ỄÒ§˺Ò¹ч¿ÒΓÁŨ! àҮÍ¹¢Í§áÍ»àŻÅ ¨ÐʺÇÂàʁº¼Å¼ƅµ!$0#$e#áÍ»àŻÅʁ¨ÐʺÇÂ˴ÇÂ¹Ð!$1",

//WINTER DIALOGUE
"winter_Mon": "áÍ»àŻÅäˑË¹ÒÇ˝Ð äˑ˵Í§˛Ç§!#$e#%áÍ»àŻÅ ¡ÃÐâ´´Í˒Ò§Ʊ¤ÇÒÁɊ¢",
"winter_Mon6": "áÍ»àŻÅàʫ¹ÃÍÂà˷Ò¢Í§ Ъ§ƱƚƇµҽ¹ã¹ˋÒ$0#$b#áÍ»àŻÅÊ§ĪÂĈ§˗Ò àʛ¹ĕÇÍÐäÃ...??$1#$e#ÍÒ¨¨Ðàʛ¹àҮÍ¹ãËˑʁä˴!?$0",
"winter_Tue": "*֛§*!!!$0#$b#ħ¹׉áÍ»àŻÅà¨ÍàҮÍ¹чź¹ ä˴˴ÇÂ! àҮÍ¹чź¹ä˴ã̋ àÁʥ´Ğ¹ۨÁÒ!$1#$e#á˅áÍ»àŻÅš¹àÁʥ´Ğ¹ۨä» á̅ÇʷÐ àÅÂäˑƱã̋àҮÍ¹ ¢Í§áÍ»àŻÅ ¢Íḁ̂´´!$2",
"winter_Tue4": "*֛§*!!!$0#$b#áÍ»àŻÅà¨ÍàҮÍ¹чź¹ä˴ ƽ¡á̅Ç! àҮÍ¹чź¹ä˴ã̋ àÁʥ´Ğ¹ۨÁÒƽ¡!$1#$e#á˅áÍ»àŻÅʁš¹àÁʥ´Ğ¹ۨ ä»ƽ¡á̅ÇʷÐ...$2",
"winter_Tue8": "à̂! àҮÍ¹¢Í§áÍ»àŻÅÁÒ!$0#$e#áÍ»àŻÅà¨Í´Í¡ä́![418]#$e#á̅Çʁà¨Í´Í¡ä́ƽ¡![418]#$e#˝Ð! щƽ¡![418]#$e#%áÍ»àŻÅ¾ÂÒÂÒÁËÒ ´Í¡ä́ ã̋Ȥ³ƽ¡á̅Ç ɤàËȑÍ¹˗Ò¨ÐäˑƱá̅Ç#$e#˶ÒáÍ»àŻÅà¨Í´Í¡ä́ÊÇÂæ áÍ»àŻÅ¨ÐàÍÒã̋¹Ð!$1",
"winter_Wed": "ɤֈ! áÍ»àŻÅà¨ÍàҮÍ¹ãËˑƽ¡á̅Ç![412]$0#$e#äˑãʺàҮÍ¹ËÃÍ? ġ¹ǴÍÃÒ¡ä́?$2#$b#ǷÁÁ ԧ¹àҮÍ¹¢Í§áÍ»àŻÅ àÍÒä»ÅÐā¹$1",
"winter_Wed6": "àҮÍ¹¢Í§áÍ»àŻÅ¨ÐÁÒà˕¹ ˴ÇÂËÃÍ?$0#$e#áÍ»àŻÅÍÂÒ¡à˕¹!$1#$e#%Ȥ³à˕¹āºáÍ»àŻÅĪ¡¤ԓËѹ§#$e#à˒!!!$1",
"winter_Thu": "áÍ»àŻÅªÍºʻÍ¹ã¹ƋÁÐ Êȹ¡¹Ð!$1#$e#ƋÁÐ! ƋÁÐ!$0",
"winter_Thu4": "áÍ»àŻÅ ¨ÐỄÒ§ÁȹÉΒ¨Ò¡ƋÁÐ!$0#$e#á̅ÇáÍ»àŻÅʁ¨Ð ỄÒ§áÍ»àŻÅƋÁÐ...$1",
"winter_Fri": "ƱàҮÍ¹ŇÒã̋áÍ»àŻÅàƺÂã¨ äˑÍÂÒ¡à˕¹á̅Ç$2#$e#àҮÍ¹чÁÒ¨Ò¡Ëԑ˺Ò¹ ä»à˕¹āº¤¹ҽ¹á·¹$2#$e#%Ȥ³ ºÍ¡āºáÍ»àŻÅ˗Ò ÊÒÁÒÃ¶à˕¹āº¾Ç¡à¢Òä˴#$e#!!!$1#$b#¨ƃ§ˉÐËÃÍ? áÍ»àŻÅƤã¨!$0#$b#áÍ»àŻÅªÍºà˕¹!$1#$e#%Ȥ³à˕¹āºáÍ»àŻÅĪ¡¤ԓËѹ§#$e#à˒! Êȹ¡Ĉ§!$1",
"winter_Fri10": "ƱàҮÍ¹ªÇ¹áÍ»àŻÅä»à˕¹ ã¹Ëԑ˺Ò¹˕Ð! Ƥã¨Ĉ§!$1",
"winter_Sat": "áÍ»àŻÅàʫ¹ڌªÒÂ¼Áƺ¢ÒÇ чã˚˼ÒŻ´µÒʷÐ$2#$e#ڌªÒÂ˼ÒŻ´µÒˉÒ¡ĥÇʷÒÒÒ$2",
"winter_Sat10": "*֛§*!!!$1#$e#*֛§*!!$0#$e#áÍ»àŻÅ֭ÁÁЭÁÁ! ƱÊµÒΓ¿Ƀµã¹¡ÃÐˇÍÁ àƮÂºàÂÂ!",

//EVENT DIALOGUE
"apples_event1": "...$2#$b#á˅àҮÍ¹¤¹ҽ¹äˑä˴ɮ´áººԹ¹$4#$b#¾Ç¡à¢ÒºÍ¡˗ÒáÍ»àŻÅż´$2",
"apples_event2": "...$2#$b#áÍ»àŻÅŇÒż´̃ÒÂáÃ§ áÍ»àŻÅ¢Íâ·É$3#$b#áÍ»àŻÅáʴÍÂÒ¡¨ÐŇÒ ˺Ò¹ãËˑã̋àҮÍ¹...$3#$b#Í˒ÒâÁâËáÍ»àŻÅàÅÂ...$3",
"apples_event3": "...$2#$b#áÍ»àŻÅƱàҮÍ¹ÁÒ¡ע¹...$4"
}
