﻿{

"Mon": "à˨Òà¤Âä˴Ȓ¹àҳÍ§ »ÃÒ¡¯¡ÒÃ΃ƁÃÒ¨ ՁÂ˕Ð? ºÒ§¤Ճ§ˉÐ¹Ð ˶ÒƱ¤ÇÒÁ̃Í¹àƮÂ§¾Í ÍÒ¡ÒÈ¨Ðϊ¹äËÇƇºħº á̅Çġ¹¨ÐàËȑÍ¹āº˗Ò à˨Òä˴àˢÒä»Ģ§˅Ò§âÅ¡$0",
"Tue": "*ËÒÇ* чщ՛Ò«Ò¡ĸÒà¨Ɋ´æ ˢÒƤã¨¨ƃ§æ чà˨ÒáÇÐÁÒËÒ$0",
"Wed": "ˢÒä˴Ƃ¹¤¹ ɮ´ǖ§à˨ÒˊÍÂÍԒ¹Ð @ à˨Ò¤§ч¨Ðàʛ¹чړĈ¡ ã¹šÅ΄ÅÐƊ ػÁ?$1",
"Thu": "ˢÒÃÍ¤ÍÂ Í˒Ò§ã¨¨´ã¨ʸÍàÅÂ ч¨Ðä˴¡ĥºä»чÅÒ¹ι¹ ¡ÒÃà˽ÒÂÒÁʁĸÒàʛ¹ÍԒËÃÍ¡ á˅µÍ¹׉ˢÒÍÂÒ¡ä»ڊˉÐƊ$1",
"Sat": "ƱÍÐäÃã̋ˢÒʺÇÂՁÂ˕Ð @?$0#$e#ч¨ƃ§ ˢÒʁÍÂÒ¡¨ÐËÒÍÐäÃ ã̋à˨ÒҤÁš¹ µÍ¹чÍԒщ˕Ð¹Ð á˅àÊƪÂ§¢Í§àÃÒƱĸÒā´˝Ð$2",
"Sun": "¡ÒÃàʛ¹ę¡¼¨­ĠÂ ¨ÐŇÒã̋à˨Òҳ¹ÃÁ΃ āºÍÐäÃá»Å¡æ àʺ¹ ¡ÒÃчà˨Ò ä˴ɺ´ÍÒ¡ÒÈºƃɊ·ڸ Ëĥ§¨Ò¡ËÁ¡ÍԒã¹զÒàËʡ¹æ áÅÐؚ¹á©ÐÁÒËÅÒÂħ¹$0"

}
