{
    "header": {
        "target": "w",
        "formatVersion": 5,
        "hidef": true,
        "compressed": 128
    },
    "readers": [
        {
            "type": "Microsoft.Xna.Framework.Content.DictionaryReader`2[[System.String, mscorlib, Version=4.0.0.0, Culture=neutral, PublicKeyToken=b77a5c561934e089],[System.String, mscorlib, Version=4.0.0.0, Culture=neutral, PublicKeyToken=b77a5c561934e089]]",
            "version": 0
        },
        {
            "type": "Microsoft.Xna.Framework.Content.StringReader",
            "version": 0
        }
    ],
    "content": {
        "92/e 91/i 78/t 900 1700": "jaunty/13 17/farmer 13 19 0 Marnie 13 14 2/move farmer 0 -1 0/removeQuest 21/removeItem 78/friendship Marnie 100/skippable/emote Marnie 16/speed Marnie 4/move Marnie 0 -1 2/speed Marnie 4/move Marnie 2 0 2/speed Marnie 4/move Marnie 0 3 2/move Marnie -2 0 2/pause 300/speak Marnie \"â̍! Ȥ³àÍÒá¤ÃÍ·զÒ (Cave carrot) ÁÒã̋ĉ¹˴ÇÂ ¢ÍºȤ³ÁÒ¡æ Ȥ³ @$h^â̍! à¸ÍàÍÒá¤ÃÍ·զÒ (Cave carrot) ÁÒã̋ĉ¹ ¢ÍºȤ³ÁÒ¡æ Ȥ³ @$h\"/pause 500/move farmer 0 -1 1/faceDirection farmer 1/pause 500/playSound woodyStep/addObject 14 17 78/showFrame 35/pause 500/showFrame 6/pause 400/faceDirection farmer 1/move Marnie 1 0 2/emote Marnie 32/speak Marnie \"ġ¹ɤƤÁÒ¡æ... ĉ¹ÍÂÒ¡¨Ðš¹ġ¹¨ƃ§æ àÅÂ¹ÐàщÂ!$h#$b#...ÍÂÒ¡š¹ÁÒ¡\"/faceDirection farmer 1/pause 600/speak Marnie \"Ëħ§˗Ò¨ÐäˑÃº¡Ç¹ ¨¹àš¹ä»¹Ð̘Ð... ĉ¹«Òº׫§¨ƃ§æ чËÒÁÒã̋\"/pause 300/removeObject 14 17/pause 400/end dialogue Marnie \"¢ÍºȤ³ƽ¡¤Ճ§чʺÇÂĉ¹¹Ð$h#$e#...áÅÐà˨Ò¾Ç¡á¡Ð¢Í§ĉ¹ ʁºÍ¡'¢ÍºȤ³'àËȑÍ¹ā¹\"",
        "3910674/f Shane 1000": "shaneTheme/-2000 -2000/farmer 18 18 1 Marnie 21 14 0 Jas 25 16 2 Shane -1000 -1000 2/skippable/specificTemporarySprite shanePassedOut/viewport 22 8 true/pause 2000/speak Marnie \"Shane?\"/pause 2000/doAction 21 13/pause 500/move Marnie 0 -7 1/textAboveHead Marnie \"âˈ чģ¡...\"/doAction 21 13/removeTile 21 13 Buildings/removeTile 21 12 Front/move farmer 3 0 0/faceDirection Jas 3 true/move farmer 0 -10 1/faceDirection Marnie 2/pause 500/speak Marnie \"@... Ãº¡Ç¹Ȥ³ʺÇÂ ÍÐäÃËˉÍÂä˴ՁÂ? à¢ÒɤäˑƱÊŵàÍÒ«ÐàÅÂ$s\"/pause 500/faceDirection farmer 0/pause 500/faceDirection farmer 1/move farmer 3 0 0/faceDirection Marnie 1 true/move farmer 0 -1 1/pause 1000/speak Shane \"ºȓëÍÍÍ...$7\"/pause 2000/specificTemporarySprite waterShane/pause 250/playSound wateringCan/pause 1000/specificTemporarySprite waterShaneDone/warp Shane 25 7/textAboveHead Shane \"ÍÐ..ÍÐäÃ?!\"/jump Shane/shake Shane 2000/showFrame Shane 18/pause 3000/showFrame Shane 0/move farmer -1 0 1/faceDirection Shane 3/speak Marnie \"àª¹! щà¸Íàʛ¹ÍÐäÃä»àщÂ? à¸Í¨ÐŇÒáʴ¹Í¹à˕¹ ã¹̋Í§áÅÐ«´àƪÂΓ áºº׉äˑä˴¹Ð!$s\"/move Jas -4 0 0 true/pause 200/faceDirection Shane 2 true/pause 50/faceDirection Shane 1/emote Shane 12/shake Shane 1000/textAboveHead Shane \"...\"/pause 1500/speak Shane \"Ȥ³äˑàˢÒã¨ËÃÍ¡...\"/pause 1000/textAboveHead Marnie \"ĉ¹ʁáʴā§ÇÅ...\"/move Jas 0 -8 1/speak Marnie \"à¸ÍƱá¼¹ÍÐäÃā¹áˉ? äˑà¤ÂŤ´ǖ§Í¹Ò¤µ ˺Ò§àÅÂàËÃÍ?\"/faceDirection Shane 0/textAboveHead Shane \"Í¹Ò¤µԧ¹àËÃÍ?\"/pause 2000/speak Shane \"Ëħ§˗Ò¼Á¤§ ¨ÐÍԒä˴äˑ¹Ò¹¾Í ч¨Ð˵Í§¡ÒÃ 'á¼¹' ËÃÍ¡¹Ð...\"/jump Jas/pause 500/shake Jas 10000/speed Jas 4/textAboveHead Jas \"...*̃Í§ä̋*...\"/move Jas 0 10 2 true/faceDirection Marnie 2/emote Marnie 28 true/faceDirection farmer 3/faceDirection Shane 1 true/pause 50/faceDirection Shane 2/pause 600/move Marnie 0 10 2 true/pause 1000/textAboveHead Shane \"á¨Ê...\"/pause 500/faceDirection farmer 1/pause 400/showFrame Shane 19/pause 1000/textAboveHead Shane \"Ʌ§¢Íâ·É...\"/pause 3000/faceDirection Shane 1 true/showFrame Shane 4/pause 500/showFrame Shane 35/playSound thudStep/shake Shane 4000/pause 2000/end",
        "3910974/f Shane 1700/e 3910975/p Shane": "shaneTheme/-2000 -2000/farmer -1000 -1000 1 Marnie 12 14 2 Jas 25 16 3 Shane -1000 -1000 0/skippable/showFrame Jas 22/viewport 13 14 clamp true/pause 2000/playSound doorClose/warp Shane 13 19/move Shane 0 -3 0/pause 500/speak Marnie \"ÊħÊƤ˨Ðàª¹... ħ¹׉à¸ÍɤƱ¤ÇÒÁɊ¢ àʛ¹žàÈÉ¹Ð\"/pause 1000/speak Shane \"Ȥ³ɮ´ɦ¡... Ե§á˅µÍ¹àʔ¡æ ¼Áäˑà¤Âä˴ړǪ¡ ǖ§ÍÐäÃáººԹ¹ÁÒʱÍ¹àÅÂ$h\"/emote Marnie 8/move Marnie 1 0 2/speak Marnie \"ã̋ĉ¹à´Ò¹Ð... āÊàÍÒ¾Ç¡àƪÂΓ¡ÃÐ͛Í§ ÁÒÅ´̅Ò§Ê̥Í¡˕ÐƊ?$u\"/pause 500/playSound shwip/faceDirection Shane 1 true/pause 50/faceDirection Shane 2 true/pause 500/textAboveHead Shane \"áººԹ¹ʁƤ¹Ð...\"/pause 500/showFrame Shane 19/pause 1000/speak Shane \"äˑãʺËÃÍ¡ ĭ¹ч¨ƃ§¼ÁáʴҤÁթÒ ĭ´ÅÁá·¹àƪÂΓ... áÅÐ¼ÁʁړǪ¡Ƥע¹ÁÒ¡àÅÂ!$h\"/pause 500/showFrame Shane 0/pause 200/faceDirection Shane 1 true/pause 50/faceDirection Shane 0/speak Shane \"Ȥ³ʁړ˗Ò ºÒ§¤Ճ§¼ÁʁȕÁä»˗Ò ¼ÁàÍ§ʁƱàҮÍ¹ч ¤ÍÂ˛Ç§ãÂã¹ĕÇ¼Á#$b#áÅÐ¡ÒÃѾ§¾Ò¾Ç¡à¢Ò ʁäˑä˴á˒ÍÐäÃ... ġ¹äˑä˴ŇÒã̋¼Á àʛ¹¤¹˝Í¹áÍ\"/pause 500/emote Marnie 32/viewport move 1 0 6000/move Shane 4 0 2/textAboveHead Marnie \"à¢ÒɤƤע¹¹ÐàщÂ!\"/move Shane 0 2 1/move Shane 4 0 0/move Shane 0 -2 1/speak Shane \"ä§ á¨Ê Ʌ§ƱºÒ§Í˒Ò§¨Ðã̋à¸Í˴ÇÂ$6\"/pause 500/showFrame Shane 26/specificTemporarySprite jasGift/playSound coin/pause 500/showFrame Shane 4/emote Jas 8 true/move Jas -2 0 3/pause 800/playSound woodWhack/specificTemporarySprite jasGiftOpen/pause 500/showFrame Jas 24/playSound yoba/pause 2000/speak Jas \"щ... щàʛ¹ÃÍ§à˷Ò Ȥ³¡ÃÐ˅ÒÂĝ§à¾ªÃ ¨ƃ§àËÃÍ¤Ð!$h\"/pause 200/speed Jas 6/jump Jas/move Jas -1 0 3/showFrame Jas 23/positionOffset Jas -2 1/pause 10/positionOffset Jas -2 0/pause 10/positionOffset Jas -2 0/pause 10/positionOffset Jas -2 0/showFrame Shane 18/pause 10/positionOffset Jas -2 0/pause 10/positionOffset Jas -2 0/pause 10/positionOffset Jas -2 0/pause 10/positionOffset Jas -2 0/pause 10/positionOffset Jas -2 0/pause 10/positionOffset Jas -2 0/pause 10/positionOffset Jas -2 0/pause 10/positionOffset Jas -2 0/pause 10/positionOffset Jas -2 0/pause 10/positionOffset Jas -2 0/pause 10/positionOffset Jas -2 0/pause 10/positionOffset Jas -2 1/pause 2000/viewport -2000 -2000/playMusic none/pause 1000/speak Jas \"µ... á˅à˨Òщ ġ¹á¾§ÁÒ¡àÅÂ¹Ð¤Ð!$3#$b#Ȥ³Ʌ§ËÒàŧ¹ÁÒ؛Íã̋Ëɩ ä˴Ģ§ä§ā¹¤Ð?$3\"/pause 1000/speak Shane \"Ʌ§àƅ¡ŹĪÂӟÁàȏÍÂ á̅ÇˉÐƊ¤Ð Ʌ§Ʊàŧ¹àËȕÍã̋ã˪ʸÒÂ ÁÒ¡ע¹àÂÍÐàÅÂ!$h\"/pause 1000/end",
        "3900074/f Shane 2000/e 2118991/p Shane": "distantBanjo/27 14/farmer 22 15 1 Jas 30 14 2 Shane -1000 -1000 0/skippable/pause 1000/faceDirection Jas 3/pause 400/jump Jas/pause 1500/move farmer 8 0 0/faceDirection Jas 2/pause 500/speak Jas \"Ʌ§àª¹ÍԒã¹âÃ§¹ÒʴÐ Ʌ§ɮ´˗Ò... ȝÁ... Ʌ§ºÍ¡ã̋ºÍ¡āºȤ³˗Ò à¢ÒÍÂÒ¡¨ÐâªΗ ºÒ§Í˒Ò§ã̋Ȥ³ɤ˕Ð\"/pause 500/faceDirection Jas 0/pause 500/playSound doorClose/warp Jas -1000 -1000/pause 800/move farmer 0 -1 0/playSound doorClose/warp farmer -1000 -1000/pause 1600/globalFade/viewport -2000 -2000/changeToTemporaryMap MarnieBarn false/viewport -2000 -2000/addTemporaryActor White_Chicken 16 16 8 5 2 false Animal chicken1/addTemporaryActor Blue_Chicken 16 16 8 9 3 false Animal chicken2/addTemporaryActor Blue_Chicken 16 16 7 7 1 false Animal chicken3/addTemporaryActor Blue_Chicken 16 16 14 11 3 false Animal chicken4/addTemporaryActor Blue_Chicken 16 16 9 11 2 false Animal chicken5/warp Shane 5 3/faceDirection Shane 0/animate Shane false true 500 32 33/viewport 7 3 true/pause 500/move chicken5 -1 0 2 true/pause 1000/move chicken2 3 0 1 true/pause 1500/move chicken4 0 1 2 true/pause 1000/speak Shane \"ι¹ǴÍ...$6\"/pause 500/stopAnimation Shane/pause 500/faceDirection Shane 3 true/pause 50/faceDirection Shane 2/pause 1000/move Shane 0 1 2/move Shane 3 0 2/pause 1000/showFrame Shane 30/pause 500/playSound coin/showFrame Shane 29/warp chicken1 -100 -100/pause 500/showFrame Shane 28/move chicken3 0 -1 0 true/pause 1000/move chicken4 0 -1 0/pause 1000/speak Shane \"àʛ¹˺Ò¹чà¾ÍΓà¿¤ ŚÒËģºáˑäʱ¢Í§à¸ÍàÅÂ˕Ð ...$8#$b#àÃÒ¨ÐƱäʲчƤчɊ´ ¡˗Ò¤¹ã¹ɋºà¢Ò׉Է§ËÁ´!$8#$b#Ê´áÅÐƱȤ³ÀÒ¾чƤ ¾̃ÍÁāºäʲá´§ чɍ´Áä»˴ÇÂÊÒÃÍÒËÒÃ äˑàËȑÍ¹äʲ¨Ò¡â¨˨Ò чä̃Ȥ³ÀÒ¾ι¹...$8\"/move chicken2 -1 0 2/pause 1000/move chicken3 0 1 2/emote Shane 28/pause 1500/move chicken4 -1 0 3 true/pause 500/move chicken3 1 0 1 true/move chicken2 1 0 1 true/pause 500/speak Shane \"...*¶Í¹ËÒÂã¨*...$9#$b#...¹ÒÂړՁÂªÒΓƵ... ĉ¹ʁáʴŤ´˗Ò...$9#$b#¤¹чàËȑÍ¹āºĉ¹ ªÍºŇÒã̋ĕÇàÍ§ÍԒº¹ ¤ÇÒÁ֪¹Ëħ§µÅÍ´àÅÂՁÂ... ړՁÂ˗Òĉ¹ËÁÒÂǖ§ÍÐäÃ?$9#$b#...á˅¹ÒÂáÅÐà˨ÒĕÇҽ¹æ ŇÒã̋ĉ¹Ʊ¤ÇÒÁËħ§ ע¹ÁÒÁÒ¡àÅÂ... ĉ¹ړ$9#$b#...$9#$b#ƱÍÐäÃԧ¹àËÃÍ ĉ¹áˌ¤ÇÒÁ¡´Ĕ¹ ÍÍ¡ÁÒÁÒ¡ä»Ɗ¹Ð? *īÇàÃÒÐàºÒæ*$8\"/pause 500/playSound doorClose/warp Jas 3 8/move Jas 0 -1 0/move Jas 0 -3 1 true/pause 500/warp farmer 3 8/playSound doorClose/move farmer 0 -3 1 false/pause 1000/showFrame Shane 29/pause 500/move chicken2 0 -1 0 true/showFrame Shane 30/warp chicken1 8 5/playSound thudStep/pause 500/move chicken3 -1 0 3/showFrame Shane 0/faceDirection chicken3 2/pause 1000/faceDirection Shane 3/speak Shane \"ÊħÊƤ @... Ȥ³Ť´˗ÒĢ§ä§˺Ò§?$h\"/animate chicken1 false true 500 16 17/pause 500/animate chicken4 false true 700 16 17/advancedMove chicken2 false 0 -4 -2 0/move farmer 2 0 1/advancedMove chicken3 false -1 0 0 -2/move farmer 0 -1 1/move farmer 2 0 2/faceDirection Shane 2/speak Shane \"áˑäʱƺ˿ÒĞ¹ۨžàÈÉ ¢Í§¼ÁàÍ§... äˑбàȄÍ¹чˌÒ¹ÁÒ ¼ÁáÍºàוÂ§¾Ç¡ġ¹àÍÒä̇$6\"/faceDirection Shane 3/speak Shane \"¼Á... ÊºÒÂƤ ¼Á¤§¨ÐäˑÍԒчщ µÅÍ´ä»ËÃÍ¡ ¼ÁáʴÍÂÒ¡ ¨Ð˚§˅ÍºÒ§Í˒Ò§ã̋āºá¨Ê ¼Áä˴ÊÍ¹à¸Íä»˴ÇÂ˗Ò ¨ÐɤáÅ¾Ç¡à¢ÒĢ§ä§$6#$b#...¼ÁÍÂÒ¡ړǪ¡āºĕÇàÍ§˗Ò ¼Áäˑä˴àʛ¹áʴ»ƅ§ ŚÒËģºâÅ¡ãº׉ ¼ÁʁáʴÍÂÒ¡¨ÐƱ˚Ç¹˓ÇÁ äˑ·Ò§ã´ʁ·Ò§Ëѹ§ á́¨Ðàʛ¹àҳÍ§àʥ¡æ ˹ÍÂæ ʁà¶ÍÐ\"/move Jas 3 0 2/faceDirection Shane 2/pause 2000/showFrame Shane 19/pause 500/pause 1000/end"
    }
}
