{
    "header": {
        "target": "w",
        "formatVersion": 5,
        "hidef": true,
        "compressed": 128
    },
    "readers": [
        {
            "type": "Microsoft.Xna.Framework.Content.DictionaryReader`2[[System.String, mscorlib, Version=4.0.0.0, Culture=neutral, PublicKeyToken=b77a5c561934e089],[System.String, mscorlib, Version=4.0.0.0, Culture=neutral, PublicKeyToken=b77a5c561934e089]]",
            "version": 0
        },
        {
            "type": "Microsoft.Xna.Framework.Content.StringReader",
            "version": 0
        }
    ],
    "content": {
        "1848481/f Elliott 2000/t 1300 1900/n elliottReading": "breezy/14 11/Elliott 14 9 2 Pierre 10 13 1 Caroline 11 13 3 Marnie 11 15 1 Lewis 12 15 3 Sebastian 11 17 2 Abigail 12 18 3 Sam 10 18 1 Leah 15 15 0 Emily 16 16 2 Clint 15 17 1 Jodi 19 13 2 Robin 20 14 3 Demetrius 20 11 3 Maru 10 10 1 Penny 11 9 1 Gus 18 16 0 Shane 19 16 0 Willy 21 11 3 farmer 6 14 1/skippable/move farmer 6 0 0/move farmer 0 -1 0/move Elliott 0 4 3/faceDirection farmer 1/speak Elliott \"@ Ȥ³ŇÒä˴!$h#$b#¼ÁړǪ¡â˕§ã¨ÁÒ¡àÅÂ àҳÍ§Ëę§ȚÍˉÐ... ġ¹àËȑÍ¹āºÂ¡ɰà¢Ò ÍÍ¡¨Ò¡Í¡àÅÂ\"/pause 800/faceDirection Elliott 2/pause 500/faceDirection Elliott 1/pause 500/faceDirection Elliott 3/pause 500/speak Elliott \"àÍÒ˕Ð ¼Á¤ÇÃ¨ÐàУÁ ¡ÒÃ˝Ò¹Ëę§ȚÍá̅Ç˕Ð ÍÇÂ¾Ãã̋˴ÇÂá̅Çā¹¹Ð$8\"/pause 700/move Elliott 0 -4 2/faceDirection farmer 0/pause 500/faceDirection Elliott 1/faceDirection Elliott 2/faceDirection Elliott 3/faceDirection Elliott 2/speak Elliott \"ÊħÊƤµÍ¹ˊÒÂȷ¡¤¹\"/pause 500/faceDirection Caroline 0 true/faceDirection Emily 0 true/textAboveHead Emily \"ÊħÊƤ!\"/faceDirection Abigail 0/faceDirection Sebastian 0 true/faceDirection Lewis 0/faceDirection Sam 0 true/faceDirection Marnie 0/faceDirection Pierre 0 true/faceDirection Jodi 0/faceDirection Clint 0/speak Elliott \"Ե§á˅¼ÁĢ§àʛ¹àʔ¡ ¼ÁƱ¤ÇÒÁĝ¹˗Òċ¡ħ¹Ëѹ§ ¨Ð˵Í§àʛ¹ę¡àƒÂ¹ã̋ä˴#$b#¾ÍàÇÅÒԹ¹ÁÒǖ§ ¼Áä˴ÍÍ¡¨Ò¡˺Ò¹ àУÁàŴ¹·Ò§¨¹ä˴ÁÒǖ§чщ ¼Áɦ¡ºÒ§Í˒Ò§ǔ§ɤ´ ˴ÇÂ¤ÇÒÁÊ§º¢Í§Ëԑ˺Ò¹ áÅÐËħ§˗Ò ¤ÇÒÁàƳÂºʷÒÂ¢Í§чщ ¨ÐŇÒã̋§Ò¹àƒÂ¹¢Í§¼Á Ʌ¡àʛ¹ä¿ע¹ÁÒƽ¡¤Ճ§\"/showFrame Elliott 32/pause 200/showFrame Elliott 34/fork 958699 mysteryBook/fork 958700 romanceBook/speak Elliott \"Ëĥ§¨Ò¡ã˪àÇÅÒàƒÂ¹ÍԒ¹Ò¹ ĉ¹¢ÍɰƁã¨ŉÒàÊ¹Í ¹ÇŹÂÒÂàҳÍ§áÃ¡¢Í§ĉ¹àÍ§ : '¡ÒÃà¨ƃ­ӣ§àȓÍ§ áÅÐ¡ÒÃ˕ÁÊÅÒÂ¢Í§ ´Ç§´ÒÇáÂ«âʻ (The Rise And Fall Of Planet Yazzo)'... ġ¹àʛ¹ÁËÒ¡Ò¾Βä«-ä¿ чá»Å¡ãËˑàбÂÇāº ÃÐºº´ÒÇà¤ÃÒÐΛˉÐ\"/animate Elliott false true 1000 33 33 34/pause 500/speak Elliott \"Chapter One.#$b#ڌĚ­ªÒ¡ÒÃĢ·Ť¹ ˡÒÇˢÒÁˌÒًÁ»ÃÐɥ·Í§ĴÒ ¨Ò¡Թ¹»ÃÐɥʁä˴ Ż´ä˕Ëĥ§à¢Ò ħ¹׉àʛ¹ħ¹áÃ¡¢Í§à¢Òº¹ ´ÒÇáÂ«â« áÅÐàË˕Ò 14 Ğ¹¸ƁµÃчä˴ģº¡ÒÃàŪ­ ã̋àˢÒ˓ÇÁŇÒ§Ò¹āºà¢Ò...\"/playMusic none/globalFade/viewport -100 -100/pause 1000/warp Sebastian -1000 -1000/warp Sam -1000 -1000/warp Abigail -1000 -1000/warp Jodi -1000 -1000/warp Robin -1000 -1000/warp Demetrius -1000 -1000/warp Shane -1000 -1000/warp Maru -1000 -1000/warp Pierre -1000 -1000/warp Caroline -1000 -1000/viewport 14 11 true/pause 1000/speak Elliott \"...áÅÐ´Ç§Ĉ¹·Γ´Ç§ч 7 á˛§¢Íº˿Ò ˴Ò¹ŷÈã˵¢Í§´ÒÇáÂ«â« Ʊ¡ÒÃà»ѕÂ¹á»Å§чˉÒ¡ĥÇ... àËȵ¡ÒÃ΃Թ¹àÍ§ ä˴ŇÒã̋ڌĚ­ªÒ¡ÒÃĢ·Ť¹ äˑė¹ä˴Ե§ĕÇ\"/stopAnimation Elliott/showFrame Elliott 34/pause 800/speak Elliott \"àÍÒ˕Ð Թ¹ʁáʴĕÇÍ˒Ò§ ¢Í§Ëę§ȚÍ¾̃ÍÁ ÅÒÂàʋ¹¢Í§ĉ¹ ġ¹¨ÐÇÒ§¢ÒÂчḁ̂Ð˴Ò¹Ë˹Ò ¢ÍºȤ³чÁÒ˓ÇÁ§Ò¹¹Ð!$h\"/faceDirection Lewis 3/faceDirection Marnie 1/faceDirection Emily 2 true/faceDirection Clint 1/move Elliott 0 4 3/faceDirection farmer 1/pause 600/speak Elliott \"ä§ ġ¹àʛ¹ä§˺Ò§?\"/emote farmer 32/speak Elliott \"¢ÍºȤ³ÁÒ¡$h#$b#ړäËÁ ¼Áä˴äÍàƤÂàҳÍ§Է§ËÁ´ ÁÒ¨Ò¡Ȥ³àÅÂ¹Ð ĸÒä˴ՁÂ?#$b#Թ¹àÅÂàʛ¹àËȵ¼Å ч¼ÁӗÁà·ã̋āºġ¹àÂÍÐÁÒ¡ ʁàҮÍȤ³...$l\"/move Elliott -1 0 3/emote Elliott 32/pause 1000/end",
        "mysteryBook": "pause 400/speak Elliott \"Ëĥ§¨Ò¡ã˪àÇÅÒàƒÂ¹ÍԒ¹Ò¹ ĉ¹¢ÍɰƁã¨àÊ¹Í Ëę§ȚÍà˕ÁáÃ¡¢Í§ĉ¹: 'ËÍ¤ÍÂƺ˿Ò (Blue Tower)'... ġ¹àʛ¹àҳÍ§ǥ¡ĥº àËȉÍ¸ÃÃÁªÒŵ¢Í§ ªÒÇŴÊâ·àƫÂˉÐ\"/animate Elliott false true 1000 33 33 34/pause 500/speak Elliott \"Chapter One.#$b#à§ÒńÒ·ǡ¹ чä˴áˌ¢ÂÒÂàˢÒÁÒ ËÒªÒÂڌËѹ§ 'ÊħÊƤµÍ¹ϔÒˇÒ¹ɵ' à¢Òɮ´˴ÇÂ»Ò¡чϊ¹à·Ò ɤàËȑÍ¹ɵ¨Ðá»Å¡ã¨ '¹ÒÂړҚÍ¢Í§ĉ¹ä˴Ģ§ä§?'\"/playMusic none/globalFade/viewport -100 -100/pause 1000/warp Sebastian -1000 -1000/warp Sam -1000 -1000/warp Abigail -1000 -1000/warp Jodi -1000 -1000/warp Robin -1000 -1000/warp Demetrius -1000 -1000/warp Shane -1000 -1000/warp Maru -1000 -1000/warp Pierre -1000 -1000/warp Caroline -1000 -1000/viewport 14 11 true/pause 1000/speak Elliott \"ɵ àʊ¤¡ÃÐà͛Ò¢Í§ à¨ɩ ¨Ò¡Թ¹ʁȒ¹ע¹ á̅ÇàŴ¹ä»Ģ§̋Í§¹Í¹ à¢Ò¾ºȡ­á¨ƺ·Í§´Í¡àʥ¡æ à¢ÒÊÍ´ġ¹àˢÒä»ã¹ ¡ÃÐà͛ÒàغÍâˤµ¢Í§ĕÇàÍ§\"/stopAnimation Elliott/showFrame Elliott 34/pause 800/speak Elliott \"àÍÒ˕Ð Թ¹ʁáʴĕÇÍ˒Ò§ Ëę§ȚÍ¾̃ÍÁÅÒÂàʋ¹¢Í§ĉ¹ ч¨ÐÇÒ§¢ÒÂчḁ̂Ð˴Ò¹Ë˹Ò ¢ÍºȤ³чÁÒ˓ÇÁ§Ò¹¹Ð!$h\"/faceDirection Lewis 3/faceDirection Marnie 1/faceDirection Emily 2 true/faceDirection Clint 1/move Elliott 0 4 3/faceDirection farmer 1/pause 600/speak Elliott \"ä§ ġ¹àʛ¹ä§˺Ò§?\"/emote farmer 32/speak Elliott \"¢ÍºȤ³ÁÒ¡$h#$b#ړäËÁ ¼Áä˴äÍàƤÂàҳÍ§Է§ËÁ´ ÁÒ¨Ò¡Ȥ³àÅÂ¹Ð ĸÒä˴ՁÂ?#$b#Թ¹àÅÂàʛ¹àËȵ¼Å ч¼ÁӗÁà·Í˒Ò§Ëę¡ã̋āºġ¹ ʁàҮÍȤ³...$l\"/move Elliott -1 0 3/emote Elliott 32/pause 1000/end",
        "romanceBook": "pause 400/speak Elliott \"Ëĥ§¨Ò¡ã˪àÇÅÒàƒÂ¹ÍԒ¹Ò¹ ĉ¹¢ÍɰƁã¨àÊ¹Í ¹ÇŹÂÒÂàҳÍ§áÃ¡¢Í§ĉ¹: 'Ê¶ÒƩ´Í¡¤ÒƁàƵÂ (Camellia Station)'... ġ¹àʛ¹ŹÂÒÂâÃáÁ¹ŵ¡ ÃÐË˗Ò§¾ę¡§Ò¹ÊÒÇº¹Ã¶ä¿ ڌż´Ëħ§āº¤ÇÒÁģ¡ āºÊ¶Ò»Ź¡ę¡àŴ¹·Ò§...\"/animate Elliott false true 1000 33 33 34/pause 500/speak Elliott \"º·чËѹ§#$b#'Ȥ³ڌªÒÂ¤ģº ݘÇ¢Í§Ȥ³˕Ð?' ¾ę¡§Ò¹µÃÇ¨ݘÇ¹ÒÁ '̑Í«áÁ¹' Ҳ¹ȑÍчÊÇÁȶ§ȑÍ¢Í§à¢Ò ä»ËÒڌâ´ÂÊÒÃËәÁ '˝Ò ÃÍá»ºǙ§¹Ð' ڌâ´ÂÊÒÃµÍº¾ÅÒ§̅Ç§ȑÍ àˢÒä»ËÒã¹¡ÃÐà͛ÒàغÍâˤµ à¢ÒړǪ¡µ¡ã¨àұÍ¾º˗Ò ݘÇä˴ËÒÂä»á̅Ç\"/playMusic none/globalFade/viewport -100 -100/pause 1000/warp Sebastian -1000 -1000/warp Sam -1000 -1000/warp Abigail -1000 -1000/warp Jodi -1000 -1000/warp Robin -1000 -1000/warp Demetrius -1000 -1000/warp Shane -1000 -1000/warp Maru -1000 -1000/warp Pierre -1000 -1000/warp Caroline -1000 -1000/viewport 14 11 true/pause 1000/speak Elliott \"...'¤ÅÒ˓Ò ¼ÁƱºÒ§Í˒Ò§ ч¨Ð˵Í§ºÍ¡Ȥ³' à¢Òɮ´ע¹ ¢³Ðà¸ÍıÒĥ§¨ÐàŴ¹¨Ò¡ä» ¤ÅÒ˓Òī¹ÁÒÍ˒Ò§˪Òæ áÅÐÁÍ§àˢÒä»ã¹µÒ¢Í§ âÎÃÒŷâ̍ Í˒Ò§֪¹Ëħ§ Ĉ§ËÇÐԹ¹àÍ§ч ̑Í«áÁ¹ ä˴àŴ¹àˢÒÁÒ ãºË˹Ò¢Í§à¢Òá´§ϑÒ\"/stopAnimation Elliott/showFrame Elliott 34/pause 800/speak Elliott \"àÍÒ˕Ð Թ¹ʁáʴĕÇÍ˒Ò§ Ëę§ȚÍ¾̃ÍÁÅÒÂàʋ¹¢Í§ĉ¹ ч¨ÐÇÒ§¢ÒÂчḁ̂Ð˴Ò¹Ë˹Ò ¢ÍºȤ³чÁÒ˓ÇÁ§Ò¹¹Ð!$h\"/faceDirection Lewis 3/faceDirection Marnie 1/faceDirection Emily 2 true/faceDirection Clint 1/move Elliott 0 4 3/faceDirection farmer 1/pause 600/speak Elliott \"ä§ ġ¹àʛ¹ä§˺Ò§?\"/emote farmer 32/speak Elliott \"¢ÍºȤ³ÁÒ¡$h#$b#ړäËÁ ¼Áä˴äÍàƤÂàҳÍ§Է§ËÁ´ ÁÒ¨Ò¡Ȥ³àÅÂ¹Ð ĸÒä˴ՁÂ?#$b#Թ¹àÅÂàʛ¹àËȵ¼Å ч¼ÁӗÁà·Í˒Ò§Ëę¡ã̋āºġ¹ ʁàҮÍȤ³...$l\"/move Elliott -1 0 3/emote Elliott 32/pause 1000/end",
        "0/n somethingToDonate/l somethingWasDonated": "libraryTheme/29 12/farmer 22 13 1 Gunther 31 12 2/removeQuest 23/addQuest 24/skippable/pause 1000/showFrame Gunther 4/pause 500/showFrame Gunther 0/pause 500/showFrame Gunther 12/pause 500/showFrame Gunther 0/pause 1000/showFrame Gunther 1/pause 500/speak Gunther \"˺Ò¨ƃ§æ...#$b#äˑƱĪ¡֊¹ ¨Ò¡ã¹Ȫ´ÊÐÊÁàÅÂ\"/move farmer 7 0 1/showFrame Gunther 12/pause 800/emote Gunther 16/jump Gunther/pause 800/speak Gunther \"ÍÐäÃ¹Ð? Ȥ³¾ºÍÐäÃºÒ§Í˒Ò§àËÃÍ? ¢Íĉ¹ɤËˉÍÂ!\"/move farmer 0 -1 1/move farmer 1 0 1/pause 500/playSound coin/animate Gunther false true 500 2 3/pause 3000/speak Gunther \"ĸÒä˴á̅Ç!#$b#ġ¹àʛ¹ħµȶâºÃÒ³ чàʱÒÁÒ¡æ#$b#ĉ¹ÍÂÒ¡¨ÐǨ¡ÉÒġ¹ ã̋Ƥ¡˗Ò׉ á˅˗Òà˨Òщġ¹àʛ¹¢Í§ ¢Í§Ȥ³ˉÐƊ\"/stopAnimation Gunther/showFrame Gunther 12/pause 1000/speak Gunther \"țÁÁÁÁ...#$b#ĉ¹ÍÂÒ¡¨Ð¶ÒÁËˉÍÂ˗Ò#$b#Ȥ³ÊÒÁÒÃ¶àÍÒħµȶâºÃÒ³ (artifacts) ËȓÍá˓ (minerals) ч¾ºÁÒºƃ¨Ò¤ã̋Ƨä˴äËÁ?#$b#àÃÒ¨Ð ŇÒ¡ÒÃˤ¹¾ºä»˴ÇÂā¹!#$b#â̍ ã¤Ã¨Ðړ... ˶ÒȤ³ºƃ¨Ò¤ˊÍÂæ ¼ÁÍÒ¨¨ÐĚ§àƍ­à¨ÍЪ§¢Í§ ч¨ÐÁÍºã̋Ȥ³ʁä˴\"/pause 1000/showFrame Gunther 0/pause 500/speak Gunther \"¨ÐÅÍ§Ť´ɤՁÂ˕Ð?#$b#˶ÒȤ³˵Í§¡ÒÃºƃ¨Ò¤ áʴŉÒġ¹ÁÒÇÒ§ä̇чḁ̂ÐàÍ§\"/move farmer -3 0 2 true/pause 400/showFrame Gunther 1/proceedPosition farmer/move farmer 0 1 3/move farmer -7 0 3 true/pause 1000/globalFade/viewport -1000 -1000/end"
    }
}
