{
    "header": {
        "target": "w",
        "formatVersion": 5,
        "hidef": true,
        "compressed": 128
    },
    "readers": [
        {
            "type": "Microsoft.Xna.Framework.Content.DictionaryReader`2[[System.String, mscorlib, Version=4.0.0.0, Culture=neutral, PublicKeyToken=b77a5c561934e089],[System.String, mscorlib, Version=4.0.0.0, Culture=neutral, PublicKeyToken=b77a5c561934e089]]",
            "version": 0
        },
        {
            "type": "Microsoft.Xna.Framework.Content.StringReader",
            "version": 0
        }
    ],
    "content": {
        "6963327/f Abigail 3500/O Abigail/t 610 1700": "continue/-100 -100/farmer 39 14 0 golem 37 15 0 Abigail -100 23 0/addWorldState golemGrave/makeInvisible 37 11 5 7/skippable/pause 1000/viewport 39 11 clamp true/move farmer 0 -3 0/doAction 39 10/pause 500/doAction 39 10/pause 1000/move farmer 1 0 0/playMusic none/pause 100/doAction 39 10/playSound rockGolemSpawn/move Golem 0 -4 0/doAction 39 10/move Golem 2 0 1/pause 500/faceDirection farmer 3/pause 300/playSound rockGolemHit/pause 100/faceDirection farmer 2 true/animate farmer false true 100 94/jump farmer/pause 700/showFrame Golem 5/specificTemporarySprite swordswipe 39 11/playSound swordswipe/pause 250/playSound hitEnemy/startJittering/positionOffset farmer 8 0/pause 20/positionOffset farmer 8 0/pause 20/positionOffset farmer 8 0/pause 20/positionOffset farmer 8 0/pause 20/positionOffset farmer 8 0/pause 20/positionOffset farmer 8 0/pause 20/positionOffset farmer 8 0/pause 20/positionOffset farmer 8 0/playSound clubhit/stopJittering/pause 20/showFrame Golem 4/showFrame farmer 5/pause 1000/move Golem 1 0 1/warp Abigail 49 14/animate Golem false true 150 4 5 6 7/move Abigail -5 0 3/jump Abigail/animate Abigail false true 100 32/speak Abigail \"*̍Ò»Ò¡ˤÒ§*...!$7\"/stopAnimation Abigail/speed Abigail 8/move Abigail -5 0 0/speed Abigail 8/move Abigail 0 -3 1/pause 250/animate Abigail false false 200 50 51/specificTemporarySprite swordswipe 39 11/playSound swordswipe/pause 250/playSound rockGolemHit/stopAnimation Golem/shake Golem 250/faceDirection Golem 3 true/pause 500/animate Abigail false false 200 50 51/specificTemporarySprite swordswipe 39 11/playSound swordswipe/pause 250/playSound rockGolemHit/stopAnimation Golem/shake Golem 250/pause 250/animate Abigail false false 200 50 51/specificTemporarySprite swordswipe 39 11/playSound swordswipe/pause 250/playSound rockGolemDie/specificTemporarySprite golemDie/warp Golem -100 -100/pause 750/playMusic echos/speed Abigail 4/move Abigail 1 0 1/pause 700/animate Abigail false true 100 39/pause 100/emote Abigail 28/pause 400/speak Abigail \"@...?$6\"/pause 1000/speak Abigail \"@... à¸ÍâÍà¤äËÁ?$6\"/pause 1500/startJittering/pause 500/stopJittering/pause 1000/startJittering/pause 500/stopJittering/pause 1000/stopAnimation farmer/showFrame farmer 0/jump farmer/pause 250/stopAnimation Abigail/showFrame Abigail 4/pause 500/faceDirection farmer 3/speak Abigail \"àËȑÍ¹¨Ðáʴ ¶ÅÍ¡Ź´ËˉÍÂ... à¸ÍŇÒã̋ĉ¹àʛ¹˛Ç§¹Ð!\"/pause 450/animate Abigail true true 100 33/positionOffset Abigail 8 0/positionOffset farmer -8 0/animate farmer true true 100 101/pause 1500/positionOffset farmer 8 0/positionOffset Abigail -8 0/stopAnimation farmer/stopAnimation Abigail/showFrame Abigail 4/pause 1300/faceDirection Abigail 2/pause 800/move Abigail 0 1 2/faceDirection farmer 2/pause 500/move farmer 0 1 3/emote Abigail 28/pause 1200/speak Abigail \"©..ĉ¹äˑà¤Âá́á˅¨Ð ʶÒÁ´Ī¡ĕÇã¹ƚƇµ ÁÒʱÍ¹àÅÂ¹Ð...$s\"/pause 700/faceDirection Abigail 1/pause 550/quickQuestion #ġ¹ˉÒàÈ̃Ò¹Ð á˅ġ¹ʁäˑƱ·Ò§àȕÍ¡ҽ¹#àÃÒäˑ¤ÇÃч¨Ð àʫ¹Í¡àʫ¹ã¨ ¾Ç¡ÁÍ¹ÊàµÍΓƊ!#ĢÂËɩ âÅ¡׉ġ¹âË´̃ÒÂ#à¸Í¨ÐʶÒà¢ÒäËÁ˕Ð?(break)speak Abigail \"ؽÁ... ɦ¡á̅Ç.. ĉ¹ŇÒЪ§ч¤ÇÃ¨ÐŇÒÅ§ä»$s#$b#âÅ¡ãº׉¤§¨Ðàʛ¹чч ã˪ƚƇµÂÒ¡¾Í¤ÇÃàÅÂƊ¹Ð äˑ˗Ò¨Ðàʛ¹à¸ÍËȓÍà¢Ò ãʺäËÁ?$6\"(break)speak Abigail \"...äˑãʺ˗Ò¾Ç¡à¢Ò áʴ¾ÂÒÂÒÁ¨ÐàÍÒƚƇµÃÍ´ àËȑÍ¹āºàÃÒàËÃÍ?$s#$b#¾Ç¡à¢ÒÍÒ¨¨Ðàʛ¹ Ĩµɳ¢Í§àÃÒʁä˴ á˅ĉ¹Ť´˗Ò ¾Ç¡à¢Ò¤ÇÃ¨Ðä˴ģº ¤ÇÒÁàÁµµÒ˺Ò§Ɗ$6#$b#ĉ¹¨ÐŇÒã¹Ъ§ч˵Í§ŇÒ$6\"(break)speak Abigail \"țÍ? àҳÍ§µÅ¡¾Ç¡Թ¹ ÁÒ¨Ò¡¤¹чàО§ä˴ģº ¡ÒÃʺÇÂƚƇµÁÒàщÂ¹Ð...$h#$b#á˅... ʁãʺ... ºÒ§¤Ճ§¤ÇÒÁ¨ƃ§ʁĚ§Ąº ã̋àÃÒŇÒã¹Ъ§ч äˑÍÂÒ¡ŇÒ... ĉ¹˗Òĉ¹¤§¨Ð˵Í§àƳÂ¹ړġ¹ ã̋àˢÒã¨ÁÒ¡¡˗Ò׉Ɗ¹Ð$6\"(break)speak Abigail \"щ! ĉ¹ʺÇÂà¸Íä̇äˑãʺËÃÍ ºÒ§Ƨà¸Í¤ÇÃч¨ÐŤ´ǖ§ àҳÍ§Թ¹á·¹ч¨ÐŇÒ ã̋ĉ¹ړǪ¡ż´¹Ð$a\"\\pause 600/pause 500/emote Abigail 40/pause 500/speak Abigail \"ğ§¹Ð... ˅Í¨Ò¡׉à¸Í¨Ð˵Í§ÃÐħ§ĕÇ ã̋ÁÒ¡¡˗Ò׉ ĉ¹äˑÍÂÒ¡¨ÐàƺÂà¸Íä» \"/pause 500/animate Abigail true true 100 33/positionOffset Abigail 8 0/positionOffset farmer -8 0/animate farmer true true 100 101/specificTemporarySprite heart 40 11/pause 2000/positionOffset farmer 8 0/positionOffset Abigail -8 0/stopAnimation farmer/stopAnimation Abigail/showFrame Abigail 4/pause 1300/faceDirection Abigail 2/faceDirection farmer 2/pause 500/animate Abigail false true 100 0 1 2 3/positionOffset Abigail 0 2/pause 50/positionOffset Abigail 0 2/pause 50/positionOffset Abigail 0 2/pause 50/positionOffset Abigail 0 2/pause 50/positionOffset Abigail 0 2/pause 50/positionOffset Abigail 0 2/pause 50/positionOffset Abigail 0 2/pause 50/positionOffset Abigail 0 2/pause 50/positionOffset Abigail 0 2/pause 50/positionOffset Abigail 0 2/pause 50/positionOffset Abigail 0 2/pause 50/positionOffset Abigail 0 2/pause 50/positionOffset Abigail 0 2/pause 50/stopAnimation Abigail/pause 500/showFrame Abigail 26/pause 100/showFrame Abigail 27/pause 600/speak Abigail \"ã̋à¢ÒĞ¡á¶Çæ ׉ щáËÅÐ... âÍà¤ՁÂ?$6\"/pause 600/fade/viewport -1000 -1000/pause 1000/playSound dirtyHit/pause 600/playSound dirtyHit/pause 600/playSound dirtyHit/pause 600/playSound dirtyHit/pause 2000/end dialogue Abigail \"ƤĈ§ чħ¹׉ĉ¹àÍÒ´Òºŵ´ĕÇÁÒ˴ÇÂ !$6\""
    }
}
