{
    "header": {
        "target": "w",
        "formatVersion": 5,
        "hidef": true,
        "compressed": 128
    },
    "readers": [
        {
            "type": "Microsoft.Xna.Framework.Content.DictionaryReader`2[[System.String, mscorlib, Version=4.0.0.0, Culture=neutral, PublicKeyToken=b77a5c561934e089],[System.String, mscorlib, Version=4.0.0.0, Culture=neutral, PublicKeyToken=b77a5c561934e089]]",
            "version": 0
        },
        {
            "type": "Microsoft.Xna.Framework.Content.StringReader",
            "version": 0
        }
    ],
    "content": {
        "38/f Penny 2500/t 1900 2400/n pennySpa": "echos/-1000 -1000/farmer 13 23 2 Penny 9 29 1/swimming farmer/swimming Penny/skippable/showFrame Penny 31/viewport 13 27 true/pause 2000/playSound slosh/move farmer 0 6 3/positionOffset farmer 0 16/pause 700/speak Penny \"à¸ÍÍԒщщàÍ§... ĉ¹ıÒĥ§ā§ÇÅÍԒàÅÂ˗Òà¸Í äˑä˴ģºâ˹µ¢Í§ĉ¹ǣà»˕Ò$6\"/playSound slosh/move Penny 1 0 1/pause 1500/faceDirection Penny 0/speak Penny \"ɤàËȑÍ¹˗Ò àÃÒ¨Ðä˴ÍԒ˴ÇÂā¹µÒÁŕÒĞ§ á̅Ç¹Ð$8\"/pause 800/speak Penny \"թÒıÒĥ§ӭ¹ä˴чàÅÂ Ëĥ§¨Ò¡ˌÒ¹¤ÇÒÁË¹ÒÇÁÒ ¨Ò¡ˢÒ§¹Í¡ι¹ ˗ÒՁÂ?$6\"/faceDirection farmer 0/pause 1300/faceDirection Penny 1/pause 500/playSound slosh/move Penny 1 0 1/faceDirection farmer 3/speak Penny \"$q -1 null#ړäËÁŇÒäÁĉ¹ǖ§ àƳÂ¡à¸ÍÍÍ¡ÁÒǴ¹׉ˉÐ?$8#$r -1 0 event_pool1#à¸ÍƱºÒ§Í˒Ò§ ¨ÐºÍ¡ĉ¹ԧ¹àËÃÍ#$r -1 0 event_pool2#ĉ¹ʁäˑړàËȑÍ¹ā¹#$r -1 0 event_pool3#à¸ÍáʴÍÂÒ¡ɤĉ¹ ã¹Ȫ´ÍÒºթÒƊ¹Ð\"/faceDirection Penny 3/pause 800/faceDirection Penny 1/speak Penny \"ȝÁÁ ĉ¹¨Ðɮ´Ģ§ä§Ƥ˕Ð...$8\"/pause 1000/playSound slosh/move Penny 1 0 1/pause 500/speak Penny \"ĉ¹ËÁÒÂ¤ÇÒÁ˗Ò чĉ¹¨ÐºÍ¡à¸ÍʁǴÍ... ¤ÇÒÁړǪ¡¢Í§ĉ¹ˉÐ¹Ð$8#$b#ĉ¹äˑÊÒÁÒÃ¶Ëɂ´Ť´ǖ§àҳÍ§ à¸Íä˴àÅÂá́á˅Ź´àƤÂÇ...$8#$b#ĉ¹äˑà¤ÂړǪ¡áºº׉ āºã¤ÃÁÒʱÍ¹àÅÂ˕Ð$8\"/speak Penny \"$q -1 null#...$8#$r -1 0 event_pool4#ĉ¹ʁړǪ¡àËȑÍ¹āºà¸Í¹Ð#$r -1 -1500 event_pool5#¢Íâ·É¹Ð á˅ĉ¹äˑä˴ªÍºà¸Í...\"/fork pennyHeartbroken/pause 1000/showFrame Penny 32/pause 200/playSound slosh/positionOffset Penny 2 0/pause 50/positionOffset Penny 2 0/pause 50/positionOffset Penny 2 0/pause 50/positionOffset Penny 2 0/positionOffset farmer -2 0/pause 50/positionOffset Penny 2 0/positionOffset farmer -2 0/pause 50/eyes 1 -10000/positionOffset Penny 2 0/positionOffset farmer -2 2/pause 50/positionOffset Penny 2 0/positionOffset farmer -2 0/pause 50/positionOffset Penny 2 0/positionOffset farmer -2 0/pause 50/positionOffset Penny 2 0/positionOffset farmer -2 0/pause 50/positionOffset Penny 2 0/positionOffset farmer -2 0/specificTemporarySprite heart 13 29/pause 1200/globalFade/viewport -1000 -1000/pause 2000/stopSwimming farmer/stopSwimming Penny/end warpOut",
        "pennyHeartbroken": "move Penny 0 -2 0/faceDirection farmer 0/shake Penny 5000/globalFade/viewport -1000 -1000/stopSwimming farmer/stopSwimming Penny/end warpOut"
    }
}
