{
    "header": {
        "target": "w",
        "formatVersion": 5,
        "hidef": true,
        "compressed": 128
    },
    "readers": [
        {
            "type": "Microsoft.Xna.Framework.Content.DictionaryReader`2[[System.String, mscorlib, Version=4.0.0.0, Culture=neutral, PublicKeyToken=b77a5c561934e089],[System.String, mscorlib, Version=4.0.0.0, Culture=neutral, PublicKeyToken=b77a5c561934e089]]",
            "version": 0
        },
        {
            "type": "Microsoft.Xna.Framework.Content.StringReader",
            "version": 0
        }
    ],
    "content": {
        "13/f Haley 1500/z winter/t 1000 1600": "desolate/35 11/farmer 35 3 2 Haley 35 11 2/speed Haley 4/skippable/move Haley -2 0 3/pause 300/faceDirection Haley 2/move Haley 4 0 1/pause 300/faceDirection Haley 0/move Haley -2 0 2/emote Haley 28/move farmer 0 5 2/faceDirection Haley 0/emote Haley 16/speak Haley \"@! ÁÒщËˉÍÂ àʣÇàˢÒ!$s\"/move farmer 0 2 2/speak Haley \"ıÒäÅ¢Í§ĉ¹ ġ¹ËÒÂä»á̅Ç! ĉ¹ĸÒä˴˗Ò ʱÍ¹ĉ¹¨ÐÁÒǖ§чщ ĉ¹Ģ§ã˚ġ¹ÍԒàÅÂ¹Ð...$s#$b#á˅µÍ¹׉ġ¹Ĕ¹ËÒÂä»á̅Ç á¶Áĉ¹ʁËÒġ¹äˑà¨Í˴ÇÂ...$s\"/emote farmer 16/faceDirection farmer 3/faceDirection farmer 1/faceDirection farmer 2/emote farmer 8/speak Haley \"$q 48 null#äˑƱÍÐäÃ ¨ÐÁÒ·´á·¹ġ¹ä˴ËÃÍ¡...$s#$r 48 -30 Event_beach1#äˑ˵Í§˛Ç§ à݋ÂÇĉ¹¨Ð؛Íĭ¹ãËˑã̋àÍ§!#$r 48 50 Event_beach2#àƺÂã¨˴ÇÂ¹Ð...\"/faceDirection Haley 2/move farmer 1 0 2/move farmer 0 1 3/pause 500/faceDirection farmer 2/pause 600/showFrame Haley 22/pause 500/speak Haley \"¢Íâ·É¹Ð¤ÐȤ³˒Ò ËɩŇÒıÒäÅˢÍȑÍĭ¹ŚÒĄ­ ¢Í§Ȥ³˒ÒËÒÂä»á̅Ç Â¡â·Éã̋Ëɩ˴ÇÂ¹Ð¤Ð$s\"/playMusic ocean/pause 1000/message \"à¸ÍˉÒ¨ÐŇÒġ¹µ¡ ä̇á¶Çæ ׉ËȓÍà»˕Ò¹Ð?\"/playerControl haleyBeach/globalFade .015/viewport -1000 -1000/warp farmer 36 11/faceDirection farmer 3/positionOffset farmer 0 16/faceDirection Haley 1/pause 500/viewport 35 11 true/pause 800/playMusic sadpiano/speak Haley \"ι¹ġ¹...?$8\"/emote Haley 16/jump Haley/pause 600/speak Haley \"à¸ÍËÒġ¹à¨Í!$h\"/showFrame Haley 23/positionOffset Haley 2 0/pause 50/positionOffset Haley 2 0/pause 50/positionOffset Haley 2 0/pause 50/positionOffset Haley 2 0/pause 50/positionOffset Haley 2 1/pause 50/positionOffset Haley 2 1/pause 50/positionOffset Haley 2 1/pause 50/eyes 5 -5000/positionOffset Haley 2 1/pause 50/positionOffset Haley 2 0/pause 50/positionOffset Haley 2 0/pause 50/positionOffset Haley 2 0/pause 50/positionOffset Haley 2 0/pause 50/positionOffset Haley 2 0/pause 50/speak Haley \"¢ÍºȤ³ÁÒ¡¨ƃ§æ @ à¸ÍʺÇÂƚƇµĉ¹ä̇ÁÒ¡æ àÅÂ\"/eyes 1 -5000/pause 3000/speak Haley \"ĉ¹¨ÐäˑȕÁáˉ¹Í¹ ŚÒËģºàҳÍ§ã¹ħ¹׉$l\"/end dialogue Haley \"ĉ¹ŵ´Ë׉à¸Í¨ƃ§æ @\"",
        "20/f Alex 500/z winter/p Alex/w sunny": "playful/-100 -100/farmer 27 7 2 Alex 25 17 2/showFrame Alex 23/skippable/animate Alex false true 125 16 17 18 19 20 21 22 23 23 23 23 23 23 23 23 23 23 23 23/viewport 28 14 true/move farmer 0 10 2/stopAnimation Alex/showFrame Alex 24/pause 600/showFrame Alex 23/speak Alex \"à̽Ð ˗Òä§\"/pause 300/emote Alex 40/speak Alex \"ȝÁ à¸ÍǴÍ @ ãʺäËÁ?\"/pause 800/faceDirection farmer 3/pause 800/faceDirection farmer 2/speak Alex \"¼ÁáʴıÒĥ§à¾ƅ¹āº ÊÀÒ¾ÍÒ¡ÒÈ чáʸÁãÊщÍԒˉÐ @\"/pause 1000/faceDirection Alex 1/pause 500/showFrame Alex 24/speak Alex \"ȝÁÁ...$u#$b#âÍà¤ àУÁä˴!$h\"/pause 500/move farmer 2 0 3/pause 1000/showFrame Alex 4/animate Alex false false 80 24 25 25 26 4/pause 240/playSound throw/animate farmer true true 100 30/specificTemporarySprite joshFootball/null/pause 500/stopAnimation farmer/pause 700/speak Alex \"˞Ò˞Ò...ģºä˴ÊÇÂ\"/pause 500/move farmer -2 0 2/pause 800/faceDirection Alex 2/speak Alex \"ĉ¹¨Ðàʛ¹ę¡à˕¹ģ¡׊ ȑÍÍÒƚ¾¤¹áÃ¡ ¨Ò¡ÊµÒΓŴÇáÇÅѕ... ĉ¹Ť´ä̇ÍԒá̅Ç˕Ð#$b#ĉ¹à¤ÂŉÒƧÁ¢Í§âÃ§àƳÂ¹ àˢÒÃÍºÃÍ§ª¹ÐàƅÈ ÃÐĔºà¢µÁÒá̅Ç˴ÇÂ... µÍ¹׉ĉ¹ʁáʴǝ¡½¹ ã̋ĕÇàÍ§áʂ§á¡˓§ע¹ ĉ¹¨Ðä˴ƱҚÍ ÍԒã¹ÃÒÂҚÍ¢Í§ àȑÍ§ɛɛ¤ÍÂɤà¶ÍÐ!\"/pause 1000/question fork1 \"#ĉ¹àҚÍρ¹ã¹ĕÇ¹ÒÂ¹Ð!#âËËË ¹ÒÂщÍÇ´ƤĈ§¹Ð\"/fork arrogantJosh/faceDirection Alex 1/pause 500/speak Alex \"¢ÍºȤ³¹Ð @ ĉ¹¨ÐäˑȕÁàÅÂ˕Ð\"/move Alex 1 0 1/pause 500/end dialogue Alex \"à̎ ġ¹ÍÍ¡¨ÐÊȹ¡ ˗ÒՁÂ?\"",
        "arrogantJosh": "pause 500/faceDirection Alex 3/emote Alex 12/faceDirection Alex 2/speak Alex \"țÁÁÁ... àËȑÍ¹¨ÐƱºÒ§¤¹ıÒĥ§ ƍ¨©ÒÍԒ¹Ð$a\"/move Alex 0 -15 0 true/speak Alex \"¼Áä»ʱÍ¹˕Ð¹Ð$a\"/faceDirection farmer 0/end dialogue Alex \"...$a\"",
        "288847/f Alex 2000/p Alex/w sunny": "ocean/-100 -100/farmer 52 13 2 Alex 53 24 2/showFrame Alex 38/skippable/viewport 53 24 true/pause 2000/speak Alex \"*¡ÃÐū¡ ¡ÃÐū¡*...$s\"/move farmer 0 11 2/pause 1000/showFrame Alex 36/pause 500/showFrame Alex 37/pause 500/speak Alex \"̽Ð... @ Ȥ³àʫ¹¼Á̃Í§ä̋ ԧ¹àËÃÍ$s\"/pause 500/showFrame Alex 36/pause 1000/showFrame 95/pause 2000/speak Alex \"ġ¹àʛ¹ħ¹чàËȑÍ¹āºħ¹׉ àұÍ 12 ƫʱÍ¹... ħ¹чáˑ¢Í§¼ÁµÒÂˉÐ$9\"/pause 1000/speak Alex \"¼ÁĢ§ĸÒáˑä˴ƤàÅÂ... áˑŇÒ á«¹΄ƇªīÇäªà˷ÒÍºà¡ȕÍ ã̋¼Áàʛ¹ÍÒËÒÃ¡ÅÒ§ħ¹... áÅÐâÂ¹ɵ¡ģ¡׊ à˕¹āº¼ÁчÊÇ¹Ëĥ§˺Ò¹$9#$b#à¸ÍɤáÅ¼Á Í˒Ò§ƤàÅÂáËÅÐ... á˅¼ÁĢ§àʔ¡àš¹ä» ч¨Ðɮ´ĴÒ˗Ò '¢ÍºȤ³' á˅µÍ¹׉ áˑ¨Ò¡¼Áä»á̅Ç ¨Ò¡ä»µÅÍ´¡ÒÅàÅÂ$9\"/pause 1000/showFrame Alex 38/pause 1000/speak Alex \"щǴÍ¢Í§Ъ§Ɋ´˷ÒÂ чà¸Í֗§ä̇ã̋¼Á... ¡˕Í§´¹µƳĥº¢Í§à¸Í$s\"/pause 1000/playSound openBox/showFrame Alex 35/pause 500/playMusic tinymusicbox/pause 10000/specificTemporarySprite JoshMom/pause 20000/playMusic ocean/pause 900/showFrame Alex 37/pause 900/showFrame Alex 36/pause 800/speak Alex \"$q -1 null#µÍ¹׉... à¸ÍŤ´Ģ§ä§˺Ò§˕Ð @?$9#$r -1 0 event_box1#¹ÒÂ˵Í§ŇÒã̋ƤчɊ´ àҮÍàʛ¹àƑÂÃŵ áʱ¤ÇÒÁ·Ã§ĸÒ¢Í§áˑ¹ÒÂ#$r -1 0 event_box2#¹ÒÂäˑ¤ÇÃä»Ǣ´ŵ´āºÍƤµ¹Ð#$r -1 0 event_box3#ĉ¹¨ÐÍԒāº¹ÒÂµÃ§׉ ÂÒÁч¹ÒÂâ´´àфÂÇ#$r -1 0 event_box4#ŇÒã¨«Ðà¶ÍÐ ƚƇµġ¹ʁӢ§àËƂ§ ŚÒËģºȷ¡¤¹\"/pause 1000/showFrame Alex 36/pause 1000/speak Alex \"àÍÒàËÍÐ ġ¹ɤä̃ÊÒÃÐ чÁÒι§ÊÐǭ¡ÊÐؽ¹áºº׉... ¡ĥºàˢÒàȑÍ§ā¹Ƥ¡˗Ò$9\"/showFrame Alex 0/stopAnimation farmer/move Alex 0 -2 0 true/move farmer 0 -2 0 false/pause 1000/faceDirection Alex 3/pause 800/speak Alex \"ȝÁ... @?$9\"/pause 800/faceDirection farmer 1/pause 500/speak Alex \"Í˒ÒºÍ¡ã¤Ã¹Ð ˗Ò¼Á̃Í§ä̋ âÍà¤ՁÂ?$7\"/pause 500/faceDirection farmer 2/animate farmer false true 100 102 103/pause 100/jump Alex/pause 1500/stopAnimation farmer/move farmer 0 -8 0 true/faceDirection Alex 0/emote Alex 16/speak Alex \"à̎!$7\"/move Alex 0 -8 0 true/globalFade/viewport -1000 -1000/end",
        "29/f Sebastian 2000/t 1200 2300/w rainy": "rain/12 38/farmer 12 29 2 Sebastian 12 39 2/skippable/move farmer 0 7 2/faceDirection Sebastian 0/pause 400/speak Sebastian \"@?\"/pause 500/move farmer 0 2 2/speak Sebastian \"à̎ á»Å¡ã¨àËȑÍ¹ā¹¹ÐàщÂ чÁÒà¨Íà¸ÍÍԒ¡ÅÒ§½¹áºº׉\"/pause 500/faceDirection Sebastian 2/pause 200/move farmer 1 0 2/move farmer 0 1 3/pause 500/faceDirection farmer 2/pause 1000/playMusic echos/pause 1000/speak Sebastian \"ɤ¾Ç¡ˡÍ¹àÁ˦ƺńÒ¾Ç¡Թ¹ чıÒĥ§ע¹ÁÒ¨Ò¡ ¢Íº˿ÒƊ...\"/pause 2000/speak Sebastian \"¼ÁËħ§˗Ò ¾Ç¡ġ¹ıÒĥ§¨ÐÁÒ·Ò§׉¹Ð\"/faceDirection farmer 3/pause 800/faceDirection farmer 2/pause 1000/speak Sebastian \"¼ÁªÍº ÊÀÒ¾ÍÒ¡ÒÈáºº׉ˉÐ ÃÒÇāº˗Ò ġ¹ŇÒã̋ȷ¡¤¹ËÒÂä» Í˒Ò§Թ¹áËÅÐ... ˗ÒäËÁ?#$b#ÍԒāºڌ¤¹àÂÍÐæ ġ¹ŇÒã̋¼ÁړǪ¡ ¡ÃÐÇ¹¡ÃÐÇÒÂˉÐ$s\"/faceDirection Sebastian 1/pause 400/faceDirection Sebastian 2/pause 400/speak Sebastian \"á˅¼Áäˑä˴ړǪ¡Í˒Ò§Թ¹ āºȤ³ËÃÍ¡$7\"/pause 2000/emote Sebastian 28/speak Sebastian \"¾Ç¡àÃÒàУÁàƫÂ¡ ä»Է§ĕÇá̅Ç¹Ð...\"/pause 900/showFrame Sebastian 39/animate Sebastian false false 300 37 38 39/pause 300/playSound cast/pause 280/specificTemporarySprite umbrella/pause 800/speak Sebastian \"˝Ðщ... Ʊч¾ÍƤāºàÃÒÊÍ§¤¹àÅÂ$7\"/pause 500/faceDirection farmer 3/animate farmer true true 100 6 7/playSound dwop/positionOffset farmer -2 0/pause 100/positionOffset farmer -2 0/pause 100/positionOffset farmer -2 0/pause 100/positionOffset farmer -2 0/pause 100/stopAnimation farmer/pause 800/faceDirection farmer 3/animate farmer true true 100 6 7/playSound dwop/positionOffset farmer -2 0/pause 100/positionOffset farmer -2 0/pause 100/positionOffset farmer -2 0/pause 100/positionOffset farmer -2 0/pause 100/stopAnimation farmer/pause 800/faceDirection farmer 3/animate farmer true true 100 6 7/playSound dwop/positionOffset farmer -2 0/pause 100/positionOffset farmer -2 0/pause 100/positionOffset farmer -2 0/pause 100/positionOffset farmer -2 0/pause 100/stopAnimation farmer/faceDirection farmer 2/pause 3500/end",
        "43/f Elliott 2500/w sunny/t 700 1300": "ocean/-1000 -1000/farmer 13 16 2 Elliott 13 27 1/specificTemporarySprite elliottBoat/skippable/viewport 17 26 clamp true/move farmer 0 8 2/faceDirection Elliott 0/speak Elliott \"à̎\"/move farmer 0 2 2/faceDirection Elliott 1/faceDirection farmer 1/speak Elliott \"ɤщƊ... ¼ÁʻÍÁàȓÍ¾ÒÂ чġ¹ÅÍÂÁÒÍԒË˹Ò˺Ò¹¼Á˴ÇÂ à͈§ãʺäËÁ˕Ð?\"/pause 500/faceDirection Elliott 0/pause 500/speak Elliott \"@... ʺÇÂàʛ¹àƑÂÃŵ ã¹¡ÒÃÍÍ¡àŴ¹·Ò§ ¤Ճ§áÃ¡¢Í§à¸Í ËˉÍÂä˴äËÁ?$l\"/faceDirection farmer 2/question fork1 \"ä»ā¹àÅÂՁÂ?#ä»Ɗ#äˑƤ¡˗Ò\"/fork NoToElliott/globalFade/viewport -1000 -1000/changeToTemporaryMap ElliottSea/playSound wateringCan/pause 1000/playSound wateringCan/playMusic 50s/warp farmer 26 20/positionOffset farmer 0 8/warp Elliott 26 20/showFrame Elliott 25/positionOffset Elliott 0 60/viewport 25 20 true/pause 5000/speak Elliott \"Ëę§ȚÍ¢Í§¼ÁʁÇÒ§¢ÒÂ ä»Ī¡Ğ¡á̅Ç... á˅ġ¹ʁäˑä˴¢ÒÂƤ ÍÐäÃÁÒ¡ę¡ËÃÍ¡ á˅ġ¹ä˴¤Ðá¹¹Ƈ¨ÒÃ΃ ¨Ò¡¾Ç¡ę¡Ƈ¨ÒÃ΃ƤÍԒ¹Ð#$b#¼ÁŇÒġ¹ äˑŚÒàʣ¨ËÃÍ¡ ˶Òäˑä˴ ıÒĥ§ã¨¨Ò¡Ȥ³$l\"/pause 1000/speak Elliott \"á˅¨ƃ§æ á̅Çġ¹ʁäˑɦ¡ËÃÍ¡ Ģ§ä§¼Á ʁŇÒġ¹ŚÒàʣ¨ÍԒƤ$h#$b#á˅¼ÁړǪ¡ »صÁÁÒ¡àÅÂ˕Ð чȤ³àҚÍρ¹ã¹ĕÇ¼Á... àҚÍã¹ƇĪÂėÈΉ¢Í§¼Á áÅÐʁ àЭÁÁ...\"/pause 500/speak Elliott \"àÍÍÍ... ǴÍ˗Ò¹Ð @? ¨Ðɮ´ä§Ƥ˕Ð...$8\"/emote Elliott 40/speak Elliott \"ʁ¹Ð ¾Ç¡àÃÒʁàʛ¹àҮÍ¹ā¹ ÁÒĪ¡Ğ¡á̅Ç... á˅¼Á... ¼ÁäˑړǪ¡˗Ò¼Á¨Ð ړǪ¡Í˒Ò§Թ¹ƽ¡á̅Ç$l\"/emote farmer 16/speak Elliott \"äˑ! ¼ÁäˑÍÂÒ¡¨Ð ĕ´ƁµÃÀÒ¾¢Í§àÃÒËÃÍ¡¹Ð!$8#$b#á˅ġ¹... ġ¹µÃ§ā¹ˢÒÁā¹àÅÂ˕Ð$l\"/pause 1000/emote Elliott 40/pause 500/speak Elliott \"...¨Ðɮ´Ģ§ä§Ƥ...?$l#$b#ǴÍ»¡ŵ ¼ÁäˑʴÍÂ¨Ðɮ´áºº׉ËÃÍ¡ ġ¹ɮ´äˑÍÍ¡ ǴÍáºº...\"/playMusic elliottPiano/pause 2500/showFrame Elliott 35/screenFlash 1/warp Elliott 26 20/positionOffset Elliott 24 8/positionOffset farmer -20 16/faceDirection farmer 1 true/showFrame 101/specificTemporarySprite heart 26 20/playSound dwop/pause 1500/startJittering/pause 700/speak Elliott \"$q -1 null#@? Ȥ³ıÒĥ§ĕÇϊ¹¹Ð...$l#$r -1 50 event_boat1#ĉ¹Ʊ¤ÇÒÁɊ¢Ĉ§#$r -1 -50 event_boat2#¹ÒÂıÒĥ§ŇÒã̋ĉ¹ړǪ¡ǭ´ĭ´ Ëɂ´¹Ð\"/stopJittering/fork tooBold/pause 1800/globalFade/viewport -1000 -1000/speak Elliott \"àÃÒ¤ÇÃ¨Ð¡ĥºʱÍ¹ чÅÁ·Ò§ã˵ ¨ÐĞ´ÁÒƤ¡˗Ò$l^â̍äˑ¹Ð... áÃ§ϊ¹¨Ò¡ĕÇȤ³ àƳÂ¡¾Ç¡»ÅÒ¤ƃÁĪ¹ÁÒ (Crimsonfish) ÁÒ... àÃÒ˵Í§ÍÍ¡ä»¨Ò¡чщá̅Ç$l\"/pause 1400/speak Elliott \"¾ÍÁÍ§ɤËԑ˺Ò¹ ¨Ò¡µÃ§׉á̅Ç... ġ¹ɤàËȑÍ¹āº '˺Ò¹' ע¹ÁÒ¡àÅÂ\"/pause 4000/speak Elliott \"*¶Í¹ËÒÂã¨*... щġ¹ħ¹ÍÐäÃā¹àщÂ...$l\"/end",
        "NoToElliott": "emote Elliott 16/pause 800/faceDirection Elliott 1/showFrame Elliott 31/pause 1000/emote Elliott 28/pause 600/speak Elliott \"¼ÁàˢÒã¨˕Ð$7\"/move farmer 0 -10 0 true/pause 800/end dialogue Elliott \"...$a\"",
        "733330/f Sam 750/w sunny/t 700 1500/z winter/y 1": "ocean/-1000 -1000/farmer 40 9 2 Sam 41 18 2 Vincent 43 22 2/skippable/animate Vincent false true 500 18 19/specificTemporarySprite beachStuff/viewport 42 19 true/move farmer 0 9 1/faceDirection Sam 3/speak Sam \"Ëħ´Ƥ @ àʛ¹ħ¹чƤà¹ÍÐ ˗ÒՁÂ?\"/faceDirection farmer 2/faceDirection Sam 2/pause 800/speak Sam \"¼ÁáʴÁÒ¤ÍÂɤ ˹Í§ªÒÂ¢Í§¼ÁˉÐ ġ¹ƤŚÒËģº˹Í§¢Í§¼Á чä˴ÍÍ¡ÁÒɺ´ÍÒ¡ÒÈƤæ ã¹ħ¹áºº׉\"/pause 1700/speak Sam \"ˎÍ¢Í§¾Ç¡àÃÒ ġ¡¨Ð¾Ò¾Ç¡àÃÒÁÒчªÒÂËÒ´ ã¹ħ¹чÍÒ¡ÒÈ Ê´ãÊáºº׉ȷ¡¤Ճ§$h\"/jump Vincent/stopAnimation Vincent/showFrame Vincent 0/pause 1000/move Vincent 0 -4 3/move Vincent -1 0 3/faceDirection Sam 1/faceDirection farmer 1/playMusic desolate/speak Vincent \"á«Á...?$u\"/pause 900/speak Vincent \"ˎÍ¨Ð¡ĥºÁÒ˺Ò¹ՁÂ?$s\"/emote Sam 28/showFrame Sam 34/pause 800/speak Sam \"áˉ¹Í¹Ƈ¹ͻ ˎÍ˵Í§¡ĥºÁÒáˉ¹Í¹ ė¹Ƨчà¢Ò¡ĥºÁÒä˴àÅÂ˕Ð$7\"/pause 600/speak Vincent \"á˅¼Áä˴Ƃ¹ ¤¹ȤÂā¹˗Ò... ¾Ç¡·ËÒÃԷ§ËÁ´ â´¹Ƃ§àʛ¹֊¹æ àÅÂ¹Ð$s\"/showFrame Sam 35/pause 1500/speak Sam \"Í˒Òä»àҚÍȷ¡Í˒Ò§ чä˴Ƃ¹ÁÒƊ!$8\"/showFrame Sam 4/speak Sam \"ĸÒäˑä˴àËÃÍ˗Ò ˎÍà¢Òàʱ§áʴäË¹ˉÐ? à¢Òäˑãʺ·ËÒÃˉÒÊÁà¾ª â¡â·â˓ŇÒÍÐäÃ äˑä˴ËÃÍ¡! äˑ˵Í§˛Ç§!$a#$b#áÅÐʁĸÒä̇àÅÂˉÐ áˑāºю¨ÐÍԒà˕¹ āº¹ÒÂä»àÊÁÍ á́á˅µÍ¹ч¹ÒÂ ړǪ¡â´´àфÂÇ\"/playMusic ocean/speak Vincent \"âÍà¤!\"/jump Vincent/pause 1000/move Vincent 1 0 2/showFrame Sam 4 true/faceDirection Sam 2 true/move Vincent 0 4 2/animate Vincent false true 500 18 19/playSound sandyStep/pause 800/faceDirection Sam 3/pause 800/faceDirection Sam 2/faceDirection farmer 2/pause 1000/speak Sam \"¼Áäˑړ˗Ò¾Ç¡ˎÍ ¨Ð¡ĥºÁÒä˴ ËȓÍˋÒÇ... ¾Ç¡àÃÒ˝Ò¹ÃÒÂ§Ò¹ËÁ´á̅Ç ·ËÒÃ¢Í§àÃÒ̅ÁµÒÂ àʛ¹Ğ¹æ àÅÂ$s#$b#á̅Ç¼Á¨ÐºÍ¡āº Ƈ¹à«¹· Ģ§ä§Ƥ˕Ð?$7\"/pause 1000/question null \"#ġ¹¨ÐƤчɊ´ чàÃÒ¨Ð ɮ´¤ÇÒÁ¨ƃ§āºàʔ¡¹Ð#¹ÒÂŇÒɦ¡á̅Ç˕Ð ¾Ç¡àʔ¡æ ˵Í§Ʊ¤ÇÒÁËħ§\"/emote Sam 40/pause 1000/splitSpeak Sam \"à¸ÍŤ´Í˒Ò§Թ¹àËÃÍ?$7#$b#äˑáˉà¸ÍÍÒ¨¨Ðɮ´ɦ¡... ǖ§¤ÇÒÁ¨ƃ§¨ÐâË´̃ÒÂ á˅àʔ¡ʁ˵Í§ړ äˑ·Ò§ã´ʁ·Ò§Ëѹ§ÍԒƤ$s~ãʺá̅Ç... àʔ¡æ ˵Í§à˕¹˵Í§Êȹ¡ µÍ¹чĢ§ƱâÍ¡ÒÊÍԒƊ\"/pause 700/faceDirection Sam 3/faceDirection farmer 1/speak Sam \"à̎щ ¼ÁºÍ¡ä»ËȓÍĢ§˗Ò Ç§¢Í§¾Ç¡àÃÒıÒĥ§ ¨ÐÁÒÃÇÁĕÇā¹ãËˑ?#$b#ãʺá̅Ç! ġ¹¡ÅÒÂàʛ¹˗Ò Íźà¡Å àʛ¹ȑÍ¡ÅÍ§ чÂÍ´ÁÒ¡àÅÂáÅÐ à«ºÒÊàƥÂ¹ʁÍÂÒ¡ã̋à¸Í àˢÒ˓ÇÁÇ§ÁÒ¡æ àÅÂ˴ÇÂ...$h\"/pause 500/globalFade/viewport -1000 -1000/end",
        "739330/t 600 1710/*n spring_2_1": "ocean/-1000 -1000/farmer 28 35 1 Willy 44 35 1/removeQuest 13/addMailReceived NOQUEST_13/skippable/animate Willy false true 250 28 29 30 31/viewport 44 35 true/move farmer 7 0 1/playSound seagulls/move farmer 7 0 1/pause 500/playSound seagulls/pause 1000/playSound seagulls/speak Willy \"ÍÐ̎ÍÂ ˗Òä§ä̍ɵ¡ªÒÂ$u^ÍÐ̎ÍÂ ˗Òä§ÊÒÇ˹ÍÂ$u#$b#ä˴Ƃ¹ÁÒ˗Ò Ʊ¤¹̂ÒÂàˢÒàȑÍ§ ÁÒãËˑԧ¹àËÃÍ.. ƤàÅÂ ã¹чɊ´ʁä˴à¨Íā¹Ī¡Ƨ$u\"/pause 500/playSound seagulls/pause 1000/stopAnimation Willy/playSound dwop/faceDirection Willy 2 true/pause 50/faceDirection Willy 3/pause 1000/speak Willy \"˝Ò ĉ¹¾ÂÒÂÒÁч¨Ð ÍÍ¡àȓÍä»¹Í¡·ÐàÅ àʛ¹àȄÍ¹æ á̅Ç˕Ð...$h#$b#ġ¹àʛ¹ÍÐäÃч لÁɊ´æ! ĉ¹¢ÒÂ»ÅÒƤæ ä˴àÂÍÐàÅÂ#$b#¨¹Ʊàŧ¹¾Íч¨Ð ؛Íàʚ´Ą¹ãËˑ ä˴àÅÂ¹Ð$h\"/move Willy -1 0 3/pause 1000/speak Willy \"ÍÂÒ¡¨Ðã̋àʚ´àʱÒчĉ¹à¤Âã˪ āºà¸ÍˉÐ$h#$b#ġ¹ŚÒĄ­āºĉ¹ÁÒ¡àÅÂ¹Ð à¾ÃÒÐġ¹ÊÒÁÒÃ¶µ¡»ÅÒ ä˴àˢÒԢ¹à·¾àÅÂ˕Ð á̅Çʁà̎ ÁÒ؛Í¢Í§ ч̃Ò¹ĉ¹˺Ò§˕Ð$h\"/pause 1000/playSound seagulls/pause 500/faceDirection farmer 2/itemAboveHead rod/pause 3300/awardFestivalPrize rod/faceDirection farmer 2/pause 1000/playSound seagulls/move Willy 0 1 2/pause 1000/showFrame Willy 24/pause 1000/speak Willy \"ã¹Ëԑ˺Ò¹׉ˉÐ ƱáË˕§թÒƤæ àƮÂº áÅÐƱ»ÅÒÍԒȷ¡ªŹ´àÅÂ\"/pause 1000/faceDirection Willy 3/speak Willy \"â̍ʺÒÂÂ ̃Ò¹¢Í§ĉ¹ ¡ĥºÁÒàŻ´á̅Ç¹Ð ÁÒ؛Í¢Í§ä˴àÅÂ ˶Ò˵Í§¡ÒÃ$h#$b#ĉ¹ģº؛Íȷ¡Í˒Ò§ чµ¡ÁÒä˴àÅÂ¹Ð#$b#'˶Ò¢Í§ġ¹Ƥʁ¢ÒÂä˴' ˞Ò˞Ò щǴÍЪ§ч ˎÍ¢Í§ĉ¹ɮ´ »ÃÐĸÒàÅÂ˕Ð$h\"/pause 500/playSound seagulls/pause 500/move farmer 0 1 2/pause 1000/pause 500/animate Willy false true 250 28 29 30 31/viewport move 1 0 5500/pause 1500/playSound seagulls/pause 1500/playSound seagulls/pause 2000/end position 42 36",
        "711130/t 600 1710/f Willy 1500": "ocean/30 34/farmer 27 35 1 Willy 30 34 2 Gus -10 -10 0/skippable/addConversationTopic willyCrabs/showFrame Willy 24/move farmer 3 0 0/showFrame Willy 0/pause 800/speak Willy \"˝Ò... Ƥá̅Çчà¸ÍàÍÒ ġ¹ע¹ÁÒˉÐ ˎÍËәÁ^˝Ò... Ƥá̅Çчà¸ÍàÍÒ ġ¹ע¹ÁÒˉÐ ÊÒÇ˹ÍÂ#$b#ĉ¹Ʊě­ËÒ... Ź´ËˉÍÂˉÐ ĉ¹ˉÒ¨Ðã˪ġ¹ä˴¹Ð...\"/faceDirection Willy 3/faceDirection Willy 0/pause 1000/faceDirection Willy 3 true/pause 100/faceDirection Willy 2/speak Willy \"à˝Í... ġ¹¤§¨ÐƤ¡˗Ò ˶Òĉ¹¨ÐŇÒã̋à¸Íɤ...\"/pause 600/faceDirection Willy 3 true/pause 100/faceDirection Willy 0/speak Willy \"µÍ¹׉ËÒÂã¨ǥ¡æ ¹Ð\"/pause 300/playSound doorClose/warp Willy -100 -100/move farmer 0 -1 0/pause 500/playSound doorClose/warp farmer -100 -100/globalFade/viewport -1000 -1000/changeLocation FishShop/specificTemporarySprite willyCrabExperiment/warp Willy 5 7/faceDirection Willy 0/playMusic ragtime/pause 500/viewport 5 7 true/pause 5000/warp farmer 5 9/playSound doorClose/pause 100/jump farmer/pause 1000/emote farmer 16/faceDirection Willy 3 true/pause 100/faceDirection Willy 2/speak Willy \"Í˒Ò§чàʫ¹...#$b#áÅÐÍ˒Ò§˹ÍÂ... ǫ...#$b#ƱËŭ§ªÃÒ 'Ч§ËƩàµƅ´' ä»ã¹Ǵ¹ʱÍ¹˴ÇÂ... ǫ...$h#$b#¡ÒÃ·´ÊÍº¢Í§ĉ¹ ˵Í§¡ÒÃáʴ ¡ÒÃ·´ÊÍºŹ´ËˉÍÂ...\"/move farmer 0 -1 0/move farmer 2 0 1/emote farmer 56/warp Gus 5 9/playSound doorClose/pause 100/jump Gus/pause 1000/speak Gus \"ɾÇÇ~... àÍÒƽ¡æ ƽ¡¤Ճ§ ̎Ò ƇÅѕ?$h\"/textAboveHead Willy \"ãʺ...\"/move Gus 0 -1 3/move Gus -2 0 3/pause 1000/speak Gus \"ġ¹ɤÊ´Ƥ¹Ð...\"/faceDirection Willy 3/speak Willy \"ãʺá̅Ç... щàʛ¹ɫчƤчɊ´ áÅÐˉÒģ¡чɊ´ чĉ¹à¤Âà¨ÍàÅÂ$h#$b#ɤ¡ÃÐĉº¡ÃÐà©§ƤĈ§ Ģ§ä§ʁà¶ÍÐ¹Ð...$s\"/pause 1000/emote Gus 40/pause 500/jump Gus/pause 1000/speak Gus \"ĉ¹àËÁÒËÁ´׉àÅÂ!$h#$b#á¶ÁʴÒáÃ§žàÈÉ ã̋˴ÇÂàÅÂ...\"/pause 2000/move farmer 1 0 0 true/move Gus -1 0 0 false/move farmer 0 -1 0 true/move Gus 0 -1 0 false/faceDirection Willy 0/pause 1000/playSound slimeHit/specificTemporarySprite removeSprite 3/pause 1000/playSound slimeHit/specificTemporarySprite removeSprite 1/pause 1000/playSound fishSlap/specificTemporarySprite removeSprite 2/pause 500/globalFade/viewport -1000 -1000/pause 1500/speak Gus \"ɤàËȑÍ¹˗ÒàÃÒ¨Ð Ĉ´¡ÒÃËÁ´á̅Ç¹Ð...\"/pause 1000/speak Willy \"ÅÒʱÍ¹ áˑɊÀÒ¾ÊµƳ¢Í§ĉ¹...$s\"/pause 1000/speak Gus \"ä˴â»Ã´... @... Í˒ÒºÍ¡ƇÅѕàÅÂ¹Ð ĉ¹¨ÐŇÒàÁɩžàÈÉàˤ¡ɫ (Crab cake) ч«Òɵ¹ã¹ƽ¡äˑбħ¹ˢÒ§Ë˹Ò ˶ÒĢ§ä§ʁ...\"/pause 1000/end position 30 34",
        "7771191/t 2000 2500/f Krobus 3500/w sunny": "moonlightJellies/-1000 -1000/farmer 0 0 2 Krobus 84 40 2/showFrame Krobus 17/addTemporaryActor SeaMonsterKrobus 32 32 -1 -1 0 false/addLantern 735 83 40 1/positionOffset Krobus 0 52/viewport 84 40 clamp true/pause 3300/animate Krobus false true 500 17 18 17 19/specificTemporarySprite krobusBeach/pause 8000/stopAnimation Krobus/showFrame Krobus 17/pause 2000/emote Krobus 20/pause 4000/faceDirection SeaMonsterKrobus 0/playSound pullItemFromWater/animate SeaMonsterKrobus false false 100 20 21 22 23/warp SeaMonsterKrobus 84 45/pause 600/showFrame Krobus 0/jump Krobus/pause 100/animate SeaMonsterKrobus false true 250 8 9 10 11/pause 800/pause 1500/stopAnimation SeaMonsterKrobus/move SeaMonsterKrobus 0 -3 0/pause 1000/emote Krobus 8/pause 2000/animate SeaMonsterKrobus false false 100 16 17 18 19 19 19 19 19 19 19 19/playSound waterSlosh/pause 400/showFrame SeaMonsterKrobus 19/pause 500/playSound coin/warp Krobus -1 -1/faceDirection SeaMonsterKrobus 2 true/animate SeaMonsterKrobus false true 500 0 1/pause 2000/stopAnimation SeaMonsterKrobus/playSound waterSlosh/move SeaMonsterKrobus 0 3 2/animate SeaMonsterKrobus false true 500 2 3/pause 3000/stopAnimation SeaMonsterKrobus/playSound waterSlosh/move SeaMonsterKrobus 3 0 1/playSound waterSlosh/move SeaMonsterKrobus -6 0 3/emote SeaMonsterKrobus 20 true/playSound waterSlosh/move SeaMonsterKrobus 6 0 1/playSound waterSlosh/move SeaMonsterKrobus -9 0 3 true/pause 2000/fade/viewport -2000 -2000/pause 3000/end",
        "3131209/n willyBugWadCutscene": "ocean/-2000 -2000/farmer 49 22 2/addTemporaryActor Willy 16 64 52 26 2/addCraftingRecipe Quality Bobber/skippable/specificTemporarySprite WillyWad/animate Willy false true 500 8 9 10 11/pause 1000/speak Willy \"àÎÐàÎÐ... ¾Ç¡à¢ÒªÍºġ¹... ɤ¾Ç¡à¢ÒƊ!$h\"/pause 1000/playSound slosh/pause 500/playSound slosh/pause 500/playSound slosh/pause 500/viewport 52 24 true/pause 1000/move farmer 0 2 2/textAboveHead Willy \"ÍÐ̎ÍÂ!\"/pause 2000/speak Willy \"ĉ¹áʴŤ´ǖ§à¸Í ä̍Ëɩ^ĉ¹áʴŤ´ǖ§à¸Í áˑËɩ#$b#àةÍáÁÅ§(Bug Meat)׉чȤ³¾º ġ¹ÊÁɪÃ΃áºº!#$b#àÎÐàÎÐ... ĉ¹ɮ´˗Ò'Ê´'µÍ¹äË¹ ĉ¹äˑä˴¤Ò´Ëħ§˗Ò ġ¹¨ÐĢ§֔¹!#$b#á˅ĉ¹äˑ˗ÒÍÐäÃËÃÍ¡! à¾ÃÒÐ»ÅÒʁªÍºġ¹...  àÎÐàÎÐàÎÐ...$h\"/emote farmer 28 true/pause 300/playSound slimeHit/pause 500/playSound slimeHit/pause 500/playSound slimeHit/pause 1000/speak Willy \"àҮÍàʛ¹¡ÒÃ¡˕ÒÇ¢ÍºȤ³ ĉ¹¨ÐÊÍ¹à¤ʥ´ĥºĭ¹àʱÒáʱ ã̋à¸Í... Ȥ³ˎÍ¢Í§ĉ¹ ÊÍ¹ĉ¹àҳÍ§׉ã¹·ƃ»µ¡»ÅÒ àұÍËÅÒÂƫʱÍ¹\"/pause 500/playSound reward/message \"àƳÂ¹ړƇƨ¡ÒÃ»ÃÐŴÉ΀ 'ӗ¹Ȥ³ÀÒ¾ɺ§' (Quality Bobber)\"/pause 500/speak Willy \"¡ÒÃã˪ӗ¹Թ¹¨Ðǔ§ɤ´»ÅÒ чƱȤ³ÀÒ¾ɺ§ÁÒ¡#$b#ι¹ËÁÒÂǖ§àŧ¹ã¹¡ÃÐà͛Ò ¢Í§à¸Í¨ÐÁÒ¡ע¹ ä̍Ëɩ àÎÐàÎÐ...$h^ι¹ËÁÒÂǖ§àŧ¹ã¹¡ÃÐà͛Ò ¢Í§à¸Í¨ÐÁÒ¡ע¹ áˑËɩ àÎÐàÎÐ...$h\"/pause 1500/pause 300/playSound fishBite/pause 500/pause 400/playSound FishHit/animate Willy false true 100 17 18/textAboveHead Willy \"ä˴ĕÇËѹ§á̅Ç!\"/shake Willy 5000/pause 200/playSound slosh/pause 200/playSound slosh/pause 220/playSound slosh/pause 160/playSound slosh/pause 200/playSound slosh/pause 220/playSound slosh/pause 160/playSound slosh/pause 200/playSound slosh/pause 220/playSound slosh/pause 160/playSound slosh/pause 200/fade/viewport -1000 -1000/end"
    }
}
