{
    "header": {
        "target": "w",
        "formatVersion": 5,
        "hidef": true,
        "compressed": 128
    },
    "readers": [
        {
            "type": "Microsoft.Xna.Framework.Content.DictionaryReader`2[[System.String, mscorlib, Version=4.0.0.0, Culture=neutral, PublicKeyToken=b77a5c561934e089],[System.String, mscorlib, Version=4.0.0.0, Culture=neutral, PublicKeyToken=b77a5c561934e089]]",
            "version": 0
        },
        {
            "type": "Microsoft.Xna.Framework.Content.StringReader",
            "version": 0
        }
    ],
    "content": {
        "Punch": "pause 100/move George 0 -3 3 true/showFrame Morris 12/textAboveHead Morris \"̻Ò!\"/pause 500/speak Morris \"ʁäˑĢ§ä§ËÃÍ¡ àÃÒʁáʴ¨ÐÅ´ÃÒ¤ÒƊ¹ˤÒ 75% àҮÍàʛ¹¡ÒÃǔ§ɵ¡ˤÒã̋ ¤ÅÒ¹¡ĥºÁÒËÒàÃÒ á̅Ç¹ÒÂ¨Ðä˴àʫ¹Ƥā¹!$h\"/shake Pierre 500/pause 1000/move George -5 0 3 true/speak Pierre \"äˑ... äˑãʺµÍ¹׉ÁÍΓƃÊ$u#$b#ĉ¹Ť´˗ÒàÃÒ¤ÇÃ¨Ðι§Å§ á̅ÇȤÂàҳÍ§Է§ËÁ´ā¹ ˴ÇÂàËȵ¼ÅËˉÍÂ¹Ð$u\"/pause 500/speak Morris \"â̍? á̅Ç¹ÒÂ¨ÐàÊ¹Í ÍÐäÃã̋ĉ¹˕Ð?$u\"/playMusic event1/pause 2000/animate Pierre false true 200 20 21/positionOffset Pierre 8 8/pause 1500/speak Morris \"àËÍÐ! ã˪¤ÇÒÁɃ¹áÃ§ԧ¹àËÃÍ...\"/move Morris 0 1 2/speak Pierre \"˶Ò¹ÒÂ¡ĥÇ àš¹¡˗Òч¨Ðښāºĉ¹ ԧ¹˚§ã¤ÃÁÒʁä˴ ËȓÍÂ¡ġ¹ÁÒԷ§ºƃĩ· àÅÂʁä˴¹Ð ƤՁÂ˕Ð?$u\"/faceDirection Morris 1 true/pause 50/faceDirection Morris 0/shake Morris 1000/pause 1500/speak Morris \"¹ÒÂ¨Ðɮ´ÍÐäÃʁä˴... á˅¹ÒÂŇÒÍÐäÃāº ҚÍàƺÂ§¢Í§â¨˨Òäˑä˴ËÃÍ¡ !$u\"/speed Morris 4/move Morris 0 -1 3/showFrame Morris 20/positionOffset Morris -4 -4/animate Morris false true 200 20 21/pause 2000/stopAnimation Morris/showFrame Morris 22/playSound clubhit/stopAnimation Pierre/showFrame Pierre 22/pause 500/jump Caroline/textAboveHead Caroline \"ƫáÍΓ!\"/speed Caroline 4/move Caroline 0 4 1 true/animate Morris false true 200 20 21/animate Pierre false true 200 20 21/pause 1000/jump Robin/showFrame Robin 19/textAboveHead George \"˞Ò! ˅ÍÂä˴ÊÇÂ!\"/pause 1000/jump Lewis/stopAnimation Morris/showFrame Morris 22/playSound clubhit/shake Pierre 200/stopAnimation Pierre/showFrame Pierre 22/pause 500/animate Morris false true 200 20 21/animate Pierre false true 200 20 21/pause 2000/stopAnimation Morris/showFrame Morris 22/playSound clubhit/shake Pierre 200/stopAnimation Pierre/showFrame Pierre 22/pause 500/jump Caroline/speak Morris \"¹ÒÂġ¹»Ç¡àƫÂ¡ Т§¡˗ÒĜ¡¼Åä́ä̃Ȥ³ÀÒ¾ ¢Í§¹ÒÂ«Ðƽ¡!$u\"/animate Morris false true 200 20 21/animate Pierre false true 200 20 21/pause 2000/speak Pierre \"¹ÒÂ¤§¨ÐÍÍ¡Ëġ´ ÊäµΕâ¨˨ÒƊ¹Ð...$u#$b#à˹¹»ƃÁÒ³äˑà˹¹Ȥ³ÀÒ¾ˉÐ! \"/pause 1000/stopAnimation Morris/showFrame Morris 22/playSound clubhit/shake Pierre 200/stopAnimation Pierre/showFrame Pierre 22/pause 500/animate Morris false true 200 20 21/animate Pierre false true 200 20 21/pause 1000/pause 500/textAboveHead George \"à˕¹§Ò¹ġ¹àÅÂ! \"/pause 2000/stopAnimation Pierre/stopAnimation Morris/showFrame Pierre 17/showFrame Morris 20/pause 100/showFrame Pierre 18/showFrame Morris 23/playSound clubhit/shake Morris 250/pause 50/showFrame Pierre 17/showFrame Morris 20/pause 1000/showFrame Morris 20/pause 100/showFrame Pierre 18/showFrame Morris 23/playSound clubhit/shake Morris 250/pause 50/showFrame Morris 20/showFrame Pierre 17/pause 1000/showFrame Morris 20/pause 100/showFrame Pierre 18/showFrame Morris 23/playSound clubhit/shake Morris 250/pause 50/showFrame Morris 20/showFrame Pierre 17/pause 1000/shake Pierre 1000/showFrame Morris 19/pause 1000/showFrame Pierre 17/positionOffset Pierre 4 0/pause 100/positionOffset Pierre 4 0/showFrame Pierre 18/pause 100/positionOffset Pierre 4 0/showFrame Pierre 19/playSound clubSmash/warp Morris -2000 -2000/specificTemporarySprite morrisFlying/pause 2000/playSound barrelBreak/showFrame Pierre 4/pause 2000/move Pierre 1 0 0/pause 1000/playSound dwop/faceDirection Pierre 1 true/pause 50/faceDirection Pierre 2/pause 100/showFrame Pierre 23/playSound stoneStep/pause 500/globalFade/viewport -9999 -9999/pause 4000/message \"ÁÍΓƃÊáÅÐ¾ÃÃ¤¾Ç¡ ̃Ò¹â¨˨Ò¢Í§à¢Ò ʁäˑà¤Âä˴¡ĥºÁÒƽ¡àÅÂ\"/pause 500/end position 52 20"
    }
}
