{
    "header": {
        "target": "w",
        "formatVersion": 5,
        "hidef": true,
        "compressed": 128
    },
    "readers": [
        {
            "type": "Microsoft.Xna.Framework.Content.DictionaryReader`2[[System.String, mscorlib, Version=4.0.0.0, Culture=neutral, PublicKeyToken=b77a5c561934e089],[System.String, mscorlib, Version=4.0.0.0, Culture=neutral, PublicKeyToken=b77a5c561934e089]]",
            "version": 0
        },
        {
            "type": "Microsoft.Xna.Framework.Content.StringReader",
            "version": 0
        }
    ],
    "content": {
        "558291/y 3/H": "grandpas_theme/-2000 -1000/farmer 13 23 2/broadcastEvent/addTemporaryActor Grandpa 1 1 -100 -100 2 true/specificTemporarySprite grandpaSpirit/viewport -1000 -1000 true/pause 10000/speak Grandpa \"ǖ§ËÅÒ¹ªÒÂчģ¡¢Í§ĉ¹...^ǖ§ËÅÒ¹ÊÒÇчˉÒģ¡¢Í§ĉ¹...#$b#¤Ճ§Ɋ´˷ÒÂч¾Ç¡àÃÒä˴ȤÂā¹ ġ¹ʁ¹Ò¹ÁÒ¡á̅ÇƊ¹Ð µÍ¹Թ¹ËÅÒ¹Ģ§àʔ¡... Ģ§ĸÒä˴äËÁ?^¤Ճ§Ɋ´˷ÒÂч¾Ç¡àÃÒä˴ȤÂā¹ ġ¹ʁ¹Ò¹ÁÒ¡á̅Ç µÍ¹Թ¹ËÅÒ¹Ģ§àʔ¡... Ģ§ĸÒä˴äËÁ?#$b#á˅ġ¹ʁ¹Ò¹ÁÒ¡ µÍ¹чËÅÒ¹ÁÒ!#$b#Ť´˗ÒËÅÒ¹ ÍÒ¨¨ÐȕÁԋä»á̅Çʁä˴ á˅ԋĢ§ÍԒчщ#$b#Í˒Ò§чËÅÒ¹àʫ¹... ǖ§˓Ò§¡ÒÂ¢Í§ԋá˒¢¹Ò´äË¹ á˅īÇã¨¢Í§ԋ¨ÐĢ§¤§ÍԒч ÊµÒΓŴÇáÇÅѕ µÅÍ´ä»\"/specificTemporarySprite grandpaNight/pause 4000/speak Grandpa \"ËÅÒ¹ÁÒÍԒчщ 2 ƫä˴á̅Ç...\"/grandpaEvaluation/pause 3000/speak Grandpa \"µÍ¹׉Í¹Ò¤µ¢Í§ %farm ÍԒã¹ȑÍ¢Í§ËÅÒ¹á̅Ç#$b#¢Íã̋âª¤Ƥ¹Ð!\"/pause 1000/globalFade/removeTemporarySprites/playMusic none/pause 1000/end bed",
        "558292/e 321777/t 600 620/H": "grandpas_theme/-2000 -1000/farmer 13 23 2/broadcastEvent/addTemporaryActor Grandpa 1 1 -100 -100 2 true/skippable/specificTemporarySprite grandpaSpirit/viewport -1000 -1000 true/pause 10000/speak Grandpa \"ǖ§ËÅÒ¹ªÒÂĕÇ˹ÍÂ¢Í§ĉ¹...^ǖ§ËÅÒ¹ÊÒÇчˉÒģ¡¢Í§ĉ¹...#$b#ԋƤã¨чËÅÒ¹àƳÂ¡ËÒԋ ¤Ճ§Ɋ´˷ÒÂчàÃÒä˴¾ºā¹ ԋ...ÍÒ¨¨Ðȴàš¹ä»ËˉÍÂ#$b#Â¡â·Éã̋ԋ˴ÇÂ¹Ð ËÅÒ¹àʛ¹¤¹¢Ģ¹ áÅÐԋʁ ɰƁã¨ã¹ĕÇ¢Í§ËÅÒ¹ÁÒ¡æ\"/specificTemporarySprite grandpaNight/pause 4000/speak Grandpa \"ԋ¨Ð¤ÍÂà˽ÒɤËÅÒ¹ ÍԒµÅÍ´ä»¹Ð...\"/grandpaEvaluation2/pause 3000/globalFade/removeTemporarySprites/playMusic none/pause 1000/end bed",
        "3917601/f Emily 3500/O Emily/n emilyFiber/A emilyFiber/t 2000 2400/p Emily": "EmilyTheme/-1000 -1000/farmer 8 14 3 Emily 7 14 1/makeInvisible 8 14/viewport -100 -100 true unfreeze/pause 3000/speak Emily \"Ƃ¹Ƥ˵Í¹ģº¡ĥº˺Ò¹˨Ð @ Ëħ§˗Òħ¹׉¨Ðàʛ¹ ħ¹чƤ¢Í§à¸Í¹Ð\"/pause 1000/emote farmer 20/pause 1200/speak Emily \"ȝÁ... ĉ¹ŇÒâ»Ãà¨¡΅ĥºĭ¹Թ¹ àÊʣ¨àƳÂº̃ÍÂá̅Ç¹Ð ĭ¹чĉ¹Ӣ§ÍԒ˴ÇÂʱÍ¹Ë˹Ò׉ˉÐ\"/emote farmer 8/pause 500/speak Emily \"щǴÍȪ´ãËˑ чàʢºע¹ÁÒàҮÍà¸ÍàÅÂ!$h\"/pause 500/awardFestivalPrize emilyClothes/pause 500/playSound coin/message \"ä˴ģºËÁÇ¡ƇàÈÉ¢Í§àÍƁѕ ÃÍ§à˷Òݧ·ƇàÈÉ¢Í§àÍƁѕ àغÍƇàÈÉ¢Í§àÍƁѕ áÅÐ¡Ò§à¡§чàˢÒӴā¹!\"/pause 500/speak Emily \"ĉ¹ģ¡¡ÒÃàʢº˼Ò áÅÐ¡ÒÃŇÒ§Ò¹»ÃÐŴÉ΀ ÁÒâ´ÂµÅÍ´... Ĕ§Թ¹ĉ¹ʁàÅÂŤ´˗Ò ġ¹¤§¨ÐƤÁÒ¡æ ˶Òĉ¹ŇÒÍÐäÃċ¡Í˒Ò§ã̋à¸Í ˴ÇÂƭȑÍ¢Í§ĉ¹àÍ§ ĉ¹Êȹ¡āºġ¹ÁÒ¡æ àÅÂ˕Ð!#$b#Ëħ§˗Òġ¹¨Ð¾ÍƤāºĕÇà¸Í¹Ð ... á̅ÇʁËħ§˗Òà̊¹ãÂчĉ¹ã˪ ¨ÐäˑŇÒã̋à¸ÍړǪ¡Ą¹˴ÇÂ#$b#ι¹ǴÍÃÍ§à˷Òݧ· ËÁÇ¡ àغÍ áÅÐ¡Ò§à¡§! ġ¹àʛ¹àغÍ˼ÒчàˢÒā¹ ä˴ƤԵ§á˅īÇ¨Ã´à˷ÒàÅÂ˕Ð\"/pause 800/speak Emily \"Ե§á˅׉ä» àÇÅÒà¸ÍÊÇÁàغÍ˼Ò¾Ç¡׉ à¸Í¨Ðä˴Ǚ¡ǖ§ĉ¹... áÅÐà¸Í¨Ðړ˗Ò ĉ¹ÃÍ¡ÒÃ¡ĥºÁÒ˺Ò¹ Í˒Ò§»ÅÍ´ĠÂ ¢Í§à¸ÍÍԒµÃ§׉àÊÁÍ... âÍà¤¹Ð?$l\"/pause 500/faceDirection Emily 2/pause 500/animate Emily false true 250 52 53/pause 250/playSound dwop/positionOffset Emily 4 0/pause 250/pause 250/playSound dwop/positionOffset Emily 4 0/pause 250/pause 250/playSound dwop/positionOffset Emily 4 0/pause 250/pause 250/playSound dwop/positionOffset Emily 4 0/pause 250/pause 250/playSound dwop/positionOffset Emily 4 0/pause 250/pause 250/playSound dwop/faceDirection farmer 2 true/positionOffset Emily 4 0/pause 250/pause 250/playSound dwop/positionOffset Emily 4 0/pause 250/pause 250/playSound dwop/positionOffset Emily 4 0/pause 250/stopAnimation Emily/pause 3000/showFrame Emily 55/pause 500/eyes 1 -4500/pause 3000/fade/viewport -100 -100/pause 500/end dialogue Emily \"ä˴àÇÅÒ¹Í¹á̅Ç˕Ð\"",
        "3918600/f Sam 3500/O Sam/t 610 1700/p Sam/L": "distantBanjo/-1000 -1000/farmer 35 14 1 Sam 38 14 0/addConversationTopic samJob1 2/skippable/makeInvisible 37 14/makeInvisible 36 14/makeInvisible 35 14/viewport -100 -100 true unfreeze/pause 3000/emote Sam 28/pause 500/move farmer 2 0 1/emote farmer 8/faceDirection Sam 3/pause 400/speak Sam \"â̍ à̎ @ àËȑÍ¹˗Ò à¸Í¨ÐŇÒ§Ò¹Ëę¡ÁÒ¡àÅÂ¹Ð !\"/pause 100/faceDirection Sam 0/emote Sam 40/pause 500/speak Sam \"ǴÍĉ¹ıÒĥ§Ť´˗Ò...$s#$b#à¸ÍʁړãʺՁÂ ˗Òĉ¹ªÍºч¨ÐÍԒчщ āºà¸ÍÁÒ¡æ ĉ¹ËÁÒÂǖ§... ģ¡àÅÂáËÅÐ!#$b#á˅ĉ¹ړǪ¡àËȑÍ¹ĉ¹ ŇÒĕÇàʛ¹¤¹ֲàƑÂ¨ Ģ§ä§ʁäˑړ ĉ¹ŇÒáʴÍԒä»àҳÍÂæ â´Âчäˑä˴ÍÂÒ¡ŇÒÍÐäÃàÅÂ$s\"/pause 500/emote farmer 20/faceDirection Sam 3/speak Sam \"â̽Ð ĉ¹ړ ˗Òà¸Íäˑä˴Ê¹ã¨àҳÍ§Թ¹! à¸ÍƱàŧ¹чä˴¨Ò¡¿ÒΓÁ ÁÒ¡¾Íчĉ¹äˑĸÒàʛ¹ ¨Ð˵Í§ŇÒ§Ò¹ á̅Çĉ¹ʁړǪ¡«Òº׫§ÁÒ¡àÅÂ!#$b#á˅ĉ¹ÍÂÒ¡¨ÐړǪ¡˗Òĉ¹ ¨Ð˵Í§ŇÒÍÐäÃĪ¡Í˒Ò§... à¸ÍàˢÒã¨ ˗Òĉ¹ËÁÒÂǖ§ÍÐäÃãʺՁÂ?\"/faceDirection Sam 0/pause 400/speak Sam \"Ĕ§Թ¹... ĉ¹àÅÂŤ´˗Ò ĉ¹¨Ð¾ÂÒÂÒÁÅÍ§ËÒ§Ò¹ɤ... ÍÐäÃċ¡Í˒Ò§чàбÂÇāº´¹µƳ#$b#´¹µƳàʛ¹Һ§чĉ¹ģ¡чɊ´ ÁÒµÅÍ´àÅÂ!$h#$b#â̽Ð à̍Í... ¹Í¡¨Ò¡à¸ÍˉÐ¹Ð ¨ƃ§æ ¹Ð!$8#$b#Heh...$10\"/faceDirection Sam 3/speak Sam \"Ģ§ä§ʁµÒÁà¶ÍÐ... ĉ¹¨Ð¤ÍÂºÍ¡à¸Í¹Ð ˗Òġ¹ǴºË˹Òä»Ģ§ä§˺Ò§!\"/emote farmer 32/pause 500/end",
        "3918601/e 3918600/O Sam/t 610 1700/A samJob1/p Sam/L": "distantBanjo/-1000 -1000/farmer 37 14 1 Sam 38 14 0/addConversationTopic samJob2 2/skippable/makeInvisible 37 14/animate Sam false true 400 43 51/viewport -100 -100 true unfreeze/pause 4000/stopAnimation Sam/showFrame Sam 39/pause 400/jump Sam/emote Sam 16/pause 500/speak Sam \"à̎ @ ÅÍ§ğ§щɤƊ!$8\"/pause 500/stopAnimation Sam/animate Sam false true 400 43 51/pause 500/speak Sam \"'ǖ§á«Á ¾Ç¡àÃÒƂ¹Ƥч¨Ð àÊ¹ÍŅÒáËˉ§ 'ę¡á˅§à¾Å§ǝ¡ī´' ¢Í§¡ӥÁ§Ò¹ÍÍ¡ÍÒ¡ÒÈɛɛ (Zuzu Broadcasting Group) ã¹˚Ç¹¢Í§§Ò¹â·ÃėÈΉ ã̋āºȤ³...'$6#$b#̇ÒÇ! ŇÒà¾Å§ã̋āºÃÒÂ¡ÒÃƧƷ! ġ¹à͈§àš¹ä»ǣà»˕ÒàщÂ?!$h\"/pause 500/emote Sam 40/pause 1000/textAboveHead Sam \"â̍...\"/animate Sam false true 400 43 51/pause 1000/speak Sam \"â̍... à݋ÂÇʱÍ¹¹Ð...$s#$b#... ġ¹àʛ¹ÃÒÂ¡ÒÃƧƷ ŚÒËģºàʔ¡щ... 'ÃÒÂ¡ÒÃɘŹâˑɊ¢Ī¹΅'$s\"/emote Sam 28/pause 1000/speak Sam \"ġ¹äˑãʺ Í˒Ò§чĉ¹Ť´ä̇àÅÂ...$s\"/stopAnimation Sam/showFrame Sam 0/pause 300/faceDirection Sam 3/pause 1000/quickQuestion #Ť´«Ð˗ÒщǴÍˡÒÇáÃ¡¢Í§ §Ò¹ч¹ÒÂ¤Ò´Ëħ§Ɗ...#ÅÍ§Ť´ɤƊ˗Ò ¹ÒÂ¨ÐŇÒã̋¾Ç¡àʔ¡æ Ʊ¤ÇÒÁɊ¢ä˴ÁÒ¡áʴäË¹!#àƺÂã¨˴ÇÂ¹Ð...(break)pause 100\\speak Sam \"ȝÁ... ι¹Ɗ¹Ð àʛ¹ƽ¡Ëѹ§ƇƨŤ´чƤàÅÂ$7\"(break)pause 100\\speak Sam \"ĉ¹Ť´˗Ò...à¸Íɮ´ɦ¡¹Ð ġ¹˵Í§Ʊ¤¹ч¨Ð˵Í§ ŇÒà¾Å§ã̋àʔ¡æ á˅щġ¹ʁäˑãʺ '§Ò¹ã¹ĝ¹' ¢Í§ĉ¹ËÃÍ¡¹Ð...$7\"(break)pause 100\\speak Sam \"ÍÒ äˑàʛ¹äÃ... ġ¹ʁâÍà¤ÍԒ ĉ¹¨Ð¾ÂÒÂÒÁŇÒã̋ƤчɊ´àÅÂ àËȑÍ¹чĉ¹ŇÒµÅÍ´ι¹áËÅÐ$7\"/pause 1000/faceDirection Sam 0/speak Sam \"ĉ¹Ť´˗Òĉ¹¤ÇÃàУÁч¨Ð'Ť´ÍÐäÃæ ã̋àËȑÍ¹āºàʔ¡'...\"/quickQuestion #àʛ¹àҳÍ§ʷÒÂæ ŚÒËģºà¸ÍÍԒá̅Ç...#ÅÍ§¢Í¤ÇÒÁʺÇÂàËȕÍ¨Ò¡ ˹Í§ªÒÂ¢Í§¹ÒÂɤƊ!(break)animate Sam false true 100 33\\shake Sam 4000\\pause 500\\textAboveHead Sam \"à̎!\"\\faceDirection farmer 2 true\\animate farmer false true 200 102 103(break)pause 100\\speak Sam \"ȝÁ... àʛ¹¤ÇÒÁŤ´чäˑàÅÇ Í˒Ò§˹ÍÂĉ¹ʁ ÊÒÁÒÃ¶à˕¹à¾Å§¢Í§ĉ¹ ã̋à¢ÒÅÍ§ğ§ɤä˴ ˗Òà¢ÒªÍºՁÂ#$b#¢ÍºȤ³ŚÒËģºĴÒá¹ÐŉÒ¹Ð @$10\"/pause 2000/end dialogue Sam \"ĉ¹¤§¨ÐӢ§ÍԒāº §Ò¹¹׉ċ¡Ğ¡˕Ð¹Ð\"",
        "3918602/e 3918601/O Sam/t 610 1700/A samJob2/p Sam/L": "none/-1000 -1000/farmer 37 14 1 Sam 38 14 3/addConversationTopic samJob3 3/skippable/makeInvisible 37 14/viewport -100 -100 true unfreeze/pause 2000/speak Sam \"à̎ @ à¾Å§¢Í§ĉ¹ġ¹ àУÁǴºË˹Òá̅Ç¹Ð... ÅÍ§ğ§ɤƊ\"/pause 400/faceDirection Sam 2/animate Sam false true 400 52 53/playMusic sam_acoustic2/pause 26000/stopAnimation Sam/showFrame Sam 52/pause 1000/showFrame Sam 0/faceDirection Sam 3/speak Sam \"µÍ¹׉ġ¹ʴÍ¹ˢÒ§ ¨ÐĢ§äˑʴÍÂƱÍÐäÃÁÒ¡... á˅¾Íĉ¹àОÁàƺÂ§ à¤ҳÍ§´¹µƳȷ¡ªŹ´Å§ä» ġ¹¨ÐÍÍ¡ÁÒ¾ÍƤàÅÂáËÅÐ à݋ÂÇà¸Í¨Ðä˴àʫ¹ \"/emote farmer 32/speak Sam \"à¸ÍړÍÐäÃՁÂ... ÃÒÂ¡ÒÃŚÒËģºàʔ¡щ äˑä˴ŇÒã̋ĉ¹īÇàƺÂ Ī¡àˇÒäË˓á̅ÇáËÅÐ#$b#ġ¹¨Ð˵Í§ʴÍÂæ àУÁŇÒ¨Ò¡Ȩ´äË¹Ī¡Ȩ´ ãʺՁÂ˕Ð?#$b#áÅÐ à̎ äˑáˉ¹Ð ĉ¹ÍÒ¨¨Ðàʛ¹ч˵Í§¡ÒÃÁÒ¡æ ã¹Ç§¡ÒÃ¤Í¹àƊΓµ ŚÒËģºàʔ¡ʁä˴!$h\"/emote farmer 56/pause 1200/end dialogue Sam \"à¾Å§ĕÇàʕÁ¨ÐÁÒÍԒã¹ȑÍĉ¹ àʣÇæ ׉áËÅÐ ĉ¹Ëħ§˗Ò¾Ç¡àʔ¡æ ¨Ðģ¡ġ¹¹Ð!\"",
        "3918603/e 3918602/O Sam/t 610 1700/A samJob3/p Sam/L": "distantBanjo/-1000 -1000/farmer 36 17 0 Sam 36 14 2 Jas 38 17 0 Vincent 37 17 0/skippable/makeInvisible 37 17/makeInvisible 38 17/makeInvisible 36 17/specificTemporarySprite samTV/viewport -100 -100 true unfreeze/pause 2000/speak Vincent \"¼Áҥ¹à˵¹Ɋ´æ ä»àÅÂá«Á!\"/jump Vincent/pause 1000/speak Sam \"âÍà¤ âÍà¤ Ƈ¹ͻ... юıÒĥ§¨ÐàŻ´à¾Å§ à݋ÂÇ׉áËÅÐ$h#$b#àÍÒ˕Ð µÍ¹׉¹ÒÂ˵Í§Ե§ã¨ğ§ã̋Ƥ¹Ð ¹ÒÂ¨Ðä˴ºÍ¡юä˴ ˗Ò¹ÒÂªÍºġ¹ՁÂ âÍà¤¹Ð?\"/pause 500/jump Vincent/textAboveHead Vincent \"âÍà¤ÎÐ!\"/pause 1500/playMusic none/faceDirection Sam 1/pause 3000/playSound openBox/pause 2000/playMusic sam_acoustic1/pause 1000/specificTemporarySprite junimoShow/pause 2000/faceDirection Sam 2 true/pause 9000/animate Vincent false true 100 8 21 8 20/pause 11000/animate Jas false true 100 8 9 10 11/pause 23000/stopAnimation Jas/stopAnimation Vincent/jump Vincent/pause 800/jump Jas/pause 500/jump Vincent/pause 800/jump Jas/pause 500/jump Vincent/pause 800/jump Jas/pause 500/speak Jas \"ËɩªÍºġ¹ÁÒ¡àÅÂʴÐ!$h\"/textAboveHead Vincent \"¼Á˴ÇÂ!\"/pause 1500/jump Sam/pause 1000/emote Sam 20/pause 500/speak Sam \"̇ÒÇ! ĉ¹äˑä˴¤Ò´Ëħ§ ˗Ò¨Ðä˴ģº¡ÒÃµÍºģºчƤ ¢¹Ò´׉¹ÐàщÂ!$8#$b#ġ¹ÂÍ´ä»àÅÂ! щġ¹àš¹¤Ò´¨ƃ§æ!$h\"/pause 50/faceDirection Vincent 1 true/faceDirection Jas 3 true/move Sam 0 2 2/move Sam -1 0 2/move Sam 0 1 1/faceDirection farmer 3/speak Sam \"à̎ ¢ÍºȤ³ŚÒËģºȷ¡æ ¡ÒÃÊęºÊȹ¹чà¸Íã̋ĉ¹¹Ð#$b#à¸ÍړՁÂ... ĉ¹Ċ¡¨ÐªÍº ŇÒà¾Å§àʔ¡á̅Ç˕Ð ġ¹äˑä˴ˉÒҥ¹µÒҥ¹ã¨ á˅ĉ¹ʁŇÒã̋¾Ç¡àʔ¡æ ä˴Ʊ¤ÇÒÁɊ¢ā¹Ɋ´æ ι¹áËÅÐǴÍЪ§чŚÒĄ­!$h\"/pause 100/emote farmer 20/pause 500/speak Sam \"щ ĉ¹ÍÂÒ¡¨ÐÁÍºЪ§׉ã̋à¸Í ġ¹ǴÍà¤ҳÍ§à˕¹à·» чã˚à¾Å§àÍÒä̇á̅Ç... à¸Í¨Ðä˴ğ§ġ¹ àұÍäË˓ʁä˴чà¸Í˵Í§¡ÒÃ\"/pause 500/faceDirection farmer 2/itemAboveHead samBoombox/pause 4200/awardFestivalPrize samBoombox/pause 1500/end dialogue Sam \"ĉ¹Ƥã¨¹Ðчà¾Å§¢Í§ĉ¹ ŇÒã̋¤¹ҽ¹Ʊ¤ÇÒÁɊ¢ä˴...\"",
        "3917666/f Maru 3500/O Maru/t 610 1700/p Maru/d Sun/z winter": "sweet/-1000 -1000/farmer 8 14 3 Maru 7 14 1/makeInvisible 8 14/viewport -100 -100 true unfreeze/pause 3000/speak Maru \"˗Òä§чģ¡#$b#Ǵ¹¾ӣ§׉¨ÐƱ»ÃÒ¡¯¡ÒÃ΃ ·Ò§´ÒÃÒÈÒÊµΓ чËÒɤä˴ÂÒ¡ÁÒ¡æ àš´ע¹˴ÇÂ˕Ð... ´ÒÇËÒ§¨Ðâ¤¨Ã àˢÒã¡̅âÅ¡¢Í§àÃÒÁÒ¡æ àÅÂ!#$b#ĉ¹ıÒĥ§Ť´˗Ò... àÃÒˉÒ¨ÐÁÒɤġ¹˴ÇÂā¹¹Ð?$l\"/pause 100/emote farmer 32/speak Maru \"àђÂÁ!$h#$b#ÁÒà¨Íĉ¹º¹ɰà¢Ò µÍ¹àчÂ§Ǵ¹¢Í§ħ¹¾ӣ§׉¹Ð#$b#á˅˶Ò½¹µ¡ àÃÒʴÍÂä»ɤãËˑǴ¹Ė´ä»... ´ÒÇËÒ§¨Ð»ÃÒ¡¯ã̋àʫ¹ ÍԒËÅÒÂǴ¹àÅÂ\"/pause 500/pause 500/end",
        "3912132/e 3912126/O Elliott/A elliottGone/B": "spring_day_ambient/-1000 -1000/farmer 27 13 2 Elliott 25 13 1/fade unfade/makeInvisible 25 13/makeInvisible 26 13/makeInvisible 20 4/makeInvisible 22 4/eyes 1 -6000/viewport -100 -100 true unfreeze/pause 3000/emote farmer 24/pause 2000/speak Elliott \"@... ¼Á¡ĥºÁÒá̅Ç...\"/jump farmer/pause 1000/move farmer -1 0 3/animate Elliott true true 100 35/animate farmer true true 100 101/positionOffset farmer -16 0/specificTemporarySprite heart 63 15/pause 2000/stopAnimation Elliott/showFrame Elliott 4/stopAnimation farmer/pause 1000/speak Elliott \"ÍÒ... ¼ÁŤ´ǖ§Ȥ³Ĉ§àÅÂ$l#$b#áʴàȑÍ§ãËʽàȑÍ§àƤÂÇ ¼ÁʁړǪ¡˗Ò¾Íá̅Ç˕Ð... ¼ÁÍÂÒ¡¨Ð¡ĥºÁÒÍԒāºȤ³ чщÁÒ¡¡˗Ò!\"/emote farmer 20/pause 300/speak Elliott \"àÍÒ˕Ð ¼ÁŤ´˗Ò š¨ħµÃ»ÃÐĸÒħ¹áººàŴÁ ¡ĥºÁÒá̅Ç!$h#$b#¼ÁƱ§Ò¹˺Ò¹ ч¨Ð˵Í§ÊÐÊÒ§...\"/pause 1000/end dialogue Elliott \"ġ¹ړǪ¡Ƥ¹Ð чä˴¡ĥºÁÒ...\"",
        "3917626/f Harvey 3500/O Harvey/t 2000 2400/p Harvey/L": "harveys_theme_jazz/-1000 -1000/farmer -100 -100 0 Harvey 7 14 0/skippable/ambientLight 0 0 0/makeInvisible 4 14 6 1/specificTemporarySprite harveyKitchenSetup/viewport 7 14 true/pause 3000/showFrame Harvey 19/playSound clank/shake Harvey 200/pause 450/playSound clank/shake Harvey 200/pause 450/playSound clank/shake Harvey 200/pause 750/showFrame Harvey 53/pause 100/playSound sipTea/pause 1000/textAboveHead Harvey \"˵Í§àŵÁà¡ȕÍ...\"/stopAnimation Harvey/pause 800/move Harvey -1 0 0/pause 2000/showFrame Harvey 19/playSound bubbles/pause 1000/playSound bubbles/pause 2000/stopAnimation Harvey/move Harvey 1 0 0/pause 2000/playSound furnace/specificTemporarySprite harveyKitchenFlame/pause 500/jump Harvey/pause 500/textAboveHead Harvey \"ġ¹ıÒĥ§äË́á̅Ç!\"/pause 500/speed Harvey 8/move Harvey -2 0 0/pause 100/speed Harvey 8/move Harvey 2 0 0/pause 100/speed Harvey 8/move Harvey -2 0 0/pause 100/speed Harvey 8/move Harvey 2 0 0/pause 3000/move Harvey 2 0 0/pause 500/showFrame Harvey 19/playSound openChest/pause 1000/textAboveHead Harvey \"țÁ...\"/pause 3000/stopAnimation Harvey/move Harvey -2 0 0/pause 500/showFrame Harvey 19/textAboveHead Harvey \"ã˚ĭ¹׉Ź´ËˉÍÂ...\"/playSound dropItemInWater/pause 2000/stopAnimation Harvey/move Harvey -3 0 0/pause 1000/showFrame Harvey 19/playSound coin/pause 500/stopAnimation Harvey/move Harvey 3 0 0/pause 250/showFrame Harvey 19/pause 500/textAboveHead Harvey \"ĭ¹׉ċ¡Ź´...\"/pause 600/playSound slosh/pause 2000/showFrame Harvey 53/pause 200/playSound sipTea/pause 2000/showFrame Harvey 4/jump Harvey/textAboveHead Harvey \"à¾ÃÊâµ!\"/pause 2000/warp farmer 12 20/playSound doorClose/move farmer 0 -1 0/pause 500/stopAnimation Harvey/faceDirection Harvey 2/speak Harvey \"ÍÒ... Ȥ³ÁÒė¹àÇÅÒ¾ÍƤàÅÂ @!$h#$b#ã̋¼ÁĈ´ḁ̂Ðá̫»Ǚ§¹Ð...\"/pause 300/fade/viewport -1000 -1000/pause 2000/playMusic none/pause 3000/makeInvisible 5 14 4 2/ambientLight 180 180 0/playMusic kindadumbautumn/showFrame Harvey 51/positionOffset Harvey -8 0/faceDirection farmer 1/showFrame 117/specificTemporarySprite harveyDinnerSet/pause 4000/speak Harvey \"Ȥ³ŇÒ§Ò¹ã¹¿ÒΓÁËę¡ÁÒ¡ ... ¼ÁàÅÂÍÂÒ¡¨Ð ŇÒرÍϔÒáÊ¹žàÈÉã̋Ȥ³\"/emote farmer 20/speak Harvey \"щǴÍàÁɩžàÈÉ¢Í§¼Á '¾ÒÊ˵Ò¼Á¹Ò§˿Ò¾ƳÁÒƷÃÒ (angel hair pasta primavera)'... чã˚ËÍÂ¡Òº˴ÇÂ!$h\"/animate Harvey false true 300 51 52/pause 300/playSound eat/pause 600/playSound eat/pause 600/playSound eat/pause 500/animate Harvey false true 100 51/quickQuestion #Í˓ÍÂ ¨¹àËȑÍ¹ä˴ע¹ÊÇÃÃʹàÅÂ#ĉ¹ړǪ¡˗Ò щǴÍÍÒËÒÃàҮÍɊ¢ÀÒ¾#ړǪ¡˗Ò ġ¹ʴÍ¹ˢÒ§¨Ðá©Ðä»ËˉÍÂ¹Ð#ĉ¹˗Òġ¹äË́¹Ð#ÃÊªÒŵàËȑÍ¹ Ë¹Ç´¢Í§¹ÒÂàÅÂ#ÃÊªÒŵàËȑÍ¹àʫ´(break)speak Harvey \"àËȑÍ¹ע¹ÊÇÃÃʹàËÃÍ ػÁ? ˵Í§àʛ¹à¾ÃÒÐ 'angel hair' ¾ÒÊ˵ÒчàËȑÍ¹ à̊¹¼Á¢Í§¹Ò§˿Òáˉæ!$h#$b#¼ÁƤã¨чȤ³ªÍºġ¹¹Ð! Ȥ³Ӵ¤ÇÃāº¢Í§чƤчɊ´$l\"(break)speak Harvey \"â̍ ãʺá̅Ç ¼ÁȕÁºÍ¡Ȥ³ä»... ġ¹àʛ¹¾ÒÊ˵ÒâÎÅƷ· ËÁÒÂǖ§ŇÒÁÒ¨Ò¡ ˢÒÇÊÒƵԷ§àÁʥ´ˉÐ á̅ÇʁàŵÁ˴ÇÂĜ¡Ê´æ ¨¹ɮ¹#$b#¡ÒÃчȤ³ä˴š¹ÍÒËÒÃ чƤ˅ÍɊ¢ÀÒ¾ ġ¹àʛ¹àҳÍ§ŚÒĄ­ÁÒ¡æ àÅÂ˕Ð! ¼ÁÍÂÒ¡¨Ðã̋Ȥ³ ƱÍÒɂȒ¹ÂÒÇ ÍԒáºº׉ä»µÅÍ´...$l\"(break)speak Harvey \"â̍... ¼ÁàˢÒã¨˕Ð ¼Áړ ¼Á¤ÇÃ¨ÐàŵÁà¡ȕÍ Å§ä»ÁÒ¡¡˗Ò׉ËˉÍÂ$s#$b#Í˒Ò§˹ÍÂ Ȥ³ʁ¨Ðäˑ¢Ò´թÒ˕Ð¹Ð$s\"(break)emote Harvey 28\\speak Harvey \"â̍... ¼ÁŤ´˗Ò ¼ÁàÍÒ˚Ç¹чäË́ ÁÒš¹àÍ§«Ðƽ¡$s#$b#ȝÁ ¼ÁȕÁŤ´ä» ˗Òġ¹äË́ч¡ÃÐ·Ð˴ÇÂ... ¢Íâ·É¹Ðчģ¡$s\"(break)jump Harvey\\pause 500\\speak Harvey \"à˝Í...! à̎ ¼ÁŤ´˗Ò Ë¹Ç´¢Í§¼Á¤§˓Ç§ Å§ä»ã¹¾ÒÊ˵ÒˉÐ...$8#$b#ʁƤ! ȆÍ˗Òàʛ¹¡ÒÃàОÁà̊¹ãÂ ãʺՁÂ˕Ð? áËÐæ... (¢Íâ·É¹Ð¤ģºчģ¡)$8\"(break)jump Harvey\\pause 400\\speak Harvey \"â̍! à˝Í... ¨Ð˵Í§àʛ¹ թÒġ¹àʫ´·ģ¿àſÅ ч¼ÁàËÂÒÐÅ§ä»ˢÒ§º¹áˉæ ...$8#$b#Ȥ³ËÁÒÂǖ§ àʫ´чš¹ä˴áÅÐÍ˓ÍÂ˴ÇÂ... ãʺäËÁчģ¡? áˉ¹Í¹ÍԒá̅Çà¹ÍÐ... ƎƎ$8\"/pause 2000/animate Harvey false true 300 51 52/speak Harvey \"àÍÒ˕Ð ħ¹׉àʛ¹Ģ§ä§˺Ò§ à˕Òã̋¼Áğ§ËˉÍÂƊ...\"/quickQuestion #ĉ¹Ե§ã¨ŇÒ¿ÒΓÁ#ĉ¹Ȣ´ԉ¹Ȣ´щã¹զÒä»ηÇ#µ¡»ÅÒԷ§ħ¹àÅÂ#ä»ÊÒ¹ĪÁĞ¹Έ āº¤¹ã¹Ëԑ˺Ò¹ÁÒ#ĉ¹ŇÒȷ¡Í˒Ò§ Í˒Ò§ÅÐŹ´ÅÐËˉÍÂ#ĸÒäˑä˴á̅Ç˝Ð#ĉ¹äˑä˴ŇÒÍÐäÃàÅÂ(break)speak Harvey \"¤ģº ¼ÁĢ§àʫ¹ӝ¹ àثÍ¹¼Á¢Í§Ȥ³ÍӢàÅÂ! ¼Á«Òº׫§ã¨ āº§Ò¹Ëę¡˅Ò§æ чȤ³ŇÒÁÒ¡¹Ðчģ¡\"(break)speak Harvey \"ġ¹ğ§ɤĭ¹µÃÒÂ¹Ð... Ȥ³áˉã¨¹Ð˗Òġ¹»ÅÍ´ĠÂ?$8#$b#¼ÁäˑÍÂÒ¡¨Ðàʫ¹Ȥ³ º¹àƥÂ§ˌÒĕ´àʣÇæ ׉ËÃÍ¡¹Ð...$s#$b#ǖ§¼Á¨Ð˵Í§ÂÍÁģº ˗Ò¼ÁªÍºчȤ³¡̅ÒËÒ­ ¢¹Ò´Թ¹ʁà¶ÍÐ...$l\"(break)speak Harvey \"ħ¹ÊºÒÂæ ƃÁթÒƊ¹Ð ػÁ? ğ§ɤˌÍ¹¤ÅÒÂƤ¹Ð¤ģº#$b#¼ÁƤã¨чȤ³ä˴ÍÍ¡ä»Êȹ¡¹Ð!$h\"(break)speak Harvey \"ÍÒ ι¹ġ¹ƤÁÒ¡àÅÂ ƱƚƇµ·Ò§Ī§¤Á чäˑË§ÍÂàË§Ò ġ¹ŇÒã̋ÊÁÍ§Ȥ³ƱɊ¢ÀÒ¾Ƥ#$b#á˅Í˒ÒȕÁ¹Ð¤ģº ˶ÒȤ³ÍÂÒ¡¨ÐȤÂāºã¤Ãċ¡¤¹ ¼ÁÍԒµÃ§׉àҮÍȤ³àÊÁÍ¹Ð!$l\"(break)speak Harvey \"ι¹ġ¹àˢÒˇÒƤ¹Ð ã¹ɋºà¢Ò׉ ƱÍÐäÃã̋ŇÒԵ§ËÅÒÂÍ˒Ò§... áÅÐ¼Áʁړ ˗ÒȤ³ŇÒ§Ò¹Ëę¡áʴäË¹#$b#áʴĸÒàÍÒä̇˗Ò Í˒ÒȕÁĞ¡˺Ò§¹Ð¤ģº! àÇÅÒчȤ³Ӣ§ÁÒ¡æ ġ¹ʷÒÂчȤ³¨ÐËÁ´ä¿ ¨Ò¡¤ÇÒÁàËҩÍÂ̅Ò\"(break)speak Harvey \"ÍÒ... ¼ÁʁƱě­ËÒԹ¹àËȑÍ¹ā¹ ¤ÇÒÁ·Ã§ĸÒ¢Í§á˅ÅÐħ¹ ÍÒ¨¨ÐàºÅÍÁÒ»¹ā¹ä˴... ġ¹ÂÒ¡чàÃÒ¨ÐԵ§ã¨ĸÒ ȷ¡Í˒Ò§чàÃÒŇÒ!\"(break)speak Harvey \"ħ¹Ëɂ´àËÃÍ ؽÁ? ¼ÁƤã¨ чä˴Ƃ¹Í˒Ò§Թ¹#$b#àÍÒ˕Ð ˴ÇÂħ¹Ëɂ´áÅÐرÍϔÒ чƤ˅ÍɊ¢ÀÒ¾ ¾ĥ§¢Í§Ȥ³¨ÐàʕÁàыÂÁ àҮÍħ¹¾ӣ§׉\"/pause 1000/stopAnimation Harvey/showFrame Harvey 51/speak Harvey \"֟ÇÇ... ¼ÁЭÁÁÒ¡! ġ¹àђÂÁä»àÅÂ...\"/emote farmer 20/pause 1000/playMusic nightTime/speak Harvey \"à݋ÂÇ¼Á̅Ò§¨Ò¹ªÒÁ ¾Ç¡׉àÍ§...\"/pause 400/emote farmer 60/pause 250/speak Harvey \"Í˒ÒړǪ¡á˒ä»àÅÂчģ¡... ¼ÁªÍºч¨ÐŇÒЪ§Ƥæ ã̋Ȥ³¹Ð! ġ¹ŇÒã̋¼ÁƱ¤ÇÒÁɊ¢\"/pause 1000/speak Harvey \"¼Áړ˗Ò¼Áɮ´Í˒Ò§׉ˊÍÂÁÒ¡ á˅...¡ÒÃá˅§§Ò¹āºȤ³ àʛ¹Ъ§чƤчɊ´ чà¤Âàš´ע¹āº¼Á!$l\"/emote farmer 20/pause 1000/fade/viewport -100 -100/end dialogue Harvey \"ι¹Í˒Ò§ЭÁàÅÂ ˵Í§ËĥºÊºÒÂáˉæ...\"",
        "4325434/f Penny 3500/O Penny/t 1500 1900/p Penny": "sweet/-1000 -1000/farmer 11 14 3 Penny 8 14 0/animate Penny false true 250 24 25/makeInvisible 5 5 5 1/makeInvisible 8 14 5 1/viewport -100 -100 true unfreeze/move farmer -2 0 3/pause 1000/stopAnimation Penny/pause 20/playSound thudStep/pause 250/faceDirection Penny 1/pause 50/animate Penny true true 100 20/pause 1000/stopAnimation Penny/faceDirection Penny 1/pause 200/speak Penny \"Ƃ¹Ƥ˵Í¹ģº¡ĥº˺Ò¹˨Ð... ħ¹׉àʛ¹Ģ§ä§˺Ò§à˝Â?\"/quickQuestion #ʁƤ¹Ð#äˑʴÍÂƤàˇÒäË˓...#Ɋ´à͈§!(break)speak Penny \"áʴӢ§àËȑÍ¹ȷ¡Ƨ ãʺՁÂ˕Ð?#$b#ÁÒàʣÇ ĉ¹ƱÍÒËÒÃɺµÃãËˑ ÍԒã¹àµÒÍºáˉÐ äˑáˉ˗ÒÍÐäÃæ ÍÒ¨¨ÐɤˉÒҥ¹à˵¹ ע¹ÁÒŹ´ËˉÍÂʁä˴¹Ð!$h\"(break)emote Penny 28\\speak Penny \"â̍ ĉ¹¢Íâ·É¹Ð!$s#$b#á˅Ģ§ä§ʁµÒÁ Ȥ³ʁ¡ĥºÁÒá̅Ç... ĉ¹¨ÐŇÒã̋ƤчɊ´ àҮÍȤ³¨Ðä˴ړǪ¡Ƥע¹àÅÂ˕Ð\"(break)speak Penny \"ι¹àђÂÁä»àÅÂ! ĉ¹Ƥã¨чȤ³Ʊ¤ÇÒÁɊ¢ āº§Ò¹¹Ð̘Ð$h\"/speak Penny \"ĉ¹Ƥã¨чȤ³¡ĥºÁÒ˺Ò¹¹Ð$l\"/pause 500/animate Penny false true 100 35/animate farmer true true 100 101/positionOffset farmer -8 0/positionOffset Penny 8 0/pause 1500/positionOffset Penny -8 0/stopAnimation Penny/showFrame Penny 4/stopAnimation farmer/pause 1000/speak Penny \"â̍ Ȥ³Ʊ¡Х¹ àËȑÍ¹āº¸ÃÃÁªÒŵàÅÂ...$l#$b#ġ¹ƤĈ§àÅÂ...$11\"/pause 1000/animate Penny false true 150 4 5 6 7/positionOffset Penny 2 0/pause 100/positionOffset Penny 2 0/pause 100/positionOffset Penny 2 0/pause 100/positionOffset Penny 2 0/pause 100/positionOffset Penny 2 0/pause 100/positionOffset Penny 2 0/pause 100/positionOffset Penny 2 0/pause 100/positionOffset Penny 2 0/pause 100/positionOffset Penny 2 0/pause 100/positionOffset Penny 2 0/stopAnimation Penny/showFrame Penny 21/pause 800/speak Penny \"Ȥ³ړՁÂ... ĉ¹«Òº׫§ã¨ÁÒ¡¹Ð чȤ³ŇÒ§Ò¹Ëę¡ àҮÍ¤ÃÍº¤ģÇ¢Í§àÃÒ#$b#Ĕ¹Թ¹ ʺÇ§àÇÅÒчȤ³¡ĥºÁÒ˺Ò¹ ġ¹àÅÂŚÒĄ­āºĉ¹ÁÒ¡ ˺Ò¹Է§ˉÒÍԒ ã̋¤ÇÒÁړǪ¡ÊºÒÂ áÅÐȷ¡Í˒Ò§ʁ àʛ¹ÃÐàƪÂºàƳÂº̃ÍÂ!\"/emote farmer 20/speak Penny \"ĉ¹ıÒĥ§Ť´˗Ò... ĉ¹ÍÂÒ¡¨Ðã˪ à¤ҳÍ§»ÃÐĔºчĉ¹ŇÒàÍ§ µ¡á˅§̋Í§¹Í¹ãËˑ!#$b#á˅ĉ¹¨Ð˵Í§ÁÒ¶ÒÁȤ³ʱÍ¹...$11\"/quickQuestion Ȥ³ªÍº¡ÒÃµ¡á˅§ áººäË¹ԧ¹àËÃÍ?#ˋÒä́áÅÐ´Ç§Ĉ¹·Γ: ƺթÒàŧ¹чÊ§ºɊ¢#˺Ò¹ÊµÃÍΗàºÍΓƳ#ƨÁâ¨ÃÊĥ´#ĉ¹äˑÍÂÒ¡¨Ðà»ѕÂ¹!(break)addConversationTopic pennyRedecorating 2\\addMailReceived pennyQuilt0\\speak Penny \"ÍÒ... ÍÐäÃчʺÇÂã̋Ũµã¨Ê§º ä˴àÅÂ!#$b#ã̋àÇÅÒĉ¹ċ¡ÊÍ§ÊÒÁħ¹¹Ð#$b#ĉ¹äˑÍÂÒ¡¨Ðä»Ӣ§ āºƻº¢Í§Ȥ³¹Ð á˅ġ¹¨ÐƤÁÒ¡àÅÂ ˶ÒȤ³ʺÇÂ̂ÒÂġ¹ ÍÍ¡ÁÒ¨Ò¡̋Í§¹Í¹\"(break)addConversationTopic pennyRedecorating 2\\addMailReceived pennyQuilt1\\speak Penny \"Ъ§чÍºӭ¹áÅÐǔ§ɤ´ã¨ ؽÁ? ĉ¹ªÍºġ¹¹Ð!#$b#ԧ¹ʁã̋àÇÅÒĉ¹ Ī¡ÊÍ§ÊÒÁħ¹¹Ð#$b#ĉ¹äˑÍÂÒ¡¨Ðä»Ӣ§ āºƻº¢Í§Ȥ³¹Ð á˅ġ¹¨ÐƤÁÒ¡àÅÂ ˶ÒȤ³ʺÇÂ̂ÒÂġ¹ ÍÍ¡ÁÒ¨Ò¡̋Í§¹Í¹\"(break)addConversationTopic pennyRedecorating 2\\addMailReceived pennyQuilt2\\speak Penny \"à̎... âÍà¤ ÍÐäÃʁµÒÁчȤ³ªÍºчģ¡$h#$b#ԧ¹ʁã̋àÇÅÒĉ¹ Ī¡ÊÍ§ÊÒÁħ¹¹Ð#$b#ĉ¹äˑÍÂÒ¡¨Ðä»Ӣ§ āºƻº¢Í§Ȥ³¹Ð á˅ġ¹¨ÐƤÁÒ¡àÅÂ ˶ÒȤ³ʺÇÂ̂ÒÂġ¹ ÍÍ¡ÁÒ¨Ò¡̋Í§¹Í¹\"(break)addMailReceived noQuilt\\speak Penny \"â̍! âÍà¤... ˶ÒÍ˒Ò§Թ¹ ĉ¹¨ÐäˑŤ´àҳÍ§¾Ç¡Թ¹ƽ¡$s\"/pause 500/showFrame Penny 4/playSound crystal/jump Penny/pause 500/speak Penny \"â̍! ¢¹Áě§ÍºãËˑ ¾̃ÍÁ·Ò¹á̅Ç˕Ð\"/faceDirection Penny 3/animate Penny false true 150 12 13 14 15/positionOffset Penny -4 0/pause 50/positionOffset Penny -4 0/pause 50/positionOffset Penny -4 0/pause 50/positionOffset Penny -4 0/pause 50/stopAnimation Penny/move Penny -1 0 0/faceDirection Penny 0/pause 100/showFrame Penny 29/pause 150/showFrame Penny 30/playSound openChest/pause 1300/showFrame Penny 28/playSound coin/emote farmer 20/move farmer -1 0 3/farmerEat 203/showFrame Penny 4/pause 2000/playSound gulp/emote Penny 32/pause 1000/faceDirection farmer 3/end dialogue Penny \"ŇÒĕÇµÒÁÊºÒÂ¹Ðчģ¡\"",
        "4324303/e 4325434/O Penny/A pennyRedecorating/l noQuilt/B": "spring_day_ambient/-1000 -1000/farmer 27 13 0 Penny 26 13 1/fade unfade/makeInvisible 26 13/makeInvisible 20 4/eyes 1 -10/positionOffset farmer 0 8/viewport -100 -100 true unfreeze/pause 1000/emote farmer 24/pause 3000/showFrame Penny 21/startJittering/pause 500/stopJittering/showFrame Penny 4/pause 500/speak Penny \"@... ÍɃ³ÊħÊڴ˨Ð...$11\"/pause 1000/showFrame Penny 21/startJittering/pause 500/stopJittering/showFrame Penny 4/pause 500/faceDirection farmer 3/emote Penny 32/pause 500/faceDirection farmer 2/emote farmer 16/jump farmer/pause 1000/animate Penny false true 150 4 5 6 7/positionOffset Penny 2 0/pause 100/positionOffset Penny 2 0/pause 100/positionOffset Penny 2 0/pause 100/positionOffset Penny 2 0/pause 100/positionOffset Penny 2 0/pause 100/positionOffset Penny 2 0/pause 100/positionOffset Penny 2 0/pause 100/positionOffset Penny 2 0/pause 100/positionOffset Penny 2 0/pause 100/positionOffset Penny 2 0/stopAnimation Penny/showFrame Penny 21/pause 500/speak Penny \"ړǪ¡ǖ§ÍÐäÃчәÁż´»¡ŵՁÂ? ĉ¹àʢº˼Ò¤ɅÁàƥÂ§Ȍ¹׉ ˴ÇÂĕÇàÍ§àÅÂ˕Ð¹Ð$11\"/eyes -1 2000/startJittering/pause 2000/stopJittering/speak Penny \"á̅Ç Ȥ³Ť´˗Òàʛ¹Ģ§ä§˺Ò§¤Ð?$11\"/quickQuestion #ɤƤÁÒ¡àÅÂ!#ĉ¹äˑªÍºġ¹(break)emote Penny 20\\speak Penny \"ĉ¹Ƥã¨чȤ³ªÍºġ¹¹Ð ˺Ò¹Ëĥ§׉àУÁч¨Ð Íºӭ¹ˉÒÍԒע¹ÁÒƽ¡ËˉÍÂ á̅ÇáËÅÐʴÐ ãʺՁÂ˕Ð?$h\"\\faceDirection Penny 2\\faceDirection farmer 2\\emote farmer 20\\faceDirection farmer 3\\faceDirection Penny 1\\pause 1000\\animate Penny false true 100 35\\animate farmer true true 100 101(break)emote Penny 28\\speak Penny \"âÍ... âÍà¤$s#$b#ĉ¹àʁº¾Ç¡à¿ÍΓŹà¨ÍΓàʱÒæ ä»ä̇ã¹ƻº¹Ð¤Ð... ˶ÒÍÂÒ¡¨Ðà»ѕÂ¹¡ĥº àʛ¹¢Í§¾Ç¡Թ¹ ʁäˑ˵Í§ā§ÇÅ¹Ð...$s\"\\faceDirection Penny 3/pause 3000/fade/viewport -1000 -1000/pause 500/message \"à¾¹ƩŇÒ§Ò¹Ëę¡ä»ηÇ˺Ò¹...\"/pause 500/message \"ړǪ¡àËȑÍ¹ÍԒ˺Ò¹¨ƃ§æ àÅÂʴÐ!\"/pause 2000/end",
        "8675611/e 6184643/O Haley/A haleyCakewalk1/t 620 1700/p Haley": "continue/-1000 -1000/farmer 8 14 3 Haley 7 14 1/makeInvisible 8 14/addQuest 127/addConversationTopic haleyCakewalk2 0/skippable/viewport -100 -100 true unfreeze/pause 3000/speak Haley \"ÊħÊƤчģ¡#$b#à̎... ǴÍĉ¹ƱäÍàƤÂ¨ÐÁÒàÊ¹Í... ĉ¹ÍÂÒ¡¨Ðã̋ȷ¡¤¹ ÁÒ˓ÇÁ§Ò¹àŴ¹¡ÒÃȡÈÅā¹˕Ð\"/pause 500/emote farmer 8/pause 1000/speak Haley \"à̍Í... ġ¹àʛ¹ÍÐäÃч¤̅ÒÂæ āºàˡÒם´¹µƳˉÐ á˅ȷ¡¤¹¨Ðª¹Ð áÅÐä˴ģºàˤ¡! à݋ÂÇà¸Íʁ¨Ðàʫ¹àÍ§...$h#$b#ħ¹чĈ´§Ò¹ ʁǴÍħ¹ч¨ȵģÊ¡ÅÒ§àȑÍ§ Ʊ˷Í§˿ÒÊ´ãÊ˕Ð#$b#ȝÁ... Ȥ³¾Í¨ÐàÍÒ àˤ¡ʊÍ¡â¡áÅµÁÒä˴ՁÂ?\"/quickQuestion Ȥ³àʫ¹˴ÇÂՁÂ ч¨ÐàÍÒàˤ¡ʊÍ¡â¡áÅµä»ˉÐ ?#àʫ¹˴ÇÂƊ#àʫ¹˴ÇÂƽ¡ι¹áËÅÐ äˑä˴á»Åż´(áººƍ¨©Ò)(break)speak Haley \"àђÂÁ! ¾ӣ§׉ĉ¹¨Ðä»à¨ÍȤ³ ч¨ȵģÊ¡ÅÒ§àȑÍ§¹Ð ˶ÒÍÒ¡ÒÈàʛ¹ã¨˕Ðʁ¹Ð$h\"\\animate Haley false true 100 28\\animate farmer true true 100 101\\positionOffset Haley 8 0\\positionOffset farmer -8 0(break)emote Haley 12\\speak Haley \"¤ÇÒÁŤ´׉àʛ¹Ģ§ä§˺Ò§̘Ð?$3#$b#àÍÒ˕Ð ¾ӣ§׉Ȥ³¨Ð˵Í§ÁÒ ¾̃ÍÁāºàˤ¡ʊÍ¡â¡áÅµ¹Ð äˑԧ¹ʁä»¹Í¹ч˺Ò¹à˨Òɥº Ȥ³ªÍºáººԹ¹ÁÒ¡¡˗ÒՁÂ˕Ð?$3\"/pause 2000/fade/viewport -1000 -1000/end dialogue Haley \"ĉ¹¨ÐàÍÒàˤ¡ƺªÁɮÁÒ˕Ð\"",
        "9333220/e 9333219/O Sebastian/A sebastianFrog/t 620 1900": "distantBanjo/-1000 -1000/farmer 36 15 2 Sebastian 37 15 2/addWorldState sebastianFrog/addConversationTopic sebastianFrog2 6/specificTemporarySprite sebastianFrogHouse/skippable/makeInvisible 29 6 4 4/makeInvisible 35 15 4 4/viewport -100 -100 true unfreeze/pause 3000/faceDirection farmer 1/emote farmer 8/speak Sebastian \"àҮÍ¹ĕÇ˹ÍÂ¢Í§àÃÒ ŇÒä˴ƤÁÒ¡àÅÂ˕Ð àʫ¹ՁÂ?\"/pause 500/faceDirection farmer 2/pause 250/showFrame farmer 4/pause 800/showFrame Sebastian 51/playSound thudStep/pause 800/speak Sebastian \"...á˅¼ÁäˑŤ´˗Ò à¢Ò¨Ð¡ĥºä»ÍԒã¹¸ÃÃÁªÒŵ ä˴»¡ŵ¹Ð... à¢ÒäˑäÇ¾Í ч¨ÐËÅºËƩ¨Ò¡ڌ˕Ò ƽ¡˅Íä»á̅Ç#$b#...¼ÁʁàÅÂŇÒчÍԒщã̋à¢Ò#$b#à¢ÒɤƱ¤ÇÒÁɊ¢¹Ð ˗ÒՁÂ?$h\"/pause 400/emote farmer 32/pause 500/showFrame farmer 0/pause 400/faceDirection farmer 1/speak Sebastian \"¼ÁÍÂÒ¡ړĈ§ ˗Òà¢ÒړǪ¡àË§ÒÍԒǣà»˕Ò à̎Í...\"/pause 500/faceDirection farmer 2/pause 600/quickQuestion #ŇÒäÁäˑỄÒ§чËÅºĠÂ ¢Í§¡ºע¹ÁÒ˕Ð?#à¢Ò¨Ð˵Í§»ÅÍ´ĠÂ(break)speak Sebastian \"...ÊÃÇ§ÊÇÃÃʹ¢Í§¾Ç¡¡º áÅÐ¤Ò§¤¡ ч¾Ç¡ġ¹ỄÒ§ע¹ÁÒàÍ§äˑä˴ ԧ¹àËÃÍ? àʛ¹äÍàƤÂчäˑàÅÇàÅÂ¹Ð\"(break)speak Sebastian \"à¢ÒɤàˢÁáʂ§ÍԒ¹Ð á˅˶Ò¼ÁĢ§à¨Í ¡ºĕÇҽ¹ÍԒ˕Ðʁ Ť´˗Ò»˕ÍÂà¢Òä» āºàҮÍ¹ˉÒ¨ÐƤ¡˗Ò\"/faceDirection farmer 1/pause 1200/quickQuestion #ŇÒäÁȤ³ǖ§ªÍº¡ºĈ§àÅÂ?#ĉ¹äˑʴÍÂÍÂÒ¡ã̋à˨Òщ ÁÒÍԒã¹˺Ò¹#ĉ¹Ƥã¨ч¹ÒÂä˴§Ò¹ÍŴàÃ¡ §Ò¹ãËˑ¹Ð(break)speak Sebastian \"ȝÁ... ǴÍáºº׉¹Ð ¼ÁªÍºч¨ÐÍÍ¡ä»ˢÒ§¹Í¡ ã¹ħ¹½¹µ¡ à¾ÃÒÐáººԹ¹ ʁàÅÂà¨Í¡ºàÂÍÐáÂÐ#$b#àÅÂړǪ¡ɬ¡Ğ¹āºà˨ÒĕÇàʥ¡æ ¾Ç¡׉ˉÐ\"\\faceDirection farmer 1 true\\emote farmer 20(break)emote Sebastian 12\\showFrame Sebastian 12\\pause 400\\speak Sebastian \"àÍÒ˕Ð щġ¹äˑãʺàҳÍ§ ч¨ÐÁÒàƦÂ§ā¹ ɁÁ׉¢Í§˺Ò¹àʛ¹¢Í§¼Á áÅÐ¼ÁÊÒÁÒÃ¶ŇÒÍÐäÃʁä˴ ч¼ÁÍÂÒ¡ŇÒ\"\\showFrame Sebastian 0(break)speak Sebastian \"ãʺá̅Ç ġ¹¨Ð˵Í§Êȹ¡ÁÒ¡ ¼Áã˪àÇÅÒ˚Ç¹ãËʽ ä»āº¤ÍÁžÇàµÍΓ  ġ¹ʁàÅÂƤч¨ÐƱ§Ò¹ÍŴàÃ¡ чĈº˵Í§ä˴˺Ò§ˉÐ#$b#¼ÁÍÂÒ¡¨ÐÅÍ§ ¼ÊÁĞ¹ۨ¡ºàÍ§˴ÇÂ˕Ð!$h\"\\faceDirection farmer 1 true\\emote farmer 16\\pause 500/faceDirection farmer 2/showFrame farmer 0/pause 1000/playSound croak/specificTemporarySprite frogJump/pause 250/playSound slimeHit/pause 250/showFrame farmer 94/jump Sebastian/pause 250/playSound slimeHit/pause 500/playSound slimeHit/pause 250/fade/viewport -1000 -1000/pause 600/message \"ħ¹׉¤ÃÍº¤ģÇ¢Í§àÃÒ ʁàŵºâµע¹ƽ¡ËˉÍÂ...\"/pause 1000/playSound slimeHit/pause 500/playSound slimeHit/pause 500/playSound slimeHit/pause 1000/message \"...á̅Çʁàʛ¹àȑÍ¡ҵ¹æ ÁÒ¡ע¹˴ÇÂ!\"/pause 1000/end"
    }
}
