{
    "header": {
        "target": "w",
        "formatVersion": 5,
        "hidef": true,
        "compressed": 128
    },
    "readers": [
        {
            "type": "Microsoft.Xna.Framework.Content.DictionaryReader`2[[System.String, mscorlib, Version=4.0.0.0, Culture=neutral, PublicKeyToken=b77a5c561934e089],[System.String, mscorlib, Version=4.0.0.0, Culture=neutral, PublicKeyToken=b77a5c561934e089]]",
            "version": 0
        },
        {
            "type": "Microsoft.Xna.Framework.Content.StringReader",
            "version": 0
        }
    ],
    "content": {
        "5/e 3/v Abigail/t 600 800": "continue/64 15/farmer 64 16 2 Abigail 64 18 0/pause 1500/speak Abigail \"˗Òä§̘Ð ȝÁÁÁ... ĉ¹áʴÍÂÒ¡ ¨ÐÁÒ¢Íâ·ÉàҳÍ§àұÍÇÒ¹ чĉ¹ŇÒĕÇá˒æ ã˚ˉÐ#$b#à¸ÍàˢÒã¨ãʺՁÂ ˗Òġ¹àš´ÍÐäÃע¹ˉÐ...$l#$b#˝Ò âÍà¤...ºÒÂ\"/pause 500/end",
        "47/f Sam 2000/t 600 800/e 44": "continue/64 15/farmer 64 16 2 Sam 64 18 0/pause 1500/speak Sam \"˗Òä§ @ ړÍÐäÃՁÂ? Ç§¢Í§àÃÒ¨Ðע¹à˕¹ Ǵ¹׉чàȑÍ§ɛɛáËÅÐ!#$b#à¨Íā¹ч˻ÒÂÃ¶àÁΕ µÍ¹ 4:00 PM (4 âÁ§àʢ¹) ¹Ð àÃÒ¨ÐàŴ¹·Ò§ä»ɤ¡ÒÃáÊ´§ ¾̃ÍÁā¹!\"/pause 300/end dialogue Sam \"ĉ¹ҥ¹à˵¹áÅÐā§ÇÅ àҳÍ§¡ÒÃáÊ´§Ǵ¹׉ÁÒ¡àÅÂ á˅ĉ¹ρ¹ã¨¹Ð ˗Òȷ¡Í˒Ò§ġ¹¨Ð˵Í§ ÍÍ¡ÁÒƤáˉæ\"",
        "2346097/f Abigail 2010/x abbySpiritBoard": "null",
        "2346096/f Penny 2505/x pennySpa": "null",
        "2346095/f Elliott 2002/x elliottReading": "null",
        "2346094/f Elliott 2502/x elliottBoat": "null",
        "2111194/e 917409/f Emily 2000/x EmilyClothingTherapy": "null",
        "2111294/e 2123243/f Emily 2502/w sunny/D Emily/x EmilyCamping": "null",
        "3333094/e 191393/x pierreHours": "null",
        "2346093/f Harvey 2502/x harveyBalloon": "null",
        "2346092/f Sam 2502/x samMessage": "null",
        "2346091/f Alex 2502/x joshMessage": "null",
        "2146991/y 3/H": "spring_day_ambient/8 7/farmer 64 16 2/broadcastEvent/globalFade/viewport 8 7 clamp true/pause 3000/grandpaCandles/pause 3000/end",
        "55/f Leah 2000/t 600 800/z winter/n LeahArtShowSuggestion": "continue/64 15/farmer 64 16 2 Leah 64 18 0/pause 1500/speak Leah \"ä§ @! ˊÒÂ׉à¸Í˗Ò§ՁÂ?#$b#à¾ÃÒÐã¹чɊ´ ĉ¹ʁ¾̃ÍÁч¨ÐŉÒ ¼Å§Ò¹ÍÍ¡ÁÒĈ´áÊ´§á̅Ç áÅÐĉ¹ʁ¨ÐĈ´áÊ´§ġ¹ чĈȵģÊ¡ÅÒ§àȑÍ§ ã¹Ǵ¹׉àÅÂ˴ÇÂ!$h#$b#àˢÒÁÒã¹àȑÍ§ ÃÐË˗Ò§ 3:00 ǖ§ 5:00 pm ¹Ð ˶Òà¸ÍÍÂÒ¡¨Ð˓ÇÁ§Ò¹!\"/pause 300/end dialogue Leah \"â̍Â ĉ¹ā§ÇÅĈ§àÅÂ...$l\"",
        "63/y 2/t 600 1800/H": "continue/64 15/farmer 64 16 2 Kent 64 18 0/broadcastEvent/pause 1500/speak Kent \"ȝÁ ÊħÊƤ ĉ¹ҚÍà¤¹·¹Ð ĉ¹Ѿ§¨Ð¡ĥºÁÒ¨Ò¡ ˅Ò§»ÃÐà·ÈàұÍǴ¹׉àÍ§ ÀÃÃÂÒ¢Í§ĉ¹ºÍ¡˗Ò Ʊ¤¹̂ÒÂàˢÒÁÒãËˑã¹¿ÒΓÁ ã¹ʺÇ§чĉ¹äˑÍԒ\"/pause 500/speak Kent \"ǴÍ... ĉ¹áʴÍÂÒ¡¨Ð ÁÒá¹ÐŉÒĕÇà©Âæ ... á̅Çä̇à¨Íā¹¹Ð\"/pause 300/end",
        "992553/t 600 1130/n copperFound": "continue/64 15/farmer 64 16 2 Clint 64 18 0/skippable/pause 1500/speak Clint \"â̽Ð... ˗Òä§ ÍɃ³ÊħÊڴ#$b#ä˴ʲÒÇ˗Òà¸Í ŇÒÅÒÂƋ¹àŻ´·Ò§ àҮÍàˢÒä»ËÒá˓ԧ¹àËÃÍ ι¹à͈§Ƥ¹Ð!\"/pause 500/speak Clint \"˶Òà¸Í˵Í§¡ÒÃ »ÃÐâÂªΉ¨Ò¡á˓ чËÒÁÒä˴ã̋ÁÒ¡чɊ´ à¸Í¨Ð˵Í§ƱàµÒËÅÍÁ (furnace) ʱÍ¹¹Ð \"/pause 500/speak Clint \"ĉ¹àО§ä˴žÁΎàƒÂÇ ÁÒãËˑƽ¡Ȫ´Ǚ§ ÍÐщ ĉ¹ÍÂÒ¡ã̋à¸Í àʁºġ¹ä̇\"/pause 800/itemAboveHead/playSound getNewSpecialItem/addCraftingRecipe Furnace/pause 3300/message \"Ȥ³ä˴àƳÂ¹ړƇƨ»ÃÐŴÉ΀ 'àµÒËÅÍÁ (Furnace)'\"/pause 800/speak Clint \"àµÒËÅÍÁÊÒÁÒÃ¶ ŇÒã̋à¸ÍËÅÍÁ¾Ç¡áˇ§âÅËÐ (metal bars) ä˴ áˇ§âÅËÐÊÒÁÒÃ¶àÍÒä»ã˪ ã¹¡ÒÃỄÒ§Ъ§¢Í§ Ъ§»ɵ¡ỄÒ§ áÅÐĞ²¹Ò ɍ»¡Ã΃ä˴¹Ð\"/pause 500/faceDirection Clint 1/pause 500/faceDirection Clint 0/speak Clint \" µÍ¹чËÅÍÁáˇ§·Í§á´§ (Copper bar) ä˴á̅Ç à¸ÍÊÒÁÒÃ¶àÍÒġ¹ ÁÒã̋ĉ¹ã˪ĭ¾à¡Ã´ ɍ»¡Ã΃¢Í§à¸Íä˴ ι¹ġ¹¨ÐʺÇÂ ã̋à¸ÍŇÒ§Ò¹ä˴ʷÒÂ ÁÒ¡ע¹àÅÂàƚÂÇ˕Ð#$b#àÍÒ˕Ð ĉ¹˵Í§¡ĥº˺Ò¹á̅Ç âª¤Ƥ¹Ð ºÒÂ\"/pause 200/addQuest 11/end",
        "900553/t 600 1130/Hn ccPantry/A cc_Greenhouse/w sunny": "continue/64 15/farmer 64 16 2 Evelyn 64 18 0/skippable/pause 1500/speak Evelyn \"чģ¡ ÍɃ³ÊħÊڴ˨Ð\"/pause 500/faceDirection Evelyn 3/pause 500/faceDirection Evelyn 2/speak Evelyn \"ġ¹Ƥ¹Ðчä˴ÍÍ¡ÁÒˢÒ§¹Í¡... ÂÒÂäˑä˴àʫ¹¿ÒΓÁàʱÒæ áºº׉ÁÒ¹Ò¹ÁÒ¡á̅Ç$s#$b#ġ¹ɤƤ¡˗Òá˅ʱÍ¹ чÂÒÂà¤ÂĸÒä˴«Ðƽ¡!$h\"/pause 500/faceDirection Evelyn 3/faceDirection Evelyn 0/pause 500/speak Evelyn \"ÂÒÂàÍÒ¢Í§àʥ¡æ ˹ÍÂæ ÁÒ½Ò¡ ģºä»Ɗ̘Ð#$b#àʛ¹¢Í§¢ħ­... ¨Ò¡¤¹ÊÇ¹¤¹Ëѹ§ Ԛƽ¡¤¹Ëѹ§ˉÐ$h\"/pause 800/itemAboveHead pot/playSound getNewSpecialItem/pause 3300/awardFestivalPrize pot/pause 200/message \"Ȥ³ä˴ģº '¡ÃÐ¶Ò§˵¹ä́ (Garden Pot)'\"/pause 800/speak Evelyn \"¡ÃÐ¶Ò§щƱ »ÃÐâÂªΉÁÒ¡àÅÂ˕Ð à¸ÍÊÒÁÒÃ¶ã˪ġ¹ »ɵ¡Ȏªä˴µÅÍ´Է§ƫàÅÂ!#$b#ġ¹¨ÐĢ§¤§ɤƤ àұÍÇÒ§ÍԒˢÒ§¹Í¡ á˅ġ¹¨ÐÊÒÁÒÃ¶ ã˪§Ò¹ä˴ã¹ʺÇ§ ÄɤàʁºàбÂÇàˇÒԹ¹¹Ð\"/pause 500/speak Evelyn \"ËÒ¡à¸Í˵Í§¡ÒÃġ¹ƽ¡ ¾Ç¡à¢ÒƱƇƨ ŇÒע¹Í˒Ò§ʷÒÂæ ˴ÇÂ¹Ð щ...щä§˕Ð ÂÒÂƱŹµÂÊÒÃàʱÒчĕ´ÁÒ ¾̃ÍÁāºĴÒá¹ÐŉÒ\"/pause 200/playSound getNewSpecialItem/addCraftingRecipe Garden Pot/pause 500/message \"ä˴àƳÂ¹ړ¡ÒÃỄÒ§'¡ÃÐ¶Ò§˵¹ä́ (Garden Pot)'á̅Ç\"/pause 800/speak Evelyn \"àÍÒ˕Ð ÂÒÂ˵Í§ä»á̅Ç˕Ð ¨ÍΓ¨¨ÐÍÒÃÁ΃àƺÂàÍÒä˴ ˶Òà¢Òäˑä˴š¹ˢÒÇâ̽µ ¢Í§ªÍºã̋µÃ§àÇÅÒ...#$b#¢Íã̋ħ¹׉àʛ¹ħ¹ чƤŚÒËģºà¸Í¹Ð̘Ð чģ¡!$h\"/pause 500/end",
        "992253/t 600 1130/f Leah 1500/w sunny": "continue/64 15/farmer 64 16 2 Leah 64 18 0/pause 1500/speak Leah \"ÊħÊƤ @ ħ¹׉ÍÒ¡ÒÈƤà¹ÍÐ ˗ÒՁÂ?\"/pause 500/speak Leah \"ĉ¹àÍÒ¢Í§¢ħ­ÁÒã̋ˉÐ#$b#ġ¹ʁǴÍ»ÃÐŵÁÒ¡ÃÃÁ чĉ¹Ե§ã¨ŇÒÁÒàҮÍà¸Í â´Âà©¾ÒÐàÅÂ˕Ð!\"/pause 500/pause 800/itemAboveHead sculpture/pause 3300/pause 800/awardFestivalPrize sculpture/pause 800/pause 50/speak Leah \"àÃÒԵ§ҚÍã̋ġ¹˗Ò... '¤ÇÒÁړǪ¡чƤáʱ @' Ëħ§˗Òà¸Í ¨ÐªÍºġ¹¹Ð\"/pause 50/pause 50/end",
        "65/m 25000/t 600 1200/H": "continue/64 15/farmer 64 16 2 Demetrius 64 18 0/pause 1500/speak Demetrius \"ÊħÊƤ @! ¼ÁƱʲÒÇƤ¨ÐÁÒºÍ¡˕Ð àұÍäˑбħ¹ʱÍ¹ ¼Áä˴ˤ¹¤̇ÒƇĈÂàбÂÇāº ÊÀÒ¾áÇ´̅ÍÁã¹ɋºà¢Ò$h#$b#ÃÒÂÅÐàƽÂ´ġ¹ˉÒàҪÍˉÐ ¼Á¨ÐäˑºÍ¡Ȥ³àбÂÇāº ÃÒÂÅÐàƽÂ´·Ò§à·¤Ź¤ á̅ÇàˢÒ»ÃÐàʔ¹àÅÂʁá̅Çā¹¹Ð... Ȥ³ړäËÁ˗Ò ġ¹ƱզÒÍԒá¶Ç·Ò§àʥ¡æ µÃ§ŷÈµÐħ¹µ¡? ǴÍáºº׉¹Ð ¼ÁƱƇƨч¨Ðà»ѕÂ¹ġ¹àʛ¹ ÍÐäÃºÒ§Í˒Ò§чƱ»ÃÐâÂªΉ... ŚÒËģºàÃÒԷ§Ӵ#$b#¼ÁÍÂÒ¡¨ÐĈ´զÒàҮÍǔ§ɤ´ ¾Ç¡Ъ§ƱƚƇµ˷Í§Ж¹ˉÐ ¼Á¨Ðä˴Ī§à¡µ¡ÒÃ΃¾Ç¡ġ¹ ã¹ÊÀÒ¾áÇ´̅ÍÁч ¤ÇºȤÁä˴ÁÒ¡ע¹ áÅÐȤ³ʁ¨ÐÊÒÁÒÃ¶àʁºàбÂÇ ¼Å¼ƅµч¾Ç¡ġ¹¼ƅµä˴#$b#¼ÁÊÒÁÒÃ¶Ĉ´զÒã̋ǔ§ɤ´àʫ´ ËȓÍˤÒ§¤ÒÇ¼Åä́ʁä˴ ¾Ç¡ˤÒ§¤ÒÇ¨Ð֗§¼Åä́ä̇ ã̋Ȥ³ʁºàʛ¹ºÒ§¤Ճ§\"/cave/speak Demetrius \"ä˴àÅÂ¤ģº! ¼Á¨Ðä»Ĉ´զÒã̋Ȥ³µÍ¹׉àÅÂ! ġ¹¨ÐäˑàƺÂàÇÅÒ á́á˅Ź´àƤÂÇàÅÂ¤ģº$h#$b#¢ÍºȤ³чÂÍÁã̋¼ÁŇÒġ¹¹Ð\"/end dialogue Demetrius\"¼Áҥ¹à˵¹ч¨Ðä˴àʫ¹˗Ò ¨ÐƱÍÐäÃàš´ע¹чզÒι¹˺Ò§Ĉ§ Ȥ³ʁ˴ÇÂãʺäËÁ¤ģº??#$e#¼ÁËħ§˗ÒȤ³¨Ð¾Íã¨ āº§Ò¹ч¼ÁŇÒ¹Ð¤ģº\"",
        "66/e 295672/t 600 700/H": "continue/64 15/farmer 64 16 2 Gunther 64 18 0/broadcastEvent/rustyKey/skippable/pause 1500/speak Gunther \"â̍Ç ÍɃ³ÊħÊڴ¹Ð @!^â̍Ç ÍɃ³ÊħÊڴ¹Ð̘Ð @!#$b#Ëħ§˗Ò¤§¨ÐĢ§ äˑà˪Òàš¹ä»¹Ð...$s#$b#ǴÍ ĉ¹ÁÒчщʁàҮÍ ¨ÐÁÒ¢ÍºȤ³ŚÒËģºЪ§¢Í§ áÅÐá˓˅Ò§æ Է§ËÁ´чà¸Íˤ¹¾ºˉÐ... ġ¹àÂÍÐÁÒ¡àÅÂ¹Ð ŚÒËģº¡ÒÃˤ¹¾º ˴ÇÂ¤¹àƮÂ§¤¹àƤÂÇ!$h#$b#¨ƃ§æ á̅Ç ĉ¹àО§¨Ðä˴ģº¨´ËÁÒÂ ÁÒ¨Ò¡ŚÒę¡§Ò¹àÅ¢ÒŸ¡ÒÃ ħµȶâºÃÒ³á˛§áˌ¹Ŵ¹ (office of the regional secretary of artifacts)... à¢ÒºÍ¡˗ÒړǪ¡ àʛ¹àƑÂÃŵч¨ÐÁÍºÃÒ§ħÅ '¾υÇ·Í§ĴÒ (Golden Shovel)' ã̋āº¼Å§Ò¹чŚÒĄ­¢Í§àÃÒ!#$b#Է§ËÁ´Է§ÁÇÅԹ¹ ˵Í§¢ÍºȤ³à¸ÍÁÒ¡æ àÅÂ¹Ð!$h#$b#àÍÒ˕Ð ĉ¹ˉÒ¨Ð»˕ÍÂã̋à¸Í ¡ĥºä»ŇÒ§Ò¹˅Íä˴á̅Ç˕Ð ...\"/pause 500/faceDirection Gunther 2/pause 700/emote Gunther 16/faceDirection Gunther 0/speak Gunther \"â̍! àǱÍºȕÁä»àÅÂáÎÐ!#$b#ĉ¹Ʊ¢Í§¢ħ­ÁÒã̋... ġ¹àʛ¹ȡ­á¨àʱÒæ чɦ¡àʁºä̇ã¹څà«¿ ¢Í§·Ò§žž¸Ġ³΁ÁÒ¹Ò¹ äˑϥÒ¡˗Ò 100 ƫá̅Ç ġ¹ƱÊŹÁŹ´ËˉÍÂ¹Ð á˅Ģ§ɤÊÇÂ§ÒÁƤÍԒ$h\"/pause 500/pause 500/playSound reward/message \"Ȥ³ä˴ģº 'ɵ¡ȡ­á¨ÊŹÁà¢ÃÍÐ (Rusty Key)'! ġ¹¨Ðɦ¡ã˚ä̇ã¹ ¡ÃÐà͛ÒÊµÒ§ʹ¢Í§Ȥ³\"/pause 500/end",
        "690006/n slimeHutchBuilt/H": "continue/64 15/farmer 64 16 2 Marlon 66 15 2/broadcastEvent/skippable/pause 1000/move farmer -1 0 2/move farmer 0 1 1/pause 500/showFrame Marlon 12/pause 1000/speak Marlon \"ǴÍĉ¹ä»à¨ÍâÃź¹ â´ÂĚ§àƍ­ÁÒàұÍà˪Ò׉... à¸ÍºÍ¡ĉ¹˗Ò à¸ÍƱâÃ§à¾ÒÐÊäÅΑ (Slime Hutch) á̅Çԧ¹àËÃÍ!\"/showFrame Marlon 8/shake Marlon 1600/textAboveHead Marlon \"äˑàÅÇщ¹Ò!\"/pause 1600/showFrame Marlon 12/pause 500/speak Marlon \"µÍ¹чÍÒɂàˇÒà¸Í ĉ¹ʁà¤Âà¾ÒÐĞ¹ۨÊäÅΑ ÁÒʱÍ¹¹Ð ġ¹àʛ¹§Ò¹ÍŴàÃ¡чƤàÅÂ˕Ð... á˅ʁĭ¹µÃÒÂÁÒ¡ƧàƤÂÇ#$b#à¸ÍŤ´˗Òĉ¹àƺÂµÒˢÒ§׉ä» à¾ÃÒÐÍÐäÃ˕Ð?\"/shake Marlon 1000/showFrame Marlon 12/textAboveHead Marlon \"țÍ!\"/pause 1000/textAboveHead Marlon \"ÍÐ̅Íà˕§ˉÒ\"/showFrame Marlon 12/pause 200/showFrame Marlon 7/animate Marlon false false 120 4 5 6 7/pause 800/speak Marlon \"ÁÒщū ƱÍÐäÃ¨Ðã̋áˉÐ\"/faceDirection farmer 2/itemAboveHead slimeEgg/pause 1000/pause 1000/pause 1300/awardFestivalPrize slimeEgg/pause 300/faceDirection farmer 1 true/pause 500/showFrame Marlon 12/speak Marlon \"щǴÍäʲ¢Í§ÊäÅΑ ã˚ġ¹àˢÒä»ã¹ 'à¤ҳÍ§ğ¡äʲÊäÅΑ (Slime Incubator)' àҮÍğ¡ġ¹ÍÍ¡ÁÒ¹Ð#$b#àÍÒ˕Ð ɤáÅà˨Òäʲι¹ã̋Ƥ˕Ð ÍÍ¡ä»˕ÒÊäÅΑ ¤Ճ§˅Íä»ʁÁÍ§ËÒ äʲġ¹Ƥæ ǖ§¨ÐËÒÂÒ¡ä»ËˉÍÂ á˅à˨ÒÊäÅΑʁ´ÃÍ» ġ¹ÍÍ¡ÁÒàҳÍÂæ ¹Ð#$b#ÊÐÊÁäʲ¨Ò¡ ÊäÅΑËÅÒÂæ Ğ¹ۨɤ àҮÍỄÒ§¤ÇÒÁËÅÒ¡ËÅÒÂ ã̋āº¿ÒΓÁÊäÅΑä˴¹Ð Í˒ÒȕÁ!\"/pause 500/end",
        "68/m 5000/g male/x mom1": "null",
        "69/m 15000/g male/x mom2": "null",
        "70/m 32000/g male/x mom3": "null",
        "71/m 120000/g male/x mom4": "null",
        "72/m 5000/g female/x dad1": "null",
        "73/m 15000/g female/x dad2": "null",
        "74/m 32000/g female/x dad3": "null",
        "75/m 120000/g female/x dad4": "null",
        "76/m 27000/x newsstory": "null",
        "706/u 15/x fertilizers": "null",
        "707/y 2/x fertilizers2": "null",
        "909/z spring/z summer/z fall/x WoodChipper": "null",
        "1590166/m 1000/t 600 930/d Mon Tue Thu Sat Sun/w sunny/h cat/H": "continue/64 15/farmer 64 15 2 Marnie 65 16 0 cat 63 16 2/faceDirection Cat 2/pause 500/animate Cat false false 120 16 17 18 18/pause 480/animate Cat false true 120 18/pause 2000/speak Marnie \"ÊħÊƤ˨Ð @!$h#$b#à¸Íà¤Âàʫ¹ à˨ÒáÁÇĕÇ׉ÁÒʱÍ¹äËÁ?\"/faceDirection Marnie 3/pause 400/showFrame Cat 18/playSound cat/pause 1200/faceDirection Marnie 0/speak Marnie \"ĉ¹àʫ¹ġ¹ι§ÍԒч Ë˹Ò¿ÒΓÁ¢Í§à¸ÍˉÐ˨Ð ¤§¨Ðàʛ¹áÁÇ¨ÃĈ´Ɗ¹Ð ˉÒÊ§ÊÒÃ¨ƃ§æ$s\"/showFrame Cat 19/pause 500/showFrame Cat 18/playSound cat/shake Cat 150/pause 1500/speak Marnie \"áÅÐĉ¹˗Òġ¹ɤªÍºчщ¹Ð ؽÁ.. à¸Í˗Òġ¹ ¨ÐÍԒчщä˴ǣà»˕Ò˕Ð?$h\"/catQuestion/pause 1000/faceDirection Marnie 3/speak Marnie \"àђÂÁàÅÂ˨Ð Ƨ׉ %pet... à¸Í¨Ð˵Í§ŇÒĕÇ àʛ¹áÁÇчƤ¹Ð̘Ð?\"/pause 500/showFrame Cat 19/shake Cat 100/playSound cat/pause 800/animate Cat false false 120 20 21 22 23 21 22 23 21 22 23 21 22 23 21 22 23 21 22 23 21 22 23/pause 200/globalFade/viewport -1000 -1000/end",
        "897405/m 1000/t 600 930/d Mon Tue Thu Sat Sun/w sunny/h dog/H": "continue/64 15/farmer 64 15 2 Marnie 65 16 0 dog 63 16 2/faceDirection Dog 1/pause 500/animate Dog false false 120 20 21 22 23 23/pause 480/animate Dog false true 120 23/pause 2000/speak Marnie \"ÊħÊƤ˨Ð @!$h#$b#à¸Íà¤Âàʫ¹ à˨ÒɊę¢ĕÇ׉ÁÒʱÍ¹äËÁ?\"/faceDirection Marnie 3/pause 400/showFrame Dog 26/playSound dog_bark/pause 200/showFrame Dog 23/pause 600/showFrame Dog 26/playSound dog_bark/pause 200/showFrame Dog 23/pause 1000/animate Dog false true 200 24 25/playSound dog_pant/pause 400/playSound dog_pant/pause 400/playSound dog_pant/pause 1200/faceDirection Marnie 0/speak Marnie \"ĉ¹à¨Íġ¹ι§ÍԒч ·Ò§àˢÒ¿ÒΓÁà¸ÍˉÐ! Ť´˗ÒäˑƱà˨Ò¢Í§¹Ð... ˉÒÊ§ÊÒÃĈ§$s\"/pause 500/animate Dog false true 400 23 31/pause 1500/speak Marnie \"à̎ ĉ¹Ť´˗Ò ġ¹ªÍºчщ¹Ð щ... äˑŤ´àËÃÍ˗Ò¿ÒΓÁ׉ ¤ÇÃ¨ÐƱɊę¢Ƥæ Ī¡ĕÇǙ§ˉÐ?$h\"/catQuestion/pause 1000/faceDirection Marnie 3/speak Marnie \"àÍÒ˕Ð %pet... ŇÒĕÇƤæ ¹Ðà˨ÒËɩ âÍà¤ՁÂ?\"/pause 500/stopAnimation Dog/showFrame Dog 26/playSound dog_bark/pause 200/showFrame Dog 23/pause 1000/globalFade/viewport -1000 -1000/end",
        "91/f Marnie 750/t 600 930": "continue/64 15/farmer 64 16 2 Marnie 64 18 0/pause 1500/addQuest 21/skippable/speak Marnie \"ÍɃ³ÊħÊڴ˨Ð @!$h^ÍɃ³ÊħÊڴ˨Ð @!$h#$b#ĉ¹ÁÒчщàҮÍ ¢Í¤ÇÒÁʺÇÂàËȕÍˉÐ à¾ÃÒÐà¸Íàʛ¹àҮÍ¹˺Ò¹ чã¨ƤÁÒ¡æ àÅÂ#$b#à¸ÍړäËÁ ˗Òĉ¹¾ÂÒÂÒÁ ¨ÐÊÍ¹á¾Ð¢Í§ĉ¹ ã̋ɮ´ĴÒ˗Ò 'ÊħÊƤ' ÍԒˉÐ... á˅¾Ç¡ġ¹ɤ¨ÐäˑÊ¹ã¨ĉ¹àÅÂ Â¡à̇¹á˅˗Òĉ¹¨ÐƱ ¢Í§â»Ã´¢Í§ġ¹Í˒Ò§ 'á¤ÃÍ·զÒ (cave carrot)' ÁÒ˕ÍˉÐ!$u#$b#á˅... ĉ¹¡ĥÇàËȑÍ§ˉÐ ʁàÅÂŤ´˗Ò... ºÒ§Ƨ˶ÒƱâÍ¡ÒÊ à¸ÍʺÇÂàÍÒá¤ÃÍ·զÒ (cave carrot) ÁÒã̋ĉ¹ËˉÍÂ ä˴äËÁ?#$b#äˑä˴¡´Ĕ¹¹Ð... á˅˶Òà¸ÍÍÂÒ¡ ¨ÐʺÇÂ˕Ðʁ áʴáÇÐÁÒч ˺Ò¹¢Í§ĉ¹ʺÇ§ 9:00 AM ǖ§ 5:00 PM àÍÒá¤ÃÍ·զÒ (cave carrot) ÁÒ˴ÇÂ¹Ð à¸Í¨ÐŇÒã̋ĉ¹ Ʊ¤ÇÒÁɊ¢ÁÒ¡æ àÅÂ ä»˕Ð˨Ð \"/pause 300/end dialogue Marnie \"á¾Ð¢Í§ĉ¹á·º¤υ§ à¾ÃÒÐá¤ÃÍ·զÒ (cave carrot)... ĉ¹Ť´äˑÍÍ¡àÅÂ˗ÒŇÒäÁā¹\"",
        "93/f Jodi 1000/t 600 930/d Tue Wed Thu Fri Sat Sun": "continue/64 15/farmer 64 16 2 Jodi 64 18 0/pause 1500/addQuest 22/skippable/speak Jodi \"*á˞¡* ...Ëħ´Ƥ @! *á˞¡* à̎Í... àËҩÍÂ¨ƃ§æ àÅÂ¹Ð ˵Í§àŴ¹ע¹ÁÒчщàщÂ$h\"/pause 200/emote Jodi 28/pause 200/speak Jodi \"àÍÒà¶ÍÐ... ĉ¹ÁÒàҮÍ¨Ð¶ÒÁ˗Ò à¸ÍÍÂÒ¡¨ÐÁÒ ·Ò¹ÍÒËÒÃàʢ¹ч˺Ò¹ ¢Í§ĉ¹Ǵ¹׉ǣà»˕Ò!#$b#äˑä˴Ě§ĄºËÃÍ¡¹Ð... á˅˶Òà¸Íĕ´Ɗ¹ã¨ч¨ÐÁÒ ʺÇÂàÍÒ»ÅÒ¡Ð¾§»Ò¡¡̇Ò§ (Largemouth Bass) ÁÒ˴ÇÂä˴ՁÂ?#$b#ʺÒÂÂÂ à˨Ò»ÅÒĕÇãËʽæ àȑÍ¡æ ¨Ò¡·ÐàÅÊÒºι¹˕Ð ĉ¹˵Í§¡ÒÃĕÇǙ§ àҮÍч¨ÐŇÒ á¤Êà«ÍâÃÅˉÐ$h#$b#âÍà¤... §Ò¹àУÁƧ˺Ò¹¢Í§ĉ¹ àÇÅÒ 7:00 PM ¹Ð... Í˒ÒȕÁ»ÅÒ˕Ð! ̪ÒÂºÒÂ\"/pause 300/end dialogue Jodi \"»ÅÒá¤Êà«ÍâÃÅ š¹àұÍäË˓ʁɊ´ÂÍ´\"",
        "102/z spring/z summer/z fall/d Mon Tue Wed Thu Fri Sat/y 1/H": "continue/64 15/farmer 64 16 2 Pierre 64 18 0/broadcastEvent/skippable/pause 1500/speak Pierre \"˗Òä§ @ ÁÒÍԒчщ ã¡̅¨Ð¤Ãºƫá̅ÇƊ¹Ð ãʺՁÂ?#$b#˶ÒĢ§؛ÍàÁʥ´Ğ¹ۨ ¨Ò¡ĉ¹ä»àҳÍÂæ áºº׉ ƫË˹Ò¼Å¼ƅµ¤§¨Ð àОÁàʛ¹ÊÍ§àˇÒáˉæ!$h#$b#àÍÒ˕Ð ĉ¹ƱʲÒÇƤÁÒºÍ¡...#$b#ĉ¹¨Ð¢ÒÂàÁʥ´Ğ¹ۨãËˑæ ч̃Ò¹ã¹ƫË˹Ò! á˅¨ÐƱàÁʥ´Ğ¹ۨãËˑ 1 ÊÒÂĞ¹ۨ˅ÍËѹ§Äɤ¡ÒÅ àˇÒԹ¹¹Ð#$b#...ι¹˕ÐǴÍЪ§ч ĉ¹ÍÂÒ¡¨ÐºÍ¡ ä»˕Ð¹Ð... ¢Íã̋âª¤Ƥ¹Ðħ¹׉\"/pause 300/move Pierre 0 1 2/pause 1000/faceDirection Pierre 0/speak Pierre \"ړՁÂ... щäˑä˴¡˕ÒÇËÒӴáʲ§¹Ð$u#$b#ĉ¹¡̅ÒÊÒºÒ¹ āºɵ¡ˤÒàÅÂ˗Ò àÁʥ´Ğ¹ۨ¢Í§ƫáÍΓàщÂƱ *Ȥ³ÀÒ¾ɺ§чɊ´* àˇÒч¨ÐËÒä˴ º¹âÅ¡ãº׉á̅Ç$h\"/pause 500/end",
        "2118991/e 3910975/t 600 800": "continue/64 15/farmer 64 16 2 Shane 64 18 0/pause 1500/skippable/speak Shane \"à̎...\"/pause 500/faceDirection Shane 1/pause 500/faceDirection Shane 0/speak Shane \"щȤ³... ȝÁ... ¼Á¨Ðɮ´Ģ§ä§Ƥ?$s#$b#¼ÁÍÂÒ¡¨Ð¢Íâ·É¨ƃ§æ āºЪ§чàš´ע¹ι¹ˉÐ ι¹ġ¹... ˉÒÍÒÂÁÒ¡...\"/pause 500/speak Shane \"$q -1 null#  #$r -1 10 event_apologize1#ĉ¹Ƥã¨чä˴ʺÇÂȤ³ä̇#$r -1 -10 event_apologize2#ġ¹˵Í§Ʊ¤¹àƳÂ¡ÊŵȤ³ËˉÍÂ!#$r -1 10 event_apologize3#ړǪ¡ƤчȤ³Ģ§ÍԒµÃ§׉\"/pause 1000/faceDirection Shane 1/pause 1000/speak Shane \"¼Áĕ´Ɗ¹ã¨á̅Ç ˗Ò¨Ðä»¾ºę¡ŊÒĚ´ ËÁÍÎÒΓƷΒʺÇÂŵ´˅Í àҮÍ¹˓ÇÁ§Ò¹¢Í§à¢Ò ã̋āº¼Áá̅Ç...$s\"/pause 500/faceDirection Shane 0/speak Shane \"Ģ§ä§ʁµÒÁ... ¼ÁáʴÍÂÒ¡¨Ð ¢ÍºȤ³ŚÒËģº¡ÒÃɤáÅ áÅÐÍÂÒ¡ã̋Ȥ³ړ˗Ò Ե§á˅׉àʛ¹˵¹ä» ¼Á¨Ðã˪àÇÅÒã̋لÁʴÒ#$b#¼Áäˑ˵Í§¡ÒÃ ¨Ðàʛ¹ÀÒÃÐã̋ã¤Ãá̅Ç...\"/pause 1000/faceDirection Shane 1 true/pause 50/faceDirection Shane 2/pause 500/showFrame Shane 19/pause 2000/end",
        "2128292/e 3900074/t 600 630/f Shane 2500/D Shane": "continue/64 15/farmer 64 16 2 Shane 64 18 0/pause 1500/skippable/speak Shane \"ÊħÊƤ @!$6\"/pause 1000/speak Shane \"à˝Í... ¼Áä˴ݘÇÊÍ§ãº ŚÒËģºà¡ÁчƧÁė¹à¹àÅÍΓ (Tunnelers) Å§áʲ§Ǵ¹׉$6\"/pause 2000/speak Shane \"˶ÒȤ³ÍÂÒ¡ä»˴ÇÂ ÁÒà¨Í¼Áч˻ÒÂÃ¶ĚÊ µÍ¹ 5 PM ¹Ð$6\"/pause 1000/end",
        "3917587/f Alex 3500/O Alex/t 500 820/M 5000/d Sun/y 2": "continue/-10000 -1000/farmer -100 -100 2 Alex -100 -100 2/warp Alex -100 -100/warp farmer -100 -100/faceDirection Alex 2/viewport 64 15 clamp true/pause 2000/playSound doorClose/warp farmer 64 15/pause 500/move farmer 0 2 2/playSound doorClose/warp Alex 64 15/pause 300/faceDirection farmer 1 true/pause 100/faceDirection farmer 0/speak Alex \"щ @ ʱÍ¹¨Ðä»...#$b#ړǪ¡á˒Ĉ§ч˵Í§¶ÒÁáºº׉... á˅ĉ¹¢ÍȒÁàŧ¹ 5,000g ËˉÍÂä˴ՁÂ?#$b#ŚÒËģºâ»Ãà¨¡΅ĥº чĉ¹ŇÒÍԒˉÐ... ĉ¹ړ¹Ð˗ÒàÃÒ ã˪àŧ¹¡ÃÐà͛ÒàƤÂÇā¹ á˅ĉ¹Ť´˗ÒˉÒ¨Ð¢ÍɤʱÍ¹\"/pause 1000/question fork0 \"ã̋àŧ¹ 5,000g áʱâ»Ãà¨¤ĥº¢Í§Íàʥ¡ͻՁÂ?#ã̋#äˑã̋\"/fork giveAlexMoney/playMusic none/pause 1000/emote Alex 12/speak Alex \"àÍÒ¨ƃ§Ŵ? ¨ÐäˑÂÍÁʸÒÂàÈÉàŧ¹áʴ 5,000g àҮÍã̋ĉ¹ Ʊ¤ÇÒÁɊ¢ËˉÍÂàËÃÍ?$a#$b#ĉ¹äˑړÁÒʱÍ¹àÅÂ¹ÐàщÂ ˗Òà¸Í¨ÐֲàËƩÂÇ¢¹Ò´׉...$s\"/pause 500/faceDirection Alex 1 true/pause 100/faceDirection Alex 0/pause 500/emote Alex 28/pause 400/speak Alex \"ĉ¹ʁáʴÍÂÒ¡¨ÐÊȹ¡Ź´ËˉÍÂ ...$s\"/pause 800/playSound doorClose/warp Alex -100 -100/pause 2000/end dialogue Alex \"ĉ¹äˑÍÂÒ¡ȤÂāºà¸ÍµÍ¹׉ ...$s\"",
        "giveAlexMoney": "pause 200/addMailReceived gaveAlexMoney/money -5000/emote Alex 20/pause 500/speak Alex \"àђÂÁ! áÇÐä»ч«Òɵ¹ħ¹ÍÒŷµΒ¹Ð à݋ÂÇĉ¹¨ÐâªΗ¼Åĥ¾Έã̋ɤ!$h\"/pause 500/end",
        "3917600/f Emily 3500/O Emily/t 500 820": "continue/-10000 -1000/farmer -100 -100 2 Emily -100 -100 2/warp Emily -100 -100/warp farmer -100 -100/faceDirection Emily 2/viewport 64 15 clamp true/pause 2000/playSound doorClose/warp farmer 64 15/pause 500/move farmer 0 2 2/playSound doorClose/warp Emily 64 15/pause 300/faceDirection farmer 1 true/pause 100/faceDirection farmer 0/speak Emily \"щчģ¡... ʱÍ¹¨Ðä»ŇÒ§Ò¹ħ¹׉ ƱàÇÅÒà݋ÂÇǙ§ՁÂ?#$b#µÍ¹׉ĉ¹ıÒĥ§ŇÒ ¢Í§žàÈÉºÒ§Í˒Ò§ ã̋à¸ÍÍԒ... á˅˗Òĉ¹˵Í§¡ÒÃ ¤ÇÒÁʺÇÂàËȕÍŹ´ËˉÍÂ àҮÍ¨ÐŇÒġ¹ã̋àÊʣ¨\"/move farmer 0 -1 0/speak Emily \"ġ¹àʛ¹¤ÇÒÁĥº¹Ð ĉ¹àÅÂºÍ¡à¸Íäˑä˴ ˗Òġ¹ǴÍÍÐäÃ... á˅à¸ÍʺÇÂàÍÒ à̊¹ãÂä¿àºÍΓ (Fiber) 200 ֊¹ ÁÒã̋ĉ¹ËˉÍÂä˴äËÁ?\"/addQuest 126/pause 500/speak Emily \"ĉ¹˵Í§¡ÒÃáʴԹ¹áËÅÐ! áʴŉÒà̊¹ãÂä¿àºÍΓ (Fiber) 200 ֊¹ÁÒã̋ĉ¹µÍ¹äË¹ʁä˴... äˑƳº!\"/pause 2000/end dialogue Emily \"Í˒ÒáÍºɤ˕Ð! à݋ÂÇà¸Íʁ¨Ðä˴àʫ¹ µÍ¹ġ¹àÊʣ¨\"",
        "3911124/f Leah 3500/O Leah/t 500 820/w sunny/z winter/d Sun": "continue/-10000 -1000/farmer -100 -100 2 Leah -100 -100 2/warp Leah -100 -100/addConversationTopic leahPaint 0/warp farmer -100 -100/faceDirection Leah 2/viewport 64 15 clamp true/pause 2000/playSound doorClose/warp farmer 64 15/pause 500/move farmer 0 2 2/playSound doorClose/warp Leah 64 15/pause 300/faceDirection farmer 1 true/pause 100/faceDirection farmer 0/speak Leah \"à̎ @ ĉ¹Ʊ¤ÇÒÁŤ´Ǚ§...#$b#ĉ¹˵Í§¡ÒÃã̋à¸ÍÁÒËÒĉ¹ чˋÒū¹à´ÍΓá«» (Cindersap forest) ħ¹¾ӣ§׉µÍ¹àчÂ§#$b#à݋ÂÇĉ¹¨Ð ÊÍ¹à¸ÍÇÒ´ɳ»àÍ§!$h\"/pause 1000/speak Leah \"˶ÒÊÀÒ¾ÍÒ¡ÒÈġ¹á˒ ʁʴÍÂŇÒġ¹ħ¹˅Íä»Ɗ âÍà¤äËÁ?\"/emote farmer 32/end dialogue Leah \"ġ¹¨Ð˵Í§Ƥáˉ ˶Òà¸Íä˴ã˪àÇÅÒāº¤ÇÒÁŤ´ ỄÒ§ÊÃÃʹƽ¡ËˉÍÂ äˑŤ´ԧ¹àËÃÍ?\"",
        "3912125/f Elliott 3500/O Elliott/t 500 1500/p Elliott/U 8": "continue/-10000 -1000/farmer -100 -100 2 Elliott -100 -100 2/addConversationTopic ElliottGone1 0/addConversationTopic elliottGone 6/addWorldState elliottGone/skippable/warp Elliott 63 15/warp farmer -100 -100/faceDirection Elliott 2/showFrame Elliott 38/viewport 64 15 clamp true/pause 1000/pause 2000/playSound doorClose/warp farmer 64 15/positionOffset farmer 0 16/pause 500/faceDirection farmer 3/emote farmer 8/pause 500/showFrame Elliott 39/emote Elliott 16/pause 500/speak Elliott \"@! ¼ÁàО§ä˴ģºʲÒÇ чˉÒҥ¹à˵¹ÁÒ˕Ð!\"/pause 50/jump Elliott/pause 500/speak Elliott \"ǴÍġ¹ʁàҳÍ§àʥ¡æ ˕Ð¹Ð á˅˗Ò¼Áä˴ģºàŪ­ ã̋˓ÇÁŇÒėÇΓ˝Ò¹Ëę§ȚÍ ŚÒËģº '%book' Ëę§ȚÍ¢Í§¼ÁˉÐ!\"/emote farmer 32/showFrame Elliott 0/faceDirection Elliott 1/pause 500/emote Elliott 28/pause 400/speak Elliott \"...¼Á¨Ðä»Ī¡ÍÒŷµΒǙ§ Ȥ³¨ÐâÍà¤ՁÂ?$s\"/quickQuestion #ä˴àÅÂ ĉ¹äˑàʛ¹äÃ #ĉ¹Ƃ¹ƤÁÒ¡æ àÅÂ˕Ð #Í˒Òä»¹Ð! (break)emote Elliott 20\\speak Elliott \"¼Á¤§¨ÐŤ´ǖ§Ȥ³ÁÒ¡æ àÅÂ˕Ðчģ¡#$b#á̅Ç¼Á¨ÐàƒÂ¹¨´ËÁÒÂ ÁÒǖ§Ȥ³ȷ¡ħ¹àÅÂ!!\"\\emote farmer 20(break)jump Elliott\\pause 500\\speak Elliott \"˞Ò˞Ò... ĭ¹׉ʁƤ¹Ð á˅˗ÒÍ˒Òҥ¹à˵¹ę¡àÅÂ$8#$b#¼Á¨ÐàƒÂ¹¨´ËÁÒÂ ËÒȤ³ȷ¡ħ¹àÅÂ ¨ÐŤ´ǖ§Ȥ³ã̋ÁÒ¡æ ˴ÇÂ!!\"(break)speak Elliott \"á˅чģ¡... щàʛ¹âÍ¡ÒÊчËÒÂÒ¡ ¢Í§¼ÁàÅÂ¹Ð ¼ÁĸÒàʛ¹¨Ð˵Í§ä»!$s#$b#Í˒ÒŇÒã̋¼Á ړǪ¡ż´àÅÂ¹Ð à݋ÂÇ¼Á¨ÐàƒÂ¹ ¨´ËÁÒÂËÒȷ¡ħ¹àÅÂ áÅÐ¨ÐƳº¡ĥºÁÒʱÍ¹ чȤ³¨ÐړĕÇ«Ðƽ¡\"/pause 1000/animate Elliott true true 100 35/animate farmer true true 100 101/specificTemporarySprite heart 63 15/pause 2000/stopAnimation Elliott/showFrame Elliott 4/stopAnimation farmer/pause 500/speak Elliott \"¼Á˵Í§ä»¾ӣ§׉Ե§á˅à˪Ò...#$b#˵Í§ä»Ĉ´¡ÃÐà͛Òá̅Ç!$8\"/end dialogue Elliott \"Í˒ÒȕÁàȅÍ¹¼Á¹Ð˗Ò Í˒ÒȕÁËƷ Êà»ÃΒ ËƷÅÐàƽÂ´á̅Çʁ ¤ƳÁ¹Ç´¼ÁėºŷÁ!\"",
        "3912131/e 3912130/A ElliottGone6/n elliottLetter5/x elliottLetter6 true": "null",
        "3912130/e 3912129/A ElliottGone5/n elliottLetter4/x elliottLetter5 true": "null",
        "3912129/e 3912128/A ElliottGone4/n elliottLetter3/x elliottLetter4 true": "null",
        "3912128/e 3912127/A ElliottGone3/n elliottLetter2/x elliottLetter3 true": "null",
        "3912127/e 3912126/A ElliottGone2/n elliottLetter1/x elliottLetter2 true": "null",
        "3912126/e 3912125/A ElliottGone1/x elliottLetter1 true": "null",
        "992559/t 600 1130/n clothFound/o Emily/w sunny": "continue/64 15/farmer 64 16 2 Emily 64 18 0/skippable/pause 1500/speak Emily \"̍Ð @! ÍɃ³ÊħÊڴ˨Ð!\"/pause 500/faceDirection Emily 3/pause 800/faceDirection Emily 0/speak Emily \"ɤàËȑÍ¹à¸Í¨Ðä»ä˴Ƥ¹Ð... ¿ÒΓÁɤƤÁÒ¡àÅÂ˕Ð!$h\"/pause 500/emote farmer 32/pause 500/speak Emily \"á¶Á... à¸ÍʁÍԒщÁÒä˴Ī¡Ğ¡á̅Ç ĉ¹Ť´˗ÒȤ³¤§¨ÐƱ '˼Ò (Cloth)' ÍԒ˺Ò§á̅Ç... ãʺՁÂ?\"/pause 500/speak Emily \"ԧ¹ ړǣà»˕Ò˗Ò à¸ÍÊÒÁÒÃ¶ã˪˼Ò¾Ç¡Թ¹ ÁÒĕ´àʢºã̋àʛ¹àغÍ˼Òä˴¹Ð чà¸Í˵Í§ã˪ǴÍ Ĉ¡Ãàʢº˼Ò...#$b#áÅÐĉ¹ʁƱÍԒ Ëѹ§Ą¹¾ÍƤч˺Ò¹! ÁÒàʢº˼Òä˴µÒÁÊºÒÂàÅÂ¹Ð ¨ÐÁÒã˪µÍ¹äË¹ʁä˴$h\"/pause 800/playSound reward/message \"Ȥ³ÊÒÁÒÃ¶ã˪ Ĉ¡Ãàʢº˼Ò¢Í§àÍƁƵ ä˴á̅Ç!\"/pause 800/speak Emily \"Ƈƨ¡ÒÃàʢº˼ÒʁǴÍ à¸Í¨Ð˵Í§Ʊ˼ÒËѹ§Ȍ¹ āºÍÐäÃʁä˴ƽ¡Í˒Ò§ ÅÍ§àʢºġ¹á̅Çʁ ¤ÍÂɤ˗ÒàغÍ˼Ò¨ÐÍÍ¡ÁÒ ã¹ɳ»áººäË¹!\"/pause 500/emote Emily 32/pause 500/end",
        "992559/t 600 1130/n clothFound/O Emily/w sunny": "continue/64 15/farmer 64 16 2 Emily 64 18 0/skippable/pause 1500/speak Emily \"ÍɃ³ÊħÊڴ˨Ð @$h\"/pause 500/speak Emily \"ĉ¹àО§¨ÐĸÒä˴˗Ò... ĉ¹ƱĈ¡Ãàʢº˼ÒÍԒч˺Ò¹˕Ð!\"/pause 500/speak Emily \"˶Òà¸ÍÍÂÒ¡¨Ðĕ´àغÍ˼Ò ÅÍ§áÇÐä»ɤä˴¹Ð!$h\"/pause 800/playSound reward/message \"µÍ¹׉Ȥ³ÊÒÁÒÃ¶ ã˪Ĉ¡Ãàʢº˼Ò¢Í§àÍƁƵ ä˴á̅Ç!\"/pause 800/speak Emily \"Ƈƨ¡ÒÃàʢº˼ÒʁǴÍ à¸Í¨Ð˵Í§Ʊ˼ÒËѹ§Ȍ¹ āºÍÐäÃʁä˴ƽ¡Í˒Ò§ ÅÍ§àʢºġ¹àˢÒ˴ÇÂā¹ɤ¹Ð á̅Çɤ˗Ò¨Ðä˴ àغÍ˼ÒáººäË¹ÍÍ¡ÁÒ!#$b#ĉ¹¤§¨ÐړǪ¡Êȹ¡ˉÒɤ чä˴àʫ¹à¸Íã¹àغÍ˼ÒËÅÒÂæ áºº!$h\"/pause 500/emote Emily 20/pause 500/end",
        "980558/t 600 1130/w sunny/f Gus 1250": "playful/64 15/farmer 64 16 2 Gus 64 18 0/skippable/pause 1500/speak Gus \"ÍɃ³ÊħÊڴ!\"/pause 500/faceDirection Gus 3/pause 600/speak Gus \"˝Ò... àʛ¹ħ¹чƤ¹Ð ˗ÒäËÁ?\"/pause 400/faceDirection Gus 0/speak Gus \"ړՁÂ ã¹°Ò¹Ðà˨Ò¢Í§«Òɵ¹ ĉ¹ړËÁ´àÅÂ˗Ò ƱÍÐäÃàš´ע¹˺Ò§ ã¹àȑÍ§׉ˉÐ#$b#ĉ¹ĸÒä˴àÅÂ ħ¹áÃ¡чà¸Í̂ÒÂàˢÒÁÒ... ȷ¡¤¹äˑáˉã¨àÅÂ˗Ò ¤ÇÃ¨ÐËħ§ÍÐäÃ¨Ò¡#$b#¤¹á»Å¡Ë˹Ò чÁÒ¨Ò¡ã¹àȑÍ§...$s\"/textAboveHead Gus \"á»»Ǚ§¹Ð...\"/faceDirection Gus 2/animate Gus false true 250 24 25/pause 500/playSound slimeHit/pause 500/playSound slimeHit/pause 500/playSound slimeHit/pause 500/playSound slimeHit/pause 500/stopAnimation Gus/pause 500/faceDirection Gus 0/pause 500/speak Gus \"â·ÉƧ ĉ¹˵Í§¡Ç¹à˨ÒË́Í׉ȷ¡ 5 ¹ÒƧˉÐ\"/emote farmer 40/speak Gus \"˗Òá˅àұÍֱĉ¹ɮ´ǖ§ÍÐäÃ¹Ð? ̍Í ãʺá̅Ç... à¸ÍړäËÁ ġ¹ʁàËȑÍ¹àÇÅÒà¸ÍŇÒ«ÍÊ...\"/playMusic none/speak Gus \"...˶Òà¸Íà¼ÅÍã˚ÍÐäÃæ Å§ä»˕Ðʁ à¸ÍÍÒ¨¨Ð ŇÒȷ¡Í˒Ò§Ğ§ àÅÂʁä˴!$s\"/pause 500/playSound fireball/animate Gus false true 100 26/shake Gus 1000/specificTemporarySprite sauceFire/pause 2000/animate Gus false true 200 24 25/pause 400/playSound slimeHit/pause 400/playSound slimeHit/pause 400/playSound slimeHit/pause 400/playSound slimeHit/pause 400/playSound slimeHit/animate Gus false true 100 24/pause 500/playSound discoverMineral/specificTemporarySprite sauceGood/pause 800/playMusic distantBanjo/speak Gus \"...á˅Í˒Ò§˹ÍÂ ġ¹ʁƱâÍ¡ÒÊчà¸Í ¨Ðä˴ŇÒɺµÃÍÒËÒÃãËˑ чÃÊÍ˓ÍÂÁÒʁä˴¹Ð! ãʺäËÁ˕Ð? ˞Ò˞Ò˞Ò$h\"/pause 100/stopAnimation Gus/faceDirection Gus 0/emote farmer 8/faceDirection Gus 3/faceDirection Gus 0/pause 500/speak Gus \"à˝Í... чĉ¹¨Ðɮ´ʁǴÍ...$s#$b#ġ¹àђÂÁä»àÅÂ¹Ð чƱà¸ÍÍԒã¹àȑÍ§׉ áÅÐĉ¹ʁŤ´˗Òà¸Í ʁàʛ¹Ëѹ§ã¹àҮÍ¹чƤ ¢Í§ĉ¹àÅÂ!\"/emote farmer 32/speak Gus \"ĉ¹ÁÒàҮÍ¨ÐàÍÒ¢Í§ ÁÒã̋à¸ÍˉÐ...#$b#ĉ¹ä»ŇÒ¤ÇÒÁÊÐÍÒ´ ч̋Í§ˢÒ§Ëĥ§̃Ò¹ á̅Çʁà¨Íڅà¾Å§ĭ¹àʥ¡àʱÒæ щ ĉ¹ÍÂÒ¡ã̋à¸Íàʁºä̇¹Ð\"/pause 800/itemAboveHead jukebox/playSound getNewSpecialItem/pause 3300/awardFestivalPrize jukebox/pause 200/message \"ä˴ģº 'څà¾Å§¢¹Ò´ܚÇ (Mini-Jukebox)'\"/pause 800/speak Gus \"¨ƃ§æ á̅Çġ¹àʛ¹â»Ãà¨¤ DIY ¢Í§ĉ¹àұÍËÅÒÂƫÁÒá̅Ç ġ¹ŇÒʷÒÂÁÒ¡àÅÂ¹Ð!#$b#àҬÍ˗Òà¸Í ÍÂÒ¡¨ÐŇÒġ¹àОÁ ĉ¹àÍÒžÁΎàƒÂÇÁÒã̋˴ÇÂ...\"/pause 200/playSound getNewSpecialItem/addCraftingRecipe Mini-Jukebox/pause 500/message \"àƳÂ¹ړƇƨ¡ÒÃ»ÃÐŴÉ΀ 'څà¾Å§¢¹Ò´ܚÇ (Mini-Jukebox)' á̅Ç\"/pause 800/speak Gus \"àђÂÁ ĉ¹¤§˵Í§¡ĥºá̅Ç˕Ð ĉ¹˵Í§àÍÒ «ÍÊÁÒƃ¹Ò˓Ò ¡ĥºä»ӭ¹чàµÒ! ¢Íã̋âª¤Ƥ!\"/pause 500/end",
        "3872126/C/x willyBackRoomInvitation": "null"
    }
}
