{
    "header": {
        "target": "w",
        "formatVersion": 5,
        "hidef": true,
        "compressed": 128
    },
    "readers": [
        {
            "type": "Microsoft.Xna.Framework.Content.DictionaryReader`2[[System.String, mscorlib, Version=4.0.0.0, Culture=neutral, PublicKeyToken=b77a5c561934e089],[System.String, mscorlib, Version=4.0.0.0, Culture=neutral, PublicKeyToken=b77a5c561934e089]]",
            "version": 0
        },
        {
            "type": "Microsoft.Xna.Framework.Content.StringReader",
            "version": 0
        }
    ],
    "content": {
        "14/f Haley 2000/z winter/t 1000 1600/w sunny": "spring_day_ambient/100 23/farmer 94 23 1 Haley 100 23 1/skippable/pause 2000/showFrame Haley 25/pause 500/playSound cameraNoise/shake Haley 50/screenFlash .5/pause 800/pause 500/faceDirection Haley 2 true/showFrame Haley 24/pause 500/playSound cameraNoise/shake Haley 50/screenFlash .5/move farmer 5 0 1 true/pause 1200/faceDirection Haley 3 true/showFrame Haley 27/pause 400/jump Haley/pause 600/showFrame Haley 12/faceDirection Haley 3/pause 300/speak Haley \"â̍! @$8\"/pause 500/faceDirection Haley 2/pause 800/speak Haley \"áÊ§чÊÒ´˚Í§Å§ÁÒ ÊÇÂ§ÒÁ¨ƃ§æ... ĉ¹ÍÍ¡ÁÒɤ á̅ÇÍÂÒ¡ˆÒÂɳ»ġ¹ċ¡ËˉÍÂ\"/pause 600/faceDirection Haley 3/pause 600/faceDirection Haley 3/pause 400/speak Haley \"ĉ¹¾ÂÒÂÒÁ ¨ÐÍÍ¡ÁÒËÒÍÐäÃŇÒ ˢÒ§¹Í¡ã̋ÁÒ¡ע¹...#$b#ĉ¹ÍÂÒ¡¨Ðړġ¹àʛ¹Ģ§ä§ ƚƇµªÒÇä˓ ġ¹àʛ¹à̊¹·Ò§чĉ¹ äˑà¤ÂŤ´ǖ§ġ¹àÅÂ#$b#¨¹ǖ§µÍ¹׉...$l\"/pause 500/faceDirection Haley 0/pause 800/speak Haley \"ħÇι¹ˉÒģ¡Ĉ§àÅÂ...\"/pause 600/emote Haley 16/faceDirection Haley 3/speak Haley \"à̎ ĉ¹ƱäÍàƤÂá̅Ç˕Ð!$h\"/move Haley 0 1 2/faceDirection farmer 2/playSound sandyStep/addBigProp 100 25 106/pause 600/move Haley 0 -1 3/faceDirection farmer 1/speak Haley \"ÁÒˆÒÂɳ»āº ħÇ¾Ç¡׉ā¹à¶ÍÐ à¸ÍâªΗã̋ĉ¹ɤËˉÍÂ ŇÒĢ§ä§ǖ§¨ÐàˢÒã¡̅ġ¹ä˴$h#$b#ĉ¹¨Ðã˪âËÁ´ Ե§àÇÅÒˆÒÂàÍÒ¹Ð\"/move Haley 0 1 2/faceDirection farmer 2/pause 900/playSound openBox/move Haley 0 -1 3/faceDirection farmer 1/pause 700/faceDirection farmer 0/faceDirection Haley 0/playMusic 50s/globalFade/viewport -1000 -1000/cutscene haleyCows/pause 2000/speak Haley \"... ¡Ƴê´ ...$9\"/pause 1000/speak Haley \"*ƍƍ*$10#$b#ġ¹Êȹ¡¨ƃ§æ @! ...áÅÐɳ»ġ¹ɤµÅ¡ÁÒ¡æ!$10\"/pause 500/speak Haley \"ĉ¹¨Ð¡ĥº˺Ò¹ ä»ÍÒºթÒ«ÐËˉÍÂ...$10\"/pause 1000/mail haleyGarden/end dialogue Haley \"àʛ¹¤Ճ§áÃ¡ чĉ¹ړǪ¡àÅÍÐà·ÍÐ áºº׉àÅÂ¹Ð$h\"",
        "52/f Leah 1500/p Leah/z winter": "playful/-1000 -1000/farmer 58 16 3 Leah 42 11 3/skippable/specificTemporarySprite leahTree/animate Leah false true 80 22 23 22 23 22 23 22 23 21 21 21 21 21 21/viewport 40 10 true/move farmer -7 0 2/move farmer 0 -4 3/move farmer -3 0 3/jump Leah/move farmer -5 0 3/jump Leah/move farmer 0 -1 3/stopAnimation Leah/pause 600/faceDirection Leah 1/speak Leah \"â̍! @! à¸ÍŇÒĉ¹µ¡ã¨¹Ð$6\"/pause 430/faceDirection Leah 3/showFrame Leah 21/speak Leah \"àʫ¹¼Åä́º¹Թ¹äËÁ? ġ¹ɤˉÒÍ˓ÍÂ¹Ð ãʺՁÂ˕Ð?#$b#á˅ĉ¹àؽÍÁäˑǖ§ˉÐ$s\"/pause 500/emote farmer 40/pause 500/faceDirection farmer 3/animate farmer true false 150 58 59 60 61 61 61 61/showFrame Leah 24/playSound pickUpItem/positionOffset Leah 4 -8/pause 25/positionOffset Leah 4 -8/pause 25/positionOffset Leah 4 -8/pause 25/positionOffset Leah 4 -8/pause 25/positionOffset Leah 4 -8/pause 25/positionOffset Leah 4 -8/pause 25/positionOffset Leah 4 -8/pause 25/positionOffset Leah 4 -8/pause 25/positionOffset Leah 4 -8/pause 25/positionOffset Leah 4 -8/pause 25/positionOffset Leah 4 -4/pause 25/positionOffset Leah 4 -4/pause 25/positionOffset Leah 4 -4/pause 25/positionOffset Leah 4 -4/pause 25/positionOffset Leah 4 -4/pause 25/positionOffset Leah 4 -4/pause 25/stopAnimation farmer/animate farmer true true 100 61/shake Leah 1000/pause 250/speak Leah \"ÍÒ˞Ò!$6#$b#ƍƍ ¢Íºã¨ÁÒ¡$h\"/showFrame Leah 21/pause 850/animate Leah false true 60 22 23/speak Leah \"âÍà¤... ä˴á̅Ç!\"/jump Leah/removeSprite 42 8/playSound coin/pause 950/stopAnimation Leah/showFrame Leah 24/stopAnimation farmer/animate farmer true false 150 61 60 59 58 58 58 58 58/positionOffset Leah -4 8/pause 25/positionOffset Leah -4 8/pause 25/positionOffset Leah -4 8/pause 25/positionOffset Leah -4 8/pause 25/positionOffset Leah -4 8/pause 25/positionOffset Leah -4 8/pause 25/positionOffset Leah -4 8/pause 25/positionOffset Leah -4 8/pause 25/positionOffset Leah -4 8/pause 25/positionOffset Leah -4 8/pause 25/positionOffset Leah -4 4/pause 25/positionOffset Leah -4 4/pause 25/positionOffset Leah -4 4/pause 25/positionOffset Leah -4 4/pause 25/positionOffset Leah -4 4/pause 25/positionOffset Leah -4 4/pause 25/faceDirection Leah 1 true/stopAnimation farmer/faceDirection farmer 3/pause 500/speak Leah \"à¸Íáʂ§áÃ§¡˗Òчĉ¹Ť´¹Ð!$h\"/pause 1000/speak Leah \"ÍÐ щ ÅÍ§ŪÁġ¹ɤ...\"/pause 300/farmerEat 613/pause 900/pause 1100/stopAnimation farmer/faceDirection farmer 2/viewport move -1 1 6000/pause 2000/globalFade/viewport -1000 -1000/pause 1000/playMusic none/speak Leah \"ړäËÁ ºÒ§Ƨĉ¹ʁŤ´¹Ð#$b#ǖ§á́ §Ò¹ƈÅ»Ð¢Í§ĉ¹¨Ð̅ÁàËÅÇ ĉ¹ʁĢ§ƱàҮÍ¹ ч¤ÍÂȩ´ǔ§ĉ¹ ע¹ÁÒ¨Ò¡¤ÇÒÁż´Ëħ§ ¾Ç¡Թ¹$h\"/pause 1000/end dialogue Leah \"¢ÍºȤ³ чʺÇÂàËȕÍĉ¹µÅÍ´ÁÒ¹Ð ...$h\"",
        "54/f Leah 2500/t 1100 1600/z winter": "50s/-1000 -1000/farmer 87 40 3 Leah 76 40 1/skippable/specificTemporarySprite leahPicnic/viewport 77 40 true/move farmer -10 0 3/speak Leah \"ÊħÊƤ @ ĉ¹Ť´ä̇á̅Ç˗Òħ¹׉ à¸Í¨Ð˵Í§ˌÒ¹ÁÒá¶Ç׉#$b#... ĉ¹àÅÂÍÂÒ¡¨Ðà«ÍΓä¾ÃΚ àÃÒԷ§ÊÍ§¤¹...$h\"/faceDirection Leah 0/pause 800/speak Leah \"ġ¹ǴÍ˼ÒɫŻ¡Ź¤ ŚÒËģºàÃÒԷ§Ӵ!$h\"/pause 500/faceDirection Leah 1/pause 500/faceDirection Leah 0/speak Leah \"щǴÍÃÇÁƁµÃĜ¡ áÅÐթÒ«ÍÊɺµÃžàÈÉ\"/pause 600/move Leah -1 0 0/speak Leah \"...áÅÐщǴÍÊĥ´Ĝ¡Ê´ чŇÒÁÒ¨Ò¡Ĝ¡ãºàƒÂÇ ĉ¹àʁºä˴¨Ò¡ã¹ˋÒá¶Ç׉!$h\"/pause 600/faceDirection Leah 1/move farmer -1 0 3/faceDirection Leah 0/pause 1200/speak Leah \"@ ȝÁ...$l\"/faceDirection Leah 2/pause 300/faceDirection Leah 1/speak Leah \"ĉ¹áʴÍÂÒ¡¢ÍºȤ³à¸Í... чʺÇÂã̋ĉ¹ˡÒÇàˢÒä»ã¡̅ ¡ÒÃàʛ¹ƈÅŻ¹ע¹ÁÒƽ¡Ԣ¹$l\"/pause 400/showFrame Leah 25/pause 100/positionOffset Leah 2 0/pause 50/positionOffset Leah 2 0/pause 50/positionOffset Leah 2 0/pause 50/positionOffset Leah 2 0/pause 50/positionOffset Leah 2 0/pause 50/positionOffset Leah 2 0/pause 50/positionOffset Leah 2 0/pause 50/positionOffset Leah 2 0/pause 50/animate farmer true true 100 101/positionOffset farmer 16 0/positionOffset farmer -2 0/pause 50/positionOffset farmer -2 0/pause 50/positionOffset farmer -2 0/pause 50/positionOffset farmer -2 0/pause 50/positionOffset farmer -2 0/pause 50/positionOffset farmer -2 0/pause 50/positionOffset farmer -2 0/pause 50/positionOffset farmer -2 0/pause 500/specificTemporarySprite heart 76 39/pause 1000/stopMusic/message \"ƱàƺÂ§Ĕ§ÁÒ¨Ò¡чä¡Åæ: ȝÁ Ƥ Ƥ.. чщƱÍÐäÃā¹àËÃÍ?\"/warp LeahEx 74 29/move LeahEx 0 9 2 true/stopAnimation farmer/positionOffset farmer -16 0/faceDirection farmer 0 true/showFrame Leah 4/pause 50/positionOffset Leah -4 0/positionOffset farmer 4 0/pause 50/positionOffset Leah -4 0/positionOffset farmer 4 0/pause 50/positionOffset Leah -4 0/positionOffset farmer 4 0/pause 50/positionOffset Leah -4 0/positionOffset farmer 4 0/faceDirection Leah 0/pause 4000/showFrame LeahEx 4/move Leah -1 0 0/speak Leah \"à¤Å??$6#$b#ÍÐäÃËÍºȤ³ÁÒǖ§щàщÂ?$a\"/fork LeahInternet choseInternet/message \"à¤Å: à¸Íäˑàʫ¹ĉ¹ ã¹§Ò¹áÊ´§ƈÅ»Ðԧ¹àËÃÍ? ĉ¹ÁÒ¨Ò¡àȑÍ§ɛɛ àҮÍÁÒɤ§Ò¹á¡ÐÊĥ¡ ¢Í§à¸ÍàÅÂ¹Ð\"/move LeahEx 0 1 2/message \"à¤Å: áÅÐàҮÍã̋à¸Í¡ĥºä»āºĉ¹\"/message \"à¤Å: ĉ¹ÍÂÒ¡ã̋àÃÒ ¡ĥºä»àʛ¹áººàŴÁä˴ՁÂ... чģ¡ ĉ¹Ť´ǖ§à¸Í\"/emote Leah 12/faceDirection Leah 0/speak Leah \"ˉÒģ§àƑÂ¨ Í˒ÒàƳÂ¡ĉ¹áººԹ¹ƽ¡¹Ð!$a#$b#à¸Íäˑà¤ÂÊęºÊȹ¹ §Ò¹ƈÅ»Ð¢Í§ĉ¹àÅÂ... á˅µÍ¹׉ ¾Íĉ¹àУÁ»ÃÐÊº¤ÇÒÁŚÒàʣ¨ Ȥ³ʁÍÂÒ¡ã̋ĉ¹ ¡ĥºä»ԧ¹àËÃÍ? à¸ÍŇÒã̋ĉ¹¤ҵ¹ä̊$a\"/move Leah 0 2 2/showFrame LeahEx 4/message \"à¤Å: ˗Òä§! ÁÒщƊ!\"/speed farmer 4/move farmer -2 0 0 false/question fork1 \"#ª¡à¤ÅчãºË˹Ò#¾ÂÒÂÒÁƱàËȵ¼Åāºà¤Å\"/fork noPunch/pause 300/screenFlash .25/animate farmer false false 650 15/positionOffset farmer 0 -8/faceDirection Leah 0 true/playSound clubhit/showFrame LeahEx 6/jump LeahEx/positionOffset LeahEx 0 -4/pause 25/positionOffset LeahEx 0 -4/pause 25/positionOffset farmer 0 8/positionOffset LeahEx 0 -4/pause 25/positionOffset LeahEx 0 -4/pause 25/positionOffset LeahEx 0 -4/pause 25/positionOffset LeahEx 0 -4/pause 25/positionOffset LeahEx 0 -4/pause 25/positionOffset LeahEx 0 -4/pause 25/positionOffset LeahEx 0 -4/pause 25/pause 200/playSound clubSmash/showFrame LeahEx 7/shake LeahEx 1000/speak Leah \"â̍¾ÃÐà˨ÒʺÇÂ!$6\"/speed Leah 4/move Leah -1 0 0/speed Leah 4/move Leah 0 -4 1/emote Leah 40/pause 1700/speak Leah \"à¢ÒäˑÂÍÁáˉæ... á˅ġ¹ʁÊÁ¤ÇÃâ´¹ÍԒËÃÍ¡¹Ð @^Ë˕Í¹äˑàʛ¹äÃËÃÍ¡... á˅ġ¹ʁÊÁ¤ÇÃâ´¹ÍԒËÃÍ¡¹Ð @\"/faceDirection Leah 2/speak Leah \"ä»¨Ò¡чщā¹à¶ÍÐ ĉ¹äˑŤ´˗Ò à¤Å¨Ð¡̅ÒÁÒ¡Ç¹àÃÒƽ¡á̅Ç\"/speed farmer 2/positionOffset farmer 2 0/move farmer -1 0 0/move Leah 0 -8 0 true/move farmer 0 -8 0 true/globalFade/viewport -1000 -1000/pause 1000/speak Leah \"ä»ËÒчàƗÂºæ ¡˗Ò׉ā¹à¶ÍÐ...$l\"/playMusic none/pause 2000/end dialogue Leah \"àƺÂ´ÒÂ ¡ÒÃŻ¡Ź¡¢Í§àÃÒ äˑä˴àʛ¹Í˒Ò§ч ÇÒ§á¼¹ä̇àÅÂ$h\"",
        "choseInternet": "pause 10/message \"à¤Å: ĉ¹à¨Í̃Ò¹¢ÒÂ§Ò¹ƈÅ»Ð ÍÍ¹äÅΉã̋à¸Íá̅Ç... ġ¹ƇàÈÉÁÒ¡ 'Ȥ³à¤ (Mr.K)' à¢ÒÊ¹ã¨¨Ð؛Í§Ò¹ á¡ÐÊĥ¡¢Í§à¸ÍԷ§ËÁ´ ä̇àʁºÊÐÊÁ à¸ÍÊ¹ã¨¢ÒÂäËÁ?\"/pause 90/speak Leah \"à¸ÍǴÍ 'Ȥ³à¤ (Mr. K)'? ĉ¹... ĉ¹Ť´˗Ò¨Ðàʛ¹ã¤Ãċ¡¤¹ чÃÇÂÁÒ¡áÅÐªÍº¼Å§Ò¹ĉ¹ ¨ƃ§æ«Ðƽ¡$s\"/move LeahEx 0 1 2/message \"à¤Å: à̎Í ʺÒ§à¶ÍÐ à¸Í˵Í§¡ĥºä»āºĉ¹...\"/pause 1000/message \"à¤Å: ɤƊƵÍÒ ĉ¹ÍÂÒ¡ã̋à¸Í¡ĥºÁÒ¹Ð ĉ¹ªÍºà¸Í чģ¡\"/emote Leah 12/faceDirection Leah 0/speak Leah \"Í˒ÒàƳÂ¡ĉ¹áººԹ¹¹Ð!$a#$b#Ȥ³äˑà¤ÂÊęºÊȹ¹ §Ò¹ƈÅ»Ð¢Í§ĉ¹ÁÒʱÍ¹... µÍ¹׉ ¾Íĉ¹àУÁ»ÃÐÊº¤ÇÒÁŚÒàʣ¨ à¸ÍʁÍÂÒ¡ã̋ĉ¹ ¡ĥºä»ԧ¹àËÃÍ? à¸ÍŇÒĉ¹¤ҵ¹ä̊$a\"/move Leah 0 2 2/showFrame LeahEx 4/message \"à¤Å: à̎! ÁÒщƊ!\"/speed farmer 4/move farmer -2 0 0 false/question fork1 \"#ª¡à¤ÅчãºË˹Ò#¾ÂÒÂÒÁƱàËȵ¼Åāºà¤Å \"/fork noPunch/pause 300/screenFlash .25/animate farmer false false 650 15/positionOffset farmer 0 -8/faceDirection Leah 0 true/playSound clubhit/showFrame LeahEx 6/jump LeahEx/positionOffset LeahEx 0 -4/pause 25/positionOffset LeahEx 0 -4/pause 25/positionOffset farmer 0 8/positionOffset LeahEx 0 -4/pause 25/positionOffset LeahEx 0 -4/pause 25/positionOffset LeahEx 0 -4/pause 25/positionOffset LeahEx 0 -4/pause 25/positionOffset LeahEx 0 -4/pause 25/positionOffset LeahEx 0 -4/pause 25/positionOffset LeahEx 0 -4/pause 25/pause 200/playSound clubSmash/showFrame LeahEx 7/shake LeahEx 1000/speak Leah \"â̍ÇÇ ¾ÃÐà˨ÒʺÇÂ!$6\"/speed Leah 4/move Leah -1 0 0/speed Leah 4/move Leah 0 -4 1/emote Leah 40/pause 1700/speak Leah \"à¢ÒäˑÂÍÁáˉæ... á˅ġ¹ʁÊÁ¤ÇÃâ´¹ÍԒËÃÍ¡¹Ð @^Ë˕Í¹äˑàʛ¹äÃËÃÍ¡... á˅ġ¹ʁÊÁ¤ÇÃâ´¹ÍԒËÃÍ¡¹Ð @\"/faceDirection Leah 2/speak Leah \"ä»¨Ò¡чщā¹à¶ÍÐ ĉ¹äˑŤ´˗Òà¤Å ¨Ð¡̅ÒÁÒ¡Ç¹àÃÒƽ¡\"/speed farmer 2/positionOffset farmer 2 0/move farmer -1 0 0/move Leah 0 -8 0 true/move farmer 0 -8 0 true/globalFade/viewport -1000 -1000/pause 1000/speak Leah \"ä»ËÒчÊ§ºæ ¡˗Ò׉ā¹à¶ÍÐ...$l\"/playMusic none/pause 2000/end dialogue Leah \"àƺÂ´ÒÂ ¡ÒÃŻ¡Ź¡¢Í§àÃÒ äˑä˴àʛ¹Í˒Ò§ч ÍÂÒ¡ã̋àʛ¹àÅÂ$h\"",
        "noPunch": "pause 10/message \"à¤Å: äˑĸÒàʛ¹ àÃÒ˵Í§ȤÂā¹á̅Ç ËƩäˑä˴á̅Ç˕Ð\"/speed farmer 2/move farmer 1 0 3/move LeahEx 0 2 2/message \"à¤Å: ĉ¹ƛàƳÂÊ¨ƃ§æ¹Ð ƵÍÒ... à¸ÍŤ´¨ÐÁÒŇÒÍÐäÃ ã¹чáºº׉ā¹áˉ??\"/faceDirection farmer 2/showFrame Leah 26/pause 1000/showFrame Leah 27/showFrame 94/playSound clubhit/screenFlash .25/showFrame LeahEx 6/jump LeahEx/positionOffset LeahEx 0 -4/pause 25/positionOffset LeahEx 0 -4/pause 25/positionOffset farmer 0 8/positionOffset LeahEx 0 -4/pause 25/positionOffset LeahEx 0 -4/pause 25/positionOffset LeahEx 0 -4/pause 25/positionOffset LeahEx 0 -4/pause 25/positionOffset LeahEx 0 -4/pause 25/positionOffset LeahEx 0 -4/pause 25/positionOffset LeahEx 0 -4/pause 25/pause 200/playSound clubSmash/showFrame LeahEx 7/shake LeahEx 1000/stopAnimation farmer/speak Leah \"@ à¢Òàʛ¹¤¹чƤ¡˗Òà¸Í ã¹ȷ¡æ ˴Ò¹!$a^@ àʛ¹¤¹чƤ¡˗Òà¸Íã¹ȷ¡æ ˴Ò¹!$a#$b#àÍÒ˕Ð ÍÍ¡ä»¨Ò¡щ«Ð á̅Çäˑ˵Í§¡ĥºÁÒƽ¡!$a\"/move Leah -1 0 0/move Leah 0 -4 1/speak Leah \"ä»¨Ò¡чщā¹à¶ÍÐ ĉ¹äˑŤ´˗Ò à¤Å¨Ð¡̅ÒÁÒ¡Ç¹àÃÒƽ¡\"/move farmer 0 1 2/faceDirection Leah 2 true/move farmer -2 0 0/move Leah 0 -11 0 true/move farmer 0 -11 0 true/globalFade/viewport -1000 -1000/pause 1000/speak Leah \"ä»ËÒчÊ§ºæ¡˗Ò׉ā¹à¶ÍÐ...$l\"/playMusic none/pause 2000/end dialogue Leah \"àƺÂ´ÒÂ ¡ÒÃŻ¡Ź¡¢Í§àÃÒ äˑä˴àʛ¹Í˒Ò§ч ÍÂÒ¡¨Ðã̋àʛ¹àÅÂ$h\"",
        "181928/f Penny 2000/t 900 1600": "50s/-1000 -1000/farmer 75 40 2 Penny 71 45 2 Jas 71 49 3 Vincent 70 49 1/skippable/specificTemporarySprite pennyFieldTrip/positionOffset Penny 0 -16/animate Jas false true 90 16 17 18 19/viewport 71 45 true/move farmer 0 5 3/pause 600/faceDirection Penny 1/pause 600/speak Penny \"â̍ @! âª¤ƤĈ§àÅÂ чà¨Íà¸Íã¹àÇÅÒ׉\"/emote farmer 8/speak Penny \"ĉ¹˵Í§¾Òàʔ¡æ ä»àчÂÇá¶ºª¹º·ˉÐ#$b#à¸ÍړàҳÍ§ ƚƇµá¶ºԹ¹Ƥщ ãʺՁÂ?$h\"/speak Penny \"$q -1 null#ĉ¹àÅÂŤ´˗Ò... ÍÂÒ¡¨ÐªÇ¹à¸ÍÁÒ àʛ¹Ƈ·ÂÒ¡ÃËˉÍÂä˴äËÁ?#$r -1 10 event_speaker_yes#ĉ¹Ƃ¹ƤÍԒá̅Ç!#$r -1 0 event_speaker_yes#ȝÁ#$r -1 -1500 event_speaker_no#äˑÍÐ... ĉ¹äˑªÍºàʔ¡\"/fork eventEnd/faceDirection Penny 2/faceDirection farmer 2/showFrame Penny 26/pause 500/shake Penny 500/speak Penny \"á¨Ê! Ƈ¹à«¹·! ÁÒщá»ºǙ§˨Ð!\"/pause 80/stopAnimation Jas/faceDirection Jas 0 true/faceDirection Vincent 0/jump Vincent/jump Jas/pause 800/speed Vincent 4/speed Jas 4/move Vincent 0 -3 0 true/move Jas 0 -3 0 true/showFrame Penny 0/faceDirection Penny 2/faceDirection farmer 3/speak Penny \"ĉ¹Ʊá¢¡žàÈÉÁÒ¡æ ч¨ÐÁÒÊÍ¹ã¹ħ¹׉... @ ªÒÇä˓¢Í§Ëԑ˺Ò¹àÃÒàÍ§#$b#à¢ÒƱ»ÃÐÊº¡ÒÃ΃ÁÒ¡ÁÒÂ ã¹ª¹º· á¶Áà¢ÒĢ§ړàҳÍ§ ·ģ¾ÂÒ¡Ã¸ÃÃÁªÒŵ ã¹˷Í§Ж¹Ƥƽ¡˴ÇÂ!^à¸ÍƱ»ÃÐÊº¡ÒÃ΃ÁÒ¡ÁÒÂ ã¹ª¹º· áÅÐà¸ÍĢ§ړàҳÍ§ ·ģ¾ÂÒ¡Ã¸ÃÃÁªÒŵ ã¹˷Í§Ж¹Ƥƽ¡˴ÇÂ!\"/pause 500/speak Penny \"Ʊã¤ÃºÍ¡ĉ¹ä˴äËÁ ·ģ¾ÂÒ¡Ã¸ÃÃÁªÒŵ ǴÍÍÐäÃ?\"/animate Jas false true 50 20 21/animate Vincent false true 50 16 17/playSound dwop/pause 1200/speak Penny \"á¨Ê?\"/stopAnimation Vincent/stopAnimation Jas/speak Jas \"·ģ¾ÂÒ¡Ã¸ÃÃÁªÒŵ ǴÍħÊȴÁÒ¡ÁÒÂ чàš´¨Ò¡¸ÃÃÁªÒŵ áÅÐƱȤ³ʴÒ·Ò§àÈÃÉ°š¨ʴÐ$4\"/faceDirection Vincent 1/speak Penny \"ƤÁÒ¡àÅÂ̘Ðá¨Ê! àÍÒä»àÅÂ 2 ´ÒÇ\"/speak Jas \"à̂!$h\"/faceDirection Vincent 0/speak Penny \"àÍÒ˕Ð ã̋¤ÇÒÁÊ¹ã¨ю @ ā¹ËˉÍÂàʔ¡æ\"/move Penny -1 0 1/move farmer -4 0 2/question fork0 \"#ƚƇµª¹º·ǴÍ¡ÒÃŇÒ¿ÒΓÁ#ƚƇµª¹º·ǴÍ¡ÒÃËÒ¢Í§ˋÒ\"/fork choseFarming/pause 500/question fork0 \"#á¶Çæ ׉ àʕÁä»˴ÇÂá˓чƱʴÒÁÒ¡ÁÒÂ#ÊÒÂթÒá¶Çæ ׉ ʁàʕÁä»˴ÇÂ »ÅÒËÅÒ¡ËÅÒÂĞ¹ۨ#à¸Í¨Ð¾º˗ÒƱä́Ȥ³ÀÒ¾Ƥ ÍԒ·Ò§µÍ¹ã˵¢Í§ á¡ÃÁàžÅĕ¹ (Grampleton) \"/fork choseMinerals/animate Vincent false true 50 16 17/playSound dwop/pause 300/faceDirection Penny 2/pause 500/stopAnimation Vincent/speak Penny \"˗Òä§Ƈ¹à«¹·?\"/speak Vincent \"юªÒÂ @ Ȥ³¨Ðá˅§§Ò¹āº¤ɳà¾¹Ʃ ՁÂ¤ģº?$s^юÊÒÇ @ Ȥ³Ʊá¿¹ǣĢ§¤ģº?\"/speak Penny \"Ƈ¹à«¹·! Թ¹äˑãʺĴÒ¶ÒÁчàËÁÒÐÊÁ¹Ð ŇÒĕÇã̋Ƥæ ËˉÍÂ ËȓÍ¨Ðã̋ĉ¹àÍÒ´ÒÇԷ§ËÁ´ чà¸Íä˴ħ¹׉Ǵ¹˕Ð$a\"/emote Vincent 28/switchEvent fieldTripEnd",
        "choseFarming": "pause 500/question fork0 \"#Ŵ¹¢Í§Ëԑ˺Ò¹׉àËÁÒÐāº ¡ÒÃ»ɵ¡Ĝ¡áÊ¹Í˓ÍÂ#ÍÒ¡ÒÈáÅÐӗ§Ë˭Ò ¢Í§Ëԑ˺Ò¹׉ àËÁÒÐāº¡ÒÃàוÂ§ĪµΗ\"/fork choseAnimals/animate Vincent false true 50 16 17/playSound dwop/pause 300/faceDirection Penny 2/pause 500/stopAnimation Vincent/speak Penny \"˗Òä§Ƈ¹à«¹·?\"/speak Vincent \"ю @? ˶Ò¼Áš¹Ĝ¡àÂÍÐæ ¼Á¨Ðâµע¹ á̅Çáʂ§áÃ§àËȑÍ¹юªÒÂ¼Á ǣà»˕Ò¤ģº?#$b#à¢Òáʂ§áÃ§ÁÒ¡ ¼Áà¤Âàʫ¹à¢Òáº¡¤ɳ àұÍǴ¹¼Áàʫ¹ ¤ɳà¾¹ƩàËƲÂºäË˕à¢Ò àҮÍƫ¹ע¹ä»º¹˵¹ä́$h\"/showFrame Penny 27/jump Penny/pause 800/showFrame Penny 0/faceDirection farmer 3 true/emote Penny 12/speak Penny \"Ƈ¹à«¹·! Í˒ÒŹ¹·Ò¤ɳƊ!$a\"/switchEvent fieldTripEnd/",
        "choseAnimals": "pause 500/animate Vincent false true 50 16 17/playSound dwop/pause 300/faceDirection Penny 2/pause 500/stopAnimation Vincent/speak Penny \"˗Òä§̘ÐƇ¹à«¹·?\"/speak Vincent \"ю @? ËÒÍÒ¹ä»ã˚º¹ħÇ á̅Çвġ¹ä»ÃÍºàȑÍ§ä˴äËÁ? ¼ÁÍÂÒ¡¨Ðàʛ¹¤ÒÇºÍÂ!\"/speak Penny \"Ƈ¹à«¹·! ŇÒĕÇƤæ ËˉÍÂ юªÒÂ @ à¢ÒŇÒ¿ÒΓÁ à¾ÃÒÐàʛ¹§Ò¹à¢Ò¹Ð äˑãʺ¢Í§à˕¹$h^Ƈ¹à«¹·! ŇÒĕÇƤæ ËˉÍÂ юÊÒÇ @ à¢ÒŇÒ¿ÒΓÁ à¾ÃÒÐàʛ¹§Ò¹à¢Ò¹Ð äˑãʺ¢Í§à˕¹$h\"/switchEvent fieldTripEnd",
        "choseMinerals": "pause 500/animate Vincent false true 50 16 17/playSound dwop/pause 300/faceDirection Penny 2/pause 500/stopAnimation Vincent/speak Penny \"˗Òä§̘ÐƇ¹à«¹·?\"/speak Vincent \"ю @ ? ¨ƃ§äËÁ¤ģº чƱʁÍºƅ¹ÍÒĨÂÍԒã¹զÒ... á̅Ç¤ÍÂÍÍ¡ÁÒĈºàʔ¡ڌËŭ§ ä»š¹àʛ¹رÍϔÒ?\"/jump Jas/pause 800/faceDirection Jas 3/emote Jas 28/animate farmer false true 100 102 103/speak Penny \"Ƈ¹à«¹·! à¸ÍŇÒã̋á¨Ê¡ĥÇ¹Ð àÃÒäˑɮ´ ǖ§àҳÍ§ÁÍ¹ÊàµÍΓƤ¡˗Ò$a\"/faceDirection Penny 1/faceDirection Jas 0/emote Penny 12/pause 400/stopAnimation farmer/pause 300/faceDirection farmer 3/emote farmer 40/faceDirection Penny 2/faceDirection farmer 2/switchEvent fieldTripEnd",
        "fieldTripEnd": "pause 400/emote Penny 40/speak Penny \"àÍÒ˕Ð ˉÒ¨Ð¾ÍŚÒËģºħ¹׉á̅Ç Է§ 2 ¤¹ä»à˕¹ä˴\"/speed Jas 4/move Jas 0 3 1/speed Jas 4/move Jas 9 0 3 true/faceDirection Vincent 2 true/jump Vincent/pause 800/speed Vincent 4/move Vincent 0 3 1 false/speed Vincent 4/move Vincent 9 0 1/pause 500/faceDirection Vincent 2/faceDirection Jas 2/faceDirection Penny 1/faceDirection farmer 3/speak Penny \"ġ¹àËҩÍÂ¨ƃ§æ ч˵Í§ɤáÅàʔ¡¾Ç¡׉...$u#$b#á˅ĉ¹äˑÊ¹ã¨ËÃÍ¡ ĉ¹Ʊ¤ÇÒÁɊ¢ чàʫ¹à¢Òä˴àƳÂ¹ړ... áÅÐËħ§˗Ò ġ¹¨ÐʺÇÂã̋àˤÒàŵºâµ àʛ¹ڌãËʽчƤä˴\"/faceDirection Penny 2/pause 500/faceDirection Penny 1/speak Penny \"$q -1 null#à¸Íà¤ÂÍÂÒ¡¨ÐɤáÅàʔ¡æ ˺Ò§äËÁ @?#$r -1 0 event_speaker_kids1#ĉ¹äˑà¤ÂŤ´ àбÂÇāºàҳÍ§¾Ç¡Թ¹àÅÂ#$r -1 20 event_speaker_kids2#áˉ¹Í¹ ĉ¹ÍÂÒ¡Ʊ¤ÃÍº¤ģÇчãËʽæ#$r -1 20 event_speaker_kids3#ȝÁ ġ¹àʛ¹ä»µÒÁÍÒɂÍԒá̅Ç#$r -1 10 event_speaker_kids4#äˑ¹Ð ĉ¹äˑŤ´˗Ò¨ÐŇÒġ¹ä˴Ƥ#$r -1 -10 event_speaker_kids5#äˑÍÐ âÅ¡׉ʁáÍĭ´¾ÍÍԒá̅Ç#$r -1 -10 event_speaker_kids6#äˑÍÐ ĉ¹äˑÍÂÒ¡Ʊ¤ÃÍº¤ģÇ\"/viewport move 1 0 10000/pause 7000/stopMusic/globalFade/viewport -2000 -2000/speak Penny \"ĉ¹Ƥã¨чà¸Íɮ´ÍÍ¡ÁÒ @ ĉ¹Ť´˗Ò¡ÒÃƱɵ¡ ǴÍʺÇ§àÇÅÒч ƇàÈÉÁÒ¡àÅÂ˕Ð$h\"/end dialogue Penny \"¢ÍºȤ³чÁÒʺÇÂĉ¹ã¹ħ¹׉¹Ð\"",
        "eventEnd": "faceDirection Penny 3/emote Penny 12/end dialogue Penny \"äˑÍÂÒ¡¨ÐàҚÍàÅÂ ˗Òà¸Í¨ÐäˑʺÇÂĉ¹$a\"",
        "318560/j 10/t 900 1600/d Tue Wed Fri Sat": "communityCenter/94 99/farmer 98 88 2 Jas 95 100 3 Vincent 93 100 1/playMusic communityCenter/skippable/move farmer 0 6 2 true/pause 1000/speak Jas \"ġ¹àËʡ¹Ĉ§àÅÂ$s\"/pause 600/jump Vincent/pause 500/faceDirection Vincent 0/pause 500/showFrame Vincent 16/shake Vincent 400/playSound clank/pause 800/shake Vincent 400/playSound clank/pause 800/showFrame Vincent 8/speak Vincent \"...$s#$b#ŇÒäÁġ¹ʥÍ¤¹Ð? ĉ¹ÍÂÒ¡¨ÐàˢÒä» ŚÒÃÇ¨ˢÒ§ã¹!$s\"/pause 800/faceDirection Jas 0/pause 800/speak Jas \"ĉ¹Ť´˗ÒȤ³ā¹à¸ÍΓ Ʊȡ­á¨ÍԒ¹Ð\"/pause 300/faceDirection Vincent 1/speak Vincent \"Ȥ³ā¹à¸ÍΓ? ¤¹чà˽Òžž¸Ġ³΁ÍԒÍÐ¹Ð? ŇÒäÁà¸Íǖ§Ť´˗ÒàˤÒƱ˕Ð?$u\"/pause 500/faceDirection Jas 3/speak Jas \"ĉ¹à¤Âàʫ¹ȡ­á¨àʱÒĭ¹ãËʽæ ã¹àغÍ¤ɅÁàˤÒ¤Ճ§Ǚ§#$b#»ÃÐɥˇÍթÒˉÒ¢¹Ʌ¡щ ˉÒ¨Ðã˪āºȡ­á¨ĭ¹Թ¹ä˴$4\"/playMusic none/pause 2000/playSound slimeHit/pause 400/playSound slimeHit/pause 400/playSound slimeHit/pause 500/emote Vincent 8 true/emote Jas 8 true/pause 900/faceDirection Vincent 0 true/faceDirection Jas 0 true/pause 1600/playSound shadowpeep/shake Vincent 5000/shake Jas 5000/jump Jas/jump Vincent/faceDirection farmer 3 true/faceDirection Vincent 0 true/faceDirection Jas 0 false/pause 1500/playSound shadowDie/jump Vincent/jump Jas/pause 800/speed Vincent 6/speed Jas 6/advancedMove Jas false 4 0 0 -7 -1 0/advancedMove Vincent false 6 0 0 -8 -1 0/proceedPosition Vincent 98 92/faceDirection farmer 0 true/faceDirection Jas 2 true/faceDirection Vincent 2 true/speak Jas \"ƱºÒ§Í˒Ò§ à¤ҵÍ¹äËÇÍԒã¹Թ¹!$u\"/shake Jas 4000/shake Vincent 4000/pause 1000/faceDirection farmer 2/pause 1000/move farmer 0 6 3 false/move farmer -4 0 0/pause 800/emote farmer 40/pause 1600/playSound shadowpeep/faceDirection farmer 2 true/jump farmer/showFrame 94/jump Vincent/jump Jas/speed Jas 4/speed Vincent 4/move Jas 0 -6 0 true/move Vincent 0 -6 0 true/pause 1000/globalFade/viewport -1000 -1000/end",
        "611944/f Shane 500/t 2000 2400": "nightTime/-1000 -1000/farmer 33 18 2 Shane 34 25 2/skippable/addLantern 735 35 25 1/animate Shane false true 200 20 20 20 20 20 20 20 20 20 20 21 22 23 24 24 24 24 23 22 21 20 20 20 20/viewport 34 25 true/move farmer 0 7 2/pause 2000/speak Shane \"Ģ§äˑ¹Í¹ƽ¡àËÃÍ?\"/stopAnimation Shane/showFrame Shane 20/pause 1000/speak Shane \"щġ¹Ë¹ÒÇ¨ƃ§æ\"/pause 500/showFrame Shane 25/pause 1000/playSound coin/showFrame 90/stopAnimation Shane/showFrame Shane 20/pause 5000/showFrame Shane 20/speak Shane \"à̎ÍÍÍ... ƚƇµ\"/playMusic echos/pause 4000/speak Shane \"Ȥ³à¤ÂړǪ¡˗Ò äˑ˗ÒȤ³¨ÐŇÒÍÐäÃġ¹ʁ ¨Ð̅ÁàËÅÇä»«Ð ȷ¡Í˒Ò§˺Ò§äËÁ?#$b#...àËȑÍ¹ŵ´ÍԒã¹ˡ¹׺§ á˛§¤ÇÒÁȷ¡Ͳ áÅÐȤ³ʁÍԒǥ¡«Ð¨¹äˑä˴àʫ¹ áÊ§Ê˗Ò§á˛§ħ¹ãËˑ\"/pause 2000/speak Shane \"ĉ¹ړǪ¡àËȑÍ¹āº˗Ò ĉ¹ŇÒÍÐäÃäˑä˴àÅÂ ĉ¹äˑàˢÁáʂ§¾Í ч¨Ðƫ¹ÍÍ¡¨Ò¡ËɅÁ¾Ç¡Թ¹\"/pause 3000/farmerEat 346/pause 4000/speak Shane \"țÁ... ҤÁã̋àÂÍÐæ àËÃÍ? áËˑ ¹ÒÂщä˴ã¨ĉ¹¨ƃ§æ^țÁ... ҤÁã̋àÂÍÐæ àËÃÍ? áËˑ à¸Íщä˴ã¨ĉ¹¨ƃ§æ#$b#á˅Í˒ÒŇÒ¨¹ŵ´àʛ¹ŹĪÂ¹Ð... à¸ÍĢ§ƱÍ¹Ò¤µÃÍÍԒ\"/pause 3000/stopAnimation Shane/showFrame Shane 19/speak Shane \"ĕº¢Í§¼Á¢Í̃Í§ ã̋Ëɂ´ҤÁä˴á̅Ç á˅ġ¹ʁĢ§Ƥ¡˗Ò¹Í¹̃Í§ä̋ Է§Ǵ¹˕Ð¹Ð#$b#ä̇à¨Íā¹ @\"/move Shane 0 -6 0 true/pause 1000/globalFade/viewport -1000 -1000/end",
        "3910975/f Shane 1500/e 3910674/t 900 2000/w rainy": "echos/-2000 -2000/farmer 83 92 2 Shane -3000 -3000 2 Harvey -3000 -3000 2/skippable/specificTemporarySprite shaneCliffs/viewport 83 99 clamp true/pause 1000/move farmer 0 5 2/pause 500/speak Shane \"...$7#$b#@...$7\"/pause 1000/showFrame farmer 4/pause 1000/speak Shane \"¼Á...¼Á¢Íâ·É...*Ǯ¡*$7#$b#...$7#$b#ª... ƚƇµ¢Í§¼Á...$7#$b#àʛ¹àҳÍ§чˉÒÊÁà¾ªÁÒ¡...$7#$b#ɤ¼ÁƊ...$7#$b#...$7#$b#ŇÒäÁ¼Áǖ§àʛ¹áºº׉ä˴...*̃Í§ä̋*$7#$b#¼ÁĢ§äˑâµ¾Íч¨Ð... ¨Ð¤ÇºȤÁƚƇµĕÇàÍ§ ä˴¢¹Ò´Թ¹...$7#$b#¼Áġ¹ʁàʛ¹áʴ... àÈÉŴ¹ä̃ʴÒ чɦ¡Ğ´ä»µÒÁÊÒÂÅÁ...*âÎÎÎ*$7#$b#.........$7#$b#¼ÁÁÒчщˊÍÂæ... áÅÐÁÍ§Å§ä»...$7#$b#щàʛ¹âÍ¡ÒÊɊ´˷ÒÂ ч¼Á¨ÐÊÒÁÒÃ¶ àȕÍ¡à̊¹·Ò§ ã̋āºƚƇµ¢Í§¼Áä˴... Ë˹Ò¼ÒµÃ§׉...$7#$b#...$7#$b#µ... á˅... *ȞÍÍÍ*... á˅¼Á¡ĥÇÁÒ¡ ā§ÇÅÁÒ¡àÅÂ àËȑÍ¹чà¤Âàʛ¹ÍԒµÅÍ´...$7\"/pause 1000/showFrame farmer 0/pause 2000/speak Shane \"@... Է§ËÁ´ч¼ÁŇÒǴÍ ŇÒ§Ò¹ ¹Í¹ áÅÐҤÁ ...ġ¹... ġ¹ŇÒã̋¼ÁړǪ¡à¡ƵÂ´ĕÇàÍ§$7#$b#ŇÒäÁ¼Á¤ÇÃ¨Ðä»? ºÍ¡¼ÁƧ... º... ºÍ¡¼ÁƧ˗Ò ŇÒäÁ¼Áäˑ¤ÇÃ â´´Å§¼ÒµÍ¹׉...$7\"/pause 1000/showFrame farmer 0/pause 1000/question shaneCliffs \"#à¾ÃÒÐƱÍÐäÃÁÒ¡ÁÒÂ ч¤ÇÃã̋àÃÒƱƚƇµÍԒ!#á¨Ê˵Í§¡ÒÃȤ³ Ȥ³àËȑÍ¹ˎÍ¢Í§à¸Í#ġ¹àʛ¹ºÒ»˶ÒȤ³ʶÒĕÇµÒÂ#Ȥ³ĕ´Ɗ¹ã¨àÍ§à¶ÍÐ áʴړä̇˗Òĉ¹ÍԒµÃ§׉ àҮÍȤ³àÊÁÍ\"/pause 500/pause 500/pause 500/pause 1000/speak Shane \"@...$7\"/pause 500/showFrame farmer 4/pause 1000/speak Shane \"...Ť´˗ÒµÍ¹׉ǖ§àÇÅÒч¨Ð ä»âÃ§¾ÂÒºÒÅá̅Ç˕Ð$7\"/pause 500/showFrame farmer 0/jump farmer/pause 1500/globalFade/viewport -1000 -1000/playMusic none/changeLocation Hospital/warp farmer 16 7/playMusic Hospital_Ambient/warp Harvey 16 6/faceDirection farmer 0/specificTemporarySprite shaneHospital/viewport 16 6 true/pause 2000/speak Harvey \"...¼Á̅Ò§¡ÃÐà¾ÒÐáÅÐ àŵÁթÒàˢÒ˓Ò§¡ÒÂá̅Ç à¢Òäˑàʛ¹äÃáˉ¹Í¹ #$b#ƤчȤ³ŉÒà¢ÒÁÒė¹àÇÅÒ ǖ§á́˗Ò\"/faceDirection Harvey 1/emote Harvey 28/speak Harvey \"ã¹˓Ò§¡ÒÂà¢Òġ¹ ƱáÍÅ¡ÍÎÍΕ ÁÒ¡àš¹ä»... á˅µÍ¹׉¼Áā§ÇÅāº Ɋ¢ÀÒ¾Ũµ¢Í§ à¢ÒÁÒ¡¡˗Ò...$s#$b# ¾Íà¢Òҥ¹á̅Ç ¼Á¨ÐÅÍ§ȤÂāºà¢ÒàбÂÇāº ·Ò§àȕÍ¡ã¹¡ÒÃģ¡ÉÒ ¼ÁړÁÒ˗Òã¹àȑÍ§ɛɛ ƱŨµá¾·Βчàʱ§æ ÍԒ...\"/pause 500/faceDirection farmer 1/pause 1000/speak Harvey \"ƚƇµÍÒ¨¨Ðàʈº»Ç´ ã¹ºÒ§¤Ճ§˕Ð¹Ð...#$b#á˅¡ÒÃƱ¤ÇÒÁËħ§ ч˗ÒÍ¹Ò¤µ¨Ð˵Í§Ƥע¹ Ȥ³˵Í§àҚÍã¹¾Ç¡ġ¹¹Ð\"/pause 2000/end invisible Shane",
        "3910979/f Vincent 2000/f Jas 2000/t 600 1700/z summer/z fall/z winter/w sunny": "playful/-2000 -2000/farmer 84 32 2 Jas 85 39 3 Vincent 83 39 1/skippable/specificTemporarySprite springOnion/move farmer 0 5 2 true/viewport 84 39 true/move false/faceDirection Vincent 0/faceDirection Jas 0/jump Vincent/pause 1000/faceDirection Jas 3/speak Vincent \"ÊħÊƤ юªÒÂ @!^ÊħÊƤ юÊÒÇ @!\"/pause 500/emote farmer 8/faceDirection Vincent 1/move farmer 0 1 2/jump Vincent/pause 1000/speak Vincent \"Ë...ËÍÁ īÇËÍÁˋÒ áˑã̋¼ÁÍÍ¡ÁÒàʁº ¾Ç¡ġ¹ã¹ºÒ§¤Ճ§ˉÐ...\"/pause 100/faceDirection Jas 0/speak Jas \"ġ¹àʜ´àš¹ä» ŚÒËģºËɩ!$s\"/faceDirection Jas 3/emote farmer 28/jump Vincent/faceDirection Vincent 0 true/pause 90/faceDirection Vincent 3 true/pause 90/faceDirection Vincent 2 true/pause 90/faceDirection Vincent 1 true/pause 90/faceDirection Vincent 0/pause 500/playMusic spring_day_ambient/speak Vincent \"юàʛ¹ڌãËʽчƤ¨ƃ§æ ¼Á¨ÐâªΗ¤ÇÒÁĥºã̋ɤ¹Ð$h\"/pause 1000/playMusic distantBanjo/fade/viewport -2000 -2000/viewport -1000 -1000 true/specificTemporarySprite springOnionDemo/pause 5000/speak Vincent \"àÇÅÒюàʫ¹ġ¹áºº׉ ġ¹ɤƤ ãʺäËÁÎÐ?\"/pause 3000/speak Vincent \"á˅˶Òю »Í¡à»ȕÍ¡ġ¹ÍÍ¡ Ź´ËˉÍÂ...\"/pause 500/playSound harvest/specificTemporarySprite springOnionPeel/pause 3000/speak Vincent \"...Ʊá˅áÁÅ§§!$s\"/pause 2500/specificTemporarySprite springOnionRemove/viewport 84 39 true/playMusic spring_day_ambient/pause 2000/speak Vincent \"à͈§ãʺ́Ò?$h\"/faceDirection Vincent 1/speak Jas \"ȝÁÁ... à¸ÍŇÒÍÐäÃāº ¾Ç¡áÁÅ§àËÃÍ Ƈ¹à«¹·?\"/jump Vincent/pause 800/speak Vincent \"»¡ŵá̅Ç ĉ¹¨ÐàËƲÂºġ¹ã̋áº¹!\"/pause 500/shake Jas 2000/jump Jas/textAboveHead Jas \"*̍Ò»Ò¡ˤÒ§*!\"/pause 2000/speak Jas \"Թ¹ġ¹ˉÒ¡ĥÇÁÒ¡! äˑ¹Ð äˑ äˑ äˑ...$s\"/faceDirection Jas 0/speak Jas \"юªÒÂ @? ʺÇÂ... ËƂºà˨ÒáÁÅ§¡ĥºä» ä̇ã¹Ê¹ÒÁË˭Ò ã̋ġ¹ƱƚƇµчÊ§ºƧà¶ÍÐ^юÊÒÇ @? ʺÇÂ... ËƂºà˨ÒáÁÅ§¡ĥºä» ä̇ã¹Ê¹ÒÁË˭Ò ã̋ġ¹ƱƚƇµчÊ§ºƧà¶ÍÐ\"/emote farmer 40/animate farmer false true 200 102 103/speed Vincent 4/move Vincent -1 0 2/speed Vincent 4/move Vincent 0 1 1/speed Vincent 4/move Vincent 1 0 0/speed Vincent 4/move Vincent 0 -1 0/speed Vincent 4/move Vincent -1 0 2/speed Vincent 4/move Vincent 0 1 1/speed Vincent 4/move Vincent 1 0 0/speed Vincent 4/move Vincent 0 -1 0/jump Vincent/fade/viewport -3000 -3000/pause 1000/message \"Ȥ³ä˴àƳÂ¹ړ ƇƨŇÒ¤ÇÒÁÊÐÍÒ´˵¹ËÍÁ (Spring onion) ...â´ÂäˑŇÒ̃ÒÂáÁÅ§ã´æ\"/pause 1000/playSound reward/message \"˵¹ËÍÁ (Spring onions) ƱɱÅʴÒ àОÁע¹ 5 àˇÒ!\"/pause 1000/end",
        "3091462/e 3911124/O Leah/w sunny/t 1130 1400/A leahPaint": "breezy/-1000 -1000/farmer 75 40 3 Leah 73 38 3 Marnie 70 39 1/skippable/specificTemporarySprite leahPaintingSetup/animate farmer true true 100 80 80 80 80 81 81 81 81 80 80 80 80 81 81 81 81 81 81 81 81 81 81 81 81 81 81/makeInvisible 68 36 13 7/animate Leah false true 100 48 49 48 49 48 49 48 49 48 48 48 48 48 48 48 48 48 49 48 49 48 48 48 48 48 48/viewport 72 39 true/pause 6000/emote Marnie 28/speak Marnie \"ȝÁ... ƵÍÒ? ġ¹¨Ðàʛ¹Í˒Ò§׉ ä»ƽ¡¹Ò¹áʴäË¹?$s#$b#...īÇàʲÒ¢Í§ĉ¹ıÒĥ§ϊ¹ ˵¹¢Ò¢Í§ĉ¹ʁıÒĥ§̃Í§ÍԒ á¶Áà˷Ò¢Í§ĉ¹ ʁäˑړǪ¡á̅Ç˴ÇÂ$s\"/shake Marnie 500/pause 1000/shake Marnie 500/speak Leah \"áʴ¾ÂÒÂÒÁ˅Íä»ÁÒƩ... Í˒Òɂ¡Ƃ¡!$h\"/emote Marnie 28/speak Leah \"à̎ @... Ȥ³Ť´˗Ò ĉ¹¨ÐŇÒ§Ò¹áººäË¹ ÍÍ¡ÁÒƤ? ĉ¹¾̃ÍÁŚÒËģº ȷ¡áººι¹áËÅÐ...\"/pause 1000/quickQuestion #ÀÒ¾àËȑÍ¹á¹Ç¤ÅÒÊƊ¡#ƈÅ»ÐàÃâ·Ã̫Í»ƺĪ¹Ê´ãÊ#ƁŹÁÍÅÊġÂãËˑ(break)speak Leah \"Ģ§¤§ªÍºáºº¤ÅÒÊƊ¡Ɗ¹Ð ػÁ? ãʺ ĉ¹Ť´˗ÒÁÒƩ¨ÐªÍºġ¹ÁÒ¡æ\"\\addWorldState m_painting0(break)speak Leah \"àʛ¹¤ÇÒÁŤ´чƤ! ġ¹ğ§ɤÊȹ¡Ƥ¹Ð... ĉ¹¨ÐàОÁƺàËȕÍ§ Å§ä»ã¹¨Ò¹ƺ¢Í§ĉ¹...\"\\addWorldState m_painting1(break)speak Leah \"ȝÁ... ι¹äˑãʺáºº»¡ŵчĉ¹ŇÒ á˅ĉ¹¨ÐÅÍ§ɤċ¡ËˉÍÂ ĉ¹ˉÒ¨Ðà»ѕÂ¹ä»ã˪ ƺÍÐ¤ƃƅ¤ ŚÒËģº§Ò¹׉...\"\\addWorldState m_painting2/pause 500/speak Leah \"¼Å§Ò¹¢Í§Ȥ³àʛ¹Ģ§ä§˺Ò§?\"/quickQuestion #ġ¹ǴÍ¼Å§Ò¹ƇŨµÃƈÅ΋֊¹àÍ¡ !#ĉ¹¾ÂÒÂÒÁŇÒƤчɊ´á̅Ç...#àËȑÍ¹ÃÍÂäʱلÂŴ¹(break)speak Leah \"̇ÒÇ ĉ¹ªÍº¤ÇÒÁρ¹ã¨¢Í§Ȥ³Ĉ§!$h#$b#ã¤Ã¨Ðä»ړ? Ȥ³ÍÒ¨¨Ð¡ÅÒÂàʛ¹ ɵžщ¤¹Ė´ä»ʁä˴¹Ð!$h#$b#...ÃÍч¨Ðàʫ¹ġ¹äˑäËÇá̅Ç\"(break)speak Leah \"à̎ Í˒Òā§ÇÅä»àÅÂ ˶Òà¸ÍĢ§¤§¾ÂÒÂÒÁ Í˒Ò§чɊ´ Ģ§ä§à¸Íʁ¨Ðàʱ§ע¹¡˗ÒàŴÁ áˉ¹Í¹!\"(break)speak Leah \"à̎ ι¹ġ¹âÍà¤ˉÒ! Ȥ³˵Í§àУÁ¨Ò¡чäË¹Ī¡ч áÅÐȤ³¨ÐäˑƱ·Ò§ړ˗Ò 'ÃÍÂäʱلÂŴ¹' ¢Í§¤¹¤¹Ëѹ§ÍÒ¨¨Ðàʛ¹ 'ƈÅ»ÐÊġÂãËˑ' ¢Í§ã¤ÃËÅÒÂæ ¤¹ʁä˴¹Ð\"/pause 500/textAboveHead Marnie \"ŇÒã̋ĉ¹ɤƤàƚÂÇ!\"/pause 1500/textAboveHead Leah \"ӺÇÇÇÇÇ!\"/pause 2300/speak Leah \"àÍÒ˕Ð Í˒ÒȕÁà·¤Ź¤ чĉ¹ÊÍ¹Ȥ³ä»˕Ð... à̊¹Ë¹Ò Ĉºá»Ã§Í˒Ò§׉...\"/pause 1000/playSound slimeHit/pause 1000/playSound slimeHit/pause 1000/playSound slimeHit/pause 2000/stopAnimation Leah/showFrame Leah 12/textAboveHead Leah \"ι¹ä§!\"/pause 3000/faceDirection Leah 2 true/playSound coin/specificTemporarySprite leahHoldPainting/pause 1000/textAboveHead Leah \"Ȥ³Ť´˗ÒĢ§ä§?\"/pause 2000/textAboveHead Marnie \"ڝÇÇÇ!\"/emote farmer 56/pause 2000/specificTemporarySprite leahStopHoldingPainting/pause 1000/speak Marnie \"ĉ¹ģ¡ġ¹! ġ¹ɤƤã¹̋Í§¢Í§ĉ¹ÁÒ¡àÅÂ...$h\"/pause 500/speak Leah \"Ƨ׉ ÁÒɤā¹˗ÒȤ³ƱÍÐäÃ˺Ò§ @\"/specificTemporarySprite removeSprite 444/stopAnimation farmer/faceDirection farmer 3/move Leah 4 0 2/move Leah 0 1 3/pause 100/showFrame Leah 24/pause 1000/showFrame Leah 12/emote Leah 40/emote Leah 28/speak Leah \"àЭÁ... ġ¹... ˉÒÊ¹ã¨!$6#$b#ġ¹ ȝÁ... àʛ¹¡ÒÃàˢÒǖ§áººч áµ¡˅Ò§ÍÍ¡ä» ãʺá̅Ç...$6\"/pause 500/emote Marnie 8/move Marnie 0 2 1/textAboveHead Marnie \"ã̋ĉ¹ɤËˉÍÂ\"/move Marnie 7 0 0/move Marnie 0 -1 3/pause 500/emote Marnie 8/pause 1000/faceDirection farmer 2 true/playSound coin/showFrame farmer 57/specificTemporarySprite farmerHoldPainting/pause 500/showFrame Marnie 16/pause 50/jump Marnie/shake Marnie 3000/faceDirection Leah 2/pause 2000/speak Leah \"ÁÒƩ Ȥ³àÍÒԷ§ÊÍ§ÀÒ¾׉ ä»á¢Ç¹ä̇ã¹̋Í§¢Í§Ȥ³ ʁä˴¹Ð!$h\"/jump Marnie/pause 1500/speak Marnie \"àЭÁ... @ ŇÒäÁà¸Íǖ§äˑàʁº ¢Í§ĕÇàÍ§àÍÒä̇˕Ð? ġ¹ˉÒ¨ÐƤч à̍Í... ä˴àʁº¼Å§Ò¹֊¹áÃ¡ ¢Í§ĕÇàÍ§àÍÒä̇... ãʺՁÂ?$s\"/pause 1000/awardFestivalPrize marniePainting/pause 2000/fade/viewport -1000 -1000/pause 500/end dialogue Leah \"ȝÁ... чģ¡? à¸ÍÇÒ§á¼¹¨ÐàÍÒÀÒ¾ чà¸ÍÇÒ´ÀÒ¾Թ¹ ä»á¢Ç¹чäË¹ËÃÍ?$3\""
    }
}
