{
    "header": {
        "target": "w",
        "formatVersion": 5,
        "hidef": true,
        "compressed": 128
    },
    "readers": [
        {
            "type": "Microsoft.Xna.Framework.Content.DictionaryReader`2[[System.String, mscorlib, Version=4.0.0.0, Culture=neutral, PublicKeyToken=b77a5c561934e089],[System.String, mscorlib, Version=4.0.0.0, Culture=neutral, PublicKeyToken=b77a5c561934e089]]",
            "version": 0
        },
        {
            "type": "Microsoft.Xna.Framework.Content.StringReader",
            "version": 0
        }
    ],
    "content": {
        "11/f Haley 500/p Haley/p Emily": "50s/6 20/farmer -10 -10 0 Haley 5 20 1 Emily 8 20 3/skippable/pause 1000/shake Haley 500/pause 500/speak Haley \"à̋ÂÂ! ĉ¹ŇÒ¤ÇÒÁÊÐÍÒ´ËÁÍ¹ ÁÒµÅÍ´á̅Ç¹Ð! Ī»´ÒΛ׉àʛ¹µÒ¢Í§à¸Í˺Ò§!$a\"/emote Emily 12/speak Emily \"à¸Íщ§Íá§àʛ¹àʔ¡àÅÂ¹Ð àÎƵΒ ĉ¹щá·º¨ÐŇÒȷ¡Í˒Ò§ ã¹˺Ò¹׉àÅÂ á¶Áà¸ÍʁړàҳÍ§׉Ƥ$u\"/pause 200/warp farmer 2 24/playSound doorClose/pause 400/faceDirection Haley 2/faceDirection Emily 2/speak Haley \"â̍ Թ¹ˎÍËәÁªÒÇä˓¤¹ãËˑщ$7^â̍ Թ¹ÊÒÇ˹ÍÂ ªÒÇä˓¤¹ãËˑщ$7\"/faceDirection Emily 3/speak Emily \"ړÍÐäÃäËÁ? à¢ÒàÍ§ʁƱҚÍ¹Ð$u^ړäÃäËÁ? à¸ÍàÍ§ʁƱҚÍ¹Ð$u\"/move farmer 0 -1 1/move farmer 3 0 0/faceDirection Emily 2/speak Haley \"à̎ ¾ę¹àÅÂ˗ÒȤ³˵Í§àˢÒã¨ ¤ÇÒÁŤ´¢Í§ĉ¹áˉæ\"/emote farmer 8/speak Emily \"*à˞Í*... ĉ¹¢Íâ·É¨ƃ§æ чà¸Í˵Í§ÁÒğ§àҳÍ§¾Ç¡׉ˉÐ @ àÎƵΒˊ¹à¾ÃÒÐĉ¹ºÍ¡ã̋à¸Í ä»ŇÒ¤ÇÒÁÊÐÍÒ´$u\"/faceDirection Haley 1/speak Haley \"$q 45 null#à¾ÃÒÐĪ»´ÒΛʱÍ¹ ĉ¹à¤ÂŇÒá̅Çä§˕Ð!$a#$r 46 -50 Event_clean2#Ëɂ´ˊ¹ á̅ÇŇÒ¤ÇÒÁÊÐÍÒ´ġ¹«Ð!#$r 45 30 Event_clean1#àÎƵΒ ŇÒäÁà¸ÍäˑŇÒġ¹ ȷ¡Ī»´ÒΛàÅÂ˕Ð?#$r 46 -30 Event_clean3#àÍƁѕ »˕ÍÂà¸Íä» á̅ÇŇÒġ¹àÍ§à¶ÍÐ\"/fork haleyWontDoIt/stopMusic/faceDirection Haley 3/emote Haley 12/pause 400/faceDirection Haley 1/speak Haley \"ʁä˴ à¸Íª¹Ð ĉ¹¨ÐŤ´˗Òġ¹àʛ¹§Ò¹ ¢Í§ĉ¹ÅÐā¹ ġ¹¤§äˑƱàËȵ¼Å ч¨Ð˵Í§àƦÂ§ā¹˅ÍàҳÍ§׉$u\"/faceDirection Haley 2/speak Emily \"¢ÍºȤ³¹Ð @ àʛ¹¡ÒÃáˡě­ËÒчƤÁÒ¡àÅÂ$h\"/pause 1000/end",
        "haleyWontDoIt": "move Haley -2 0 0/move Haley 0 -2 0/emote Haley 12/faceDirection Emily 1/emote Emily 28/speak Emily \"*à̎ÍÍ*... ĉ¹˗Òĉ¹¤§˵Í§ŇÒġ¹Ɗ¹Ð á̅ÇĢ§ä§˅Í˕ÐàщÂ...$s\"/pause 1000/end",
        "12/f Haley 1000/p Haley": "ragtime/-1000 -1000/farmer 16 20 1 Haley 18 16 0/skippable/showFrame Haley 20/shake Haley 500/viewport 15 16 true/pause 500/shake Haley 500/pause 500/speak Haley \"ǭ¡¡¡¡... ĉ¹àŻ´à˨Ò¢Ç´щäˑä˴!$a#$b#...$s\"/pause 400/shake Haley 500/move farmer 0 -4 1/shake Haley 500/move farmer 1 0 1/pause 500/faceDirection Haley 3 true/showFrame Haley 21/emote Haley 16/speak Haley \"â̍! ι¹à¸Íщ...@ ãʺՁÂ?\"/pause 1000/speak Haley \"$q 47 null#à¸ÍºÍ¡˗Ò... à¸Íáʂ§áÃ§ÁÒ¡æ àÅÂãʺՁÂ?#$r 47 30 Event_jar1#ãʺ#$r 47 -30 Event_jar2#äˑ\"/faceDirection Haley 3/animate farmer false true 100 111/pause 400/playSound fishingRodBend/startJittering/pause 500/stopJittering/pause 200/playSound fishingRodBend/startJittering/pause 500/stopJittering/pause 200/playSound fishingRodBend/startJittering/pause 2000/stopJittering/playSound coin/stopAnimation farmer/animate farmer false true 100 112/jump farmer/pause 1500/pause 200/stopAnimation farmer/faceDirection farmer 1/showFrame Haley 21/speak Haley \"à̎ à¸ÍŇÒä˴щ! à¸Íáʂ§áÃ§ ¡˗Òчĉ¹àʫ¹«Ðƽ¡!$h\"/pause 400/emote farmer 12/pause 500/emote Haley 20/pause 500/speak Haley \"¢ÍºȤ³ÁÒ¡¹Ð!$h\"/pause 500/end",
        "15/f Haley 2500/p Haley": "Hospital_Ambient/-1000 -1000/farmer 5 9 0 Haley -100 -100 2/skippable/specificTemporarySprite haleyRoomDark/viewport 5 4 true/pause 500/emote farmer 8/move farmer 0 -4 0/move farmer -1 0 0/move farmer 0 -1 0/pause 1000/animate farmer false false 650 15/playSound woodyStep/pause 200/playSound woodyStep/pause 200/playSound woodyStep/pause 200/pause 800/speak Haley \"àˢÒÁÒƊ! Ż´»ÃÐɥã̋ÊŹ·˴ÇÂ¹Ð!\"/pause 1000/warp farmer -100 -100/playSound doorClose/globalFade/viewport -1000 -1000/changeToTemporaryMap Darkroom/viewport -1000 -1000/warp Haley 1 5/warp farmer 3 7/viewport 4 4 true/pause 800/faceDirection Haley 2/jump Haley/pause 600/speak Haley \"@ à¸ÍÃÍÍԒµÃ§׉¹Ð!\"/move farmer 0 -1 3/move farmer -1 0 0/move farmer 0 -1 3/faceDirection Haley 1/speak Haley \"Ƃ¹Ƥ˵Í¹ģºԚ ̋Í§ĭ´ɳ»ãËˑ¢Í§ĉ¹!$h\"/faceDirection farmer 2/pause 500/faceDirection farmer 1/pause 500/faceDirection farmer 0/pause 500/faceDirection farmer 3/pause 500/speak Haley \"$q -1 null#ȝÁ... Ť´˗Òä§˺Ò§?#$r -1 10 Event_darkroom1#ġ¹ɤƤÁÒ¡æ!#$r -1 0 Event_darkroom2#ġ¹Ʊä̇ŇÒÍÐäÃàËÃÍ?#$r -1 -50 Event_darkroom3#ĉ¹à¤Âàʫ¹чġ¹Ƥ¡˗Ò׉ƽ¡\"/faceDirection Haley 0/emote Haley 40/pause 500/speak Haley \"ȝÁÁÁ... àÍÒ˕Ð... à¸ÍÍÂÒ¡ŇÒÍÐäÃ˅Í˕Ð?$s\"/faceDirection Haley 0/question haleyDarkRoom \" #àÊ¹Í¨Ðµ¡á˅§̋Í§ã̋#ËÒˢÍ̍Ò§á̅ÇÍÍ¡ÁÒ#ÅÍ§¢Íɘºà¸Í\"/faceDirection Haley 1/fork leave/playMusic musicboxsong/pause 500/pause 1000/emote Haley 16/pause 400/positionOffset farmer 16 0 true/animate farmer true true 100 101/positionOffset farmer -2 0/pause 50/positionOffset farmer -2 0/pause 50/positionOffset farmer -2 0/pause 50/positionOffset farmer -2 0/pause 50/showFrame Haley 28/pause 500/positionOffset Haley 2 0/pause 50/positionOffset farmer -2 0/positionOffset Haley 2 0/pause 50/positionOffset farmer -2 0/positionOffset Haley 2 0/pause 50/positionOffset farmer -2 0/positionOffset Haley 2 0/pause 50/positionOffset farmer -2 0/positionOffset Haley 2 0/pause 50/positionOffset farmer -2 0/positionOffset Haley 2 0/pause 50/positionOffset farmer -2 0/positionOffset Haley 2 0/pause 50/positionOffset farmer -2 0/positionOffset Haley 2 0/pause 50/pause 700/playSound dwop/specificTemporarySprite heart 2 4/pause 3000/speak Haley \"@... ĉ¹ÃÍч¨Ðã̋à¸ÍŇÒáºº׉ ÁÒ¹Ò¹ÁÒ¡á̅Ç˕Ð$11\"/pause 2000/speak Haley \"á»ºǙ§¹Ð...$l\"/pause 400/showFrame Haley 4/stopAnimation farmer/faceDirection farmer 3/pause 600/showFrame Haley 29/pause 300/playSound openBox/ambientLight 255 180 180/pause 500/faceDirection Haley 1/pause 1000/showFrame Haley 28/positionOffset farmer 16 0 true/animate farmer true true 100 101/positionOffset Haley 2 0/pause 50/positionOffset Haley 2 0/pause 50/positionOffset Haley 2 0/pause 50/positionOffset Haley 2 0/pause 50/positionOffset Haley 2 0/pause 50/positionOffset Haley 2 0/pause 50/positionOffset Haley 2 0/pause 50/positionOffset Haley 2 0/pause 50/pause 4000/globalFade/viewport -1000 -1000/pause 1000/end dialogue Haley \"ړǪ¡Ƥ¨ƃ§æ àÅÂ...$l\"",
        "917409/e 463391/f Emily 1500/p Emily": "none/-1000 -1000/farmer 16 10 0 Emily 14 6 2/specificTemporarySprite EmilyBoomBox/skippable/viewport 14 6 true/move farmer 0 -2 3/move farmer -2 0 0/speak Emily \"àˢÒÁÒƊ @! ĉ¹ÍÂÒ¡ã̋à¸ÍɤÍÐäÃËˉÍÂ$h\"/pause 500/move farmer 0 -1 0/pause 500/speak Emily \"ġ¹àʛ¹¤ÇÒÁĥº¢Í§ĉ¹... ĉ¹ǝ¡ġ¹ÍԒàʛ¹àȄÍ¹àÅÂ#$b#µÍ¹׉ʁι§Å§ ˌÍ¹¤ÅÒÂ á̅Ç»˕ÍÂã̋ĕÇàÍ§ àËȑÍ¹ıÒĥ§ ˕Í§ÅÍÂÍԒ¨ÐƤÁÒ¡... âÍà¤ՁÂ?\"/stopMusic/pause 600/move Emily 0 -1 0/faceDirection Emily 0/pause 500/playMusic EmilyDance/pause 1240/faceDirection Emily 2 true/pause 3220/specificTemporarySprite EmilyBoomBoxStart/animate Emily false true 430 0 27/pause 6500/animate Emily false true 440 31 39/pause 6470/doAction 14 4/pause 400/specificTemporarySprite EmilySongBackLights/animate Emily false true 220 18 19 18 19 18 19 18 19 18 19 18 19 18 19 18 19 20 21 20 21 20 21 20 21 20 21 20 21 20 21 20 21 16 17 16 17 16 17 16 17 16 17 16 17 16 17 16 17 22 23 22 23 22 23 22 23 22 23 22 23 22 23 22 23/glow 0 0 255 true/pause 1000/glow 0 255 255 false/pause 1760/glow 0 0 255 false/pause 1760/glow 255 0 255 false/pause 1760/glow 255 255 0 false/pause 1760/glow 0 255 255 false/pause 1760/glow 0 255 0 false/pause 1760/glow 255 0 0 false/pause 1760/glow 0 0 255 false/pause 1000/jump Emily/glow 255 0 255 false/pause 1760/glow 0 0 255 false/pause 1760/glow 255 0 255 false/pause 1760/glow 255 255 0 false/pause 1760/glow 0 255 255 false/pause 1760/glow 0 255 0 false/pause 1760/glow 255 0 0 false/pause 1760/glow 0 0 255 false/pause 1260/animate Emily false true 440 31 39/pause 1760/glow 255 255 0/pause 1760/glow 255 0 255/pause 1760/glow 0 255 255/pause 1760/glow 255 0 0/pause 1760/glow 0 0 255/pause 1760/glow 0 255 0/pause 1760/glow 255 0 255/pause 1760/glow 255 0 255 false/stopAnimation Emily/specificTemporarySprite EmilyBoomBoxStop/faceDirection Emily 2/emote farmer 16/pause 1000/animate Emily false true 300 50 51/pause 1600/speak Emily \"$q 213 null#à¸... *á˞¡ á˞¡*...à¸ÍŤ´˗Òä§˺Ò§??$h#$r 213 25 event_dance1#ġ¹à͈§ä»àÅÂ!#$r 213 -50 event_dance2#ι¹ˉÒÍÒÂÁÒ¡àÅÂ...#$r 213 25 event_dance1#(äˑɮ´ÍÐäÃä˴á˅»ÃºȑÍ˪Òæ)\"/emote Emily 28/speak Emily \"ԏ... àʛ¹¡ÒÃÍÍ¡ıÒĥ§¡ÒÂчƤ àƚÂÇ˕Ð˗ÒՁÂ...$u\"/pause 500/stopAnimation Emily/showFrame Emily 0/pause 1000/animate Emily false true 100 48 49/pause 1000/speak Emily \"ĉ¹äˑà¤Â àËҗÍÍÍ¡ÁÒ¡¢¹Ò´׉àÅÂ Ե§á˅чĉ¹ϊ§ ÃÇÁƁµÃ¾ƃ¡ (Pepper platter) ÁÒš¹ã¹§Ò¹¨º¡ÒÃǨ¡ÉÒ ¢Í§Íźà¡Å!$h\"/pause 1000/stopAnimation Emily/speak Emily \"...àÍÒ˕Ð ĉ¹ä»ÍÒºթÒƤ¡˗Ò ¢ÍºȤ³чÁÒɤ¹Ð\"/pause 500/faceDirection Emily 2/end dialogue Emily \"Í˒ÒºÍ¡ã¤ÃàбÂÇāº ¡ÒÃà˵¹׉˕Ð ĉ¹ã̋à¸Íړä˴¤¹àƤÂÇ\"",	
	"471942/f Emily 500/p Emily": "none/-1000 -1000/farmer -100 -100 0 Emily 20 4 3/skippable/showFrame Emily 33/specificTemporarySprite EmilySleeping/viewport 19 4 true/emote Emily 24/pause 3000/emote Emily 24/pause 3000/viewport move 0 -1 5000/pause 1000/globalFade .004/viewport -1000 -1000/playMusic EmilyDream/changeToTemporaryMap EmilyDreamscape false/viewport -1000 -1000/pause 1000/warp Emily 21 11/warp farmer 22 15/animate Emily false true 500 24 25/globalFadeToClear .005 true/viewport move 0 -1 7000/viewport 21 18/pause 8000/textAboveHead Emily \"̇ÒÒÒ\"/pause 4000/textAboveHead Emily \"̇ÒÒÒÒÒ\"/pause 5000/playSound yoba/move farmer -2 0 0/pause 600/stopAnimation Emily/showFrame Emily 26/jump Emily/shake Emily 1000/pause 1000/showFrame Emily 0/pause 500/move Emily -1 0 2/move Emily 0 1 2/pause 1000/emote Emily 8/pause 500/speak Emily \"Ȥ³ÁÒŇÒÍÐäÃчщ?$u\"/pause 1000/move Emily 0 2 2/viewport move 0 1 1500/move Emily -1 0 2/move Emily 0 1 1/faceDirection farmer 3/pause 1000/specificTemporarySprite EmilySign/faceDirection Emily 0/pause 2000/faceDirection Emily 2/pause 8000/faceDirection Emily 1/pause 1000/speak Emily \"...$u#$b#ι¹ŇÒã̋ĉ¹ Ǚ¡ǖ§ÍÐäÃºÒ§Í˒Ò§$u#$b#¤ÇÒÁ¾ÂÒÂÒÁ ¤ÇÒÁ«Òº׫§ áÅÐ¤ÇÒÁ˝Í¹âÂ¹¾Ç¡׉ ʺÒ§àʛ¹Ъ§ч ƇàÈÉàÍÒÁÒ¡æ àÅÂ\"/pause 1000/speak Emily \"µÍ¹׉..... ĉ¹ړá̅Ç˗ÒŇÒäÁ Ȥ³ǖ§ÁÒÍԒчщ ġ¹ǴÍÅÒ§Ī§ËÃ΃щàÍ§ ˞Òææ!$h\"/pause 1000/emote farmer 8/startJittering/pause 1000/playSound coin/stopJittering/warp farmer -1000 -1000/pause 500/faceDirection Emily 2/pause 50/faceDirection Emily 3/pause 200/faceDirection Emily 0/pause 500/faceDirection Emily 1/pause 1000/faceDirection Emily 2/viewport move -1 -1 5000/pause 2000/globalFade .005/viewport -2000 -2000/pause 3000/changeLocation HaleyHouse/warp Emily 20 4/globalFadeToClear .005 true/viewport 20 3/pause 3000/move Emily -2 0 2/move Emily 0 3 2/pause 2000/speak Emily \"@... ƱºÒ§Í˒Ò§чžàÈÉàбÂÇāº @...$u#$b#âª¤ªÐµÒ¢Í§àÃÒ ¨Ð˵Í§ÁÒºÃÃ¨ºā¹áˉæ àÅÂ...$u\"/pause 1500/end",
        "195019/f Haley 2500/f Emily 2500/f Penny 2500/f Abigail 2500/f Leah 2500/f Maru 2500/o Abigail/o Penny/o Leah/o Emily/o Maru/o Haley/o Shane/o Harvey/o Sebastian/o Sam/o Elliott/o Alex/e 38/e 2123343/e 10/e 901756/e 54/e 15/i 446/k 195012": "playful/-1000 -1000/farmer 8 19 1 Haley 18 18 1 Emily 19 17 2 Penny 20 17 2 Maru 21 17 2 Leah 22 18 3 Abigail 20 20 0/pause 1000/message \"˴ÇÂàËȵ¼ÅÍÐäÃċ¡Í˒Ò§ Ȥ³ĕ´Ɗ¹ã¨ч¨Ð̅Ç§ȑÍ àˢÒä»ã¹¡ÃÐà͛Ò¢Í§Ȥ³...\"/pause 500/message \"Ȥ³Ĉºä»чà˷Ò¡ÃÐ˅ÒÂ (rabbit's foot) áÅÐړǪ¡ä˴ǖ§ ¤ÇÒÁˌÍ¹¤ÅÒÂ...\"/move farmer 5 0 1 true/viewport 17 19 true/move false/pause 500/faceDirection Haley 3 true/faceDirection Emily 3 true/faceDirection Penny 3 true/faceDirection Maru 3 true/faceDirection Leah 3 true/faceDirection Abigail 3 true/textAboveHead Haley \"äÎ!\"/textAboveHead Abigail \"ÊħÊƤ˨Ò!\"/textAboveHead Leah \"ɤū˗Òщã¤Ã!\"/pause 2000/move farmer 4 0 1/emote farmer 32/pause 500/speak Abigail \"¾Ç¡àÃÒıÒĥ§ȫºūºā¹ àбÂÇāºàҳÍ§¢Í§ ¹ÒÂ¡à·ÈÁ¹µƳàÅƇÊ áÅÐÁÒƩÍԒˉÐ...$h\"/pause 500/speak Penny \"ч¨ƃ§á̅Ç ĉ¹äˑŤ´˗Òġ¹ ¨ÐƱÍÐäÃч©ÒÇæ àš´ע¹ÃÐË˗Ò§¾Ç¡à¢Ò¹Ð...\"/pause 500/speak Haley \"˞Ò! à¸ÍàО§àš´àұÍÇÒ¹ËÃÍ ŇÒäÁǖ§äˑړÍÐäÃàÅÂ?$h\"/jump Penny/emote Penny 12/fade/viewport -1000 -1000/pause 1500/message \"Ȥ³ã˪àÇÅÒÍԒāº ¡ӥÁ׉ċ¡Ğ¡Ëѹ§\"/pause 1000/message \"ġ¹àʛ¹¡ÒÃȪÁȹÁч äˑƱÍÐäÃˉÒҥ¹à˵¹!\"/pause 500/end",
        "195012/f Haley 2500/f Emily 2500/f Penny 2500/f Abigail 2500/f Leah 2500/f Maru 2500/o Abigail/o Penny/o Leah/o Emily/o Maru/o Haley/o Shane/o Harvey/o Sebastian/o Sam/o Elliott/o Alex/e 38/e 2123343/e 10/e 901756/e 54/e 15/k 195019": "playful/-1000 -1000/farmer 8 19 1 Haley 18 18 1 Emily 19 17 2 Penny 20 17 2 Maru 21 17 2 Leah 22 18 3 Abigail 20 20 0 Pierre -1000 -1000 1/move farmer 5 0 1 true/viewport 17 19 true/move false/pause 500/startJittering/faceDirection farmer 2 true/animate farmer false true 100 94/jump farmer/pause 2000/stopAnimation farmer/showFrame farmer 0/stopJittering/playSound thudStep/faceDirection farmer 3 true/showFrame farmer 7 true/startJittering/faceDirection Haley 3 true/faceDirection Emily 3 true/faceDirection Penny 3 true/faceDirection Maru 3 true/faceDirection Leah 3 true/faceDirection Abigail 3 true/textAboveHead Haley \"˪Òä»ËˉÍÂ¹Ð\"/textAboveHead Abigail \"Ĉºä̇\"/textAboveHead Leah \"Ëɂ´!\"/pause 3000/stopJittering/showFrame farmer 6 true/pause 500/faceDirection farmer 1/move farmer 3 0 1/playMusic none/emote farmer 28/pause 500/speak Abigail \"äˑà¤ÂǙ¡˗Ò¨Ðä˴ÁÒà¨Í 'á¿¹' ¢Í§ĕÇàÍ§Է§ËÁ´ ÍԒã¹̋Í§àƤÂÇā¹Ɗ¹Ð ˞Ðæ @?$a\"/pause 500/speak Leah \"ĉ¹...ĉ¹Ť´˗ÒȤ³ áµ¡˅Ò§¨Ò¡ڌªÒÂ¤¹ҽ¹...$s^Ȥ³ȷàÃÈчɊ´ Ȥ³ËÅÍ¡ÅÇ§àÃÒȷ¡¤¹... Ȥ³ʺÒ§ˉÒÊÁà¾ª...$a\"/pause 500/speak Penny \"Ȥ³ŇÒáºº׉ āº¾Ç¡àÃÒä˴Ģ§ä§ @?$s\"/pause 500/speak Maru \"Ȥ³Ť´˗ÒчȤ³· Óġ¹àƩÂ¹ÁÒ¡ãʺՁÂ? Ť´˗ÒȤ³¨Ðä˴ÅÍ§ 'Ⱥ¿àˏ΅' ԧ¹àËÃÍ ÎÐæ? ʺÒ§äˑқÍĪµΒàÍÒ«ÐàÅÂ...$a\"/pause 500/speak Emily \"Ǵ... Ǵ¹Թ¹чàʕ¹·... Ȥ³¡ÃÐūººÍ¡ĉ¹ ã¹¤ÇÒÁȑ´˗Ò Ȥ³ªÍºĉ¹...$s#$b#á˅µÍ¹׉ĉ¹¡ĥº¾º˗Ò ã¹á˅ÅÐħ¹ чĉ¹Ť´˗Òġ¹ãʺ ¡ĥºàʛ¹àҳÍ§â¡Ë¡Է§Թ¹$s\"/pause 500/playMusic ragtime/speak Haley \"Ƥ ¾Ç¡àÃÒ¨Ðäˑ·¹á̅Ç! áÅÐàÃÒ¨ÐäˑÊ¹ã¨ àҳÍ§׉ƽ¡!$a^àÃÒ¨Ðäˑ·¹ã̋Ȥ³ ŇÒ̃ÒÂàÃÒƽ¡˅Íä»!$a\"/textAboveHead Leah \"ɦ¡˵Í§!\"/pause 500/speak Abigail \"ƤäËÁ˕Ð? Ȥ³¶ÒÁĕÇàÍ§ɤ¹Ð?$a\"/pause 1000/question fork1 \"#ĉ¹¢Íâ·É...ĉ¹ż´ä»á̅Ç#ȷ¡¤¹ä˴â»Ã´ã¨àʢ¹æ! ĉ¹ÍŸºÒÂä˴...\"/fork choseToExplain/pause 500/textAboveHead Maru \"ȝÁÁÁ...\"/pause 500/speak Abigail \"¾ÂÒÂÒÁä˴Ƥщ á˅ι¹ġ¹äˑʺÇÂã̋ àҳÍ§׉¨ºËÃÍ¡¹Ð...$u\"/pause 1000/playMusic none/speak Haley \"... Ĕ§Թ¹àÃÒʁàÅÂĕ´Ɗ¹ã¨á̅Ç ... ãʺäËÁȷ¡¤¹?$u\"/pause 500/speak Penny \"...ãʺ$s\"/speak Leah \"áˉ¹Í¹Ɗ$a\"/pause 1000/jump Haley/jump Abigail/jump Emily/jump Leah/jump Maru/jump Penny/pause 1000/speak Maru \"àÃÒȷ¡¤¹¨Ðàƅ¡¤ºāºȤ³!$a\"/faceDirection farmer 2 true/animate farmer false true 100 94/jump farmer/playSound slimedead/pause 2000/fade/viewport -2000 -2000/dump girls 3/end warpOut",
	"choseToExplain": "pause 100/textAboveHead Haley \"Ê§ĪÂ˗Òġ¹¨Ð...\"/pause 500/resetVariable/question fork2 \"#ĉ¹Ť´˗ÒàÃÒàʛ¹áʴàҮÍ¹ā¹! ĉ¹äˑړ˗Òġ¹ ¨Ð̃ÒÂáÃ§¨ƃ§æ!#ƫáÍΓ¡´Ĕ¹ĉ¹! à¢Ò˵Í§¡ÒÃ¢ÒÂʺÍ´Í¡ä́ ã̋ÁÒ¡ע¹!#ȷ¡¤¹ä˴â»Ã´ щàʛ¹àҳÍ§»¡ŵ! ġ¹àʛ¹·Ò§àȕÍ¡¢Í§ƚƇµ...\"/pause 100/fork lifestyleChoice/textAboveHead Haley \"â¡Ë¡!\"/textAboveHead Maru \"̍Í..ãʺƊ!\"/speak Emily \"Ȥ³Ģ§¤Ò´Ëħ§ ¨Ðã̋àÃÒàҚÍƽ¡àËÃÍ? ړäËÁȤ³ıÒĥ§Ȣ´ËɅÁ ĝ§ĕÇàÍ§ÍԒ¹Ð...$a\"/pause 1000/faceDirection Haley 2/playMusic none/speak Haley \"...ĉ¹Ť´˗ÒчàÃÒÁÒщ ä˴ĕ´Ɗ¹ã¨ā¹ä»á̅Ç¹Ð...ãʺäËÁȷ¡¤¹?$u\"/pause 500/speak Penny \"...ãʺ$s\"/speak Leah \"áˉ¹Í¹Ɗ$a\"/faceDirection Haley 3/pause 1000/jump Haley/jump Abigail/jump Emily/jump Leah/jump Maru/jump Penny/pause 1000/jump Haley/jump Abigail/jump Emily/jump Leah/jump Maru/jump Penny/pause 1000/jump Haley/jump Abigail/jump Emily/jump Leah/jump Maru/jump Penny/pause 1000/speak Maru \"àÃÒ¨Ðàƅ¡¤ºāºȤ³!$a\"/faceDirection farmer 2 true/animate farmer false true 100 94/jump farmer/playSound slimedead/pause 2000/fade/viewport -2000 -2000/dump girls 4/end warpOut",
        "lifestyleChoice": "pause 100/speak Penny \"ȝÁÁ! ĉ¹äˑړ˗Ò¨ÐàȕÍ¡Ģ§ä§Ƥ ã¹àȑÍ§ɛɛщàʛ¹àҳÍ§ '»¡ŵ' ÁÒ¡ á˅ĉ¹ʁâÍà¤ āºˢÍµ¡Å§׉¹Ð!$a\"/speak Maru \"àÃÒäˑãʺ 'ĕÇàȕÍ¡¢Í§ã¤Ã' ˶ÒäˑƱã¤ÃړàҳÍ§׉ Ȥ³¤§¨Ð֢Á »Ò¡ƙ¡àÅÂƊ¹Ð!$a\"/pause 100/speak Abigail \"µÍ¹׉Ȥ³äˑãʺ¤¹ч¨Ð ֺªÐµÒä˴ƽ¡á̅Ç @$a\"/pause 1000/faceDirection Haley 2/playMusic none/speak Haley \"...ĉ¹Ť´˗Ò¾Ç¡àÃÒ ĕ´Ɗ¹ã¨ä˴á̅Ç...ãʺäËÁÊÒÇæ?$u\"/pause 500/speak Penny \"...ãʺ$s\"/speak Leah \"áˉ¹Í¹Ɗ$a\"/faceDirection Haley 3/pause 1000/jump Haley/jump Abigail/jump Emily/jump Leah/jump Maru/jump Penny/pause 1000/jump Haley/jump Abigail/jump Emily/jump Leah/jump Maru/jump Penny/pause 1000/jump Haley/jump Abigail/jump Emily/jump Leah/jump Maru/jump Penny/pause 1000/speak Maru \"àÃÒ¨Ðàƅ¡¤ºāºȤ³!$a\"/faceDirection farmer 2 true/animate farmer false true 100 94/jump farmer/playSound slimedead/pause 2000/fade/viewport -2000 -2000/dump girls 4/end warpOut",
        "150938/n emilyStones": "SunRoom/-1000 -1000/farmer -100 -100 0 Emily 15 18 2 Haley 12 18 2 Abigail 14 20 2 Caroline 13 20 2 Marnie 16 20 2/skippable/positionOffset Haley 0 32/showFrame Emily 54/showFrame Marnie 35/showFrame Haley 34/hideShadow Haley true/showFrame Abigail 53/showFrame Caroline 24/addObject 14 21 66 1/addObject 16 21 70/addObject 12 19 68 1/addObject 15 19 64 1/addObject 13 21 60 1/viewport 14 19 true/pause 4000/speak Emily \"àђÂÁàÅÂ... ȷ¡¤¹ƱƋ¹¢Í§ĕÇàÍ§á̅Ç#$b#Ƨ׉ ËĥºµÒÅ§á̅Ç ËÒÂã¨àˢÒǥ¡æ ˪Òæ ¹Ð àˎ§ÊÁÒŸä»ч»Í´\"/pause 3000/speak Emily \"Ǚ¡ÀÒ¾ĥ§§Ò¹ºƃɊ·ڸ ıÒĥ§äËÅàƷÂ¹ ä»ηÇ˓Ò§¡ÒÂ¢Í§àÃÒ µÒÁÅÁËÒÂã¨#$b#áÅÐàұÍàÃÒËÒÂã¨ÍÍ¡ ¤ÇÒÁǕ§à¤ƳÂ´áÅÐ ¾ĥ§§Ò¹˴Ò¹ÅºԷ§ËÁ´ ʁäËÅÍÍ¡ä»àËȕÍä̇á˅ ¤ÇÒÁˌÍ¹¤ÅÒÂчÁÒ¡ע¹ áÅÐÁÒ¡ע¹\"/pause 3000/speak Emily \"àÍÒ˕Ð µÍ¹׉àŻ´ã¨ã̋āº ¤ҵ¹¤ÇÒÁц¢Í§ Ƌ¹¢Í§àÃÒ ړǪ¡ÍÐäÃՁÂ?\"/pause 1000/textAboveHead Abigail \"äˑàÅÂċ¡¡Ðݒ´\"/pause 2000/textAboveHead Marnie \"ړǪ¡¹Ð!\"/pause 2000/textAboveHead Caroline \"ˌÍ¹¤ÅÒÂÂÂ\"/pause 4000/emote Haley 24/pause 1000/emote Haley 24 true/viewport move 1 -1 7000/pause 4000/fade/viewport -1000 -1000/message \"ɤàËȑÍ¹˗ÒƋ¹¾Ç¡׉ ã˪§Ò¹ä˴ƤƧàƤÂÇ...\"/end"
    }
}
