{
    "header": {
        "target": "w",
        "formatVersion": 5,
        "hidef": true,
        "compressed": 128
    },
    "readers": [
        {
            "type": "Microsoft.Xna.Framework.Content.DictionaryReader`2[[System.String, mscorlib, Version=4.0.0.0, Culture=neutral, PublicKeyToken=b77a5c561934e089],[System.String, mscorlib, Version=4.0.0.0, Culture=neutral, PublicKeyToken=b77a5c561934e089]]",
            "version": 0
        },
        {
            "type": "Microsoft.Xna.Framework.Content.StringReader",
            "version": 0
        }
    ],
    "content": {
        "normal": "pause 400/speak Harvey \"â·ÉƧ¹Ð ¾ÍƤ¼ÁӢ§æ ÍԒ... äˑړàÅÂ˗ÒȤ³¨ÐÁÒËÒ$h\"/move farmer 0 -2 0/pause 600/speak Harvey \"à̎ ¼ÁŤ´˗Ò ¼Áä˴Ƃ¹àƺÂ§à¤ҳÍ§ź¹ àО§ź¹ˌÒ¹ä»¹Ð...\"/move Harvey 0 1 3/move Harvey -3 0 0/move Harvey 0 -2 0/speak Harvey \"@ ÁÒ·Ò§׉Ɗ!\"/move farmer 0 -1 3/move farmer -4 0 0/move farmer 0 -2 0/speak Harvey \"ɤι¹Ɗ!\"/globalFade/cutscene plane/viewport -1000 -1000/speak Harvey \"µÍ¹чĢ§àʛ¹àʔ¡ ¼Áĝ¹¨Ðàʛ¹ę¡ź¹ÁÒµÅÍ´\"/pause 1000/speak Harvey \"...á˅˴ÇÂàҳÍ§ÊÒÂµÒ áÅÐ¤ÇÒÁɺ§¢Í§¼Á чàʛ¹ě­ËÒ ¤ÇÒÁĝ¹ġ¹àÅÂ àȕÍ¹ÅÒ§Å§ȷ¡Ƨ$s\"/faceDirection Harvey 3/faceDirection farmer 1/viewport 5 6 true/pause 1000/emote farmer 28/speak Harvey \"äˑàʛ¹äÃËÃÍ¡... Í˒ÒàÈ̃Òä»àÅÂ#$b#¼Áâµע¹ áÅÐÂÍÁģºã¹ ÊÀÒ¾¢Í§ĕÇàÍ§µÍ¹׉ä˴á̅Ç äˑãʺȷ¡¤¹ËÃÍ¡ ч¨Ðä˴ŇÒÍ˒Ò§чĝ¹... ġ¹àʛ¹ƇƦ¢Í§âÅ¡ãº׉ ÍԒá̅ÇãʺՁÂ˕Ð\"/pause 1600/speak Harvey \"à̎ ¼Á¨Ð¾ÒȤ³ä»ɤ âÁà´Åà¤ҳÍ§ź¹ч¼Á àО§ŇÒġ¹àÊʣ¨˕Ð TR-Starbird deluxe set ӣ¹ãËˑàÅÂ¹Ð$h\"/advancedMove Harvey false 0 2 4 0/faceDirection farmer 2/end"
    }
}
