{
    "header": {
        "target": "w",
        "formatVersion": 5,
        "hidef": true,
        "compressed": 128
    },
    "readers": [
        {
            "type": "Microsoft.Xna.Framework.Content.DictionaryReader`2[[System.String, mscorlib, Version=4.0.0.0, Culture=neutral, PublicKeyToken=b77a5c561934e089],[System.String, mscorlib, Version=4.0.0.0, Culture=neutral, PublicKeyToken=b77a5c561934e089]]",
            "version": 0
        },
        {
            "type": "Microsoft.Xna.Framework.Content.StringReader",
            "version": 0
        }
    ],
    "content": {
        "7/f Maru 1000/p Maru": "Hospital_Ambient/-1000 -1000/farmer -10000 -10000 0 Maru 9 15 3 Harvey 7 10 0/skippable/changeSprite Maru Hospital/changePortrait Maru Hospital/showFrame Maru 18/viewport 10 15/pause 4000/speak Maru \"*¶Í¹ËÒÂã¨*... ĉ¹àҪÍàʕÁƧá̅Ç¹Ð ч˵Í§Ĉ´àµƳÂÁ ĕÇÍ˒Ò§¾Ç¡׉...$s\"/pause 2000/playSound doorClose/warp farmer 10 19/pause 100/playSound throw/showFrame Maru 17/shake Maru 2000/jump Maru/specificTemporarySprite maruBeaker/move farmer 0 -1 0/pause 1250/showFrame Maru 0/faceDirection Maru 2/pause 100/speak Maru \"̽Ò! äˑ¹Ð!...$4\"/pause 600/showFrame Maru 16/pause 1000/speak Maru \"ËÅÍ´àʁºĕÇÍ˒Ò§ áµ¡ä»«Ðá̅Ç... ËÁÍÎÒΓƷΒ˵Í§ʶÒĉ¹áˉàÅÂ...$s\"/pause 600/showFrame Maru 0/faceDirection Maru 0/pause 1500/faceDirection Maru 2/pause 400/speak Maru \"$q 38 null#@ ĉ¹¤ÇÃ¨ÐŇÒĢ§ä§Ƥ˕Ð?#$r 38 -50 Event_Hospital_1#àʁº¡ÇÒ´ã̋àʣÇчɊ´ à¢ÒäˑړàҳÍ§ËÃÍ¡#$r 39 -20 Event_Hospital_2#ºÍ¡ÎÒΓƷΒ ˗Òàʛ¹¤ÇÒÁż´¢Í§àÃÒ#$r 38 50 Event_Hospital_3#ºÍ¡ÎÒΓƷΒ ˗Òàʛ¹ɍĚŵàËȵ\"/move Harvey 3 0 2/move Harvey 0 2 2/doAction 10 13/move Harvey 0 1 2/faceDirection Maru 1/speak Harvey \"àš´ÍÐäÃע¹ˉÐ? àËȑÍ¹¼Á¨Ðä˴Ƃ¹àƺÂ§ ÍÐäÃáµ¡¹Ð\"/pause 500/speak Maru \"$p 38#ĉ¹¾ÅÒ´ŇÒËÅÍ´àʁºĕÇÍ˒Ò§ Ë˕¹áµ¡ˉÐʴÐ... ¢Íâ·É˴ÇÂ¹Ð¤Ð$s|@ àˢÒÁÒŻ´»ÃÐɥàƺÂ§Ĕ§ ¨¹ĉ¹µ¡ã¨ à¼ÅÍŇÒËÅÍ´ĕÇÍ˒Ò§ ËɅ´ȑÍˉÐʴÐ$u\"/fork toldTruth/move Harvey 0 2 3/emote Harvey 40/speak Harvey \"à¸Íäˑ¤ÇÃâ·É¤¹ҽ¹ ã¹Ъ§чà¸ÍŇÒ¹ÐÁÒɃ$a\"/pause 300/faceDirection Harvey 1/speak Harvey \"*¶Í¹ËÒÂã¨*... à݋ÂÇ¼Á¤§˵Í§àƳÂ¡¤¹äˢ ã̋¡ĥºàˢÒÁÒàʁºĕÇÍ˒Ò§ ãËˑƽ¡ÃÍº$s#$b#ġ¹ÍÒ¨¨ÐŇÒã̋¤¹ â¨ÉĈ¹ā¹ä˴¹Ð ˗Ò¾Ç¡àÃÒŇÒ§Ò¹ äˑƱ»ÃÐƊ·ŸÀÒ¾...$s\"/pause 600/faceDirection Maru 2/pause 1000/showFrame Maru 16/pause 500/emote farmer 28/end",
        "toldTruth": "move Harvey 0 2 3/speak Harvey \"Ģ§ä§ʁ¢Íºã¨¹Ð чà¸Íɮ´¤ÇÒÁ¨ƃ§ˉÐÁÒɃ#$b#äˑ˵Í§˛Ç§àҳÍ§ ĕÇÍ˒Ò§ËÃÍ¡ ¼ÁĢ§ƱŚÒÃÍ§ƽ¡Ȫ´Ëѹ§\"/pause 500/emote Harvey 32/pause 500/speak Maru \"Ģ§ä§ʁ¢ÍºȤ³чƤāºĉ¹ ǖ§¢¹Ò´׉˴ÇÂ¹Ð¤Ð Ȥ³ËÁÍÎÒΓƷΒ\"/pause 500/speak Harvey \"ʁ¹Ð... Ʊá˅à¸ÍàˇÒԹ¹áËÅÐ чʺÇÂ¼ÁÁÒµÅÍ´ ã̋ŇÒ¤¹àƤÂÇˉÐ äˑäËÇËÃÍ¡!\"/pause 500/emote Maru 32/pause 1000/faceDirection Harvey 2/pause 500/emote Harvey 8/speak Harvey \"@? Ȥ³ɤË˹Òƛ´á»Å¡æ¹Ð... àʛ¹ÍÐäÃËȓÍà»˕Ò?\"/pause 500/faceDirection farmer 2/emote farmer 28/end",
        "57/f Harvey 1000/p Harvey": "sweet/-100 -100/farmer 10 19 0 Harvey 9 14 3/skippable/doAction 10 13/viewport 10 14/move farmer 0 -2 0/pause 300/faceDirection Harvey 2/speak Harvey \"̎Ò @! ¼ÁıÒĥ§¨ÐàƒÂ¹ ¨´ËÁÒÂǖ§Ȥ³ÍԒ¾ÍƤàÅÂ\"/faceDirection farmer 0/emote farmer 8/speak Harvey \"àʫ¹ËȓÍà»˕Ò ã¹ÃÒÂ§Ò¹¢Í§¼Á àƒÂ¹àÍÒä̇˗Ò ǖ§ę´µÃÇ¨Ɋ¢ÀÒ¾»ÃÐĸÒƫ ¢Í§Ȥ³á̅Ç¹Ð!\"/emote farmer 28/speak Harvey \"àÍÒˉÒ... äˑàʫ¹˵Í§ā§ÇÅÍÐäÃàÅÂ ¼Á¨ÐŇÒã̋äÇ áººäˑàʈºàÅÂĪ¡Ź´ µÒÁ¼ÁÁÒƊ\"/pause 600/advancedMove Harvey false 1 0 0 -4 -5 0/move farmer 0 -7 0 false/move farmer -4 0 3 true/viewport move -1 -2 4500/proceedPosition Harvey 5 10/doAction 5 9/move Harvey 0 -5 2 false/move farmer -1 0 0 false/move farmer 0 -4 0 false/pause 500/speak Harvey \"ȝÁÁ... àÍÒ˕Ð ̍Ò»Ò¡ˤÒ§ä̇¹Ð Í˒Ò§Թ¹˕Ð\"/pause 2000/speak Harvey \"̃Í§ '̍Ò...' ÂÒÇæ ū\"/pause 500/speak Harvey \"àÍÒ˕Ð ¾Íá̅Ç\"/pause 600/move Harvey -1 0 0/pause 1000/showFrame Harvey 19/playSound openBox/pause 1000/showFrame Harvey 8/move Harvey 0 1 1/faceDirection farmer 3/speak Harvey \"¼Á¢ÍµÃÇ¨ Ī­­Ò³ƚ¾¢Í§Ȥ³ËˉÍÂ¹Ð\"/pause 800/animate Harvey false true 100 4 5 6 7/positionOffset Harvey 2 0/pause 50/positionOffset Harvey 2 0/pause 50/positionOffset Harvey 2 2/pause 50/positionOffset Harvey 2 2/pause 50/positionOffset Harvey 2 2/pause 50/positionOffset Harvey 2 2/pause 50/positionOffset Harvey 2 2/pause 50/positionOffset Harvey 2 2/pause 50/stopAnimation Harvey/showFrame Harvey 20/pause 150/showFrame Harvey 21/pause 1500/speak Harvey \"$q 86 null#ȝÁÁ... ƚ¾¨ÃȤ³à˵¹àʣÇÁÒ¡àÅÂ$u#$r 86 20 event_heart1#ړǪ¡¡ĥÇŹ´ËˉÍÂˉÐ...#$r 86 20 event_heart2#ʁàО§¨ÐŇÒ¿ÒΓÁàÊʣ¨ ʱÍ¹¨ÐÁÒËÒËÁÍщáËÅÐ#$r 86 -50 event_heart3#щàʛ¹ËÁÍ¨ƃ§ËȓÍà»˕ÒàщÂ? ƚ¾¨Ã»¡ŵƤàËÍÐ!\"/pause 800/showFrame Harvey 20/pause 150/showFrame Harvey 4/animate Harvey false true 100 7 6 5 4/positionOffset Harvey -2 0/pause 50/positionOffset Harvey -2 0/pause 50/positionOffset Harvey -2 0/pause 50/positionOffset Harvey -2 0/pause 50/positionOffset Harvey -2 0/pause 50/positionOffset Harvey -2 0/pause 50/positionOffset Harvey -2 0/pause 50/positionOffset Harvey -2 0/pause 50/stopAnimation Harvey/pause 1300/speak Harvey \"àÍÒ˕Ð ɤàËȑÍ¹Ȥ³¨ÐƱɊ¢ÀÒ¾ чáʂ§áÃ§ÁÒ¡àÅÂ @#$b#á˅ʁäˑ¤ÇÃī¡âËÁ ŇÒ§Ò¹ã¹¿ÒΓÁ¨¹àš¹ä»˕Ð!\"/emote farmer 32/pause 800/move farmer 0 1 2 true/faceDirection Harvey 2 true/move farmer 0 1 2/speak Harvey \"Ģ§ä§ʁ¢ÍºȤ³чáÇÐÁÒ¹Ð$h\"/faceDirection farmer 0 true/end",
        "571102/f Harvey 2000": "Hospital_Ambient/-100 -100/farmer -200 -2000 0 Harvey 4 5 0/skippable/changeLocation HarveyRoom/showFrame Harvey 23/viewport 5 6 true/pause 1000/speak Harvey \"ĮÅâËÅ? ĮÅâËÅ? ä˴Ƃ¹ËȓÍà»˕Ò?$9\"/pause 1300/emote Harvey 40/speak Harvey \"ʔÍ¡àµÍΓ àÍª (Dr.H) àƳÂ¡ žā´ 52 àËȉÍ 43.5 µÐħ¹ÍÍ¡ ÃÍ¡ÒÃµÍº¡ĥº Ī­­Ò³·Ò§ÍÒ¡ÒÈ ä˴Ƃ¹ËȓÍäˑ? ·ÃÒºá̅Çà»ѕÂ¹$9\"/pause 2000/emote Harvey 40/pause 700/playSound newArtifact/message \"ä˴Ƃ¹á̅Ç.. ´Í¡àµÍΓàÍª (Dr. H) àÃÒıÒĥ§ҺÍÊÒÃ āºȤ³ÍԒº¹ÀÒ¤خ¹Ŵ¹... щǴÍáºÅ¤àźΓ´ſàÇÍΓ ſàÇÍΓ ɛɛ (Blackbird Fiver Fiver Zuzu) Ȥ³ƱÍÐäÃ¨ÐÃÒÂ§Ò¹?\"/showFrame Harvey 28/jump Harvey/pause 800/speak Harvey \"Ʊ¤¹µÍº˴ÇÂà̇Âà̎Â!?$10#$b#à˝Í... ¼ÁËÁÒÂǖ§!... ÃÒÂ§Ò¹¨Ò¡ÀÒ¤خ¹Ŵ¹ á˨§˗ÒÍԒч 3 ¤ƅê¡Κ (Clicks) 36 Í§ÈÒŷÈµÐħ¹µ¡àƙÂ§àËȉÍ ɍ³ËɰƁÀÒ¤خ¹ÍԒч 42 Í§ÈÒá¤Ã¡Κ (Kraggs) ¤ÇÒÁؚ¹ĪÁĞ¹Έ 53% ʔÍ¡àµÍΓ àÍª (Dr.H) àƅ¡!$10\"/pause 300/playMusic kindadumbautumn/faceDirection Harvey 1 true/move Harvey 2 0 1/speak Harvey \"àȞÍ¡ ƚ¾¨Ãà˵¹ÃÐģÇàÅÂ...$7\"/pause 400/playSound doorClose/warp farmer 6 12/move farmer 0 -3 0/faceDirection Harvey 2/speak Harvey \"@!\"/question fork1 \"#¶ÒÁÎÒΓƷΒ˗Ò ŇÒäÁǖ§ҥ¹à˵¹¢¹Ò´׉#ŇÒàËȑÍ¹äˑƱÍÐäÃàš´ע¹\"/fork normal/pause 500/speak Harvey \"˝Ò... ˉÒ¨Ðàʫ¹á̅ÇƊ¹Ð ˗ÒàұÍֱ¼Áà˕¹Ƈ·ɂÍԒ... á̅Çʁä˴ŵ´˅Íāº ę¡ź¹ĕÇ¨ƃ§˴ÇÂ!\"/emote Harvey 16/speak Harvey \"¨Ò¡чä˴ˢÍɱÅÁÒ àÃÒˉÒ¨Ðä˴à¨Íà¢Òź¹ˌÒ¹ àËȉÍīÇ¨ƃ§æá̅Ç˕Ð!\"/move Harvey 0 1 3/move Harvey -3 0 0/move Harvey 0 -2 0/speak Harvey \"àʣÇàˢÒ ÁÒɤµÃ§׉˴ÇÂā¹àʣÇ!\"/speed farmer 4/move farmer 0 -3 3/speed farmer 4/move farmer -4 0 0/speed farmer 4/move farmer 0 -2 0/speed farmer 4/speak Harvey \"ι¹ä§!\"/globalFade/cutscene plane/viewport -1000 -1000/speak Harvey \"µÍ¹чĢ§àʛ¹àʔ¡ ¼Áãˍĝ¹˗ÒÍÂÒ¡¨Ðàʛ¹ ę¡ź¹ÁÒµÅÍ´\"/pause 1000/speak Harvey \"...á˅à¾ÃÒÐÊÒÂµÒՊ¹á̅Ç ʁ¡ĥÇ¤ÇÒÁɺ§˴ÇÂ¤ÇÒÁĝ¹Թ¹ ʁàÅÂ˵Í§Ğºàʁºä»$s\"/faceDirection Harvey 3/faceDirection farmer 1/viewport 5 6 true/pause 1600/emote farmer 28/speak Harvey \"àÍÒˉÒ äˑàʫ¹˵Í§àÈ̃Òá·¹àÅÂ#$b#¼ÁâµÁÒâ´ÂчÂÍÁģº ã¹ÊÀÒ¾¢Í§ĕÇàÍ§ä˴á̅Ç à¾ÃÒÐäˑãʺȷ¡¤¹ËÃÍ¡¹Ð ч¨ÐŇÒµÒÁ¤ÇÒÁĝ¹ä˴ àÊÁÍä»ˉÐ... щáËÅÐ¤ÇÒÁàʛ¹¨ƃ§ ¢Í§âÅ¡ãº׉\"/pause 1600/speak Harvey \"щ Ê¹ã¨ɤâÁà´Åà¤ҳÍ§ź¹ ¢Í§¼ÁՁÂ ¼ÁàО§¨Ð˅ÍȪ´ƧÍÒΓ-ÊµÒΓàźΓ´ à´ÍɅ¡ͻ (TR-Starbird deluxe) àÊʣ¨àÍ§$h\"/advancedMove Harvey false 0 2 16 0/faceDirection farmer 2/globalFade .003/viewport -1000 -1000/pause 500/end",
        "PlayerKilled": "none/-100 -100/farmer 20 12 2 Harvey 21 12 3/pause 1500/showFrame 5/message \" ...{0}?\"/pause 1000/message \"ã¨àʢ¹ ...˪Òæ\"/viewport 20 12 true/pause 1000/speak Harvey \"Ʊ¤¹à¨ÍȤ³ËÁ´Êŵ áÅÐÊÀÒ¾ɤäˑʴÍÂ¨ÐƤ... ¼ÁàÅÂ¾ÒȤ³ÁÒ»°Á¾ÂÒºÒÅ àتÍ§˵¹ʱÍ¹ˉÐ!#$b#¤ÃÒÇËĥ§ʁàОÁ ¤ÇÒÁÃÐġ´ÃÐħ§ËˉÍÂ˕Ð âÍà¤ՁÂ?$s\"/showFrame 0/pause 1000/emote farmer 28/hospitaldeath/end"
    }
}
