{
    "header": {
        "target": "w",
        "formatVersion": 5,
        "hidef": true,
        "compressed": 128
    },
    "readers": [
        {
            "type": "Microsoft.Xna.Framework.Content.DictionaryReader`2[[System.String, mscorlib, Version=4.0.0.0, Culture=neutral, PublicKeyToken=b77a5c561934e089],[System.String, mscorlib, Version=4.0.0.0, Culture=neutral, PublicKeyToken=b77a5c561934e089]]",
            "version": 0
        },
        {
            "type": "Microsoft.Xna.Framework.Content.StringReader",
            "version": 0
        }
    ],
    "content": {
        "6497423/e 1039573/f Leo 500/w sunny/t 600 1800/Hl leoMoved": "sad_kid/79 89/farmer 79 89 2 Leo 80 81 2 Willy 89 87 3/skippable/move Leo 0 8 2/pause 200/faceDirection Leo 3/pause 600/faceDirection Leo 2/pause 1000/speak Leo \"Ȥ³ıÒĥ§ŇÒäÃˉÐ @?\"/pause 800/quickQuestion #ÁÍ§¤ҵ¹à¾ƅ¹æ ˉÐ#ËÒ»ÅÒˉÐ#ıÒĥ§Ť´ǖ§¤¹žàÈÉˉÐ#ıÒĥ§ËÒƇƨáˡě­ËÒãËʽˉÐ(break)pause 500\\showFrame Leo 18\\emote Leo 28\\speak Leo \"à¡ƵÂÇ¤ҵ¹...$s#$b#¹¡ĕÇҽ¹ºÍ¡˗Ò ƵâÍź¹äˑä˴à¾ÃÒÐ... ƵâÍÍԒã¹à¡ƵÂÇ¤ҵ¹¹Ò¹àš¹ä» àұÍ¹Ò¹ÁÒá̅ÇˉÐ$s#$b#ƫ¡¢Í§¼ÁӊÁթÒä»ËÁ´á̅Ç$s\"\\emote farmer 8(break)pause 500\\speak Leo \"»ÅÒËÃÍ? âÍà¤... $h#$b#˶ÒȤ³ÍÂÒ¡¨Ð¡˕ÒÇ 'ÊħÊƤ' ʁáʴºÍ¡ÁÒ\"\\pause 500\\animate Leo false true 500 17\\playSound parrot_squawk\\shake Leo 800\\pause 800\\stopAnimation Leo\\pause 1200\\playSound pullItemFromWater\\specificTemporarySprite islandFishSplash\\animate farmer false true 100 94\\jump farmer\\pause 500\\animate Leo false true 150 17 22\\pause 2000\\stopAnimation farmer\\pause 1200\\stopAnimation Leo(break)pause 500\\faceDirection Leo 3\\emote Leo 8\\faceDirection Leo 2\\speak Leo \"țÁÁ... ¼ÁäˑàˢÒã¨˝Ð$s#$b#ċ¡ħ¹¼Á¤§âµע¹áËÅÐ.. Ձ§?\"(break)pause 500\\speak Leo \"â̍ ãʺ ƵâÍʁıÒĥ§ËÒƇƨáˡě­ËÒãËʽ ÍԒàËȑÍ¹ā¹\"\\faceDirection Leo 3\\speak Leo \"àʺ¹... '¼Á¨Ðà¨ÍÇÍÅę··Í§ĴÒ º¹ªÒÂËÒ´ËȓÍº¹ɰà¢Òä¿ ƽ¡äËÁ¹Ð?'\"\\faceDirection Leo 2\\showFrame Leo 18\\emote Leo 28\\speak Leo \"*à̋ÍÍÍ* ...ƚƇµщġ¹Ӣ§ÂÒ¡Ĉ§...$s\"/showFrame Leo 0/pause 1000/emote Leo 40/speak Leo \"@?$s\"/pause 200/faceDirection farmer 1/speak Leo \"à˕ÒàҳÍ§àбÂÇāºчι¹ ã̋ğ§ËˉÍÂƊ... ˺Ò¹¢Í§Ȥ³ˉÐ$s\"/pause 500/faceDirection farmer 2/quickQuestion #ġ¹àʛ¹àȑÍ§чàʕÁä»˴ÇÂڌ¤¹#ġ¹ƱˋÒ ƱªÒÂËÒ´ áÅÐɰà¢Ò#ġ¹ʁàËȑÍ¹āºчщщáËÅÐ á˅Ë¹ÒÇ¡˗Ò#ĉ¹ÍÒĨÂÍԒч¿ÒΓÁ(break)emote Leo 40\\speak Leo \"ڌ¤¹...$s\"(break)pause 400\\speak Leo \"ğ§ɤàђÂÁĈ§\"(break)emote Leo 8\\speak Leo \"Ë¹ÒÇ? ...¼ÁäˑàˢÒã¨˝Ð...$s\"(break)emote Leo 8\\speak Leo \"¿ÒΓÁ? щȤ³¨ÐºÍ¡˗Ò Ȥ³»ɵ¡ÇÍÅę·àÍ§ËÃÍ? Ȥ³äˑ˵Í§µÒÁËÒġ¹ËÃÍ?$3#$b#...̇ÒÇ...$3\"\\pause 500\\speak Leo \"¼ÁıÒĥ§Ť¡˗Ò... @ ©ÅÒ´Ĉ§$h\"/pause 1500/showFrame Leo 18/playMusic ocean/pause 700/pause 1400/speak Leo \"чι¹... чι¹Ʊ... àʔ¡¤¹ҽ¹ՁÂ?$s\"/faceDirection farmer 1/pause 500/quickQuestion #áË§Ɗ#ι¹ġ¹ŚÒĄ­āº¹¡µÃ§äË¹?(break)pause 100(break)pause 100/showFrame Leo 0/pause 1000/emote Leo 28/pause 600/faceDirection Leo 0/speak Leo \"...@ ¼ÁړáËÅÐ˗Ò¼Áäˑãʺ¹¡¨ƃ§æ...$s#$b#¼Áàʛ¹àËȑÍ¹āº¤¹$s#$b#á˅¼ÁäˑªÍº Ť´áººԹ¹àÅÂ...$s#$b# ...à¾ÃÒÐ˗ÒƱáʴ¼Á чàʛ¹ÁȹÉΒ$s\"/faceDirection Leo 3/speak Leo \"¤ÃÍº¤ģÇ¹¡ŇÒã̋¼ÁړǪ¡ àËȑÍ¹˗Ò¼Áàʛ¹¾Ç¡àƤÂÇā¹ āº¾Ç¡à¢Ò$s\"/pause 400/faceDirection Leo 2/showFrame Leo 18/pause 400/emote Leo 28/speak Leo \"á˅... ʁäˑãʺáººԹ¹$s#$b#...¼Áäˑä˴ àʛ¹¾Ç¡àƤÂÇāºã¤ÃàÅÂ...$s\"/speed Leo 4/faceDirection farmer 0 true/shake Leo 1000/move Leo 0 -9 0/move Willy -8 0 0/emote Willy 28/speak Willy \"à˨ÒËɩчˉÒÊ§ÊÒÃ...$s\"/pause 500/speak Willy \"ĉ¹ÍÂÒ¡¨Ðã̋Ʊ·Ò§ ʺÇÂ¹ÒÂä˴Ĉ§...$s\"/pause 2000/fade/viewport -1000 -1000/end invisible Leo"
    }
}
