{
    "header": {
        "target": "w",
        "formatVersion": 5,
        "hidef": true,
        "compressed": 128
    },
    "readers": [
        {
            "type": "Microsoft.Xna.Framework.Content.DictionaryReader`2[[System.String, mscorlib, Version=4.0.0.0, Culture=neutral, PublicKeyToken=b77a5c561934e089],[System.String, mscorlib, Version=4.0.0.0, Culture=neutral, PublicKeyToken=b77a5c561934e089]]",
            "version": 0
        },
        {
            "type": "Microsoft.Xna.Framework.Content.StringReader",
            "version": 0
        }
    ],
    "content": {
        "1039573/N 10/Hl addedParrotBoy": "continue/-1000 -1000/farmer 7 12 0/broadcastEvent/skippable/specificTemporarySprite removeSprite 777/addTemporaryActor ParrotBoy 16 32 5 2 2 true ???/pause 2000/viewport 5 7 true/move farmer 0 -4 0/pause 2000/emote ParrotBoy 8/pause 500/playMusic sad_kid/animate ParrotBoy false true 200 20 21/playSound Cowboy_Footstep/positionOffset ParrotBoy 0 16/pause 200/playSound Cowboy_Footstep/positionOffset ParrotBoy 0 16/pause 200/playSound Cowboy_Footstep/positionOffset ParrotBoy 0 16/pause 200/playSound Cowboy_Footstep/positionOffset ParrotBoy 0 16/pause 200/playSound Cowboy_Footstep/positionOffset ParrotBoy 0 16/pause 200/playSound Cowboy_Footstep/positionOffset ParrotBoy 0 16/pause 200/playSound Cowboy_Footstep/positionOffset ParrotBoy 0 16/pause 200/playSound Cowboy_Footstep/positionOffset ParrotBoy 0 16/pause 200/playSound Cowboy_Footstep/positionOffset ParrotBoy 0 16/pause 200/playSound Cowboy_Footstep/positionOffset ParrotBoy 0 16/pause 200/playSound Cowboy_Footstep/positionOffset ParrotBoy 0 16/pause 200/playSound Cowboy_Footstep/positionOffset ParrotBoy 0 16/pause 200/playSound Cowboy_Footstep/positionOffset ParrotBoy 0 16/pause 200/playSound Cowboy_Footstep/positionOffset ParrotBoy 0 16/pause 200/playSound Cowboy_Footstep/positionOffset ParrotBoy 0 16/pause 200/playSound Cowboy_Footstep/positionOffset ParrotBoy 0 16/pause 200/playSound Cowboy_Footstep/stopAnimation ParrotBoy/faceDirection ParrotBoy 2/pause 500/move ParrotBoy 0 2 2/faceDirection farmer 3 true/move ParrotBoy 1 0 1/pause 1000/speak ParrotBoy \"...$u#$b#...¤...Ȥ³... àҮÍ¹¢Í§¹¡?$u\"/pause 1000/animate ParrotBoy false true 500 19/pause 200/positionOffset ParrotBoy 16 0/playSound slimeHit/startJittering/pause 200/positionOffset ParrotBoy -16 0/stopJittering/pause 600/positionOffset ParrotBoy 16 0/playSound slimeHit/startJittering/pause 200/positionOffset ParrotBoy -16 0/stopJittering/pause 600/stopAnimation ParrotBoy/pause 1500/speak ParrotBoy \"...ɤäˑá˒\"/jump ParrotBoy/pause 1500/specificTemporarySprite parrotHutSquawk/pause 10/pause 2100/animate ParrotBoy false true 500 17/playSound parrot_squawk/shake ParrotBoy 800/pause 1600/stopAnimation ParrotBoy/pause 1000/emote farmer 8/pause 500/speak ParrotBoy \"...à¸Í¶ÒÁ˗ÒȤ³ãʺ àҮÍ¹¢Í§¹¡ ǣà»˕Ò#$b#¼ÁµÍºä»˗Ò... ãʺ$h\"/pause 500/emote farmer 32/pause 300/quickQuestion #¹ÒÂÁÒÍԒµÃ§׉ä˴Ģ§ä§àщÂ?#ˎÍáˑ¢Í§¹ÒÂÍԒчäË¹?(break)pause 100(break)pause 100/playMusic echos/pause 500/faceDirection ParrotBoy 2/emote ParrotBoy 28/showFrame ParrotBoy 18/pause 400/speak ParrotBoy \"...¾ÒɂɃ¹áÃ§... ¤ҵ¹... ÊÒÂ˿Ò...$s#$b#áˑ... ˎÍ... ËÒÂä»ã¹·ÐàÅ...$s#$b#¼Á... ¼Áɦ¡Ğ´ä»чªÒÂËÒ´...$s\"/pause 500/pause 500/speak ParrotBoy \"...äˑ äˑ äˑ... ¹... ι¹ġ¹áʴ¤ÇÒÁĝ¹... ãʺՁÂ?$s\"/showFrame ParrotBoy 0/pause 1000/stopAnimation ParrotBoy/faceDirection ParrotBoy 1/playMusic jungle_ambience/speak ParrotBoy \"...äˑ... ¼Áàš´чщ àËȑÍ¹āºàҮÍ¹¹¡ĕÇҽ¹ Ȥ³ɤäˑÍÍ¡ËÃÍ?\"/pause 800/quickQuestion #˶Ò¹ÒÂàʛ¹¹¡á̅Ç¹ÒÂɮ´ä˴Ģ§ä§?#¹ÒÂÍÒɂàˇÒäË˓?(break)showFrame ParrotBoy 16\\jump ParrotBoy\\pause 1700\\showFrame ParrotBoy 0\\pause 500\\addTemporaryActor Toddler 13 10 7 4 2 true Parrot\\hideShadow Toddler true\\specificTemporarySprite parrotHutSquawk\\faceDirection farmer 0 true\\faceDirection ParrotBoy 0 true\\textAboveHead Toddler \"*á¡̇¡¡*\"\\pause 1000\\textAboveHead Toddler \"˶Ò¹ÒÂàʛ¹¹¡\"\\pause 1500\\specificTemporarySprite parrotHutSquawk\\textAboveHead Toddler \"*á¡̇¡¡¡¡*\"\\pause 1000\\textAboveHead Toddler \"¹ÒÂɮ´ä˴Ģ§ä§?\"\\pause 1700\\animate ParrotBoy false true 150 17 22\\jump ParrotBoy\\pause 400\\speak ParrotBoy \"˞Ò˞Ò! àʫ¹ՁÂ? ¾Ç¡àÃÒɮ´! ¾Ç¡àÃÒɮ´ä˴!$h\"(break)pause 400\\speak ParrotBoy \"ÍÒɂ?$s#$b#...¾Ç¡àÃÒäˑÊ¹ã¨àҳÍ§Թ¹#$b#¾Ç¡àÃÒ¶ÒÁā¹˗Ò... 'Ȥ³š¹ÇÍÅę··Í§ĴÒ ä»бɵ¡á̅Ç?'$h#$b#...¼Áš¹ä» 3,729 ɵ¡#$b#...á˅Ȥ³¨Ðäˑ¡ÅÒÂàʛ¹ڌãËʽ ˶ÒĢ§š¹äˑ¤Ãº 10,000 ɵ¡$s#$b#ċ¡ħ¹Ǚ§¼Á¨Ð˵Í§ š¹¨¹¤Ãºáˉ¹Í¹!$h\"/pause 500/emote farmer 28/move farmer 0 2 2/stopAnimation ParrotBoy/faceDirection ParrotBoy 2 true/textAboveHead ParrotBoy \"à˞\"/pause 1000/faceDirection farmer 0/speak ParrotBoy \"...¼ÁǙ¡ÍÐäÃºÒ§Í˒Ò§ä˴$s\"/emote farmer 8/speak ParrotBoy \"ҚÍ¢Í§¼Á...$s\"/changeName ParrotBoy Leo/speak ParrotBoy \"...ǴÍƵâÍ\"/pause 500/emote farmer 32/end warpOut 2"
    }
}
