{
    "header": {
        "target": "w",
        "formatVersion": 5,
        "hidef": true,
        "compressed": 128
    },
    "readers": [
        {
            "type": "Microsoft.Xna.Framework.Content.DictionaryReader`2[[System.String, mscorlib, Version=4.0.0.0, Culture=neutral, PublicKeyToken=b77a5c561934e089],[System.String, mscorlib, Version=4.0.0.0, Culture=neutral, PublicKeyToken=b77a5c561934e089]]",
            "version": 0
        },
        {
            "type": "Microsoft.Xna.Framework.Content.StringReader",
            "version": 0
        }
    ],
    "content": {
        "IslandDepart": "/-1000 -1000/farmer 15 43 2 Willy 17 45 2/playMusic none/skippable true/playSound furnace/beginSimultaneousCommand/viewport 16 44 clamp true/globalFadeToClear 0.007/endSimultaneousCommand/locationSpecificCommand boat_reset/locationSpecificCommand boat_depart/globalFade/viewport -1000 -1000/end islandDepart",
        "6497428/e 6497423/f Leo 1500/w sunny/t 600 1800/Hl leoMoved": "tropical_island_day_ambient/-1000 -1000/farmer 20 31 2 Leo 21 31 2 Willy -100 -100 1 Linus -100 -100 1/addConversationTopic LeoDeparture 0/skippable/move farmer 0 8 2 true/move Leo 0 5 2 true/viewport 21 38 true/proceedPosition Leo/emote Leo 8/speed Leo 4/move Leo 0 3 2 false/viewport move 0 1 2000/warp Willy 16 43/move Willy 1 0 1/warp Linus 16 43/move Willy 5 0 0/showFrame Leo 16/jump Leo/move Linus 4 0 0/showFrame Leo 0/shake Leo 1000/speed Leo 4/move Leo 0 -2 0/jump Linus/textAboveHead Linus \"Wait!\"/pause 2700/faceDirection Leo 3 true/pause 100/faceDirection Leo 2/pause 1000/move Linus 0 -1 0/pause 1000/faceDirection Linus 1 true/pause 50/faceDirection Linus 2/showFrame Linus 26/pause 500/showFrame Linus 25/playSound parrot_squawk/shake Linus 500/pause 500/showFrame Linus 25/pause 600/showFrame Linus 0/pause 500/faceDirection Linus 1 true/pause 100/faceDirection Linus 0/pause 400/emote Leo 8/move Leo 0 1 2/pause 1000/animate Leo false true 500 17/playSound parrot_squawk/shake Leo 800/pause 1600/stopAnimation Leo/pause 500/emote Linus 32/move Linus 1 0 0/move Linus 0 -1 0/faceDirection Linus 1 true/pause 50/faceDirection Linus 2/showFrame Linus 26/pause 500/showFrame Linus 25/playSound parrot_squawk/shake Linus 500/pause 300/showFrame Linus 26/pause 400/showFrame Linus 25/playSound parrot_squawk/shake Linus 500/pause 500/showFrame Linus 25/pause 600/showFrame Linus 0/pause 500/faceDirection Linus 1 true/pause 100/faceDirection Linus 0/pause 400/jump Leo/pause 1000/move Leo 0 1 2/pause 500/speak Linus \"ÊħÊƤƵâÍ... ĉ¹ҚÍƵęÊ#$b#ĉ¹ä˴Ƃ¹àҳÍ§àбÂÇāºà¸Í áÅÐ¤ÃÍº¤ģÇ¹¡áˡÇ ÁÒËÁ´á̅Ç#$b#ġ¹àʛ¹ÍÐäÃч žàÈÉÁÒ¡¨ƃ§æ!$h\"/move Willy 0 -1 0/speak Willy \"à̍ÂÂ à˨ÒËɩ... ƵęÊÍÒĨÂÍԒчáˌ¹Ŵ¹ãËʽ ˴ÇÂā¹āº¾Ç¡àÃÒԷ§ËÁ´#$b#Ëĥ§¨Ò¡чä˴Ƃ¹àҳÍ§¢Í§¹ÒÂ... ĉ¹ʁÍÂÒ¡¨ÐʺÇÂ ʁàÅÂȤÂāºƵęÊá̅Çʁä˴ á¼¹׉ÍÍ¡ÁÒ$h\"/playMusic ocean/pause 500/faceDirection Willy 3/speak Willy \"àÍÒàÅÂƵęÊ... ºÍ¡à¢ÒàÅÂ\"/faceDirection Linus 1/pause 500/faceDirection Linus 0/faceDirection Willy 0/playMusic sad_kid/speak Linus \"ƵâÍ...#$b#ĉ¹ÍÂÒ¡ã̋à¸Í¡ĥºä»āº¾Ç¡àÃÒ ä»чÊµÒΓŴÇáÇÅѕ#$b#ġ¹àʛ¹Ê¶Ò¹ччÊÇÂ§ÒÁ... äˑÍºӭ¹àˇÒчщ á˅ʁƱƚƇµƚÇÒ... á̅Çĉ¹ʁÍÒĨÂÍԒµÃ§ã¨¡ÅÒ§ ¢Í§чι¹¾ÍƤ!#$b#ĉ¹ړȷ¡Í˒Ò§ã¹خ¹Ŵ¹á¶ºԹ¹ ËÅÒÂÍ˒Ò§ã¹թÒ ˵¹ä́ ¾Ç¡ĪµΗ áÅÐÍ˒Ò§ҽ¹...#$b#¹ÒÂàʫ¹ՁÂ... ĉ¹ʁàʛ¹¤¹¢Í§¸ÃÃÁªÒŵ àËȑÍ¹ā¹ ¹ÒÂ¨ÐàƳÂ¡àÃÒ˗Ò '¹¡áººàƤÂÇā¹' ŇÒÍÐäÃàËȑÍ¹æ ā¹ʁä˴¹Ð$h#$b#á˅ ĉ¹áʱע¹àҳÍÂæ... áÅÐĉ¹ʁÍÂÒ¡¨ÐÁÍº ¤ÇÒÁړԷ§ËÁ´чĉ¹ä˴àƳÂ¹ÁÒ ã̋ã¤Ãċ¡¤¹ʱÍ¹чĉ¹ ¨Ð¨Ò¡ä»...$s#$b#ƵâÍ... ¹ÒÂ¨Ð¡ĥºä»āº¾Ç¡àÃÒՁÂ?\"/emote Leo 16/speak Leo \"»... ä»¨Ò¡à¡ÒÐËÃÍ?$u\"/pause 600/speak Willy \"ĉ¹¾Ò¹ÒÂ¡ĥºÁÒàђÂÁчщ àұÍäË˓ʁä˴ÍԒá̅ÇˉÒ!$h#$b#á˅ à˨ÒËɩ.... ¹ÒÂÍԒчщµÅÍ´ä»äˑä˴ËÃÍ¡...#$b#¹ÒÂړՁÂ чι¹Ʊàʔ¡¤¹ҽ¹˴ÇÂ¹Ð ĉ¹ρ¹ã¨˗Ò¾Ç¡à¢Ò ˵Í§ÍÂÒ¡à¨Í¹ÒÂáˉæ...\"/shake Leo 500/pause 700/speak Leo \"àʔ¡... àʔ¡¤¹ҽ¹?$u\"/faceDirection Leo 3/pause 500/faceDirection Leo 2/speak Willy \"Ť´˗Òä§˕Ð @?\"/pause 400/quickQuestion #ĉ¹˗Òġ¹àђÂÁä»àÅÂ#à¢Ò¤ÇÃÍԒчщ#á̅Çá˅ƵâÍƊ...(break)pause 400\\emote Willy 32\\speak Linus \"àÍÒ˕Ð Í˒ÒȕÁ¹Ð˗Ò... ƵâÍàʛ¹¤¹ĕ´Ɗ¹ã¨àҳÍ§׉...\"\\pause 500(break)pause 100\\emote Willy 28\\speak Linus \"ĉ¹àˢÒã¨˗Òчщ ǴÍ˺Ò¹¢Í§ƵâÍ$s\"\\move Linus -1 0 0\\speak Linus \"...ġ¹ÂÒ¡ч¨ÐÂÍÁã̋ àš´¡ÒÃà»ѕÂ¹á»Å§ á˅ºÒ§¤Ճ§ġ¹ʁ˵Í§ŇÒ àҮÍЪ§чƤчɊ´#$b#á˅¡ÒÃĕ´Ɗ¹ã¨... ʁĢ§àʛ¹¢Í§ƵâÍÍԒƤ\"(break)faceDirection farmer 1\\pause 400/faceDirection Leo 3/pause 400/faceDirection Leo 2/emote Leo 40/speak Leo \"¼Á... $u#$b#¼Á¨Ðä»...\"/emote Willy 32 true/pause 400/textAboveHead Linus \"ÂÍ´àÅÂ!\"/pause 2000/faceDirection Leo 1 true/pause 100/faceDirection Leo 0/pause 300/emote Leo 28/pause 500/speak Leo \"á˅... ¤ÃÍº¤ģÇ¢Í§¼Á...$s\"/playMusic ocean/pause 2000/playSound parrot_squawk/pause 600/emote Leo 8/pause 700/playSound parrot_squawk/specificTemporarySprite BoatParrot/pause 2000/faceDirection Leo 3/jump Leo/pause 500/faceDirection farmer 3/faceDirection Linus 3 true/faceDirection Willy 3/pause 1000/speed Leo 4/move Leo 0 1 3/move Leo -1 0 3/pause 2000/specificTemporarySprite BoatParrotSquawk/pause 500/specificTemporarySprite BoatParrotSquawkStop/pause 600/specificTemporarySprite BoatParrotSquawk/pause 500/specificTemporarySprite BoatParrotSquawkStop/pause 1000/emote Leo 20/pause 500/speak Leo \"à¸ÍºÍ¡˗Ò...\"/pause 500/playMusic CloudCountry/faceDirection Leo 2/speak Leo \"à¸ÍºÍ¡˗Ò¾Ç¡¹¡áˡÇȷ¡ĕÇ Ƥã¨āº¼Á#$b#...áÅÐ¾Ç¡à¢Ò˵Í§¡ÒÃã̋¼Á àУÁº·ãËˑ¢Í§ƚƇµ ÍÐäÃʁµÒÁч¨ÐŉÒ¼Áä»...\"/pause 500/faceDirection Leo 3/speak Leo \"á̅Çäˑ˗ÒÍÐäÃ¨Ðàš´ע¹... ¾Ç¡à¢Ò.. ¨Ðàʛ¹¤ÃÍº¤ģÇ¢Í§¼Á... µÅÍ´ä»\"/pause 400/specificTemporarySprite BoatParrotSquawk/pause 500/specificTemporarySprite BoatParrotSquawkStop/pause 1000/specificTemporarySprite BoatParrotLeave/pause 500/speed Leo 4/move Leo 2 0 0/faceDirection farmer 0/faceDirection Linus 0 true/faceDirection Willy 0 true/textAboveHead Leo \"̪ÒÂºÒÂ!\"/pause 5400/faceDirection Leo 1 true/pause 100/faceDirection Leo 2/emote Leo 40/pause 500/jump Leo/pause 500/speak Leo \"¼Á¾̃ÍÁá̅Ç!$h\"/faceDirection farmer 1/emote farmer 32 true/emote Willy 32 true/pause 1000/faceDirection Leo 3/pause 400/fade/viewport -1000 -1000/pause 1300/message \"ڌÁÒãËˑá˛§ɋºà¢Ò...\"/pause 1200/message \"ɤàËȑÍ¹˗Ò àȑÍ§׉¨Ðàŵºâµע¹ Ź´ËˉÍÂ¹Ð!\"/pause 1000/end Leo",
        "PlayerKilled": "none/-100 -100/farmer 13 33 2 {0} 15 33 3/pause 1500/showFrame 5/message \" ...{2}?\"/pause 1000/message \" {2} ҥ¹Ɗ!\"/viewport 13 33 clamp true/pause 1000/speak {0} {1}/showFrame 0/pause 1000/emote farmer 28/minedeath/end"
    }
}
