{
    "header": {
        "target": "w",
        "formatVersion": 5,
        "hidef": true,
        "compressed": 128
    },
    "readers": [
        {
            "type": "Microsoft.Xna.Framework.Content.DictionaryReader`2[[System.String, mscorlib, Version=4.0.0.0, Culture=neutral, PublicKeyToken=b77a5c561934e089],[System.String, mscorlib, Version=4.0.0.0, Culture=neutral, PublicKeyToken=b77a5c561934e089]]",
            "version": 0
        },
        {
            "type": "Microsoft.Xna.Framework.Content.StringReader",
            "version": 0
        }
    ],
    "content": {
        "6497421/e 6497423/f Leo 1000/w sunny/t 600 1800/Hl leoMoved": "/19 14/farmer 18 19 0 Leo 19 13 0/playMusic tropical_island_day_ambient/skippable/move farmer 0 -5 0/pause 1500/playSound parrot/shake Leo 500/pause 250/playSound batScreech/faceDirection farmer 2 true/startJittering/animate farmer false false 1000 94/jump farmer 8/pause 250/faceDirection Leo 2 true/animate Leo false false 1000 16/shake Leo 500/jump Leo 8/pause 250/stopJittering/faceDirection farmer 0 true/pause 3000/speak Leo \"¢Íâ·É¹Ð...$u\"/speak Leo \"¼ÁǙ¡äˑÍÍ¡˗Ò ¡ÒÃɮ´áºº»¡ŵ... ġ¹àʛ¹Ģ§ä§...$s\"/pause 500/emote Leo 40/pause 1000/speak Leo \"Ȥ³Ť´˗Ò¼Á»ÃÐËÅÒ´ ãʺՁÂ˕Ð?$s\"/quickQuestion #äˑàÅÂċ¡Ź´#ʁŹ´ËˉÍÂá˅ĉ¹Ū¹á̅Ç˕Ð#(̃Í§á¡̷¡àƺÂ§Ĕ§)(break)pause 250\\speak Leo \"¢ÍºȤ³чɮ´áººԹ¹¹Ð\"(break)pause 250\\speak Leo \"¢Íºã¨ ¼ÁʁŪ¹āºȤ³àËȑÍ¹ā¹!$h\"(break)pause 250\\startJittering\\playSound parrot\\pause 250\\stopJittering\\pause 250\\speak Leo \"àÎÐæ... Ȥ³ŇÒġ¹ä˴ƤàÅÂ!$h\"/viewport move 0 -1 4000/pause 500/faceDirection Leo 1 true/pause 500/faceDirection Leo 0 true/pause 1000/playMusic sad_kid/pause 4000/speak Leo \"ºÒ§¤Ճ§¼ÁʁÊ§ĪÂ¹Ð ˶Ò¼Áäˑɦ¡¤ҵ¹ċ´ÁÒчà¡ÒÐ׉ ƚƇµ¼Á¨Ðàʛ¹Ģ§ä§...$s\"/pause 3000/speak Leo \"¡ĥº˺Ò¹à¶ÍÐ ¼ÁäˑÊ¹ã¨¾Ç¡¹¡àˇÒäË˓ ¼Áäˑà¤ÂŤ´¨Ðğ§˗Ò ¾Ç¡ġ¹ɮ´ÍÐäÃ˺Ò§$s\"/pause 1000/emote Leo 40/pause 2000/speak Leo \"¼ÁŤ´˗Òι¹¤§»¡ŵŚÒËģº... àʔ¡»¡ŵ$s\"/pause 1000/faceDirection Leo 1 true/pause 1000/speak Leo \"¼ÁÊ§ĪÂ˗Ò... àʔ¡»¡ŵ¨Ðɮ´ǖ§¼Á Ģ§ä§ā¹¹Ð...$s\"/pause 1000/emote Leo 40/pause 1000/faceDirection Leo 2 true/pause 500/speak Leo \"Ȥ³Ť´˗Ò¼Á¨Ð¡ĥºä» àʛ¹àʔ¡»¡ŵä˴ՁÂ?$s\"/question null \"#ä˴Ɗ#äˑä˴ËÃÍ¡#ʁÍÒ¨¨Ð...\"/pause 1000/speak Leo \"țÁÁÁÁÁ... ¼Á˗ÒȤ³ɮ´ɦ¡¹Ð$u\"/speak Leo \"àÍÒà¶ÍÐ ǖ§áººԹ¹¡ÒÃã˪ƚƇµ ÍԒº¹à¡ÒÐ׉ʁŇÒã̋¼Á Ʊ»ÃÐÊº¡ÒÃ΃ÁÒ¡ÁÒÂ чàʔ¡»¡ŵäˑƱ·Ò§ä˴ĪÁĜÊ$h\"/pause 1000/faceDirection Leo 0 true/pause 500/speak Leo \"˶Òäˑãʺ¾Ç¡¹¡áˡÇ˕Ðʁ... ã¤Ã¨Ðړ˗Ò ¨Ðàš´ÍÐäÃע¹āº¼Á\"/pause 500/emote Leo 32/pause 500/speak Leo \"¼ÁƤã¨чà¨Í¾Ç¡ġ¹¹Ð ¼ÁŤ´˗Ò¾Ç¡ġ¹àʛ¹¤ÃÍº¤ģÇ ÁÒâ´ÂµÅÍ´ ǖ§ι¹¨ÐŇÒã̋¼Á ɤá»Å¡Ź´ËˉÍÂʁàËÍÐ $h\"/pause 500/viewport move 0 1 4000/pause 100/faceDirection Leo 2 true/move Leo 0 1 2/pause 250/faceDirection Leo 3/faceDirection farmer 1/pause 3000/speak Leo \"Ģ§ä§ʁµÒÁ ¢ÍºȤ³чȤÂāº¼Á¹Ð @ \"/pause 500/speak Leo \"äˑáˉ˗Òċ¡ħ¹ Ȥ³¨Ð¡ÅÒÂàʛ¹˚Ç¹Ëѹ§ ã¹¤ÃÍº¤ģÇ¢Í§¼ÁàËȑÍ¹ā¹ ƎƎ$h\"/pause 1000/faceDirection Leo 2 true/pause 1000/speak Leo \"ÁÒ ¼Á¨ÐÊÍ¹Ȥ³ɮ´ĴÒ˗Ò \"ÁÒà˕¹ā¹à¶ÍÐ\" àʛ¹ÀÒÉÒ¹¡áˡÇ!\"/pause 500/viewport move 0 1 99999/pause 500/playSound parrot/animate Leo false false 1000 17/shake Leo 1000/pause 2000/faceDirection farmer 2 true/startJittering/playSound parrot/pause 250/stopJittering/globalFade/viewport -5000 -5000/end"
    }
}
