{
    "header": {
        "target": "w",
        "formatVersion": 5,
        "hidef": true,
        "compressed": 128
    },
    "readers": [
        {
            "type": "Microsoft.Xna.Framework.Content.DictionaryReader`2[[System.String, mscorlib, Version=4.0.0.0, Culture=neutral, PublicKeyToken=b77a5c561934e089],[System.String, mscorlib, Version=4.0.0.0, Culture=neutral, PublicKeyToken=b77a5c561934e089]]",
            "version": 0
        },
        {
            "type": "Microsoft.Xna.Framework.Content.StringReader",
            "version": 0
        }
    ],
    "content": {
        "18/f George 1500/p George": "sadpiano/17 17/farmer 10 19 1 George 18 17 0/skippable/emote George 12/speak George \"Ǯºººº.... ĉ¹ËƂºġ¹äˑǖ§!$u#$b#˶Òĉ¹äˑä˴ι§ ÍԒº¹Ã¶àʂ¹˺Òæ щ˕Ðʁ¹Ð...$s\"/move farmer 4 0 0/move farmer 0 -2 0/move farmer 3 0 0/pause 500/showFrame 15/pause 500/pause 500/playSound Ship/pause 500/stopAnimation farmer/faceDirection farmer 1/faceDirection George 3/showFrame 35/pause 500/playSound coin/pause 300/stopAnimation farmer/pause 500/speak George \"¢Íºã¨ ˎÍËәÁ^¢Íºã¨ áˑËɩ\"/pause 800/speed George 1/faceDirection George 2/pause 500/move George 0 1 2/faceDirection farmer 2/pause 1000/speak George \"*à̎Í*...ġ¹ʁˌÒ¹ÁÒ 30 ¡˗Òƫá̅Ç˕Ð$s#$b#µÍ¹Թ¹ĉ¹ŇÒ§Ò¹ã¹àËȑÍ§ àÃÒÍԒã¹ʺÇ§ã¡̅ ч¨Ðàƅ¡§Ò¹¾ÍƤ á˅ġ¹Ģ§àËȕÍ§Ò¹֊¹Ɋ´˷ÒÂ ¢Í§ħ¹чĢ§¨Ð˵Í§ŇÒÍԒ #$b#ĉ¹˵Í§àˢÒä» ŵ´Ե§ÃÐàź´ä´¹ÒäÁ· á˅ĉ¹Ĕ¹ҵ¹̅Áà¾ÃÒÐä»ÊÐȴ´ ÃÍÂáµ¡¢Í§Ƌ¹ ä´¹ÒäÁ·чàÍÒä»˴ÇÂ àÅÂµ¡¡ÃÐá·¡خ¹\"/pause 800/speak George \"¨Ò¡Թ¹Ъ§˅Íä»чĸÒä˴ǴÍ ĉ¹ҥ¹ÁÒã¹âÃ§¾ÂÒºÒÅ... áÅÐ¾Ç¡à¢ÒºÍ¡˗Ò ĉ¹äˑÊÒÁÒÃ¶àŴ¹ä˴ ƽ¡˅Íä»á̅Ç\"/faceDirection George 3/speak George \"ړá̅ÇƊ¹Ð à¸ÍÍÒ¨¨ÐŤ´˗Ò ĉ¹áʱàš¹¨¹àŴ¹äˑä˴#$b#ÍÂÒ¡ã̋ړä̇¹Ð ĉ¹˗Í§äÇ¡˗Òäʱ¡ÒчäË¹ƽ¡ ˶Òäˑä˴»ÃÐÊºɍĚŵàËȵι¹!\"/faceDirection George 2/speak George \"...\"/move farmer 0 1 1/pause 1700/speak George \"¹ÒÂƤāºĉ¹ÁÒ¡æ àÅÂˎÍËәÁ ĉ¹«Òº׫§¨ƃ§æ^à¸ÍƤāºĉ¹ÁÒ¡àÅÂÊÒÇ˹ÍÂ ĉ¹«Òº׫§¨ƃ§æ#$b#˅Íä»àұÍà¸ÍáʱĕÇä» à¸Í¨ÐʴÍÂæ ȕÁ¤¹чàʛ¹˛Ç§à¸ÍƧÅÐ¤¹æ\"/pause 800/faceDirection George 3/pause 1000/end",
        "19/f Evelyn 1000/p Evelyn": "jaunty/3 17/farmer 8 19 3 Evelyn 3 17 0/skippable/move farmer -5 0 0/move farmer 0 -1 0/emote farmer 8/faceDirection Evelyn 2/speak Evelyn \"â̍! @! à¸ÍıÒĥ§Ê§ĪÂãʺՁÂ̘Ð ˗Òġ¹ǴÍ¡Х¹ÍÐäÃ?#$b#ŇÒäÁˉÐàËÃÍ àʛ¹ĴÒ¶ÒÁчƤÁÒ¡æàÅÂ à¾ÃÒÐÂÒÂıÒĥ§ÍºȤ¡ֱ ɺµÃчƤчɊ´¢Í§ÂÒÂÍԒä§˕Ð!$h\"/emote farmer 16/speak Evelyn \"щä§ ÅÍ§ċ¡֊¹äËÁ?\"/faceDirection Evelyn 0/pause 600/playSound clank/pause 600/faceDirection Evelyn 2/pause 900/farmerEat 223/pause 2000/stopAnimation farmer/faceDirection farmer 0/speak Evelyn \"$q 51 null#ġ¹àʛ¹Ģ§ä§˺Ò§?#$r 51 100 Event_cookies1#ġ¹Í˓ÍÂÁÒ¡àÅÂ!#$r 51 -100 Event_cookies2#ġ¹áʂ§ä»ËˉÍÂ¹Ð\"/playMusic none/speak Evelyn \"ÂÒÂ˗Ò ÂÒÂ¨ÐºÍ¡à¸Í àбÂÇāºɺµÃȤ¡ֱ á˅à¸Í˵Í§Ī­­Ò˗Ò ¨Ðàʁºġ¹àʛ¹¤ÇÒÁĥº¹Ð$h\"/playSound reward/message \"àƳÂ¹ړƇƨ¡ÒÃŇÒ 'Ȥ¡ֱ (Cookies)'\"/addCookingRecipe Cookies/end",
        "21/f Alex 1250/p Alex": "sadpiano/12 5/farmer 10 11 0 Alex 13 5 0/skippable/pause 500/speak Alex \"*¶Í¹ËÒÂã¨*$s\"/doAction 10 9/move farmer 0 -5 1/move farmer 3 0 0/pause 500/faceDirection Alex 2/pause 600/speak Alex \"â̍ ÊħÊƤ @$s\"/faceDirection Alex 0/move farmer 1 0 0/move farmer 0 -1 3/emote farmer 8/pause 500/emote Alex 28/speak Alex \"ɤËę§ȚÍ¾Ç¡Թ¹Ɗ ĉ¹äˑà¤Â˝Ò¹ġ¹àÅÂ á́á˅à˕ÁàƤÂÇ áʴŤ´˗Ò¨Ð˵Í§àŻ´ġ¹˝Ò¹ ʁŇÒàÍÒĉ¹»Ç´īÇá̅Ç$s#$b#á˅à¸ÍäˑÊÒÁÒÃ¶ã˪ƚƇµ ã̋Ƥä˴˶ÒäˑƱ¤ÇÒÁړ˕Ð¹Ð...$s\"/faceDirection Alex 1/speak Alex \"$q 57 null#ĉ¹щġ¹ä̃ʴÒ¨ƃ§æ...$s#$r 57 0 Event_books1#˺ÒˉÒ à¸Í©ÅÒ´ÍÍ¡¨ÐµÒÂ!#$r 57 50 Event_books2#¤¹àÃÒƱȨ´˝Í¹Ȩ´áʂ§˅Ò§ā¹#$r 57 -50 Event_books3#ä̃ʴÒ? ȝÁġ¹¤§»ÃÐÁÒ³Թ¹áËÅÐ\"/faceDirection Alex 0/pause 1000/emote Alex 16/speak Alex \"àђÂÁ ԧ¹ĉ¹¨ÐäˑÂÍÁá˾!$a\"/faceDirection Alex 1/speak Alex \"˶Òĉ¹¾ÂÒÂÒÁ ĉ¹˵Í§ŇÒä˴ȷ¡Í˒Ò§áˉ¹Í¹!\"/jump farmer/pause 800/speak Alex \"à̎ ºÒ§ƧàÃÒˉÒ¨Ðä»ËÒäÃš¹ á̅ÇȤÂàҳÍ§à˝Í ....»-»ģª-ªÐ­Ò Թ¹äˑãʺЪ§ч¤¹àʱ§æ ªÍºɮ´ā¹ËÃÍ¡àËÃÍ?$h\"/faceDirection farmer 2/animate farmer false true 100 102 103/pause 2000/globalFade/viewport -1000 -1000/stopAnimation farmer/end",
        "2119820/f Alex 1500/p Alex": "jaunty/-1000 -1000/farmer 10 10 0 Alex 13 6 2/skippable/showFrame Alex 28/animate Alex false true 100 28 29 30 31 32 32 31 30 29 28/viewport 13 6 true/pause 6500/stopAnimation Alex/pause 1000/doAction 10 9/move farmer 0 -3 1/move farmer 2 0 0/showFrame Alex 34 true/animate Alex false false 100 28 33 34/pause 600/speak Alex \"â̍! à̎... ĉ¹ıÒĥ§ÍÍ¡ıÒĥ§¡ÒÂÍԒ¾ÍƤ ġ¹àʛ¹š¨ħµÃ¢Í§ĉ¹ˉÐ$6#$b#... ¢Íâ·ÉƧ¹Ð чäˑä˴ã˚àغÍ$6\"/pause 1000/emote Alex 40/speak Alex \"à˝Í... @? ĉ¹ƱàҳÍ§¨ÐºÍ¡à¸Í àбÂÇāºÍÐäÃºÒ§Í˒Ò§ˉÐ...$8\"/emote farmer 8/pause 1000/speak Alex \"ĉ¹àУÁŤ´æ ɤá̅ÇàҳÍ§... à˝Í чĉ¹ŇÒĕÇäˑƤāºà¸Í á˅ʱÍ¹ˉÐ áÅÐã¹ËÅÒÂæ àҳÍ§$8\"/pause 1000/showFrame Alex 33/pause 1000/speak Alex \"ĉ¹à´Ò˗Òĉ¹ÍÒ¨¨Ðɦ¡ĕ´ÍÍ¡ ¨Ò¡¡ÒÃĄ´ę¡ƑÌÒȑÍÍÒƚ¾... ġ¹àʛ¹ ¤ÇÒÁĝ¹¢Í§ĉ¹àÅÂ¹Ð... à¸Íړǣà»˕Ò?$8#$b#Ģ§ä§ʁµÒÁ... ĉ¹˵Í§¢Íâ·É˴ÇÂ¹Ð чªÍºâ̍ÍÇ´ áÅÐŇÒĕÇˉÒœÒ¤Ò­ˉÐ ĉ¹¢ÍºȤ³à¸Í¨ƃ§æ ч¤ÍÂÍԒàʛ¹àҮÍ¹ĉ¹ ˍÒğ¹ȷ¡Ъ§ÁÒ˴ÇÂā¹$6\"/move farmer 1 0 0/pause 1000/jump farmer/pause 800/showFrame Alex 34/pause 800/emote Alex 32/pause 1200/showFrame Alex 29/pause 100/showFrame Alex 28/pause 100/showFrame Alex 29/pause 100/animate Alex false true 50 30 31 32 32 31 30/pause 3000/globalFade/viewport -1000 -1000/end",
        "56/f Harvey 500/p George": "jaunty/16 18/farmer 9 24 0 George 16 18 1 Harvey 15 18 1/skippable/move farmer 0 -4 1/move farmer 1 0 1/speak Harvey \"âÍà¤¨ÍΓ¨ ¼ÁÍÂÒ¡ã̋Ȥ³ËÒÂã¨àˢÒǥ¡æ\"/pause 700/speak Harvey \"ȝÁÁÁ... ī¹Ëĥ§ËˉÍÂ¤ģº\"/pause 300/faceDirection George 2/faceDirection George 3/speak Harvey \"¨ÍΓ¨ ¼Á¨ÐºÍ¡Ȥ³µÃ§æ àÅÂ¹Ð àҮÍɊ¢ÀÒ¾чƤ Ȥ³¨Ð˵Í§»ģºà»ѕÂ¹ŹĪÂ ºÒ§Í˒Ò§¢Í§Ȥ³á̅Ç˕Ð#$b#¼ÁÍÂÒ¡ã̋Ȥ³ Å´¡ÒÃš¹àʄÁÅ§ËˉÍÂ áÅÐ¾ÂÒÂÒÁÍÍ¡ıÒĥ§¡ÒÂ á¢¹¢Í§Ȥ³˺Ò§\"/emote George 12/speak George \"ȝÁÁÁÁ... ĉ¹ړˉÒ˗ÒÍÐäÃƤŚÒËģºĉ¹ Ť´˗Ò¹ÒÂàʛ¹ã¤Ãā¹ ÁÒº§¡ÒÃƚƇµĉ¹ã̋ŇÒι¹щ?\"/pause 500/speak Harvey \"¼Áàʛ¹ËÁÍ ч˵Í§¤ÍÂɤáÅȤ³¹Ð¨ÍΓ¨ Թ¹áËÅÐч¼Áàʛ¹...#$b#áÅÐ¼ÁÍÂÒ¡¨Ðàʛ¹ËÁÍ чÍÂÒ¡¤ÍÂʺÇÂàËȕÍڌ¤¹ ã̋ƱɊ¢ÀÒ¾ƤÁÒԵ§á˅ 8 ¢Çºá̅Ç\"/move farmer 0 -1 1/move farmer 5 0 0/faceDirection Harvey 2 true/faceDirection George 2/speak Harvey \"â̍!#$b#¼Á¢Íâ·ÉƧ á˅à¸Íäˑ¤ÇÃ¨Ð ÁÒÍԒã¹׉¹Ð... ġ¹¤ÇÃч¨Ðàʛ¹ àÇÅÒ˚Ç¹ĕÇĪ¡ËˉÍÂ\"/faceDirection farmer 3/speak George \"äˑàʛ¹äÃËÃÍ¡! ĉ¹ıÒĥ§ÍÂÒ¡ä˴¤ÇÒÁàʫ¹ ¨Ò¡ˎÍËәÁ¾ÍƤ^äˑàʛ¹äÃËÃÍ¡! ĉ¹ıÒĥ§ÍÂÒ¡ä˴¤ÇÒÁàʫ¹ ¨Ò¡ÊÒÇ˹ÍÂ¾ÍƤ\"/faceDirection farmer 1/speak Harvey \"ʁƤ...\"/speak Harvey \"$q 84 null#@ à¸ÍŤ´˗Ò¨ÍΓ¨¤ÇÃŇÒĢ§ä§?#$r 84 40 event_george1#¨ÍΓ¨ ¤ÇÃŇÒµÒÁĴÒá¹ÐŉÒ ¢Í§ËÁÍÎÒΓƷΒ#$r 85 -40 event_george2#¨ÍΓ¨ړ˗Ò ÍÐäÃƤŚÒËģºĕÇàˤÒàÍ§\"/faceDirection Harvey 1/faceDirection George 2/emote George 28/speak George \"ʁä˴ ĉ¹¨ÐŇÒµÒÁчȤ³ºÍ¡ Ȥ³ËÁÍ\"/pause 500/faceDirection Harvey 2/speak Harvey \"$p 84#¢ÍºȤ³чʺÇÂ¹Ð @  ĉ¹¢ÍºȤ³¨ƃ§æ$h|ġ¹äˑƤàÅÂ ч¨Ðã̋¤¹äˢƥ¤ÇÒÁä»àÍ§ ĴÒɮ´ĉ¹ρ¹ʴÍ¹ˢÒ§¨Ð§§æ ĸÒàÍÒä̇˕Ð @\"/end",
        "5837189/n georgeGifts": "jaunty/-1000 -1000/farmer -100 -100 02 George 18 19 2 Evelyn 3 17 0/skippable/animate George false true 400 0 20/positionOffset George 0 -16/specificTemporarySprite staticSprite LooseSprites\\\\Cursors2 114 241 14 15 17 17/specificTemporarySprite staticSprite LooseSprites\\\\Cursors2 114 241 14 15 19.5 18.5/specificTemporarySprite staticSprite LooseSprites\\\\Cursors2 114 241 14 15 16.5 18/specificTemporarySprite staticSprite LooseSprites\\\\Cursors2 114 241 14 15 20 17/specificTemporarySprite staticSprite LooseSprites\\\\Cursors2 114 241 14 15 19 17/specificTemporarySprite staticSprite LooseSprites\\\\Cursors2 103 243 10 13 18.5 19.5/specificTemporarySprite staticSprite LooseSprites\\\\Cursors2 114 241 14 15 17.25 20.6/specificTemporarySprite staticSprite LooseSprites\\\\Cursors2 114 241 14 15 17 21/specificTemporarySprite staticSprite LooseSprites\\\\Cursors2 114 241 14 15 17.5 21/specificTemporarySprite staticSprite LooseSprites\\\\Cursors2 103 243 10 13 15 18/specificTemporarySprite staticSprite LooseSprites\\\\Cursors 288 1231 16 16 17 19 998/viewport 18 19 true/pause 5000/warp farmer 9 24/playSound doorClose/move farmer 0 -4 1/move farmer 4 0 1/stopAnimation George/faceDirection George 3/speak George \"@? щġ¹ËÁÒÂ¤ÇÒÁ˗ÒĢ§ä§ā¹...#$b#ġ¹ǴÍ¡ÒÃá¡̅§˺ÒºÍ ÍÐäÃċ¡Í˒Ò§ǣà»˕Ò?\"/pause 500/quickQuestion #¾Ç¡àÃÒÍÂÒ¡áÊ´§¤ÇÒÁ׫§ã¨ã̋àʫ¹ˉÐ#ÀÃÃÂÒ¢Í§Ȥ³àʛ¹¤¹ŇÒáËÅÐ#ʺÒÂ ʁá¡̅§ι¹áËÅÐ(break)playMusic none\\pause 1000\\positionOffset George -4 0\\playSound Cowboy_Footstep\\pause 500\\positionOffset George -4 0\\playSound Cowboy_Footstep\\pause 500\\positionOffset George -4 0\\playSound Cowboy_Footstep\\pause 500\\specificTemporarySprite georgeLeekGift\\specificTemporarySprite removeSprite 998\\playSound Ship\\pause 800\\showFrame George 21\\playSound coin\\playMusic echos\\pause 1000\\speak George \"˵¹ËÍÁ... $s\"\\pause 1000\\speak George \"¢Í§â»Ã´¢Í§ĉ¹... àËȑÍ¹чáˑ¢Í§ĉ¹ŇÒã̋ àұÍËÅÒÂƫʱÍ¹...\"\\pause 2000\\showFrame George 0\\faceDirection George 2\\speak George \"ҎÁÁ ǴÍ...\"\\emote George 40\\showFrame George 16\\pause 500\\speak George \"ǴÍ... ι¹... ҎÁ#$b#ºÒ§Ƨĉ¹¤§¨Ðäˑä˴ɦ¡ȕÁ ËȓÍâ´¹àƁ¹ã˚ Í˒Ò§чŤ´...$s\"\\faceDirection George 3\\speak George \"¢Íºã¨¹Ð ä̍ɵ¡ªÒÂ$h^¢Íºã¨¹Ð áˑËɩ$h#$b#à¸ÍŇÒã̋ħ¹׉¡ÅÒÂàʛ¹ħ¹Ƥæ ¢Í§ªÒÂáʱæ ¤¹Ëѹ§$h\"\\pause 500\\emote farmer 32(break)playMusic none\\pause 300\\jump George\\pause 1000\\speak George \"˞Ò! àÍàÇÍƅ¹Ť´˗Ò¨Ð ËÅÍ¡ĉ¹ä˴Í˒Ò§Թ¹ËÃÍ!\"\\pause 500\\faceDirection George 2\\pause 400\\showFrame George 16\\pause 600\\speak George \"à¸ÍŤ´˗Ò¨ÐËÅÍ¡ĉ¹... ã̋Ť´˗Ò ĉ¹àʛ¹ÍÐäÃÁÒ¡¡˗Ò ¤¹ž¡ÒÃƊ¹Ð$s\"\\stopAnimation George\\faceDirection George 3\\speak George \"à̋ÍÐ ĉ¹ړÁÒ¡¡˗ÒԹ¹...\"\\pause 400\\faceDirection George 1\\speak George \"Ƨ׉ʁ ƳºäÊīÇä»«Ð!$u\"\\emote farmer 28(break)playMusic none\\pause 300\\jump George\\pause 1000\\speak George \"˞Ò! щàʛ¹ä̍¾Ç¡ֲá¡Å§ãʺՁÂ?\"\\emote George 40\\playMusic playful\\speak George \"ÎÐ˞Ò... щړÍÐäÃՁÂ àұÍʱÍ¹ĉ¹ʁàʛ¹ ¾Ç¡ֲá¡̅§àËȑÍ¹ā¹$h\"\\faceDirection George 2\\speak George \"àÍÒ˕Ð Í˒Ò§˹ÍÂà¸Íʁ ŇÒã̋ĉ¹īÇàÃÒÐä˴˕Ð¹Ð$h\"\\pause 2000\\faceDirection George 3\\emote George 8\\speak George \"ÍÐäÃ щà¸ÍŤ´˗Ò ĉ¹¨ÐàŻ´ġ¹ËÃÍ?\"\\jump George\\pause 1000\\speak George \"˞Ò! äˑƱ·Ò§«ÐËÃÍ¡ à¸ÍŤ´˗Òĉ¹¨Ðŵ´āºɁ¡àʱÒæ Í˒Ò§ '¢Í§¢ħ­ÃÐàź´' ԧ¹ËÃÍ?\"\\faceDirection George 2\\speak George \"ä̍¾Ç¡׉¨Ðäˑä˴ä»чäË¹ ¹Í¡¨Ò¡Է§¢ÂÐ!\"\\pause 300\\faceDirection farmer 2 true\\showFrame farmer 94\\jump farmer/pause 2000/end"
    }
}
