{
    "header": {
        "target": "w",
        "formatVersion": 5,
        "hidef": true,
        "compressed": 128
    },
    "readers": [
        {
            "type": "Microsoft.Xna.Framework.Content.DictionaryReader`2[[System.String, mscorlib, Version=4.0.0.0, Culture=neutral, PublicKeyToken=b77a5c561934e089],[System.String, mscorlib, Version=4.0.0.0, Culture=neutral, PublicKeyToken=b77a5c561934e089]]",
            "version": 0
        },
        {
            "type": "Microsoft.Xna.Framework.Content.StringReader",
            "version": 0
        }
    ],
    "content": {
        "50/f Leah 500/p Leah": "breezy/9 8/farmer -50 -50 0 Leah 3 7 3/skippable/animate Leah false true 100 16 17 18 19 19 19 19 16/pause 100/playSound woodyStep/pause 800/playSound woodyStep/pause 800/playSound woodyStep/pause 800/warp farmer 7 9/playSound woodyStep/playSound doorClose/pause 300/stopAnimation Leah/pause 300/faceDirection Leah 1 true/emote Leah 16/speak Leah \"â̍ ˗Òä§ @! àˢÒÁÒƊàˢÒÁÒ\"/move farmer 0 -2 3/faceDirection Leah 1/move farmer -2 0 3/pause 500/speak Leah \"ĉ¹ıÒĥ§á¡ÐÊĥ¡§Ò¹ »ÃÐŵÁÒ¡ÃÃÁщÍԒ˕Ð\"/pause 300/speak Leah \"ÁÒɤã¡̅æƊ\"/pause 300/move farmer -1 0 3/move farmer 0 -1 0 3/move farmer -1 0 2/faceDirection Leah 3/pause 500/animate Leah false true 100 16 17 18 19 19 19 19 16/pause 100/playSound woodyStep/pause 800/playSound woodyStep/pause 800/playSound woodyStep/pause 800/playSound woodyStep/pause 600/stopAnimation Leah/showFrame Leah 19/speak Leah \"àʫ¹ι¹äËÁ? ĉ¹ıÒĥ§á¡Ð àҮÍ¨Ðã̋àʫ¹àةÍ¢Í§ä́\"/pause 500/showFrame Leah 12/faceDirection Leah 0/speak Leah \"$q -1 null#µÍ¹чàÃÒà¨ÒÐˌÒ¹ à»ȕÍ¡¹Í¡ä»ä˴á̅Ç áʱ¹á˷¢Í§àةÍä́ġ¹¨ÐʴÍÂæ »ÃÒ¡®ÍÍ¡ÁÒ...#$r -1 0 event_sculpt1#ġ¹ʁàËȑÍ¹āºáʱ¹á˷ ¢Í§ڌ¤¹ι¹áËÅÐ#$r -1 0 event_sculpt2#ĉ¹ªÍºä́ºƃɊ·ڸ чäˑˌÒ¹¡ÒÃá¡ÐÊĥ¡ÁÒ¡¡˗Ò#$r -1 -100 event_sculpt3#(ŇÒĕÇˉÒ¢¹Ʌ¡) ĉ¹¢Íɘºà¸Íä˴äËÁ?\"/fork creepySexualPass/faceDirection Leah 3/pause 1500/faceDirection Leah 3/speak Leah \"µÍ¹чĉ¹ÁÒчщ àʛ¹¤Ճ§áÃ¡ ǴÍµÍ¹чĉ¹ÁÒāº ¤ÃÍº¤ģÇˉÐ µÍ¹Թ¹ĉ¹Ģ§àʛ¹ àʔ¡ÊÒÇĕÇàʥ¡æ ÍԒàÅÂ#$b#µÍ¹Թ¹ĉ¹ړǪ¡ä˴àÅÂ ˗ÒĪ¡ħ¹¨Ð˵Í§¡ĥºÁÒ чщã̋ä˴ƽ¡¤Ճ§ à¾ÃÒÐчщˉÐàʛ¹ ччÊÒÁÒÃ¶Ğ²¹Ò Ĩ¡ÂÀÒ¾·Ò§ƈÅ»Ð ä˴Í˒Ò§ƤàÅÂ!\"/faceDirection Leah 3/pause 500/emote Leah 28/speak Leah \"á˅˗Ò Ģ§ƱàҳÍ§ҽ¹ч˵Í§ÂÍÁģº... ¡ÒÃàʛ¹ƈÅŻ¹àщÂ ġ¹äˑʷÒÂàÅÂ ч¨ÐʸÒÂàŧ¹àוÂ§ĕÇàÍ§$s\"/pause 1000/emote farmer 16/faceDirection Leah 0/question fork1 \"#ŇÒäÁäˑÅÍ§ âªΗ§Ò¹ƈÅ»Ð¢Í§à¸Í ã¹àȑÍ§ɤ˕Ð?#ŇÒäÁäˑÅÍ§ àÍÒ§Ò¹ƈÅ»Ð¢Í§à¸Í ä»¢ÒÂã¹ƍ¹à·ÍΓàʙµɤ˕Ð?\"/fork internet/faceDirection Leah 0/speak Leah \"ȞÁÁÁÁ... ğ§ɤˉÒÊ¹ã¨Ƥщĉ¹˗Òι¹ ¤§¨Ðàʛ¹Ȩ´à»ѕÂ¹¢Í§ àȑÍ§à¾ƅá¡¹àÅÂ ч¨Ðä˴¡ÅÒÂÁÒàʛ¹ àȑÍ§чƱà˻ÒËÁÒÂ·Ò§ ƈÅ»Ðâ´Âá˷¨ƃ§...$7\"/faceDirection Leah 3/pause 700/speak Leah \"á˅˗Ò ˶ÒäˑƱã¤ÃªÍº §Ò¹á¡ÐÊĥ¡¢Í§ĉ¹àÅÂ˕Ð ĉ¹¤§ړǪ¡àËȑÍ¹ â´¹º´¢גáˉæ$s\"/pause 500/speak Leah \"...ĉ¹¨Ð¢Íã˪àÇÅÒŤ´ ƽ¡Ī¡Ğ¡ÅÐā¹$s\"/faceDirection Leah 0/speak Leah \"˝Ò ¢ÍºȤ³¹ÐчáÇÐÁÒ @\"/pause 600/move farmer 4 0 2 true/globalFade/viewport -1000 -1000/addMailReceived LeahArtShowSuggestion/end dialogueWarpOut Leah \"§Ò¹âªΗƈÅ»Ðã̋¤¹Է§àȑÍ§ɤ ğ§ɤàʛ¹äÍàƤÂ чã¨¡̅ÒÁÒ¡æ àÅÂ¹Ð @\"",
        "internet": "speak Leah \"ȞÁÁ... ι¹ġ¹ʁäˑàÅÇ¹Ð... á˅Í˒Ò§áÃ¡àÅÂǴÍ ĉ¹˵Í§¡ÒÃ ¤ÍÁžÇàµÍΓ$7\"/addMailReceived LeahInternet/faceDirection Leah 3/emote Leah 28/pause 500/speak Leah \"á¶Áġ¹Ģ§... á¾§ÁÒ¡àÅÂ˴ÇÂ$s\"/pause 1000/speak Leah \"Ģ§ä§ʁà¶ÍÐ áʴÁÒàђÂÁ ʁړǪ¡ƤÁÒ¡á̅Ç...\"/pause 600/move farmer 4 0 2 true/globalFade/viewport -1000 -1000/end warpOut",
        "creepySexualPass": "stopMusic/faceDirection farmer 2/speed Leah 4/move Leah 1 0 0/speed Leah 4/move Leah 0 -1 3/animate Leah false false 100 16 17 18 19/pause 100/playSound ow/playSound clubhit/animate farmer false false 1200 94/positionOffset farmer -8 0/pause 50/positionOffset farmer 8 0/pause 800/stopAnimation farmer/pause 100/end dialogueWarpOut Leah \"...$a\"",
        "51/f Leah 1000/p Leah": "sadpiano/-1000 -1000/farmer 7 9 0 Leah 13 8 0/skippable/showFrame Leah 20/changeMapTile Front 14 7 1453/viewport 12 8/move farmer 0 -1 1/speak Leah \"à¤Å... ¨Ð˵Í§ã̋ĉ¹ºÍ¡ƽ¡б¤Ճ§? ˗Òĉ¹äˑÍÂÒ¡ ¡ĥºä»ã¹àȑÍ§ˉÐ!$8#$b#Ëɂ´â·ÃËÒĉ¹ä˴á̅Ç... ĉ¹äˑÍÂÒ¡ğ§чà¸Íɮ´ƽ¡! *¤ƅ¡*$8\"/playSound openBox/faceDirection Leah 1/changeMapTile Front 14 7 1454/emote Leah 12/pause 1000/move farmer 4 0 1/faceDirection Leah 3/speak Leah \"@...$6\"/pause 300/emote Leah 28/speak Leah \"à¸Í¤§¨Ðä˴Ƃ¹чĉ¹ µÐ¤Í¡ã˚â·ÃĨ¾· á̅ÇƊ¹Ð?$s\"/faceDirection Leah 2/move farmer 1 0 1/pause 1000/playMusic desolate/speak Leah \"ι¹á¿¹àʱÒ¢Í§ ĉ¹àÍ§...$s\"/faceDirection Leah 3/emote farmer 16/pause 600/speak Leah \"ĉ¹˗Òġ¹ʁ äˑä˴àƺÂËÒÂÍÐäÃËÃÍ¡ ч¨Ðà˕Òã̋à¸Íğ§ Ź´ËˉÍÂ...$u\"/pause 500/faceDirection Leah 2/pause 500/speak Leah \"¾Ç¡àÃÒÍÒĨÂÍԒã¹ Í¾ÒΓ·à́¹·àƤÂÇā¹ µÍ¹чÍԒã¹àȑÍ§$u#$b#ĉ¹ŇÒ§Ò¹á»Å¡æ µÍ¹¡ÅÒ§ħ¹ á̅Çã˪àÇÅÒԷ§Ǵ¹ ä»āº§Ò¹ƈÅ»Ð... ¾Ç¡àÃÒÍԒÃÍ´ÁÒä˴ áººËɇ´ËƇ´$u#$b#à¢Òġ¡¨Ðɮ´ָ ã̋ĉ¹¡ĥºä»àƳÂ¹ чâÃ§àƳÂ¹ á̅ÇàƳÂ¹˴Ò¹ȸÃš¨ ËȓÍ˴Ò¹á¾·Β... ÍÐäÃĪ¡Í˒Ò§чŇÒàŧ¹ ä˴àʛ¹ĸÒ¹Ç¹ÁÒ¡$a^à¸Íġ¡¨Ðɮ´ָ ã̋ĉ¹¡ĥºä»àƳÂ¹ чâÃ§àƳÂ¹ á̅ÇàƳÂ¹˴Ò¹ȸÃš¨ ËȓÍ˴Ò¹á¾·Β... ÍÐäÃĪ¡Í˒Ò§чŇÒàŧ¹ ä˴àʛ¹ĸÒ¹Ç¹ÁÒ¡$a#$b#ĉ¹Ť´˗ÒäÍàƤÂԹ¹ ʁˉÒ¨ÐàҮÍàʁºÊÐÊÁàŧ¹ ÁÒã˪ƚƇµÍ˒Ò§¤¹¸ÃÃÁ´Òæ ι¹áËÅÐ Í˒Ò§àʺ¹ ˺Ò¹á¶ÇªÒ¹àȑÍ§ Ʊɵ¡ ¡ÒÃ»ÃÐȪÁڌ»¡¤ÃÍ§... ÍÐäÃŇÒ¹Í§ Թ¹áËÅÐ$u\"/faceDirection Leah 3/speak Leah \"á˅ĉ¹äˑ¾̃ÍÁŚÒËģº ¡ÒÃã˪ƚƇµáººԹ¹˕Ð @... àÅÂáÂ¡ĕÇÍÍ¡ÁÒ áÅÐÁÒã˪ƚƇµÍԒчщ àҮÍã̋¤ÇÒÁĝ¹ ã¹¡ÒÃàʛ¹ƈÅŻ¹ ¢Í§ĉ¹àʛ¹¨ƃ§\"/pause 900/faceDirection Leah 2/speak Leah \"$q 83 null#ι¹ğ§ɤàËȑÍ¹ ĉ¹àʫ¹áʱĕÇäËÁ @?$s#$r 83 0 event_parents1#äˑËÃÍ¡ ġ¹˵Í§¨ºä˴á̅Ç¹Ð#$r 83 0 event_parents2#äˑàÅÂ áÅÐá¿¹àʱÒà¸Í àËȑÍ¹¤¹зàʷÒÁÒ¡æ#$r 83 -20 event_parents3#äˑ á˅ˉÒ¨ÐƤ¡˗Ò ˶Òà¸ÍÍԒÍÍ¡˛Ò§¨Ò¡àȑÍ§#$r 83 -20 event_parents4#ãʺ Ź´Ǚ§¹Ð#$r 83 -20 event_parents5#ãʺ á˅ġ¹ʁàʛ¹àҳÍ§»¡ŵ ч¨Ð˛Ç§ĕÇàÍ§ʱÍ¹\"/faceDirection Leah 3/fork angry/pause 200/fork LeahInternet internet2/fork LeahArtShowSuggestion artShowSuggest/speak Leah \"àÍÒ˕Ð ¢ÍºȤ³ÁÒ¡¹Ð чģºğ§чĉ¹ɮ´ˉÐ ¡ÒÃƱàҮÍ¹щġ¹Ƥ¨ƃ§æ àÅÂ\"/pause 1500/globalFade/viewport -1000 -1000/end dialogueWarpOut Leah \"à̎ ¢ÍºȤ³ÁÒ¡¹Ð чàұÍֱԵ§ã¨ğ§ Ъ§чĉ¹ɮ´ˉÐ\"",
        "584059/f Leah 2000/p Leah/n LeahInternet": "breezy/-1000 -1000/farmer 7 9 0 Leah 12 10 2/skippable/specificTemporarySprite leahLaptop/showFrame Leah 28/positionOffset Leah 0 12/viewport 11 9/move farmer 0 -1 1/move farmer 4 0 2/showFrame Leah 29/speak Leah \"à̎! ÅÍ§ÁÒɤщƊ\"/pause 500/showFrame Leah 28/move farmer 0 2 2/pause 400/speak Leah \"ĉ¹؛Íáʥ»ʗÍ»á̅ÇÅÍ§ Ե§̃Ò¹¢ÒÂ§Ò¹ ƈÅ»ÐÍÍ¹äÅΉɤ˕Ð... àËȑÍ¹чà¸Íà¤Â àÊ¹Íä§˕Ð\"/pause 800/playSound Pickup_Coin15/showFrame Leah 29/pause 400/speak Leah \"ä˴Ƃ¹äËÁ? áÊ´§˗Òã¤ÃºÒ§¤¹ àО§¨Ð؛ÍÍÐäÃºÒ§Í˒Ò§ ä»¨Ò¡̃Ò¹ˉÐ!$h\"/showFrame Leah 28/emote Leah 40/speak Leah \"ȞÁÁ... ¤¹чҚÍ 'Ȥ³à¤ (Mr. K)' щ¤ÍÂ؛Í§Ò¹¢Í§ĉ¹ ä»á·º¨Ðȷ¡§Ò¹ àÅÂ¹Ð$7#$b#ºÒ§ƧÍÒ¨¨Ð àʛ¹¤¹ÃÇÂºÒ§¤¹ чҚ¹ªÍº§Ò¹ƈÅ»Ð ¢Í§ĉ¹àʛ¹žàÈÉ ʁä˴\"/pause 500/playSound Pickup_Coin15/pause 300/emote Leah 16/speak Leah \"̇ÒÇ! ĉ¹¤§äˑ˵Í§ ā§ÇÅàҳÍ§ʴÒä¿˿Ò ä»ƽ¡¹Ò¹àÅÂ Ëĥ§¨Ò¡¢ÒÂġ¹ÍÍ¡ä» ÁÒ¡ÁÒÂ¢¹Ò´Թ¹...$6\"/pause 800/showFrame Leah 29/speak Leah \"Ģ§ä§ʁµÒÁ... ¢ÍºȤ³ÁÒ¡¹Ð чàÊ¹Í¤ÇÒÁŤ´׉ ã̋ĉ¹ˉÐ @ ġ¹ğ§ɤƤɊ´æ ä»àÅÂ˕Ð! ġ¹¨ÐʺÇÂã̋ĉ¹ ŇÒ§Ò¹˴Ò¹ƈÅ»Ð áººàʕÁàÇÅÒ ä˴ƤàÅÂ¹Ð$h\"/showFrame Leah 28/speak Leah \"˝Ò ¢Íâ·ÉƧ¹Ð чäˑä˴Ê¹ã¨à¸ÍˉÐ á˅ĉ¹ĸÒàʛ¹˵Í§»ģº á˅§Ë˹ÒàʧºщËˉÍÂ...$7\"/pause 500/playSound Pickup_Coin15/pause 1000/playSound Pickup_Coin15/globalFade/viewport -1000 -1000/end warpOut",
        "angry": "emote Leah 12/faceDirection Leah 1/speak Leah \"¢Íâ·ÉƧ... ĉ¹äˑ¤ÇÃ¨ÐÍÒÃÁ΃àƺÂ áººԹ¹àÅÂ$s\"/emote Leah 40/speak Leah \"ºÒ§Ƨà¸Í ÍÒ¨¨Ðɮ´ǖ§... ƚƇµ¢Í§ĉ¹ ¤§¨ÐƤ¡˗Ò׉ ˶Òĉ¹ÍÒĨÂ ÍԒчàȑÍ§˅Íä»$u#$b#ºÒ§¤Ճ§ġ¹ʁƤ¡˗Ò ч¨ÐÁÍ§á˅ ¤ÇÒÁàʛ¹¨ƃ§... чĉ¹ρ¹ã¨àÅÂʁǴÍ §Ò¹˴Ò¹ƈÅ»Ð¢Í§ĉ¹ ¤§¨ÐäˑƱħ¹¢ÒÂÍÍ¡áˉæ áÅÐĉ¹ʁ¤§¨Ð ã˪ƚƇµã¹ƫɊ´˷ÒÂ ¢Í§ĉ¹ÍԒāº¤ÇÒÁÁÍ«Í$s\"/pause 500/faceDirection Leah 3/pause 500/speak Leah \"Ģ§ä§ʁà¶ÍÐ ¢ÍºȤ³чģºğ§¹Ð ġ¹ʁàʛ¹àҳÍ§чƤ ч¨ÐƱàҮÍ¹ä̇ ɮ´ȤÂ˴ÇÂ\"/pause 1500/globalFade/viewport -1000 -1000/end warpOut",
        "internet2": "pause 50/speak Leah \"Ëĥ§¨Ò¡Թ¹ÁÒ ĉ¹ʁ¾ÂÒÂÒÁàʁºàŧ¹ àҮÍ؛Í¤ÍÁžÇàµÍΓ ÁÒµÅÍ´àÅÂ... àҮÍч¨Ðä˴ÅÍ§àÍÒ §Ò¹ƈÅ»Ð ä»¢ÒÂã¹ƍ¹à·ÍΓàʙµ àËȑÍ¹чà¸Íà¤Â àÊ¹ÍÁÒä§˕Ð\"/emote farmer 32/speak Leah \"ġ¹Ƥ¨ƃ§æ àÅÂ¹Ð чƱàҮÍ¹ч¤ÍÂ ʺÇÂàËȕÍĉ¹ˉÐ!\"/pause 1500/globalFade/viewport -1000 -1000/end warpOut",
        "artShowSuggest": "pause 50/speak Leah \"Ģ§ä§ʁà¶ÍÐ... ĉ¹ʁŤ´ǖ§§Ò¹âªΗƈÅ»Ð чà¸Íà¤ÂàÊ¹Í ÁÒµÅÍ´àÅÂ#$b#µÍ¹׉ĉ¹ıÒĥ§ ÍÍ¡áºº»ÃÐŵÁÒ¡ÃÃÁ ĭ¹ãËˑч¨Ðã˪áÊ´§ ã¹§Ò¹ÍԒˉÐ... ĉ¹ړǪ¡ā§ÇÅ ÁÒ¡àÅÂ á˅¡ÒÃä˴ŉÒ¼Å§Ò¹ ¢Í§ĉ¹ä»áÊ´§ã¹§Ò¹ Т§ŇÒĉ¹ړǪ¡ҥ¹à˵¹ ÁÒ¡¡˗Òā§ÇÅƽ¡#$b#ĉ¹Ƃ¹Ƥ¨ƃ§æàÅÂ чà¸ÍƱ˚Ç¹˓ÇÁã¹¡ÒÃŇÒã̋ ÊµÒΓŴÇáÇÅѕàʛ¹Ȩ´àУÁ˵¹ ¢Í§Ȩ´ӡ§ËÁÒÂ·Ò§˴Ò¹ƈÅ»Ð @!$h\"/pause 500/end warpOut"
    }
}
