{
    "header": {
        "target": "w",
        "formatVersion": 5,
        "hidef": true,
        "compressed": 128
    },
    "readers": [
        {
            "type": "Microsoft.Xna.Framework.Content.DictionaryReader`2[[System.String, mscorlib, Version=4.0.0.0, Culture=neutral, PublicKeyToken=b77a5c561934e089],[System.String, mscorlib, Version=4.0.0.0, Culture=neutral, PublicKeyToken=b77a5c561934e089]]",
            "version": 0
        },
        {
            "type": "Microsoft.Xna.Framework.Content.StringReader",
            "version": 0
        }
    ],
    "content": {
        "2123243/e 2111194": "EmilyTheme/-1000 -1000/farmer -2000 -2000 0 Emily 7 6 2 Lewis 3 7 1 Clint 11 9 3 Shane 8 8 0 Abigail 7 8 0 Robin 2 9 1/skippable/specificTemporarySprite ClothingTherapy/viewport 5 7 true/pause 2000/speak Emily \"Ƃ¹Ƥ˵Í¹ģºԚ 'àغÍ˼ÒŊÒĚ´ (Clothing therapy)' ˨Ð!\"/faceDirection Abigail 1/emote Robin 8 true/faceDirection Shane 3/pause 500/faceDirection Shane 0/faceDirection Abigail 0/pause 500/speak Emily \"Ȥ³ÍÒ¨Ê§ĪÂãʺՁÂ... ˗ÒàغÍ˼ÒŊÒĚ´ (clothing therapy) ġ¹ǴÍÍÐäÃ?#$b#ĉ¹¨ÐÍŸºÒÂã̋àÍ§\"/move Emily 0 1 2/speak Emily \"ǴÍ˚Ç¹ÁÒ¡ã¹µÍ¹׉˝Ð¹Ð àÃÒıÒĥ§֔¹Ã¹āº ě­ËÒ˚Ç¹ĕÇā¹... Ъ§׉¨ÐŇÒã̋àÃÒ¡ĥºÁÒƱƚƇµ µÒÁчàÃÒ»ÃÒÃ¶¹Òä˴$u#$b#ġ¹àʛ¹àҳÍ§ŚÒĄ­ŚÒËģºĉ¹ чÍÂÒ¡¨Ðã̋ȷ¡¤¹ƱƚƇµ чƍÊÃÐáÅÐƱ¤ÇÒÁɊ¢... Ĕ§Թ¹ĉ¹ǈ§ä˴Ť´ˤ¹ ¡ÒÃŊÒĚ´ɳ»áººãËˑ àҮÍʺÇÂڌ¤¹ã̋ºÃÃɅ à˻ÒËÁÒÂ¾Ç¡Թ¹$u\"/move Emily 0 -1 2/pause 500/speak Emily \"'ġ¹¨Ðע¹ÍԒāºŝÒ¹Ò¨ чˉÒĭÈ¨ÃÃΒ¢Í§ ¡ÒÃáÊ´§ÍÍ¡˴ÇÂĕÇàÍ§ ¡ÒÃáÊ´§ÍÍ¡˴ÇÂĕÇàÍ§ àʛ¹à¤ҳÍ§ȑÍã¹¡ÒÃģ¡ÉÒ чÂÍ´àђÂÁàÅÂ Ȥ³ړãʺՁÂ?\"/faceDirection Emily 3/pause 1000/speak Emily \"Ëĥ§ˑÒ¹׉Ȥ³¨Ðàʫ¹Ԫ¹ÇÒ§ àغÍ˼ÒчËÅÒ¡ËÅÒÂã̋Ȥ³ ä˴àȕÍ¡ÊÃÃÁÒ¡ÁÒÂàÅÂ\"/faceDirection Emily 2/speak Emily \"Ë˹Òч¢Í§Ȥ³ʁǴÍ ËÒȪ´чàˢÒāºĕÇàÍ§ áÅÐã˚ġ¹#$b#ړǪ¡ρ¹ã¨ã¹ĕÇàÍ§àˢÒä̇ ˴ÇÂЪ§чȤ³ àȕÍ¡ÁÒ˴ÇÂĕÇàÍ§ Ȥ³ȷ¡¤¹ƱÊäµΕчàʛ¹ àÍ¡ĥ¡É΃àҮÍáˊ§ě¹ġ¹ ã̋āº¤¹ηÇâÅ¡! #$b# Í˒Ò§à¸Íàʛ¹¤¹áÃ¡!$h\"/specificTemporarySprite curtainOpen/pause 1500/showFrame Shane 18/jump Shane/pause 1400/showFrame Shane 0/pause 1000/textAboveHead Shane \"µ¡Å§\"/move Shane 0 -1 0/move Shane -3 0 0/move Shane 0 -2 2/pause 1000/specificTemporarySprite curtainClose/pause 1000/playSound doorClose/warp farmer 4 11/move farmer 0 -1 0/speak Emily \"˝ÒΛ @ Ȥ³ÁÒė¹àÇÅÒ¾ÍƤàÅÂ ¤ÍÂĪ§à¡µáÅÐàŻ´ã¨ä̇... âÍà¤¹Ð?\"/pause 1000/move farmer -1 0 0/warp Shane -1000 -1000/addTemporaryActor ClothesTherapyCharacters 16 32 5 5 2 true character/pause 3000/specificTemporarySprite curtainOpen/pause 1000/faceDirection Emily 3/move ClothesTherapyCharacters 0 2 2/textAboveHead Robin \"ڗÇÇÇ...\"/pause 1000/move ClothesTherapyCharacters 0 2 2/faceDirection Abigail 3/textAboveHead Abigail \"à͈§ÁÒ¡\"/pause 1000/faceDirection Emily 2/speak Emily \"щǴÍƽ¡˴Ò¹Ǚ§¢Í§àª¹ чàÃÒäˑà¤ÂړĈ¡ ġ¹ÂÍ´àђÂÁÁÒ¡àÅÂ!#$b#µÍ¹׉ÍÍ¡ä»ˢÒ§¹Í¡ ˴ÇÂ¤ÇÒÁÀÒ¤ɰƁã¨ áÅÐáÊ´§ã̋âÅ¡àʫ¹«Ð!\"/pause 1000/emote ClothesTherapyCharacters 40/pause 500/textAboveHead ClothesTherapyCharacters \"áˉã¨¹Ð\"/move ClothesTherapyCharacters 0 2 2/warp ClothesTherapyCharacters -1000 -1000/playSound doorClose/pause 2000/speak Emily \"àÍÒ˕Ð ȷ¡¤¹àŻ´·Ò§ã̋ ¾ÃÐàÍ¡ËˉÍÂ!\"/faceDirection Abigail 0 true/move Robin 3 0 0/faceDirection Clint 2 true/textAboveHead Clint \"â̍ äˑ¹Ð...\"/move Robin 0 -4 2/pause 1000/specificTemporarySprite curtainClose/pause 3000/warp Robin -1000 -1000/warp ClothesTherapyCharacters 5 5/changeYSourceRectOffset ClothesTherapyCharacters 128/textAboveHead ClothesTherapyCharacters \"ƎƎ\"/pause 1000/specificTemporarySprite curtainOpen/pause 1000/textAboveHead Lewis \"â̍ µÒÂ˕Ð!\"/move ClothesTherapyCharacters 0 3 2/textAboveHead Emily \"ɤƤÁÒ¡!\"/pause 1000/showFrame ClothesTherapyCharacters 5/specificTemporarySprite heart 5 8/pause 2000/textAboveHead ClothesTherapyCharacters \"˅Íä» ÁÒɤЪ§чŴƱà·ƳÂÊŤ´ā¹...\"/pause 1000/move ClothesTherapyCharacters 0 3 2/warp ClothesTherapyCharacters -1000 -1000/playSound doorClose/pause 2000/textAboveHead Lewis \"ŇÒäÁā¹ äˑ¹Ð...\"/move Lewis 2 0 0/move Lewis 0 -2 2/pause 1000/specificTemporarySprite curtainClose/faceDirection Emily 3/pause 2000/warp Lewis -1000 -1000/playSound shwip/warp ClothesTherapyCharacters 5 5/changeYSourceRectOffset ClothesTherapyCharacters 64/pause 1000/textAboveHead ClothesTherapyCharacters \"ƎƎ... äˑàÅÇ!\"/pause 2000/specificTemporarySprite curtainOpen/pause 1000/move ClothesTherapyCharacters 0 3 2/textAboveHead Emily \"ϵÒ' à̃Òã¨!\"/faceDirection Emily 2/pause 3000/move ClothesTherapyCharacters 0 3 2/playSound doorClose/warp ClothesTherapyCharacters -1000 -1000/textAboveHead Abigail \"˅Íä»µÒĉ¹!\"/move Abigail -2 0 0/move Abigail 0 -3 2/pause 2000/specificTemporarySprite curtainClose/pause 2000/warp Abigail -1000 -1000/warp ClothesTherapyCharacters 5 5/changeYSourceRectOffset ClothesTherapyCharacters 32/pause 3000/specificTemporarySprite curtainOpen/pause 1000/move ClothesTherapyCharacters 0 3 2/textAboveHead Emily \"àђÂÁÁÒ¡!\"/pause 2000/showFrame ClothesTherapyCharacters 16/playSound clank/pause 1000/textAboveHead ClothesTherapyCharacters \"ɤàËҗÍӊÁä»ËÁ´àÅÂ¹Ð...\"/pause 3000/move ClothesTherapyCharacters 0 3 2/warp ClothesTherapyCharacters -1000 -1000/playSound doorClose/pause 1000/faceDirection Emily 3/pause 500/faceDirection Emily 2/pause 1000/speak Emily \"¤ƅ¹·? ¤¹˅Íä»!\"/pause 500/jump Clint/shake Clint 4000/pause 1000/textAboveHead Clint \"©...ĉ¹àËÃÍ?\"/pause 2000/speak Clint \"*ǭ¡*... ʁä˴ àÍƁѕĉ¹¨ÐŇÒġ¹$4\"/pause 1000/move Clint -6 0 0/move Clint 0 -4 2/pause 1000/faceDirection Emily 3/specificTemporarySprite curtainClose/pause 4000/warp Clint -1000 -1000/warp ClothesTherapyCharacters 5 5/changeYSourceRectOffset ClothesTherapyCharacters 96/pause 1000/specificTemporarySprite curtainOpen/pause 2000/move ClothesTherapyCharacters 0 3 2/faceDirection Emily 2/textAboveHead Emily \"Í̳ÒÂÂÂ ˉÒģ¡!\"/pause 1600/showFrame ClothesTherapyCharacters 10/pause 800/speak Clint \"ͭÒ? ˉÒģ¡? ...*¶Í¹ËÒÂã¨*...$7\"/pause 2000/move ClothesTherapyCharacters 0 3 2/warp ClothesTherapyCharacters -1000 -1000/playSound doorClose/move Emily 0 3 3/move farmer 0 -1 1/move farmer 1 0 1/speak Emily \"Ƥæ ι¹ƤÁÒ¡!#$b#ĉ¹áʴËħ§˗Ò»ÃÐÊº¡ÒÃ΃׉ ¨ÐʺÇÂã̋ȷ¡¤¹àƅ¡ÍÒÂáÅÐ ¡̅Òч¨ÐÅÍ§ŇÒЪ§á»Å¡ãËˑ ע¹ÁÒƽ¡Ź´¹Ð\"/move Emily -2 0 3 true/pause 200/positionOffset Emily 0 4/pause 300/positionOffset Emily 0 4/pause 300/positionOffset Emily 0 4/pause 300/positionOffset Emily 0 4/pause 2500/speak Emily \"@... ȝÁ...$4\"/showFrame ClothesTherapyCharacters 11/playSound doorClose/warp ClothesTherapyCharacters 5 11/speak Clint \"ĉ¹ŇÒġ¹äˑä˴! ĉ¹äˑä˴ÍÂÒ¡¨Ð ÅÍ§ŇÒЪ§ãËˑæ!!$6\"/faceDirection Emily 2 true/jump Emily/showFrame Emily 26/faceDirection farmer 2 true/pause 1600/showFrame Emily 0/speak Clint \"...â̍ ... ĉ¹à´Ò˗Ò ĉ¹¤§¨ÐÁÒĂ´Ĉ§ËÇÐ ºÒ§Í˒Ò§Ɗ¹Ð?$7\"/pause 1000/showFrame ClothesTherapyCharacters 0/pause 1500/showFrame ClothesTherapyCharacters 10/pause 1700/speak Clint \"ĉ¹àˢÒã¨á̅Ç ĉ¹¨ÐÍÍ¡ä»à݋ÂÇ׉... Ƃ¹Ƥ˴ÇÂ¹Ð @$7\"/pause 1000/playSound doorClose/warp ClothesTherapyCharacters -1000 -1000/pause 1000/faceDirection Emily 3/emote Emily 8/pause 2000/end"
    }
}
