{
    "header": {
        "target": "w",
        "formatVersion": 5,
        "hidef": true,
        "compressed": 128
    },
    "readers": [
        {
            "type": "Microsoft.Xna.Framework.Content.DictionaryReader`2[[System.String, mscorlib, Version=4.0.0.0, Culture=neutral, PublicKeyToken=b77a5c561934e089],[System.String, mscorlib, Version=4.0.0.0, Culture=neutral, PublicKeyToken=b77a5c561934e089]]",
            "version": 0
        },
        {
            "type": "Microsoft.Xna.Framework.Content.StringReader",
            "version": 0
        }
    ],
    "content": {
        "901756/f Abigail 2500/t 1700 2400/o Abigail": "Upper_Ambient/18 7/farmer -1000 -1000 0 Abigail 18 11 0/skippable/move Abigail 0 -3 1/move Abigail 5 0 2/pause 500/animate Abigail false false 150 26 24 25 25 25 25/pause 450/playSound sandyStep/stopAnimation Abigail/showFrame Abigail 25/pause 2000/playSound batFlap/pause 500/playSound batFlap/pause 500/playSound batFlap/pause 500/emote Abigail 8/pause 1000/specificTemporarySprite abbyOneBat/playSound batScreech/showFrame Abigail 32/shake Abigail 2000/pause 2000/showFrame Abigail 0/pause 600/animate Abigail false true 100 28 29/pause 1200/stopAnimation Abigail/pause 1000/specificTemporarySprite abbyManyBats/showFrame Abigail 32/shake Abigail 2000/pause 2000/speed Abigail 8/move Abigail 0 -4 0/speed Abigail 8/move Abigail 2 0 0/animate Abigail false false 100 21 20 20/pause 200/showFrame Abigail 20/shake Abigail 10000/pause 2000/warp farmer 18 13/move farmer 0 -5 0/pause 1000/faceDirection farmer 1/pause 300/emote farmer 16/speed farmer 8/move farmer 6 0 0/speed farmer 8/playMusic desolate/move farmer 0 -4 1/speak Abigail \"$q 776589 null#*Ǯ¡*$s#$r 776589 20 Event_Cave2_1#àš´ÍÐäÃע¹ˉÐ?#$r 776589 40 Event_Cave2_2#à¸Íàʛ¹ÍÐäÃՁÂ?\"/pause 500/animate Abigail false false 100 21 0 0/pause 200/stopAnimation Abigail/faceDirection Abigail 3/pause 500/speak Abigail \"ړÍÐäÃäËÁ ĉ¹ǝ¡ė¡ÉÐ¡ÒÃã˪´Òº ÁÒ¹Ò¹¾ÍÊÁ¤ÇÃá̅Ç...$9#$b#¨¹¡ÃÐη§ħ¹׉ ĉ¹ĕ´Ɗ¹ã¨˗Ò ¨ÐÅÍ§àњÂ§àˢÒä» ã¹զÒɤ˺Ò§...$8\"/pause 500/faceDirection Abigail 1/pause 1000/speak Abigail \"...á˅¾Íǖ§àÇÅÒ¨ƃ§æ ĉ¹¡ĥº¡ĥÇע¹ÁÒ ¡ĥÇ¨¹ŇÒÍÐäÃäˑä˴àÅÂ$8\"/pause 500/faceDirection Abigail 3/speak Abigail \"$q 34 null#ĉ¹Ť´˗Òĉ¹ˉÐ áʂ§á¡˓§ÁÒ¡ á˅¾ÍàÍÒàˢÒ¨ƃ§æ ġ¹¡ĥºäˑãʺ áººԹ¹àÅÂ...$8#$r 34 20 Event_Cave_1#ĉ¹¨Ð»¡˻Í§à¸ÍàÍ§#$r 34 40 Event_Cave_2#ĉ¹àÍ§ʁà¤Â¡ĥÇàËȑÍ¹ā¹#$r 34 -50 Event_Cave_3#à¸Í̃Í§ä̋àËȑÍ¹āºàʔ¡àʥ¡ àÅÂ¹Ð Ëɂ´̃Í§à¶ÍÐ\"/faceDirection Abigail 3/stopMusic/pause 1500/playMusic sadpiano/pause 1800/speak Abigail \"@ ©Ð... ĉ¹ģ¡Ȥ³ÁÒ¡¹Ð... áÅÐäˑãʺã¹ °Ò¹ÐàҮÍ¹˴ÇÂ Ȥ³àÍ§ʁړ ãʺäËÁ?$l\"/pause 1000/speak Abigail \"ĉ¹äˑÍÂÒ¡ ¨ÐàҚÍàÅÂ˗Ò ã¹чɊ´ĉ¹ʁ ɮ´ĴÒæ ׉ÍÍ¡ÁÒ... á˅ĉ¹äˑÍÂÒ¡ àʁºġ¹ä̇ƽ¡á̅Ç à¾ÃÒÐĉ¹ړǪ¡ áºº׉ÁÒ¹Ò¹ ÁÒ¡á̅Ç$l\"/pause 1800/speak Abigail \"äˑ˵Í§ ɮ´ÍÐäÃËÃÍ¡ ĉ¹¢ÍáʴàÃÒ ÍԒ˴ÇÂā¹áºº׉ ä»ƽ¡Ī¡Ğ¡¹Ð...$l^ĉ¹äˑà¤Âړ ÁÒʱÍ¹àÅÂ˗Ò ĉ¹¨ÐړǪ¡ áºº׉āº¤¹ҽ¹... ¨¹¡ÃÐη§ĉ¹ ä˴ÁÒà¨Íà¸Í\"/playMusic Upper_Ambient/pause 1000/showFrame Abigail 33/showFrame 101/pause 2500/globalFade/viewport -1000 -1000/end",
        "100162/t 600 2600": "MarlonsTheme/21 9/farmer -100 -100 0 Marlon 23 6 2/addQuest 14/skippable/pause 1000/move Marlon 0 2 2/pause 500/showFrame Marlon 4/pause 1000/speak Marlon \"ȞÁÁÁÁ... \"/pause 500/warp farmer 18 13/playSound stoneStep/move farmer 0 -3 1/move farmer 5 0 0/pause 500/showFrame Marlon 0/pause 500/speak Marlon \"...ˢÒáʴıÒĥ§ÁÍ§Å§ä» ã¹àËȑÍ§àʱÒæ щˉÐ#$b#ġ¹ɦ¡֗§̃Ò§ ÁÒęº·ÈÇÃÃÉä˴á̅Ç\"/pause 500/showFrame Marlon 4/speak Marlon \"á˅Ģ§ä§ʁà¶ÍÐ ˢÒ§˕Ò§Թ¹ Ģ§Ʊá˓Ƥæ ƽ¡ÁÒ¡ÁÒÂàƚÂÇ#$b#á˅¢³ÐàƤÂÇā¹ Ê¶Ò¹чȑ´Ɓ´ѫ§äˑƱ ã¤ÃÃº¡Ç¹ÁÒàʛ¹ àÇÅÒ¹Ò¹... ˢÒà¡Ã§˗Ò ˢÒ§˕Ò§Թ¹ á˓¨ÐäˑãʺЪ§àƤÂÇ чà˨Ò¨Ðà¨ÍˉÐƊ...\"/pause 500/showFrame Marlon 0/pause 500/speak Marlon \"àÍÒщä»Ɗ à˨ÒÍÒ¨¨Ð˵Í§ã˪ġ¹\"/pause 500/playSound dwop/faceDirection farmer 1 true/pause 50/faceDirection farmer 2/itemAboveHead sword/pause 3300/awardFestivalPrize sword/pause 300/faceDirection farmer 1 true/pause 100/faceDirection farmer 0/pause 500/speak Marlon \"Ģ§ä§ʁà¶ÍÐ ˢÒҚÍÁÒΓÅÍ¹ ˢÒàʛ¹à˨Ò¢Í§ ÊÁÒ¤Áę¡¼¨­ĠÂ чԵ§ÍԒ¹Í¡զÒ ·Ò§˴Ò¹¢ÇÒ׉àÍ§#$b#ˢÒ¨ÐĈºµÒɤà˨Òä̇¹Ð žɺ¨ΉĕÇàÍ§Ɗ á̅ÇˢÒÍÒ¨¨Ðã̋à˨Ò ä˴àˢÒ˓ÇÁàʛ¹ Ëѹ§ã¹ÊÁÒŪ¡¢Í§ÊÁÒ¤Á àÃÒʁä˴\"/pause 500/end",
        "PlayerKilled": "none/-100 -100/farmer 19 10 2 {0} 18 10 1/pause 1500/showFrame 5/message \" ...{2}?\"/pause 1000/message \" {2} ҥ¹Ɗ!\"/viewport 19 10 true/pause 1000/speak {0} {1}/move {0} 0 3 2/warp {0} -100 -100/showFrame 0/pause 1000/emote farmer 28/minedeath/end"
    }
}
