{
    "header": {
        "target": "w",
        "formatVersion": 5,
        "hidef": true,
        "compressed": 128
    },
    "readers": [
        {
            "type": "Microsoft.Xna.Framework.Content.DictionaryReader`2[[System.String, mscorlib, Version=4.0.0.0, Culture=neutral, PublicKeyToken=b77a5c561934e089],[System.String, mscorlib, Version=4.0.0.0, Culture=neutral, PublicKeyToken=b77a5c561934e089]]",
            "version": 0
        },
        {
            "type": "Microsoft.Xna.Framework.Content.StringReader",
            "version": 0
        }
    ],
    "content": {
        "2/f Abigail 1000/w rainy/t 1200 1900/z winter": "AbigailFlute/-1000 -1000/farmer 34 32 1 Abigail 47 31 2/skippable/ambientLight 160 140 10/specificTemporarySprite abbyAtLake/animate Abigail false true 612 16 17 18 19/viewport 46 31 clamp true/pause 17900/move farmer 13 0 0/stopMusic/playMusic rain/pause 500/stopAnimation Abigail/faceDirection Abigail 2/emote Abigail 16/speak Abigail \"$q 32 null#@! à¸ÍÍÍ¡ÁÒŇÒÍÐäÃ ¡ÅÒ§½¹áºº׉ˉÐ?$7#$r 32 0 Event_Rain_1#áʴÍÍ¡ÁÒŇÒ§Ò¹ˉÐ#$r 32 50 Event_Rain_2#ĉ¹ªÍº ÊÀÒ¾ÍÒ¡ÒÈáºº׉ˉÐ#$r 32 10 Event_Rain_3#ĉ¹àÍ§ʁÍÂÒ¡¨ÐŇÒáººà¸Í àËȑÍ¹ā¹\"/faceDirection Abigail 1/pause 1250/speak Abigail \"...ĉ¹ÁÒчщàҮÍã˪àÇÅÒ ÍԒĕÇ¤¹àƤÂÇ$8\"/pause 1000/faceDirection farmer 1/pause 1600/faceDirection Abigail 2/speak Abigail \"á˅ĉ¹äˑ˗ÒÍÐäÃËÃÍ¡ ˶Òà¸Í¨ÐÁÒÍԒчщ ˴ÇÂā¹ˉÐ!\"/pause 500/emote Abigail 40/speak Abigail \"à¸ÍàƫÂ¡ËÁ´á̅Ç¹Ð... àˢÒÁÒÍԒã˵˵¹ä́щƊ\"/move farmer -1 0 0/move farmer 0 -1 2/faceDirection Abigail 1/pause 3000/speak Abigail \"ġ¹ÂÒ¡ч¨ÐÍŸºÒÂÁÒ¡àÅÂ... āº¤ÇÒÁړǪ¡чä˴ à˽ÒÁÍ§ˑÒ¹½¹чıÒĥ§ ˚§àƺÂ§àºÒæ ÍԒàËȉÍ·ÐàÅÊÒº чàƗÂºÊ§º$8\"/pause 650/faceDirection farmer 1/pause 500/faceDirection farmer 2/pause 600/playSound dwop/showFrame 98/pause 500/faceDirection Abigail 3/emote Abigail 16/pause 800/speak Abigail \"à̎! Թ¹ġ¹ž³ܚÇщ¹Ò!$h#$b#à¸ÍщƱá˅ àҳÍ§ªÇ¹µ¡ã¨àÊÁÍàÅÂ¹Ð @ ĉ¹ÅÐѷ§¨ƃ§æ\"/faceDirection farmer 1/pause 900/emote farmer 56/faceDirection Abigail 3/pause 700/faceDirection Abigail 2/faceDirection farmer 2/pause 500/showFrame Abigail 16/pause 500/showFrame 98/pause 2000/playMusic AbigailFluteDuet/pause 1250/animate Abigail false true 612 16 17 18 19/animate farmer false true 308 99 98 98 99 100 100/pause 10000/viewport move 1 0 18000/pause 20000/globalFade/viewport -1000 -1000/pause 2000/end",
        "8/f Maru 1500/w sunny/t 2100 2340": "nightTime/-1000 -1000/farmer 23 29 3 Maru 14 29 3/skippable/bgColor 0 0 0/changeToTemporaryMap NightSceneMaruMap false/ambientLight 0 0 0/viewport 14 23 true/pause 2000/playSound leafrustle/pause 200/faceDirection Maru 1/pause 400/emote Maru 8/pause 800/move farmer -5 0 3/speak Maru \"@! ÁÒŇÒÍÐäÃá¶Ç׉ǔ¡æ Ҥ¹æ àщÂ?\"/faceDirection Maru 3/pause 1000/speak Maru \"˷Í§˿ÒÂÒÁϔÒǴ¹ щġ¹ʺÒ§ˉÒĭÈ¨ÃÃΒ¨ƃ§æ\"/faceDirection Maru 1/speak Maru \"ÁÒщƊ ĉ¹ƱÍÐäÃºÒ§Í˒Ò§ ÍÂÒ¡¨Ðã̋à¸Íɤ\"/move farmer -3 0 3/speak Maru \"щáËÅÐ ÅÍ§˚Í§ɤƊ\"/move Maru 0 1 0/move farmer -1 0 3/pause 200/animate farmer true true 100 35/pause 1200/playMusic spaceMusic/speak Maru \"$q 40 null#àʫ¹ÍÐäÃ˺Ò§˕Ð?#$r 40 30 Event_Space1#´Ç§´ÒÇч§´§ÒÁ#$r 40 -30 Event_Space2#ɋºàËÇȑ´Ɓ´ä̃¢Íºà¢µ чã̋¤ÇÒÁړǪ¡àȒÍ¡àʢ¹\"/stopAnimation farmer/faceDirection farmer 2/pause 1000/speak Maru \"˶ÒƱħ¹ã´Ī¡ħ¹Ǚ§ ч´Ç§´ÒÇ¾Ç¡Թ¹ÁÒ àђÂÁàȒÍ¹¾Ç¡àÃÒ˕Ðʁ ǖ§µÍ¹Թ¹¾Ç¡àÃÒ¤§¨Ð äˑÍԒā¹á̅Ç˕ÐՁ§...$8\"/emote farmer 28/pause 400/speak Maru \"Թ¹àʛ¹ě­ËÒŚÒËģº ¡ÒÃàš´ÁÒàʛ¹ÁȹÉΒƊ¹Ð ãʺäËÁ?\"/faceDirection Maru 0/pause 1200/faceDirection Maru 2/emote Maru 40/pause 500/faceDirection Maru 0/speak Maru \"@ ǴÍ˗Ò...$8\"/pause 500/faceDirection Maru 2/pause 1500/speak Maru \"à»˕Ò.. äˑƱÍÐäÃ...$s\"/pause 500/faceDirection Maru 0/pause 800/speak Maru \"ÁÒщƊ ĉ¹¨ÐâªΗÃÐºº´ÒÇӴ ã̋à¸Íɤ...\"/pause 500/faceDirection farmer 3 true/animate farmer true true 100 35/pause 800/specificTemporarySprite maruTelescope/viewport move 0 -1 16000/pause 16000/globalFade .003/viewport -1000 -1000/pause 500/message \"àʛ¹Ǵ¹чÊÇÂ§ÒÁÁÒ¡æ ÁÒɃä˴áÊ´§ã̋ĉ¹àʫ¹ ǖ§Ъ§ãËˑæ àÂÍÐáÂÐàÅÂ...\"/pause 1000 /stopAnimation farmer/changeLocation Mountain/end",
        "26/f Linus 1000/w sunny/t 2000 2400": "nightTime/-1000 -1000/farmer 18 8 1 Linus 29 8 2/skippable/specificTemporarySprite linusCampfire/viewport 29 7 clamp true/move farmer 8 0 1/faceDirection Linus 3/emote Linus 32/speak Linus \"@! ÁÒщƊ ÁÒι§ˢÒ§¡Í§ä¿Ƥ¡˗Ò ġ¹¨ÐŇÒã̋ړǪ¡Ƥ¹Ð\"/pause 400/move farmer 2 0 2/move farmer 0 1 1/move Linus 1 0 2/move Linus 0 1 3/pause 1500/speak Linus \"ĉ¹ıÒĥ§Ëħ§˗Ò à¸Í¨ÐáÇÐÁÒàђÂÁ˺Ò§ ÍԒ¾ÍƤàÅÂ\"/pause 500/emote Linus 28/pause 500/faceDirection Linus 2/pause 500/showFrame Linus 19/pause 500/speak Linus \"á̅Çĉ¹ʁÍÂÒ¡¨ÐºÍ¡˗Ò.. ĉ¹¢Íâ·É чµÍ¹áÃ¡ ĉ¹àˢÒã¨à¸Íż´ä»ˉÐ$s#$b#¤¹˚Ç¹ãËʽ äˑä˴ŇÒĕÇƤāºĉ¹ ÁÒ¡àˇÒäË˓ ĉ¹àÅÂ˵Í§ÃÐħ§ĕÇä̇ʱÍ¹$s\"/pause 500/showFrame Linus 0/faceDirection Linus 3/speak Linus \"á˅à¸Í¡ĥºƤāºĉ¹ à¸Í.. áµ¡˅Ò§ äˑàËȑÍ¹āº¤¹ҽ¹æ$h#$b#...áÅÐĉ¹ʁŤ´˗Ò à¸Í¨Ðàʛ¹àҮÍ¹чƤä˴\"/pause 500/faceDirection Linus 3/emote farmer 32/pause 1000/faceDirection Linus 3/move Linus 0 -1 3/move Linus -1 0 0/speak Linus \"à̎ ĉ¹ÍÂÒ¡ã̋à¸ÍɤÍÐäÃËˉÍÂ àˢÒÁÒˢÒ§ã¹Ɗ\"/move farmer 0 -1 1/move Linus 0 -1 0/playSound grassyStep/warp Linus -10 -10/move farmer 1 0 0/move farmer 0 -1 0/playSound grassyStep/warp farmer -10 -10/playMusic none/pause 1500/playSound fishSlap/pause 500/playSound fishSlap/pause 500/playSound fishSlap/pause 500/playSound fishSlap/pause 800/playSound dirtyHit/pause 1200/playSound slimeHit/pause 300/playSound slimeHit/pause 300/playSound slimeHit/pause 300/playSound slimeHit/pause 600/playSound slimedead/pause 1000/speak Linus \"ÍÒ.. àÊʣ¨á̅Ç àʫ¹äËÁ щàʛ¹àËҲÍáººžàÈÉ чĉ¹Ť´ע¹àÍ§ˉÐ#$b#àʛ¹¢Í§Ԫ¹Ëѹ§àƚÂÇ.. á́á˅ĉ¹ʁĢ§ÍÂÒ¡š¹ġ¹àÅÂ!#$b#áÅÐщ ĉ¹ÍÂÒ¡ã̋à¸ÍŇÒġ¹àʛ¹¹Ð\"/pause 500/playSound coin/pause 500/faceDirection farmer 2/warp farmer 29 7/playSound grassyStep/move farmer 0 1 2/pause 1000/showFrame 84/playSound reward/addCraftingRecipe Wild Bait/message \"àƳÂ¹ړ¡ÒÃỄÒ§ 'àËҲÍ˕Íáºº¸ÃÃÁ¢Òŵ (Wild Bait)'\"/pause 900/end",
        "BadAnswer": "speak Maru \"$q 18982 null#Ȥ³¨Ð˵Í§Ʊ àËȵ¼ÅºÒ§Í˒Ò§áˉæ àÅÂ ǖ§ä˴ɮ´áººԹ¹...$a#$r 18982 50 event_robot_explain1#ÁÒƃÅ˴Ò (MarILDA) àʛ¹àƮÂ§àÈÉ֊¹˚Ç¹ Ëѹ§¢Í§à¤ҳÍ§Ĉ¡Ã чɦ¡â»Ãá¡ÃÁ ã̋ƱˇÒ·Ò§àËȑÍ¹āºÁȹÉΒ#$r 18982 50 event_robot_explain2#ĉ¹̅Íà˕¹ˉÒ á́á˅ÁÒƃÅ˴Ò (MarILDA) àÍ§ ʁ˵Í§ƱƍÊÃÐÀÒ¾àËȑÍ¹ā¹#$r 18982 -50 event_robot_explain3#ĉ¹¤ÇÃ¨ÐĈºà¸Í Å§ä»ŇÒ§Ò¹ã¹¿ÒΓÁ\"/faceDirection Maru 1/emote Maru 12/pause 300/faceDirection Maru 3/speak Maru \"ȝÁ ĉ¹ä»Ƥ¡˗Ò ¢ÍºȤ³ÁÒ¡¹Ð чÁÒã˪àÇÅÒāºĉ¹˴ÇÂā¹ ã¹ħ¹׉$8\"/globalFade/viewport -3000 -3000/changeLocation ScienceHouse/end",
        "384883/f Sebastian 1000/t 1100 1700": "spring_day_ambient/-1000 -1000/farmer 12 27 1 Sebastian 18 26 2/skippable/specificTemporarySprite sebastianGarage/showFrame Sebastian 33/animate Sebastian false true 100 32 32 32 36 32 32 36 36 36 36/positionOffset Sebastian 24 16/viewport 18 25 clamp true/move farmer 5 0 0/playSound clank/move farmer 0 -1 1/pause 100/playSound clank/pause 600/playSound clank/pause 300/playSound clank/pause 800/stopAnimation Sebastian/showFrame Sebastian 35/animate Sebastian false false 100 32 33 34 35/playSound dwoop/pause 500/speak Sebastian \"â̍ ˗Òä§ @$8\"/pause 800/faceDirection farmer 0/emote farmer 8/pause 400/speak Sebastian \"̋Ð Ȥ³Ģ§äˑà¤Âàʫ¹ ÁÍàµÍΓä«ʹ ¢Í§¼Áԧ¹ËÃÍ? ȞÁÁÁÁ... á»Å˗Ò¼ÁĢ§äˑà¤Â ã̋Ȥ³ɤ˕ÐƊ$8\"/pause 900/showFrame Sebastian 32/animate Sebastian false false 100 35 34 33 32/pause 500/faceDirection farmer 1/animate Sebastian false true 200 32 32 32 36 32 32 36 36 36/pause 600/playSound clank/pause 600/playSound clank/pause 300/pause 800/playSound parry/pause 800/playSound clank/playMusic echos/pause 2000/glow 80 70 255 true/pause 1000/speak Sebastian \"ºÒ§¤Ճ§Ëĥ§¾ÃÐÍÒŷµΒµ¡ ¼ÁʁàÍÒġ¹ÍÍ¡ä»Ăº ˢÒ§¹Í¡Ëԑ˺Ò¹...$8\"/pause 800/speak Sebastian \"ġ¹äˑƱÍÐäÃàÅÂ ¹Í¡¨Ò¡¶¹¹ÂÒÇæ â˕§æ áÅÐáÊ§ÊĥÇæ ¨Ò¡àȑÍ§...$9\"/pause 200/playSound clank/pause 500/playSound clank/pause 200/speak Sebastian \"¾Í¼ÁƱàŧ¹àʁºĸÒ¹Ç¹Ǚ§ ¼Á¨ÐÍÍ¡ä»ÍԒĕÇ¤¹àƤÂÇ... ã¹àȑÍ§ ġ¹¨ÐƱáʴ¼Á āºÁÍàµÍΓä«ʹ ¢Í§¼ÁàˇÒԹ¹$9\"/pause 900/playSound clank/pause 900/stopAnimation Sebastian/playSound Milking/pause 1500/stopGlowing/playMusic spring_day_ambient/speak Sebastian \"àÃÒ¨Ðä»à»ѕÂ¹ˆÒÂ թÒġ¹à¤ҳÍ§чι¹$8\"/pause 1200/showFrame Sebastian 35/animate Sebastian false false 100 32 33 34 35/playSound dwoop/pause 1900/speak Sebastian \"$q -1 null#à̎... ºÒ§Ƨĉ¹¨Ðã̋¹ÒÂ ȒÁĂºä˴¹Ð ˶Ò¹ÒÂ˵Í§¡ÒÃ$8^à̎... ºÒ§Ƨ ĉ¹ÍÒ¨¨Ð¾Òà¸Íä» ĂºÃ¶à˕¹ʁä˴¹Ð$8#$r -1 10 event_garage1#ğ§ɤˉÒÊȹ¡Ƥщ#$r -1 -10 event_garage2#äˑàʛ¹äÃ ġ¹ɤàʛ¹¤ÇÒÁŤ´чá˒ÁÒ¡#$r -1 0 event_garage3#ĉ¹¡ĥÇÁÍàµÍΓä«ʹ˝Ð\"/pause 900/viewport move 1 -1 8000/pause 4000/globalFade/viewport -1000 -1000/end",
        "384882/f Sebastian 2500/t 2000 2400": "nightTime/-1000 -1000/farmer 18 35 0 Sebastian -100 -100 0/skippable/specificTemporarySprite sebastianOnBike/viewport 17 28 clamp true/pause 1000/move farmer 0 -5 0/speak Sebastian \"à̎ @ ¼ÁıÒĥ§¨ÐÍÍ¡ä» ¾ÍƤàÅÂ#$b#ע¹ÁÒàÅÂ ¼ÁƱÍÐäÃ¨Ðã̋ɤ\"/pause 1000/move farmer 0 -1 0/move farmer 1 0 0 true/globalFade/viewport -1000 -1000/warp farmer -100 -100/changeToTemporaryMap SebastianRide/ambientLight 0 0 0/specificTemporarySprite sebastianRide/viewport 15 8 true/pause 8000/globalFade/viewport -1000 -1000/changeToTemporaryMap SebastianMountain/ambientLight 0 0 0/warp farmer 15 18/warp Sebastian 16 18/positionOffset farmer 0 16/playMusic spaceMusic/viewport 15 14 true/pause 10000/faceDirection Sebastian 3/speak Sebastian \"ι¹àʫ¹ä¡Åæ ι¹äËÁ ι¹áËÅÐàȑÍ§ɛɛ\"/pause 600/faceDirection Sebastian 0/speak Sebastian \"¼ÁÁÒчщµÅÍ´àÇÅÒ ¼ÁäˑÍÂÒ¡ŇÒÍÐäÃàÅÂ... ¹Í¡¨Ò¡ι§Ť´ÍÐäÃà©Âæ\"/pause 1000/faceDirection Sebastian 1/pause 600/animate Sebastian false true 110 16 17 18 19 20 21 21 21 21 21 21 21 21 22 23 16 16 16 16 16 16 16 16 16 16 16 16 16 16 16 16 16 16/pause 1000/faceDirection farmer 1/pause 1800/faceDirection farmer 0/pause 800/speak Sebastian \"$q -1 null#á̅ÇȤ³Ť´ ÍÐäÃ˕Ð?#$r -1 0 event_city1#àȑÍ§ġ¹ÊÇÂƤ¹Ð#$r -1 10 event_city2#ġ¹ŇÒã̋ĉ¹ړǪ¡àÈ̃Òá»Å¡æ#$r -1 -10 event_city3#ˉÒà¡ƵÂ´˝Ð#$r -1 0 event_city4#Ȥ³¤ÇÃ¨Ðàƅ¡ɺºȺËѓ¹Ð\"/stopAnimation Sebastian/pause 600/faceDirection Sebastian 0/pause 3000/speak Sebastian \"àȑÍ§׉ġ¹à¤Âǔ§ɤ´¼Á¹Ð... á˅µÍ¹׉¼Á˗Ò ¼ÁƱ¤ÇÒÁɊ¢ч˺Ò¹ã¹ ɋºà¢ÒÁÒ¡¡˗Ò\"/pause 500/pause 900/speak Sebastian \"@...?$s#$b#à˝Í... ǴÍ˗Ò¼Á... ¼Áäˑà¤ÂړǪ¡Í˒Ò§׉ āºڌªÒÂÁÒʱÍ¹... á˅āºȤ³á̅Ç ġ¹áµ¡˅Ò§$l^¼Áäˑà¤Â¾Ò ڌËŭ§чäË¹ ÁÒчщàÅÂ... ¹Í¡¨Ò¡Ȥ³ ¤¹àƤÂÇ$l#$b#Ȥ³ړãʺäËÁ˗Ò ¼Á¾ÂÒÂÒÁ ¨Ðɮ´ÍÐäÃ ãʺäËÁ?$l\"/pause 700/faceDirection farmer 1/emote Sebastian 40/pause 800/faceDirection Sebastian 3/pause 2000/showFrame Sebastian 40/pause 600/positionOffset Sebastian -2 0/pause 100/positionOffset Sebastian -2 0/pause 100/positionOffset Sebastian -2 0/pause 100/positionOffset Sebastian -2 0/pause 100/positionOffset Sebastian -2 0/pause 100/positionOffset Sebastian -2 0/pause 100/positionOffset Sebastian -2 0/pause 100/positionOffset Sebastian -2 0/pause 100/positionOffset Sebastian -2 0/pause 100/positionOffset Sebastian -2 0/pause 100/positionOffset Sebastian -2 0/pause 100/positionOffset Sebastian -2 0/pause 100/showFrame 101/pause 4000/viewport move 1 -1 6000/pause 6000/globalFade/viewport -1000 -1000/changeLocation Mountain/pause 4000/end position 18 26",
        "404798/Hn ccFishTank": "spring_day_ambient/-1000 -1000/farmer 42 11 0 Willy 47 7 0/specificTemporarySprite dickBag/viewport 47 5 clamp true/emote Willy 8/move farmer 0 -4 1/move farmer 4 0 1/faceDirection Willy 3/pause 500/speak Willy \"˗Òä§ @\"/pause 500/faceDirection Willy 0/speak Willy \"ġ¹á»Å¡æ¹Ð... ˡÍ¹Ƌ¹µÃ§׉ ġ¹ËÒÂä»ä˴ä§\"/pause 500/faceDirection farmer 0/pause 500/speak Willy \"ÊÒÂթÒÊÒÂ׉ äËÅÁÒ¨Ò¡˚Ç¹ǥ¡ ¢Í§ɰà¢ÒàÅÂ¹ÐàщÂ\"/pause 1000/specificTemporarySprite dickGlitter/playSound slosh/pause 500/faceDirection Willy 2/faceDirection farmer 2/pause 500/jump Willy/pause 800/emote Willy 16/speak Willy \"à̎! à¸Íàʫ¹ÍÐäÃчġ¹áÇÇÇÒÇ ÍԒã¹թÒäËÁ?\"/pause 800/showFrame Willy 24/pause 250/showFrame Willy 25/pause 1000/speak Willy \"ãʺá̅Ç â̍âË! щġ¹á˓ Ȥ³ÀÒ¾ƤàÅÂщ$h\"/showFrame Willy 24/pause 200/showFrame Willy 0/pause 500/faceDirection Willy 3/speak Willy \"թÒ¾Ç¡׉˵Í§¾Òġ¹ ÁÒ¨Ò¡ɰà¢ÒáˉàÅÂ\"/pause 500/faceDirection farmer 1/pause 500/speak Willy \"Ȥ³ړãʺäËÁ ġ¹ËÁÒÂ¤ÇÒÁ˗Òä§?\"/pause 900/jump Willy/pause 800/speak Willy \"ãʺá̅Ç ¾Ç¡àÃÒ¨ÐÊÒÁÒÃ¶ ˓Í¹á˓ä˴!$h\"/faceDirection Willy 2/faceDirection Willy 3/speak Willy \"щæ ĉ¹ƱµÐá¡Ã§ƽ¡ĭ¹ ã¹¡ÃÐà͛Ò... ŇÒäÁäˑàÍÒä»˕Ð?\"/pause 800/faceDirection Willy 1/pause 800/showFrame Willy 26/pause 500/playSound coin/pause 500/showFrame Willy 4/pause 500/showFrame Willy 12/faceDirection Willy 3/awardFestivalPrize Pan/null/pause 800/faceDirection Willy 2/speak Willy \"˶ÒȤ³àʫ¹ÍÐäÃ áÇÇÇÒÇã¹թÒ˕Ðʁ ã˪µÐá¡Ã§щ˓Í¹àÅÂ¹Ð á̅Çà¨Íā¹\"/faceDirection farmer 2/itemAboveHead pan/null/pause 1000/end",
        "371652/f Linus 2000/w sunny/t 600 1700/a 12 26": "sweet/18 32/farmer -1000 -1000 2 Robin -1000 -1000 2 Linus 23 33 1/skippable/animate Linus false true 250 20 21/pause 3000/doAction 24 33/pause 500/doAction 24 33/pause 800/doAction 24 33/pause 1000/stopAnimation Linus/move Linus -2 0 0/move Linus 0 -1 1/animate Linus false true 250 20 21/pause 500/doAction 22 32/pause 900/doAction 22 32/pause 200/doAction 22 32/pause 1200/stopAnimation Linus/move Linus -6 0 0/move Linus 0 -5 0 true/viewport move 0 -1 4000/move false/move Linus -2 0 3/warp Robin 12 26/playSound doorClose/pause 400/showFrame Robin 19/textAboveHead Robin \"Ǝ»!\"/shake Robin 500/pause 500/faceDirection Linus 0/showFrame Robin 0/pause 1 500/warp farmer 11 26/playSound doorClose/faceDirection Linus 3/pause 500/move farmer 0 1 1/pause 1000/speak Robin \"â̍...ι¹ƵęÊ ãʺá̅Ç?$s\"/emote Robin 40/speak Robin \"Ȥ³ƋÇËȓÍà»˕Ò? ĉ¹ÊÒÁÒÃ¶ŇÒرÍ¡ÅÒ§ħ¹ ã̋Ȥ³ä˴¹Ð... ¾ÍƱÊɥΗá¤ÃÍ·àËȕÍÍԒˉÐ?\"/pause 500/speak Linus \"Ȥ³ƱթÒã¨ÁÒ¡ á˅äˑ˕Ð ¢ÍºȤ³ÁÒ¡! ã¹¡ÒÃËÒÍÒËÒÃã¹á˅ÅÐħ¹ ĉ¹âª¤ƤÁÒ¡á̅Ç$h\"/pause 1000/speak Robin \"̎Ò... ʁä˴$5\"/pause 500/faceDirection Robin 3/pause 500/speak Robin \"@? Ȥ³ɤàËȑÍ¹ ƱÍÐäÃ¨Ðɮ´ËȓÍà»˕Ò...\"/pause 500/question fork0 \"#ĉ¹Ƃ¹ƤÁÒ¡¹Ðāº¡ÒÃч ƵęÊŇÒƤ...#ĉ¹ÍÂÒ¡àŪ­ƵęÊ ä»ÍÒĨÂÍԒã¹¿ÒΓÁ¢Í§ĉ¹...\"/pause 100/fork linusWell/faceDirection Robin 2 true/textAboveHead Robin \"ڗÇÇ!\"/showFrame Linus 22/jump Linus/pause 2000/showFrame Linus 0/pause 1000/showFrame Linus 0/faceDirection Robin 2/speak Robin \"ι¹ã¨ƤÁÒ¡æ àÅÂ¹Ð! àʛ¹¤ÇÒÁŤ´чÂÍ´àђÂÁ! ĉ¹ÊÒÁÒÃ¶ ỄÒ§˺Ò¹ã̋ƵęÊä˴¹Ð$h\"/move Robin 0 1 1/speak Robin \"ƵęÊã¹чɊ´Ȥ³ʁ¨Ðä˴ ã˪թÒ̃Í¹ ¨Ðä˴Ʊ˺Ò¹ÍԒÍÒĨÂá̅Ç ˕Ð¹Ð Ȥ³˕ÐŤ´˗Òä§?\"/playMusic spring_day_ambient/pause 1000/showFrame Linus 19/pause 1000/speak Linus \"à˝Í...$s#$b#ȝÁ... äˑ˕Ð ¢ÍºȤ³$s\"/playSound thudStep/showFrame Robin 19/positionOffset Robin 0 -8/pause 40/positionOffset Robin 0 -8/pause 40/positionOffset Robin 0 -8/pause 40/positionOffset Robin 0 -8/pause 40/positionOffset Robin 0 -8/pause 40/positionOffset Robin 0 -8/pause 40/positionOffset Robin 0 -8/pause 40/positionOffset Robin 0 -8/playSound woodWhack/textAboveHead Robin \"ÍÐäÃ¹Ð..?\"/pause 1000/emote farmer 8/emote Linus 28/playMusic echos/speak Linus \"¢ÍºȤ³ã¹¤ÇÒÁàÁµµÒ...¢Í§Ȥ³¨ƃ§æ...$s#$b#á˅... ĉ¹à¤ÂºÍ¡ÁÒʱÍ¹á̅Ç... ˗Òĉ¹àȕÍ¡¨Ðã˪ƚƇµáºº׉...\"/pause 500/showFrame Linus 0/move Linus 0 1 2/pause 500/speak Linus \"ĉ¹ªÍºÍԒ¤¹àƤÂÇÁÒµÅÍ´... ĉ¹ªÍº¤ÇÒÁàƗÂºÊ§º... ¡ÒÃ¢Ģºä»µÒÁĈ§ËÇÐ ¢Í§¸ÃÃÁªÒŵ...#$b#ġ¹àʛ¹ƚƇµчĉ¹¾Íã¨ ĉ¹äˑà¤Â ÍÂÒ¡à»ѕÂ¹á»Å§Ъ§׉\"/showFrame Linus 0/pause 500/move Linus 0 -1 3/faceDirection Linus 3/showFrame Robin 0/pause 1000/speak Robin \"ĉ¹Ť´˗Òĉ¹äˑà¤Â Ť´áººԹ¹àÅÂ...$5\"/move Linus 0 1 3/move Linus -2 0 0/faceDirection farmer 2/playMusic spring_day_ambient/speak Linus \"@... ĉ¹ģ¡ƁµÃÀÒ¾¢Í§àÃÒ àʛ¹Í˒Ò§ÁÒ¡àÅÂ˕Ð¹Ð áÅÐĉ¹ʁړ˗Ò Ȥ³àÍ§ʁàËȑÍ¹ā¹$h#$b#á˅... Ȥ³äˑĸÒàʛ¹˵Í§ ¾ÂÒÂÒÁч¨Ð 'ʺÇÂ' ĉ¹ËÃÍ¡¹Ð... ĉ¹ړƤ˗Òĉ¹ ¨Ðã˪ƚƇµĢ§ä§... âÍà¤äËÁ?\"/move Linus -2 0 3/faceDirection farmer 3/faceDirection Robin 3/emote farmer 60/speak Linus \"...Ȥ³ä˴¡Х¹ι¹ՁÂ? ¡Х¹ËÍÁËÇÒ¹¢Í§ ¼ÅàºÍΓѓɊ¡...$h\"/jump Linus/speed Linus 4/move Linus -4 0 3/move Linus 0 -10 0 true/fade/viewport -2000 -2000/pause 2000/end",
        "linusWell": "pause 100/friendship Linus 250/move Linus 0 1 3/move Linus -2 0 0/faceDirection farmer 2/faceDirection Robin 2/playMusic spring_day_ambient/speak Linus \"¢ÍºȤ³¹Ð @ Ȥ³ŇÒã̋ĉ¹àʛ¹˛Ç§ µÍ¹ÍԒчι¹... ĉ¹Ť´˗Ò Ȥ³¤§¨Ð¢Íã̋ĉ¹ ̂ÒÂä»ÍԒāºȤ³! *¢ƂºµÒ*#$b#Ȥ³ړƊ¹Ð ĉ¹Ť´˗ÒȤ³àʛ¹àҮÍ¹ÊŹ· ¢Í§ĉ¹ã¹ɋºà¢Ò׉á̅Ç˕Ð... Ȥ³äˑà¤Â¾ÂÒÂÒÁч¨Ð 'ıÒË¹´' à̊¹·Ò§ã̋ĉ¹àÅÂ... ĉ¹à¤ÒÃ¾ã¹ƇƦƚƇµ ¢Í§ĉ¹àÍ§ á́˗ÒȤ³¨ÐĢ§äˑàˢÒã¨ʁµÒÁ$h#$b#ĉ¹ړǪ¡¢ÍºȤ³¨ƃ§æ\"/move Linus -2 0 3/faceDirection farmer 3/faceDirection Robin 3/emote farmer 32/speak Linus \"˝ÒΛ... Ȥ³ä˴¡Х¹¾Ç¡Թ¹ՁÂ? ¡Х¹ËÍÁËÇÒ¹ ¢Í§àºÍΓѓɊ¡...$h\"/jump Linus/speed Linus 4/move Linus -4 0 3/move Linus 0 -10 0 true/fade/viewport -2000 -2000/pause 500/speak Robin \"˝ÒÒ.. Ъ§ËÍÁËÇÒ¹à̂ÒÂÇ¹ã¨...$h\"/pause 1000/end",
        "5183338/e 3917666/O Maru/w sunny/t 2200 2500": "nightTime/-1000 -1000/farmer 23 29 3 Maru 14 29 3/skippable/changeToTemporaryMap NightSceneMaruMap2 false/bgColor 0 0 0/ambientLight 0 0 0/viewport 14 25 true clamp/pause 1000/move farmer -8 0 3/faceDirection Maru 1/pause 800/showFrame Maru 32/pause 700/showFrame Maru 4/speak Maru \"à̎ @ à¸ÍÁÒä˴ė¹àÇÅÒ¾ÍƤ... ´ÒÇËÒ§ıÒĥ§¨Ð »ÃÒ¡¯ÍÍ¡ÁÒá̅Ç\"/pause 500/faceDirection Maru 2/pause 1000/faceDirection farmer 2/pause 1000/speak Maru \"àʛ¹Ǵ¹чÊÇÂ§ÒÁãʺՁÂ˕Ð?\"/pause 2000/faceDirection Maru 1/faceDirection farmer 3/pause 1000/speak Maru \"ĸÒ¤Ճ§áÃ¡чàÃÒ ŇÒáºº׉ä˴ՁÂ? ġ¹ʁˌÒ¹ÁÒĞ¡Ǚ§á̅Çà¹ÍÐ...\"/faceDirection Maru 2/speak Maru \"ĉ¹àǱÍº¨Ð àŻ´à¼Â¤ÇÒÁړǪ¡чá˷¨ƃ§ ¢Í§ĉ¹ã¹Ǵ¹Թ¹ á˅ĉ¹¡ĥÇ˗Ò Ȥ³ÍÒ¨¨Ð»ůàÊ¸ĉ¹\"/faceDirection Maru 1/speak Maru \"ã¤Ã¨Ðä»ړ˕Ð˗Ò Ëĥ§¨Ò¡Թ¹äˑ¹Ò¹ àÃÒʁá˅§§Ò¹ā¹!$h\"/pause 500/emote farmer 20/pause 500/jump Maru/pause 400/speak Maru \"â̍! ä˴àÇÅÒá̅Ç...\"/faceDirection Maru 3/faceDirection farmer 3 true/showFrame Maru 28/emote Maru 40/pause 1000/textAboveHead Maru \"̇ÒÇ!\"/pause 3000/showFrame Maru 12/move Maru 0 1 0/speak Maru \"ɤƊ!\"/pause 500/move farmer -1 0 3/pause 1000/animate farmer true true 100 35/pause 1000/fade/viewport -1000 -1000/pause 1000/playMusic spaceMusic/warp Maru 15 29/faceDirection Maru 3/cutscene marucomet/pause 1000/viewport 14 25 true clamp/pause 3000/stopAnimation farmer/pause 1000/faceDirection farmer 1/pause 500/speak Maru \"Ëĥ§¨Ò¡чàʫ¹´ÒÇËÒ§ ġ¹àʛ¹¸ÃÃÁàƩÂÁ ч¨Ð˵Í§¢Í¾Ã...\"/pause 500/quickQuestion à¸Í¨Ð¢ÍÍÐäÃ?#ɵ¡¤¹ãËˑ#¢Íã̋àÃÒä˴áʱä»˴ÇÂā¹#¢Íã̋ÃÇÂ¡˗Ò׉ (break)jump Maru\\pause 500\\speak Maru \"â̍! ¾Ç¡àÃÒÅÍ§ɤä˴ÍԒá̅Ç...$l\"\\emote Maru 20(break)emote Maru 20\\speak Maru \"ι¹ġ¹... ˉÒģ¡Ĉ§àÅÂ!$l#$b#ĉ¹ʁÍŸÉ°Ò¹ áººàƤÂÇā¹āºà¸ÍàÅÂ˕Ð$l\"(break)speak Maru \"àŧ¹? â̍...$s#$b#ʁƤ¹Ð ĉ¹Ť´˗Òġ¹ʁàÍÒÁÒã˪ä˴¨ƃ§ ι¹áËÅÐ...$8\"\\emote Maru 28\\speak Maru \"ĴÒÍŸÉ°Ò¹¢Í§ ĉ¹ġ¹âÃáÁ¹ŵ¡ ¡˗ÒԹ¹Ź´ËˉÍÂ...\"/pause 2000/animate Maru false true 100 28/animate farmer false true 100 101/positionOffset farmer 16 0/specificTemporarySprite heart 15 29/pause 2000/specificTemporarySprite maruTelescope/viewport move 0 -1 13000/pause 16000/fade/viewport -1000 -1000/pause 3000/end newDay",
        "9333219/O Sebastian/f Sebastian 3500/w rainy/t 600 1900": "rain/48 36/farmer 49 31 2 Sebastian 50 36 3/makeInvisible 44 31 5 5/addConversationTopic sebastianFrog 0/skippable/move farmer 0 4 2/faceDirection Sebastian 0/speak Sebastian \"à̎ @... Ƥã¨Ĉ§чȤ³ÁÒ\"/emote farmer 8/faceDirection Sebastian 3/speak Sebastian \"ġ¹Ʊ¡ººÒ´àʈº ÍԒã¹ӞÁä́ι¹... ¼Á¨Ðä»ʺÇÂà¢Ò!\"/emote farmer 28/faceDirection Sebastian 0/speak Sebastian \"¼Á˵Í§¡ÒÃ ¤ÇÒÁʺÇÂàËȕÍ¢Í§Ȥ³ Ȥ³̍ÍÁӞÁä́ι¹ä» á̅ÇÅÍ§ŇÒã̋ àˤÒÁÒ·Ò§¼ÁƧ ¼Á¨ÐÃÍĈºàˤÒ µÃ§׉áËÅÐ\"/pause 500/faceDirection Sebastian 3/move farmer -5 0 2/pause 500/showFrame Sebastian 54/playSound grassyStep/pause 500/speak Sebastian \"âÍà¤... Ȥ³¾̃ÍÁ¹Ð?\"/emote farmer 56/textAboveHead Sebastian \"µÍ¹׉áËÅÐ!\"/pause 500/doAction 44 36/pause 1000/doAction 44 36/pause 1000/doAction 44 36/playSound croak/specificTemporarySprite sebastianFrog/pause 10000/playSound coin/showFrame Sebastian 55/jump Sebastian/textAboveHead Sebastian \"ä˴ĕÇà¢Òá̅Ç!\"/move farmer 5 0 2/move farmer 0 1 1/speak Sebastian \"à˨ÒĕÇ˹ÍÂчˉÒÊ§ÊÒÃ... ¢Ò¢Í§à¢Ò¤§¨ÐàʈºƊ¹ÐàщÂ$s\"/emote farmer 28/quickQuestion #àÃÒ¨ÐŇÒĢ§ä§āºà¢ÒƤ? #à¢Ò¨Ðàʛ¹ɵ¡ªÒÂ ¤¹ãËˑ¢Í§àÃÒ... #ĉ¹äˑŤ´˗Ò¨Ð ģ¡ÉÒËÒÂ¹Ð #ģ¡ÉÒà¢Ò¨¹¡ĥº ÁÒɊ¢ÀÒ¾Ƥā¹à¶ÍÐ!(break)speak Sebastian \"µÍ¹׉¼Á¨Ð¾Òà¢Ò ¡ĥºä»˺Ò¹áÅÐŇÒã̋ à¢ÒړǪ¡ÊºÒÂ #$b# ¼Á˗Ò¼Á˵Í§ËÒˢÍɱÅ àбÂÇāº¡ÒÃɤáÅ¡ºċ¡ËˉÍÂ äˑáˉ˗ÒÁÒƩÍÒ¨¨Ð ړƇƨɤáÅ¡ºʁä˴\"(break)speak Sebastian \"˞Ò ãʺá̅Ç ĉ¹˗ÒÍ˒Ò§Թ¹áËÅÐ$h#$b# à¢Òä˴¤ÇÒÁÊ¹ã¨¢Í§Ȥ³ ä»àʕÁæàÅÂ...$7\"\\faceDirection farmer 2 true\\jump farmer\\showFrame farmer 94\\startJittering(break)emote Sebastian 12\\speak Sebastian \"àÍÒ˕Ð ¢Íâ·É¹Ð˶Ò¼Áäˑä˴ Ê¹ã¨ĴÒɮ´¢Í§Ȥ³... ¼ÁÍÂÒ¡¨ÐÁÍºâÍ¡ÒÊ ã̋à˨ÒĕÇ˹ÍÂчˉÒÊ§ÊÒÃщ\"(break)speak Sebastian \"¾Ç¡àÃÒ¨ÐŇÒã̋ƤчɊ´ á˅¨Ðäˑɬ¡Ğ¹Έāºġ¹ÁÒ¡ä»...\"/pause 300/stopJittering/stopAnimation farmer/faceDirection farmer 1/pause 500/speak Sebastian \"¾Òà¢Ò¡ĥº˺Ò¹ā¹à¶ÍÐ\"/pause 500/playSound croak/pause 2000/end",
        "8357109/w sunny/t 600 1900/n linusTrashCleanup": "spring_day_ambient/-1000 -1000/farmer -100 -100 2 Linus 63 21 2/skippable/hideShadow Linus true/showFrame Linus 24/specificTemporarySprite staticSprite LooseSprites\\\\Cursors2 129 241 14 15 60 20/viewport 63 21 true/pause 5000/speak Linus \"ؽÁÁÁÁÁ... ړǪ¡Ƥ¨ƃ§æ$4\"/pause 1000/speak Linus \"թÒäˑà¤ÂÊÐÍÒ´áºº׉ ÁÒʱÍ¹àÅÂ$4\"/pause 2000/speak Linus \"...ĕÇĉ¹ʁàÅÂÊÐÍÒ´ä»˴ÇÂ! áÎÐáÎÐáÎÐ$5\"/pause 3000/end",
        "8959199/w sunny/t 600 1900/e 6497428/f Leo 2250/F": "sad_kid/-1000 -1000/farmer -100 -100 2 Linus 30 9 3 Leo 28 9 1 Penny -100 -100 2 Jas -100 -100 3 Vincent -100 -100 1/skippable/specificTemporarySprite LeoLinusCooking/animate Linus true true 500 20 21/viewport 26 9 clamp true/viewport move 1 0 10000/pause 1000/textAboveHead Leo \"ġ¹ã˪ä˴á̅Ç!\"/pause 4000/textAboveHead Linus \"Ģ§...\"/pause 1500/emote Leo 28 true/pause 500/fade/viewport -1000 -1000/changeLocation ArchaeologyHouse/warp Penny 18 9/warp Linus -100 -100/showFrame Penny 18/warp Jas 19 10/showFrame Jas 22/warp Vincent 16 10/showFrame Vincent 24/warp Leo 18 12/showFrame Leo 24/pause 500/viewport 13 10 clamp true/viewport move 1 0 8000/pause 2000/textAboveHead Penny \"µÍºä˴ƤÁÒ¡ʴÐ ƵâÍ!\"/pause 1000/emote Leo 20 true/pause 2000/fade/viewport -1000 -1000/warp Penny -100 -100/warp Jas -100 -100/warp Jas -100 -100/changeLocation Beach/warp Leo 42 36/showFrame Leo 0/addTemporaryActor Willy 16 64 43 38 2/animate Willy false true 500 8 9 10 11/viewport 36 36 clamp true/viewport move 1 0 8000/pause 1000/emote Leo 40/pause 2000/shake Willy 3000/showFrame Leo 16/jump Leo/playSound waterSlosh/animate Willy false true 200 17 18/pause 500/specificTemporarySprite LeoWillyFishing/playSound dropItemInWater/textAboveHead Willy \"ä̍Ëɩ ä˴á̅Ç!\"/pause 500/playSound waterSlosh/pause 500/playSound waterSlosh/pause 500/fade/viewport -1000 -1000/changeLocation Town/warp Vincent -100 -100/warp Willy -100 -100/warp Jas 18 16/animate Jas false true 80 16 17 18 19/warp Leo 25 15/faceDirection Leo 3/viewport 18 16 clamp true/viewport move 1 0 9000/pause 3000/doAction 24 16/pause 500/doAction 24 16/stopAnimation Jas/faceDirection Jas 1/emote Jas 8/doAction 24 16/showFrame Leo 16/shake Leo 3000/jump Leo/positionOffset Leo 4 0/pause 100/positionOffset Leo 4 0/pause 100/positionOffset Leo 4 0/pause 100/speed Leo 4/emote Jas 16 true/advancedMove Leo false 3 0 0 4 7 0/pause 2000/fade/viewport -1000 -1000/pause 600/changeLocation LeoTreeHouse/pause 500/warp Vincent -100 -100/warp Jas -100 -100/viewport 3 3 true/pause 4000/stopAnimation Leo/faceDirection Leo 0/warp Leo 3 8/playSound doorClose/move Leo 0 -3 0/move Leo -1 0 3/doAction 1 5/pause 500/speak Leo \"˞Òæ! ... àʛ¹ħ¹чƤĈ§!$h\"/pause 1000/faceDirection Leo 2/pause 1000/showFrame Leo 18/pause 1000/speak Leo \"Ȥ³ړãʺՁÂ... ¼ÁĢ§Ť´ǖ§ ¤ÃÍº¤ģÇº¹à¡ÒÐ ¢Í§¼ÁÍԒ...$s\"/pause 400/showFrame Leo 0/speak Leo \"á˅˚Ç¹ãËʽ ¼ÁʁƱ¤ÇÒÁɊ¢Ƥ àÇÅÒчǙ¡ǖ§¤ÇÒÁ·Ã§ĸÒ ¾Ç¡Թ¹ˉÐ¹Ð äˑä˴àÈ̃ÒËÃÍ¡\"/pause 400/faceDirection Leo 3/speak Leo \"...áÅÐ¼Áʁ ړǪ¡¨ƃ§æ ¹Ð˗Ò ¼Áàʛ¹¤¹¢Í§чщ!$h\"/pause 500/doAction 1 5/pause 500/doAction 1 5/pause 1000/move Leo 0 -3 0/pause 2000/speak Leo \"àҮÍ¹ âÅ¡ãº׉ġ¹ÊÇÂ§ÒÁ...\"/pause 600/faceDirection Leo 1 true/pause 140/faceDirection Leo 2/pause 800/speak Leo \"...áÅÐ¼ÁʁɰƁã¨ чä˴àʛ¹˚Ç¹Ëѹ§ ¢Í§âÅ¡ãº׉!$h\"/pause 1000/doAction 1 5/pause 1000/fade/viewport -2000 -2000/pause 1500/end"
    }
}
