{
    "header": {
        "target": "w",
        "formatVersion": 5,
        "hidef": true,
        "compressed": 128
    },
    "readers": [
        {
            "type": "Microsoft.Xna.Framework.Content.DictionaryReader`2[[System.String, mscorlib, Version=4.0.0.0, Culture=neutral, PublicKeyToken=b77a5c561934e089],[System.String, mscorlib, Version=4.0.0.0, Culture=neutral, PublicKeyToken=b77a5c561934e089]]",
            "version": 0
        },
        {
            "type": "Microsoft.Xna.Framework.Content.StringReader",
            "version": 0
        }
    ],
    "content": {
        "528052/f Harvey 2500/t 900 1700/n harveyBalloon": "playful/26 38/Harvey 24 41 0 farmer 24 50 0/skippable/move farmer 0 -8 0/faceDirection Harvey 2/speak Harvey \"ÁÒá̅ÇàËÃÍ... ė¹àÇÅÒ¾ÍƤàÅÂ!$l\"/faceDirection Harvey 0/jump Harvey/pause 800/speak Harvey \"ɤƊ ġ¹ÁÒι¹á̅Ç!$8\"/emote farmer 8/move Harvey -1 0 1/move farmer -2 0 0/move farmer 0 -1 1/addTemporaryActor Marcello 16 32 25 19 2 true/positionOffset Marcello 36 558/animate Marcello false true 400 16 17/specificTemporarySprite marcelloLand/null/pause 1000/stopAnimation Marcello/pause 500/message \"ºƃ¡ÒÃã̋àʺÒºÍÅɵ¹ ¢Í§ÁÒΓà«ÅâÅ!\"/pause 1000/positionOffset Marcello -4 0/pause 20/positionOffset Marcello -4 0/pause 20/positionOffset Marcello -4 0/pause 20/positionOffset Marcello -4 0/pause 20/positionOffset Marcello -4 0/pause 20/positionOffset Marcello -4 0/pause 20/positionOffset Marcello -4 0/pause 20/positionOffset Marcello -4 0/pause 20/positionOffset Marcello -4 0/pause 20/jump Marcello 12/move Marcello 0 3 3/move Marcello -2 0 0/faceDirection Harvey 2/faceDirection farmer 2/message \"ÁÒΓà«ÅâÅ: ¾Ç¡Ȥ³ƱàÇÅÒ 2 ΪÇâÁ§¹Ð\"/faceDirection Marcello 3/faceDirection Marcello 2/message \"ÁÒΓà«ÅâÅ: µÍ¹׉... à݋ÂÇĉ¹¨Ðä»ËÒȨ´¢ÒÂ à¤ҳÍ§ҤÁá¶Ç׉Ī¡ËˉÍÂ?\"/move Marcello 0 9 1/warp Marcello -100 -100/faceDirection farmer 1/faceDirection Harvey 3/pause 500/speak Harvey \"¼Áàʫ¹â˦É³ÒºÍÅɵ¹ã̋àʺÒ ã¹Ëę§ȚÍžÁΎ áÅÐ¼ÁʁړàÅÂ˗Ò ġ¹ˉÒ¨ÐŇÒã̋ à¸Í»ÃÐËÅÒ´ã¨ÁÒ¡áˉæ\"/pause 800/question fork1 \"#ġ¹ɤˉÒÊȹ¡¹Ð! ä»ā¹à¶ÍÐ!#...˗Òá˅ Ȥ³¡ĥÇ¤ÇÒÁɺ§ËȓÍà»˕Ò?\"/fork afraid/pause 500/speak Harvey \"âÍà¤... àŪ­Ȥ³ʱÍ¹$l\"/pause 400/move farmer 0 1 1/faceDirection Harvey 1/move farmer 3 0 0/move farmer 0 -1 0/jump farmer 14/move farmer 0 -1 2/move Harvey 0 1 1/move Harvey 3 0 0/move Harvey 0 -1 0/jump Harvey 14/move Harvey 0 -1 2/pause 1000/showFrame Harvey 29/pause 300/playSound openBox/pause 300/showFrame Harvey 0/pause 400/playSound furnace/playMusic none/cutscene balloonDepart/viewport move 0 -1 6000/pause 2000/showFrame Harvey 30/jump Harvey 5/shake Harvey 7000/pause 7000/globalFade/viewport -2000 -2000/playMusic 50s/pause 2000/cutscene clearTempSprites/changeToTemporaryMap HarveyBalloon/cutscene balloonChangeMap/warp farmer 22 36/warp Harvey 22 36/positionOffset farmer 24 570/positionOffset Harvey 96 554/positionOffset farmer -8 -8/positionOffset Harvey -24 -8/showFrame Harvey 32/pause 1000/shake Harvey 19000/viewport 23 39 clamp true/viewport move 0 -1 17000/pause 18000/faceDirection farmer 1/showFrame Harvey 33/pause 1000/jump Harvey/showFrame Harvey 30/pause 800/showFrame Harvey 12/animate Harvey false true 100 12 13 14 15/positionOffset Harvey -4 2/pause 30/positionOffset Harvey -4 2/pause 30/positionOffset Harvey -4 2/pause 30/positionOffset Harvey -4 2/pause 30/positionOffset Harvey -4 2/pause 30/positionOffset Harvey -4 2/pause 30/positionOffset Harvey -4 2/pause 30/positionOffset Harvey -4 2/pause 30/stopAnimation Harvey/showFrame Harvey 31/positionOffset Harvey -4 0/playSound fishSlap/eyes 1 -2000/pause 2000/speak Harvey \"¾Ç¡àÃÒ... ¾Ç¡àÃÒÍԒɺ§ÁÒ¡... *¡ȕ¹թÒÅÒÂ*$8\"/shake Harvey 2000/pause 800/speak Harvey \"¼Á˵Í§¡ÒÃã̋Ȥ³ ړǪ¡»ÃÐėºã¨ ˴ÇÂЪ§׉... á˅ɤ¼ÁƊ ¼ÁĕÇϊ¹ä»ËÁ´á̅Ç$7\"/emote Harvey 28/pause 500/speak Harvey \"àÍÒ˕Ð Ȥ³ŇÒã̋¼Á¡̅Ò¾Í ч¨Ðښāºȷ¡Í˒Ò§ @...ι¹àʛ¹... ι¹àʛ¹˚Ç¹Ëѹ§чŇÒäÁ ¼Áǖ§ªÍºȤ³Ģ§ä§˕Ð$11\"/pause 1000/speak Harvey \"âÍà¤ à݋ÂÇ¼Á¨ÐàŻ´µÒá̅ÇÅÍ§ ÁÍ§Å§ä»ˢÒ§˕Ò§¹Ð... Í˒Ò»˕ÍÂȑÍ¼Á˕Ð$4\"/pause 800/positionOffset Harvey 4 -2/pause 30/positionOffset Harvey 4 -2/pause 30/positionOffset Harvey 4 -2/pause 30/positionOffset Harvey 4 -2/pause 30/positionOffset Harvey 4 0/pause 30/positionOffset Harvey 4 0/pause 30/faceDirection farmer 2/showFrame Harvey 0/pause 500/showFrame Harvey 33/pause 500/shake Harvey 4000/pause 500/showFrame Harvey 30/pause 2000/showFrame Harvey 33/pause 3500/speak Harvey \"¼Á... ¼ÁŤ´˗Ò¼ÁŇÒġ¹ä˴á̅Ç¹Ð$8\"/specificTemporarySprite balloonBirds/faceDirection farmer 2/pause 3000/faceDirection Harvey 1/faceDirection farmer 1/emote farmer 16 true/emote Harvey 16/pause 4000/faceDirection farmer 0/faceDirection Harvey 2/pause 10000/speak Harvey \"à̎ щġ¹àËȕÍàҚÍ¨ƃ§æ! ¼ÁŤ´˗Ò¼Áàʫ¹àÅƇÊ Ȓ¹ÍԒá¶Çæ¡ÅÒ§àȑÍ§¹Ð!$h\"/faceDirection farmer 2/pause 3000/speak Harvey \"â̍ чģ¡... àÇÅÒ¢Í§àÃÒ ã¡̅¨ÐËÁ´á̅Ç˕Ð$s\"/pause 400/faceDirection Harvey 3/faceDirection farmer 1/playMusic none/pause 500/speak Harvey \"ȝÁ... @? µÍ¹׉àÃÒʁړĈ¡ā¹ÁÒ¡ע¹ á̅Ç˴ÇÂ áÅÐ¼Á... ¼Á... à˝ÍÍ...$11\"/playMusic musicboxsong/pause 400/faceDirection Harvey 2/pause 500/faceDirection Harvey 3/speak Harvey \"...$11\"/specificTemporarySprite balloonBirds 2/pause 1000/showFrame Harvey 31/pause 500/showFrame 101/positionOffset Harvey -1 0/pause 30/positionOffset Harvey -1 -2/pause 30/positionOffset Harvey -1 -2/pause 30/positionOffset Harvey -1 0/pause 30/positionOffset Harvey -1 0/pause 30/positionOffset Harvey -1 0/pause 30/positionOffset Harvey -1 0/pause 30/positionOffset Harvey -1 0/pause 30/pause 5000/globalFade/viewport -1000 -1000/pause 2000/speak Harvey \"̇ÒÇ... àÃÒã˪àÇÅÒàš¹ ä»¤҃§ΪÇâÁ§á̅Ç ƳºÅ§ä»ˢÒ§˕Ò§ā¹Ƥ¡˗Ò$l\"/pause 2000/end dialogue Harvey \"¼Áäˑà¤ÂƱ¤ÇÒÁɊ¢áºº׉ ÁÒʱÍ¹ã¹ƚƇµàÅÂ$l\"",
        "afraid": "pause 500/speak Harvey \"¼ÁàËÃÍ... ¡ĥÇƊ$s#$b#á˅¼ÁԵ§ã¨ä̇á̅Ç ˗Ò¨ÐäˑËɂ´ŇÒ Ъ§чÍÂÒ¡¨ÐŇÒ˅Í¨Ò¡׉ āºȤ³ËÃÍ¡¹Ð$l#$b#¼Á¨Ð¾ÂÒÂÒÁäˑ¡ĥÇġ¹ÅÐā¹\"/pause 400/move farmer 0 1 1/faceDirection Harvey 1/move farmer 3 0 0/move farmer 0 -1 0/jump farmer 14/move farmer 0 -1 2/move Harvey 0 1 1/move Harvey 3 0 0/move Harvey 0 -1 0/jump Harvey 14/move Harvey 0 -1 2/pause 1000/showFrame Harvey 29/pause 300/playSound openBox/pause 300/showFrame Harvey 0/pause 400/playSound furnace/cutscene balloonDepart/playMusic none/viewport move 0 -1 6000/pause 2000/showFrame Harvey 30/jump Harvey 5/shake Harvey 7000/pause 7000/globalFade/viewport -2000 -2000/playMusic 50s/pause 2000/cutscene clearTempSprites/changeToTemporaryMap HarveyBalloon/cutscene balloonChangeMap/warp farmer 22 36/warp Harvey 22 36/positionOffset farmer 24 570/positionOffset Harvey 96 554/positionOffset farmer -8 -8/positionOffset Harvey -24 -8/showFrame Harvey 32/pause 1000/shake Harvey 19000/viewport 23 39 clamp true/viewport move 0 -1 17000/pause 18000/faceDirection farmer 1/showFrame Harvey 33/pause 1000/jump Harvey/showFrame Harvey 30/pause 800/showFrame Harvey 12/animate Harvey false true 100 12 13 14 15/positionOffset Harvey -4 2/pause 30/positionOffset Harvey -4 2/pause 30/positionOffset Harvey -4 2/pause 30/positionOffset Harvey -4 2/pause 30/positionOffset Harvey -4 2/pause 30/positionOffset Harvey -4 2/pause 30/positionOffset Harvey -4 2/pause 30/positionOffset Harvey -4 2/pause 30/stopAnimation Harvey/showFrame Harvey 31/positionOffset Harvey -4 0/playSound fishSlap/eyes 1 -2000/pause 2000/speak Harvey \"¾Ç¡àÃÒ... ¾Ç¡àÃÒÍԒɺ§ÁÒ¡... *¡ȕ¹թÒÅÒÂ*$8\"/shake Harvey 2000/pause 800/speak Harvey \"¼Ááʴ˵Í§¡ÒÃã̋Ȥ³»ÃÐėºã¨ ˴ÇÂЪ§׉... á˅ɤ¼ÁƊ ¼ÁщĕÇϊ¹ä»ËÁ´á̅Ç$7\"/emote Harvey 28/pause 500/speak Harvey \"àÍÒ˕Ð Ȥ³ŇÒã̋¼Á¡̅Ò¾Í ч¨Ðښāºȷ¡æ Í˒Ò§ @...ι¹àʛ¹... ι¹àʛ¹˚Ç¹Ëѹ§ чŇÒäÁ¼Áǖ§ªÍºȤ³ä§˕Ð$11\"/pause 1000/speak Harvey \"âÍà¤ ¼Á¨ÐàŻ´µÒá̅ÇÅÍ§ ÁÍ§Å§ä»ˢÒ§˕Ò§¹Ð... Í˒Ò»˕ÍÂȑÍ¼Á˕Ð$4\"/pause 800/positionOffset Harvey 4 -2/pause 30/positionOffset Harvey 4 -2/pause 30/positionOffset Harvey 4 -2/pause 30/positionOffset Harvey 4 -2/pause 30/positionOffset Harvey 4 0/pause 30/positionOffset Harvey 4 0/pause 30/faceDirection farmer 2/showFrame Harvey 0/pause 500/showFrame Harvey 33/pause 500/shake Harvey 4000/pause 500/showFrame Harvey 30/pause 2000/showFrame Harvey 33/pause 3500/speak Harvey \"¼Á... ¼ÁŤ´˗Ò¼ÁŇÒġ¹ä˴á̅Ç¹Ð$8\"/specificTemporarySprite balloonBirds/faceDirection farmer 2/pause 3000/faceDirection Harvey 1/faceDirection farmer 1/emote farmer 16 true/emote Harvey 16/pause 4000/faceDirection farmer 0/faceDirection Harvey 2/pause 10000/speak Harvey \"à̎ щġ¹àËȕÍàҚÍ¨ƃ§æ! ¼ÁŤ´˗Ò¼Áàʫ¹àÅƇÊ Ȓ¹ÍԒá¶Çæ¡ÅÒ§àȑÍ§¹Ð!$h\"/faceDirection farmer 2/pause 3000/speak Harvey \"â̍ чģ¡... àÇÅÒ¢Í§àÃÒ ã¡̅¨ÐËÁ´á̅Ç$s\"/pause 400/faceDirection Harvey 3/faceDirection farmer 1/playMusic none/pause 500/speak Harvey \"ȝÁ... @? µÍ¹׉àÃÒʁړĈ¡ā¹ÁÒ¡ע¹ á̅ÇáÅÐ¼Á... ¼Á... à˝ÍÍ...$11\"/playMusic musicboxsong/pause 400/faceDirection Harvey 2/pause 500/faceDirection Harvey 3/speak Harvey \"...$11\"/specificTemporarySprite balloonBirds 2/pause 1000/showFrame Harvey 31/pause 500/showFrame 101/positionOffset Harvey -1 0/pause 30/positionOffset Harvey -1 -2/pause 30/positionOffset Harvey -1 -2/pause 30/positionOffset Harvey -1 0/pause 30/positionOffset Harvey -1 0/pause 30/positionOffset Harvey -1 0/pause 30/positionOffset Harvey -1 0/pause 30/positionOffset Harvey -1 0/pause 30/pause 5000/globalFade/viewport -1000 -1000/pause 5000/globalFade/viewport -1000 -1000/pause 2000/speak Harvey \"̇ÒÇ... àÃÒã˪àÇÅÒàš¹ ä»¤҃§ΪÇâÁ§á̅Ç˕Ð Å§ä»ˢÒ§˕Ò§ā¹Ƥ¡˗Ò$l\"/pause 2000/end dialogue Harvey \"¼Áäˑà¤ÂƱ¤ÇÒÁɊ¢áºº׉ ÁÒʱÍ¹ã¹ƚƇµàÅÂ$l\"",
        "529952/C": "WizardSong/54 36/Wizard 54 36 0 farmer 50 40 1/addQuest 28/skippable/move farmer 1 0 0/move farmer 0 -4 1/faceDirection Wizard 3 true/move farmer 1 0 1/pause 800/faceDirection Wizard 0/pause 600/emote Wizard 40/pause 500/speak Wizard \"ÍÒ... @ ˢÒÃÍà˨ÒÍԒ\"/pause 800/faceDirection Wizard 3/pause 400/faceDirection Wizard 0/pause 400/speak Wizard \"ˢÒà¤ÂºÍ¡à˨Ò ä»ǣĢ§¹Ð˗Ò ˢÒà¤Âá˅§§Ò¹ÁÒʱÍ¹ˉÐ?\"/pause 800/faceDirection Wizard 3 true/pause 50/faceDirection Wizard 2/pause 800/showFrame Wizard 18/pause 800/speak Wizard \"àʛ¹àҳÍ§чá»Å¡Ɗ¹Ð ˢÒړ... ŚÒËģº¤¹Í˒Ò§ˢÒˉÐ¹Ð á˅ġ¹ʁàʛ¹àҳÍ§¨ƃ§\"/pause 500/showFrame Wizard 0/pause 800/faceDirection Wizard 3/speak Wizard \"ˢÒāºÀÃÃÂÒ ÍԒ˴ÇÂā¹ÁÒËÅÒÂƫ ¨¹¡ÃÐη§ˢÒ ä˴ŇÒ¾ÅÒ´¤Ճ§ãËʽÅ§ä» ˴ÇÂ¡ÒÃĂºä˕¹Ò§ÍÍ¡ä»\"/pause 400/faceDirection Wizard 0/speak Wizard \"¤ÇÒÁâ¡Ã¸áÅÐƃÉÂÒ¢Í§¹Ò§ Ƀ¹áÃ§ÁÒ¡¨¹à»ѕÂ¹ ã̋żÇ¢Í§¹Ò§àʛ¹ƺàƒÂÇ áÅÐàУÁź¹ä»ÃÍºæ àȑÍ§¾̃ÍÁÊÒ»áʺ§ ȷ¡Í˒Ò§ч¹Ò§ź¹ˌÒ¹...\"/pause 1000/speak Wizard \"µÍ¹чˢÒä˴ÁÒ¾ºчщ ˢÒʁä˴Ż´¼Ǚ¡ ·Ò§àˢÒ˺Ò¹¢Í§¹Ò§ä»... ˴ÇÂà¡Ã§˗Ò ªÒÇàȑÍ§ڌºƃɊ·ڸ ÍÒ¨¨Ð˵Í§µ¡àʛ¹àËҲÍ Á¹΅ńÒ¢Í§¹Ò§àˢÒ\"/move Wizard -1 0 3/speak Wizard \"á˅µÍ¹׉ ˢÒ¨Ð˵Í§àŻ´¼Ǚ¡ġ¹ÍÍ¡... à¾ÃÒÐµÍ¹чàÃÒáÂ¡·Ò§ā¹ ¹Ò§àÍÒËǡ¡àÇ·Á¹µΓ ¢Í§ˢÒä»˴ÇÂ! ˢÒ˵Í§¡ÒÃ Ëǡ¡àÇ·Á¹µΓ¡ĥºÁÒ!$h#$b#ˢÒŤ´¨ÐŇÒġ¹˴ÇÂĕÇàÍ§ á˅˗ÒˢÒ... ˢÒäˑÍÂÒ¡¾ºà¨Í¹Ò§ƽ¡ ι¹ǈ§àʛ¹àËȵ¼ÅчˢÒ ˵Í§¡ÒÃ¤ÇÒÁʺÇÂàËȕÍ ¨Ò¡à˨Ò\"/move Wizard 1 0 0/speak Wizard \"àҮÍ¨ÐàŻ´à̊¹·Ò§׉ à˨Ò˵Í§ƱĢ¹΅á˛§¤ÇÒÁȑ´ (Dark talisman) ä»ȤÂāºâ¤ÃĚÊ ã¹ˇÍÃÐºÒÂթÒƊ... à¢Ò¨Ðړ˗Ò ¤ÇÃËÒġ¹ä˴¨Ò¡äË¹\"/pause 500/faceDirection Wizard 3/speak Wizard \"ˢÒ¨Ð¢ÍºȤ³à˨Ò àʛ¹Í˒Ò§ÁÒ¡àÅÂ... ˶Òà˨ÒÊÒÁÒÃ¶ŉÒ Ëǡ¡àÇ·Á¹µΓ¢Í§ˢÒ ¡ĥºÁÒä˴ ˢÒ¢Íã̋Ī­­Ò ˢÒ¨Ðã̋ÃÒ§ħÅчلÁʴÒ āºà˨Ò... µÍ¹׉ä»ä˴á̅Ç!\"/pause 500/faceDirection Wizard 2/pause 500/showFrame Wizard 16/pause 500/playSound wand/warp Wizard -3000 -3000/specificTemporarySprite wizardWarp2/faceDirection farmer 2 true/showFrame farmer 94/pause 3000/showFrame farmer 0/specificTemporarySprite witchFlyby/pause 4000/end"
    }
}
