{
    "header": {
        "target": "w",
        "formatVersion": 5,
        "hidef": true,
        "compressed": 128
    },
    "readers": [
        {
            "type": "Microsoft.Xna.Framework.Content.DictionaryReader`2[[System.String, mscorlib, Version=4.0.0.0, Culture=neutral, PublicKeyToken=b77a5c561934e089],[System.String, mscorlib, Version=4.0.0.0, Culture=neutral, PublicKeyToken=b77a5c561934e089]]",
            "version": 0
        },
        {
            "type": "Microsoft.Xna.Framework.Content.StringReader",
            "version": 0
        }
    ],
    "content": {
        "40/f Elliott 1000/p Gus/t 1500 2200": "playful/11 20/farmer 14 24 0 Elliott -30 -30 0 Clint 18 22 2 Marnie 9 22 3 Pam 7 18 1 Lewis 8 22 1 Pierre 4 22 2 Demetrius 3 23 1 Gus 14 18 2 Emily 16 18 3/skippable/move farmer 0 -3 3/faceDirection Pierre 1 true/move farmer -3 0 0/faceDirection Pierre 2 true/move farmer 0 -1 0/faceDirection Marnie 0 true/faceDirection Gus 3/speak Gus \"ä§ ĉ¹¨Ðä»ģºÍÍà´ÍΓ ƽ¡ċ¡á»º¹Ð\"/faceDirection Gus 2/move Emily 2 0 1/faceDirection Marnie 3 true/pause 800/move Emily -2 0 0/pause 1000/faceDirection Clint 3 true/move Emily 2 0 1/warp Elliott 14 24/playSound doorClose/pause 500/move Elliott 0 -3 3/faceDirection farmer 2 true/move Elliott -2 0 0/move Elliott 0 -1 0/faceDirection farmer 1/faceDirection Elliott 3/speak Elliott \"ÊħÊƤ @! ˉÒá»Å¡ã¨ÍÐäÃáºº׉!#$b#ĉ¹ÁÒËɂ´Ğ¡Ëĥ§¨Ò¡ àƒÂ¹ŹÂÒÂÁÒ 8 ΪÇâÁ§ŵ´$h\"/pause 400/faceDirection Elliott 1/speak Elliott \"ºÒΓà·¹à´ÍΓ! ¢ÍàƪÂΓчƤчɊ´ 2 áˡÇ!^ºÒΓà·¹à´ÍΓ! ¢ÍàƪÂΓчƤчɊ´ã̋¼Á áÅÐ¢ÍäÇΉŚÒËģºȤ³ڌËŭ§!\"/faceDirection Gus 3/faceDirection farmer 0/speak Gus \"...$u\"/move Gus 3 0 0/move Gus 0 -1 0/faceDirection Emily 2/playSound openBox/pause 400/playSound Milking/move Pam -6 0 0/move Gus 0 1 3/move Gus -5 0 2/faceDirection Elliott 0/pause 500/speak Gus \"ÍÐ ¢Í§чϊ§¤ģº$u\"/pause 500/faceDirection Elliott 3/faceDirection farmer 1/speak Elliott \"$q 28376 null#à݋ÂÇʱÍ¹ ¼Á¢ÍàÊ¹Í¢¹Áě§֛§! ŚÒËģº...#$r 28376 25 event_toast4#ŚÒËģºàȑÍ§à¾ƅá¡¹!#$r 28376 50 event_toast2#ŚÒËģº¤ÇÒÁĪÁĞ¹Έ¢Í§àÃÒ!#$r 28376 -10 event_toast1#ŚÒËģºɊ¢ÀÒ¾чƤ¢Í§ĉ¹!#$r 28376 -50 event_toast3#ŚÒËģº à¤ÃÒÐΛ¡ÃÃÁ¢Í§¹ÒÂ!\"/faceDirection Elliott 2/faceDirection farmer 2/pause 900/showFrame Elliott 16/animate Elliott false false 120 16 17 18 19 19 18 18 19 19 18 18 19 19 18 18 19 19 18 18 17 16/pause 500/farmerEat 346/pause 900/pause 1100/stopAnimation farmer/faceDirection farmer 1/speak Elliott \"*àނ¡*... àƪÂΓƤщËˉÒ...$h\"/pause 800/animate Elliott false false 400 20 21 22 21 20 21 22 21 20 21 22 21 20 21 22 21 16/pause 1000/faceDirection farmer 1/pause 800/faceDirection farmer 2/animate farmer false true 100 102 103/pause 1000/globalFade/viewport -1000 -1000/pause 600/stopAnimation farmer/end warpOut",
        "96/f Gus 1000/f Pam 500/p Gus": "jaunty/10 21/farmer -100 -100 0 Gus 10 21 2 Pam -101 -101 0/skippable/pause 200/emote Gus 28/pause 500/playSound doorClose/warp farmer 14 24/pause 500/faceDirection Gus 1 true/move farmer 0 -3 3/speak Gus \"â̍ ÊħÊƤ ¾ÃÃ¤¾Ç¡^ÊħÊƤ @ \"/pause 500/faceDirection Gus 2/move farmer -3 0 2/pause 800/faceDirection farmer 3/pause 400/emote farmer 8/pause 700/speak Gus \"*à̎ÍÍ*...ĉ¹ıÒĥ§ι§ɤÃÒÂģº ¢Í§àȄÍ¹чá̅Ç... áÅÐġ¹ɤäˑʴÍÂƤàÅÂ @$s#$b#Ъ§чá˒чɊ´... ĉ¹äˑªÍºàÅÂ ч¨ÐºÍ¡˗Òġ¹àʛ¹à¾ÃÒÐ àҮÍ¹¢Í§ĉ¹... á¾Áä§! à¸ÍĢ§äˑǴ¹àŧ¹ ¢Í§Ī»´ÒΛ׉ чˤÒ§ĉ¹àÅÂ !$s#$b#...á˅ĉ¹ʁäˑ¡̅Ò·Ç§à¸Í ĉ¹ړ˗Òà¸ÍƱě­ËÒ ч˵Í§áº¡ģº áÅÐĉ¹ʁäˑÍÂÒ¡ŇÒ̃ÒÂ ¤ÇÒÁړǪ¡¢Í§à¸Í$s\"/pause 600/faceDirection Gus 1/speak Gus \"@ à¸ÍʺÇÂĉ¹ËˉÍÂä˴äËÁ!$s\"/stopMusic/pause 500/playSound doorClose/warp Pam 14 24/move Pam 0 -3 3/faceDirection Gus 1 true/faceDirection farmer 1/emote Gus 16/speak Pam \"ÊħÊƤ!$h#$b#āÊ... ĉ¹¡ÃÐËÒÂթÒÁÒ¡ ¤§ړ¹Ð˗Òĉ¹ËÁÒÂǖ§ÍÐäÃ\"/emote Gus 28/speak Gus \"àЭÁÁ... âÍà¤á¾Á$s\"/emote Gus 28/pause 700/emote Pam 8/pause 400/speak Pam \"$q 207 null#@ ƱÍÐäÃàËÃÍ?#$r 207 -50 event_credit1#à¸Í˵Í§ʸÒÂË׉¢Í§à¸Í ÁÒà݋ÂÇ׉!#$r 208 15 event_credit2#Ê¶Ò¹Ð¡ÒÃàŧ¹¢Í§чщ äˑʴÍÂƤàÅÂ\"/pause 400/faceDirection Pam 1/emote Pam 12/speak Pam \"....$u#$b#*¶Í¹ËÒÂã¨* ...ȝÁ ĉ¹Ť´˗Òĉ¹¨Ð¾ÂÒÂÒÁ ʸÒÂË׉ã̋àʣÇ¡˗Ò׉$s\"/move Pam -2 0 0/move Pam 0 -1 3/move Pam -2 0 2/faceDirection Gus 0/faceDirection farmer 3/playSound money/pause 500/speak Gus \"¢ÍºȤ³ÁÒ¡á¾Á!$h\"/pause 500/faceDirection Gus 1/speak Gus \"áÅÐ¢ÍºȤ³ @$u\"/pause 500/faceDirection Gus 0/speak Gus \"àÍÒ˕Ð щŚÒËģºà¸Íá¾Á$h\"/friendship Gus 50/end dialogue Gus \"¢ÍºȤ³чʺÇÂ¹Ð @ àŧ¹щʺÇẪÒ¹ä˴ÁÒ¡¨ƃ§æ\"",
        "97/f Clint 750/t 1900 2300/d Tue Wed Thu Fri Sat Sun": "none/4 18/farmer 14 24 0 Clint 4 19 2 Emily 10 11 0 Gus 15 18 1 Shane 7 18 1/skippable/move farmer 0 -3 3/emote Clint 28/pause 500/move Clint 0 -1 3/move Clint -3 0 0/pause 500/playSound openBox/pause 150/playSound shiny4/pause 400/playMusic desolate/move Clint 3 0 2/move Clint 0 1 2/move farmer -3 0 0/move farmer 0 -1 3/faceDirection Shane 2 true/move farmer -3 0 3/faceDirection Shane 1 true/move farmer -3 0 3/faceDirection Clint 1/speak Clint \"ÊħÊƤ @... ¨Ðàʛ¹äÃäËÁ ˶Ò¨ÐÁÒ˓ÇÁḁ̂Ðāºĉ¹?\"/pause 400/faceDirection farmer 0/pause 800/faceDirection farmer 3/faceDirection Clint 2/speak Clint \"ğ§ĉ¹ËˉÍÂ¹Ð ĉ¹ÍÂÒ¡¨ÐÃÐºÒÂÍÐäÃ āºà¸ÍËˉÍÂ$u#$b#ĉ¹âª¤äˑʴÍÂƤàҳÍ§ڌËŭ§ @...*à˞ÍÍÍ*$s#$b#ĉ¹ʁàʛ¹¤¹Ƥ¤¹Ǚ§¹Ð ˶Òä˴ÁÒړĈ¡ĉ¹¨ƃ§æ ÊÒºÒ¹ä˴àÅÂ!$u\"/pause 500/faceDirection farmer 0/emote farmer 28/pause 500/faceDirection farmer 3/speak Clint \"ɤàËȑÍ¹ÊÒÇæ ã¹àȑÍ§¨ÐªÍºá˅¹ÒÂ¹Ð @...^à¸Íàʛ¹ڌËŭ§щ @...\"/speak Clint \"$q 211 null#Ʊà¤ʥ´ĥº˺Ò§äËÁ?^ƱĴÒá¹ÐŉÒÍÐäÃ ã̋āºĉ¹äËÁ?#$r 211 25 event_advice1#ã˪¤ÇÒÁáʂ§áÃ§áÅÐàÊˉΛ ỄÒ§¤ÇÒÁ»ÃÐėºã¨ã̋ڌËŭ§#$r 211 25 event_advice1#ŇÒĕÇ̪Í§æ ä̇ àҮÍã̋¤¹ηÇä» ˵Í§¤Ò´à´Òà¸ÍÍԒàÊÁÍ#$r 211 0 event_advice2#ŇÒĕÇµÒÁ¸ÃÃÁªÒŵ... àʛ¹Í˒Ò§чà¸Íàʛ¹#$r 211 25 event_advice1#ŇÒāºڌËŭ§àËȑÍ¹ڌªÒÂ ηÇä»áËÅÐ\"/speed Emily 4/move Emily -6 0 2/speed Emily 2/move Emily 0 4 2/doAction 4 16/playSound openBox/stopMusic/move Emily 0 3 1/move Emily 1 0 2/move Emily 0 1 3/pause 400/pause 700/speak Emily \"ä§¤ƅ¹· ¨Ðã̋ĉ¹ŇÒÍÐäÃã̋š¹ƤǴ¹׉?$h\"/pause 600/faceDirection Clint 1/pause 200/speak Clint \"ãʺæ!\"/pause 300/speak Clint \"à˝ÍÍÍ.. ĉ¹ËÁÒÂ¤ÇÒÁ˗Ò ĉ¹¢Íàʛ¹ ݢ¡ áÍ¹΄ ƚÊњ (Big n' Cheesy) àОÁ«ÍÊ ÅÐā¹$s#$b#...$u\"/faceDirection Clint 3/faceDirection Emily 2/pause 300/faceDirection Clint 2/speak Emily \"ä§ @\"/pause 300/faceDirection farmer 0/faceDirection Clint 1/speak Clint \"à˝Í... *ÍÐá˞Á* ¢...¢Íºã¨¹ÐàÍƁѕ ч... ÁÒģºàÁɩ#$b# àÍƁѕ? ĉ¹... ĉ¹Ê§ĪÂ˗Ò...$h\"/pause 300/faceDirection Emily 3/emote Emily 8/pause 400/speak Emily \"˗Òä§¤ƅ¹·?$u\"/pause 500/emote Clint 28/pause 1200/speak Clint \"...àЭÁÁÁ äˑƱÍÐäÃ$s\"/faceDirection Clint 0/playMusic sadpiano/pause 300/faceDirection Emily 2/pause 300/faceDirection Emily 3/pause 500/move Emily 0 -1 1/move Emily 1 0 1/faceDirection Shane 3/speak Emily \"ä§àª¹! щà¤ҳÍ§ҤÁ¢Í§¹ÒÂ$h\"/pause 300/faceDirection Shane 1/pause 400/addObject 8 17 346 1/playSound woodyStep/pause 400/faceDirection Shane 3/pause 300/faceDirection Clint 1/speak Shane \"¢ÍºȤ³¹ÐàÍƁѕ!$h#$b#á̅Çʁ... ÁÒȤÂāºĉ¹ËˉÍÂä˴ՁÂ?\"/speak Emily \"ä˴Ɗ! Ƃ¹ƤàÅÂàª¹!$h#$b#à¸ÍƱàҳÍ§à˕ÒàбÂÇāºäʱ ÁÒºÍ¡ĉ¹ƽ¡á̅ÇàËÃÍ?\"/pause 600/emote Clint 28/pause 500/faceDirection Clint 2/pause 800/speak Clint \"*à̎ÍÍ*$s#$b#¨ºá̅Çĉ¹...$s\"/end warpOut",
        "911526/f Alex 2500/t 1900 2200/n joshMessage": "gusviolin/-1000 -1000/farmer 5 5 1 Gus 10 6 2 Alex 9 5 3 Emily 9 17 2/skippable/showFrame 117/showFrame Alex 39/positionOffset farmer 12 8/positionOffset Alex -12 0/animate Gus false true 723 16 17/viewport 7 4 true/pause 23000/stopAnimation Gus/pause 1000/faceDirection Gus 3/speak Alex \"¢ÍºȤ³¹ÐāÊ ġ¹àђÂÁÁÒ¡àÅÂ\"/move Gus 0 1 1/move Gus 1 0 2/move Gus 0 1 2/doAction 11 9/move Gus 0 3 1/move Gus 12 0 3 true/speak Alex \"ġ¹àђÂÁÁÒ¡... ĉ¹äˑà¤ÂÁÒ·Ò¹ÍÐäÃ чщÁÒʱÍ¹\"/pause 1000/emote Alex 40/speak Alex \"Ģ§ä§ʁµÒÁ... ĉ¹¨Í§̋Í§˚Ç¹ĕÇä̇á̅Ç àҮÍàÃÒ¨Ðä˴ȤÂā¹...$l\"/warp Emily 11 11 true/playSound woodyStep/move Emily 0 -4 3/move Emily -4 0 0/move Emily 0 -1 0/speak Emily \"¾ÒÊ˵Ò«ÍÊàʫ´ŚÒËģºȤ³ @ ^Êĥ´Ĝ¡áÅÐ¼Åä́ ŚÒËģºȤ³ڌËŭ§#$b#...áÅÐÊàʕ¡àةÍ˒Ò§ ŚÒËģºÍàʥ¡ͻ^...áÅÐÊàʕ¡àةÍ˒Ò§ ŚÒËģºȤ³ڌªÒÂ\"/playSound woodyHit/specificTemporarySprite joshDinner/speak Alex \"¢ÍºȤ³ÁÒ¡\"/move Emily 4 0 2/move Emily 0 5 1/move Emily 11 0 1 true/speak Alex \"àÍÒ˕Ð ĉ¹ƱÍÐäÃч ÍÂÒ¡¨Ðɮ´ËˉÍÂ...$9\"/playMusic musicboxsong/speak Alex \"*¡ȕ¹թÒÅÒÂ*$s\"/pause 600/speak Alex \"ǴÍ... àұÍµÍ¹àÃÒà¨Íā¹¤Ճ§áÃ¡ ĕÇĉ¹ɦ¡ǔ§ɤ´ àˢÒËÒ¹ÒÂė¹Ƨ ġ¹ĪºÊ¹ÁÒ¡... ġ¹äˑà¤Âàʛ¹áºº׉ÁÒʱÍ¹ äˑ˗Òāºã¤Ã$l^àұÍµÍ¹àÃÒà¨Íā¹¤Ճ§áÃ¡ ĉ¹Ť´˗Ò à¸ÍԹ¹â¤µÃˉÒģ¡àÅÂ$l#$b#ĉ¹ä˴á˅ºÍ¡ĕÇàÍ§˗Ò '¹ÒÂ¤§äˑړǪ¡áºº׉ āºڌªÒÂ¤¹ҽ¹ËÃÍ¡'$l^»¡ŵá̅Ç àұÍĉ¹Ê¹ã¨ã¤Ãċ¡¤¹ ¤ÇÒÁړǪ¡ġ¹ġ¡ ¨Ò§ËÒÂä»àʣÇàÊÁÍ...$l\"/pause 800/speak Alex \"...á˅īÇã¨ ġ¹ºÍ¡ÍÐäÃºÒ§Í˒Ò§ āºĉ¹^...á̅Çāºà¸Í ġ¹ʁʴÍÂæ àŵºâµע¹àҳÍÂæ$l\"/pause 400/emote Alex 40/pause 600/question fork1 \"#ĉ¹ʁړǪ¡áººԹ¹àËȑÍ¹ā¹#ĉ¹¢Íâ·É... ĉ¹äˑä˴ړǪ¡ÍÐäÃáººԹ¹ āºà¸Í\"/pause 400/fork rejectJosh/speak Alex \"...$l#$b#ĉ¹äˑÍÂÒ¡àҚÍàÅÂ! ι¹ǴÍԷ§ËÁ´чÍÂÒ¡¨Ðɮ´ āº¤¹чĉ¹ģ¡$l\"/emote Alex 32/pause 800/animate Alex false false 400 40 41 41 40 41 41 40 41 41 40 41 41 40/pause 800/playSound eat/pause 800/playSound eat/pause 800/playSound eat/pause 800/playSound gulp/pause 400/speak Alex \"ϗÒæ... Êàʕ¡щÃÊªÒŵƤ¨ƃ§æ à¸Íä˴¡Х¹ËÍÁщäËÁ?$10\"/eyes 1 -4000/animate Alex false false 400 40 41 41 40 41 41 40/pause 1000/specificTemporarySprite alexDiningDog/playSound dogWhining/pause 1000/globalFade/viewport -1000 -1000/pause 6000/end dialogue Alex \"...$l\"",
        "rejectJosh": "pause 100/playMusic none/shake Alex 2000/emote Alex 28/speak Alex \"...̽Ð...$s#$b#¼...¼Á¢Íâ·É чŇÒã̋Ȥ³äˑÊºÒÂã¨...$s\"/pause 2000/speak Alex \"¼ÁäˑʴÍÂƋÇá̅Ç˕Ð...$s\"/viewport move 1 1 5000/globalFade/viewport -1000 -1000/pause 4000/end dialogue Alex \"...$l\"",
        "195099/f Shane 2500/f Sebastian 2500/f Sam 2500/f Harvey 2500/f Alex 2500/f Elliott 2500/o Abigail/o Penny/o Leah/o Emily/o Maru/o Haley/o Shane/o Harvey/o Sebastian/o Sam/o Elliott/o Alex/e 911526/e 528052/e 9581348/e 43/e 384882/e 233104/i 446/k 195013": "playful/-1000 -1000/farmer 27 19 1 Sam 36 20 1 Sebastian 37 19 2 Harvey 39 19 2 Shane 40 17 2 Elliott 41 19 2 Alex 42 20 3/animate Shane false true 200 20 20 20 20 20 20 20 20 20 20 21 22 23 24 24 24 24 23 22 21 20 20 20 20/pause 1000/message \"˴ÇÂàËȵ¼ÅºÒ§Í˒Ò§ Ȥ³ĕ´Ɗ¹ã¨ч¨ÐàÍÒȑÍ ̅Ç§àˢÒä»ã¹¡ÃÐà͛Ò...\"/pause 500/message \"Ȥ³ĪÁĜÊɦ¡à˷Ò¡ÃÐ˅ÒÂ (rabbit's foot) áÅÐړǪ¡â˕§Í¡...\"/move farmer 5 0 1 true/viewport 37 19 true/move false/pause 500/faceDirection Sam 3 true/faceDirection Elliott 3 true/faceDirection Harvey 3 true/faceDirection Alex 3 true/faceDirection Shane 3 true/faceDirection Sebastian 3 true/textAboveHead Sam \"à̎!\"/textAboveHead Alex \"˗Òä§?\"/textAboveHead Shane \"â̍ à̎\"/pause 2000/move farmer 3 0 1/emote farmer 32/pause 500/speak Harvey \"Ȥ³ÁÒ»ÃÒ¡¯ĕÇė¹ ¡ÒÃáʲ§Ă¹á·§ɮÅ 8-ball ¤Ճ§áÃ¡¢Í§àȑÍ§à¾ƅá¡¹ ¾ÍƤàÅÂ!\"/pause 500/speak Elliott \"äˑ˵Í§˛Ç§¹Ð ¼Áʁäˑà¤Âà˕¹ÁÒʱÍ¹ àËȑÍ¹ā¹$h\"/pause 500/speak Shane \"ġ¹äˑÂÒ¡¹Ð Ȥ³ʁáʴ˵Í§ƪºġÊµÒΓ´ Å§º¹ɵ¡ɮÅċ¡ËˉÍÂ...$h\"/pause 500/fade/viewport -1000 -1000/pause 1500/message \"Ȥ³á·§ɮÅāº¾Ç¡ËәÁæ 1 µÒ\"/pause 1000/message \"à«ºÒÊàƥÂ¹ª¹Ð áË§ÍԒá̅Ç... á˅ġ¹ʁĢ§àʛ¹à¡Áч Êȹ¡ÁÒ¡æÍԒ!\"/pause 500/end",
        "195013/f Shane 2500/f Sebastian 2500/f Sam 2500/f Harvey 2500/f Alex 2500/f Elliott 2500/o Abigail/o Penny/o Leah/o Emily/o Maru/o Haley/o Shane/o Harvey/o Sebastian/o Sam/o Elliott/o Alex/e 911526/e 528052/e 9581348/e 43/e 384882/e 233104/k 195099": "playful/-1000 -1000/farmer 27 19 1 Sam 36 20 1 Sebastian 37 19 2 Harvey 39 19 2 Shane 40 17 2 Elliott 41 19 2 Alex 42 20 3/animate Shane false true 200 20 20 20 20 20 20 20 20 20 20 21 22 23 24 24 24 24 23 22 21 20 20 20 20/move farmer 5 0 1 true/viewport 37 19 true/move false/pause 500/startJittering/faceDirection farmer 2 true/animate farmer false true 100 94/jump farmer/pause 2000/stopAnimation farmer/showFrame farmer 0/stopJittering/playSound thudStep/faceDirection farmer 3 true/showFrame farmer 7 true/startJittering/faceDirection Sam 3 true/faceDirection Elliott 3 true/faceDirection Harvey 3 true/faceDirection Alex 3 true/faceDirection Shane 3 true/faceDirection Sebastian 3 true/textAboveHead Sam \"¨ÐƳºä»äË¹!\"/textAboveHead Alex \"ÃÍà݋ÂÇ!\"/textAboveHead Shane \"Ëɂ´!\"/pause 3000/stopJittering/showFrame farmer 6 true/pause 500/faceDirection farmer 1/move farmer 3 0 1/playMusic none/emote farmer 28/pause 500/speak Sam \"äˑà¤ÂŤ´˕ÐƊ˗Ò¨ÐÁÒà¨Í 'á¿¹ËәÁ' ȷ¡¤¹¢Í§Ȥ³ÍԒã¹̋Í§ ˴ÇÂā¹Է§ËÁ´ˉÐ ػÁ @?$a\"/pause 500/speak Harvey \"Ȥ³ËÅÍ¡ã̋¾Ç¡àÃÒȷ¡¤¹ ËÅ§ģ¡Ȥ³...$s^@... ¼ÁŤ´˗ÒȤ³ÍÂÒ¡¨Ðá˅§§Ò¹ áÅÐỄÒ§¤ÃÍº¤ģÇāº¼Á... ¼ÁŇÒÍÐäÃż´ËÃÍ?$s\"/pause 500/speak Shane \"àÈÉàךÂÇá˛§¤ÇÒÁËħ§ àÈÉɊ´˷ÒÂч¼ÁƱàËȕÍÍԒ ɦ¡ŇÒÅÒÂ¨¹֪¹«Ò¡... ¢Íºã¨¹Ð @ µÍ¹׉Ȥ³¾Íã¨á̅ÇǣĢ§?$s\"/pause 500/speak Alex \"@? ¼ÁàˢÒã¨˗Ò... ¼ÁàˢÒã¨˗Ò¾Ç¡àÃÒ 'àʛ¹¤¹žàÈÉ' ¢Í§ā¹áÅÐā¹... á˅Ȥ³áʴËÅÍ¡ã˪¼ÁãʺՁÂ?$s^Ȥ³¨ÐÁÍ§ *¼Á* àҮÍ? Ȥ³Ť´˗Ò¼Á¨ÐʺÇÂȤ³ǣĢ§ä§?$a\"/pause 500/speak Elliott \"щàʛ¹¤Ճ§áÃ¡ч ¼Áäˑړ¨Ðɮ´ÍÐäÃ...$a\"/pause 500/playMusic wedding/speak Sam \"àÍÒ˕Ð ¾Ç¡àÃÒ¨Ðäˑ·¹āº ¤ÇÒÁã¨ä́ä̊ÃÐıÒ¢Í§Ȥ³ ƽ¡˅Íä»!$a^µÍ¹׉¾Ç¡àÃÒړ¤ÇÒÁ¨ƃ§ Է§ËÁ´á̅Ç! áÅÐ¾Ç¡àÃÒ¨Ð äˑ·¹ƽ¡˅Íä»!$a\"/textAboveHead Alex \"ãʺá̅Ç!\"/pause 500/speak Sebastian \"ä§˕Ð? ƱÍÐäÃ¨ÐáˡĕÇՁÂ?$a\"/pause 1000/question fork1 \"#ĉ¹¢Íâ·É... ĉ¹ŇÒż´ä»á̅Ç.#¾Ç¡¹ÒÂã¨àʢ¹æ ā¹ʱÍ¹¹Ð! ĉ¹ÍŸºÒÂä˴...\"/fork choseToExplain/pause 500/textAboveHead Alex \"˨Ò...\"/pause 500/speak Shane \"àʛ¹¤ÇÒÁ¾ÂÒÂÒÁчƤ¹Ð á˅ġ¹äˑʺÇÂÍÐäÃàÅÂ...$a\"/pause 1000/playMusic none/speak Sam \"...à¾ÃÒÐԧ¹ ¾Ç¡àÃÒʁàÅÂ ĕ´Ɗ¹ã¨ä˴á̅Ç... ãʺՁÂ ¾Ç¡¹ÒÂ?$u\"/pause 500/speak Harvey \"...ãʺ$s\"/speak Elliott \"áˉ¹Í¹ÍԒá̅Ç$a\"/pause 1000/jump Sam/jump Sebastian/jump Elliott/jump Shane/jump Alex/jump Harvey/pause 1000/speak Sam \"¾Ç¡àÃÒ¨ÐäˑÊ¹ã¨ãÂƤȤ³ ƽ¡˅Íä»!$a\"/faceDirection farmer 2 true/animate farmer false true 100 94/jump farmer/playSound slimedead/pause 2000/fade/viewport -2000 -2000/dump guys 3/end warpOut",
        "choseToExplain": "pause 100/textAboveHead Shane \"¼ÁäˑŤ´˗Òġ¹ ˉÒàҚÍĪ¡àˇÒäË˓¹Ð...\"/pause 500/resetVariable/question fork2 \"#à¸ÍʲÁĉ¹àš¹ä»á̅Ç¹Ð! à¸ÍŇÒã̋ĉ¹ɮ´ĴÒ˗Ò *äˑ* ÍÍ¡ÁÒäˑä˴ËÃÍ¡!#ƫáÍΓ¡´Ĕ¹ĉ¹ÁÒ! à¢ÒÍÂÒ¡¨Ð¢ÒÂʺÍ´Í¡ä́ ã̋ä˴àÂÍÐæ!#(Start crying)\"/pause 100/fork crying/textAboveHead Sam \"¤¹â¡Ë¡!\"/textAboveHead Alex \"ãʺ!\"/speak Elliott \"Ȥ³ŇÒż´àÍ§ Í˒Òâ·É¤¹ҽ¹àÅÂ! щȤ³ıÒĥ§ŇÒã̋ ¤ÇÒÁˉÒàҚÍȆÍ¢Í§ĕÇàÍ§ Å´Å§ä»ƽ¡¹Ð...$a\"/pause 1000/faceDirection Sam 2/playMusic none/speak Sam \"...ĉ¹Ť´˗Ò¾Ç¡àÃÒÁÒǖ§ º·ÊɃ»¢Í§àҳÍ§׉á̅Ç˕Ð... ãʺՁÂ¾Ç¡àÃÒ?$u\"/pause 500/speak Harvey \"...ãʺ$s\"/speak Sebastian \"áˉ¹Í¹ÍԒá̅Ç$a\"/faceDirection Sam 3/pause 1000/jump Sam/jump Sebastian/jump Elliott/jump Shane/jump Alex/jump Harvey/pause 1000/jump Sam/jump Sebastian/jump Elliott/jump Shane/jump Alex/jump Harvey/pause 1000/jump Sam/jump Sebastian/jump Elliott/jump Shane/jump Alex/jump Harvey/pause 1000/speak Sam \"¾Ç¡àÃÒ¨ÐäˑÊ¹ã¨ãÂƤ Ȥ³ƽ¡˅Íä»!$a\"/faceDirection farmer 2 true/animate farmer false true 100 94/jump farmer/playSound slimedead/pause 2000/fade/viewport -2000 -2000/dump guys 4/end warpOut",
        "crying": "pause 100/faceDirection farmer 0/emote farmer 28/pause 1000/emote Harvey 12 true/emote Sebastian 12 true/emote Shane 12 true/emote Sam 12 true/emote Elliott 12 true/emote Alex 12 true/speak Harvey \"ġ¹äˑŚÒàʣ¨ËÃÍ¡¹Ð! ¤Ճ§׉Ȥ³¨Ðäˑä˴ģº ¤ÇÒÁàʫ¹Í¡àʫ¹ã¨ ¨Ò¡¾Ç¡àÃÒËÃÍ¡!$a\"/speak Alex \"¼Á¨ÐȆÍ˗Òщàʛ¹ ¡ÒÃáÊ´§ÅÐ¤Ãƽ¡©Ò¡Ëѹ§ á̅Çā¹¹Ð...$a^©Ò¡»¡ŵ¸ÃÃÁ´Ò...$a\"/pause 100/speak Sebastian \"Ȥ³¨Ð˵Í§ģºż´ªÍº ã¹Ъ§чȤ³ŇÒÅ§ä»...$a\"/pause 1000/faceDirection Sam 2/playMusic none/speak Sam \"...¼ÁŤ´˗Ò¾Ç¡àÃÒä˴ º·ÊɃ»á̅Ç˕Ð... ãʺՁÂ ¾Ç¡àÃÒ?$u\"/pause 500/speak Harvey \"...ãʺ.$s\"/speak Sebastian \"áˉ¹Í¹ÍԒá̅Ç$a\"/faceDirection Sam 3/pause 1000/jump Sam/jump Sebastian/jump Elliott/jump Shane/jump Alex/jump Harvey/pause 1000/jump Sam/jump Sebastian/jump Elliott/jump Shane/jump Alex/jump Harvey/pause 1000/jump Sam/jump Sebastian/jump Elliott/jump Shane/jump Alex/jump Harvey/pause 1000/speak Sam \"¾Ç¡àÃÒ¨ÐäˑÊ¹ã¨ãÂƤ Ȥ³ƽ¡˅Íä»!$a\"/faceDirection farmer 2 true/animate farmer false true 100 94/jump farmer/playSound slimedead/pause 2000/fade/viewport -2000 -2000/dump guys 4/end warpOut",
        "wewereworried": "emote farmer 40/faceDirection Marnie 1/pause 1000/faceDirection Shane 2/emote Shane 12/speak Shane \"¼Áàʛ¹ÊÒƱ¢Í§Ȥ³... Ȥ³¨Ð˵Í§àҚÍρ¹ã¹ĕÇ¼Á¹Ð ¼ÁƱě­ËÒÍÐäÃ¼Á ʁºÍ¡Ȥ³µÅÍ´$a#$b#ğ§¹Ð... ¼Áړ˗Ò¼ÁˉÐ äˑÊÒÁÒÃ¶àƅ¡¢Ò´ä˴ė¹Ƨ... á˅¼ÁıÒĥ§¾ÂÒÂÒÁчɊ´ àˇÒч¼Á¨Ð¾ÂÒÂÒÁä˴... á̅Ç¼Áʁáʂ§áÃ§ע¹ÁÒ¡ á̅Ç˴ÇÂ#$b#µÍ¹׉ƚƇµ¢Í§¼Á Ƥ¡˗Òчġ¹à¤Âàʛ¹ ¼Áäˑä˴ÍԒã¹¤ÇÒÁȑ´Ɓ´ ƽ¡˅Íä»á̅Ç...\"/pause 500/emote Marnie 20 true/emote farmer 20 true/pause 1300/faceDirection Shane 0/speak Shane \"Ȥ³ړՁÂ àÇÅÒч¼Áà˕¹à¡Á׉ ¼Áàˎ§¤ÇÒÁÊ¹ã¨ä»чà¡Á ¨¹äˑä˴Ť´àҳÍ§ҽ¹àÅÂ ġ¹ʺÇÂä˴ÁÒ¡ã¹àÇÅÒч¼Áɦ¡ '¡ÃÐٕ¹'...\"/faceDirection Shane 2/speak Shane \"Ģ§ä§ʁµÒÁ... ¼Ááʴ¨Ð... à˝Í... à˕¹ƽ¡µÒá̅Ç¡ĥº˺Ò¹ âÍà¤¹Ð?\"/pause 500/emote farmer 32/pause 1000/end dialogue Shane \"¾Ç¡¹ÒÂ˵Í§ĪºÊ¹ÁÒ¡áˉæ µÍ¹ч¾Ç¡¹ÒÂàˢÒÁÒ á̅Çàʫ¹ĉ¹ÍԒË˹Òڅà¡ÁΚ!$h\"",
        "3917590/n saloonSportsRoom/O Alex": "distantBanjo/-100 -100/farmer 31 20 0 Alex 32 7 0 Shane 33 8 0 Gus 34 8 0 Kent 35 8 0 George 36 7 0/skippable/specificTemporarySprite gridballGameTV/viewport 34 7 true/move farmer 0 -13 1 true/pause 1000/textAboveHead Alex \"àʛ¹à¡ÁчàђÂÁä»àÅÂ!\"/pause 600/jump Gus/pause 2000/textAboveHead George \"ä˴á˵Á!\"/pause 400/textAboveHead Alex \"ɅÂàÅÂ!\"/faceDirection Kent 3 true/faceDirection Gus 1 true/animate Gus false true 100 22/animate Kent false true 100 17/shake Gus 500/shake Kent 500/pause 500/textAboveHead George \"á͈ÇàÅÂËәÁæ!\"/pause 1000/stopAnimation Gus/stopAnimation Kent/faceDirection Kent 0 true/faceDirection Gus 0/pause 1000/faceDirection Alex 3/pause 400/speak Alex \"à̎ @! à¸ÍŇÒŚÒàʣ¨!$h\"/faceDirection Alex 1/speak Alex \"á̅Ç... à¸ÍŤ´˗ÒĢ§ä§?\"/pause 500/emote farmer 8/faceDirection Alex 3/speak Alex \"¼ÁıÒĥ§Ť´˗Ò... Ȥ³ړ˗Ò¼Áà¤Âĝ¹˗Ò ÍÂÒ¡¨Ðàʛ¹ę¡ƑÌÒ ã¹ċ¡ħ¹Ëѹ§ãʺՁÂ?#$b#ι¹áËÅÐ á˅Ɋ´˷ÒÂƚƇµ¢Í§¼Áʁ äˑä˴àʛ¹ä»Í˒Ò§Թ¹...$9#$b#¼ÁƱ¤ÇÒÁɊ¢¹Ð Í˒ÒàˢÒã¨¼Áż´˕Ð!$h#$b#...¼ÁáʴŤ´˗Òġ¹¤§¨Ðà͈§ ˶Òġ¹ƱÊ¶Ò¹чч¾Ç¡àÃÒ ÊÒÁÒÃ¶ä»àчÂÇ á̅Çɤà¡ÁΚ¡ÒÃáʲ§ ã¹ħ¹ÍÒŷµΒ˴ÇÂā¹ āÊªÍº¤ÇÒÁŤ´׉ÁÒ¡ à¢ÒàÊ¹ÍºÒ§˚Ç¹¢Í§ ̋Í§ˢÒ§Ëĥ§ã̋¼Á˴ÇÂ¹Ð!#$b#˴ÇÂƇƨƩ ¼ÁàÅÂÊÒÁÒÃ¶ àʁºģ¡ÉÒºÒ§˚Ç¹¢Í§ '¤ÇÒÁĝ¹' ã̋Ģ§¤§ÍԒä˴\"/pause 500/emote farmer 32/pause 600/faceDirection George 3/speak George \"¹ÒÂŇÒƤá̅Ç ɵ¡ªÒÂ ĉ¹ÊÒÁÒÃ¶ι§ɤġ¹ч˺Ò¹ä˴ á˅¡ÒÃÁÒчщŇÒã̋ ĉ¹ړǪ¡àʛ¹ËәÁƽ¡¤Ճ§!$h\"/faceDirection Alex 1/speak Alex \"¢ÍºȤ³¤ģºµÒ\"/pause 500/speak Kent \"¼ÁƱ¤ÇÒÁɊ¢чä˴ģºÍȹ­Òµ ã̋ÍÍ¡¨Ò¡˺Ò¹ä˴á̅Ç á¶ÁʁËɂ´Ť´ǖ§Ъ§˅Ò§æ ä˴ƽ¡˴ÇÂ\"/faceDirection Alex 2/pause 100/textAboveHead Shane \"àËȑÍ¹ā¹\"/pause 1200/speak Gus \"ĉ¹Êȹ¡ÁÒ¡ á̅Çġ¹ʁƤāºȸÃš¨˴ÇÂ!$h#$b#ǖ§á́˗Ò¨ÐäˑʴÍÂƤāº ĕº¢Í§àª¹˝Ð¹Ð...$s\"/pause 100/faceDirection Shane 2 true/animate Shane false true 100 18/jump Shane/pause 500/textAboveHead Shane \"à̎!\"/pause 500/emote Alex 32/pause 2000/fade/viewport -1000 -1000/pause 400/message \"ɤàËȑÍ¹˗Ò¾Ç¡¹ÒÂ¨Ð Ʊš¨¡ÃÃÁãËˑ ã̋ŇÒã¹ħ¹ÍÒŷµΒ¹Ð\"/pause 1000/message \"àʛ¹ 5,000g чلÁɊ´æ ä»àÅÂ!\"/pause 1000/end dialogue Alex \"¢ÍºȤ³ƽ¡¤Ճ§ŚÒËģº àŧ¹¾Ç¡Թ¹¹Ð @ ġ¹àʛ¹â»Ãà¨¡΅чÊȹ¡ÁÒ¡ á̅Çȷ¡¤¹ʁɤÊȹ¡ä»āºġ¹!\"",
        "3206194/n gusGiantOmelet": "distantBanjo/-1000 -1000/farmer -100 -100 02 Gus 10 21 2 Willy 13 21 3 Lewis 8 22 1 Robin 9 20 2 Pam 11 20 2 Marnie 9 23 0/skippable/specificTemporarySprite staticSprite LooseSprites\\\\Cursors2 145 193 32 28 10 20.75 8 .15/viewport 11 21 true/pause 3000/speak Gus \"àÍÒ˕Ð ¾Ç¡àÃÒ... ƽ¡¤Ճ§Ɗ¹Ð чàÃÒÁÒÃÇÁĕÇā¹ ã¹âÍ¡ÒÊчžàÈÉÁÒ¡æ \"/pause 500/speak Gus \"...¡ÒÃÁÒàђÂÁàƲÂ¹ чäˑʴÍÂàš´ע¹ ¨Ò¡àҮÍ¹чģ¡¢Í§àÃÒ...\"/pause 500/jump Gus/pause 400/speak Gus \"...äʲàƘÂÇĢ¡ΙҚÍĔ§ÃÐĔºâÅ¡ ¢Í§ĉ¹àÍ§!$h#$b#¾ƃ¡ËÇÒ¹áÊ¹Í˓ÍÂ ÁÐàǲÍà·ÈϙÒթÒ àʫ´àˢÁˢ¹ áÅÐƚÊ¡Х¹àµÐ¨ɱ¡... Է§ËÁ´ɦ¡˛Í˴ÇÂ äʲàƘÂÇәÁɯáÊ¹Í˓ÍÂ ɅÂàÅÂ¾Ç¡àÃÒ\"/move Marnie 1 0 0/move Willy -1 0 3/move Lewis 1 0 1/showFrame Lewis 28/playSound coin/showFrame Willy 32/showFrame Robin 37/showFrame Pam 36/pause 600/shake Lewis 600/playSound eat/pause 600/shake Pam 600/playSound eat/pause 800/shake Robin 600/playSound eat/pause 600/shake Pam 400/playSound eat/pause 700/faceDirection Gus 1/speak Gus \"ƇÅѕ? ¹ÒÂŤ´˗Òä§?\"/pause 400/textAboveHead Willy \"ȝÁÁ...\"/pause 700/shake Willy 400/playSound eat/pause 600/shake Willy 400/playSound eat/pause 600/speak Willy \"àʫ´щġ¹ ËȹºËęº¡˗ÒƫʱÍ¹ ÍԒŹ´ËˉÍÂ¹Ð...\"/pause 400/speak Gus \"ġ¹á»Å˗ÒƤǣà»˕ÒˉÐ?$s\"/pause 400/playSound eat/shake Willy 400/pause 600/playSound eat/shake Willy 400/pause 600/playSound eat/shake Willy 400/pause 800/playSound gulp/pause 1300/textAboveHead Willy \"à̽ÂÂÂ à˨ÒËɩ\"/pause 300/jump Gus/pause 400/emote Gus 32/pause 1000/speak Pam \"āÊ ġ¹ÂÍ´àђÂÁÁÒ¡ á̅Çġ¹ʁÍ˓ÍÂ¡˗ÒàŴÁ˴ÇÂ à¾ÃÒÐ˗Ò¹ÒÂàוÂ§Ģ§ä§˕Ð!$h\"/faceDirection Gus 2/speak Robin \"äʲ¾Ç¡׉ÃÊªÒŵàˢÁˢ¹ÁÒ¡ á̅Çʁàʛ¹ƺàËȕÍ§ÊÇÂ§ÒÁ... ÁÒƩ äʲ¾Ç¡׉ÁÒ¨Ò¡ à̅Ò¢Í§à¸Íǣà»˕ÒˉÐ?\"/faceDirection Gus 3/speak Gus \"äˑãʺËÃÍ¡... à¸Í¢ÍºȤ³ @ ŚÒËģº¿ÒΓÁ %farm ʁä˴¹Ð!\"/emote Lewis 20 true/emote Marnie 20 true/emote Robin 20 true/emote Pam 20 true/emote Willy 20 true/pause 1000/speak Marnie \"ȝÁÁÁ... äʲ¢Í§¿ÒΓÁ %farm \"/pause 200/textAboveHead Lewis \"ѧÁÁÁ..\"/faceDirection Gus 2/viewport move 1 0 7000/pause 500/playSound eat/shake Robin 400/pause 1000/playSound eat/shake Lewis 400/pause 1000/playSound eat/shake Marnie 400/pause 1000/fade/viewport -1000 -1000/end"
    }
}
