{
    "header": {
        "target": "w",
        "formatVersion": 5,
        "hidef": true,
        "compressed": 128
    },
    "readers": [
        {
            "type": "Microsoft.Xna.Framework.Content.DictionaryReader`2[[System.String, mscorlib, Version=4.0.0.0, Culture=neutral, PublicKeyToken=b77a5c561934e089],[System.String, mscorlib, Version=4.0.0.0, Culture=neutral, PublicKeyToken=b77a5c561934e089]]",
            "version": 0
        },
        {
            "type": "Microsoft.Xna.Framework.Content.StringReader",
            "version": 0
        }
    ],
    "content": {
        "95/e 93/k 94/t 1800 1950/i 136/y 2": "50s/6 15/farmer 4 19 0 Sam 17 13 0 Jodi 7 4 0 Kent 3 15 1/removeItem 136/removeQuest 22/pause 300/faceDirection Kent 2/speak Kent \"ÊħÊƤ @ àˢÒÁÒƊ\"/move farmer 0 -3 0/speed Jodi 4/move Jodi 0 10 2/speak Jodi \"˝Ò ĉ¹Ƥã¨¹Ðчà¸ÍáÇÐÁÒ @! á¶Áà¸ÍàÍÒ»ÅÒÁÒ˴ÇÂ! àђÂÁä»àÅÂ\"/move farmer 2 0 0/move farmer 0 -1 1/faceDirection Kent 1/faceDirection Jodi 1/speak Jodi \"á«Á̘Ð! ÁÒËÒáˑ á̅ÇʺÇÂàÍÒ»ÅÒ ä»ŇÒ¤ÇÒÁÊÐÍÒ´ËˉÍÂ ä˴äËÁ?\"/pause 300/speak Sam \"...ä˴¤ģºáˑ$a\"/move Sam -5 0 3 true/proceedPosition Sam/stopAnimation farmer/doAction 12 14/move Sam 0 2 3 false/move Sam -4 0 3/faceDirection Jodi 2/pause 500/showFrame 35/addObject 7 15 136/playSound fishSlap/pause 800/stopAnimation farmer/speak Jodi \"̇ÒÇ ġ¹ɤƤÁÒ¡æ... á̅ÇʁÊ´ÁÒ¡æ àÅÂ˴ÇÂ ¢ÍºȤ³ÁÒ¡æ àÅÂ¹ÐчàÍÒġ¹ÁÒ @ #$b#à¤¹· ʁĈº»ÅÒÁÒàËȑÍ¹ā¹ á˅»ÅÒĕÇԹ¹Ĕ¹¾ÍáʴàˤÒ š¹¤¹àƤÂÇˉÐƊ!$u\"/pause 200/faceDirection farmer 3/pause 1000/speak Kent \"áËÐæ$h\"/globalFade/viewport -1000 -1000/pause 1000/message \"țÁÁÁ »ÅÒ¡Ð¾§·Í´ι¹Í˓ÍÂÁÒ¡ Í˓ÍÂ¨¹àǱÍºËɂ´ËÒÂã¨...\"/pause 500/message \"ã¹µÍ¹׉ ĉ¹ړǪ¡àËȑÍ¹ä˴àʛ¹ ˚Ç¹Ëѹ§¢Í§¤ÃÍº¤ģÇ׉àÅÂ\"/pause 1500/end warpOut",
        "94/e 93/k 95/t 1800 1950/i 136/y 1": "50s/6 15/farmer 4 19 0 Sam 17 13 0 Jodi 7 4 0/removeItem 136/removeQuest 22/speed Jodi 4/move Jodi 0 10 2/speak Jodi \"â̍ ÊħÊƤ @! àˢÒÁÒƊ! ι¹ãʺ¡Х¹»ÅÒÊ´æ ãʺՁÂàщÂ?\"/move farmer 0 -3 1/move farmer 2 0 0/move farmer 0 -1 1/faceDirection Jodi 1/speak Jodi \"á«Á̘Ð! ÁÒËÒáˑá̅ÇÁÒʺÇÂĈ´رÍϔÒ ã̋ËˉÍÂä˴äËÁ?\"/pause 300/speak Sam \"...ä˴¤ģºáˑ$a\"/move Sam -5 0 3 true/proceedPosition Sam/stopAnimation farmer/doAction 12 14/move Sam 0 2 3 false/move Sam -4 0 3/faceDirection Jodi 2/pause 300/showFrame 35/addObject 7 15 136/playSound fishSlap/pause 800/stopAnimation farmer/pause 400/speak Jodi \"̇ÒÇщɤàËȑÍ¹ »ÅÒ¡Ð¾§Ԫ¹ƤàÅÂ¹ÐàщÂ @ ¢ÍºȤ³ÁÒ¡¹Ð чàÍÒġ¹ÁÒã̋¹Ð$h\"/pause 1000/globalFade/viewport -1000 -1000/pause 1000/message \"țÁÁÁ »ÅÒ¡Ð¾§·Í´ι¹Í˓ÍÂÁÒ¡! Í˓ÍÂ¨¹ÅÁËÒÂã¨ ËɅ´âÅ¡ä»àÅÂ...\"/pause 500/message \"ã¹µÍ¹׉ ĉ¹ÐړǪ¡àËȑÍ¹àʛ¹ ˚Ç¹Ëѹ§¢Í§¤ÃÍº¤ģÇ׉àÅÂ\"/pause 1500/end warpOut",
        "44/f Sam 500/p Sam": "sampractice/-1000 -1000/farmer 4 15 1 Sam 17 16 2 Sebastian 18 18 0/positionOffset Sebastian 32 -31/skippable/animate Sam false true 200 20 21/showFrame Sebastian 41/viewport 17 16 true/move farmer 8 0 0/pause 500/doAction 12 14/move farmer 0 -2 1/move farmer 4 0 2/pause 9000/stopAnimation Sam/showFrame Sebastian 8/pause 1000/faceDirection Sam 0/pause 800/speak Sam \"â̍ ÊħÊƤ @! à«ºÒÊàƥÂ¹āºĉ¹Ʊě­ËÒ чµ¡Å§ā¹äˑä˴Ź´ËˉÍÂˉÐ\"/move farmer 0 3 1/faceDirection Sam 3/faceDirection Sebastian 3/speak Sam \"¾Ç¡àÃÒ¾ÂÒÂÒÁ¨ÐԵ§ Ç§´¹µƳá˅Ģ§Ǚ¡äˑÍÍ¡àÅÂ ˗Ò¨Ðà˕¹´¹µƳá¹ÇäË¹Ƥ ġ¹ƱËÅÒÂá¹ÇˉÐ\"/pause 500/emote Sebastian 28/faceDirection Sam 2/pause 500/emote Sam 16/faceDirection Sam 3/speak Sam \"#$q 76 null# @... ºÍ¡ËˉÍÂƊà¸ÍªÍº ´¹µƳá¹ÇäË¹àËÃÍ?#$r 76 50 Event_band1#´¹µƳ̫Í»ÍÒÃÁ΃Ƥ#$r 77 50 Event_band1#ʣÍ¤ºÍ¡à˕Ò»ÃÐÊº¡ÒÃ΃#$r 78 50 Event_band1#à¾Å§á´¹ͻ¡ÃÐ¨ÒÂ#$r 79 50 Event_band1#à¾Å§Ą¹·ѓʷÒÂæ\"/move Sam 0 2 1/speak Sam \"¹ÒÂ˗Òä§à«º? àÃÒŇÒáººԹ¹ä˴ՁÂ?\"/pause 300/faceDirection Sebastian 0/pause 300/faceDirection Sebastian 3/speak Sebastian \"...âÍà¤\"/pause 500/faceDirection Sam 0/move Sam 0 -2 3/speak Sam \"¢ÍºȤ³ŚÒËģº ¤ÇÒÁʺÇÂàËȕÍ¹Ð @ ˴ÇÂÊšÅƑµÒΓԢ¹à·¾¢Í§ĉ¹ áÅÐà«ºÒÊàƥÂ¹ ȑÍƔΒºÍΓ´֙ÇˎÍÁ´ àÃÒ¨ÐỄÒ§ġ¹ã̋ŚÒàʣ¨ ¨¹¤¹˵Í§¡Ƴ´̃Í§ àÃÒŇÒġ¹ä˴áˉ!$h\"/faceDirection Sam 2/speak Sam \"á˅µÍ¹׉ àÃÒ¨Ð˵Í§ËÒã¤Ãċ¡¤¹ ÁÒà˕¹¡ÅÍ§ã̋àÃÒʱÍ¹...$u\"/pause 500/end",
        "46/f Sam 1000/p Sam": "playful/7 4/farmer 7 12 0 Sam 7 5 0 Jodi 17 7 0/skippable/move farmer 0 -6 0/faceDirection Sam 2/pause 300/speak Sam \"â̍ ÊħÊƤ @ ĉ¹áʴıÒĥ§ËÒ¢¹ÁÍԒˉÐ\"/pause 500/speak Sam \"щä§ ĉ¹ƱÍÐäÃ¨Ðã̋à¸Í˴ÇÂ\"/faceDirection Sam 0/pause 500/playSound openBox/pause 500/faceDirection Sam 3/playSound dwop/specificTemporarySprite dropEgg/showFrame Sam 33/jump Sam/pause 1000/emote Sam 12/showFrame Sam 12/speak Sam \"â̍ Ūº... §Ò¹àˢÒá̅Ç$s\"/speed Jodi 4/move Jodi -10 0 0/speak Jodi \"àƺÂ§ÍÐäÃáµ¡ˉÐ?\"/emote Jodi 16/speak Jodi \"*̻ÒÒÒ*$s\"/move Jodi -1 0 0/move Jodi 0 -1 0/speak Jodi \"щġ¹äˑãʺàҳÍ§Ƥáˉæ! àš´ÍÐäÃע¹?$u\"/speak Sam \"$q 80 null#...ºÍ¡à¸Íä»Ɗ @$s#$r 80 -10 event_snack1#á«Á¨ÐàÍÒ¢¹Áã̋ĉ¹ á̅Çà¢ÒŇÒġ¹µ¡#$r 80 50 event_snack2#á«Á˚§¢¹Áã̋ á̅Çĉ¹ŇÒġ¹µ¡#$r 81 -50 event_snack3#á«ÁԵ§ã¨âÂ¹ġ¹ à¢ÒŤ´˗Òġ¹ˉÒ¨ÐÊȹ¡\"/pause 300/speak Jodi \"$p 80#¢Íºã¨чɮ´¤ÇÒÁ¨ƃ§āºĉ¹¹Ð @ ġ¹äˑãʺàҳÍ§ãËʽ ÍÐäÃËÃÍ¡| ɵ¡ŇÒÍÐäÃˉÐá«Á?! ÍÐäÃàˢÒƊ§ɵ¡ā¹?!$u\"/faceDirection Jodi 0/speak Sam \"¼Á¢Íâ·É¤ģºáˑ à݋ÂÇ¼Á¨Ð ŇÒ¤ÇÒÁÊÐÍÒ´ġ¹àÍ§$s\"/emote Jodi 20/speak Jodi \"âÍà¤ ɵ¡ģ¡$h\"/move Jodi 0 1 1/move Jodi 1 0 2 /faceDirection Sam 2 true/move Jodi 0 7 2 true/globalFade/viewport -1000 -1000/end dialogue Sam \"$p 81#ĉ¹˕Ðâ¡Ã¸à¸Í¨ƃ§æ ĉ¹Ť´äˑÍÍ¡àÅÂ˗Ò ŇÒäÁà¸Íàʛ¹¤¹ªÍºâ¡Ë¡ áºº׉$s|àƺÂã¨āºЪ§чˌÒ¹ÁÒ¨ƃ§æ\"",
        "100/f Kent 750/p Kent/p Jodi": "none/6 5/farmer 7 12 0 Jodi 5 5 0 Kent 7 16 2/skippable/playSound cowboy_monsterhit/move farmer 0 -3 0/playSound cowboy_monsterhit/move farmer 0 -2 0/playSound cowboy_monsterhit/move farmer 0 -1 0/playSound cowboy_monsterhit/move farmer 0 -1 3/playSound cowboy_monsterhit/pause 200/faceDirection Jodi 1/speak Jodi \"ÊħÊƤ˨Ð @! ĉ¹ıÒĥ§ŇÒ̫Í»¤ÍΓ¹ÍԒ$h\"/pause 50/playSound cowboy_monsterhit/pause 79/playSound cowboy_monsterhit/pause 100/playSound cowboy_monsterhit/pause 26/playSound cowboy_monsterhit/pause 39/playSound cowboy_monsterhit/pause 50/playSound cowboy_monsterhit/pause 110/playSound cowboy_monsterhit/pause 59/playSound cowboy_monsterhit/speak Kent \"̽Ò¡¡¡¡¡¡¡¡!!!$u\"/faceDirection Jodi 2 true/faceDirection farmer 2 true/speed Kent 4/playSound cowboy_monsterhit/move Kent 0 -1 0/speed Kent 4/playSound cowboy_monsterhit/move Kent 0 -2 0/speed Kent 4/playSound cowboy_monsterhit/move Kent 0 -1 0/speed Kent 4/playSound cowboy_monsterhit/move Kent 0 -2 0/speed Kent 4/playSound cowboy_monsterhit/move Kent 0 -1 0/speed Kent 4/playSound cowboy_monsterhit/move Kent 0 -3 0/playSound cowboy_monsterhit/pause 50/playSound cowboy_monsterhit/pause 100/playSound cowboy_monsterhit/pause 80/playSound cowboy_monsterhit/speak Kent \"àƺÂ§Թ¹ġ¹...$s\"/playSound cowboy_monsterhit/pause 70/playSound cowboy_monsterhit/pause 100/playSound cowboy_monsterhit/pause 180/playSound cowboy_monsterhit/emote Kent 12/faceDirection Kent 3/speak Kent \"à¸ÍˉÒ¨Ðړä̇¹Ð àƺÂ§ι¹ ŚÒËģºĉ¹àËȑÍ¹àƺÂ§ȋ¹ ¡ÅÒ§ÊÁÃɰƁàÅÂ!$u\"/pause 50/playSound cowboy_monsterhit/pause 75/playSound cowboy_monsterhit/faceDirection Jodi 0/playSound openBox/pause 400/faceDirection Jodi 2/pause 500/playMusic desolate/faceDirection Kent 2/pause 800/showFrame Kent 16/pause 800/speak Kent \"...ĉ¹àƺÂàҮÍ¹Ƥæ ä»ÁÒ¡ÁÒÂã¹чæ âË´̃ÒÂι¹$s\"/pause 800/emote Jodi 28/pause 500/speak Jodi \"á˅ чģ¡... ̫Í»¤ÍΓ¹ǴÍЪ§чȤ³ªÍº¹Ð ʱÍ¹чȤ³¨Ðä»чι¹$s\"/pause 500/showFrame Kent 0/pause 500/pause 800/speak Kent \"...ËÅÒÂæ Í˒Ò§ġ¹à»ѕÂ¹ä»\"/pause 600/faceDirection Jodi 1/pause 400/move Jodi 1 0 1/speak Jodi \"*¡ÃÐūº* @... ºÍ¡ÍÐäÃà¢ÒËˉÍÂä˴äËÁ?$s\"/pause 300/faceDirection farmer 3/pause 500/faceDirection farmer 2/pause 500/faceDirection Kent 0/pause 300/speak Kent \"$q 215 null#(ɮ´ºÒ§Í˒Ò§āºà¤¹·)$s#$r 215 -25 event_popcorn1#â¨ׄ¤ÇÃâ´¹ŅÒËŹ... à¸ÍˉÒ¨ÐàˢÒã¨¡˗Ò׉!#$r 215 50 event_popcorn2#ĉ¹ړ˗ÒȤ³àʈº»Ç´... á˅ʁÍ˒Òä»ŅÒËŹÀÃÃÂÒȤ³Ɗ#$r 215 -50 event_popcorn3#(â¡Ë¡) ŅÒËŹĉ¹Ƥ¡˗Ò... ĉ¹àʛ¹¤¹ч ÍÂÒ¡š¹ġ¹àÍ§áËÅÐ\"/pause 900/faceDirection Kent 2/pause 700/emote Kent 28/pause 600/speak Kent \"...$s#$b#¼Á¢Íâ·Éчģ¡ Ȥ³äˑړËÃÍ¡ àƺÂ§ι¹ġ¹ŇÒã̋ ¼ÁÍÒÃÁ΃àƺÂ¢¹Ò´äË¹\"/pause 700/move Jodi 0 1 1/speak Jodi \"äˑàʛ¹äÃËÃÍ¡$s#$b#Ъ§Ɋ´˷ÒÂчĉ¹ÍÂÒ¡¨ÐŇÒ ǴÍŇÒã̋Ȥ³ÍÒÃÁ΃àƺÂ ĉ¹¨ÐŇÒã̋ƤчɊ´ àҮÍã̋Ȥ³¡ĥºÁÒ àʛ¹àËȑÍ¹àŴÁ¹Ð\"/pause 500/faceDirection Kent 3/pause 1000/end dialogue Kent \"ĉ¹Ƥã¨ч¤ÃÍº¤ģÇàÃÒ Ʊà¸Íàʛ¹àҮÍ¹¹Ð @ ¢Íâ·Éāº¾Äŵ¡ÃÃÁ ¢Í§ĉ¹˴ÇÂ\"",
        "stayPut": "playMusic musicboxsong/pause 1800/move Sam 1 0 1/pause 1200/move Sam 1 0 1/positionOffset Sam 2 0/positionOffset farmer -2 0/pause 50/positionOffset Sam 2 0/positionOffset farmer -2 0/pause 50/positionOffset Sam 2 0/positionOffset farmer -2 0/pause 50/positionOffset Sam 2 0/positionOffset farmer -2 0/pause 50/animate farmer true true 100 101/showFrame Sam 36/pause 3000/speak Sam \"ĉ¹ړÁÒàÊÁÍ˗ÒƱºÒ§Í˒Ò§ чžàÈÉÃÐË˗Ò§àÃÒ...$l\"/globalFade/viewport -1000 -1000/pause 7000/speak Sam \"ĉ¹¨Ð¨´ĸÒǴ¹׉ ä»ƽ¡¹Ò¹áÊ¹¹Ò¹àÅÂ...$l\"/pause 1000/end dialogue Sam \"...$l\"",
        "rejectSam": "pause 800/move farmer 0 3 2/faceDirection Sam 2/pause 800/showFrame Sam 37/emote Sam 28/speak Sam \"ȝÁÁ...$s\"/pause 800/faceDirection Sam 0/speak Sam \"ĉ¹¢Íâ·É... ĉ¹Ť´ż´ä»¨ƃ§æ ä̇à¨Íā¹ãËˑ¹Ð$7\"/move farmer 0 2 2/warp farmer -1000 -1000/playSound woodyStep/pause 1000/end dialogue Sam \"...$s\""
    }
}
