{
    "header": {
        "target": "w",
        "formatVersion": 5,
        "hidef": true,
        "compressed": 128
    },
    "readers": [
        {
            "type": "Microsoft.Xna.Framework.Content.DictionaryReader`2[[System.String, mscorlib, Version=4.0.0.0, Culture=neutral, PublicKeyToken=b77a5c561934e089],[System.String, mscorlib, Version=4.0.0.0, Culture=neutral, PublicKeyToken=b77a5c561934e089]]",
            "version": 0
        },
        {
            "type": "Microsoft.Xna.Framework.Content.StringReader",
            "version": 0
        }
    ],
    "content": {
        "67/m 10": "none/4 5/farmer 4 9 0 Sandy 2 5 2/skippable/move farmer 0 -2 0/emote Sandy 8/speak Sandy \"țÁ...ɵ¡ˤÒԧ¹àËÃÍ?\"/speed Sandy 4/move Sandy 2 0 2/speed Sandy 4/move Sandy 0 1 2/emote Sandy 16/speak Sandy \"ÊħÊƤ Ƃ¹Ƥ˵Í¹ģºԚ 'âÍàÍūÊ¢Í§á«¹ׄ (Sandy's Oasis)'!#$b#à̍Ð à¸ÍɤàËȑÍ¹¨Ðàʛ¹ ªÒÇä˓¤¹ãËˑчàÍƁƵ àƒÂ¹¨´ËÁÒÂÁÒà˕Ò ã̋ĉ¹ğ§àÅÂ!#$b#˶Òԧ¹... Ã¶ĚÊ¨Ò¡ÊµÒΓŴÇáÇÅѕ ʁ¡ĥºÁÒã˪§Ò¹ä˴ċ¡ƧƊ¹Ð!$h#$b#â̍ ĉ¹˕ÐƤã¨¨ƃ§æ!$h\"/emote Sandy 32/move Sandy 0 -1 0/move Sandy -2 0 2/emote Sandy 32/end dialogue Sandy \"ä̇áÇÐÁÒãËˑ¹Ð ĉ¹ÍԒчщ ¨¹àҪÍ¨ÐµÒÂÍԒá̅Ç\""
    }
}
