{
    "header": {
        "target": "w",
        "formatVersion": 5,
        "hidef": true,
        "compressed": 128
    },
    "readers": [
        {
            "type": "Microsoft.Xna.Framework.Content.DictionaryReader`2[[System.String, mscorlib, Version=4.0.0.0, Culture=neutral, PublicKeyToken=b77a5c561934e089],[System.String, mscorlib, Version=4.0.0.0, Culture=neutral, PublicKeyToken=b77a5c561934e089]]",
            "version": 0
        },
        {
            "type": "Microsoft.Xna.Framework.Content.StringReader",
            "version": 0
        }
    ],
    "content": {
        "6/f Maru 500/p Maru": "breezy/20 19/farmer 9 20 1 Maru 22 20 1 Demetrius 19 18 0 Robin 13 6 0 Sebastian -100 -100 2/skippable/move farmer 7 0 1/faceDirection Maru 3/faceDirection Demetrius 3/speak Maru \"â̍ ÊħÊƤ˨Ð!\"/move farmer 1 0 1/speak Maru \"ˎÍāºĉ¹ ıÒĥ§·´ÅÍ§ĕÇÍ˒Ò§Ŵ¹ÍԒ\"/pause 800/emote farmer 40/speak Maru \"àˢÒÁÒƊäˑàʛ¹äÃ ¨ƃ§æá̅Ç àÃÒã̋à¸ÍʺÇÂä˴¾ÍƤàÅÂ$h\"/move farmer 4 0 1/faceDirection Demetrius 2/speak Maru \"ɤ˶ÇÂщã̋ĉ¹ËˉÍÂ¹Ð? ĉ¹˵Í§ä»ËƂºĕÇÍ˒Ò§ ֊¹Ɋ´˷ÒÂ¢Í§¡ÒÃ·´ÅÍ§#$b#à݋ÂÇĉ¹¡ĥºÁÒ¹Ð\"/pause 400/move farmer 0 -1 1/move farmer 1 0 1/faceDirection Demetrius 0/speed Maru 4/move Maru -16 0 3/speed Maru 4/move Maru 0 3 2/move Maru 0 1 2/warp Maru -100 -100/playSound doorClose/faceDirection Demetrius 2/speak Demetrius \"¢ÍºȤ³чÁÒʺÇÂ¹Ð @\"/faceDirection farmer 3/pause 500/faceDirection Demetrius 0/faceDirection farmer 1/pause 1000/speak Demetrius \"ÁÒɃàʛ¹àʔ¡Ƥ áÅÐà¸Íʁàʛ¹àËȑÍ¹ áˡÇµÒ´Ç§ã¨¢Í§ĉ¹àÅÂ...\"/pause 500/faceDirection Demetrius 2/stopMusic/pause 800/speak Demetrius \"ĉ¹äˑ˵Í§¡ÒÃã̋ƱÍÐäÃ ÁÒĂ´¢ÇÒ§Í¹Ò¤µ¢Í§à¸Í ړãʺՁÂ˗Òĉ¹ËÁÒÂǖ§ÍÐäÃ?$5\"/pause 400/faceDirection farmer 3/emote farmer 8/faceDirection Demetrius 0/speak Demetrius \"ɮ´àҮÍàȅÍ¹Êŵ¹Ð... *ǫǫ*$h\"/playSound doorClose/warp Maru 6 24/playMusic kindadumbautumn/move Maru 0 -4 1/emote farmer 40 true/move Maru 3 0 1/faceDirection farmer 1 true/move Maru 8 0 1/speak Maru \"à̎ ¢Íâ·ÉƧ ĉ¹Ť´˗ÒԷ§ÊÍ§¤¹ ¤§¨ÐȤÂÍÐäÃā¹˺Ò§á̅Ç ʱÍ¹чĉ¹¨ÐÁÒ¹ÐàщÂ\"/faceDirection farmer 3/faceDirection Demetrius 3/pause 500/speak Demetrius \"...ˎÍáʴºÍ¡ @ àбÂÇāºĕÇÍ˒Ò§Ŵ¹ чàÃÒ·´ÅÍ§ā¹ÍԒà©Âæ ˉÐ\"/pause 500/faceDirection Demetrius 2/speak Demetrius \"$q 15933 null#ãʺՁÂ @?#$r 15933 10 Event_Lab_Silence#(äˑɮ´ÍÐäÃ)#$r 15933 -100 Event_Lab_Rat#¨ƃ§æ á̅Ç ˎÍà¸Íàʛ¹¤¹á»Å¡æ ¹Ð\"/fork DadWeird/pause 500/speak Maru \"âÍà¤! щ @... à݋ÂÇĉ¹¨ÐâªΗã̋ɤ¹Ð ˗Ò¨Ðã˪à¤ҳÍ§ȑÍщĢ§ä§\"/move Maru 4 0 1/faceDirection Demetrius 2/move Maru 0 1 1/move Maru 1 0 0/faceDirection farmer 2/pause 500/end Maru1",
        "DadWeird": "speak Maru \"țÁ? ˎÍɮ´ÍÐäÃāºàˤÒˉÐ?$a^țÁ? ˎÍɮ´ÍÐäÃāºà¸ÍˉÐ?$a\"/pause 500/faceDirection Demetrius 2/emote Demetrius 28/speak Demetrius \"ʁä˴ ʁä˴... àÃÒɮ´àҳÍ§¢Í§ɵ¡ā¹ чģ¡¢Í§ˎÍ$5#$b#ˎÍÍÂÒ¡¨ÐºÍ¡ºÒ§Í˒Ò§āº @ àбÂÇāºɵ¡... á˅ˎÍäˑÍÂÒ¡ã̋ɵ¡ŕÒºÒ¡ã¨ ˎÍàÅÂ˵Í§â¡Ë¡$s\"/faceDirection Demetrius 0/pause 300/emote Maru 28/move Maru 2 0 0/speak Maru \"äˑàʛ¹äÃËÃÍ¡ʴÐˎÍ ËɩàˢÒã¨Ƥ#$b#¾Ç¡àÃÒä» ŇÒ¡ÒÃ·´ÅÍ§˅Íà¶ÍÐ ʱÍ¹чĕÇÍ˒Ò§¨Ð µ¡¼ǥ¡«ÐʱÍ¹\"/faceDirection Demetrius 2/emote Demetrius 32/move Maru 3 0 1/faceDirection Demetrius 0/faceDirection farmer 1/end Maru1",
        "9/f Maru 2000/p Maru": "musicboxsong/-500 -500/farmer 14 12 3 Maru 5 6 3/skippable/pause 500/animate Maru false true 130 16 16 16 16 16 17 18 19 20 21 22 23 23 23 23/viewport 5 5 true/move farmer -7 0 0/move farmer 0 -1 0/animate farmer false false 650 15/playSound woodyStep/pause 200/playSound woodyStep/pause 250/playSound woodyStep/pause 200/stopAnimation Maru/faceDirection Maru 2/pause 200/move Maru 0 1 1/move Maru 2 0 2/move Maru 0 2 2/doAction 7 10/speak Maru \"@ ÊħÊƤ! àˢÒÁÒƊ\"/move Maru 0 -2 3/move Maru -2 0 0/move Maru 0 -1 1/move farmer 0 -5 3/speak Maru \"ĉ¹ıÒĥ§ŇÒ â»Ãà¨¡΅ãËˑÍԒàÅÂ... â»Ãà¨¡΅чãËʽÁÒ¡æ\"/pause 1000/speak Maru \"щàʛ¹áʴ˚Ç¹Ǚ§¢Í§§Ò¹... ĉ¹¨ÐÊÒŸµã̋à¸Íɤ ċ¡Ź´ÅÐā¹\"/pause 500/speak Maru \"Ҳ¹ȑÍÁÒµÃ§׉...\"/pause 300/animate farmer true true 100 35/pause 800/speak Maru \"á̅Ç ĉ¹ʁ¨Ð¡´ÊƇµͺ...\"/stopMusic/pause 500/showFrame Maru 24/pause 100/showFrame Maru 25/pause 100/showFrame Maru 16/pause 1000/showFrame Maru 17/pause 100/showFrame Maru 18/pause 100/playSound openBox/pause 800/playSound debuffHit/faceDirection farmer 2 true/animate farmer false true 100 94/specificTemporarySprite maruElectrocution/startJittering/pause 100/faceDirection Maru 1/jump Maru/pause 1600/playSound clubhit/animate farmer false true 100 5/pause 400/speak Maru \"¾ÃÐà˨Ò à¸Íàʛ¹äÃäËÁ?!$9\"/stopJittering/speed Maru 4/move Maru 0 1 1/speed Maru 4/move Maru 2 0 0/pause 800/speed Maru 4/move Maru 2 0 0/speed Maru 4/move Maru 0 -2 0/pause 100/playSound openBox/speed Maru 4/move Maru 0 2 3/speed Maru 4/move Maru -2 0 0/speak Maru \"ÁÒщ à݋ÂÇĉ¹·Ò¤ƳÁ áˡÃÍÂäË́ã̋¹Ð$8\"/pause 500/playSound slimeHit/pause 600/playSound Cowboy_Footstep/pause 200/playSound Cowboy_Footstep/pause 200/playSound Cowboy_Footstep/pause 200/playSound Cowboy_Footstep/pause 200/playSound Cowboy_Footstep/pause 500/pause 1000/playSound healSound/temporarySprite 7 5 4 8 80 false .99/stopAnimation farmer/faceDirection farmer 2/pause 1500/speak Maru \"$q 41 null#ĉ¹¢Íâ·É¨ƃ§æ ¹Ð$8#$r 41 30 Event_Cut1#ġ¹äˑàʛ¹äÃËÃÍ¡ äˑä˴àʈºÍÐäÃÁÒ¡ÁÒÂ#$r 41 -50 Event_Cut2#Ť´˺Ò§Ɗ щġ¹àʈºàʛ¹˺ÒàÅÂ!\"/faceDirection Maru 2/showFrame Maru 26/pause 800/speak Maru \"Ğ§äˑàʛ¹ˇÒàÅÂ ãʺÁÐ? *¶Í¹ËÒÂã¨*$s\"/faceDirection Maru 2/pause 500/move Maru -1 0 3/move farmer 0 1 3/pause 500/emote farmer 28/pause 1500/end",
        "25/f Demetrius 1500/p Demetrius/p Robin": "jaunty/-1000 -1000/farmer -10 -10 0 Demetrius 6 21 3 Robin 5 21 1/skippable/showFrame Demetrius 28/viewport 6 21 true/pause 900/speak Robin \"ŴƱà·ƳÂÊ ĉ¹äˑä˴ºÍ¡ã̋Ȥ³ àÍÒÁÐàǲÍà·ÈÁÒ¹Ð ĉ¹ºÍ¡Ȥ³ã̋àÍÒ¼Åä́ÁÒ\"/emote Demetrius 8/speak Demetrius \"¼ÁäˑàˢÒã¨ ÁÐàǲÍà·ÈʁǴÍ¼Åä́!\"/emote Robin 12/speak Robin \"àÇÅÒ¤¹»¡ŵɮ´ǖ§¼Åä́ ÁÐàǲÍà·ÈäˑƱ·Ò§àʛ¹¼Åä́ ġ¹äˑĸÒàʛ¹¨Ð˵Í§ ä»ɤҚÍƇ·ÂÒÈÒÊµΓ ¢Í§ġ¹Ī¡Ź´\"/warp farmer 6 24/playSound doorClose/pause 500/showFrame Demetrius 29/faceDirection Robin 2/speak Demetrius \"@! Ƥã¨Ĉ§чà¸ÍÁÒчщ à¸ÍʺÇÂ¾Ç¡àÃÒËˉÍÂ ¨Ðä˴ՁÂ\"/move farmer 0 -2 0/emote farmer 8/speak Demetrius \"$q 59 null#ÁÐàǲÍà·Èàʛ¹Ĝ¡ËȓÍ¼Åä́?#$r 59 -30 Event_tomato1#Ĝ¡#$r 59 50 Event_tomato2#¼Åä́\"/pause 500/showFrame Demetrius 28/speak Demetrius \"ĉ¹ÍÂÒ¡ã̋à¸ÍàˢÒã¨ Ȩ´Ȓ¹¢Í§ĉ¹ˉÐ#$b#àұÍà¸ÍºÍ¡ÍÐäÃĪ¡Í˒Ò§ ġ¹àʛ¹àҳÍ§чÂÒ¡ÁÒ¡ ŚÒËģºĉ¹ч¨ÐԵ§ ÊÁÁŵ°Ò¹àбÂÇāº¾Ç¡ġ¹\"/pause 300/faceDirection Robin 1/pause 300/speak Demetrius \"á˅ Ģ§ä§ĉ¹ʁ¨ÐÅÍ§¾ÂÒÂÒÁɤ àҮÍã̋ġ¹Ƥע¹\"/pause 600/emote Robin 20/pause 300/showFrame Demetrius 29/pause 600/speak Demetrius \"¢ÍºȤ³чÁÒʺÇÂ¹Ð @$h\"/pause 800/end",
        "33/f Robin 1500/p Robin": "jaunty/5 17/farmer 6 24 0 Robin 5 17 3/move farmer 0 -3 1/move farmer -1 0 0/move farmer 0 -3 0/pause 200/faceDirection Robin 2/speak Robin \"ÊħÊƤ @ ĉ¹ıÒĥ§ŇÒ¤ÇÒÁÊÐÍÒ´ àҵÍÂ¢Í§ĉ¹ÍԒˉÐ\"/pause 400/faceDirection Robin 3/pause 500/faceDirection Robin 2/speak Robin \"$q 66 null#à¸Íà¤ÂŇÒ§Ò¹ä́˺Ò§ǣà»˕Ò @?#$r 66 50 event_wood1#à¤Â#$r 66 50 event_wood2#äˑà¤Â\"/pause 500/speak Robin \"ĉ¹Ť´˗ÒàұÍäË˓ чàÃÒÊŹ·ā¹ÁÒ¡¾Í ч¨ÐàҚÍã¨à¸Íä˴ĉ¹¨ÐÊÍ¹ ÈÒÊµΓ¢Í§ʺÒ§ä́ã̋à¸Í!$h#$b#щ ÁÒɤáººá»Å¹чĉ¹¨ÐŇÒƊ\"/move Robin 2 0 1/pause 600/playSound openBox/pause 600/move Robin -2 0 2/pause 400/playMusic none/playSound coin/pause 1500/playSound reward/addCraftingRecipe Flute Block/addCraftingRecipe Drum Block/message \"àƳÂ¹ړ¡ÒÃ»ÃÐŴÉ΀ 'ºʥÍ¡¿Ʌµ (Flute Block)' áÅÐ 'ºʥÍ¡¡ÅÍ§ (Drum Block)'\"/pause 700/speak Robin \"à¸ÍÊÒÁÒÃ¶ã˪ġ¹ ỄÒ§ÊÃÃʹ¿ÒΓÁä˴¹Ð#$b#ġ¹¨ÐړǪ¡Ƥáˉæ чä˴µ¡á˅§˺Ò¹¢Í§à¸ÍàÍ§ ˴ÇÂЪ§чà¸ÍŇÒע¹ ˴ÇÂȑÍĕÇàÍ§ˉÐ!$h\"/pause 700/end",
        "10/f Maru 2500/t 900 1600": "none/-1000 -1000/farmer 7 9 0 Maru 7 6 2 Demetrius 12 12 2/skippable/showFrame Demetrius 16/viewport 5 6 true/move farmer 0 -1 0/pause 400/speak Maru \"à̎ ĉ¹Ƥã¨чà¸ÍÁÒä˴¹Ð^à̎#$b#ĸÒä˴äËÁчĉ¹ºÍ¡ à¸ÍàҳÍ§â»Ãà¨¡΅ãËˑ? â»Ãà¨¡΅чãËʽÁÒ¡æ ι¹ˉÐ?\"/pause 500/move Maru 0 1 2/speak Maru \"àÍÒ˕Ð ġ¹àÊʣ¨àƳÂº̃ÍÂá̅Ç... áÅÐĉ¹ÍÂÒ¡¨Ðã̋à¸Íä˴àʫ¹\"/pause 500/move Maru -2 0 1/speak Maru \"µÒÁÁÒƊ\"/move Maru -3 0 3/move farmer 0 -1 3/playSound openChest/specificTemporarySprite maruTrapdoor/pause 1200/warp Maru -1000 -1000/playSound woodyStep/pause 500/move farmer -5 0 3/pause 500/warp farmer -1000 -1000/playSound woodyStep/pause 1000/showFrame Demetrius 17/pause 1000/viewport move 1 1 5000/move Demetrius -5 0 0/move Demetrius 0 -1 0/pause 500/emote Demetrius 8/globalFade/changeToTemporaryMap MaruBasement/viewport -6000 -6000 true/playMusic Hospital_Ambient/addTemporaryActor robot 35 42 6 4 2 false/showFrame robot 4/warp farmer 3 5/warp Maru 4 4/warp Demetrius -100 -100/faceDirection farmer 1/faceDirection Maru 1/viewport 6 4 true/pause 900/move Maru 1 0 1/pause 1000/speak Maru \"áÅÐщǴÍ... ɍ»¡Ã΃â˵µÍº ĭ¨©ƃÂÐ¢Í§ÁÒɃ (Maru's Interactive Laboratory Device Alpha) ... ËȓÍчĉ¹ªÍºàƳÂ¡à¸Í˗Ò 'MarILDA'\"/move farmer 1 0 1/emote farmer 16/pause 500/faceDirection Maru 3/speak Maru \"ĉ¹¾ÂÒÂÒÁ ỄÒ§à¸ÍÍԒàʛ¹àȄÍ¹àÅÂ...#$b#áÅÐĉ¹à˽ÒÃÍà¸Í àҮÍч¨ÐÅÍ§àŻ´ġ¹ɤ$l\"/pause 500/faceDirection Maru 1/speak Maru \"àÍÒ˕Ð ÁÒàУÁā¹àÅÂƤ¡˗Ò...\"/showFrame Maru 24/pause 100/showFrame Maru 25/pause 100/showFrame Maru 16/pause 1000/showFrame Maru 17/pause 100/showFrame Maru 18/pause 100/playSound openBox/pause 400/faceDirection Maru 1/pause 400/playSound robotSoundEffects/temporarySprite 5 4 27 8 50/pause 450/shake robot 2500/temporarySprite 8 4 27 8 50 true/pause 1030/temporarySprite 8 3 27 8 50 true/pause 2500/showFrame robot 1/animate robot false false 100 1 2 9 10 9 0/pause 650/animate robot false false 200 2 9 10 9 0/pause 1000/shake robot 1000/animate robot false false 150 1 2 1 0 1 2 1/pause 600/stopAnimation robot/showFrame robot 11/jump robot/pause 600/showFrame robot 8/temporarySprite 5 4 27 8 50/temporarySprite 8 4 27 8 50 true/pause 2000/showFrame robot 1/pause 1000/showFrame robot 7/pause 1000/message \"ÊħÊƤÁÒɃ \"/emote Maru 32/message \"äˑĸÒàʛ¹˵Í§µÍºÊ¹Í§... ĉ¹àˢÒã¨ã¹Ъ§чȤ³ɮ´ \"/emote Maru 16 true/faceDirection Demetrius 2/warp Demetrius 3 5/playSound doorClose/pause 10/faceDirection farmer 1 true/faceDirection Maru 1/speak Demetrius \"ÍÒ˞ÒÒ! ĉ¹à¨Íá̅Ç!$4\"/pause 600/faceDirection Demetrius 1/pause 200/showFrame Demetrius 18/shake Demetrius 800/jump Demetrius/pause 600/speak Demetrius \"̷Ò¡¡¡! ÍÐäÃā¹щ?!$6\"/move Maru 0 1 3/faceDirection Demetrius 1/speak Maru \"ˎÍ¤Ð ã¨àʢ¹ʱÍ¹ щǴÍЪ§»ÃÐŴÉ΀ãËˑ 'ÁÒƃÅ˴Ò (MarILDA)' ¢Í§ËɩàÍ§$8\"/pause 600/showFrame robot 8/pause 700/showFrame robot 1/pause 500/showFrame robot 7/pause 500/message \"ÊħÊƤƤƁà·ƳÂÊ \"/showFrame Demetrius 18/shake Demetrius 600/pause 400/speak Demetrius \"â̍ Í§ʹ¾ÃÐâÂºÐ... ġ¹ɮ´ä˴˴ÇÂ!$6\"/move Demetrius 0 1 1/move Demetrius 1 0 1/faceDirection farmer 2 true/move Demetrius 1 0 1/faceDirection Maru 2 true/move Demetrius 1 0 0/pause 400/speak Demetrius \"щàʛ¹àËȵ¼Å чɵ¡àÍÒá˅Ă§ĕÇàÍ§ ÍԒã¹̋Í§àʛ¹àȄÍ¹æ ԧ¹Ɗ¹Ð?$5\"/pause 300/showFrame robot 1/pause 600/speak Demetrius \"...áÅÐ ˎÍʁŤ´˗Òɵ¡Å§ÁÒчщ àҮÍÁÒŇÒÍÐäÃзàʷÒāº @...$s\"/showFrame Maru 27/animate farmer false true 100 94/jump Maru/jump farmer/pause 1500/stopAnimation farmer/showFrame Maru 0/faceDirection Maru 2/speak Maru \"ˎÍ! Ëɩ¾ÂÒÂÒÁỄÒ§ӫ¹Â¹΅ àҮÍˎÍáÅÐáˑàÅÂ¹Ð!$a#$b# ÁÒƃÅ˴Ò (MarILDA) ɦ¡ỄÒ§ã̋ʺÇÂ§Ò¹ˎÍã¹áÅ» áÅÐʺÇÂ§Ò¹ä́¢Í§áˑ... àұÍäÃʁµÒÁ чËɩäˑä˴ÍԒчщ ¨Ðä˴äˑŇÒã̋ˎÍāºáˑ ˵Í§àËҩÍÂƽ¡ä§˕Ð$8\"/pause 500/showFrame robot 7/playMusic echos/pause 500/message \"¢ÍÍȹ­Òµ...\"/faceDirection Maru 1/faceDirection farmer 1/message \"ĉ¹¢Íâ·É¹ÐÁÒɃ á˅ĉ¹äˑä˴ÍÂÒ¡¨Ðàʛ¹ ¤¹ģºã˪¢Í§à¸Í...\"/pause 500/showFrame robot 1/pause 1000/message \"Ե§á˅чà¸ÍàŻ´ã˪§Ò¹ĉ¹ ĉ¹Ʊ¤ÇÒÁµÃÐËę¡ǖ§ ¡ÒÃńÒÃ§ÍԒ¢Í§ĉ¹˴ÇÂâÁɤÅ '¡ÒÃړĈ¡µ¹àÍ§' чà¸Íã˚Å§ä»ã¹ÃÐºº¢Í§ĉ¹\"/showFrame robot 1/message \"ĉ¹¢Íâ·É чŇÒã̋à¸Íż´Ëħ§ã¹ȷ¡æ Í˒Ò§ á˅ĉ¹¨Ð˵Í§¶ÒÁǖ§ ƍÊÃÐÀÒ¾¢Í§ĉ¹ à¾ÃÒÐĉ¹ĕ´Ɗ¹ã¨ ч¨ÐÍÍ¡àŴ¹·Ò§ ä»ã¹¡Òáʥ¡л àҮÍˤ¹ËÒɳ»áºº Ъ§ƱƚƇµҽ¹æ\"/speak Maru \"ÍÐäÃ¹Ð!? à݋ÂÇƊ!$9\"/pause 800/faceDirection Demetrius 2/pause 1000/showFrame Demetrius 19/pause 3000/showFrame Demetrius 0/pause 500/move Demetrius -1 0 0/faceDirection Maru 2/speak Demetrius \"äˑàʛ¹äÃËÃÍ¡ÁÒɃ ã̋ÁÒƃÅ˴Ò (MarILDA) ä»à¶ÍÐ$5#$b#ˎÍáÅÐáˑ¢Í§Ëɩ ɤáÅā¹àÍ§ä˴ ˎÍړ ˗Òɵ¡¾̃ÍÁ¨ÐàУÁƚƇµãËˑ ã¹˚Ç¹¢Í§ɵ¡á̅Ç áÅÐˎÍʁàˢÒã¨ áÅÐ¨ÐÂÍÁģºã¹Ê¶Ò¹¡ÒÃ΃ чäˑƱɵ¡ÍԒã¡̅æ µÅÍ´àÇÅÒ#$b#¹Í¡¨Ò¡Թ¹ щ... Ъ§чɵ¡ỄÒ§ע¹ ġ¹ɤà͈§Ɋ´æ ˎÍ¤§ړǪ¡äˑƤáˉ ч¨Ðã̋ġ¹àʛ¹áʴ¤¹ã˪ˉÐ\"/pause 800/showFrame robot 8/pause 500/showFrame robot 7/pause 500/showFrame Maru 26/move Demetrius -1 0 0/faceDirection farmer 2/speak Demetrius \"@ ĉ¹¢Íâ·É¹Ð чĉ¹äˑàҚÍã¨à¸Í à¸Íàʛ¹¤¹Ƥ¨ƃ§æ$5^@ ĉ¹¢Íâ·É¹Ð чĉ¹äˑàҚÍã¨à¸Í à¸Íàʛ¹¤¹Ƥ¨ƃ§æ$5#$b#ĉ¹äˑà¤Âàʫ¹ÁÒɃ ƱƚƇµƚÇÒ áÅÐ˓Òàƃ§Í˒Ò§׉ÁÒʱÍ¹... áÅÐĉ¹¨ÐäˑƱ·Ò§ɰƁã¨ ã¹ĕÇÁÒɃ¢¹Ò´׉àÅÂ ˶ÒäˑƱà¸Í¤ÍÂҲ¹ȑÍÁÒʺÇÂ ĉ¹ģºÃÍ§ä˴àÅÂ\"/move Demetrius -1 0 0/move Demetrius 0 -1 0/warp Demetrius -1000 -1000/playSound doorClose/pause 500/faceDirection farmer 1/showFrame Maru 0/pause 100/faceDirection Maru 3/speak Maru \"...$8\"/pause 1000/faceDirection Maru 1/speak Maru \"âÍà¤ÁÒƃÅ˴Ò (MarILDA) ÍÍ¡ä»¨Ò¡̋Í§чɍ´ڝщà¶ÍÐ\"/playMusic spring_day_ambient/globalFade/viewport -5000 -5000/changeLocation Mountain/viewport -5000 -5000/warp Maru 11 28/warp farmer 10 29/warp robot 13 28/showFrame robot 1/viewport 12 27 clamp/pause 2000/showFrame robot 7/pause 1000/message \"¢ÍºȤ³чỄÒ§ĉ¹ע¹ÁÒ¹Ð ÁÒɃ ĉ¹¨ÐäˑƱħ¹ȕÁȤ³àÅÂ\"/pause 500/showFrame robot 1/pause 1000/playSound robotBLASTOFF/specificTemporarySprite robot/warp robot -2000 -2000/pause 3000/faceDirection Maru 0 true/faceDirection farmer 0 true/viewport move 0 -1 2000/pause 2500/playMusic kindadumbautumn/cutscene robot/pause 3000/speak Maru \"ɤà¸ÍƊ...$8\"/pause 1600/emote Maru 40/pause 500/move farmer 0 -1 1/pause 500/faceDirection Maru 3/pause 800/speak Maru \"$q 18981 null#á̅Çà¸Í˕Ð @ Ť´˗Òä§˺Ò§?#$r 18981 50 event_robot1#ĉ¹»ÃÐėºã¨ āºЪ§чà¸ÍỄÒ§ÁÒ¡#$r 18981 -50 event_robot2#ĉ¹ż´Ëħ§... à¸ÍỄÒ§ӫ¹Â¹΅ ÁÒàʛ¹·ÒÊ¹Ð#$r 18981 0 event_robot3#µÍ¹׉ˎÍà¸Í ˉÒ¨ÐâÍà¤āºàÃÒá̅Ç?#$r 18981 0 event_robot4#(˨Í§ÁÍ§ÁÒɃ â´Âчäˑä˴ɮ´ÍÐäÃ)\"/fork BadAnswer/faceDirection Maru 1/pause 300/faceDirection Maru 0/pause 300/faceDirection Maru 2/pause 300/faceDirection Maru 3/faceDirection farmer 2 true/positionOffset Maru -2 0/showFrame Maru 13/pause 50/positionOffset Maru -2 0/showFrame Maru 12/pause 50/positionOffset Maru -2 0/showFrame Maru 13/pause 50/positionOffset Maru -2 0/showFrame Maru 12/pause 50/positionOffset Maru -2 0/showFrame Maru 13/pause 50/positionOffset Maru -2 0/showFrame Maru 12/pause 50/positionOffset Maru -2 0/showFrame Maru 13/pause 50/positionOffset Maru -2 0/showFrame Maru 12/pause 50/positionOffset Maru -2 0/showFrame Maru 13/pause 50/positionOffset Maru -2 0/showFrame Maru 12/pause 500/showFrame Maru 28/positionOffset Maru 0 -8/playSound Cowboy_Footstep/pause 300/animate farmer false true 100 16/specificTemporarySprite heart 11 27/pause 1000/stopAnimation farmer/pause 500/faceDirection Maru 3/positionOffset Maru 4 8/faceDirection farmer 1/pause 1500/globalFade/viewport -3000 -3000/changeLocation ScienceHouse/end",
        "1053978/n robinDeluxeBed": "distantBanjo/-1000 -1000/farmer -100 -100 0 Robin 5 20 3 Demetrius 7 20 3 Maru 8 18 2 Sebastian 3 23 0/skippable/specificTemporarySprite staticSprite TileSheets\\\\furniture 160 1087 48 64 2.25 18/positionOffset Robin 32 0/viewport 5 22 true/pause 3000/speak Robin \"щä§˕Ð! Ъ§»ÃÐŴÉ΀֊¹ãËˑ¢Í§ĉ¹$h#$b#ġ¹ǴÍàƥÂ§њàÊÒáººžàÈÉ ỄÒ§ÁÒ¨Ò¡ä́àةÍáʂ§ чƤчɊ´àÅÂàƚÂÇ˕Ð\"/pause 400/emote Demetrius 8/speak Demetrius \"ȝÁ... âÃź¹? á̅Çà˨ÒàƥÂ§њàÊÒ щġ¹ƱÍÐäÃԧ¹àËÃÍ? ġ¹ɤ¨Ðã˪ħÊȴä˴ ...äˑلÁàˇÒäË˓àÅÂ¹Ð.$s\"/emote Robin 12/faceDirection Robin 1/speak Robin \"ġ¹ǴÍ¤ÇÒÁ 'ÊÇÂ§ÒÁ' Ģ§ä§˕Ðчģ¡... Ȥ³ʁړщ Ъ§ч¤¹˚Ç¹ãËʽġ¡¨Ð ã̋¤ÇÒÁÊ¹ã¨ˉÐ?$6\"/emote Demetrius 8/speak Demetrius \"țÁÁÁ ¼ÁàˢÒã¨˕Ð.. á˅àÃÒ¤§ã̋ġ¹àʛ¹ÁÒ¡¡˗Ò ч¹Í¹äˑä˴ËÃÍ¡ãʺՁÂ˕Ð\"/pause 500/jump Robin/pause 500/speak Robin \"Ȥ³ʁړщ ºÒ§¤Ճ§àÇÅÒáºº׉ ġ¹àËȑÍ¹Ȥ³Ե§ã¨ ¨ÐˋÇ¹»ÃÐÊÒ·ĉ¹ÍԒàÅÂ¹Ð ړՁÂàщÂ?$3\"/pause 100/animate Demetrius true true 100 18/shake Demetrius 1000/emote Maru 28 true/emote Sebastian 12 true/jump Demetrius/pause 1000/stopAnimation Demetrius/pause 400/warp farmer 6 24/playSound doorClose/move farmer 0 -1 0/faceDirection Robin 2 true/faceDirection Demetrius 2 true/faceDirection Sebastian 1/speak Robin \"щ @... àˢÒÁÒä˴àÅÂ\"/move farmer 0 -2 0/speak Robin \"ɤщƊ... ġ¹àʛ¹àƥÂ§чĉ¹ ÍÂÒ¡¨Ð¢ÍºȤ³ä́ȷ¡ æ ֊¹чàÍÒ¾Ç¡ġ¹ÁÒŇÒàÅÂ˕Ð\"/faceDirection farmer 3/faceDirection Robin 3 true/faceDirection Demetrius 3/pause 300/speak Robin \"Ť´˗ÒĢ§ä§˺Ò§˕Ð?\"/quickQuestion #àʛ¹¡ÒÃÍÍ¡áºº чÊÇÂ§ÒÁÁÒ¡#à˨ÒàƥÂ§׉ġ¹ɤÍÍ¡¨Ð ...Ğ§ʷÒÂä»ËˉÍÂ(break)faceDirection Sebastian 0 true\\textAboveHead Sebastian \"ãʺ\"\\emote Robin 20 true\\emote Demetrius 12\\pause 2000\\move Demetrius 15 0 1 true\\pause 500\\speak Demetrius \"*ÍÐá˞Á*... Ƥá̅Ç... ˶Òã¤Ã¨ÐµÒÁËÒ¼Á˕Ðʁ ¨Ðä»ÍԒá¶Ç æ ˺Ò¹ËÁÒ¹Ð...$5\"(break)emote Demetrius 32\\speak Demetrius \"Ť´ä˴Ƥ...$h\"\\emote Robin 12 \\speak Robin \"Ģ§ä§ʁà¶ÍÐ$3#$b#¤ÇÃ¨Ðä»ä˴á̅Ç¹Ð..$3\"/pause 1000/speak Robin \"Ƨ׉ʁƱĕÇ˵¹áººá̅Ç ĉ¹àУÁ¢ÒÂġ¹ã¹̃Ò¹ àÅÂÅÐā¹¹Ð.\"/faceDirection Robin 2/speak Robin \"à̎... щ¨Ð˵Í§ɤƤÁÒ¡áˉ æ àÅÂāº˺Ò¹à¸Í @! ɮ´ÍÐäÃ¹ÐàұÍֱ... ¨Ðã̋Å§ҚÍ˚§à˨Òщ ä»ч˺Ò¹¢Í§à¸Í Ī¡¤҃§âËÅԧ¹àËÃÍ\"/faceDirection farmer 2 true/startJittering/animate farmer false true 100 94/jump farmer/pause 200/textAboveHead Maru \"áˑ¤Ð!\"/pause 1000/fade/viewport -1000 -1000/end"
    }
}
