{
    "header": {
        "target": "w",
        "formatVersion": 5,
        "hidef": true,
        "compressed": 128
    },
    "readers": [
        {
            "type": "Microsoft.Xna.Framework.Content.DictionaryReader`2[[System.String, mscorlib, Version=4.0.0.0, Culture=neutral, PublicKeyToken=b77a5c561934e089],[System.String, mscorlib, Version=4.0.0.0, Culture=neutral, PublicKeyToken=b77a5c561934e089]]",
            "version": 0
        },
        {
            "type": "Microsoft.Xna.Framework.Content.StringReader",
            "version": 0
        }
    ],
    "content": {
        "2794460/f Sebastian 500/p Sebastian": "Hospital_Ambient/-1000 -1000/farmer 1 1 2 Sebastian 9 4 3 Robin -100 -100 2/skippable/doAction 1 3/removeTile 1 3 Buildings/removeTile 1 2 Front/playSound keyboardTyping/showFrame Sebastian 24/animate Sebastian false true 100 26 27 26 27 26 27 26/viewport 6 6 true/move farmer 0 4 1/move farmer 5 0 1/pause 1000/speak Sebastian \"â̍ ä§ á»ºǙ§¹Ð\"/pause 500/playSound keyboardTyping/pause 1000/question fork1 \"#à¢ÒıÒĥ§Ӣ§... ĉ¹ä»Ƥ¡˗Ò#ÍԒÃÍ\"/fork didntLeave/move farmer -2 0 3/speak Sebastian \"à¸Í¨Ðä»äË¹?$u\"/pause 300/faceDirection farmer 1/stopAnimation Sebastian/speak Sebastian \"â·ÉƧ... ĉ¹˵Í§ŇÒã̋àÊʣ¨ ʱÍ¹ч¤ÇÒÁŤ´ĉ¹¨ÐËɂ´Ч§ˉÐ\"/pause 500/move farmer 2 0 1/switchEvent sebastianRoom",
        "didntLeave": "pause 5500/stopAnimation Sebastian/speak Sebastian \"âÍà¤ ¢Íâ·Éчã̋ÃÍ ĉ¹áʴÍÂÒ¡¨ÐŇÒ§Ò¹ ã̋àÊʣ¨ʱÍ¹ˉÐ\"/switchEvent sebastianRoom",
        "sebastianRoom": "resetVariable/move farmer 0 2 1/playSound mouseClick/move farmer 3 0 0/playSound mouseClick/move farmer 0 -1 0/playSound mouseClick/move farmer 0 -1 0/pause 500/faceDirection farmer 0/question fork1 \"#¶ÒÁ˗Òà¢ÒŇÒ§Ò¹ÍÐäÃ#Ĉ´á˅§̋Í§¢Í§à¢Ò\"/fork decor/pause 500/stopAnimation Sebastian/speak Sebastian \"ĉ¹àʛ¹ â»Ãá¡ÃÁàÁÍΓƍÊÃÐˉÐ\"/switchEvent enterRobin",
        "decor": "pause 500/stopAnimation Sebastian/speak Sebastian \"µ¡á˅§̋Í§ãËˑàËÃÍ?... â̍ àђÂÁ... ¢ÍºȤ³¹Ð ĉ¹ŵ´â»ÊàµÍΓ ч¼ę§ÁÒàʛ¹ƫá̅Ç ĉ¹˗Ò¤§ǖ§àÇÅÒ ˵Í§à»ѕÂ¹ġ¹á̅Ç˕Ð\"/switchEvent enterRobin",
        "enterRobin": "pause 500/playSound mouseClick/pause 100/playSound mouseClick/pause 500/playSound Pickup_Coin15/pause 300/emote Sebastian 40/speak Sebastian \"ƱˢÍ¤ÇÒÁÁÒ¨Ò¡á«Á... ĉ¹à´Ò˗Òà¢Ò¨Ð ªÇ¹ä»ˢÒ§¹Í¡...#$b#ħ¹׉ĉ¹äˑʴÍÂÍÂÒ¡ ÍÍ¡ä»äË¹àÅÂ$u\"/pause 500/playSound doorClose/warp Robin 1 1/move Robin 0 4 1/speak Robin \"â̍ ÊħÊƤ @\"/faceDirection farmer 3/move Robin 4 0 1/speak Robin \"à«º׊ áˑړ˗Òɵ¡äˑʴÍÂªÍºã̋áˑ àˢÒÁÒã¹̋Í§... á˅áˑä»à¨ÍÍźà¡Å ч̃Ò¹¢ÒÂ¢Í§ÁÒ à¸ÍºÍ¡˗ÒıÒĥ§ËÒĕÇɵ¡ÍԒ\"/pause 200/emote Sebastian 28/speak Sebastian \"á̅Çä˴ºÍ¡à¸Íä»ǣà»˕Ò ˗Ò¼ÁŇÒ§Ò¹ÍԒ?\"/speak Robin \"ºÍ¡á̅Ç̘Ð... á˅à¸ÍºÍ¡˗Ò ԧ¹à¸Í¨ÐäˑÁÒ¡Ç¹á̅Ç\"/emote Sebastian 12/speak Sebastian \"*¶Í¹ËÒÂã¨*... äˑƱã¤ÃŤ´˗Òĉ¹¨ƃ§Ĉ§ āº§Ò¹¢Í§ĉ¹˺Ò§àÅÂ$u#$b#äˑà¤ÂƱã¤ÃŤ´áºº׉āºÁÒɃ à¾ÃÒÐà¸Íä»ŇÒ§Ò¹ч¤ƅŹ¡... á˅āºĉ¹ȷ¡¤¹Ť´˗Ò ĉ¹à˕¹àʧºԷ§ħ¹ˉÐ¹Ð?\"/faceDirection farmer 0 true/move Robin -4 0 0/move Robin 0 -4 0/warp Robin -100 -100/playSound doorClose/pause 500/faceDirection farmer 0/resetVariable/question fork1 \"#¶ÒÁǖ§Ȩ´ӡ§ËÁÒÂ ã¹ÍÒƚ¾¢Í§à¢Ò#¶ÒÁ˗ÒŇÒäÁ à¢Òǖ§äˑÍÂÒ¡ä»à¨ÍàҮÍ¹\"/fork noFriends/pause 500/speak Sebastian \"ȝÁÁ ĉ¹¾ÂÒÂÒÁ¨Ðàʁºàŧ¹ċ¡ˡÍ¹ àҮÍ̂ÒÂÍÍ¡¨Ò¡чщ ÍÒ¨¨Ðä»ÍԒã¹àȑÍ§ ËȓÍÍÐäÃŇÒ¹Í§Թ¹\"/emote Sebastian 40/speak Sebastian \"ړäËÁ ˶Òĉ¹ÍÂÒ¡¨ÐàˢÒÁËÒĥÂ ĉ¹ÍÒ¨¨Ð˵Í§ËÒàŧ¹ã̋ä˴ àÂÍÐæ à¾ÃÒÐµÍ¹׉... ĉ¹ʁäˑÍÂÒ¡¨Ðä»áʲ§Ă¹ ÍԒã¹ºƃĩ·àʥ¡æ ËÃÍ¡#$b#áÅÐĉ¹Ť´˗Ò ĉ¹¨ÐړǪ¡ÊºÒÂã¨ чι§ÍԒËĥ§¤ÍÁžÇàµÍΓ ÁÒ¡¡˗ÒÍÍ¡ä»ɮ´ȤÂāºڌ¤¹ ā¹ĕÇ˅ÍĕÇ$s\"/emote Sebastian 28/pause 600/playSound mouseClick/pause 100/playSound mouseClick/pause 300/speak Sebastian \"àÍÒ˕Ð ĉ¹¨Ð¡ĥºä»ŇÒ§Ò¹á̅Ç... ĉ¹ÍÂÒ¡ã̋àÊʣ¨ÀÒÂã¹ħ¹¾ӣ§׉\"/animate Sebastian false true 100 24 24 24 24 24 24 24 24 24 24 25 26 27 26 27 26 27 26 25 24 24/playSound keyboardTyping/pause 500/move farmer 0 2 3/move farmer -3 0 0/move farmer 0 -2 3/move farmer -5 0 0 true/globalFade/viewport -1000 -1000/pause 1000/end",
        "noFriends": "pause 500/emote Sebastian 28/speak Sebastian \"*¶Í¹ËÒÂã¨*... ĉ¹ªÍºч¨ÐƱàҮÍ¹¹Ð ĉ¹áʴ˵Í§¡ÒÃáˊ§àÇÅÒ ÃÐË˗Ò§ÍԒ¤¹àƤÂÇ āºÍԒāº¤¹ҽ¹˺Ò§$s#$b#á˅āºá«Á ġ¹µÃ§ˢÒÁā¹... à¢Ò¨Ðàʛ¹˺Ò ˶ÒÍԒ¤¹àƤÂÇ¹Ò¹æ#$b#ι¹ÍÒ¨¨Ðàʛ¹àËȵ¼ÅǙ§чĉ¹ ªÍº¤ÍÁžÇàµÍΓàÍÒÁÒ¡æ... ¾Ç¡ġ¹ˉÒģ¡ қÍµÃ§áÅÐäˑàʫ¹áʱĕÇ µÃ§ā¹ˢÒÁ āº¤¹˚Ç¹ãËʽчĉ¹ړĈ¡àÅÂ\"/pause 600/playSound mouseClick/pause 100/playSound mouseClick/pause 300/emote Sebastian 40/speak Sebastian \"àÍÒ˕Ð ĉ¹¨Ð¡ĥºä»ŇÒ§Ò¹á̅Ç... ĉ¹ÍÂÒ¡ã̋ġ¹àÊʣ¨ ã¹ħ¹¾ӣ§׉\"/pause 300/animate Sebastian false true 100 26 27/playSound keyboardTyping/pause 500/move farmer 0 2 3/move farmer -3 0 0/move farmer 0 -2 3/move farmer -5 0 0 true/globalFade/viewport -1000 -1000/pause 1000/end",
        "27/f Sebastian 1500/p Sebastian": "jaunty/-1000 -1000/farmer 1 1 2 Sebastian 5 9 3 Sam 3 7 2/skippable/showFrame Sam 24/showFrame Sebastian 28/doAction 1 3/viewport 5 5 true/move farmer 0 6 1/pause 500/showFrame Sebastian 29/pause 500/speak Sebastian \"à̎ @$7\"/pause 500/speak Sebastian \"á«Áāºĉ¹ıÒĥ§à˕¹ 'â«ÅÒàѓÂ¹ â¤ÃŹàŤÅΚ: à´ÍÐ à¡ÁΚ (Solarion Chronicles: The Game)'... ŇÒäÁäˑÁÒà˕¹āºàÃÒ˕Ð? ġ¹¨ÐƤ¡˗Ò¹Ð˶Òà˕¹ 3 ¤¹ˉÐ$7\"/move farmer 0 1 2/pause 500/playSound thudStep/faceDirection farmer 1 true/showFrame 117/positionOffset farmer 16 80/pause 600/speak Sebastian \"âÍà¤ àУÁā¹àÅÂ... ã̋ĉ¹Ĉº¡ÒΓ´àةÍàҳÍ§ÅÐā¹$7\"/pause 900/showFrame Sebastian 30/playSound dwoop/pause 500/showFrame Sebastian 28/pause 500/speak Sebastian \"țÁÁÁ... ɤàËȑÍ¹¨ÐºÍ¡˗Ò ÀÒÃš¨ħ¹׉ã̋àÃÒàˢÒä»ч ËÍ¤ÍÂà¹â¤ÃàÁ¹à«ÍΓ... àҮÍä»·Ç§Ǵ¹ 'â«ÅÒàѓÂ¹' ¡ĥºÁÒ¨Ò¡àؗÍÁȑÍ ¢Í§˨ÒÇá˛§¤ÇÒÁµÒÂ '«ÒΓ·' \"/pause 600/speak Sam \"à͈§àÅÂ... @ à¸Í¾̃ÍÁч¨Ð àȕÍ¡ĕÇÅÐ¤ÃǣĢ§?\"/pause 500/question chooseCharacter \"àȕÍ¡ĕÇÅÐ¤Ã¢Í§Ȥ³ :#ę¡Ãº ĉ¹ªÍºȺ¡·ÐÅÇ§àˢÒä»#ċ¾¾ÍΓµ ĉ¹ªÍºʺÇÂàËȕÍ¤¹ҽ¹#ˎÍÁ´ ˴ÇÂŨµã¨ч¡̅ÒËÒ­ Ʊ¾ĥ§ÁÒ¡ÁÒÂ Т§¡˗Ò¤ÁƱ´Է§ËÁ´\"/pause 500/speak Sebastian \"à̎! ι¹ĉ¹ıÒĥ§¨ÐàȕÍ¡àÅÂ¹Ð!$h#$b#ԧ¹ĉ¹Ť´˗Òĉ¹¨Ð àȕÍ¡àʛ¹ċ¾¾ÍΓµ\"/pause 500/speak Sam \"à͈§àÅÂ ĉ¹àȕÍ¡ę¡Ãº à¾ÃÒÐàʛ¹ĕÇÅÐ¤Ãчĉ¹ªÍº\"/addMailReceived choseWizard/switchEvent opening",
        "warrior": "pause 500/speak Sebastian \"àȕÍ¡ä˴Ƥщę¡ÃºˉÐ àʛ¹ĕÇÅÐ¤ÃчʷÒÂ ŚÒËģºڌàУÁ˵¹àÅÂ$7#$b#ԧ¹ĉ¹àȕÍ¡ˎÍÁ´ ʁá̅Çā¹\"/emote Sam 28/speak Sam \"ԧ¹ĉ¹ʁ˵Í§àʛ¹ċ¾¾ÍΓµ Ɗ¹Ð$s\"/addMailReceived choseWarrior/switchEvent opening",
        "healer": "pause 500/speak Sebastian \"ċ¾¾ÍΓµ ȝÍțÍ? ġ¹àʛ¹ŅÒáËˉ§ чŚÒĄ­¹Ð$7#$b# ԧ¹ĉ¹àȕÍ¡ˎÍÁ´ ʁá̅Çā¹\"/speak Sam \"à͈§àÅÂ ĉ¹àȕÍ¡ę¡Ãº à¾ÃÒÐàʛ¹ĕÇÅÐ¤Ãчĉ¹ªÍº\"/addMailReceived choseHealer/switchEvent opening",
        "opening": "pause 500/speak Sebastian \"àУÁā¹à¶ÍÐ...\"/globalFade/viewport -1000 -1000/playMusic Crystal Bells/cutscene boardGame/pause 1700/message \"¾ÃÐÃÒªÒÇÒ§ä˴ä̇ÇÒ§ã¨ ã̋Ȥ³áÅÐÊËÒÂ¢Í§Ȥ³ ٱǴ¹â«ÅÒàѓÂ¹... ËÒ¡§Ò¹àÊʣ¨ÊÁɪÃ΃Ƥ ¨ÐŇÒã̋Ȥ³ä˴ä»Ԛ ̋Í§á˛§ŅÒ¹Ò¹ áÅÐÃÇÁǖ§âª¤ÅÒÀ ·Í§ĴÒáÅÐÊÁĚŵ˅Ò§æ\"/pause 800/message \"Ëĥ§¨Ò¡ËÅÒÂàȄÍ¹ чä˴àŴ¹·Ò§ˌÒ¹Ŵ¹á´¹ á˛§¤ÇÒÁ֪¹Ëħ§ÁÒ Ȥ³àŴ¹ä»Ģ§Ë˹Ò¼ÒàҮÍɤ Ȩ´ËÁÒÂ»ÅÒÂ·Ò§ѫ§Ե§ÍԒ ˛Ò§ä¡ÅÍÍ¡ä»\"/pause 100/message \"чι¹ ччáÊ§Ĉ¹·ΓÊÒ´˚Í§ ËÍ¤ÍÂà¹â¤ÃàÁ¹à«ÍΓ... ч˨ÒÇá˛§¤ÇÒÁµÒÂ«ÒΓ· ä˴ã˪¾ĥ§¢âÁÂâ«ÅÒàѓÂ¹ ä»àʁºä̇˴ÇÂàËȵ¼Å ºÒ§Í˒Ò§ \"/pause 500/pause 700/updateMinigame 1/resetVariable/pause 700/question fork1 \"ËÍ¤ÍÂÍԒµÃ§Ë˹ÒȤ³á̅Ç #àˢÒ·Ò§ˢÒ§Ë˹Ò ˴ÇÂ¤ÇÒÁ¡̅ÒËÒ­чĊ´à¨¹ #ËÒ·Ò§àˢÒ˴Ò¹Ëĥ§ á̅ÇʴÍÂæ ʻÍ¹ĕÇàˢÒä»\"/fork backEntrance/pause 500/updateMinigame 3/pause 50/playSound skeletonStep/pause 100/playMusic bigDrums/pause 500/message \"â¤Ã§¡ÃÐɤ¡ä˴˻Í§ā¹ ·Ò§àŴ¹àÍÒä̇ ɤĭ¹µÃÒÂÁÒ¡àÅÂ\"/pause 900/resetVariable/question fork1 \"ŇÒĢ§ä§Ƥ?#ښāºġ¹ #Ч§ËƩ\"/fork ranAway/pause 500/resetVariable/question fork0 \"â¤Ã§¡ÃÐɤ¡Ӟ§àˢÒÁÒá̅Ç!#ã˪ÍÒɇ¸¢Í§Ȥ³ #¡Ò§â˕˻Í§ā¹ \"/fork swungWeapons/pause 600/playSound clubhit/updateMinigame -1/pause 500/message \"˻Í§ā¹¡ÒÃâ¨Áƥä˴ŚÒàʣ¨ â¤Ã§¡ÃÐɤ¡ɦ¡¡ÃÐá·¡ ¶ÍÂä»ˢÒ§Ëĥ§ ŇÒã̋ƱàÇÅÒ¾Í ч¨Ðâ¨ÁƥáÅÐʶÒ¾Ç¡ġ¹ \"/pause 200/playSound swordswipe/pause 400/playSound skeletonDie/updateMinigame 5/updateMinigame -1/pause 1000/addMailReceived killedSkeleton/message \"Ȥ³àŴ¹ä»µÒÁâ¶§·Ò§àŴ¹ ÃÐħ§ч¨ÐäˑàËƲÂº˒ Ó«Ò¡â¤Ã§¡ÃÐɤ¡ \"/pause 900/switchEvent sewer",
        "swungWeapons": "pause 300/message \"â¤Ã§¡ÃÐɤ¡Թ¹àʣÇàš¹ä» áÅÐàˢÒâ¨Áƥ¡ӥÁ¢Í§Ȥ³ ʱÍ¹чã¤Ã¨Ð ƱâÍ¡ÒÊâ¨Áƥġ¹!\"/playSound killAnimal/updateMinigame -1/pause 1000/message \"¾ĥ§¨Ò¡ÅÁԹ¹ä˴ŇÒã̋ ¾Ç¡Ȥ³»ƅÇä»ˢÒ§Ëĥ§ â´ÂäˑÊÒÁÒÃ¶˻Í§ā¹ ä˴ė¹àÇÅÒ ʱÍ¹чȤ³¨ÐäËÅä» µÒÁ·Ò§ÅÒ´Ċ¹\"/pause 100/playSound dropItemInWater/pause 700/switchEvent sewer",
        "ranAway": "pause 300/message \"Ȥ³ī¹¡ĥºáÅÐ Ч§ä»µÒÁ·Ò§ÊĥÇ ˡÍ¹Ƌ¹ä˴äËÅÅ§ÁÒ áÅÐËɁ¹ä»ÁÒ Í˒Ò§äˑƱ֪¹Ɋ´ ã¹чɊ´ Ȥ³ä˴ÁÒĢ§خ¹чãËˑá̅Ç \"/pause 400/switchEvent sewer",
        "backEntrance": "pause 300/playSound leafrustle/pause 500/playSound grassyStep/pause 400/playSound leafrustle/pause 500/updateMinigame 2/pause 600/message \"Ëĥ§¨Ò¡µÃÇ¨ÊÍºÃÍºæ ËÍ¤ÍÂá̅Ç Ȥ³ʁ¾º»ÃÐɥчʻÍ¹ÍԒ Ëĥ§ӞÁä́ ˢÒ§ã˵Թ¹ƱĚ¹ä´ÍԒ ѫ§ƧÁ¢Í§Ȥ³ä˴ä˅Å§ä»á̅Ç\"/pause 800/playSound woodyStep/pause 400/playSound woodyStep/pause 400/playSound woodyStep/pause 500/switchEvent sewer",
        "sewer": "updateMinigame 4/resetVariable/playMusic pool_ambient/pause 1600/message \"Ȥ³¾º˗ÒĕÇàÍ§ ÍԒã¹ˇÍÃÐºÒÂթÒч ·Í´ÂÒÇàËȑÍ¹â¶§·Ò§àŴ¹ ˴Ò¹˫ÒÂ¢Í§Ȥ³ Ʊâ¶§·Ò§àŴ¹чÊ˗Ò§ä» ˴ÇÂáÊ§ƺàƒÂÇá»Å¡µÒ áÅÐ·Ò§¢ÇÒƱĚ¹ä´ч ƫ¹ע¹ä»Ԛ¤ÇÒÁȑ´Ɓ´\"/pause 500/question fork1 \"Ȥ³¨ÐŇÒĢ§ä§?#ä»â¶§·Ò§àŴ¹ ·Ò§˴Ò¹˫ÒÂ #ƫ¹Ě¹ä´чÍԒ·Ò§˴Ò¹¢ÇÒ \"/fork wizardDoor/switchEvent podRoom",
        "podRoom": "pause 500/updateMinigame 7/resetVariable/playMusic Hospital_Ambient/pause 1600/message \"Ȥ³ä˴ÁÒÍԒã¹̋Í§æ Ëѹ§ ·Ò§˴Ò¹˫ÒÂàʛ¹Ě¹ä´ áÅÐ·Ò§˴Ò¹¢ÇÒ Ʊę¡â·Éчɦ¡ã˚ÍԒã¹ á¤»ɛÅá»Å¡æ 3 ËÅÍ´чàȓÍ§áÊ§ÍÍ¡ÁÒ àËȑÍ¹¨ÐÍԒã¹Ԣ¹µÍ¹ ¢Í§ÍÐäÃºÒ§Í˒Ò§\"/pause 500/message \"щ¨Ðãʺ¡ÒÃ·´ÅÍ§чäˑƤ ¢Í§˨ÒÇá˛§¤ÇÒÁµÒÂ ËȓÍà»˕Ò¹Ð?\"/pause 500/question fork0 \"Ȥ³¨ÐŇÒĢ§ä§?#ÍÍ¡ä»ã̋äÇчɊ´ àˇÒч¨ÐŇÒä˴ #ŇÒÅÒÂá¤»ɛÅ \"/fork leave/pause 500/pause 500/playSound swordswipe/pause 200/playSound breakingGlass/updateMinigame -1/pause 1000/message \"Ëĥ§¨Ò¡˚§´Ç§Ƈ­­Ò³ àË˕ÒԹ¹ä»ԚɊ¢¤ŵá̅Ç, Ȥ³áÅÐàҮÍ¹æ ¢Í§Ȥ³ʁä˴ƫ¹ע¹Ě¹ä´ä»\"/pause 800/addMailReceived destroyedPods/playSound woodyStep/pause 400/playSound woodyStep/pause 400/playSound woodyStep/pause 500/switchEvent wizardDoor",
        "wizardDoor": "pause 500/updateMinigame 8/resetVariable/playMusic Lava_Ambient/pause 1600/message \"Ȥ³ÁÒǖ§»ÃÐɥчԵ§ÍԒ Ɋ´â¶§·Ò§àŴ¹\"/pause 800/message \"ǖ§àÇÅÒч¨Ð˵Í§à¼Ū­Ë˹Òāº ˨ÒÇá˛§¤ÇÒÁµÒÂ«ÒΓ·á̅Ç\"/pause 500/playSound openChest/pause 1000/switchEvent Necromancer",
        "Necromancer": "pause 500/updateMinigame 6/resetVariable/playMusic Lava_Ambient/pause 1600/message \"«ÒΓ·: ڌȺ¡Ƀ¡àËÃÍ? ¡̅ÒƤĢ§ä§ǖ§àˢÒÁÒã¹ ̋Í§˚Ç¹ĕÇ¢Í§ˢÒˉÐ!\"/pause 800/message \"ͭÒ ÁÒµÒÁËÒâ«ÅÒàѓÂ¹ Ǵ¹ä»Ɗ¹Ð...\"/pause 800/message \"ўўў... ¾Ç¡âʷ ÁÒä˴àÇÅÒч¨ÐÅÍ§ښāº àË˕Ò·ËÒÃ¢Í§ˢÒ¾ÍƤàÅÂ!\"/pause 500/fork choseWizard finalBossWizard/fork choseWarrior finalBossWarrior/message \"«ÒΓ·ä˴àÊ¡ ÊÒÂ˿Òá˛§à§ÒÁÒ·Ò§׉!\"/pause 500/playSound flameSpell/pause 800/playSound flameSpellHit/updateMinigame -1/pause 1000/message \"Ȥ³ÊÒÁÒÃ¶ËÅºġ¹ä˴ á˅àҮÍ¹¢Í§Ȥ³ ä˴ģººÒ´àʈº!\"/pause 500/question fork0 \"Ȥ³¨ÐŇÒĢ§ä§?#ƾÅę¡Ãº (á«Á) #ƾÅˎÍÁ´ (à«ºÒÊàƥÂ¹)\"/pause 500/fork healedSam/playSound healSound/pause 500/speak Sebastian \"¢Íºã¨ @$7\"/speak Sam \"...$s\"/pause 1000/playMusic none/message \"à«ºÒÊàƥÂ¹àÊ¡ 'ÊÒÂ˿ÒºƃɊ·ڸ (Pure Bolt)'... â¨Áƥ ɦ¡«ÒΓ·àˢÒÍ˒Ò§Ĉ§ ˨ÒÇá˛§¤ÇÒÁµÒÂä˴¡Ƴ´̃Í§ áÅÐʴÍÂæ ÊÅÒÂàʛ¹ȼÂ¼§ \"/playSound debuffSpell/pause 500/playSound killAnimal/updateMinigame 9/updateMinigame -1/pause 800/message \"Ȥ³ËƂºâ«ÅÒàѓÂ¹ע¹ÁÒ áÅÐɚġ¹ע¹ɺ§ âÅ¡ãº׉ä˴¡ĥºԚ ¤ÇÒÁ»¡ŵƽ¡¤Ճ§\"/addMailReceived savedFriends/pause 1000/playSound getNewSpecialItem/updateMinigame -2/switchEvent end",
        "healedSam": "playSound healSound/pause 500/speak Sam \"¢ÍºȤ³¹Ð @\"/speak Sebastian \"...$s\"/pause 1000/playMusic none/message \"á«ÁӞ§àˢÒä»â¨Áƥ «ÒΓ·ä˴ŚÒàʣ¨ »Å´»˕ÍÂâ«ÅÒàѓÂ¹ ¨Ò¡àؗÍÁȑÍ¢Í§«ÒΓ· áÅÐŉÒ¤ÇÒÁÊ§ºɊ¢¡ĥºǴ¹ ÁÒԚâÅ¡ãº׉\"/pause 500/playSound swordswipe/pause 400/playSound killAnimal/updateMinigame 9/updateMinigame -1/pause 1000/playSound getNewSpecialItem/updateMinigame -2/switchEvent end",
        "finalBossWizard": "pause 500/resetVariable/message \"...\"/pause 500/question fork0 \"Ȥ³¨ÐŇÒĢ§ä§?#àÊ¡ 'ŕÒáÊ§ºƃɊ·ڸ (Pure Beam)' ä»ËÒ«ÒΓ·#ÇÒ§â˕ 'ŪÅ΄ ªÒΓÁ (Shield Charm)' ã̋àҮÍ¹Ȥ³\"/fork castBeam/pause 800/playSound debuffHit/message \"Ȥ³ÇÒ§â˕ 'ƚÅ΄ ªÒΓÁ (Shield Charm)' ã̋á«Á áÅÐà«ºÒÊàƥÂ¹\"/pause 500/playSound debuffSpell/updateMinigame -1/pause 1000/message \"«ÒΓ·ä˴»˕ÍÂ ¾ĥ§á˛§¤ÇÒÁȑ´ ÅÍÂÁÒËÅÒÂɵ¡ Ëѹ§ã¹Թ¹ µÃ§ÁÒĢ§à«ºÒÊàƥÂ¹ áÅÐȤ³ä˴ã˪â˕ 'ŪÅ΄ ªÒΓÁ (Shield Charm)' ÊÐ˷Í¹¾ĥ§ ¡ĥºä»Ģ§«ÒΓ·àˢÒĈ§æ!\"/pause 800/playSound killAnimal/updateMinigame 9/updateMinigame -1/pause 800/message \"«ÒΓ·ä˴ˎÒÂá˾á̅Ç áÅÐâ«ÅÒàѓÂ¹ʁä˴ ˚Í§áÊ§ÍÍ¡ÁÒ âÅ¡ãº׉ä˴¡ĥºÁÒԚ ¤ÇÒÁ»¡ŵƽ¡¤Ճ§\"/pause 1000/playSound getNewSpecialItem/addMailReceived savedFriends/updateMinigame -2/switchEvent end",
        "castBeam": "pause 500/message \"ʱÍ¹чȤ³¨ÐƱâÍ¡ÒÊ àÊ¡¾ĥ§ÍÍ¡ä» «ÒΓ·ä˴àÊ¡¾ĥ§ µÃ§ä»·Ò§àҮÍ¹¢Í§Ȥ³!\"/pause 500/playSound flameSpell/pause 500/playSound flameSpellHit/updateMinigame -1/pause 800/message \"á«ÁáÅÐà«ºÒÊàƥÂ¹ɦ¡·Í´ àʛ¹ġ¹½σ§¡ÃÍºä»á̅Ç...\"/pause 500/playSound yoba/pause 800/message \"¾ĥ§¢Í§Ȥ³â¨Áƥâ´¹«ÒΓ· àˢÒÍ˒Ò§Ĉ§\"/pause 500/playSound killAnimal/updateMinigame 9/updateMinigame -1/message \"«ÒΓ·¡Ƴ´̃Í§ÍÍ¡ÁÒ áÅÐʴÍÂæ ÊÅÒÂ¡ÅÒÂàʛ¹ȼÂ¼§ Ȥ³ËƂºâ«ÅÒàѓÂ¹ע¹ÁÒ áÅÐɚġ¹ע¹ɺ§ ¤ÇÒÁÊ§ºɊ¢ áÅÐ¤ÇÒÁàʛ¹ÃÐàƪÂº ä˴¡ĥºǴ¹ԚâÅ¡ãº׉á̅Ç\"/pause 1000/playSound getNewSpecialItem/updateMinigame -2/switchEvent end",
        "chargeAhead": "pause 500/message \"Ȥ³Ӟ§ä»ˢÒ§Ë˹Ò á˅«ÒΓ·ʁä˴ÅÍÂˌÒ¹Ȥ³ä» áÅÐàÊ¡¾ĥ§ µÃ§ä»·Ò§àҮÍ¹¢Í§Ȥ³!\"/pause 500/playSound flameSpell/pause 500/playSound flameSpellHit/updateMinigame -1/pause 800/message \"à«ºÒÊàƥÂ¹áÅÐá«Áɦ¡·Í´ àʛ¹ġ¹½σ§¡ÃÍºä»á̅Ç...\"/pause 800/message \"Ȥ³ä˴ğ¹´ÒºÅ§ä» ƽ¡¤Ճ§Ëѹ§ «ÒΓ·¡Ƴ´̃Í§ÍÍ¡ÁÒ áÅÐʴÍÂæ ÊÅÒÂ¡ÅÒÂàʛ¹ȼÂ¼§\"/playSound swordswipe/pause 400/playSound killAnimal/updateMinigame 9/updateMinigame -1/pause 800/message \"Ȥ³ËƂºâ«ÅÒàѓÂ¹ע¹ÁÒ áÅÐɚġ¹ע¹ɺ§ ¤ÇÒÁÊ§ºɊ¢ áÅÐ¤ÇÒÁàʛ¹ÃÐàƪÂº ä˴¡ĥºǴ¹ԚâÅ¡ãº׉á̅Ç\"/pause 1000/playSound getNewSpecialItem/updateMinigame -2/switchEvent end",
        "finalBossWarrior": "pause 500/resetVariable/message \"«ÒΓ·ıÒĥ§àÊ¡¤Ò¶ÒÍԒ...\"/pause 500/question fork0 \"Ȥ³¨ÐŇÒĢ§ä§?#ªÒΓ¨¾ĥ§ áÅÐã˪´Òº¢Í§Ȥ³ #ã˪â˕˻Í§ā¹àҮÍ¹¢Í§Ȥ³ \"/fork chargeAhead/pause 1200/message \"«ÒΓ·ä˴àÊ¡ 'ÊÒÂ˿Òá˛§à§Ò (Shadow Bolt)' ã˚à«ºÒÊàƥÂ¹... á˅Ȥ³ÊÒÁÒÃ¶¡Ò§â˕ ä˴ė¹àÇÅÒàҮÍā¹ ¡ÒÃâ¨Áƥ!\"/pause 500/playSound debuffSpell/pause 400/playSound parry/updateMinigame -1/pause 1000/message \"ÃÐË˗Ò§ч«ÒΓ·ŵ´ɔÅ´ÒÇΉ Ȥ³Ӟ§ä»ˢÒ§Ë˹Ò áÅÐâ¨Áƥà¢Ò˴ÇÂ´Òº¢Í§Ȥ³\"/playSound swordswipe/pause 500/playSound killAnimal/updateMinigame 9/updateMinigame -1/pause 1000/message \"â«ÅÒàѓÂ¹ä˴˚Í§áÊ§ÍÍ¡ÁÒ Ȥ³ËƂºġ¹ɚע¹ɺ§ âÅ¡ãº׉ä˴¡ĥºÁÒԚ ¤ÇÒÁ»¡ŵƽ¡¤Ճ§á̅Ç!\"/pause 1000/playSound getNewSpecialItem/addMailReceived savedFriends/updateMinigame -2/switchEvent end",
        "leave": "pause 500/message \"àƅ¡Ê¹ã¨ÊÒÂµÒ¢Í§ àË˕Òę¡â·ÉчÁÒ Ãº¡Ç¹Ũµã¨¢Í§Ȥ³ Ȥ³áÅÐàҮÍ¹¢Í§Ȥ³ ƫ¹ע¹Ě¹ä´Í˒Ò§ÃÇ´àʣÇ\"/pause 800/playSound woodyStep/pause 400/playSound woodyStep/pause 400/playSound woodyStep/pause 500/switchEvent wizardDoor",
        "end": "playMusic Hospital_Ambient/pause 9000/viewport 5 5 true/pause 800/showFrame Sebastian 29/speak Sebastian \"à̎Â äˑàÅÇàÅÂ!$7#$b#ĉ¹ªÍº¨ƃ§æ¹Ð àÃÒ¾ÂÒÂÒÁ¨ºà¡ÁÁÒ 3-4 ¤Ճ§á̅Ç$7\"/emote farmer 32/pause 1000/speak Sebastian \"¢Íºã¨чÁÒà˕¹˴ÇÂ¹Ð... ä̇à¨Íā¹$7\"/globalFade/viewport -1000 -1000/pause 1000/end"
    }
}
