{
    "header": {
        "target": "w",
        "formatVersion": 5,
        "hidef": true,
        "compressed": 128
    },
    "readers": [
        {
            "type": "Microsoft.Xna.Framework.Content.DictionaryReader`2[[System.String, mscorlib, Version=4.0.0.0, Culture=neutral, PublicKeyToken=b77a5c561934e089],[System.String, mscorlib, Version=4.0.0.0, Culture=neutral, PublicKeyToken=b77a5c561934e089]]",
            "version": 0
        },
        {
            "type": "Microsoft.Xna.Framework.Content.StringReader",
            "version": 0
        }
    ],
    "content": {
        "1/f Abigail 500/p Abigail/d Sat": "none/-9999 -4/farmer 13 6 3 Abigail 3 6 2/skippable/showFrame Abigail 20/specificTemporarySprite abbyvideoscreen/viewport 9 4 true/pause 1000/playSound Cowboy_gunshot/pause 150/emote Abigail 52/pause 800/playSound Cowboy_gunshot/pause 150/playSound Cowboy_gunshot/pause 150/playSound Cowboy_gunshot/temporarySprite 2 4 27 8 50/shake Abigail 500/pause 150/playSound Cowboy_gunshot/pause 150/temporarySprite 4 4 27 8 50 true/playSound Cowboy_gunshot/pause 450/playSound Cowboy_monsterDie/pause 550/playSound Cowboy_gunshot/pause 150/playSound cowboy_dead/pause 850/emote Abigail 28/playMusic distantBanjo/showFrame Abigail 21/pause 80/showFrame Abigail 22/pause 80/move farmer -1 0 3/move farmer -3 0 3/faceDirection Abigail 1/pause 200/emote Abigail 16/pause 600/speak Abigail \"@?\"/move farmer -3 0 3/speak Abigail \"µ¡ã¨ËÁ´àÅÂ ÁÒäˑã̋ӋÁã̋àƺÂ§ËˉÍÂ˕Ð!\"/faceDirection Abigail 0/speak Abigail \"*¶Í¹ËÒÂã¨*... ǴÍĉ¹à˕¹ 'ÃÒªÒӗ§Ë˭Ò¼¨­ĠÂ' ÁÒàʛ¹ΪÇâÁ§á̅ÇˉÐ á˅ʁĢ§äˑª¹Ð˄Ò¹áÃ¡àÅÂ$s#$b#äˑŤ´˗Ò ¨ÐÂÒ¡¢¹Ò´׉àÅÂ¹ÐàщÂ!$a#$b#ËȓÍäˑʁ.. ĉ¹ÍÒ¨¨Ðáʴ à˕¹à¡Áäˑàʱ§˕ÐՁ§$s\"/faceDirection Abigail 1/pause 1000/emote Abigail 16/pause 300/speak Abigail \"à̎ ÍÂÒ¡ÅÍ§à˕¹˄Ò¹׉ɤäËÁ à˕¹˴ÇÂā¹àÅÂˉÐ ĉ¹˗Ò˶Òà˕¹ÊÍ§¤¹ ġ¹ˉÒ¨ÐˌÒ¹ʷÒÂע¹¹Ð\"/faceDirection farmer 3/farmerAnimation 97/pause 1000/faceDirection Abigail 0/move farmer 0 1 3/move farmer -4 0 0/move farmer 0 -1 0/faceDirection farmer 0/pause 500/globalFade/cutscene AbigailGame/pause 500/faceDirection Abigail 3/stopMusic/faceDirection farmer 1/fork beatGame/pause 600/emote Abigail 28/pause 400/speak Abigail \"̽Ò.. ¾Íá̅Ç ĉ¹ÂÍÁá˾˕Ð á́á˅˄Ò¹áÃ¡ ʁĢ§äˑˌÒ¹àÅÂ$s#$b#̽Ð á˅ʁ.. ¢ÍºȤ³ч¾ÂÒÂÒÁʺÇÂĉ¹¹Ð\"/faceDirection farmer 2/showFrame 96/emote farmer 40/pause 1000/end",
        "beatGame": "playMusic jaunty/speak Abigail \"à̎ µÐֱÊȹ¡ÁÒ¡àÅÂ!$h#$b#¢Íºã¨¹Ð @ ɤà¸ÍàкÂÇªÒ­ ¡ÒÃã˪¨ÍÂÊ֕¡Ɗ¹Ð? ĉ¹˗Òġ¹ÊÁàËȵÊÁ¼ÅƤÅÐ¹Ð$h^¢ÍºȤ³ @ ĉ¹äˑà¤ÂŤ´˗Òà¸Í ¨Ðã˪¨ÍÂÊ֕¡ ä˴àкÂÇªÒ­¢¹Ò´׉ á˅à¸ÍŇÒã̋ĉ¹ àʫ¹á̅Ç˗Òà¸Íщ à·¾ÁÒàÍ§àÅÂ$h\"/pause 500/emote Abigail 32/pause 1000/end",
        "3/f Abigail 2000/p Abigail/t 2000 2200/n abbySpiritBoard": "echos/-1000 -1000/farmer 13 6 3 Abigail 6 8 1/skippable/specificTemporarySprite abbyOuijaCandles/viewport 7 5/speak Abigail \"ä§! ıÒĥ§ÍÂÒ¡à¨ÍàÅÂ щ ĉ¹ƱÍÐäÃÍÂÒ¡¨Ðã̋ɤ˕Ð\"/move farmer -5 0 0/move farmer 0 2 3/faceDirection Abigail 2/speak Abigail \"àʫ¹щäËÁ? ġ¹àƳÂ¡˗Ò¡ÃÐ´Ò¹Ƈ­­Ò³ à¤Âà˕¹ǣà»˕Ò?\"/emote farmer 8/move Abigail 0 2 1/move farmer 0 2 3/pause 500/speak Abigail \"àÍÒȑÍÁÒÇÒ§º¹áˌ¹ä́ µÃ§׉ˢÒ§æ ĉ¹¹Ð...$l\"/showFrame Abigail 30/pause 200/animate farmer true true 9999 89/pause 600/speak Abigail \"á̅ÇƇ­­Ò³ʁ¨Ð ºÍ¡¾Ç¡àÃÒǖ§...$h\"/showFrame Abigail 31/pause 500/speak Abigail \"à̽Ð ġ¹¢Ģº˕Ð ɤƊ!$7\"/emote farmer 16/speak Abigail \"ĴÒáÃ¡ àʛ¹... 'ĉ¹' ...\"/pause 600/speak Abigail \"˅ÍÁÒàʛ¹... '<' ...\"/pause 800/speak Abigail \"̇ÒÇ ɤġ¹¢ĢºƊ Í˒Ò§äÇ ġ¹ÊÐ¡´àʛ¹... '%firstnameletter'...#$b#ĉ¹ < %firstnameletter...?\"/emote Abigail 16/showFrame Abigail 12/faceDirection Abigail 3/stopMusic/pause 200/stopAnimation farmer/faceDirection Abigail 1/pause 400/specificTemporarySprite abbyOuija/playSound swordswipe/pause 900/playSound seeds/pause 500/speak Abigail \"٭Â! ÁÐ ȑÍä»â´¹˕Ð ¤ϷÒËÁ´àÅÂ ˞Ðæ ˞Ð..$h#$b#ġ¹àʛ¹áʴà¡Áä̃ÊÒÃÐˉÐ äˑƱ¤ÇÒÁËÁÒÂÍÐäÃËÃÍ¡$9\"/faceDirection Abigail 3/emote Abigail 60/faceDirection Abigail 1/speak Abigail \"ǴÍ ĉ¹˵Í§ŇÒÍ˒Ò§ҽ¹˅Íá̅Ç˕Ð à¸Í¤§˵Í§¡ĥºä»ʱÍ¹.. â·ÉƧ¹Ð$9\"/faceDirection Abigail 2/emote farmer 28/pause 500/move farmer 0 -3 0/pause 800/faceDirection farmer 2/pause 1000/move farmer 5 0 1 true/globalFade/viewport -1000 -1000/end invisibleWarpOut Abigail",
        "16/f Pierre 1500/p Pierre": "Hospital_Ambient/20 5/farmer 20 12 0 Pierre 14 15 0/skippable/doAction 20 11/move farmer 0 -7 1/move farmer -1 0 0/move farmer 0 -1 0/pause 600/faceDirection farmer 1/pause 1000/showFrame 35/emote farmer 8/pause 1000/playSound secret1/stopAnimation farmer/message \"¾º 'чʻÍ¹ĥº' ¢Í§ƫáÍΓ\"/pause 1000/speak Pierre \"à̎! ã¤ÃàˢÒÁÒã¹̋Í§¢Í§ĉ¹?$4\"/warp Pierre 20 12 true/faceDirection Pierre 0/playMusic ragtime/move Pierre 0 -4 0 true/faceDirection farmer 2 true/showFrame 94/jump farmer/pause 1000/stopAnimation farmer/proceedPosition Pierre/emote Pierre 16/speed Pierre 4/move Pierre 0 -3 1 false/move Pierre -1 0 0/faceDirection farmer 2/speak Pierre \"ÍÐ...? ËÒġ¹à¨Íä˴Ģ§ä§ ?!$4\"/faceDirection Pierre 2/pause 200/faceDirection Pierre 0/speak Pierre \"àʣÇàˢÒ ˚§ġ¹ÁÒã̋ĉ¹!$u\"/showFrame 95/pause 300/playSound coin/pause 600/showFrame 0/pause 500/speak Pierre \"$q 50 null#Ī­­ÒÁÒʱÍ¹˗Ò ¨ÐäˑºÍ¡ã¤ÃàбÂÇāºЪ§׉#$r 50 70 Event_naga1#¤ÇÒÁĥº¢Í§Ȥ³¨Ð»ÅÍ´ĠÂ#$r 50 -500 Event_naga2#ÀÃÃÂÒ¢Í§Ȥ³ ˵Í§ÍÂÒ¡ړàҳÍ§׉áˉ\"/pause 500/speed Pierre 2/move Pierre 1 0 2/emote Pierre 12/speak Pierre \"*ǇÁćÁæ*...µÍ¹׉ĉ¹˵Í§ËÒ чʻÍ¹ãËˑ«Ðá̅ÇƊ...*ǇÁćÁæ*$u\"/move Pierre 0 8 0 true/globalFade/viewport -1000 -1000/end",
        "17/f Caroline 1500/p Caroline/p Abigail": "50s/35 9/farmer 31 13 0 Abigail 34 9 1 Caroline 35 9 3/skippable/move farmer 0 -1 0/pause 500/faceDirection farmer 0/speak Abigail \"Ëɂ´ºÍ¡Ëɩ˗Ò Ëɩ¤ÇÃ¨ÐŇÒĕÇ Ģ§ä§ä˴á̅Ç щġ¹ƚƇµËɩ¹Ð!$a\"/pause 500/speak Caroline \"щ Ëɂ´àÅÂ¹Ð ¾Ç¡àÃÒĢ§ã̋ɵ¡ÍԒчщ áºº¿Ƴæ ¨¹¡˗Ò¨ÐàƳÂ¹¨ºàÅÂ¹Ð áʴ׉ġ¹˹ÍÂä»ǣä§ ī´ŚÒǙ¡˺Ò§¹Ð!$u\"/emote Abigail 12/speak Abigail \"Í˒ÒÁÒɮ´ã̋ËɩړǪ¡ż´¹Ð$a#$b#ËɩŚÒǙ¡ÍԒµÅÍ´˗Ò ˎÍāºáˑˉÐʺÇÂËɩä̇Ģ§ä§ á˅ÁÒ¤Ò´Ëħ§ã̋Ëɩ á˅§ĕÇáººчáˑ ÍÂÒ¡àʫ¹àщÂ Ëɩ˗Òġ¹äˑãʺá̅Ç¹Ð$a#$b#Ëɩäˑãʺàʔ¡àʥ¡æ áººԹ¹ƽ¡á̅Ç¹Ð¤Ðáˑ$u\"/faceDirection Caroline 1/pause 1500/faceDirection Caroline 3/speak Caroline \"...ġ¹ʁɦ¡¢Í§ɵ¡ áˑ¢Íâ·É˨Ð$s\"/pause 500/faceDirection farmer 2/playSound woodyStep/faceDirection Abigail 2 true/faceDirection Caroline 2/speak Abigail \"Ʊã¤ÃÍԒµÃ§Թ¹ˉÐ?$7\"/faceDirection farmer 0/speed farmer 4/move farmer 0 1 3/speed farmer 4/move farmer -4 0 2 true/move Abigail -3 0 2 false/emote Abigail 8/speak Abigail \"Ëɩ˗Ò˺Ò¹׉ˉÐ ġ¹˵Í§ƱƬċ¡ĕÇƊ§ÍԒáˉæ\"/emote Caroline 40/pause 500/end dialogue Abigail \"à˝Í...$a#$b#â·ÉƧ... àұÍֱĉ¹·ÐàÅÒÐāºáˑÁÒˉÐ$s\"",
        "58/f Harvey 1500/t 1100 1500": "aerobics/-1000 -1000/farmer 14 12 1 Harvey 23 20 0 Marnie 23 18 0 Emily 23 16 0 Robin 25 18 0 Pam 25 16 0 Caroline 24 14 2 Jodi 27 16 0 Leah 27 18 0/skippable/showFrame Harvey 26/viewport 24 17 true/pause 500/faceDirection Caroline 3 true/pause 500/screenFlash 1/showFrame Harvey 27 true/faceDirection Marnie 3 true/faceDirection Leah 3 true/faceDirection Jodi 3 true/faceDirection Pam 3 true/faceDirection Robin 3 true/faceDirection Emily 3 true/pause 500/faceDirection Leah 1 true/faceDirection Jodi 1 true/faceDirection Caroline 1/pause 500/showFrame Harvey 25 true/faceDirection Marnie 1 true/faceDirection Pam 1 true/faceDirection Robin 1 true/faceDirection Emily 1 true/pause 500/faceDirection Caroline 2/pause 500/faceDirection Leah 0 true/faceDirection Jodi 0 true/faceDirection Marnie 0 true/faceDirection Pam 0 true/faceDirection Robin 0 true/faceDirection Emily 0 true/pause 300/showFrame Harvey 26 true/pause 200/pause 500/faceDirection Caroline 3 true/pause 500/faceDirection Leah 3 true/faceDirection Jodi 3 true/faceDirection Marnie 3 true/faceDirection Pam 3 true/faceDirection Robin 3 true/faceDirection Emily 3 true/pause 350/showFrame Harvey 27 true/pause 150/faceDirection Caroline 1/pause 500/faceDirection Leah 1 true/faceDirection Jodi 1 true/showFrame Harvey 25 true/faceDirection Marnie 1 true/faceDirection Pam 1 true/faceDirection Robin 1 true/faceDirection Emily 1 true/pause 500/faceDirection Caroline 2/pause 500/faceDirection Leah 0 true/faceDirection Jodi 0 true/faceDirection Marnie 0 true/faceDirection Pam 0 true/faceDirection Robin 0 true/faceDirection Emily 0 true/showFrame Harvey 26 true/pause 500/faceDirection Marnie 0 true/faceDirection Pam 0 true/faceDirection Robin 0 true/faceDirection Emily 0 true/showFrame Harvey 26 true/faceDirection Caroline 0 true/pause 1000/faceDirection Leah 1 true/faceDirection Jodi 1 true/faceDirection Marnie 1 true/faceDirection Pam 1 true/faceDirection Robin 1 true/faceDirection Emily 1 true/showFrame Harvey 25 true/faceDirection Caroline 1 true/pause 1000/faceDirection Leah 2 true/faceDirection Jodi 2 true/faceDirection Marnie 2 true/faceDirection Pam 2 true/faceDirection Robin 2 true/faceDirection Emily 2 true/showFrame Harvey 24 true/faceDirection Caroline 2 true/pause 1000/faceDirection Leah 3 true/faceDirection Jodi 3 true/faceDirection Marnie 3 true/faceDirection Pam 3 true/faceDirection Robin 3 true/faceDirection Emily 3 true/showFrame Harvey 27 true/faceDirection Caroline 3 true/pause 1000/faceDirection Leah 0 true/faceDirection Jodi 0 true/faceDirection Marnie 0 true/faceDirection Pam 0 true/faceDirection Robin 0 true/faceDirection Emily 0 true/showFrame Harvey 26 true/faceDirection Caroline 0 true/pause 500/faceDirection Marnie 0 true/faceDirection Pam 0 true/faceDirection Robin 0 true/faceDirection Emily 0 true/showFrame Harvey 26 true/faceDirection Caroline 0 true/pause 1000/faceDirection Leah 1 true/faceDirection Jodi 1 true/faceDirection Marnie 1 true/faceDirection Pam 1 true/faceDirection Robin 1 true/faceDirection Emily 1 true/showFrame Harvey 25 true/faceDirection Caroline 1 true/pause 1000/faceDirection Leah 2 true/faceDirection Jodi 2 true/faceDirection Marnie 2 true/faceDirection Pam 2 true/faceDirection Robin 2 true/faceDirection Emily 2 true/showFrame Harvey 24 true/faceDirection Caroline 2 true/pause 1000/faceDirection Leah 3 true/faceDirection Jodi 3 true/faceDirection Marnie 3 true/faceDirection Pam 3 true/faceDirection Robin 3 true/faceDirection Emily 3 true/showFrame Harvey 27 true/faceDirection Caroline 3 true/pause 1000/faceDirection Leah 0 true/faceDirection Jodi 0 true/faceDirection Marnie 0 true/faceDirection Pam 0 true/faceDirection Robin 0 true/faceDirection Emily 0 true/showFrame Harvey 26 true/faceDirection Caroline 2 true/screenFlash 1/pause 2000/speak Caroline \"àÍÒ˕Ð! ¤ÅÒÊà˵¹áÍâÃź¡ ¢Í§àÃÒʁ¨ºÅ§á˅ àƮÂ§àˇÒ׉á̅Ç˕ÐʴÐ!#$b#àʛ¹Ģ§ä§˺Ò§ ä˴àËҗÍā¹˺Ò§äËÁ?$h\"/pause 500/speak Harvey \"*á˞¡*... *á˞¡*... ¤ģº$7\"/move Pam -1 0 3 true/faceDirection Jodi 2/faceDirection Emily 1 true/viewport move 0 -1 3000/move farmer 3 0 1/faceDirection Robin 3/faceDirection Marnie 1 true/move Harvey -3 0 0/move Harvey 0 -8 3/emote Harvey 16/speak Harvey \"@! àұÍֱȤ³ɤÍԒàËÃÍ?$8#$b#...ˉÒÍÒÂªÐġ´... ¼ÁäˑÍÂÒ¡ã̋ã¤Ã ړ˗Ò¼ÁÁÒчщ â´Âà©¾ÒÐȤ³ˉÐ$s\"/move Harvey -2 0 3/speak Harvey \"¼Ááʴ¾ÂÒÂÒÁģ¡ÉÒɊ¢ÀÒ¾ˉÐ Т§ÍÒɂÁÒ¡àˇÒäË˓ ʁ˵Í§¾ÂÒÂÒÁÁÒ¡ע¹àˇÒԹ¹#$b#¼Áʁäˑä˴ áʂ§áÃ§¢¹Ò´Թ¹˴ÇÂ àǱÍºµÒÁ¾Ç¡à¢Òäˑė¹áˉÐ$s\"/pause 400/faceDirection Harvey 1/faceDirection Harvey 3/speak Harvey \"$q -1 null#ğ§¹Ð... Í˒Òä»ºÍ¡¤¹ҽ¹˗Ò¼ÁÁÒ..à˵¹áÍâÃź¤щ˕Ð µ¡Å§äËÁ?#$r -1 20 event_aerobics1#ä˴Ɗ äˑºÍ¡ËÃÍ¡#$r -1 -50 event_aerobics2#äˑģº»Ò¡ËÃÍ¡¹Ð\"/pause 500/end dialogue Harvey \"̇ÒÇ á˅àұÍֱʁàËҩÍÂ ã˪ä˴àËȑÍ¹ā¹¹ÐàщÂ\"",
        "3102768/j 15/H": "playful/6 21/farmer 6 29 0 Pierre 4 17 2 Gus 9 26 1 Marnie 3 23 0 Jodi 11 20 0 Demetrius 9 17 3 Morris -100 -100 0/broadcastEvent/skippable/move farmer 0 -5 0/move Gus 0 1 1 true/move Jodi -1 0 0 true/move farmer 0 -5 0 false/pause 500/move Pierre 1 0 2/speak Pierre \"ÊħÊƤ¤ģº '̃Ò¹ƫáÍΓ' Ƃ¹Ƥ˵Í¹ģº ƱÍÐäÃʁÊÍº¶ÒÁä˴¹Ð¤ģº\"/pause 1000/playSound doorClose/warp Morris 6 29/pause 1000/emote Pierre 8/playSound dwop/faceDirection farmer 1 true/pause 50/faceDirection farmer 2/move Morris 0 -2 0/move Morris 0 -5 0/speak Morris \"ÍÐá˞Á...\"/pause 1000/faceDirection Marnie 1/faceDirection Gus 0/pause 1000/move Morris 1 0 1/speak Morris \"ÁÒģºщä»àÅÂ¤ģºȷ¡ˇÒ¹ ɔ»Í§Å´ 50% ¨Ò¡̃Ò¹â¨˨Ò!\"/jump Pierre/textAboveHead Pierre \"50 à»ÍΓàʋ¹΅!?!?\"/showFrame Pierre 16/shake Pierre 3000/faceDirection Demetrius 2/faceDirection Jodi 3/pause 1000/animate Morris false true 80 16 17 16 18/pause 1000/showFrame Pierre 0/speak Morris \"˗Òä§¤ģº? Ʊã¤ÃÊ¹ã¨äËÁ?\"/pause 500/advancedMove Marnie false 4 0/advancedMove Gus false -2 0 0 -3 -1 0 0 -2/advancedMove Jodi false -3 0 0 1/advancedMove Demetrius false 0 5 -1 0/pause 1500/globalFade/viewport -1000 1000/playMusic none/pause 500/warp Marnie -100 -100/warp Demetrius -100 -100/warp Jodi -100 -100/warp Gus -100 -100/playSound doorClose/pause 1000/playSound doorClose/pause 1000/playSound doorClose/pause 500/playSound doorClose/pause 1000/speak Pierre \"á˅.. á˅ĉ¹¢ÒÂÃÒ¤ÒԹ¹äˑä˴щ¹Ò ġ¹¨Ð¢Ò´ȷ¹àÍÒˉÐƊ!$s\"/stopAnimation Morris/viewport 6 18 true/move Morris 0 -3 0/faceDirection farmer 1/pause 1000/speak Morris \"àʫ¹ɵ¡ˤÒàŴÁæ ËƩä»áºº׉ ¤§¨ÐŇÒã¨ÂÒ¡Ɗ¹Ð¤ģº#$b#á˅Ȥ³â·É¾Ç¡à¢Ò äˑä˴ËÃÍ¡¹Ð ã¹àұÍºƃĩ·â¨˨Òàʛ¹ ·Ò§àȕÍ¡чƤ¡˗Òàʫ¹æ áºº׉$h#$b#áÅÐƽ¡äˑ¹Ò¹.. Է§àȑÍ§ʁ¨ÐÂÍÁģºġ¹ ƽ¡äˑ¹Ò¹ËÃÍ¡\"/faceDirection farmer 1/emote Pierre 28/playSound dwop/faceDirection Morris 3 true/pause 50/faceDirection Morris 2/move Morris 0 10 2 true/pause 1000/faceDirection farmer 2 true/globalFade/viewport -1000 -1000/end dialogue Pierre \"à̎Í...$s\"",
        "963113/n pierreQualityCrops": "distantBanjo/5 19/farmer 5 23 0 Pierre 5 17 2 Gus 5 19 0 Jodi 5 21 0 Marnie 10 20 0 Robin 2 24 3 Evelyn 9 26 1/hostMail MSB_Pierre/skippable/pause 3000/speak Pierre \"āÊ ĉ¹ƱÍÐäÃÁÒã̋¹ÒÂ...\"/speak Gus \"˗ÒÁÒä˴àÅÂ\"/speak Pierre \"ġ¹àʛ¹¾Ç¡Ĝ¡ÍÍΓá¡Ź¡ ¨Ò¡˷Í§Ж¹ˉÐ...#$b#Ą´ÁÒ˴ÇÂȑÍàÅÂ¹Ð ¨Ðä˴ĊÇΓ˗ÒȤ³ÀÒ¾ áÅÐÃÊªÒŵġ¹âÍà¤#$b#¹Ò¹ æ Ƨ¨ÐƱÁÒàÅÂ¹Ð!\"/speak Gus \"ğ§ɤƤàƚÂÇ! ĉ¹¨Ðä˴ƱħµȶŴºƤ æ ã˪ã¹̃Ò¹ ÃÒ¤ÒàˇÒäË˓˕Ð¾Ç¡?\"/jump Pierre/pause 800/speak Pierre \"áʴ... *ǞÁŎÒ* ǞÁŎÒ*\"/emote Gus 8/speak Gus \"ÍÐäÃ¹Ð?#$b#˞Ò˞Ò˞Ò... à݋ÂÇ¹Ð ĉ¹Ť´˗Òĉ¹ä˴Ƃ¹¹ÒÂɮ´˗Ò '25,000g'.$h\"/emote Pierre 40/speak Pierre \"áËÐ... ɦ¡á̅Ç ʁàʛ¹ÃÒ¤ÒчâÍà¤щ ãʺՁÂ˕Ð?\"/jump Gus/shake Gus 1000/pause 1000/speak Gus \"ŻáÍΓ ¹ÒÂ˺Òä»á̅ÇàËÃÍ? ĉ¹ʸÒÂäˑäËÇËÃÍ¡¹Ð ¤§˵Í§¢ÒÂ«Òɵ¹׉ä»àÅÂ!$3\"/advancedMove Gus false 3 0 4 9999/move Jodi 0 -2 0 true/move farmer 0 -2 0 false/speak Jodi \"ĉ¹ä˴Ƃ¹ËÁ´á̅Ç˕Ð... àš¹ä»ՁÂàщÂ! Ȥ³¤ÇÃ¨ÐÅÐÍÒÂã¨˺Ò§¹Ð$3\"/move Jodi 1 0 1/speak Pierre \"à݋ÂÇ! ˶Òԧ¹àʛ¹ 10,000g ä˴ՁÂ!?$4\"/textAboveHead Jodi \"äˑƱħ¹!\"/move Jodi 1 0 1/faceDirection Gus 3/pause 1000/emote Pierre 28/pause 100/proceedPosition Jodi/move farmer 0 -1 0/pause 500/speak Pierre \"àҳÍ§ãËʽá̅Ç @... $s#$b#Ť´˗Ò¨Ðàʛ¹ ¡Åɂ·Έчä˴¼ÅàƺÂƽ¡$s#$b#µÃ§ā¹ˢÒÁàÅÂ˕Ð äˑƱã¤ÃÂÍÁ؛Í Ĝ¡¾Ç¡׉ã¹ÃÒ¤Ò 10 àˇÒËÃÍ¡ ¢¹Ò´ŵ´Êݒ¡à¡ÍΓ 'ÍÍΓá¡Ź¡' ä̇ʁà¶ÍÐ$s\"/pause 400/quickQuestion #ºÒ§Ƨʁ˵Í§Ʊ ż´¾ÅÒ´ā¹˺Ò§áËÅÐ#¤ÇÃ¨ÐâÅÀã̋˹ÍÂÅ§¹Ð#ĉ¹ʁ¤§äˑ¾Íã¨àËȑÍ¹ā¹(break)pause 300\\speak Pierre \"à¸Íɮ´ɦ¡ ġ¹¤§¨ÐäˑãʺȸÃš¨ ˶Òàš´äˑƱ¤ÇÒÁàњÂ§àÅÂ\"(break)emote Pierre 12\\speak Pierre \"щ ĉ¹äˑä˴Ě§Ąºã¤Ã ã̋ÁÒ؛Í¹Ð! ˶Òäˑ¾Íã¨ÃÒ¤Ò׉ ʁàŪ­ä»ËÒãËˑä˴$3\"\\pause 1000\\speak Pierre \"...á˅ à´Ò˗Òà¸ÍʁƱàËȵ¼Å ˶Òàš´ŇÒɵ¡ˤÒĕÇàÍ§ â¡Ã¸ÁÒ¡àˢÒ˕Ðʁ¹Ð ʁ¤§¨ÐäˑàËȕÍɵ¡ˤÒàÅÂ...$s\"(break)faceDirection Jodi 3\\speak Jodi \"¾Ç¡Ĝ¡¢Í§à¸Í ɤƤĈ§àÅÂ¹Ð @ ÃÒ¤ÒĜ¡¢Í§ŻáÍΓ ŇÒ¾Ç¡àÃÒī¹ËƩàÅÂ˕Ð\"\\faceDirection Jodi 1\\pause 1000/emote Pierre 40/speak Pierre \"Ģ§ä§ʁà¶ÍÐ @... ɤàËȑÍ¹à¸Í¨ÐŇÒرÍàʢ¹ š¹˴ÇÂĜ¡¾Ç¡׉ä˴¹Ð#$b#Ģ§ä§Ƥ˕Ð ÍÂÒ¡¨Ð؛Í¡ĥºä»ՁÂ ÃÒ¤ÒžàÈÉʴ 2,501g àÍ§¹Ð?\"/emote farmer 12/end"
    }
}
