{
    "header": {
        "target": "w",
        "formatVersion": 5,
        "hidef": true,
        "compressed": 128
    },
    "readers": [
        {
            "type": "Microsoft.Xna.Framework.Content.DictionaryReader`2[[System.String, mscorlib, Version=4.0.0.0, Culture=neutral, PublicKeyToken=b77a5c561934e089],[System.String, mscorlib, Version=4.0.0.0, Culture=neutral, PublicKeyToken=b77a5c561934e089]]",
            "version": 0
        },
        {
            "type": "Microsoft.Xna.Framework.Content.StringReader",
            "version": 0
        }
    ],
    "content": {
        "691039/f Dwarf 50/n CF_Sewer": "Overcast/16 13/farmer -1000 -1000 0 Dwarf 14 13 1 Krobus 18 13 3 Wizard -1000 -1000 2/skippable/pause 500/emote Dwarf 12/speak Dwarf \"ÁȹÉΒà§Ò? ÍԒº¹خ¹Ŵ¹? щġ¹˺Òä»ā¹ãËʽá̅Ç!#$b#¾Ç¡¢Í§à˨Ò à¾ÃÒÐ¾Ç¡¢Í§à˨Ò ¤ÃÍº¤ģÇ¢Í§ˢÒǖ§˵Í§µÒÂ\"/move Krobus -1 0 3/emote Krobus 12/playSound shadowpeep/speak Krobus \"˶Ò¾Ç¡á¡ªÒÇ¤¹á¤ÃÐ äˑÁÒĂºä˕¾Ç¡àÃÒ ÍÍ¡¨Ò¡Ŵ¹á´¹ ¢Í§ºÃÃ¾ȺɃÉàÃÒ ¾Ç¡àÃÒʁ¤§äˑ˵Í§ã˪ ƇƨɃ¹áÃ§āº¾Ç¡à˨Ò ËÃÍ¡¹Ð!#$b#áÅÐàҳÍ§¤ÃÍº¤ģÇ¢Í§à˨Ò.. àÃÒàƺÂã¨˴ÇÂ\"/move Dwarf 1 0 1/speak Dwarf \"áʴàƺÂã¨ ġ¹äˑ¾ÍËÃÍ¡!!\"/jump Dwarf/pause 500/animate Dwarf false true 50 4 5 6 7/jump Krobus/pause 500/animate Krobus false true 50 12 13 14 15/pause 1000/playSound throw/positionOffset Dwarf 4 0/positionOffset Krobus -4 0/pause 30/positionOffset Dwarf 4 0/positionOffset Krobus -4 0/pause 30/positionOffset Dwarf 4 0/positionOffset Krobus -4 0/pause 30/positionOffset Dwarf 4 0/positionOffset Krobus -4 0/pause 30/positionOffset Dwarf 4 0/positionOffset Krobus -4 0/pause 30/positionOffset Dwarf 4 0/positionOffset Krobus -4 0/pause 30/positionOffset Dwarf 4 0/positionOffset Krobus -4 0/pause 30/positionOffset Dwarf 4 0/positionOffset Krobus -4 0/pause 30/positionOffset Dwarf 4 0/positionOffset Krobus -4 0/pause 30/positionOffset Dwarf 4 0/positionOffset Krobus -4 0/pause 30/positionOffset Dwarf 4 0/positionOffset Krobus -4 0/pause 30/positionOffset Dwarf 4 0/positionOffset Krobus -4 0/pause 30/positionOffset Dwarf 4 0/positionOffset Krobus -4 0/pause 30/positionOffset Dwarf 4 0/positionOffset Krobus -4 0/pause 30/positionOffset Dwarf 4 0/positionOffset Krobus -4 0/pause 30/shake Dwarf 500/playSound clubhit/jump Krobus/pause 500/shake Krobus 500/playSound clubSmash/jump Dwarf/pause 500/shake Dwarf 250/pause 250/playSound hitEnemy/pause 250/shake Krobus 250/playSound shadowHit/pause 500/faceDirection farmer 0 true/animate farmer false true 500 13 14/warp farmer 16 9/playSound stoneStep/shake Dwarf 250/pause 250/playSound hitEnemy/pause 250/playSound stoneStep/positionOffset farmer 0 16/shake Krobus 250/playSound shadowHit/pause 500/playSound stoneStep/positionOffset farmer 0 16/shake Dwarf 250/pause 250/playSound hitEnemy/pause 250/positionOffset farmer 0 16/shake Krobus 250/playSound shadowHit/pause 500/playSound stoneStep/positionOffset farmer 0 16/shake Dwarf 250/pause 250/playSound hitEnemy/pause 250/playSound stoneStep/positionOffset farmer 0 16/shake Krobus 250/playSound shadowHit/pause 500/positionOffset farmer 0 16/shake Dwarf 250/pause 250/playSound hitEnemy/pause 250/playSound stoneStep/positionOffset farmer 0 16/shake Krobus 250/playSound shadowHit/pause 500/playSound stoneStep/positionOffset farmer 0 16/warp farmer 16 11/faceDirection farmer 2/pause 300/showFrame farmer 94/jump farmer/startJittering/pause 1000/stopJittering/speed farmer 6/showFrame 0/move farmer 0 2 2 true/pause 300/shake Dwarf 1000/shake Krobus 1000/playSound clubSmash/positionOffset Dwarf -16 0/positionOffset Krobus 16 0/pause 30/positionOffset Dwarf -16 0/positionOffset Krobus 16 0/pause 30/positionOffset Dwarf -16 0/positionOffset Krobus 16 0/pause 30/positionOffset Dwarf -16 0/positionOffset Krobus 16 0/pause 30/showFrame farmer 0/pause 500/faceDirection farmer 3/faceDirection farmer 1/faceDirection farmer 2/speak Dwarf \"»˕ÍÂˢÒ! ã̋ˢÒä˴ĭ´ä̍ÊÒÃàÅÇι¹!\"/speak Krobus \"Í˒ÒƤá˅»Ò¡ ä̍à˨ÒĕÇá¤ÃÐá¡ʣ¹ àˢÒÁÒàÅÂ\"/playMusic none/pause 1000/playSound wand/screenFlash 3/showFrame Wizard 16/warp Wizard 16 16/pause 2000/showFrame Wizard 0/pause 500/faceDirection Wizard 1 true/pause 50/faceDirection Wizard 0/pause 800/showFrame Wizard 17/screenFlash .35/playSound flameSpellHit/shake Wizard 500/specificTemporarySprite wizardSewerMagic/stopAnimation Krobus/stopAnimation Dwarf/faceDirection Krobus 2 true/faceDirection Dwarf 2 true/shake Krobus 1000/shake Dwarf 1000/pause 1000/speak Wizard \"àƗÂº! ¾Ç¡à˨ÒԷ§ӴàÅÂ\"/pause 500/showFrame Wizard 8/playSound dwop/pause 1000/playMusic Upper_Ambient/speak Wizard \"Ê§¤ÃÒÁá˛§¸Òȵι¹ ġ¹¨ºÅ§ä»¹Ò¹á̅Ç ¾Ç¡à˨ÒäˑĸÒàʛ¹ ˵Í§ÁÒښā¹ƽ¡#$b#à˨Ò¤ÇÃ¨ÐÍԒÍ˒Ò§Ê§º Í˒Ò§˹ÍÂʁàҮÍ ¾Ç¡ÁȹÉΒ чÍԒÃÍºæщ ¾Ç¡à˨Òʁàʫ¹á̅Çщ\"/pause 1000/faceDirection Dwarf 3 true/faceDirection Krobus 1 true/pause 500/emote Dwarf 40 true/emote Krobus 40 true/pause 3000/speak Dwarf \"..ʁä˴ ˅Íä»ˢÒ¨ÐäˑÁÒ àƙÂ´ˇÍթÒщƽ¡\"/faceDirection farmer 3/faceDirection Dwarf 1/pause 500/faceDirection farmer 1/pause 500/faceDirection Krobus 3/speak Krobus \"...áÅÐàÃÒʁàƺÂã¨¨ƃ§æ āºàҳÍ§ã¹ÍƤµ à˨Ò¤¹á¤ÃÐ àÃÒäˑä˴ˢÍ§ã¨ÍÐäÃà˨Ò àʛ¹¡ÒÃ˚Ç¹ĕÇËÃÍ¡\"/pause 1000/faceDirection farmer 2 true/faceDirection Dwarf 2 true/faceDirection Krobus 2 true/pause 1000/speak Wizard \"ƤÁÒ¡ ԧ¹ˢÒ¨Ð˓ÒÂàÇ· 'µÃÒ»ÃÐėºá˛§Ī­­Ò' àҮÍã̋ˢÍµ¡Å§׉ àÊʣ¨ÊÁɪÃ΃˕Ð¹Ð\"/pause 1000/faceDirection Wizard 3 true/playSound dwop/pause 50/faceDirection Wizard 2/pause 1500/showFrame Wizard 16/playSound yoba/specificTemporarySprite WizardPromise/pause 3000/speed farmer 2/move farmer 0 -2 2/emote farmer 40/pause 800/end"
    }
}
