{
    "header": {
        "target": "w",
        "formatVersion": 5,
        "hidef": true,
        "compressed": 128
    },
    "readers": [
        {
            "type": "Microsoft.Xna.Framework.Content.DictionaryReader`2[[System.String, mscorlib, Version=4.0.0.0, Culture=neutral, PublicKeyToken=b77a5c561934e089],[System.String, mscorlib, Version=4.0.0.0, Culture=neutral, PublicKeyToken=b77a5c561934e089]]",
            "version": 0
        },
        {
            "type": "Microsoft.Xna.Framework.Content.StringReader",
            "version": 0
        }
    ],
    "content": {
        "719926/t 900 1700/w sunny": "spring_day_ambient/-885 8/farmer -500 -500 0 Caroline 5 7 1/mail CarolineTea/skippable/specificTemporarySprite sunroom/viewport 5 8 true/pause 1000/showFrame Caroline 22/doAction 6 7/pause 500/doAction 6 7/pause 1000/showFrame Caroline 4/pause 500/warp farmer 5 13/playSound doorClose/move farmer 0 -4 0/faceDirection Caroline 2/pause 100/speak Caroline \"â̍ ÊħÊƤ˨Ð @ ĉ¹Ƥã¨чà¸ÍàˢÒÁÒ¹Ð...#$b#ĉ¹Ե§ã¨ч¨Ð¾Òà¸ÍÁÒɤчщ... ̋Í§ģºáÊ§̋Í§׉¢Í§ĉ¹\"/pause 500/pause 500/speak Caroline \"á̅Ç à¸ÍŤ´˗ÒĢ§ä§˕Ð?\"/pause 500/quickQuestion #ġ¹ÊÇÂÁÒ¡!#ġ¹ã̋ÍÒÃÁ΃ˌÍ¹¤ÅÒÂ#ã¹׉ġ¹̃Í¹àš¹ä»ËˉÍÂ...#ƤäˑàˇÒ¿ÒΓÁ¢Í§ĉ¹ËÃÍ¡!(break)pause 100\\speak Caroline \"¢Íºã¨˨Ð! ĉ¹ӗÁà·āºġ¹ÁÒ¡àÅÂ ¡˗Òġ¹¨ÐÍÍ¡ÁÒ àʛ¹áºº׉ä˴...$h\"(break)pause 100\\speak Caroline \"ãʺá̅Ç... àÇÅÒчĉ¹àˢÒÁÒã¹̋Í§׉ ĉ¹ړǪ¡Ê§ºáÅÐ ˌÍ¹¤ÅÒÂė¹ƧàÅÂ˕Ð ġ¹ã̋¡ÒÃàƲÂÇÂÒä˴Ƥ¨ƃ§æ!\"(break)pause 100\\speak Caroline \"â̍? ĉ¹ړǪ¡˗Ò¤ÇÒÁÍºӭ¹ ŇÒã̋ĉ¹Ê§ºÅ§$s#$b#ġ¹¨ÐƤ¡˗Ò ˶Òà¸Íäˑɮ´ÍÍ¡ÁÒ\"(break)emote Caroline 16\\pause 100\\speak Caroline \"â̍ á˅à¸Íàʛ¹ڌàкÂÇªÒ­... ŚÒËģºĉ¹ щġ¹ʁàʛ¹áʴ §Ò¹ÍŴàÃ¡àˇÒԹ¹ áËÅÐ˨Ð\"/pause 500/faceDirection Caroline 1/speak Caroline \"à¸Íàʫ¹á̅ÇƊ¹Ð чщàʛ¹Ê¶Ò¹ч чžàÈÉ¢Í§ĉ¹... ĉ¹ÊÒÁÒÃ¶ËÒ¤ÇÒÁÊ§º ä˴¨Ò¡чщ...\"/pause 300/faceDirection Caroline 2/speak Caroline \"á̅Çġ¹ʁÊÁɪÃ΃áººÁÒ¡ ч¨ÐҤÁªÒчĉ¹»ɵ¡àÍ§! щ˨Ð ÅÍ§ŪÁɤáˡÇǙ§¹Ð...\"/pause 300/playSound coin/showFrame Caroline 20/pause 1000/playSound sipTea/showFrame Caroline 21/pause 500/showFrame Caroline 20/pause 500/playSound sipTea/showFrame Caroline 21/pause 500/showFrame Caroline 20/pause 500/playSound gulp/pause 1000/quickQuestion ÅÍ§ҤÁɤՁÂ?#ÅÍ§ɤ#äˑÅÍ§(break)farmerEat 614\\pause 1000(break)pause 100\\speak Caroline \"ä˴˨Ð äˑƱě­ËÒ...\"/pause 500/faceDirection farmer 0/playSound sipTea/showFrame Caroline 21/pause 500/showFrame Caroline 20/textAboveHead Caroline \"Í˓ÍÂÂÂÂ\"/playMusic SunRoom/pause 1500/speak Caroline \"ĉ¹ªÍºÁÒчщàҮÍ ҤÁªÒÊ´ãËˑȷ¡ħ¹#$b#ġ¹àʛ¹ žƨàʥ¡æ¢Í§ĉ¹ˉÐ... #$b#à̍Í... ã̋ĉ¹ÍŸºÒÂËˉÍÂ¹Ð...$h\"/fade/viewport -1000 -1000/pause 1000/cutscene greenTea/pause 1000/viewport 5 8 true/pause 1000/speak Caroline \"ĉ¹Ëħ§˗Òġ¹¨Ð ğ§ɤàˢÒˇÒ¹Ð... #$b#ƚƇµˉÐ ӧ¹ÇÒÂä˴¾ÍÊÁ¤ÇÃàÅÂ˕Ð à¾ÃÒÐ©ÐԹ¹ ¡ÒÃƱ§Ò¹ÍŴàÃ¡áºº׉ ġ¹ʁàÅÂƤÁÒ¡àÅÂ\"/pause 150/showFrame Caroline 0/pause 200/speak Caroline \"à¸ÍÊÒÁÒÃ¶ÁÒчщá̅Ç ŇÒĕÇµÒÁÊºÒÂä˴ȷ¡àÇÅÒ ч˵Í§¡ÒÃàÅÂ¹Ð˨Ð äˑ˵Í§à¡Ã§ã¨¹Ð àˢÒã¨ՁÂ?\"/emote farmer 32/pause 1000/move farmer 0 4 2 true/fade/viewport -5000 1000/pause 1000/end warpOut"
    }
}
