{
    "header": {
        "target": "w",
        "formatVersion": 5,
        "hidef": true,
        "compressed": 128
    },
    "readers": [
        {
            "type": "Microsoft.Xna.Framework.Content.DictionaryReader`2[[System.String, mscorlib, Version=4.0.0.0, Culture=neutral, PublicKeyToken=b77a5c561934e089],[System.String, mscorlib, Version=4.0.0.0, Culture=neutral, PublicKeyToken=b77a5c561934e089]]",
            "version": 0
        },
        {
            "type": "Microsoft.Xna.Framework.Content.StringReader",
            "version": 0
        }
    ],
    "content": {
        "decorate": "speak Haley \"µ¡á˅§̋Í§àËÃÍ?$s#$b#ȝÁ âÍà¤$u\"/faceDirection Haley 1/speak Haley \"ι¹ǴÍчƤчɊ´чà¸Í Ť´ä˴˗Ò¨ÐŇÒµÍ¹׉ÍÐ¹Ð? чщ... ã¹̋Í§àʥ¡æ ȑ´æ āºĉ¹àщÂ¹Ð?$u#$b#ˉÒÊ¹ã¨áËÐ$u\"/faceDirection farmer 0/faceDirection Haley 2/showFrame Haley 22/pause 1000/end dialogue Haley \"ʁ¹Ð µÍ¹׉̋Í§̅Ò§ɳ»ɤƤá̅Ç... ¢Íºã¨ÁÒ¡ @$u\"",
        "leave": "speak Haley \"â̍ à¸Í˵Í§ä»á̅ÇàËÃÍ?$s#$b#âÍà¤... ʁä˴ ºÒÂ$s\"/pause 500/move farmer 0 1 1/faceDirection Haley 2 true/move farmer 1 0 2/move farmer 0 1 2/playSound doorClose/warp farmer -1000 -1000/pause 1000/showFrame Haley 22/pause 1000/speak Haley \"̇ÒÇ... ĉ¹äˑŤ´àÅÂ ˗Òà¢Ò¨ÐīÇǗº¢¹Ò´׉$s^̇ÒÇ... ĉ¹äˑŤ´àÅÂ ˗Òà¸Í¨ÐīÇǗº¢¹Ò´׉$s\"/end dialogue Haley \"ĉ¹Ǚ¡˗Òà¸ÍƱÍÐäÃŚÒĄ­ ч˵Í§ä»ŇÒ«Ðƽ¡...$u\"",
        "tooBold": "showFrame 6/playMusic none/positionOffset farmer -8 0/positionOffset Elliott 8 0/showFrame Elliott 12/jump Elliott/pause 1000/faceDirection Elliott 1/pause 1000/end dialogue Elliott \"ĉ¹ÍÒÂÁÒ¡àÅÂ...$8\"",
        "poppy": "pause 100/speak Sam \"ä§! ȷ¡¤¹ ¾Ç¡àÃÒÁÒ¨Ò¡ àȑÍ§à¾ƅá¡¹... ˝Ò... áÅÐ ¾Ç¡àÃÒҚÍ˗Ò 'à´ÍÐ à¾ƅá¡¹Κ'$8\"/speak Sam \"$p 20#à¾Å§׉àбÂÇāº¡ÒÃŇÒ¿ÒΓÁ ¡ÒÃÅ§àËȑÍ§ áÅÐ¡ÒÃĕ´ä́ |$p 8820#à¾Å§׉àбÂÇāºàȑÍ§ чÍԒã¹·ÐàÅ|$p 8821#à¾Å§׉àбÂÇāºÃ¶ä¿|àÍÒÅÐ¹Ð...$8\"/playMusic samBand/animate Abigail false true 118 49 34 35 48/pause 1890/animate Sam false true 236 20 21/animate Sebastian false true 118 42 43 52 53/animate Vincent false true 236 20 8 21 8/animate Emily false true 236 16 17/animate Leah false true 236 30 31/animate Elliott false true 236 36 37/animate Maru false true 236 29 30/pause 31000/jump Sam/pause 400/animate Sam false true 236 22 23/pause 28500/stopAnimation Sam/stopAnimation Sebastian/stopAnimation Abigail/pause 800/stopAnimation Vincent/stopAnimation Elliott/stopAnimation Leah/stopAnimation Maru/stopAnimation Emily/speak Emily \"$p 78#̇ÒÇÇÇ! àƺÂ§ƍàʥ¡·ÃÍŹ¡Κι¹ äˑàËȑÍ¹ã¤Ã¨ƃ§æ!$h|ڗÇÇÇÇÇÇÇ! ι¹ġ¹ÂÍ´ä»àÅÂ!$h\"/speak Leah \"$p 79#ġ¹àђÂÁ¨ƃ§æ! ġ¹àʛ¹á¹ÇãËˑ¢Í§ ̎Í§Ƒ˷Í§ʹ!|à͈§¨ƃ§æ ¾Ç¡¹ÒÂ!$h\"/speak Shane \"$p 77#ĉ¹ªÍºˇÍ¹Ëę¡æ ʱÍ¹¨Ð¨º¨ƃ§æ |ĉ¹ªÍºˇÍ¹àºÊÁÒ¡æ\"/move Sam 1 0 2/speak Sam \"¢ÍºȤ³ȷ¡¤¹!$h#$b#á˅¾Ç¡Ȥ³˵Í§»ÃºȑÍã̋ @ ˅Ò§ËÒ¡! äˑƱ¤ÇÒÁʺÇÂàËȕÍ¢Í§à¢Ò ¾Ç¡àÃÒʁäˑړ¨Ð ŇÒà¾Å§ÍÐäÃá˅áÃ¡˴ÇÂ՛Ò!^á˅¾Ç¡Ȥ³˵Í§»ÃºȑÍã̋ @ ˅Ò§ËÒ¡! äˑƱ¤ÇÒÁʺÇÂàËȕÍ¢Í§à¸Í ¾Ç¡àÃÒʁäˑړ¨Ð ŇÒà¾Å§ÍÐäÃá˅áÃ¡˴ÇÂ՛Ò!\"/faceDirection Sam 2/faceDirection Leah 3/faceDirection Penny 1/faceDirection farmer 3/speak Penny \"ԧ¹à¸Íʁàʛ¹àËȑÍ¹ ÊÁÒŪ¡žàÈÉ¢Í§Ç§Ɗ¹Ð?$h\"/pause 300/faceDirection Penny 0 true/faceDirection Leah 0/faceDirection farmer 0 true/move Sam -1 0 2/speak Sam \"â̍! áÅÐÍ˒ÒȕÁ ؛Íà·»à´âÁ¢Í§¾Ç¡àÃÒ µÃ§·Ò§ÍÍ¡ áʴ 10g àˇÒԹ¹!\"/pause 1000/mail afterSamShow/globalFade/viewport -1000 -1000/pause 4000/speak Sam \"¨ºÅ§ä»˴ÇÂƤ! ¢ÍºȤ³ƽ¡¤Ճ§ч ÁÒģºªÁ¾Ç¡àÃÒ$h\"/end dialogue Sam \"à̎ ¡ÒÃáÊ´§ġ¹ÂÍ´àђÂÁÁÒ¡! ¢ÍºȤ³ƽ¡ÃÍº¹Ð @\"",
        "heavy": "pause 100/speak Sam \"à̎! ȷ¡¤¹ ¾Ç¡àÃÒÁÒ¨Ò¡ àȑÍ§à¾ƅá¡¹... ˝Ò... àƳÂ¡¾Ç¡àÃÒ˗Ò 'ʁÍºƅ¹à´Ê·ÃÍÂàÂÍΓ'$8\"/speak Sam \"$p 20#à¾Å§׉àбÂÇāºŇÒ¿ÒΓÁ ¡ÒÃÅ§àËȑÍ§ áÅÐ¡ÒÃĕ´ä́ |$p 8820#à¾Å§׉àбÂÇāºàȑÍ§ чÍԒã¹·ÐàÅ|$p 8821#à¾Å§׉àбÂÇāºÃ¶ä¿|ɅÂā¹àÅÂ...$8\"/playMusic samBand/animate Abigail false true 125 49 34 35 48/pause 2500/animate Sam false true 250 20 21/animate Sebastian false true 125 42 43 52 53/animate Vincent false true 250 20 8 21 8/animate Emily false true 250 16 17/animate Leah false true 250 30 31/animate Elliott false true 250 36 37/animate Maru false true 250 29 30/pause 31500/jump Sam/pause 500/animate Sam false true 236 22 23/pause 15000/stopAnimation Sam/stopAnimation Sebastian/stopAnimation Abigail/pause 700/animate Abigail false true 250 49 34 35 48/animate Sam false true 500 20 21/animate Sebastian false true 250 42 43 52 53/pause 10000/stopAnimation Sam/stopAnimation Sebastian/stopAnimation Abigail/pause 800/stopAnimation Vincent/stopAnimation Elliott/stopAnimation Leah/stopAnimation Maru/stopAnimation Emily/speak Emily \"$p 78#̇ÒÇÇÇ! àƺÂ§ƍàʥ¡·ÃÍŹ¡Κι¹ äˑàËȑÍ¹ã¤Ã¨ƃ§æ !$h|ڗÇÇÇÇÇÇ! ι¹ġ¹ÂÍ´ä»àÅÂ!$h\"/speak Leah \"$p 79#ġ¹àђÂÁ¨ƃ§æ! ġ¹àʛ¹á¹ÇãËˑ¢Í§ ̎Í§Ƒ˷Í§ʹ!|à͈§¨ƃ§æ¾Ç¡¹¹ÒÂ!$h\"/speak Shane \"$p 77#ĉ¹ªÍºˇÍ¹Ëę¡æ ʱÍ¹¨Ð¨º¨ƃ§æ|ĉ¹Êȹ¡āºàƺÂ§àºÊÁÒ¡æ\"/move Sam 1 0 2/speak Sam \"¢ÍºȤ³ȷ¡¤¹!$h#$b#á˅¾Ç¡Ȥ³˵Í§»ÃºȑÍã̋ @ ˅Ò§ËÒ¡! äˑƱ¤ÇÒÁʺÇÂàËȕÍ¢Í§à¢Ò ¾Ç¡àÃÒʁäˑړ¨Ð ŇÒà¾Å§ÍÐäÃ á˅áÃ¡˴ÇÂ՛Ò!^á˅¾Ç¡Ȥ³˵Í§»ÃºȑÍã̋ @ ˅Ò§ËÒ¡! äˑƱ¤ÇÒÁʺÇÂàËȕÍ¢Í§à¸Í ¾Ç¡àÃÒʁäˑړ¨Ð ŇÒà¾Å§ÍÐäÃ á˅áÃ¡˴ÇÂ՛Ò!\"/faceDirection Sam 2/faceDirection Leah 3/faceDirection Penny 1/faceDirection farmer 3/speak Penny \"ԧ¹à¸Íʁàʛ¹àËȑÍ¹ÊÁÒŪ¡žàÈÉ ¢Í§Ç§Ɗ¹Ð?$h\"/pause 300/faceDirection Penny 0 true/faceDirection Leah 0/faceDirection farmer 0 true/move Sam -1 0 2/speak Sam \"â̍! áÅÐÍ˒ÒȕÁ ؛Íà·»à´âÁ¢Í§¾Ç¡àÃÒ µÃ§·Ò§ÍÍ¡ áʴ 10g àˇÒԹ¹!\"/pause 1000/mail afterSamShow/globalFade/viewport -1000 -1000/pause 4000/speak Sam \"¨ºÅ§ä»˴ÇÂƤ! ¢ÍºȤ³ƽ¡¤Ճ§чÁÒģºªÁ¾Ç¡ÃÒ$h\"/end dialogue Sam \"à̎ ¡ÒÃáÊ´§ġ¹ÂÍ´àђÂÁÁÒ¡! ¢ÍºȤ³ƽ¡¤Ճ§ @\"",
        "techno": "pause 100/speak Sam \"ä§! ȷ¡¤¹ ¾Ç¡àÃÒÁÒ¨Ò¡ àȑÍ§à¾ƅá¡¹... à˝Í... áÅÐ àƳÂ¡¾Ç¡àÃÒ˗Ò 'à«¹Í¹ Ū» 3.0'$8\"/speak Sam \"$p 20#à¾Å§׉àбÂÇāº¿ÒΓÁ àËȑÍ§ ¡ÒÃĕ´ä́ |$p 8820#à¾Å§׉àбÂÇāºàȑÍ§ чÍԒã¹·ÐàÅ|$p 8821#à¾Å§׉àбÂÇāºÃ¶ä¿|ä»ā¹àÅÂ...$8\"/playMusic samBand/faceDirection Sam 1 true/pause 1200/animate Sebastian false true 158 42 43 52 53/pause 10100/animate Emily false true 316 16 17/animate Vincent false true 316 20 8 21 8/faceDirection Sam 3 true/animate Abigail false true 158 49 34 35 48/pause 9100/faceDirection Sam 2 true/showFrame Sam 20/pause 1000/animate Sam false true 316 20 21/animate Leah false true 316 30 31/animate Elliott false true 316 36 37/animate Maru false true 316 29 30/pause 20000/jump Sam/pause 400/animate Sam false true 316 22 23/pause 19000/stopAnimation Sam/stopAnimation Sebastian/stopAnimation Abigail/pause 800/stopAnimation Vincent/stopAnimation Elliott/stopAnimation Leah/stopAnimation Maru/stopAnimation Emily/speak Emily \"$p 78#̇ÒÇÇÇ! ̇ÒÇÇÇ! àƺÂ§ƍàʥ¡·ÃÍŹ¡Κι¹ äˑàËȑÍ¹ã¤Ã¨ƃ§æ!$h|̷ÒÒ¡¡¡¡¡! àђÂÁ¨ƃ§æ!$h\"/speak Leah \"$p 79#ġ¹àђÂÁ¨ƃ§æ! ġ¹àʛ¹á¹ÇãËˑ¢Í§ ̎Í§Ƒ˷Í§ʹ!|à͈§¨ƃ§æ¾Ç¡¹¹ÒÂ!$h\"/speak Shane \"$p 77#ĉ¹ªÍºˇÍ¹Ëę¡æ ʱÍ¹¨Ð¨º¨ƃ§æ|ĉ¹Êȹ¡āºàƺÂ§àºÊÁÒ¡æ\"/move Sam 1 0 2/speak Sam \"¢ÍºȤ³ȷ¡¤¹!$h#$b#á˅¾Ç¡Ȥ³˵Í§»ÃºȑÍã̋ @! äˑƱ¤ÇÒÁʺÇÂàËȕÍ¢Í§à¢Ò ¾Ç¡àÃÒʁäˑƱà¾Å§àŻ´ĕÇ ã¹ħ¹׉!^á˅¾Ç¡Ȥ³˵Í§»ÃºȑÍã̋ @! äˑƱ¤ÇÒÁʺÇÂàËȕÍ¢Í§à¸Í ¾Ç¡àÃÒʁäˑƱà¾Å§àŻ´ĕÇ ã¹ħ¹׉!\"/faceDirection Sam 2/faceDirection Leah 3/faceDirection Penny 1/faceDirection farmer 3/speak Penny \"à¸Íàʛ¹àËȑÍ¹ÊÁÒŪ¡ŚÒĄ­ ¢Í§Ç§àÅÂà¹ÍÐ?$h\"/pause 300/faceDirection Penny 0 true/faceDirection Leah 0/faceDirection farmer 0 true/move Sam -1 0 2/speak Sam \"â̍! áÅÐÍ˒ÒȕÁ ؛Íà·»à´âÁ¢Í§¾Ç¡àÃÒ µÃ§·Ò§ÍÍ¡ áʴ 10g àˇÒԹ¹!\"/pause 1000/mail afterSamShow/globalFade/viewport -1000 -1000/pause 4000/speak Sam \"¨ºÅ§ä»˴ÇÂƤ! ¢ÍºȤ³ƽ¡¤Ճ§ч ÁÒģºªÁ¾Ç¡àÃÒ$h\"/end dialogue Sam \"à̎ ¡ÒÃáÊ´§ġ¹ÂÍ´àђÂÁÁÒ¡! ¢ÍºȤ³ƽ¡¤Ճ§ @\"",
        "honkytonk": "pause 100/speak Sam \"ä§! ȷ¡¤¹ ¾Ç¡àÃÒÁÒ¨Ò ¡àȑÍ§à¾ƅá¡¹... àÍ... áÅÐ àƳÂ¡¾Ç¡àÃÒ˗Ò 'Ŵ ĭÅğÅˏÒΚ'$8\"/speak Sam \"$p 20#à¾Å§׉àбÂÇāº¿ÒΓÁ àËȑÍ§ ¡ÒÃĕ´ä́ |$p 8820#à¾Å§׉àбÂÇāºàȑÍ§ чÍԒã¹·ÐàÅ|$p 8821#à¾Å§׉àбÂÇāºÃ¶ä¿|ä»ā¹àÅÂ...$8\"/playMusic samBand/pause 1200/pause 1666/animate Sebastian false true 104 42 43 52 53/pause 1666/animate Sam false true 208 20 21/animate Vincent false true 208 20 8 21 8/animate Emily false true 208 16 17/animate Leah false true 208 30 31/animate Elliott false true 208 36 37/animate Maru false true 208 29 30/pause 26000/animate Sam false true 208 22 23/pause 12500/animate Abigail false true 104 49 34 35 48/jump Sam/pause 400/animate Sam false true 208 20 21/pause 17500/stopAnimation Sam/stopAnimation Sebastian/stopAnimation Abigail/pause 800/stopAnimation Vincent/stopAnimation Elliott/stopAnimation Leah/stopAnimation Maru/stopAnimation Emily/speak Emily \"$p 78#̇ÒÇÇÇ! ̇ÒÇÇÇ! àƺÂ§ƍàʥ¡·ÃÍŹ¡Κι¹ äˑàËȑÍ¹ã¤Ã¨ƃ§æ !$h|̷ÒÒ¡¡¡¡¡! àђÂÁ¨ƃ§æ!$h\"/speak Leah \"$p 79#ġ¹àђÂÁ¨ƃ§æ! ġ¹àʛ¹á¹ÇãËˑ¢Í§ ̎Í§Ƒ˷Í§ʹ!|à͈§¨ƃ§æ¾Ç¡¹¹ÒÂ!$h\"/speak Shane \"$p 77#ĉ¹ªÍºˇÍ¹Ëę¡æ ʱÍ¹¨Ð¨º¨ƃ§æ|ĉ¹Êȹ¡āºàƺÂ§àºÊÁÒ¡æ\"/move Sam 1 0 2/speak Sam \"¢ÍºȤ³ȷ¡¤¹!$h#$b#á˅¾Ç¡Ȥ³˵Í§»ÃºȑÍã̋ @! äˑƱ¤ÇÒÁʺÇÂàËȕÍ¢Í§à¢Ò ¾Ç¡àÃÒʁäˑƱà¾Å§àŻ´ĕÇ ã¹ħ¹׉!^á˅¾Ç¡Ȥ³˵Í§»ÃºȑÍã̋ @! äˑƱ¤ÇÒÁʺÇÂàËȕÍ¢Í§à¸Í ¾Ç¡àÃÒʁäˑƱà¾Å§àŻ´ĕÇ ã¹ħ¹׉!\"/faceDirection Sam 2/faceDirection Leah 3/faceDirection Penny 1/faceDirection farmer 3/speak Penny \"à¸Íàʛ¹àËȑÍ¹ÊÁÒŪ¡ŚÒĄ­ ¢Í§Ç§àÅÂ à¹ÍÐ?$h\"/pause 300/faceDirection Penny 0 true/faceDirection Leah 0/faceDirection farmer 0 true/move Sam -1 0 2/speak Sam \"â̍! áÅÐÍ˒Ò ȕÁ؛Íà·»à´âÁ¢Í§¾Ç¡àÃÒ µÃ§·Ò§ÍÍ¡ áʴ 10g àˇÒԹ¹!\"/pause 1000/mail afterSamShow/globalFade/viewport -1000 -1000/pause 4000/speak Sam \"¨ºÅ§ä»˴ÇÂƤ! ¢ÍºȤ³ƽ¡¤Ճ§ч ÁÒģºªÁ¾Ç¡àÃÒ$h\"/end dialogue Sam \"à̎ ¡ÒÃáÊ´§ġ¹ÂÍ´àђÂÁÁÒ¡! ¢ÍºȤ³ƽ¡¤Ճ§ @\""
    }
}
