{
    "header": {
        "target": "w",
        "formatVersion": 5,
        "hidef": true,
        "compressed": 128
    },
    "readers": [
        {
            "type": "Microsoft.Xna.Framework.Content.DictionaryReader`2[[System.String, mscorlib, Version=4.0.0.0, Culture=neutral, PublicKeyToken=b77a5c561934e089],[System.String, mscorlib, Version=4.0.0.0, Culture=neutral, PublicKeyToken=b77a5c561934e089]]",
            "version": 0
        },
        {
            "type": "Microsoft.Xna.Framework.Content.StringReader",
            "version": 0
        }
    ],
    "content": {
        "4/f Abigail 1500/t 2100 2400/w sunny": "nightTime/-4442 39/farmer 47 95 0 Abigail 47 87 0 Pierre 52 91 3/skippable/addLantern 735 46 86 1/specificTemporarySprite abbyGraveyard/faceDirection Abigail 2/animate Abigail false true 500 24 27/viewport 47 87 true/pause 4000/move farmer 0 -4 0/pause 500/animate Abigail false false 150 24 25 24 26 0/pause 700/stopAnimation Abigail 0/pause 1500/emote farmer 8/pause 600/animate Abigail false true 100 28 29/pause 1200/stopAnimation Abigail/pause 500/playMusic echos/speak Abigail \"ä§ ıÒĥ§Ê§ĪÂ˕ÐƊ ˗Òĉ¹ÍÍ¡ÁÒŇÒÍÐäÃ чɊÊÒ¹ǔ¡æ Ҥ¹æ áºº׉\"/pause 500/move farmer 0 -1 0/pause 400/speak Abigail \"ʁ.. ɊÊÒ¹ˉÐàʛ¹ччã̋¤ÇÒÁ àʛ¹˚Ç¹ĕÇчɊ´ã¹àȑÍ§ á̅ÇˉÐƊ\"/pause 500/emote Abigail 40/pause 250/faceDirection Abigail 1/pause 400/speak Abigail \"á̅Çʁ.. чĉ¹àËҗÍâª¡¢¹Ò´׉ à¾ÃÒÐĉ¹ıÒĥ§ǝ¡´Òº ÍԒä§˕Ð$l\"/emote farmer 16/pause 400/faceDirection Abigail 2/pause 300/speak Abigail \"ÍÐäÃ!... à¸ÍŤ´˗Òĉ¹˝Í¹áÍ àš¹¨ÐĈº´ÒºäËÇǣä§?$a\"/pause 300/faceDirection Abigail 3/pause 500/faceDirection Abigail 2/speak Abigail \"¢Íâ·É˴ÇÂá̅Çā¹ ĉ¹.. ÍÍ¡ĕÇáÃ§ä»ËˉÍÂ$8#$b#ĉ¹áʴÍÂÒ¡¨ÐÍÍ¡ä» ŚÒÃÇ¨զÒ¾Ç¡Թ¹˺Ò§... á˅ĉ¹ʁړ˗Òġ¹ĭ¹µÃÒÂ àš¹¡˗Ò¨ÐàˢÒä»ȑÍà»˕Ò \"/move farmer 0 -2 0/speak Abigail \"$q 847951 null#Ȥ³ʁà¤Âã˪´Òº ÁÒʱÍ¹ãʺäËÁ?#$r 847951 10 Event_Grave1#ãʺá̅Ç áÅÐġ¹ʁˉÒҥ¹à˵¹Ɋ´æ! #$r 847951 10 Event_Grave2#ãʺ á˅àҮÍ˻Í§ā¹ĕÇ àˇÒԹ¹˕Ð#$r 847951 -100 Event_Grave3#ãʺ á˅ġ¹ĭ¹µÃÒÂÁÒ¡¹Ð à¸Í¤ÇÃ¨ÐÍԒÍ˒Ò§ »ÅÍ´ĠÂÁÒ¡¡˗Ò#$r 847951 0 Event_Grave4#äˑà¤Â\"/faceDirection Abigail 0/pause 2000/playMusic nightTime/speak Pierre \"Íźà¡Å?!$4\"/pause 100/faceDirection Abigail 2 true/faceDirection farmer 2 true/emote Abigail 16/speak Abigail \"Ȥ³ˎÍ?$7\"/move Pierre -3 0 0/move Pierre 0 -4 3/faceDirection Abigail 1/faceDirection farmer 1/speak Pierre \"ˎÍá·º¨Ð ¾ƅ¡àȑÍ§ËÒɵ¡ àÅÂ¹Ð! ¡ĥº˺Ò¹ä˴á̅Ç áˑ¢Í§ɵ¡ ÍÂÒ¡ã̋ʺÇÂŇÒˢÒÇàʢ¹!$u\"/pause 300/faceDirection Pierre 2/pause 700/faceDirection Pierre 1/pause 700/faceDirection Pierre 3/pause 500/speak Pierre \"á̅Çɵ¡ÁÒŇÒÍÐäÃ ã¹ɊÊÒ¹щàщÂ ġ¹äˑãʺчæ àʔ¡ڌËŭ§¤ÇÃ¨Ð ÁÒÍԒàÅÂ¹Ð!$u\"/faceDirection Abigail 3/emote Abigail 12/pause 400/faceDirection Abigail 1/speak Abigail \"äˑ˵Í§ÁÒӢ§āºËɩàÅÂ¹Ð! ˎÍÍÂÒ¡ã̋ ËɩŇÒÍÒËÒÃàʢ¹ ÍԒá˅ч˺Ò¹à¾ÃÒÐ˗ÒËɩ àʛ¹ڌËŭ§ãʺՁÂ˕Ð?!$a\"/speak Abigail \"ˎÍˉÐ īÇâºÃÒ³àš¹ä»á̅Ç...$a\"/showFrame Pierre 16/textAboveHead Pierre \"...!\"/faceDirection Abigail 2/speak Abigail \"ä»ā¹à¶ÍÐ @$a\"/showFrame Pierre 0/move Abigail -1 0 2 true/faceDirection farmer 3/move Abigail 0 2 2/faceDirection farmer 2 true/move Abigail 0 3 2 true/faceDirection Pierre 2 true/pause 1000/pause 500/faceDirection Abigail 0/speak Abigail \"¨Ðä»ËȓÍà»˕Ò?$u\"/pause 600/faceDirection farmer 1/pause 1000/move farmer 0 8 2 true/move Abigail 0 4 1 false/move farmer 8 0 2 true/move Abigail 8 0 2 true/textAboveHead Pierre \"¡ĥºÁÒщà݋ÂÇ׉!\"/globalFade/viewport -4000 0/pause 400/playSound grassyStep/pause 500/playSound grassyStep/pause 300/playSound leafrustle/pause 700/playSound leafrustle/pause 700/message \"âÍà¤ ˎÍ¢Í§ĉ¹¨Ðäˑà¨Í àÃÒчщ...\"/speak Abigail \"*¶Í¹ËÒÂã¨*... äˑÍÂÒ¡¨ÐàҚÍàÅÂ ŇÒàËȑÍ¹à¢Òäˑà¤ÂˌÒ¹ ʺÇ§ħÂӣ¹ÁÒĢ§ä§ Í˒Ò§Թ¹áËÅÐ ŇÒäÁ¾Ç¡à¢ÒäˑàˢÒã¨ ɁÁ¢Í§ĉ¹˺Ò§¹Ð..$8#$b#ĉ¹ړ¹Ð... ˗ÒÊġÂʱÍ¹ġ¹äˑãʺáºº׉ ʴÒŹÂÁàÍÂÍÐäÃàÍÂ á˅ºÒ§Ƨġ¹ʁŇÒã̋ĉ¹ Ëȧ´Ëŧ´ÍԒƤ ¾Í¨ÐàˢÒã¨ĉ¹ãʺäËÁ?$u\"/pause 1000/speak Abigail \"Ģ§ä§ʁµÒÁ ¢ÍºȤ³ÁÒ¡¹Ð чʺÇÂģºğ§ĉ¹ˉÐ @#$b#ȝÁÁÁ µÍ¹׉ʺÇÂá¡Ð¼Á¢Í§ĉ¹ ã̋ËˉÍÂƊ ɤàËȑÍ¹ġ¹ ¨Ðä»àбÂÇЁ§ä́˝Ð..$h\"/pause 500/playSound grassyStep/pause 300/playSound leafrustle/pause 500/playSound grassyStep/pause 200/playSound grassyStep/pause 400/playSound leafrustle/pause 300/playSound leafrustle/pause 600/end",
        "831125/f Shane 1750/f Clint 500/f Emily 500/t 1000 1600/w sunny": "spring_day_ambient/-100 -100/farmer 30 87 0 Shane 30 81 1 Clint 34 81 1 Emily 35 81 3/skippable/showFrame Shane 16/move farmer 0 -5 1 true/viewport 34 82 true/pause 800/speak Shane \"âÍà¤¾Ç¡¹ÒÂ ĸÒº·ā¹ä˴á̅ÇãʺäËÁ?$u\"/faceDirection Clint 3/pause 300/speak Emily \"áˉ¹Í¹!\"/emote Clint 28/faceDirection Clint 1/pause 500/speak Shane \"¾̃ÍÁ¹Ð? áÍ¤Ϊ¹!$u\"/pause 1500/speak Emily \"ĉ¹Ť´˗Ò¾Ç¡àÃÒƱ ÍÐäÃžàÈÉā¹«Ðƽ¡... ɤàËȑÍ¹˗Òĉ¹¨ÐŤ´ż´Ɗ¹Ð$s\"/pause 500/speak Clint \"©... ĉ¹... à˝Í...\"/emote Shane 12/playMusic playful/speak Shane \"Ą·!\"/speak Clint \"ĉ¹¢Íâ·É!$s\"/faceDirection Clint 3/speak Clint \"ġ¹ÂÒ¡ч¨ÐǙ¡º· ã̋ÍÍ¡¹Ð àÇÅÒË˹Ò¢Í§à¸ÍÁÒʸÍ ÍԒµÃ§Ë˹Òĉ¹áºº׉...$s\"/emote Emily 8 true/emote Shane 8/pause 500/showFrame Shane 17/pause 500/jump Shane/pause 800/speak Shane \"â̍ à̎\"/faceDirection farmer 0/speak Shane \"ɤ¡̅Í§ãËˑ ¢Í§ĉ¹щƊ...#$b#µÍ¹׉ºƃĩ·â¨˨Ò Ĉ´»ÃÐ¡Ç´ ƇƤâÍâ˦É³Ò¹Ð ÃÒ§ħÅԵ§ 10,000g àƚÂÇ¹Ð\"/showFrame Shane 16/pause 500/emote Shane 16/showFrame Shane 17/pause 500/speak Shane \"щ! ĉ¹˵Í§¡ÒÃã̋Ȥ³ ÁÒÍԒã¹©Ò¡׉˴ÇÂ... âÍà¤?#$b#áʴàŴ¹ˌÒ¹¤ƅ¹·āºàÍƁƵ àʛ¹©Ò¡Ëĥ§ ¢³Ð¾Ç¡à¢ÒȤÂā¹ʁ¾Í... ġ¹ŇÒã̋ɤÊÁ¨ƃ§ע¹ˉÐ\"/jump farmer/pause 800/move farmer 0 2 1 false/showFrame Shane 16/move farmer 8 0 0/faceDirection Clint 1/speak Shane \"âÍà¤... ¾̃ÍÁ¹Ð?#$b#áÍ¤Ϊ¹!$u\"/playMusic sadpiano/speak Emily \"ĉ¹Ť´˗Ò¨ÐƱÍÐäÃžàÈÉ «Ðƽ¡.. à¸ÍºÍ¡˗Òà¸Í ¨Ðäˑ֗§ĉ¹ä»äË¹щ ġ¹ʁáʴĴÒâ¡Ë¡Ɗ¹Ð$s\"/move farmer 0 -8 2 true/pause 500/speak Clint \"äˑ! äˑãʺáººԹ¹... ĉ¹áʴ˵Í§ŇÒÍÐäÃ ºÒ§Í˒Ò§ѫ§ġ¹ ŚÒĄ­āºĉ¹ÁÒ¡\"/playMusic none/faceDirection Clint 2/pause 1000/playMusic ragtime/faceDirection Clint 1/speak Clint \"ĉ¹˵Í§ä»ÅÍ§â¤˕ÒãËˑ 'â¨˨Òºɵ' ˉÐƊ$5#$b#ġ¹Ʊ«ÍΓź·ÍÅ ǖ§ÊÒÁàˇÒàҮÍÃÊªÒŵ чËÇÒ¹ħÇµÒÂ¤ÇÒÂ̅Á á¶ÁÃÒ¤Òʁɦ¡Т§¡˗Ò թÒà»˕Ò«Ðƽ¡!$5\"/pause 600/speak Emily \"µ...á˅ â«´Òġ¹ĭ¹µÃÒÂ ˅ÍɊ¢ÀÒ¾äˑãʺàËÃÍ? à¸ÍĪ­­Òāºĉ¹á̅Çщ...$s\"/pause 600/speak Clint \"äˑ˵Í§ā§ÇÅä»чģ¡ ƧÁę¡Ƈ·ÂÒÈÒÊµΓ ÃÐĔºâÅ¡¢Í§ ŚÒę¡§Ò¹ãËʽâ¨˨ÒˉÐ ƇĈÂÍÍ¡ÁÒá̅Ç˗Ò 'â¨˨Òºɵ' ¨Ðäˑ˚§¼ÅàƺÂ˅Í à«ÅΕàҲÍȺ¡ÃÐà¾ÒÐ ¢Í§à¸ÍÍ˒Ò§áˉ¹Í¹ à¾ÃÒÐԧ¹à¸Í¨ÐҤÁ ġ¹ÁÒ¡áʴäË¹ʁä˴ àұÍäË˓ʁä˴ µÒÁчà¸Í˵Í§¡ÒÃàÅÂ$5#$b#ĴÒ¶ÒÁчá˷¨ƃ§ˉÐǴÍ 'á̅ÇàұÍäË˓ч Ȥ³ ¨ÐàŻ´¡ÃÐ͛Í§׉ҤÁā¹ÅÐ?'... *ǭ¡* *ǭ¡*... ˝ÒΛ...$5\"/playMusic spring_day_ambient/speak Shane \"Ą·!\"/faceDirection Clint 3/move Shane 3 0 1 false/speak Shane \"ι¹ġ¹ǴÍ ¤ÇÒÁÊÁɪÃ΃áºº!\"/move Shane 0 -1 1/faceDirection Clint 2 true/move Shane 5 0 0/speak Shane \"¢ÍºȤ³чÁÒʺÇÂ¹Ð$h\"/move farmer 0 2 2/faceDirection Clint 2/pause 1000/speak Emily \"...¤ƅ¹·?$s\"/pause 500/faceDirection Shane 3/faceDirection farmer 3/pause 500/playSound coin/showFrame Clint 39/shake Clint 3000/pause 2000/end dialogue Shane \"àʛ¹ħ¹ч§Ò¹àŴ¹àђÂÁÁÒ¡... ĉ¹ä˴¤ƅ»Ƥæ ÁÒ˴ÇÂ\"",
        "2481135/f Alex 1000/t 900 1600": "sweet/-1000 -1000/farmer 44 65 1 Alex 50 68 1/skippable/specificTemporarySprite joshDog/viewport 53 67 true/pause 3000/speak Alex \"àʱ§ÁÒ¡ à˨ÒĔÊׅ àʔ¡Ƥ\"/pause 2000/speak Alex \"á¡ÍÒ¨¨Ðàʛ¹¤¹àƤÂÇ ã¹á¶Ç׉чàˢÒã¨ĉ¹ʁä˴$s#$b#äˑƱã¤Ãƽ¡á̅Ç ч¨Ðàʫ¹¤ÇÒÁƤ ã¹ĕÇá¡áÅÐĕÇĉ¹$s\"/faceDirection Alex 2/pause 700/emote Alex 28/playSound leafrustle/move farmer 6 0 2/pause 500/faceDirection Alex 0/jump Alex/pause 800/speak Alex \"@! щȤ³Ě§àƍ­ä˴Ƃ¹ чĉ¹ɮ´ǣà»˕ÒàщÂ$7\"/move farmer 0 1 2/question fork1 \"#ãʺ ĉ¹ä˴Ƃ¹ËÁ´ȷ¡Í˒Ò§áËÅÐ#ʁäˑ¹Ð... ŇÒäÁàËÃÍ\"/fork didntHear/pause 500/faceDirection Alex 2/pause 1000/showFrame Alex 27/pause 600/playMusic desolate/emote Alex 28/speak Alex \"ĉ¹äˑÍÂÒ¡ ¨Ðɮ´ǖ§ġ¹ËÃÍ¡¹Ð á˅¤§˵Í§ÍŸºÒÂ Ī¡ËˉÍÂá̅ÇÅÐ...$s\"/pause 1000/showFrame Alex 0 true/faceDirection Alex 0/pause 500/speak Alex \"à¤ÂÊ§ĪÂ˺Ò§äËÁ˗Ò Ȥ³µÒȤ³ÂÒÂ$s#$b#ړäËÁ ˎÍĉ¹ˉÐà¢Òäˑãʺ¤¹Ƥ ÍÐäÃËÃÍ¡... à¢Ò... à˝Í ŇÒÅÒÂȷ¡Ъ§ȷ¡Í˒Ò§ ¢Í§áˑáÅÐĉ¹$a#$b#àÇÅÒ¤҃§Ǚ§ à¢Ò¨ÐËÒÂĕÇä»... áÅÐƽ¡¤҃§ à¢Ò¨ÐҤÁµÅÍ´Է§Ǵ¹ á̅Ç¾ϳÒºÍ¡ĉ¹˗Ò àʛ¹¤¹ä̃ʴÒ äˑƱħ¹ŇÒÍÐäÃŚÒàʣ¨ËÃÍ¡$a#$b#ĉ¹˗Òà¢Ò¤§à¡ƵÂ´ чĉ¹Ģ§àʔ¡ÍԒ... ¢ÁҒ¹чĕÇàÍ§»˕ÍÂ»ÅÐ àÇÅÒʺÇ§ħÂËәÁ¢Í§à¢Ò ä»āº¡ÒÃäˑŇÒÍÐäÃàÅÂ áÅÐä»äˑǖ§ĝ¹ ÍÐäÃĪ¡Í˒Ò§ã¹ƚƇµ\"/faceDirection Alex 1/speak Alex \"à˝Í... ι¹ǴÍЪ§чĉ¹Ť´àÍÒ˝Ð¹Ð ã¤Ã¨Ðä»ړÅÐ˗Ò à¢ÒıÒĥ§Ť´ÍÐäÃ$a\"/pause 800/speak Alex \"ħ¹Ëѹ§à¢Òʁ¨Ò¡ä» ¨Ò¡Թ¹äˑ¹Ò¹ áˑʁˋÇÂá̅Çʁ¨Ò¡ä» ĉ¹äˑƱ·Ò§àȕÍ¡ àÅÂ˵Í§ÁÒÍԒāº Ȥ³µÒȤ³ÂÒÂщáËÅÐ$s\"/move farmer 0 1 1/pause 3000/emote Alex 40/faceDirection Alex 0/playMusic spring_day_ambient/speak Alex \"ĉ¹Ť´˗ÒˉÒ¨Ðä̇ã¨Ȥ³ä˴... ĉ¹ǖ§à˕Òã̋Ȥ³ğ§ä§˕Ð @ ĉ¹äˑÍÂÒ¡ä˴ ¤ÇÒÁàʫ¹ã¨ÍÐäÃËÃÍ¡¹Ð$s#$b#˶ÒËÒ¡¨ÐËÒàҳÍ§Ƥæ Ī¡àҳÍ§ã¹ʺÇ§àÇÅÒԹ¹ ι¹ǴÍġ¹ŇÒã̋ĉ¹ àˢÁàáʂ§ä§˕Ð\"/pause 500/faceDirection farmer 2/pause 500/speak Alex \"µÍ¹׉... ã̋ĉ¹âªΗĪ¡ËˉÍÂ ˗ÒĔÊׅ¨ÐŇÒÍÐäÃä˴˺Ò§ àҮÍÊàʕ¡˒Ò§ºÒΓƪŤÇ$h\"/faceDirection Alex 1/faceDirection farmer 1/showFrame Alex 26/specificTemporarySprite joshSteak/playSound dwop/pause 500/pause 500/speak Alex \"˞Ò! ɤƊġ¹թÒÅÒÂäËÅãËʽàÅÂ ĉ¹˗Òġ¹¤§ªÍºÊàʕ¡ÁÒ¡ ¾Íæāºчĉ¹ªÍºàÅÂ˕Ð$h\"/playSound dogWhining/pause 3000/globalFade/viewport -1000 -1000/end",
        "didntHear": "pause 400/pause 100/faceDirection Alex 1/speak Alex \"â̍... ĉ¹ıÒĥ§ȤÂāº ĔÊׅÍԒˉÐ #$b#¾Ç¡àÃÒ˅Ò§ƱÍÐäÃ àËȑÍ¹ā¹ÁÒ¡àÅÂ$s\"/faceDirection Alex 2/pause 1000/showFrame Alex 27/pause 600/playMusic desolate/emote Alex 28/speak Alex \"»¡ŵĉ¹ äˑÍÂÒ¡¨Ðɮ´ǖ§ġ¹ ËÃÍ¡¹Ð... á˅àÃÒàʛ¹àҮÍ¹ā¹ ÁÒĪ¡Ğ¡ÅÐ áÅÐŤ´˗Òĉ¹àҚÍã¨Ȥ³ä˴$s\"/pause 1000/faceDirection Alex 0/pause 500/speak Alex \"à¤ÂÊ§ĪÂ˺Ò§äËÁ˗Ò ŇÒäÁĉ¹ǖ§˵Í§ÍԒāº Ȥ³µÒȤ³ÂÒÂ$s#$b#ˎÍĉ¹ˉÐ à¢Òäˑãʺ¤¹Ƥ ÍÐäÃËÃÍ¡... à¢Ò... à˝Í ŇÒÅÒÂȷ¡Ъ§ȷ¡Í˒Ò§ ŚÒËģºáˑáÅÐĉ¹$a#$b#àÇÅÒ¤҃§Ǚ§ à¢Ò¨ÐËÒÂĕÇä»... áÅÐƽ¡¤҃§ à¢Ò¨ÐҤÁµÅÍ´Է§Ǵ¹ á̅Ç¾ϳÒºÍ¡ĉ¹˗Ò àʛ¹¤¹ä̃ʴÒäˑƱħ¹ ŇÒÍÐäÃŚÒàʣ¨ËÃÍ¡$a#$b#ĉ¹˗Òà¢Ò¤§à¡ƵÂ´ чĉ¹Ģ§àʔ¡ÍԒ... ¢ÁҒ¹чĕÇàÍ§ »˕ÍÂ»ÅÐàÇÅÒʺÇ§ħÂËәÁ ¢Í§à¢Òä»āº¡ÒÃ äˑŇÒÍÐäÃàÅÂ áÅÐä»äˑǖ§ĝ¹àÅÂ Ī¡Í˒Ò§ã¹ƚƇµ$a\"/faceDirection Alex 1/speak Alex \"à˝Í... ι¹ǴÍЪ§чĉ¹Ť´ àÍÒ˝Ð¹Ð ã¤Ã¨Ðä»ړÅÐ˗Ò à¢ÒıÒĥ§Ť´ÍÐäÃ$a\"/pause 800/speak Alex \"ħ¹Ëѹ§à¢Òʁ¨Ò¡ä» ¨Ò¡Թ¹äˑ¹Ò¹ áˑʁˋÇÂá̅Çʁ¨Ò¡ä» ĉ¹äˑƱ·Ò§àȕÍ¡ àÅÂ˵Í§ÁÒÍԒāº Ȥ³µÒȤ³ÂÒÂщáËÅÐ$s\"/move farmer 0 1 1/pause 3000/emote Alex 40/faceDirection Alex 0/playMusic spring_day_ambient/pause 500/faceDirection farmer 2/pause 500/speak Alex \"ړÍÐäÃäËÁ ġ¹ä̃ÊÒÃÐ ч¨Ðã˚ã¨āºàҳÍ§׉... ĉ¹äˑÍÂÒ¡ä˴¤ÇÒÁàʫ¹ã¨ ¨Ò¡ã¤ÃËÃÍ¡¹Ð#$b#Ȥ³˵Í§ÁÍ§ã¹áʷƤƊ... á́ħÂàʔ¡¢Í§ĉ¹ ¨ÐäˑʴÍÂƤʁµÒÁ á˅ġ¹ʁŇÒã̋ĉ¹àˢÁáʂ§ ĉ¹ĸÒàʛ¹˵Í§àˢÁáʂ§\"/pause 1000/speak Alex \"àÍÒ˕Ð ã̋ĉ¹âªΗĪ¡ËˉÍÂ˗Ò ĔÊׅŇÒÍÐäÃàҮÍ Êàʕ¡ºÒΓƪŤÇä˴˺Ò§$h\"/faceDirection Alex 1/faceDirection farmer 1/showFrame Alex 26/specificTemporarySprite joshSteak/playSound dwop/pause 500/pause 500/speak Alex \"˞Ò! ɤƊġ¹թÒÅÒÂäËÅãËʽàÅÂ ĉ¹˗Òġ¹¤§ªÍºÊàʕ¡ÁÒ¡ ¾Íæāºчĉ¹ªÍºàÅÂ˕Ð$h\"/playSound dogWhining/pause 3000/end",
        "34/f Penny 500/t 900 1400/w sunny": "50s/49 64/farmer 43 64 1 Penny 59 69 1 George 49 64 0 Gus 37 70 3 Abigail -100 -100 2/skippable/pause 700/emote George 28/pause 500/speak George \"*¶Í¹ËÒÂã¨*... ÍԒǥ¡¢¹Ò´Թ¹ ĉ¹¨ÐËƂºġ¹Ģ§ä§˕ÐàщÂ?$s\"/move Penny -3 0 0/move Penny 0 -5 3/move Penny -3 0 3/emote Penny 16/pause 300/speed Penny 4/move Penny -3 0 3/faceDirection George 1/pause 400/showFrame Penny 20/pause 400/speak Penny \"̍Ð ã̋ĉ¹ʺÇÂ¹Ð¤Ð Ȥ³ɁÅà¹ÍΓ!\"/pause 400/speed Penny 2/move Penny 0 1 3/move Penny -2 0 0/move Penny 0 -1 1/positionOffset Penny 2 0/pause 50/showFrame Penny 5/positionOffset Penny 2 0/pause 50/showFrame Penny 4/positionOffset Penny 2 0/pause 50/showFrame Penny 5/positionOffset Penny 2 0/pause 50/showFrame Penny 4/showFrame Penny 21/move George 1 0 1 true/emote George 16/positionOffset Penny 2 0/pause 50/showFrame Penny 22/positionOffset Penny 2 0/pause 50/faceDirection Penny 1/move Penny 1 0 1/pause 400/faceDirection Penny 0/playSound openBox/pause 600/faceDirection George 3/faceDirection Penny 1/speak Penny \"щʴÐ!$h\"/pause 300/emote George 12/speak George \"ҎÁ ĉ¹ËƂºġ¹àÍ§ä˴ˉÒ! áÅÐĉ¹ʁ¢ĢºàÍ§ä˴!$u#$b#щà¸ÍŤ´˗Ò ĉ¹àʛ¹ʷÍÂǣä§?\"/move farmer 5 0 1/pause 200/faceDirection George 3/emote George 8/faceDirection Penny 3/speak Penny \"$q 71 null#@? Ȥ³ɤ¾Ç¡àÃÒÍԒàËÃÍ?#$r 71 50 event_mail1#ãʺ áÅÐà¸ÍʁƱթÒã¨ÁÒ¡àÅÂ à¾¹Ʃ#$r 71 -50 event_mail2#à¸Í¤ÇÃ¨Ð¶ÒÁʱÍ¹¹Ð ˗Òà¢ÒÍÂÒ¡ã̋ʺÇÂՁÂ àʫ¹äËÁ à¸ÍŇÒà¢ÒËȧ´Ëŧ´ˉÐ#$r 71 0 event_mail3#à»˕ÒËÃÍ¡ áʴàŴ¹à˕¹ˌÒ¹ÁÒˉÐ äˑä˴Ê¹ã¨àҳÍ§¢Í§ã¤Ã\"/pause 400/faceDirection George 2/pause 800/showFrame George 16/pause 500/emote George 28/pause 1000/faceDirection Penny 1/speak George \"*¶Í¹ËÒÂã¨*...äˑËÃÍ¡ äˑãʺáººԹ¹... ĉ¹¢Íâ·Éá̅Çā¹ ч˗Òà¸Íàš¹ä»$s\"/pause 500/faceDirection George 3/pause 400/speak George \"à¸ÍƱթÒã¨ÁÒ¡¨ƃ§æ чʺÇÂĉ¹ˉÐ\"/pause 400/speak Penny \"äˑàʛ¹äÃʴÐ Ȥ³ɁÅà¹ÍΓ ĉ¹àˢÒã¨ʴÐ\"/warp Abigail 44 1/pause 500/move Abigail 0 8 2 true/move George 7 0 0 false/pause 550/move Abigail -18 0 2 true/warp George -1 -1/playSound doorClose/pause 600/emote Penny 28/pause 700/faceDirection Penny 3/playMusic spring_day_ambient/pause 600/speak Penny \"$q -1 null#ȝÁ.. Т§áʱĕÇä» ʁТ§ã˪ƚƇµŕÒºÒ¡ע¹ Ɗ¹Ð¤Ð...$u#$r -1 0 event_old1#ĉ¹¨Ð äˑŤ´ǖ§ġ¹Ƥ¡˗Ò#$r -1 0 event_old2#ʁàʛ¹ƽ¡ʺÇ§Ëѹ§ ¢Í§ƚƇµι¹˕Ð¹Ð#$r -1 0 event_old3#àÃÒǈ§˵Í§ã̋¤ÇÒÁà¤ÒÃ¾ āºڌÍÒɇâÊä§˕Ð#$r -1 0 event_old4#ĉ¹¤§¨Ð äˑÍԒǖ§áʱËÃÍ¡...\"/pause 500/emote Penny 40/faceDirection Penny 2/pause 500/faceDirection Penny 3/speak Penny \"Ȥ³щɮ´ÍÐäÃ ä˴ˉÒÊ¹ã¨Ƥ¹Ð @ µÍ¹׉ ĉ¹¤§˵Í§ä»á̅Ç˕ÐʴÐ$u\"/showFrame Penny 20/pause 500/showFrame Penny 12/pause 900/move Penny 6 0 2 true/globalFade/viewport -1000 -1000/end",
        "45/f Sam 1500/t 1200 1600/w sunny": "breezy/-1000 -1000/farmer 20 93 3 Sam 12 90 2 Lewis 28 78 1/skippable/showFrame Sam 25/move Lewis 0 12 3 true/viewport 22 89 true/specificTemporarySprite samSkate1/null/pause 400/faceDirection farmer 1/showFrame Lewis 24/shake Lewis 8000/jump Lewis/showFrame Sam 35/specificTemporarySprite skateboardFly/jump Sam/pause 1000/speak Lewis \"à̎! щà¸ÍŤ´¨ÐŇÒÍÐäÃ? ι¹ġ¹·ģ¾ΒƊ¹ ˚Ç¹Ⱥ¤¤Å¹Ð!$4\"/textAboveHead Lewis \"á«Á!\"/pause 500/speak Sam \"à˝Í...˝ÒÒ ¼ ¼Á¢Íâ·É¤ģºˇÒ¹$8\"/showFrame Sam 4/emote Lewis 12/showFrame Lewis 12/pause 800/speak Lewis \"à̎Í... àʔ¡ÊġÂ׉... ºÒ§¤Ճ§ʁÊ§ĪÂ˗Òàʛ¹ à¤ÃÒÐΛ¡ÃÃÁ¢Í§àȑÍ§׉ ËȓÍà»˕Ò¹Ð$u\"/move farmer 0 -2 1/move farmer 6 0 1/faceDirection Sam 2/pause 500/move Lewis 0 1 3/speak Lewis \"Ȥ³àʫ¹Ъ§чàš´ע¹щ @ Ť´˗ÒĢ§ä§˺Ò§ÅÐ?\"/pause 600/question null \"#ˇÒ¹ɮ´ɦ¡á̅Ç á«Á äˑ¤ÇÃӢ§āº ¢Í§˚Ç¹ĕÇ¤¹ҽ¹ #Í˒Òâ·Éá«ÁàÅÂ ʁà¢ÒäˑƱчҽ¹ã̋à˕¹#ĉ¹äˑӢ§¨ÐƤ¡˗Ò\"/pause 500/splitSpeak Sam \"ʁä˴! ¼Á¨Ðäˑà˕¹Êà¡µºÍΓ´ ä»µÅÍ´ƚƇµàÅÂ ¾Íã¨ËȓÍĢ§?$a~ɦ¡à¼§! ˶ÒƱÊÇ¹ÊÒ¸ÒÃ³Ð ÍԒã¹àȑÍ§׉ÅÐʁ ¼ÁÁ¤§ä»à˕¹ġ¹чι¹ á̅Çȷ¡¤¹¤§Ʊ¤ÇÒÁɊ¢ ҎÁ ʁä˴$a\"/faceDirection Lewis 2/emote Lewis 12/splitSpeak Lewis \"à¸ÍıÒĥ§ˡÒÇ̃ÒÇ¹Ðá«Á ĉ¹äˑƱě­ËÒāº¡ÒÃ чà¸Íà˕¹ä»ÃÍºàȑÍ§ËÃÍ¡ áʴÍ˒ÒŇÒˢÒÇ¢Í§Ğ§! ʁáʴԹ¹àÍ§ ~ҎÁÁÁ ĉ¹Ť´˗Òà¸Í¨Ðàʛ¹ڌãËʽ ÁÒ¡¡˗Ò׉«Ðƽ¡ @$4~¤Ճ§׉ĉ¹¨Ð »˕ÍÂˌÒ¹ä»ÅÐā¹ á«Á á˅¤ÃÒÇË˹Ò¤ÃÒÇËĥ§ Í˒ÒŇÒáºº׉ƽ¡¹Ð\"/faceDirection Lewis 3/splitSpeak Lewis \"àˢÒã¨äËÁ?~á«Á... ĉ¹¢Íâ·ÉчµÐâ¡¹ã˚¹ÒÂ áʴÍ˒ÒŇÒˢÒÇ¢Í§Ğ§ʁá̅Çā¹ àˢÒã¨? àˢÒã¨äËÁ?\"/faceDirection Sam 1/pause 800/faceDirection Sam 0/emote Sam 28/pause 500/faceDirection Sam 1/speak Sam \"¤ģº¼Á$7\"/pause 600/move Lewis 0 -16 0 true/pause 800/faceDirection Sam 2/pause 800/speak Sam \"Ȥ³àʫ¹ˇÒι¹äËÁ Ť´˗Òä§? à͈§ä»àÅÂãʺˋÒÇ$u\"/faceDirection farmer 0/emote farmer 16/pause 800/end",
        "53/e 55/t 1500 1700": "none/-100 -100/farmer 28 57 1 Evelyn 37 58 3 Gus 30 56 2 Pam 31 56 2 Vincent 27 55 2 Jas 26 55 2 George 37 59 3 Leah 32 61 1 Shane 34 61 3 Robin 27 61 1 Demetrius 28 61 3 Emily 30 58 2 Clint 31 59 3 Harvey 34 57 2 Lewis 35 59 3 Marnie 35 58 3 Elliott 31 63 3 Maru 33 57 2 Sebastian 35 62 1 Abigail 35 63 1 Sam 36 61 2 Penny 37 62 3 Pierre 32 65 1 Caroline 33 65 3 Linus 28 64 1 Haley 28 59 1 Alex 28 58 1/specificTemporarySprite leahShow/skippable/animate LeahEx false true 100 4 5/viewport 33 60 true/move farmer 1 0 1/faceDirection Sebastian 2 true/faceDirection Alex 0 true/move farmer 1 0 1/faceDirection Sebastian 1 true/faceDirection Maru 3 true/move farmer 2 0 1/faceDirection Alex 1 true/faceDirection Maru 2 true/move farmer 0 1 2/faceDirection Shane 0 true/faceDirection Emily 2 true/move farmer 0 1 2/faceDirection Shane 3 true/move farmer 0 1 2/faceDirection Emily 0/move Shane 1 0 2/faceDirection Leah 0/speak Leah \"@! à¸ÍʁÁÒ˴ÇÂ!$h#$b#âÍà¤ԧ¹... ĉ¹¤§˵Í§á¹ÐŉÒ¼Å§Ò¹ ¢Í§ĉ¹Ɗ¹Ð ÍÇÂ¾Ãã̋ĉ¹˴ÇÂ!$l\"/pause 300/faceDirection Leah 2/pause 800/faceDirection Leah 1/faceDirection Leah 2/faceDirection Leah 3/faceDirection Leah 2/speak Leah \"ȝÁÁ... âÍà¤ȷ¡¤¹!\"/faceDirection Sebastian 3 true/faceDirection Emily 1/faceDirection Demetrius 1 true/faceDirection Elliott 0/faceDirection Pierre 0 true/faceDirection Caroline 0 true/faceDirection Shane 3/faceDirection Sam 3 true/faceDirection Abigail 3/speak Leah \"¢ÍºȤ³чÁÒ§Ò¹ áÊ´§ƈÅ»Ð ¢Í§ĉ¹¹Ð$l\"/faceDirection Leah 1/speak Leah \"ºÒ§¤¹¤§¨Ðړá̅Ç¹Ð ĉ¹ÁÒчщàҮÍËÒ áÃ§Ě¹´ÒÅã¨ ã¹¡ÒÃÇÒ´ɳ»ƇÇÊÇÂæˉÐ\"/faceDirection Leah 3/speak Leah \"µÍ¹׉чщ àËȑÍ¹˺Ò¹¢Í§ĉ¹á̅Ç$h#$b#âÍà¤ԧ¹ĉ¹ ¨Ðá¹ÐŉÒ¼Å§Ò¹ á¡ÐÊĥ¡¢Í§ĉ¹ àÅÂá̅Çā¹\"/playMusic jaunty/move Leah -3 0 0/faceDirection farmer 3 true/faceDirection Marnie 3 true/faceDirection Linus 0 true/faceDirection Emily 3 true/faceDirection Demetrius 0/move Leah 0 -1 0/speak Leah \"ĉ¹Ģ§äˑä˴Ե§ҚÍã̋à¸ÍàÅÂ ƧáÃ¡à¸Íàʛ¹àƮÂ§ áººī´á¡ÐÊĥ¡ ˓Ò§¡ÒÂÁȹÉΒˉÐ á˅Ɋ´˷ÒÂĉ¹ʁ á¡Ðà¸ÍáººàʕÁĕÇ #$b#ÍÒÃÁ΃¢Í§à¸Í ɦ¡ŇÒã̋ıÒ¡ÇÁâ´ÂԵ§ã¨... à¸ÍıÒĥ§àŢ¹ ıÒĥ§¢ºĂ¹ ËȓÍıÒĥ§àʈº»Ç´? ĉ¹¨Ðã̋Ȥ³ĕ´Ɗ¹ã¨ àÍÒàÍ§á̅Çā¹¹Ð\"/pause 1500/move Leah 0 1 2/faceDirection Demetrius 2 true/faceDirection Haley 2 true/faceDirection farmer 2/faceDirection Emily 2 true/faceDirection Clint 2 true/pause 500/speak Leah \"˚Ç¹ĭ¹׉ 'â¾Êä´àÁ¹Ċ¹¹ÍÅęÅÊà»«' ġ¹ǴÍĕÇá·¹¢Í§¢Íºà¢µ Ũ¹µ¹Ò¡ÒÃ¢Í§ÁȹÉΒ$u#$b#Է§ɳ»˓Ò§ áÅÐƺ ĉ¹Ǚ¡ä˴ã¹¢³Ðч ıÒĥ§ÍԒã¹Àħ§ʹ\"/pause 1500/move Leah 3 0 2/faceDirection Linus 1 true/faceDirection Demetrius 1 true/move Leah 0 1 1/faceDirection Haley 1/speak Leah \"ĉ¹àƳÂ¡à˨Òщ˗Ò 'īÇäʲ' ĉ¹ÍÂÒ¡¨ÐỄÒ§ɳ»Ի¹ чƱ¡ƃÂÒ¤̅ÒÂЪ§ƱƚƇµ áÅÐƱɳ»˓Ò§¤̅ÒÂÁȹÉΒ àҮÍà˕¹āº¤ÇÒÁÊÒÁÒÃ¶ ¢Í§ڌªÁã¹¡ÒÃáÂ¡ĕÇµ¹ ·Ò§¡ÒÂÀÒ¾āº ¤ÇÒÁàʛ¹ÁȹÉΒчá˷¨ƃ§ʴÐ \"/pause 1500/move Leah 0 -1 0/pause 300/faceDirection Leah 2/speak Leah \"áÅÐ֊¹Ɋ´˷ÒÂàƳÂ¡˗Ò '§Ò¹á¡ÐÊĥ¡ä́ 3' àҮÍàʛ¹¡ÒÃ©ÅÍ§ã̋āº ħµȶŴºчĉ¹ªÍºã˪ ÁÒ¡чɊ´ ι¹ʁǴÍ... ä́ ʴÐ\"/faceDirection Leah 3/faceDirection Leah 1/faceDirection Leah 2/speak Leah \"áÅÐщǴÍ §Ò¹á¡ÐÊĥ¡ ¢Í§ĉ¹ʴÐ!$l#$b#â̍! Í˒Ò§Ɋ´˷ÒÂ\"/faceDirection Leah 0/speak Leah \"ĉ¹ÍÂÒ¡¨Ð¢ÍºȤ³ àҮÍ¹¤¹žàÈÉ¢Í§ĉ¹ @#$b#à¢Òàʛ¹¤¹ã̋äÍàƤÂĉ¹ à¢ÒÁÍº¤ÇÒÁ¡̅Òã̋ ĉ¹ŇÒµÒÁġ¹ä˴ŚÒàʣ¨ ġ¹ÍÒ¨¨Ðğ§ɤàѕÂ¹æ á˅ġ¹àʛ¹àҳÍ§¨ƃ§^à¸Íàʛ¹¤¹ã̋äÍàƤÂĉ¹ à¸ÍÁÍº¤ÇÒÁ¡̅Òã̋ĉ¹ ŇÒã̋ĉ¹ŇÒµÒÁġ¹ä˴ŚÒàʣ¨ ġ¹ÍÒ¨¨Ðğ§ɤàѕÂ¹æ á˅ġ¹àʛ¹àҳÍ§¨ƃ§\"/faceDirection Emily 1/faceDirection Shane 3 true/faceDirection Haley 1/faceDirection Elliott 3/pause 400/speak Lewis \"ĉ¹ɰƁã¨ã¹ĕÇà¸ÍÁÒ¡ƵÍÒ! §Ò¹áºº׉ŇÒã̋àȑÍ§àÃÒ ɤƱƚƇµƚÇÒע¹!$h\"/pause 100/textAboveHead Gus \"¢Í§à¢ÒƤ¨ƃ§æ!\"/faceDirection Leah 3/speak Demetrius \"ĉ¹ªÍº§Ò¹à¸ÍˉÐƵÍÒ! 'â¾Êä´àÁ¹Ċ¹¹ÍÅęÅÊà»«' àʛ¹֊¹â»Ã´ĉ¹àÅÂ$h\"/textAboveHead Robin \"àђÂÁàÅÂã˪ä́˴ÇÂ!\"/speak Penny \"¢ÍºȤ³чŇÒ¹Ð!$h\"/faceDirection Leah 1/emote Leah 32/faceDirection Leah 2/speak Leah \"¢ÍºȤ³ȷ¡¤¹ÁÒ¡!$h\"/faceDirection Leah 0/emote Leah 20/pause 500/speak Lewis \"àÍÒ˕ÐÁÒàУÁ »ÃÐɱÅ¼Å§Ò¹ чÂÍ´àђÂÁàË˕Ò׉ā¹... ġ¹˵Í§ŇÒã̋˺Ò¹Ȥ³ ɤƤע¹áˉ!$h#$b#¼Áä˴Ƃ¹˗Ò 5000g ŚÒËģº֊¹ƺªÁɮ ¨Ò¡ˇÒ¹äË¹¤ģº?\"/jump Demetrius/mail afterArtShow/viewport move 2 0 8000/pause 5000/globalFade/viewport -1000 -1000/end dialogue Leah \"̇ÒÇ! àËҩÍÂĈ§#$b#âªΗ¢Í§ĉ¹ »ÃÐÊº¤ÇÒÁŚÒàʣ¨ ¨ƃ§æ àÅÂãʺՁÂ?$h\"",
        "639373/f Lewis 1500/f Marnie 1500/t 1900 2300/w sunny": "nightTime/68 84/farmer 65 79 1 Lewis 69 83 1 Marnie 69 84 0/skippable/pause 500/faceDirection Lewis 2/pause 200/emote Lewis 28/speak Lewis \"ÁÒƩ...äˑä˴¹Ð˶Ò àš´Ʊã¤Ãړ˕Ðʁ ¤ÇÒÁˉÒàҚÍȆÍ ã¹ŅÒáËˉ§¢Í§ĉ¹ ã¹ÊÒÂµÒªÒÇàȑÍ§ÍÒ¨¨Ðɦ¡ κ¹·Í¹ä˴¹Ð$s\"/pause 300/faceDirection Marnie 1/emote Marnie 12/speak Lewis \"à¸ÍàˢÒã¨...ãʺäËÁ?$s\"/pause 1000/speak Marnie \"à¸Í˛Ç§àҳÍ§§Ò¹ ÁÒ¡ä»á̅Ç¹Ð àÅƇÊ ƚƇµġ¹Ģ§ƱÍ˒Ò§ҽ¹ƽ¡¹Ð ړäËÁ$u\"/faceDirection Marnie 2/pause 500/speak Marnie \"...á˅ ãʺ ĉ¹àˢÒã¨ ĉ¹˗ÒàÃÒ¤ÇÃàʁºàҳÍ§... àÃÒ... àʛ¹¤ÇÒÁĥºƊ¹Ð$s\"/pause 600/playSound leafrustle/faceDirection Marnie 3 true/faceDirection Lewis 3 true/showFrame Lewis 24/showFrame Marnie 16/jump Lewis/jump Marnie/shake Lewis 2000/shake Marnie 2000/move farmer 4 0 2/showFrame Lewis 12/showFrame Marnie 12/faceDirection Lewis 0/faceDirection Marnie 0/emote Lewis 16/speak Marnie \"¡Ƴê´´!$4\"/pause 800/speak Lewis \"$q 200 null#@... Ȥ³ä˴Ƃ¹Է§ËÁ´á̅ÇƊ¹Ð ãʺäËÁ?$s#$r 200 50 event_secret1#ãʺ...á˅ĉ¹äˑºÍ¡ã¤ÃËÃÍ¡#$r 201 -100 event_secret2#ãʺ... á̅ÇàҳÍ§׉¨Ðǖ§ɻȷ¡¤¹áˉ\"/pause 800/move Marnie 0 1 2/pause 800/faceDirection Marnie 3/faceDirection farmer 2/speak Marnie \"˗Òá˅ŇÒäÁ ä»ʻÍ¹ĕÇÍԒµÃ§Թ¹ÅÐ?$u\"/faceDirection farmer 2/pause 300/jump farmer/pause 1000/speed farmer 4/move farmer -4 0 3/speed farmer 4/move farmer 0 -2 3/speed farmer 4/move farmer -3 0 3/playSound leafrustle/pause 600/faceDirection Lewis 2/faceDirection Marnie 0/pause 300/emote Lewis 8 true/emote Marnie 8 true/pause 1000/end",
        "101/f Clint 1500/e 97/k 2123243/k 2123343/o Emily/t 900 1830/a 0 90": "jaunty/11 90/farmer 5 90 1 Clint 6 92 1 Emily 15 90 1 Caroline 16 90 3/move farmer 1 0 2/skippable/emote farmer 16/faceDirection Clint 0 true/emote Clint 16/speak Clint \"@!$4#$b#...à¸ÍĈºĉ¹ä˴$s\"/pause 500/move farmer 0 1 2/faceDirection Clint 1/emote Clint 28/pause 500/faceDirection farmer 1/pause 200/faceDirection farmer 2/pause 800/speak Clint \"ĉ¹ÇÒ§á¼¹˗Ò¨Ð ªÇ¹àÍƁƵä»à´·ˉÐ ĉ¹ä»ч˺Ò¹áÅÐȷ¡æ Í˒Ò§àÅÂ... á˅á̅Ç¾Íĉ¹ ä˴Ƃ¹àƺÂ§à¸ÍıÒĥ§ÁÒ ĉ¹ʁâ´´ÁÒËÅº ã¹ӞÁä́щáËÅÐ$s#$b#µÍ¹׉ĉ¹¨ÐÃÍ¨¹¡˗Ò à¸Í¨ÐȤÂāºá¤âÃäÅΉàÊʣ¨ ĉ¹ʁ¨ÐʴÍÂæ áÍº˒Í§¡ĥº˺Ò¹ä˴$s\"/pause 800/emote farmer 12/pause 800/pause 500/faceDirection Clint 0/speak Clint \"˗Òä§¹Ð? Ȥ³¨ÐäˑÂÍÁÁÒ ĭ¾à¡Ã´ɍ»¡Ã΃ āº¼Áƽ¡ ˶Ò¼ÁäˑªÇ¹à¸Íà´·àщÂ¹Ð?$s\"/faceDirection Clint 1/pause 1500/speak Clint \"Ȥ³ġ¹ƫÈÒ¨Ċ´æ @#$b#*¶Í¹ËÒÂã¨* ...ʁä˴ ĉ¹¨ÐŇÒ$s\"/pause 600/move farmer 1 0 1/move Clint 0 -2 1/speak Clint \"ĉ¹˵Í§ĸÒĴÒá¹ÐŉÒч @ á¹ÐŉÒĉ¹ч«Òɵ¹ã̋ä˴\"/move Clint 8 0 1/stopMusic/pause 500/speak Clint \"àЭÁ...àÍƁƵ?\"/pause 800/faceDirection Emily 3/pause 800/faceDirection Emily 1/speak Emily \"â·ÉƧ¹Ðá¤âÃäÅΉ ĉ¹¢ÍàÇÅÒà݋ÂÇǙ§¹Ð̘Ð?\"/pause 500/move Caroline 7 0 0/faceDirection Emily 3/pause 400/speak Emily \"̘Ð ¤ƅ¹·?\"/pause 500/faceDirection Clint 2/pause 400/faceDirection Clint 1/speak Clint \"¼ÁáʴÊ§ĪÂ˗ÒȤ³¨Ð...»...ä»...ä»àчÂÇāº¼Áħ¹¾Ð...¾ӣ§׉ä˴ՁÂ... *àȞÍ¡*$4\"/pause 200/faceDirection Clint 3/pause 300/emote Emily 8/pause 300/faceDirection Clint 1/pause 500/jump Clint/pause 800/speak Clint \"¼ÁƱݘÇÊÍ§ãºŚÒËģº §Ò¹à·È¡ÒÅá¡ÃÁàžÅĕ¹ ħ¹¾ӣ§׉¤ģº »...ä»āº¼Á¹Ð?$4\"/jump Emily/pause 800/emote Emily 16/pause 400/playMusic musicboxsong/speak Emily \"áˉ¹Í¹˨Ð ¤ƅ¹·! ğ§ɤˉÒÊȹ¡Ĉ§!$h\"/pause 800/speak Clint \"¨ƃ§¹Ð? âÍà¤! ԧ¹¾ӣ§׉̋ÒâÁ§¹Ð ¼Á¨ÐÁÒģºȤ³$h\"/speak Emily \"âÍà¤˨Ò! à¨Íā¹¾ӣ§׉¹Ð!\"/move Emily 7 0 1/faceDirection Caroline 3/speed Clint 4/move Clint -7 0 2/faceDirection farmer 0/speak Clint \"àʫ¹ՁÂ?! Ǵ¹¾ӣ§׉ĉ¹¨Ð ä˴ä»à´·á̅Ç!$h\"/pause 500/jump farmer/pause 1000/faceDirection Clint 1/pause 400/faceDirection Clint 2/speak Clint \"â̍Â...àҮÍ¹ ĉ¹ā§ÇÅĈ§$s\"/end dialogue Clint \"¢Íºã¨чĚ§Ąºã̋ĉ¹ªÇ¹¹Ð ʱÍ¹Ë˹Ò׉ĉ¹¡ĥÇʁ¨ƃ§ á˅µÍ¹׉Ƥã¨Ɋ´æ ä»àÅÂ$h\"",
        "233104/f Sam 2500/t 2000 2400/w sunny/n samMessage": "nightTime/-1000 -1000/farmer 5 90 1 Sam 12 87 2 Vincent 8 22 3 Jodi 6 13 0/viewport 10 86 clamp true/skippable/move farmer 7 0 0/move farmer 0 -2 0/pause 500/speak Sam \"Ëħ´Ƥ @#$b#ĉ¹¢ÍȤÂāºà¸Í áºº˚Ç¹ĕÇŹ´Ǚ§¹Ð...\"/faceDirection Sam 1/faceDirection Sam 3/faceDirection Sam 2/shake Sam 1000/speak Sam \"чщġ¹ʴÍ¹ˢÒ§ Ë¹ÒÇ¹Ð˗ÒäËÁ... áÍºàˢÒ̋Í§ĉ¹ā¹äËÁ$u\"/pause 800/move Sam 0 -1 0 true/move farmer 0 -1 0 true/globalFade/viewport -1000 -1000/changeLocation SamHouse/playSound thudStep/pause 500/playSound woodyStep/pause 200/playSound Ship/pause 500/playSound woodyStep/pause 400/playSound Ship/warp farmer 20 18/warp Sam 20 17/viewport 18 14 true/move Sam 0 -3 2 true/move farmer 0 -3 0 false/pause 1000/faceDirection Sam 3/faceDirection Sam 2/speak Sam \"ǴÍ... @$l#$b#ĉ¹ړ˗ÒʺÇ§׉ ĉ¹ɮ´á˅àҳÍ§¢Í§Ç§... á˅ĉ¹äˑÍÂÒ¡ã̋à¸Í Ť´˗Òι¹àʛ¹Ъ§àƤÂÇчĉ¹ Ê¹ã¨¹Ð$l#$b#ȝÁ... à˝Í... чĉ¹˵Í§¡ÒÃ¨ÐºÍ¡ǴÍ...$u#$b#áºº˗Ò ĉ¹Ƥã¨ÁÒ¡àÅÂ¹Ð чàÃÒÊŹ·ā¹ÁÒ¡ע¹... ˝Ò\"/move Jodi 0 2 1 true/emote Sam 40/pause 400/speak Sam \"@... à¸ÍŤ´āºĉ¹áºº... áʴàҮÍ¹ǣà»˕Ò?$l\"/move Jodi 6 0 0/playSound woodyStep/faceDirection Sam 3/playSound woodyStep/showFrame Sam 33/jump Sam/pause 800/speak Jodi \"á«ÁàËÃÍ? áˑ¨ÐàˢÒä»ÅÐ¹Ð!\"/move Sam -1 0 3/speak Sam \"àʣÇàˢÒ! Ƴºä»ʻÍ¹чàƥÂ§!$8\"/speed farmer 4/move farmer 0 -2 1/speed farmer 4/move farmer 2 0 1 true/doAction 12 14/faceDirection Sam 3 true/move Jodi 0 -2 1 false/move Jodi 2 0 1/speak Jodi \"àš´ÍÐäÃע¹̘Ð ɵ¡ģ¡? ɵ¡ıÒĥ§ŇÒЪ§ч... äˑƤÍԒËÃÍ?#$b#áˑŤ´˗Ò áˑä˴Ƃ¹àƺÂ§á»Å¡æ ÁÒ¨Ò¡̋Í§ɵ¡¹Ð...\"/move Sam 0 -1 3/speak Sam \"äˑ¹Ð áˑ! ¼Áʁáʴ... ıÒĥ§Ƈ´خ¹! ¼ÁÍÂÒ¡¨Ðª¹Ðć´ˢÍ āºˎÍã̋ä˴Ī¡ħ¹! ...ˉÐ¤ģº$8\"/emote Jodi 16/pause 300/speak Jodi \"â̍! *ŤŤ*... ι¹ʁÍŸºÒÂä˴˗Ò ŇÒäÁɵ¡ǖ§á´§ä»Է§ĕÇ áÅÐàËҗÍÍÍ¡¢¹Ò´Թ¹$h#$b#âÍà¤ ¢Íã̋âª¤ƤÅÐā¹¹Ð à¨Íā¹µÍ¹à˪Ò¹Ð̘Ð\"/pause 1000/speak Sam \"ÃÒµƳÊħÊڴÎÐ áˑ$u\"/move Jodi -2 0 2/move Jodi 0 2 0/move Jodi -10 0 2 true/faceDirection Sam 1/emote Sam 28/speak Sam \"ڗÇ... àǱÍºä»á̅ÇäËÁ˕Ð\"$h/faceDirection farmer 3/speak Sam \"...@?\"/pause 800/question fork1 \"#Ʌ¡ÍÍ¡¨Ò¡àƥÂ§#ÍԒчàŴÁ\"/fork stayPut/move farmer -2 0 3/pause 600/faceDirection Sam 2/faceDirection Sam 1/speak Sam \"ʱÍ¹Ë˹Ò׉ ǴÍĉ¹¾ÂÒÂÒÁ¨ÐºÍ¡à¸Í˗Ò... ĉ¹ªÍºà¸ÍÁÒ¡ @ ĉ¹Ť´˗Ò àÃÒÊÒÁÒÃ¶ƱÍÐäÃч žàÈÉ¨ƃ§æ˓ÇÁā¹ä˴... àˢÒã¨чĉ¹ɮ´ãʺäËÁ?\"/pause 900/speak Sam \"àÍÒ˕Ð ĉ¹ɮ´¨ºá̅Ç$7\"/resetVariable/emote Sam 40/question fork1 \"#¢ĢºàˢÒã¡̅á«Á ÁÒ¡ע¹#ä»чË˹Ò˅Ò§ \"/fork rejectSam/playMusic musicboxsong/pause 2000/animate farmer true true 150 6 7 6 8/positionOffset farmer -2 0/pause 100/positionOffset farmer -2 0/pause 100/positionOffset farmer -2 0/pause 100/positionOffset farmer -2 0/pause 100/positionOffset farmer -2 0/pause 100/positionOffset farmer -2 0/pause 100/positionOffset farmer -2 0/pause 100/positionOffset farmer -2 0/pause 100/stopAnimation farmer/showFrame Sam 35/pause 1000/showFrame Sam 38 /positionOffset Sam 4 0/animate farmer true true 100 101/pause 3000/speak Sam \"ĉ¹Ť´àбÂÇāº àҳÍ§Ǵ¹׉ÁÒ¹Ò¹á̅Ç...\"/pause 1000/globalFade/viewport -1000 -1000/pause 6000/end dialogue Sam \"...$l\"",
        "611439/j 4/t 800 1300/w sunny/a 0 54/H": "distantBanjo/53 23/farmer 53 31 0 Lewis 53 23 0 Junimo -3000 -3000 2/broadcastEvent/pause 500/addMailReceived ccDoorUnlock/addQuest 26/skippable/move farmer 0 -3 0/emote Lewis 28 true/move farmer 0 -3 0/pause 300/faceDirection Lewis 2/pause 500/speak Lewis \"â̽Ð ÊħÊƤ\"/pause 500/move farmer -1 0 0/move farmer 0 -2 0/faceDirection Lewis 0/pause 600/emote Lewis 40/pause 400/viewport move 0 -1 5000/speak Lewis \"àʫ¹á̅Çġ¹ á·§µÒªÐġ´àÅÂ...$s\"/pause 600/faceDirection Lewis 3/pause 500/faceDirection farmer 1/pause 400/speak Lewis \"чщǴÍ ɸ¹ΒȪÁª¹á˛§àȑÍ§à¾ƅá¡¹... ËȓÍÍ˒Ò§˹ÍÂ ʁàʛ¹Ъ§чàËȕÍÍԒˉÐ¹Ð$s\"/pause 800/faceDirection farmer 0/pause 400/faceDirection Lewis 0/pause 200/speak Lewis \"ġ¹à¤Âàʛ¹¤ÇÒÁɊ¢ áÅÐ¤ÇÒÁÀÒ¤ɰƁã¨ ¢Í§àȑÍ§á˛§׉... чщàʕÁä»˴ÇÂ š¨¡ÃÃÁÁÒ¡ÁÒÂ\"/pause 800/faceDirection Lewis 3/pause 500/speak Lewis \"µÍ¹׉... ɤƊ ˉÒÍÒÂ¨ƃ§æ$s#$b#ȷ¡ħ¹׉ ¤¹ËәÁÊÒÇ˅Ò§àȕÍ¡ ч¨Ðι§ÍԒË˹ÒƧƷ ÁÒ¡¡˗Ò¨ÐÁÒÃÇÁĕÇā¹ ŇÒÍÐäÃāºȪÁª¹\"/pause 800/speak Lewis \"á˅ ğ§ĉ¹ɮ´àˢÒƊ àËȑÍ¹µÒáʱѷÁ¨ƃ§æ àÅÂ$s\"/move Lewis 0 -1 0/speak Lewis \"ºƃĩ·â¨˨Ò ¾ÂÒÂÒÁÁÒ¡´Ĕ¹āºĉ¹ àҮÍ¢Í؛ÍчŴ¹á˛§׉ àҮÍàÍÒä»ỄÒ§àʛ¹ â¡Ĕ§àʁº¢Í§... #$b#àȑÍ§à¾ƅá¡¹ ˵Í§¡ÒÃàŧ¹ʁ¨ƃ§ á˅ƱºÒ§Ъ§ʁËɂ´ĉ¹àÍÒä̇ äˑã̋¢ÒÂчщä»... ¤¹áʱæ Í˒Ò§ĉ¹ ¤§¨ÐâËÂËÒÍÐäÃºÒ§Í˒Ò§ ã¹ÍƤµ˕ÐՁ§... ÍÒΛ ι¹áËÅÐ$s#$b#˶ÒƱã¤ÃĪ¡¤¹Êġ¤Ã àʛ¹ÊÁÒŪ¡¢Í§ºƃĩ·â¨˨Òƽ¡ ĉ¹ʁ¤§˵Í§ӡ§ä»ˢÒ§Ë˹Ò á̅Ç¢ÒÂġ¹¨ƃ§æ àƺÂƧ\"/pause 1000/speak Lewis \"*¶Í¹ËÒÂã¨*... ÁÒƊ àˢÒä»ˢÒ§ã¹ā¹à¶ÍÐ... \"/move Lewis 0 -2 0/pause 300/showFrame Lewis 21/pause 300/showFrame Lewis 20/playSound openBox/pause 500/playSound doorClose/stopAnimation Lewis/warp Lewis -1 -1/move farmer 0 -3 0/playSound doorClose/warp farmer -1 -1/globalFade/viewport -1000 -1000/changeLocation CommunityCenter/warp Lewis 32 15/warp farmer 32 22/playMusic communityCenter/pause 1000/viewport 32 15 true/viewport move 0 -1 5000/move farmer 0 -10 0 true/move Lewis 0 -4 3 true/pause 5000/faceDirection Lewis 3/pause 500/emote Lewis 8/pause 500/speak Lewis \"țÁ? ÍÐäÃ˕ÐàщÂ?... #$b#Ê§ĪÂƇ¹à«¹·āºá¨Ê ¤§˵Í§àˢÒÁÒà˕¹ã¹׉áˉæ \"/faceDirection Lewis 2/speak Lewis \"чщâ·ÃÁä»àÂÍÐÁÒ¡ ¨Ò¡чĉ¹à¤ÂĸÒä˴\"/pause 500/temporarySprite 29 8 5 8 50 false 1/warp Junimo 29 8/animate Junimo true true 70 28 29 30 31/playSound coin/pause 400/jump farmer/pause 500/emote Lewis 8/pause 800/speak Lewis \"ÍÐäÃǣ?\"/pause 500/warp Junimo -1 -1/temporarySprite 29 8 6 8 30 false 1/stopAnimation Junimo/playSound dwop/faceDirection Lewis 0/pause 1000/faceDirection Lewis 1/pause 400/faceDirection Lewis 3/pause 800/faceDirection Lewis 2/pause 600/speak Lewis \"àʛ¹ÍÐäÃä»? à¸ÍäˑÊºÒÂàËÃÍ?$s\"/speed farmer 4/move farmer -2 0 0/speed farmer 4/move farmer 0 -1 0/faceDirection Lewis 3/pause 400/faceDirection farmer 2/pause 500/showFrame 96/pause 600/move Lewis 0 1 3/move Lewis -2 0 0/showFrame farmer 0/speak Lewis \"à¸Íàʫ¹ÍÐäÃԧ¹ǣ? ȝÁ... ĉ¹˗Òäˑá»Å¡ËÃÍ¡ ˶Òчщ¨ÐàʕÁä»˴ÇÂ ËɩˉÐ$h\"/pause 500/temporarySprite 31 14 5 8 50 false 1/warp Junimo 31 14/animate Junimo true true 100 12 13 14 15/playSound coin/pause 400/speed farmer 4/move farmer 1 0 2/jump farmer/startJittering/showFrame 94/pause 1600/playSound dwop/temporarySprite 31 14 6 8 50 false 1/warp Junimo -1 -1/faceDirection Lewis 2/pause 1000/showFrame farmer 0/stopJittering/emote Lewis 40/animate Lewis true false 100 18/pause 900/stopAnimation Lewis/move Lewis 1 0 0/faceDirection Lewis 0/pause 500/speak Lewis \"à¸ÍıÒĥ§ŇÒã̋ĉ¹ā§ÇÅ¹Ð @...$s\"/pause 700/speak Lewis \"àÍÒ˕Ð ĉ¹˗Ò ĉ¹¨Ð¡ĥº˺Ò¹˕Ð ĉ¹àУÁƋÇ«Ðá̅Ç\"/pause 500/showFrame 96/move Lewis 0 3 2/pause 500/faceDirection Lewis 0/pause 500/showFrame 0/speak Lewis \"à̎ ¨Ò¡׉ä» ĉ¹¤§¨ÐàŻ´чщä̇µÅÍ´... ºÒ§Ƨà¸ÍÍÒ¨¨ÐÁÒʺÇÂ Ĉ´¡ÒÃËɩã¹׉ËˉÍÂ ˶ÒƱàÇÅÒ˗Ò§ˉÐ¹Ð\"/pause 600/move Lewis 1 0 2/move Lewis 0 5 2 true/globalFade/viewport -1000 -1000/pause 500/message \"á»Å¡Ĉ§...\"/pause 500/message \"ä̇ĉ¹¨Ð¡ĥºÁÒŚÒÃÇ¨ чщàОÁàŵÁƧËĥ§ \"/pause 800/changeLocation Town/warp farmer 52 20/pause 800/end position 52 20",
        "191393/Hn ccFishTank/Hn ccBulletin/Hn ccPantry/Hn ccVault/Hn ccBoilerRoom/Hn ccCraftsRoom/Hl jojaFishTank/Hl jojaPantry/Hl jojaVault/Hl jojaBoilerRoom/Hl jojaCraftsRoom/Hl JojaMember/w sunny/H": "junimoStarSong/-1000 -1000/farmer -100 -100 0 Evelyn 56 21 0 Lewis 52 33 0 Morris -2000 -2000 0 Jas 62 16 2 Vincent 46 23 1 Emily -2000 -2000 0 Gus -2000 -2000 0 Caroline -2000 -2000 2 Robin -2000 -2000 2 Demetrius -2000 -2000 0 Clint -2000 -2000 0 Pierre -2000 -2000 1 Jodi -2000 -2000 3 Gunther -2000 -2000 0 Willy -2000 -2000 0 Pam -2000 -2000 3 George -2000 -2000 2/broadcastEvent/addConversationTopic cc_Complete/specificTemporarySprite ccCelebration/animate Jas false true 90 16 17 18 19/animate Evelyn true false 500 17 18 17 19 19 19 19/viewport 53 25 true/viewport move 0 -1 8000/move Vincent 1 0 2/move Vincent 0 1 1/move Lewis 0 -9 0 true/move Vincent 8 0 0 false/pause 1000/skippable/jump Vincent/pause 1000/speed Vincent 4/move Vincent 0 15 0/pause 3000/globalFade/viewport -1000 -1000/warp Lewis 32 22/warp Jas -2000 -2000/warp Evelyn -2000 -2000/warp Vincent -2000 -2000/warp Gunther 24 17/warp Gus 5 5 0/advancedMove Gus true -2 0 4 2000 4 0 4 3000 -2 0 4 2000/warp Pam 8 9/advancedMove Pam true 3 5000 1 0 0 -4 -1 0 4 1000 1 0 0 4 -1 0/warp Emily 16 19/advancedMove Emily true 2 0 2 8000 -2 0 4 3000/warp Pierre 23 10/warp Caroline 24 9/warp Jodi 25 10/warp Willy 40 10/advancedMove Willy true 2 0 4 3000 -3 0 4 3000 1 0 4 3000/warp George 42 18/warp Robin 10 25/advancedMove Robin false 1 0 2 2000 0 -13 16 0 0 -3/warp Clint 46 13/advancedMove Clint false -1 0 4 14000 10 0 0 6 7 0 0 -5/warp Demetrius 47 5/changeLocation CommunityCenter/viewport 7 10 true/viewport move 2 0 21500/pause 6000/move Lewis 0 -12 2/pause 10000/globalFade/viewport -1000 -1000/warp farmer 32 20/move farmer 0 -9 0 true/viewport 32 10 true/pause 5000/speak Lewis \"ĉ¹äˑáˉã¨˗Òà¸ÍŇÒä˴Ģ§ä§ @... á˅ɸ¹ΒȪÁª¹äˑà¤ÂɤƤ áºº׉ÁÒʱÍ¹àÅÂ!$h#$b#à¸Íä˴ºƃ¡ÒÃàȑÍ§à¾ƅá¡¹ Í˒Ò§Т§ãËʽàƚÂÇÅÐ ȷ¡¤¹ã¹àȑÍ§ړǪ¡¾Íã¨ÁÒ¡$h\"/pause 800/emote Lewis 32/pause 1000/speak Lewis \"á̅ÇʁàҮÍàʛ¹¡ÒÃáÊ´§ '¤ÇÒÁ¢ÍºȤ³' ĉ¹¨ÐÁÍºЪ§ч ƱàƑÂÃŵчɊ´ã¹àȑÍ§... ÃÒ§ħÅƷÃȺɃÉÊµÒΓŴÇ à¸ÍÊÁ¤ÇÃä˴ģºġ¹á̅Ç!$h\"/pause 1000/awardFestivalPrize hero/null/itemAboveHead hero/null/pause 1000/faceDirection farmer 0/playMusic none/message \"àƺÂ§: ǇÁǇÁ... ǇÁćÁ...\"/pause 500/textAboveHead Lewis \"ã¤ÃˉÐ?\"/faceDirection farmer 2 true/move Lewis 1 0 2/move Lewis 0 1 2/pause 500/speak Morris \"ÂÍ´¢ÒÂÅ´Å§! ɵ¡ˤÒàÃÒËÒÂä»äË¹ā¹ËÁ´?$u\"/playSound doorClose/warp Morris 32 23/textAboveHead Lewis \"˝Ò..ÁÍΓƃÊ\"/move Morris 0 -9 2/pause 500/faceDirection Morris 1/pause 500/playSound dwop/faceDirection Morris 0 true/pause 50/faceDirection Morris 3/pause 500/showFrame Morris 19/shake Morris 1000/textAboveHead Morris \"ÍÐ..äÃ?!\"/pause 500/speak Morris \"ɵ¡ˤÒ¢Í§ĉ¹ ÁÒÍԒчщ... ā¹ËÁ´?!?$s#$b#áºº׉äˑƤàÅÂ...$s\"/move Pierre 0 4 1/textAboveHead Pierre \"ړǪ¡Ģ§ä§˺Ò§˕Ð?\"/move Pierre 4 0 1/move Pierre 4 0 1/question fork1 \"#ã˪àËȵã˪¼Åā¹Ƥ¡˗Ò¹Ð#ÁÒĈ´¡ÒÃàҳÍ§׉˴ÇÂƇƨ ¤ÊÒÊƊ¡ā¹Ƥ¡˗Ò\"/fork Punch/showFrame Morris 12/textAboveHead Morris \"ǮÁÁÁ!\"/pause 1000/speak Morris \"ġ¹äˑŚÒĄ­ËÃÍ¡! áʴĉ¹Å´ÃÒ¤Òȷ¡Í˒Ò§Å§ 75% ɵ¡ˤÒ¢Í§ĉ¹ ʁ¨Ð¤ÅÒ¹¡ĥºÁÒ ¢Í̃Í§¤ÇÒÁàʫ¹ã¨! á̅Ç¾Ç¡á¡¨Ðä˴àʫ¹!$h\"/pause 1000/speak Pierre \"äˑ...äˑãʺµÍ¹׉...$u\"/faceDirection Pierre 3/textAboveHead Pierre \"̅ÍÁġ¹ä̇¾Ç¡àÃÒ!\"/pause 1500/globalFade/viewport -1000 -1000/stopAdvancedMoves/warp Demetrius 35 14/faceDirection Clint 3/faceDirection Demetrius 3 true/warp Pam 28 15/faceDirection Pam 1 true/warp Gus 28 14/faceDirection Gus 1 true/warp Robin 36 15/faceDirection Robin 3/warp Emily 29 9/faceDirection Emily 2 true/warp Willy 35 16/faceDirection Willy 3 true/warp Jodi 36 9/faceDirection Jodi 2 true/warp Caroline 35 9/faceDirection Caroline 2 true/warp Clint 37 13/faceDirection Clint 3 true/warp Gunther 30 18/warp George 28 16/faceDirection George 1 true/viewport 32 10 true/faceDirection Pierre 2/faceDirection Pierre 3/faceDirection Pierre 0/faceDirection Pierre 3/pause 1000/speak Pierre \"ĉ¹ĸÒµÍ¹ĉ¹àО§̂ÒÂ àˢÒÁÒã¹àȑÍ§à¾ƅá¡¹ãËˑæ ä˴... ÍÒ¤ÒÃËĥ§׉Է§Ǆ¡Ą¡ áÅÐƱƚƇµƚÇÒ #$b#àÃÒʺÇÂā¹ŇÒ§Ò¹ àҮÍã̋àȑÍ§Ƥע¹ ġ¹àʛ¹¤ÇÒÁړǪ¡áºº ȪÁª¹чá˷¨ƃ§àÅÂÅÐ\"/pause 1000/playMusic musicboxsong/move Pierre 0 2 3/speak Pierre \"¨ÍΓ¨ àұÍʱÍ¹Ȥ³à¤Â ι§à˕¹à¡Á¤ÃÍÊàƇΓ´ ¾̃ÍÁāºŨº¡Òá¿ã¹̋Í§¤ģÇ ¢Í§ɸ¹ΒµÅÍ´àÅÂ ĸÒä˴äËÁ?\"/pause 500/faceDirection George 2/pause 500/showFrame George 16/textAboveHead George \"âÍ Ǵ¹ħ¹àʱÒæ\"/move Pierre 0 -2 0/speak Pierre \"àÍƁƵ à¸Íʁà¤ÂŇÒ˻ÒÂ ŚÒËģº§Ò¹à·È¡ÒÅáÊ´§ Ɗ¹ˤÒá˛§ÊµÒΓŴÇáÇÅѕ ˴ÇÂ¹Ð#$b#ĉ¹ĸÒä˴˗Òà¸Í ã˪àÇÅÒŇÒġ¹àʛ¹ƫ àÅÂ!$h\"/pause 1000/speak Emily \"ġ¹.. ġ¹Êȹ¡ÁÒ¡àÅÂ...$s\"/move Pierre 0 1 1/textAboveHead Pierre \"ƇÅѕ!\"/pause 500/textAboveHead Willy \"ĉ¹àËÃÍ?\"/pause 1000/speak Pierre \"ĸÒµÍ¹¡ÒÃ·´ÅÍ§ɫàʥ¡æ ¢Í§¹ÒÂ чàš´¤ÇºȤÁäˑÍԒä˴ՁÂ?$h\"/pause 500/speak Willy \"ƎƎ... ĸÒä˴Ɗ àÃÒÁÒǖ§µÍ¹à˪Òħ¹Ëѹ§ ʁà¨Í¾Ç¡ġ¹àŴ¹ā¹ ¢ħ¡ä¢˗ä»ËÁ´$h\"/faceDirection Pierre 3/speak Pierre \"á˅āÊʁä˴ʺÇÂàÃÒ˴ÇÂ äÍàƤÂчɊ´ÂÍ´чɊ´... ÁË¡ÃÃÁš¹¢Òɫ ŚÒËģºԷ§ȪÁª¹!\"/speak Gus \"ĉ¹Ģ§Ť´ǖ§ ¡ÃÐàƧÂÁà¹Â µÍ¹Թ¹ÍԒàÅÂ\"/pause 100/textAboveHead Robin \"ȝÁÁÁ...\"/faceDirection Pierre 0/playMusic none/speak Pierre \"àʫ¹äËÁȷ¡¤¹ ȪÁª¹¢Í§àÃÒŇÒã̋ à¾ƅá¡¹àʛ¹àȑÍ§žàÈÉ #$b#á˅àұÍ̃Ò¹â¨˨ÒàˢÒÁÒ Ъ§àË˕ÒԹ¹ʁËÒÂä»$s#$b#á˅µÍ¹׉˵Í§¢ÍºȤ³ @ чã̋âÍ¡ÒÊáˡĕÇāº¾Ç¡àÃÒ #$b#ĉ¹¢Í¶ÒÁ˗Òã¤Ã¨Ð ˓ÇÁºÍÂ¤Íµ̃Ò¹â¨˨Ò˺Ò§! àÃÒƱ¾ĥ§ч¨Ð·Ç§Ǵ¹ ƇƦƚƇµԴ§àŴÁ ¢Í§àÃÒ¡ĥºÁÒ! \"/jump Morris/showFrame Morris 19/pause 1000/textAboveHead Pierre \"ã¤Ã¨Ð˓ÇÁāºĉ¹˺Ò§?\"/pause 3000/showFrame George 0/playMusic springtown/pause 4000/move George 1 0 1/speak George \"ĉ¹ÍÒĨÂÍԒã¹àȑÍ§׉ÁÒ¹Ò¹ àš¹¡˗Ò¨ÐÂÍÁàʫ¹ġ¹˕Á¨Á #$b#¹ÒÂęºĉ¹ä»˴ÇÂä˴àÅÂ!$h\"/pause 500/shake Morris 5000/textAboveHead Demetrius \"ĉ¹˴ÇÂ\"/pause 250/textAboveHead Jodi \"ÍÍ¡ä»!\"/shake Morris 5000/faceDirection Morris 0 true/jump Morris/pause 500/textAboveHead Gus \"ĉ¹˴ÇÂ!\"/pause 500/textAboveHead Gunther \"ä˴àÇÅÒá̅Ç!\"/textAboveHead Robin \"äˑƱâ¨˨Òƽ¡˅Íä»!\"/pause 2000/speak Morris \"ġ¹¨º֪¹á̅Ç...$s\"/pause 2000/speed Morris 4/shake Morris 5000/move Morris 0 9 2/warp Morris -2000 -2000/playSound doorClose/faceDirection Robin 2 true/faceDirection Demetrius 2 true/pause 20/faceDirection Gunther 2 true/pause 30/faceDirection George 2 true/globalFade/viewport -9999 -9999/pause 4000/message \"ÁÍΓƃÊáÅÐ ¾ÃÃ¤¾Ç¡̃Ò¹â¨˨Ò¢Í§à¢Ò ʁäˑà¤Â¡ĥºÁÒƽ¡àÅÂ...\"/pause 2000/end position 52 20",
        "502261/J/w sunny/H": "sweet/-1000 -1000/farmer 53 34 0/broadcastEvent/addTemporaryActor Morris 16 32 -100 -100 2 true/pause 500/speak Morris \"ι¹ä§à¢ÒÁÒá̅Ç ȷ¡æ¤¹! ŇÒĕÇã̋Ƥæ!^ι¹ä§à¸ÍÁÒá̅Ç ȷ¡æ¤¹! ŇÒĕÇã̋Ƥæ!\"/specificTemporarySprite jojaCeremony/viewport 53 14 true/viewport move 0 1 8000/pause 9000/move farmer 0 -10 0/pause 4000/speak Morris \"*ÍÐá˞Á*...\"/pause 500/speak Morris \"àƮÂ§äˑбƫʱÍ¹ ę¡Ť´ˤ¹чàʱ§¡Ò¨ ¨Ò¡ŚÒę¡§Ò¹ãËʽ¢Í§â¨˨Ò ƱäÍàƤÂãËˑ ѫ§ʁǴÍâ»Ãà¨¡΅ Ğ²¹ÒȪÁª¹¨Ò¡â¨˨Ò#$b#ѫ§â»Ãà¨¡΅׉ˉÐ ä˴ɦ¡Ե§ע¹àҮÍã˪Ğ²¹Ò Ъ§ʱÍỄÒ§ŚÒĄ­˅Ò§æ ã¹Ëԑ˺Ò¹ч ¾Ç¡àÃÒģ¡á˛§׉...*ɺ´¨ɱ¡*... áÅÐàʛ¹¡ÒÃàОÁÃÒÂä˴ Í˒Ò§àʛ¹ɳ»¸ÃÃÁƽ¡˴ÇÂ!#$b#àȑÍ§à¾ƅá¡¹ чĢ§¤§Ʊ á˅Ъ§»ɵ¡ỄÒ§˺Ò¹æ ÍԒԹ¹ ęºàʛ¹чæ àËÁÒÐÊÁчɊ´ ŚÒËģºã˪àʛ¹ч·´ÅÍ§áÃ¡ ¢Í§â»Ãà¨¡΅׉\"/pause 500/speak Morris \"àÍÒ˕Ð á̅Çʁ¢ÍºȤ³à¸ÍÁÒ¡¹Ð á¼¹¤ÇºȤÁ áÅÐĞ²¹ÒȪÁª¹ ¢Í§¾Ç¡àÃÒԹ¹ àʛ¹ä»Í˒Ò§ÃÒºҳ¹àÅÂ˕Ð!#$b#Է§¡ÒÃʻÍÁÊÐ¾Ò¹àʱÒæ ¡ÒÃʻÍÁÃ¶ĚÊĞ§æ ¡ÒÃà»ѕÂ¹àÈÉƋ¹áÅÐƍ° ã̋¡ÅÒÂàʛ¹àȓÍ¹¡ÃÐ¨¡ ¾Ç¡àÃÒàÅÂÊÒÁÒÃ¶ à»ѕÂ¹á»Å§àȑÍ§׉ ä˴¨Ò¡Ë˹ÒȑÍàʛ¹Ëĥ§ȑÍ àÅÂ˕Ð!#$b#ĉ¹Ģ§ä˴ģº ¡ÒÃàҵÍ¹ŅÒáËˉ§ע¹ ËÅÒÂԢ¹àÅÂ˴ÇÂ! ўўў\"/pause 1000/speak Morris \"»ÃÐ¸Ò¹¢Í§ºƃĩ· ½Ò¡ã̋ĉ¹àÍÒщÁÒã̋à¸ÍˉÐ àʛ¹¢Í§¢ħ­žàÈÉ àҮÍá·¹ĴÒ '¢ÍºȤ³'\"/playMusic none/pause 1000/awardFestivalPrize joja/null/itemAboveHead joja/null/pause 1000/globalFade/viewport -1000 -1000/end Position 52 27/end",
        "502969/w sunny/f Linus 50/j 7/t 2000 2400": "nightTime/-1000 -1000/farmer 72 64 1 Linus 51 58 2 George -100 -100 2 Gus -100 -100 2/skippable/specificTemporarySprite linusLights/pause 800/viewport 55 64 true/pause 1000/move Linus 0 5 1/pause 1000/animate Linus false true 500 20 21/pause 500/playSound trashcanlid/pause 1000/playSound dirtyHit/pause 1000/playSound slimeHit/pause 1000/playSound dirtyHit/pause 1600/warp George 57 64/playSound doorClose/pause 600/stopAnimation Linus/showFrame Linus 22/jump Linus/shake Linus 1000/pause 1000/speed Linus 4/move Linus 0 -1 1/speed Linus 4/move Linus 2 0 3/faceDirection George 3/pause 500/emote George 12/move farmer -14 0 3 true/speak George \"¡ÃÍ´... àƺÂ§àËȑÍ¹áÃ¤ɔ¹¾Ç¡Թ¹ ġ¹ÁÒƽ¡á̅Ç ¾Ç¡Ë¹Í¹âÊâ¤Ã¡à̽Â...\"/proceedPosition farmer 58 64/faceDirection George 1/pause 500/speak George \"˝Ò ¹ÒÂÁÒä˴Ĉ§ËÇÐ ¾ÍƤàÅÂˎÍËәÁ^˝Ò à¸ÍÁÒä˴Ĉ§ËÇÐ ¾ÍƤàÅÂÊÒÇ˹ÍÂ#$b#ʺÇÂ¤¹áʱæ Ī¡Í˒Ò§ä˴äËÁ? ʺÇÂàŴ¹ä»µÃ§ɁÁԹ¹ á̅Çä˕¾Ç¡áÃ¤ɔ¹ι¹ ã̋ĉ¹Ƨä˴äËÁ? ¾Ç¡ġ¹¤ÍÂá˅¨Ðģ§¤ÇÒ¹#$b#¢Íºã¨ á̅ÇʺÇÂŇÒã̋ρ¹ã¨˴ÇÂ˕Ð ˗Òà¸ÍŇÒã̋¾Ç¡ġ¹ īÇË´ä»àÅÂ ¾Ç¡ġ¹¨Ðä˴äˑ¡ĥºÁÒƽ¡\"/faceDirection George 0/playSound doorClose/warp George -100 -100/pause 500/move farmer -5 0 3 false/faceDirection Linus 2/faceDirection farmer 0/playMusic echos/pause 1000/showFrame Linus 19/pause 600/emote Linus 28/speak Linus \"áÃ¤ɔ¹ι¹ǴÍĉ¹àÍ§... ¢Íâ·É¹Ð$s\"/pause 500/showFrame Linus 0/pause 800/move Linus -1 0 2/pause 800/showFrame Linus 19/pause 800/speak Linus \"ĉ¹à¨ÍÍÒËÒÃчĢ§ӭ¹ÍԒ ÁÒ¡ÁÒÂã¹Ė§¢ÂÐ¾Ç¡׉ˉÐ... ÍÒËÒÃч¤§¨Ðɺ­à»˕Ò ÍԒµÃ§׉˶ÒäˑƱã¤ÃÁÒàÍÒä»\"/pause 500/move Linus -1 0 2/move Linus 0 2 1/faceDirection farmer 3/speak Linus \"$y 'à¸ÍŤ´˗ÒЪ§чĉ¹ŇÒ ġ¹ż´äËÁ?_ãʺ ġ¹ˉÒ¢ÂÐá¢Â§_ ġ¹ÍÒ¨¨ÐˉÒģ¡àƑÂ¨ ŚÒËģºà¸Í¹Ð á˅ŚÒËģºĉ¹ ġ¹àʛ¹Ë¹·Ò§á˛§ƚƇµ ĉ¹äˑà¤ÂˋÇÂ àÅÂĪ¡¤Ճ§˴ÇÂ՛Ò ĉ¹š¹à©¾ÒÐ¢Í§Ê´æ ˉÐ_äˑ ǖ§¨ÐˉÒÍÒÂá˅ äˑ¤ÇÃã̋ÍÒËÒÃɺ­à»˕Ò_¢ÍºȤ³¹Ð @ ĉ¹ړƤ˗Òà¸Í àʛ¹¤¹чŨµã¨ ¡̇Ò§¢ÇÒ§ ĉ¹ړǪ¡ƤāºЪ§чĉ¹ŇÒ Ģ§ä§ĉ¹ʁ äˑä˴ŇÒ̃ÒÂã¤ÃÍԒá̅Ç_ãʺ ġ¹ż´ à¾ÃÒÐι¹ǴÍ·ģ¾ΒƊ¹ ¢Í§¨ÍΓ¨_ĉ¹äˑàҚÍã¹ '¢Í§˚Ç¹Ⱥ¤¤Å' чà¸Í˗ÒÁÒËÃÍ¡ á̅Çà¸Í¨Ðã̋ĉ¹ŇÒĢ§ä§˕Ð ĉ¹˵Í§¡ÒÃÍÒËÒÃ¾Ç¡׉ àҮÍ¤ÇÒÁÍԒÃÍ´ ī´ƱīÇã¨˺Ò§¹Ð_äˑż´ËÃÍ¡ á˅Ȥ³¤ÇÃƱ§Ò¹ŇÒ áÅÐËɂ´àÍÒà»ƳÂº¤¹ҽ¹_*¶Í¹ËÒÂã¨*... äˑãʺȷ¡¤¹ËÃÍ¡¹Ð @ ч¨ÐƱƚƇµÍԒä˴ Í˒Ò§¤¹ηÇä» à¸ÍäˑړÍÐäÃàÅÂ ˗Ò˶Òà¸Íàʛ¹ĉ¹¨ÐړǪ¡Ģ§ä§ ĉ¹äˑä˴ŇÒ̃ÒÂã¤Ã ĉ¹áʴÍÂÒ¡ã˪ƚƇµ ÍԒã¹áººчĉ¹˵Í§¡ÒÃ ʁàˇÒԹ¹àÍ§ ġ¹ż´ÁÒ¡àËÃÍ?'\"/playMusic nightTime/pause 800/faceDirection Linus 3/pause 800/faceDirection Linus 1/speak Linus \"¡ĥº˺Ò¹ä»à¶ÍÐ ĉ¹Ī­­Ò˗Ò ĉ¹¨ÐäˑلÂĖ§¢ÂÐ¢Í§¨ÍΓ¨ ƽ¡á̅Ç#$b#à¸Íä»ºÍ¡à¢Òä˴àÅÂ˗Ò à¸Íä˕áÃ¤ɔ¹ä»ä˴ Í˒Ò§¶ÒÇÃá̅Ç\"/advancedMove Linus false -3 0 0 6/viewport move -1 1 5000/pause 500/move farmer -8 0 3/move farmer 0 1 3/move farmer -2 0 3/faceDirection Linus 3/pause 600/animate Linus true true 500 20 21/pause 1000/playSound slimeHit/pause 1000/playSound slimeHit/pause 800/warp Gus 45 71/playSound doorClose/advancedMove Gus false 0 1 3 0 0 -1/stopAnimation Linus/showFrame Linus 22/jump Linus/pause 1000/advancedMove Linus false 0 -2/proceedPosition Gus 48 71/playMusic none/speak Gus \"à݋ÂÇʱÍ¹$u\"/faceDirection Gus 0/shake Linus 2000/pause 1000/faceDirection Linus 2/pause 800/showFrame Linus 19/move Gus 0 -2 0 false/speak Gus \"ĉ¹ړ˗ÒàұÍֱ¹ÒÂŇÒÍÐäÃÍԒ ƅęÊ$3\"/pause 500/emote Gus 40/pause 500/speak Gus \"˶ÒËÒ¡¹ÒÂ˵Í§¡ÒÃÍÒËÒÃ... ʁáʴºÍ¡ ĉ¹äˑÍÂÒ¡àʫ¹ã¤Ã ʁµÒÁã¹àȑÍ§à¾ƅá¡¹ ˵Í§ړǪ¡ƋÇ\"/pause 1000/showFrame Linus 0/pause 1000/speak Gus \"àÍÒä»Ɗ µÐ¡̃Ò׉àʕÁä»˴ÇÂ ºÇº·Í´ ã̋¹ÒÂâ´Âà©¾ÒÐàÅÂ Í˒ÒȕÁֈÁթÒֈÁ˕Ð!$h#$b#àÍÒƊ... àÍÒä»ä˴àÅÂ\"/pause 1000/showFrame Linus 19/pause 600/globalFade/viewport -3000 -3000/end",
        "463391/f Emily 1000/e 471942/w sunny/z winter/t 600 1700": "EmilyTheme/22 88/farmer -1000 -1000 2 Emily -1000 -1000 2/skippable/pause 4000/playSound doorClose/warp Emily 20 89/move Emily 0 1 2/pause 800/speak Emily \"˝Ò...ƽ¡Ëѹ§ħ¹ã¹ àȑÍ§à¾ƅá¡¹ чʺÇ§ÊÇÂ§ÒÁ\"/pause 2000/faceDirection Emily 1/specificTemporarySprite parrots1/pause 1000/showFrame Emily 32/jump Emily/pause 1200/showFrame Emily 4/pause 600/playSound parrot/pause 800/playSound parrot/pause 600/faceDirection Emily 2 true/animate Emily false true 250 34 35/pause 3500/stopAnimation Emily/faceDirection Emily 3/pause 1000/textAboveHead Emily \"àҮÍ¹æ ¢Í§ĉ¹!\"/pause 4000/move Emily 2 0 1/pause 800/emote Emily 8/specificTemporarySprite parrotSplat//showFrame Emily 32/shake Emily 1000/waitForTempSprite 666/specificTemporarySprite parrotSlide/pause 800/speed Emily 4/move Emily 2 0 0/speak Emily \"â̍äˑ! ʺÒ§ˉÒÊ§ÊÒÃ!$s\"/pause 1000/playSound coin/specificTemporarySprite parrotGone/showFrame Emily 30/pause 1000/speak Emily \"ƫ¡¢Í§à¸Íī¡щ$s\"/pause 1000/animate Emily false true 300 28 29 28 30/pause 3000/speak Emily \"â̍ à¸Íáµ¡˅Ò§¨Ò¡ ¤¹ҽ¹Ź´ËˉÍÂ ãʺäËÁ? àËȑÍ¹ā¹àÅÂ...$u\"/pause 2000/speak Emily \"Í˒Ò˛Ç§àÅÂ ĉ¹¨ÐàוÂ§ɤà¸Í ¨¹¡˗Ò¨ÐËÒÂƤ à˨ÒĕÇ˹ÍÂ ȷ¡Í˒Ò§¨Ðäˑàʛ¹äÃ$u\"/pause 2000/globalFade/viewport -3000 -3000/pause 1000/message \"àÍƁƵ¾Ò¹¡áˡÇчºÒ´àʈº àˢÒä»ã¹˺Ò¹áÅÐ Ğ¹˼Òчƫ¡¢Í§ġ¹\"/pause 800/message \"à¸ÍàוÂ§ġ¹ä̇ã¹̋Í§ á˅àҮÍàʛ¹¡ÒÃ áÊ´§¤ÇÒÁà¤ÒÃ¾à¸Íäˑä˴ Ե§ҚÍã̋āºà˨Ò¹¡áˡÇ\"/pause 1000/playSound parrot/pause 1000/end",
        "611173/Hn pamHouseUpgrade/o Penny": "50s/71 68/farmer 66 62 2 Robin 67 66 2 Pam 71 71 0 Penny 72 71 0/skippable/move farmer 0 4 2/faceDirection Robin 3/speak Robin \"à̎ @! Ȥ³Ť´˗Òġ¹àʛ¹Ģ§ä§˺Ò§?\"/move farmer 0 1 1/faceDirection Robin 2/emote farmer 32/pause 500/speak Robin \"ĉ¹ʴÍ¹ˢÒ§¨ÐªÍºġ¹¹Ð...#$b#ч¨ƃ§á̅Ç ġ¹ÍÒ¨¨Ðàʛ¹ ¼Å§Ò¹чàђÂÁчɊ´ ¢Í§ĉ¹àÅÂ˕Ð!$h\"/pause 500/faceDirection Robin 1/speak Robin \"ÁÍ§чË˹Ò˅Ò§Ç§¡ÅÁƊ... ġ¹ÂÒ¡Ɋ´æ ч¨ÐĔ´¡ÃÍºË˹Ò˅Ò§ ã̋àʛ¹áººԹ¹#$b#â̍ á̅Çʁ¡ÒÃá¡ÐÊĥ¡чċº˫Í¹ º¹ºÒ¹»ÃÐɥ˴ÇÂ ĉ¹ã˪àÇÅÒāºġ¹¹Ò¹ÁÒ¡¡¡ Ȥ³Ī§à¡µàʫ¹ġ¹ՁÂ?\"/emote farmer 40/speak Robin \"â̍... à̎ ĉ¹Ť´˗Òĉ¹ɮ´àбÂÇāº ä́ÁÒ¡ä»ƽ¡á̅Ç... ãʺՁÂ?$h\"/move Robin 0 1 3/speak Robin \"Ģ§ä§ʁµÒÁ ĉ¹ıÒĥ§¨Ðä»ȤÂ āºá¾ÁáÅÐà¾¹Ʃ... á˅ĉ¹˵Í§¶ÒÁȤ³ʱÍ¹...\"/question fork0 \"Ȥ³ÍÂÒ¡¨Ðã̋ĉ¹ ºÍ¡¾Ç¡à¢ÒäËÁ˗Ò Ȥ³àʛ¹¤¹Ĉ´¡ÒÃʴÒã˪ʸÒÂ ŚÒËģº˺Ò¹Ëĥ§׉?#áˉ¹Í¹ ÍÂÒ¡ã̋ºÍ¡Ɗ!#äˑ˕Ð ĉ¹Ģ§ÍÂÒ¡àʛ¹ Ⱥ¤¤ÅŹÃ¹ÒÁÁÒ¡¡˗Ò\"/fork choseToBeKnown/pause 200/speak Robin \"âÍà¤... ˶ÒÍ˒Ò§Թ¹Ȥ³ ÃÍÍԒµÃ§׉áËÅÐ\"/pause 500/move Robin 0 1 2/move farmer 2 0 2 true/move Robin 0 3 1 false/move Robin 2 0 1/faceDirection Pam 3/move Penny 0 -1 3/move Penny -1 0 3/speak Robin \"ÊħÊƤàҮÍ¹˺Ò¹... ι¹ʁǴÍ˺Ò¹áÊ¹ÊÇÂ Ëĥ§ãËˑ¢Í§Ȥ³!$4\"/pause 50/playMusic musicboxsong/speak Pam \"âÃź¹... ĉ¹... ĉ¹äˑړ˗Ò¨Ðɮ´ÍÐäÃƤ...$s#$b#ġ¹ǴÍĝ¹чàʛ¹¨ƃ§... ġ¹ǴÍЪ§чĉ¹ ˵Í§¡ÒÃÁÒµÅÍ´$s\"/faceDirection Pam 2/animate Pam false true 100 25/pause 1000/animate Pam false true 150 26 27/pause 1000/speak Penny \"¢ÍºȤ³ÁÒ¡¹Ð¤ÐâÃź¹...$s\"/speak Robin \"à̎ Í˒Ò¢ÍºȤ³ĉ¹àÅÂ! àʛ¹¤ÇÒÁŤ´¢Í§¤¹ҽ¹ˉÐ... á̅Ç¤¹Թ¹ʁʸÒÂʴÒã˪ ʸÒÂȷ¡Í˒Ò§˴ÇÂ\"/pause 100/stopAnimation Pam/showFrame Pam 12/faceDirection Penny 2/animate Penny false true 100 23/pause 500/speak Penny \"ã¤Ãā¹?$s\"/stopAnimation Pam/faceDirection Pam 3/stopAnimation Penny/faceDirection Penny 3/pause 500/faceDirection Robin 2/speak Robin \"ĉ¹ºÍ¡äˑä˴... ¤¹¤¹Թ¹Ȓ¹¡ÃÒ¹ч¨Ð »¡Ż´ĕÇµ¹àʛ¹Ⱥ¤¤Å ŹÃ¹ÒÁˉÐ$5\"/pause 500/faceDirection Penny 2/faceDirection Pam 0/faceDirection Penny 3 true/faceDirection Pam 3 true/faceDirection Robin 1/pause 300/speak Pam \"...¤¹¤¹Թ¹ˉÒ¨Ð»¡Ż´ĕÇµ¹ àҮÍч¾Ç¡àÃÒ¨Ðä˴äˑ˵Í§ ړǪ¡˗Òàʛ¹Ë׉à¢ÒƊ¹Ð\"/faceDirection Pam 2/speak Pam \"äˑ˗ÒȤ³¨Ðàʛ¹ã¤ÃʁµÒÁ... Ȥ³ʁǴÍà·Ç´ÒĕÇ¨ƃ§àÅÂ˕Ð...$s\"/pause 300/speak Robin \"àÍÒ˕Ð ĉ¹äˑä˴ä»ä¡Å *¢¹Ò´Թ¹* ...$4\"/jump farmer/animate farmer false true 100 94/pause 500/animate Robin false true 100 32 33/pause 2000/stopAnimation Robin/showFrame Robin 0/stopAnimation farmer/faceDirection Robin 1/faceDirection Pam 0/faceDirection Penny 2/speak Pam \"à¾¹Ʃ Ëĥ§¨Ò¡׉¾Ç¡àÃÒʁ¨Ð àʛ¹àËȑÍ¹¤ÃÍº¤ģÇ¨ƃ§æ ċ¡Ƨ... à¸Íä˴Ƃ¹ãʺՁÂ? #$b#ĉ¹äˑÍÂÒ¡¨ÐړǪ¡ Ғ¹¢ÁµÅÍ´àÇÅÒƽ¡á̅Ç...$s#$b#ĉ¹¨Ð ¾ÂÒÂÒÁà»ѕÂ¹ƚƇµĕÇàÍ§... \"/emote Penny 20/pause 100/animate Penny false true 200 0 1 2 3/positionOffset Penny 0 2/pause 50/positionOffset Penny 0 2/pause 50/positionOffset Penny 0 2/pause 50/positionOffset Penny 0 2/pause 50/positionOffset Penny 0 2/pause 50/positionOffset Penny 0 2/pause 50/positionOffset Penny 0 2/pause 50/positionOffset Penny 0 2/pause 50/positionOffset Penny 0 2/pause 50/positionOffset Penny 0 2/pause 50/positionOffset Penny 0 2/pause 50/positionOffset Penny 0 2/pause 500/positionOffset Penny 0 8/animate Penny false true 100 39/warp Pam -100 -100/playSound coin/pause 3000/fade/viewport -2000 -2000/pause 400/playMusic none/addConversationTopic pamHouseUpgradeAnonymous/pause 1000/end",
        "choseToBeKnown": "pause 200/addConversationTopic pamHouseUpgrade/speak Robin \"âÍà¤... ä»ā¹à¶ÍÐ\"/pause 500/move Robin 0 1 2/move farmer 0 3 2 true/move Robin 0 3 1 false/move Robin 2 0 1/move farmer 3 0 1/faceDirection Pam 3/move Penny 0 -1 3/move Penny -1 0 3/speak Robin \"ÊħÊƤàҮÍ¹˺Ò¹... ι¹àʛ¹˺Ò¹Ëĥ§ãËˑ áÊ¹ÊÇÂ¢Í§Ȥ³!$4\"/pause 250/playMusic musicboxsong/speak Pam \"âÃź¹... ĉ¹... ĉ¹äˑړ˗Ò¨Ðɮ´ÍÐäÃƤ...$s#$b#щǴÍĝ¹чàʛ¹¨ƃ§... ġ¹ǴÍЪ§чĉ¹˵Í§¡ÒÃÁÒµÅÍ´$s\"/faceDirection Pam 2/animate Pam false true 100 25/pause 1000/animate Pam false true 150 26 27/pause 1000/speak Penny \"¢ÍºȤ³ÁÒ¡¹Ð¤Ð âÃź¹...$s\"/speak Robin \"à̎ Í˒Ò¢ÍºȤ³ĉ¹àÅÂ! àʛ¹¤ÇÒÁŤ´¢Í§ @ ˅Ò§ËÒ¡ á̅Çà¢Òʁàʛ¹¤ ¹чʸÒÂʴÒã˪ʸÒÂ ȷ¡Í˒Ò§˴ÇÂ!^à̎ Í˒Ò¢ÍºȤ³ĉ¹àÅÂ! àʛ¹¤ÇÒÁŤ´¢Í§ @ ˅Ò§ËÒ¡ á̅Çà¸Íʁàʛ¹¤¹ч ʸÒÂʴÒã˪ʸÒÂ ȷ¡Í˒Ò§˴ÇÂ!\"/pause 100/stopAnimation Pam/showFrame Pam 12/pause 500/speak Penny \"@... щġ¹äˑƱ·Ò§àʛ¹ä»ä˴...$7#$b#ĉ¹... ĉ¹äˑړ˗Ò¨Ðɮ´ÍÐäÃƤ...$s\"/stopAnimation Pam/faceDirection Pam 3/stopAnimation Penny/faceDirection Penny 3/pause 300/speak Pam \"щġ¹¨Ð˵Í§á¾§ÁÒ¡áˉæ @...$s#$b#...ºÍ¡µÒÁµÃ§¹Ð щġ¹ʴÍ¹ˢÒ§¨ÐˉÒÍÒÂ ĉ¹¨ÐÊÒÁÒÃ¶ã˪Ǵ¹ ã̋à¸Íä˴Ģ§ä§?$4\"/pause 300/question fork1 \"...#ġ¹àʛ¹¢Í§¢ħ­... äˑĸÒàʛ¹˵Í§ã˪Ǵ¹ËÃÍ¡#Ȥ³àУÁ¨Ò¡¡ÒÃɤáÅ à¾¹Ʃã̋Ƥʁä˴...\"/fork itsagift/pause 500/faceDirection Pam 2/showFrame Pam 25/pause 250/faceDirection Penny 2/speak Pam \"...ĉ¹¢Íâ·É$s\"/pause 500/speak Pam \"ĉ¹¨ÐŇÒȷ¡Í˒Ò§ µÒÁчà¸ÍºÍ¡...$s\"/pause 500/animate Robin false true 150 34 35/pause 500/speak Penny \"áˑ¤Ð...$s\"/faceDirection Pam 0/speak Penny \"Í˒Òā§ÇÅä»àÅÂ¹Ð¤Ð... ËɩàˢÒã¨ʴÐ˗ÒŇÒäÁ ºÒ§¤Ճ§áˑǖ§âÁâË ƚƇµ¢Í§áˑ ġ¹äˑà¤ÂʷÒÂàÅÂ...$s\"/stopAnimation Robin/faceDirection Robin 1/speak Pam \"¢Íºã¨¹Ðà˨ÒËɩ$h#$b#Ëĥ§¨Ò¡׉¾Ç¡àÃÒʁ¨Ðàʛ¹ ¤ÃÍº¤ģÇ¨ƃ§æ ċ¡Ƨ... à¸Íä˴Ƃ¹ãʺՁÂ? #$b#ĉ¹äˑÍÂÒ¡¨ÐړǪ¡ Ғ¹¢ÁµÅÍ´àÇÅÒƽ¡á̅Ç...$s#$b#ĉ¹¨Ð¾ÂÒÂÒÁ à»ѕÂ¹ƚƇµĕÇàÍ§...\"/emote Penny 20/pause 100/animate Penny false true 200 0 1 2 3/positionOffset Penny 0 2/pause 50/positionOffset Penny 0 2/pause 50/positionOffset Penny 0 2/pause 50/positionOffset Penny 0 2/pause 50/positionOffset Penny 0 2/pause 50/positionOffset Penny 0 2/pause 50/positionOffset Penny 0 2/pause 50/positionOffset Penny 0 2/pause 50/positionOffset Penny 0 2/pause 50/positionOffset Penny 0 2/pause 50/positionOffset Penny 0 2/pause 50/positionOffset Penny 0 2/pause 500/positionOffset Penny 0 8/animate Penny false true 100 39/warp Pam -100 -100/playSound coin/pause 3000/fade/viewport -2000 -2000/pause 400/playMusic none/pause 1000/end",
        "itsagift": "pause 200/pause 500/faceDirection Pam 2/showFrame Pam 25/pause 250/faceDirection Penny 2/speak Pam \"˶ÒÍ˒Ò§Թ¹ ĉ¹ʁ¤§¨Ð˵Í§¡ȕ¹ ¤ÇÒÁËТ§¢Í§ĕÇàÍ§...\"/pause 500/speak Pam \"*ÍÐá˞Á*... ¢ÍºȤ³¹Ð @$s\"/pause 500/speak Penny \"áˑ¤Ð...$s\"/faceDirection Pam 0/speak Penny \"Í˒Òā§ÇÅä»àÅÂ¹Ð¤Ð... @ áʴÍÂÒ¡¨ÐŇÒã̋àÃÒ Ʊ¤ÇÒÁɊ¢àˇÒԹ¹àÍ§ʴÐ äˑƱã¤Ãã¹àȑÍ§à¾ƅá¡¹ ɤɦ¡чàÃÒÂÒ¡¨¹ËÃÍ¡¹Ð¤Ð$s\"/faceDirection Robin 1/pause 500/speak Pam \"...¾Ç¡àÃÒäˑ 'ÂÒ¡¨¹' ƽ¡˅Íä»á̅Ç àʔ¡˹ÍÂ... àƅ¡Ť´ǖ§ġ¹ä»ä˴àÅÂ!#$b#Ëĥ§¨Ò¡׉¾Ç¡àÃÒʁ¨Ðàʛ¹ ¤ÃÍº¤ģÇā¹¨ƃ§æċ¡Ƨ... à¸Íä˴Ƃ¹ãʺՁÂ?#$b#ĉ¹äˑÍÂÒ¡¨ÐҒ¹¢Á µÅÍ´àÇÅÒƽ¡á̅Ç...$s#$b#ĉ¹¨Ð¾ÂÒÂÒÁ à»ѕÂ¹ƚƇµĕÇàÍ§...\"/emote Penny 20/pause 100/animate Penny false true 200 0 1 2 3/positionOffset Penny 0 2/pause 50/positionOffset Penny 0 2/pause 50/positionOffset Penny 0 2/pause 50/positionOffset Penny 0 2/pause 50/positionOffset Penny 0 2/pause 50/positionOffset Penny 0 2/pause 50/positionOffset Penny 0 2/pause 50/positionOffset Penny 0 2/pause 50/positionOffset Penny 0 2/pause 50/positionOffset Penny 0 2/pause 50/positionOffset Penny 0 2/pause 50/positionOffset Penny 0 2/pause 500/positionOffset Penny 0 8/animate Penny false true 100 39/warp Pam -100 -100/playSound coin/pause 3000/fade/viewport -2000 -2000/pause 400/playMusic none/pause 1000/end",
        "611173/Hn pamHouseUpgrade": "50s/71 68/farmer 66 62 2 Robin 67 66 2 Pam 71 71 0 Penny 72 71 0/skippable/move farmer 0 4 2/faceDirection Robin 3/speak Robin \"à̎ @! Ȥ³Ť´˗Òġ¹àʛ¹Ģ§ä§˺Ò§?\"/move farmer 0 1 1/faceDirection Robin 2/emote farmer 32/pause 500/speak Robin \"ĉ¹ʴÍ¹ˢÒ§¨ÐªÍºġ¹¹Ð...#$b#ч¨ƃ§á̅Ç ġ¹ÍÒ¨¨Ðàʛ¹¼Å§Ò¹ чàђÂÁчɊ´¢Í§ĉ¹àÅÂ˕Ð!$h\"/pause 500/faceDirection Robin 1/speak Robin \"ÁÍ§чË˹Ò˅Ò§Ç§¡ÅÁƊ... ġ¹ÂÒ¡ÁÒ¡æææ ч¨ÐĔ´¡ÃÍºË˹Ò˅Ò§ ã̋àʛ¹áººԹ¹#$b#â̍ á̅Çʁ¡ÒÃá¡ÐÊĥ¡чċº˫Í¹ º¹ºÒ¹»ÃÐɥ˴ÇÂ ĉ¹ã˪àÇÅÒāºġ¹¹Ò¹ÁÒ¡¡¡ Ȥ³Ī§à¡µàʫ¹ġ¹ՁÂ?\"/emote farmer 40/speak Robin \"â̍... à̎ ĉ¹Ť´˗Òĉ¹ɮ´àбÂÇāº ä́ÁÒ¡ä»ƽ¡á̅Ç... ãʺՁÂ?$h\"/move Robin 0 1 3/speak Robin \"Ģ§ä§ʁµÒÁ ĉ¹ıÒĥ§¨Ðä»ȤÂāºá¾Á áÅÐà¾¹Ʃ... á˅ĉ¹˵Í§¶ÒÁȤ³ʱÍ¹...\"/question fork0 \"Ȥ³ÍÂÒ¡¨Ðã̋ĉ¹ºÍ¡ ¾Ç¡à¢ÒäËÁ˗ÒȤ³àʛ¹ ¤¹Ĉ´¡ÒÃʴÒã˪ʸÒÂŚÒËģº ˺Ò¹Ëĥ§׉?#áˉ¹Í¹ ÍÂÒ¡ã̋ºÍ¡Ɗ!!#äˑ˕Ð ĉ¹Ģ§ÍÂÒ¡àʛ¹ Ⱥ¤¤ÅŹÃ¹ÒÁÁÒ¡¡˗Ò\"/fork choseToBeKnown_pennySpouse/pause 200/speak Robin \"âÍà¤... ˶ÒÍ˒Ò§Թ¹Ȥ³ÍԒµÃ§׉¹Ð\"/pause 500/move Robin 0 1 2/move farmer 2 0 2 true/move Robin 0 3 1 false/move Robin 2 0 1/faceDirection Pam 3/move Penny 0 -1 3/move Penny -1 0 3/speak Robin \"ÊħÊƤàҮÍ¹˺Ò¹... ι¹ʁǴÍ˺Ò¹áÊ¹ÊÇÂ Ëĥ§ãËˑ¢Í§Ȥ³!$4\"/pause 50/playMusic musicboxsong/speak Pam \"âÃź¹... ĉ¹... ĉ¹äˑړ˗Ò¨Ðɮ´ÍÐäÃƤ...$s#$b#щǴÍĝ¹чàʛ¹¨ƃ§... àʛ¹Ъ§чĉ¹˵Í§¡ÒÃÁÒµÅÍ´$s\"/faceDirection Pam 2/animate Pam false true 100 25/pause 1000/animate Pam false true 150 26 27/pause 1000/speak Penny \"¢ÍºȤ³ÁÒ¡¹Ð¤Ð Robin...$s\"/speak Robin \"à̎ Í˒Ò¢ÍºȤ³ĉ¹àÅÂ! àʛ¹¤¹ҽ¹чƱ ¤ÇÒÁŤ´׉ע¹ÁÒˉÐ... á̅Ç¾Ç¡à¢ÒʁʸÒÂ ʴÒã˪ʸÒÂȷ¡Í˒Ò§˴ÇÂ \"/pause 100/stopAnimation Pam/showFrame Pam 12/faceDirection Penny 2/animate Penny false true 100 23/pause 500/speak Penny \"ã¤Ãā¹?$s\"/stopAnimation Pam/faceDirection Pam 3/stopAnimation Penny/faceDirection Penny 3/pause 500/faceDirection Robin 2/speak Robin \"ĉ¹ºÍ¡äˑä˴... ¾Ç¡à¢ÒȒ¹¡ÃÒ¹ч¨Ð»¡Ż´ ĕÇµ¹àʛ¹Ⱥ¤¤ÅŹÃ¹ÒÁˉÐ$5\"/pause 500/faceDirection Penny 2/faceDirection Pam 0/faceDirection Penny 3 true/faceDirection Pam 3 true/faceDirection Robin 1/pause 300/speak Pam \"¾Ç¡à¢ÒˉÒ¨Ð»¡Ż´ĕÇµ¹ àҮÍч¾Ç¡àÃÒ¨Ðä˴äˑ˵Í§ ړǪ¡˗Òàʛ¹Ë׉à¢ÒƊ¹Ð\"/faceDirection Pam 2/speak Pam \"äˑ˗ÒȤ³¨Ðàʛ¹ã¤ÃʁµÒÁ... Ȥ³ʁǴÍà·Ç´ÒĕÇ¨ƃ§àÅÂ˕Ð...$s\"/pause 300/speak Robin \"àÍÒ˕Ð ĉ¹äˑä˴ä»ä¡Å *¢¹Ò´Թ¹* ...$4\"/jump farmer/animate farmer false true 100 94/pause 500/animate Robin false true 100 32 33/pause 2000/stopAnimation Robin/showFrame Robin 0/stopAnimation farmer/faceDirection Robin 1/faceDirection Pam 0/faceDirection Penny 2/speak Pam \"à¾¹Ʃ áˑړǪ¡àƺÂã¨¹Ðчɵ¡ ˵Í§àŵºâµע¹ÁÒ ˇÒÁ¡ÅÒ§¤ÇÒÁÊ¡»Ã¡... á˅áˑƱ¤ÇÒÁɊ¢чɵ¡ ä˴Ʊ˺Ò¹чƤ ˺Ò¹чµÍ¹׉àÃÒԷ§ÊÍ§¤¹Ʊ #$b#Ëĥ§¨Ò¡׉áˑ¨Ð¾ÂÒÂÒÁ Í˒Ò§Ɋ´¤ÇÒÁÊÒÁÒÃ¶ ч¨Ðã˪ƚƇµã̋Ƥ...$s\"/emote Penny 20/pause 100/animate Penny false true 200 0 1 2 3/positionOffset Penny 0 2/pause 50/positionOffset Penny 0 2/pause 50/positionOffset Penny 0 2/pause 50/positionOffset Penny 0 2/pause 50/positionOffset Penny 0 2/pause 50/positionOffset Penny 0 2/pause 50/positionOffset Penny 0 2/pause 50/positionOffset Penny 0 2/pause 50/positionOffset Penny 0 2/pause 50/positionOffset Penny 0 2/pause 50/positionOffset Penny 0 2/pause 50/positionOffset Penny 0 2/pause 500/positionOffset Penny 0 8/animate Penny false true 100 39/warp Pam -100 -100/playSound coin/pause 3000/fade/viewport -2000 -2000/pause 400/playMusic none/addConversationTopic pamHouseUpgradeAnonymous/pause 1000/end",
        "choseToBeKnown_pennySpouse": "pause 200/addConversationTopic pamHouseUpgrade/speak Robin \"âÍà¤... ä»ā¹à¶ÍÐ\"/pause 500/move Robin 0 1 2/move farmer 0 3 2 true/move Robin 0 3 1 false/move Robin 2 0 1/move farmer 3 0 1/faceDirection Pam 3/move Penny 0 -1 3/move Penny -1 0 3/speak Robin \"ÊħÊƤàҮÍ¹˺Ò¹... ι¹ʁǴÍ˺Ò¹áÊ¹ÊÇÂ Ëĥ§ãËˑ¢Í§Ȥ³!$4\"/pause 250/playMusic musicboxsong/speak Pam \"Robin... ĉ¹... ĉ¹äˑړ˗Ò¨Ðɮ´ÍÐäÃƤ...$s#$b#щǴÍĝ¹чàʛ¹¨ƃ§... щǴÍЪ§чĉ¹˵Í§¡ÒÃÁÒµÅÍ´$s\"/faceDirection Pam 2/animate Pam false true 100 25/pause 1000/animate Pam false true 150 26 27/pause 1000/speak Penny \"@? Ȥ³ÁÒŇÒÍÐäÃчщ¤Ð?\"/speak Robin \"ÍÐäÃā¹ Ȥ³äˑä˴ºÍ¡ÀÃÃÂÒ¢Í§Ȥ³ àбÂÇāºàҳÍ§׉ËÃÍ @?$u\"/faceDirection Robin 0/faceDirection farmer 2/pause 100/faceDirection Robin 1/speak Robin \"@ àʛ¹¤¹чŤ´àҳÍ§׉ע¹ÁÒ áÅÐĈ´¡ÒÃʴÒã˪ʸÒÂ ŚÒËģºȷ¡Í˒Ò§!\"/faceDirection farmer 1/stopAnimation Pam/showFrame Pam 12/pause 500/speak Penny \"@... Ȥ³äˑĸÒàʛ¹˵Í§ŇÒáºº׉...#$b#á˅¢ÍºȤ³¹Ð ġ¹Ʊ¤ÇÒÁËÁÒÂāºĉ¹ÁÒ¡$s\"/stopAnimation Pam/faceDirection Pam 3/stopAnimation Penny/faceDirection Penny 3/pause 300/speak Pam \"щġ¹¨Ð˵Í§á¾§ÁÒ¡áˉæ @...$s#$b#...ºÍ¡µÒÁµÃ§¹Ð щġ¹àʛ¹ ¤ÇÒÁˉÒĭºÍÒÂÍ˒Ò§Ǚ§ ĉ¹¨ÐÊÒÁÒÃ¶ã˪Ǵ¹ ã̋Ȥ³ä˴Ģ§ä§?$4\"/pause 300/question fork1 \"...#Ȥ³àʛ¹ 'áˑ' ¢Í§ĉ¹! äˑĸÒàʛ¹˵Í§ã˪Ǵ¹ċ¡ËˉÍÂ!#Ȥ³àУÁ¨Ò¡¡ÒÃɤáÅ à¾¹Ʃã̋Ƥʁä˴...\"/fork itsagift_pennySpouse/pause 500/faceDirection Pam 2/showFrame Pam 25/pause 250/faceDirection Penny 2/speak Pam \"...ĉ¹¢Íâ·É$s\"/pause 500/speak Pam \"ĉ¹¨ÐŇÒȷ¡Í˒Ò§чȤ³ɮ´...$s\"/pause 500/animate Robin false true 150 34 35/pause 500/speak Penny \"áˑ¤Ð...$s\"/faceDirection Pam 0/speak Penny \"Í˒Òā§ÇÅä»àÅÂ¹Ð¤Ð... ËɩàˢÒã¨ʴÐ˗ÒŇÒäÁ ºÒ§¤Ճ§áˑǖ§âÁâË ƚƇµ¢Í§áˑ ġ¹äˑà¤ÂʷÒÂàÅÂ...$s\"/stopAnimation Robin/faceDirection Robin 1/speak Pam \"¢Íºã¨¹Ðà˨ÒËɩ$h#$b#Ëĥ§¨Ò¡׉¾Ç¡àÃÒʁ¨Ðàʛ¹ ¤ÃÍº¤ģÇā¹¨ƃ§æċ¡Ƨ... à¸Íä˴Ƃ¹ãʺՁÂ?#$b#ĉ¹äˑÍÂÒ¡¨ÐҒ¹¢Á µÅÍ´àÇÅÒƽ¡á̅Ç...$s#$b#ĉ¹¨Ð¾ÂÒÂÒÁ à»ѕÂ¹ƚƇµĕÇàÍ§...\"/emote Penny 20/pause 100/animate Penny false true 200 0 1 2 3/positionOffset Penny 0 2/pause 50/positionOffset Penny 0 2/pause 50/positionOffset Penny 0 2/pause 50/positionOffset Penny 0 2/pause 50/positionOffset Penny 0 2/pause 50/positionOffset Penny 0 2/pause 50/positionOffset Penny 0 2/pause 50/positionOffset Penny 0 2/pause 50/positionOffset Penny 0 2/pause 50/positionOffset Penny 0 2/pause 50/positionOffset Penny 0 2/pause 50/positionOffset Penny 0 2/pause 500/positionOffset Penny 0 8/animate Penny false true 100 39/warp Pam -100 -100/playSound coin/pause 3000/fade/viewport -2000 -2000/pause 400/playMusic none/pause 1000/end",
        "itsagift_pennySpouse": "pause 200/pause 500/faceDirection Pam 2/showFrame Pam 25/pause 250/faceDirection Penny 2/speak Pam \"˶ÒÍ˒Ò§Թ¹ ĉ¹ʁ¤§¨Ð˵Í§¡ȕ¹¤ÇÒÁ ËТ§¢Í§ĕÇàÍ§á̅Ç˕Ð...\"/pause 500/speak Pam \"*ÍÐá˞Á*... ¢ÍºȤ³¹Ð @$s\"/pause 500/speak Penny \"áˑ¤Ð...$s\"/faceDirection Pam 0/speak Penny \"Í˒Òā§ÇÅä»àÅÂ¹Ð¤Ð áˑ¤Ð... ¾Ç¡àÃÒáʴÍÂÒ¡¨ÐŇÒã̋áˑ Ʊ¤ÇÒÁɊ¢àˇÒԹ¹àÍ§ʴÐ äˑƱã¤Ãã¹àȑÍ§à¾ƅá¡¹ ɤɦ¡чàÃÒÂÒ¡¨¹ËÃÍ¡¹Ð¤Ð$s\"/faceDirection Robin 1/pause 500/speak Pam \"...ĉ¹äˑ 'ÂÒ¡¨¹' ƽ¡˅Íä»á̅Ç àʔ¡˹ÍÂ... àÍÒ¤ÇÒÁŤ´Թ¹ ÍÍ¡¨Ò¡īÇä»ä˴àÅÂ!#$b#Ëĥ§¨Ò¡׉¾Ç¡àÃÒʁ¨Ð àʛ¹àËȑÍ¹¤ÃÍº¤ģÇ¨ƃ§æ ċ¡Ƨ... à¸Íä˴Ƃ¹ãʺՁÂ?#$b#ĉ¹äˑÍÂÒ¡¨ÐړǪ¡Ғ¹¢Á µÅÍ´àÇÅÒƽ¡á̅Ç...$s#$b#ĉ¹¨Ð¾ÂÒÂÒÁ à»ѕÂ¹ƚƇµĕÇàÍ§...\"/emote Penny 20/pause 100/animate Penny false true 200 0 1 2 3/positionOffset Penny 0 2/pause 50/positionOffset Penny 0 2/pause 50/positionOffset Penny 0 2/pause 50/positionOffset Penny 0 2/pause 50/positionOffset Penny 0 2/pause 50/positionOffset Penny 0 2/pause 50/positionOffset Penny 0 2/pause 50/positionOffset Penny 0 2/pause 50/positionOffset Penny 0 2/pause 50/positionOffset Penny 0 2/pause 50/positionOffset Penny 0 2/pause 50/positionOffset Penny 0 2/pause 500/positionOffset Penny 0 8/animate Penny false true 100 39/warp Pam -100 -100/playSound coin/pause 3000/fade/viewport -2000 -2000/pause 400/playMusic none/pause 1000/end",
        "3917584/f Shane 3500/O Shane/d Fri/t 800 1700": "distantBanjo/45 71/farmer 48 67 2 Marnie 52 71 0 Jas 51 71 0 Shane -100 -100 2/addConversationTopic shaneSaloon1 0/skippable/move farmer 0 3 2/warp Shane 45 71/playSound doorClose/faceDirection Marnie 3 true/faceDirection Jas 3 true/move Shane 0 1 2/pause 500/speak Shane \"֟ÇÇÇ... àұÍֱġ¹Êȹ¡Ĉ§$h#$b#äˑä˴ÃÇÁ¡ӥÁā¹ɮ´ȤÂā¹ Í˒Ò§Թ¹ÁÒċ¡Ğ¡Ǚ§á̅Ç... *à֭¡*\"/pause 500/emote Marnie 28 true/emote Jas 28 true/emote farmer 28 true/pause 1000/speak Shane \"ؽÁ... ĉ¹àËҗÍˇÇÁĕÇàÅÂ ¡ĥº˺Ò¹Ƥ¡˗Ò\"/advancedMove Shane false -10 0 0 -14 -10 0 0 -3 -10 0/move farmer 0 2 3 true/pause 3000/speak Marnie \"â̍ äˑ¹Ð... щġ¹ɤäˑƤàÅÂ$s\"/pause 500/faceDirection Jas 1/emote Jas 28/move Marnie 0 1 3 false/faceDirection Jas 2 true/move Marnie -3 0 3/faceDirection Jas 3 true/faceDirection farmer 1/speak Marnie \"@? à¸Í¤ÇÃ¨ÐĈºµÒɤà¢Ò¹Ð... ˶Ò¤Ճ§Ë˹Òà¸ÍĢ§Ĉºä˴˗Ò à¢ÒÍÍ¡ÁÒ¨Ò¡«Òɵ¹ƽ¡ à¸Í¤ÇÃ¨Ð ɮ´ÍÐäÃċ¡ËˉÍÂ...$s\"/pause 1000/faceDirection farmer 2 true/pause 100/faceDirection farmer 3/pause 1000/end dialogue Shane \"ȷ¡Í˒Ò§àƳÂº̃ÍÂƤãʺՁÂ @? Ȥ³ɤā§ÇÅ¹Ð...\"",
        "3917585/e 3917584/O Shane/A shaneSaloon1": "distantBanjo/45 71/farmer 37 67 2 Shane -100 -100 2/addConversationTopic shaneSaloon2 0/skippable/move farmer 0 3 2/warp Shane 45 71/playSound doorClose/move Shane 0 1 2/jump farmer/pause 1000/emote farmer 16/advancedMove Shane false -7 0/pause 500/textAboveHead Shane \"*à֭¡*\"/move farmer 0 2 1/speak Shane \"â̍! à̎ @ ĉ¹ıÒĥ§¨Ð¡ĥº˺Ò¹¾ÍƤ...\"/pause 500/emote farmer 40/textAboveHead Shane \"țÍ?\"/pause 2000/speak Shane \"'Ȥ³ҤÁÁÒËÃÍ?'... à»˕Ò!$a#$b#ŇÒäÁȤ³ǖ§Ť´áººԹ¹?$a\"/speed Shane 4/advancedMove Shane false 0 1 -5 0 0 -10/pause 500/textAboveHead Shane \"ҎÁ..\"/faceDirection farmer 2 true/pause 2000/emote farmer 28 true/pause 3000/end dialogue Shane \"...$a\"",
        "3917586/e 3917585/O Shane/A shaneSaloon2": "spring_day_ambient/45 71/farmer 47 71 1 Shane 37 72 1 Marnie 48 70 2/addWorldState shanePK/skippable/emote Shane 56 true/move Shane 8 0 0/pause 500/speak Shane \"âÍà¤... ĉ¹¾̃ÍÁŚÒËģºƽ¡Â¡Ǚ§á̅Ç!\"/pause 500/move Shane 0 -1 0/playSound doorClose/warp Shane -100 -100/pause 1000/faceDirection farmer 2 true/showFrame 0/emote farmer 12 true/emote Marnie 12/speak Marnie \"ι¹ä§˕Ð... ¾Ç¡àÃÒĈºà¢Òä˴ ¤ÒËę§¤Òà¢Ò Ƨ׉¾Ç¡àÃÒʁä» à¼Ū­Ë˹Òāºà¢Òā¹à¶ÍÐ ËÒÂã¨àˢÒǥ¡æ...$s\"/move farmer 0 1 3/move farmer -2 0 0/move farmer 0 -1 0/playSound doorClose/warp farmer -100 -100/move Marnie 0 2 3/move Marnie -3 0 0/move Marnie 0 -1 0/playSound doorClose/warp Marnie -100 -100/fade/viewport -1000 -1000/changeLocation Saloon/warp Shane 33 18/warp Marnie 18 21/warp farmer 19 21/faceDirection Marnie 1 true/faceDirection farmer 1 true/positionOffset farmer 0 16/advancedMove farmer false 6 0 0 -2 8 0 4 10/advancedMove Marnie false 6 0 0 -2 8 0 4 10/specificTemporarySprite shaneSaloonCola/playMusic none/pause 3000/viewport 33 18 true/pause 800/playSound Cowboy_gunshot/pause 200/emote Shane 52 true/playSound Cowboy_gunshot/pause 200/playSound Cowboy_gunshot/pause 200/playSound Cowboy_gunshot/pause 160/playSound cowboy_monsterhit/pause 140/playSound Cowboy_gunshot/pause 170/shake Shane 500/playSound cowboy_monsterhit/pause 200/playSound Cowboy_monsterDie/pause 500/playSound cowboy_gunload/pause 700/playSound Cowboy_gunshot/shake Shane 500/pause 200/playSound Cowboy_gunshot/pause 160/playSound cowboy_monsterhit/pause 140/playSound Cowboy_gunshot/pause 170/playSound cowboy_monsterhit/jump Shane/pause 200/playSound Cowboy_monsterDie/pause 500/playSound cowboy_dead/jump Shane/pause 500/textAboveHead Shane \"̽Ò¡¡!\"/pause 2000/playMusic distantBanjo/textAboveHead Shane \"àǱÍºá̅Ç...\"/pause 3000/faceDirection Shane 1 true/pause 100/faceDirection Shane 2/animate Shane false true 100 18/jump Shane/pause 500/stopAnimation Shane/showFrame Shane 0/emote Shane 16/speak Shane \"â̍ à̎! äˑړĕÇàÅÂ˗ÒƱڌªÁÍԒ˴ÇÂ$h\"/faceDirection Marnie 1 true/faceDirection farmer 3/faceDirection Marnie 0 true/faceDirection farmer 0/speak Marnie \"àª¹... щʁǴÍЪ§ч¹ÒÂŇÒ àÇÅÒÁÒчщËÃÍ?$s\"/pause 500/speak Shane \"ãʺ! à¸ÍŤ´˗ÒÍÐäÃ˕Ð?$h\"/faceDirection Shane 1 true/pause 100/faceDirection Shane 0/speak Shane \"ĉ¹ŵ´à¡Á׉Ɋ´æä»àÅÂ... #$b#ĉ¹ŇÒÍÐäÃäˑä˴àÅÂ¹Í¡¨Ò¡ à˕¹ƽ¡µÒá̅Çʁƽ¡µÒ... \"/pause 500/faceDirection Shane 1 true/pause 100/faceDirection Shane 2/pause 500/animate Shane false true 100 34/pause 500/speak Shane \"ĉ¹ä»ä¡Åǖ§ĭ¹ĔºчÊÒÁ ã¹¡ÒÃĈ´ĭ¹ĔºηÇâÅ¡... Ȥ³¨Ðɮ´˗Òĉ¹àʛ¹Ëѹ§ã¹ ¤¹чƤƧɊ´ʁä˴¹Ð$h\"/pause 500/stopAnimation Shane/pause 100/move Marnie 0 -1 1/speak Marnie \"á˅... ¡ÃÐ͛Í§¾Ç¡׉...$s\"/pause 500/faceDirection Shane 3/pause 200/emote Shane 8/speak Shane \"â̍ ι¹ġ¹ʁáʴâ¨˨Òâ¤˕Ò... ãʺ ãʺ ĉ¹ړ... ġ¹äˑƤ˅Íğ¹á˅ġ¹ ʺÇÂã̋ĉ¹ƱÊÁÒŸ...\"/pause 1000/faceDirection Shane 2/pause 200/faceDirection Shane 3/faceDirection Shane 2/faceDirection Shane 3/speak Shane \"à݋ÂÇ¹Ð... щ¾Ç¡Ȥ³Ť´˗Ò¼Á ıÒĥ§ҤÁàƪÂΓÍԒËÃÍ?$a\"/faceDirection Marnie 2/emote Marnie 28/faceDirection Shane 2/speak Shane \"@? ¼ÁºÍ¡Ȥ³á̅Ç˗Ò¼ÁäˑҤÁ...$a\"/question fork0 \"#¾Ç¡àÃÒā§ÇÅˉÐ...#ĉ¹¢Íâ·É ĉ¹ˉÒ¨ÐàҚÍã¨Ȥ³ \"/fork wewereworried/emote farmer 40/faceDirection Marnie 1/pause 1000/faceDirection Shane 2/emote Shane 40/speak Shane \"...äˑàʛ¹äÃ @. Ȥ³ʁáʴàʛ¹˛Ç§¼Á ¼ÁàˢÒã¨#$b#ğ§¹Ð... ¼Áړ˗Ò¼Áäˑä˴ÊÁɪÃ΃áºº... á˅¼Áʁ¾ÂÒÂÒÁÍ˒Ò§àʕÁч... á̅Çʁ¨Ð¾ÂÒÂÒÁ˅Íä» à¾ÃÒÐ©ÐԹ¹Ȥ³äˑ˵Í§ àʛ¹˛Ç§¼ÁËÃÍ¡¹Ð #$b#ƚƇµ¢Í§¼ÁƤ¡˗Ò чà¤Âàʛ¹ÁÒ ¼Áäˑä˴ÍԒã¹ ¤ÇÒÁȑ´Ɓ´ƽ¡˅Íä»á̅Ç...\"/pause 500/emote Marnie 20 true/emote farmer 20 true/pause 1300/faceDirection Shane 0/speak Shane \"Ȥ³ړՁÂ àÇÅÒч¼Áà˕¹à¡Á׉ ¼ÁƱÊÁÒŸÁÒ¡¨¹ äˑŤ´ǖ§àҳÍ§ҽ¹àÅÂ ġ¹ʺÇÂä˴ÁÒ¡àÇÅÒч¼ÁړǪ¡ 'ÍÂÒ¡'...\"/faceDirection Shane 2/speak Shane \"Ģ§ä§ʁµÒÁ... ¼Áʁáʴ... à˝Í... à˕¹ƽ¡µÒá̅ÇʴÍÂ¡ĥº˺Ò¹ âÍà¤¹Ð?\"/pause 1000/emote farmer 32/pause 1000/end dialogue Shane \"¾Ç¡¹ÒÂ¨Ð˵Í§ĪºÊ¹ÁÒ¡áˉæ µÍ¹чàʫ¹ĉ¹ÍԒË˹Òڅà¡ÁΚ!$h\"",
        "3917589/n gaveAlexMoney/O Alex/d Mon/d Tue/d Wed/d Thu/d Fri/d Sat": "continue/-1000 -1000/farmer 100 100 2/addWorldState saloonSportsRoom/addMailReceived saloonSportsRoom/message \"ħ¹Ʃàʛ¹ħ¹ÍÒŷµΒ... ĉ¹ˉÒ¨ÐáÇÐä»ч«Òɵ¹ ƧËĥ§á̅Çɤ˗Ò Íàʥ¡ͻıÒĥ§ŇÒÍÐäÃÍԒ!\"/end",
        "6184643/f Haley 3500/O Haley/t 800 1500/w sunny": "sweet/20 90/farmer -100 -100 2 Haley 26 90 3 Penny 16 90 3 Vincent 15 90 1 Jas 15 91 1/addConversationTopic haleyCakewalk1 0/skippable/move Haley -6 0 0/move Haley 0 -1 0/emote Vincent 28/emote Haley 8/faceDirection Haley 3/pause 500/speak Jas \"¤ɳà¾¹Ʃ¤Ð »¡Ëę§ȚÍ¤ųµÈÒÊµΓ ¢Í§Ëɩġ¹ËɅ´ÍÍ¡ä»á̅ÇʴÐ ...$s\"/speak Penny \"ã̋¤ɳɤËˉÍÂƊ¤Ð...$s\"/pause 500/move Penny 0 1 3/pause 500/speak Penny \"âÍ äˑ¹Ð... Ëę§ȚÍ¢Í§Ëɩġ¹áÂ¡ā¹á̅Ç...$s#$b#¾Ç¡ġ¹áʴàʱÒàš¹ä»ˉÐ˨Ð$s\"/faceDirection Penny 2/pause 500/showFrame Penny 23/pause 500/speak Penny \"...á˅Ëę§ȚÍà˕ÁãËˑʁá¾§ÁÒ¡ à¾ÃÒÐ©ÐԹ¹¾Ç¡àÃÒʁ ĸÒàʛ¹˵Í§ã˪¢Í§чƱ¹Ð...$s\"/pause 500/emote Haley 28/jump Vincent/pause 1500/speak Vincent \"ËÁÒÂ¤ÇÒÁ˗Ò¼Áäˑ˵Í§ ŇÒ¡ÒÃ˺Ò¹ǣà»˕Ò¤ģº?$h\"/faceDirection Jas 0/showFrame Penny 27/jump Penny/pause 1000/faceDirection Haley 0/pause 500/warp Haley -1000 -1000/playSound doorClose/pause 1000/end dialogue Haley \"ʺÇ§׉ĉ¹Ť´ǖ§ á˅àˤ¡ÍԒˊÍÂæ...\"",
        "6184644/e 8675611/O Haley/A haleyCakewalk2/t 600 1500/w sunny/i 220": "ragtime/-100 -100/farmer 29 60 2 Haley 27 64 2 Marnie 27 66 1 Caroline 29 66 1 Emily 31 66 2 Jodi 31 68 2 Lewis 25 68 1 Robin 25 70 1 Jas 31 70 3 Vincent 29 70 3 Pam 27 70 0 Clint 27 68 0 Penny 31 64 2 Pierre 25 66 1 Gus 35 66 3 Evelyn 23 67 1 George 24 67 1/removeQuest 127/removeItem 220/specificTemporarySprite haleyCakeWalk/beginSimultaneousCommand/advancedMove Marnie true 2 0 2 0 0 2 0 2 -2 0 -2 0 0 -2 0 -2/advancedMove Caroline true 2 0 0 2 0 2 -2 0 -2 0 0 -2 0 -2 2 0/advancedMove Emily true 0 2 0 2 -2 0 -2 0 0 -2 0 -2 2 0 2 0/advancedMove Jodi true 0 2 -2 0 -2 0 0 -2 0 -2 2 0 2 0 0 2/advancedMove Jas true -2 0 -2 0 0 -2 0 -2 2 0 2 0 0 2 0 2/advancedMove Vincent true -2 0 0 -2 0 -2 2 0 2 0 0 2 0 2 -2 0/advancedMove Pam true 0 -2 0 -2 2 0 2 0 0 2 0 2 -2 0 -2 0/advancedMove Clint true 0 -2 2 0 2 0 0 2 0 2 -2 0 -2 0 0 -2/endSimultaneousCommand/viewport 29 68 true/move farmer 0 4 3/pause 1000/addObject 28 64 220/playSound coin/faceDirection farmer 3/faceDirection Haley 1/speak Haley \"à̎! â̍ ƤÁÒ¡ à¸ÍàÍÒàˤ¡ÁÒ˴ÇÂ!...\"/showFrame Haley 23/playSound slimeHit/pause 400/showFrame Haley 4/pause 500/showFrame Haley 23/playSound slimeHit/pause 400/showFrame Haley 4/pause 1000/speak Haley \"ġ¹ɤϙÒÁÒ¡ ¢Íºã¨¹Ð @\"/faceDirection Haley 2/faceDirection farmer 2/speak Haley \"ġ¹ÍÍ¡ÁÒàђÂÁàÅÂ ãʺՁÂ˕Ð?\"/emote farmer 32/speak Marnie \"ȝÁ... àÎƵΒ ¾Ç¡àÃÒ¨ÐËɂ´àұÍäË˓àщÂ? ¢... ¢Ò¢Í§ĉ¹... *á˞¡* *á˞¡*$s\"/jump Haley/pause 500/speak Haley \"٭ÂÂ! ȕÁàˋÒ¹¡ËƷ´$h\"/showFrame Haley 19/playMusic none/playSound whistle/shake Haley 500/stopAdvancedMoves next/pause 500/showFrame Haley 0/pause 1000/playMusic distantBanjo/pause 2000/speak Haley \"àÍÒ˕Ð! ȷ¡æ ¤¹ä»Ȓ¹º¹њàËѕÂÁ чƱĕÇàÅ¢¹Ð\"/textAboveHead Emily \"ĉ¹Ȓ¹ÅÐ!\"/jump Vincent/textAboveHead Marnie \"ä˴\"/textAboveHead Pam \"ãʺá̅Ç\"/faceDirection Pam 0 true/faceDirection Marnie 0 true/faceDirection Vincent 0 true/faceDirection Jas 0 true/faceDirection Marnie 0 true/faceDirection Clint 0 true/faceDirection Emily 0 true/faceDirection Caroline 0 true/faceDirection Jodi 0 true/pause 1000/speak Haley \"ËÁÒÂàÅ¢¢Í§Ȥ³¨ÐºÍ¡˗Ò Ȥ³ä˴àˤ¡ÍÐäÃ!#$b#âÍà¤ ÁÒɤā¹à¶ÍÐ˗Òã¤Ãä˴ÍÐäÃ...\"/move Haley 0 -1 1/move Haley 6 0 2/move Haley 0 2 2/speak Haley \"âÍà¤ ÁÒɤā¹... #$b#á¤âÃäÅΉ Ȥ³ä˴ËÁÒÂàÅ¢ÍÐäÃ? âÍà¤... Ȥ³ä˴ģº...#$b#¢¹Áě§á¤ÃÍ·զÒ ¢Í§ˇÒ¹à·ÈÁ¹µƳàÅƇÊ... чƱà̊¹ãÂÁÒ¡àʛ¹žàÈÉ!\"/emote Marnie 28 true/textAboveHead Caroline \"â̍ ƤĈ§\"/pause 1000/speak Haley \"àÍƁƵà¸Íä˴...#$b#Ą¾àˤ¡ʊÍ¡â¡áÅµ¢Í§á¾Áч ã˚ĚµàµÍΓ¤ƳÁàºÍΓºÍ¹˴ÇÂ\"/emote Emily 32/textAboveHead Gus \"áʸÁ!\"/pause 1000/speak Pam \"à¸ÍщªÍº¢¹Á¨ƃ§æàÅÂ¹Ð àʔ¡˹ÍÂ$h\"/pause 500/speak Haley \"˅Íä»... á¨Êà¸Íä˴...#$b#¾ÒÂÎÍÊáÃŴªˋÒ¢Í§¤ƅ¹·\"/emote Jas 28 true/pause 200/speak Clint \"щàʛ¹ɺµÃâºÃÒ³ ¢Í§¤ÃÍº¤ģÇàÅÂ¹Ð ĉ¹Íºġ¹Í˒Ò§Ƥã¹ àµÒËÅÍÁ¢Í§ĉ¹#$b#â̍ ȝÁ... ĉ¹ÍÒ¨¨ÐŇÒˢÒ§˕Ò§ äË́Ź´ËˉÍÂ Ĕ§Թ¹... à̍Í... ÍÒ¨¨Ð˵Í§ÅÍ¡чġ¹äË́ÍÍ¡ á˅˚Ç¹чàËȕÍĢ§š¹ä˴áˉ¹Í¹ \"/pause 200/emote Jas 28/pause 500/speak Haley \"à˝Í âÍà¤... ˅Íä»ʁǴÍƇ¹à«¹· ¹ÒÂä˴...#$b# àˤ¡¢Í¹ä́ɺµÃ թÒàҚÍÁÊÒÁªŹ´áÅÐ թÒÊµÃÍΗàºÍΓƳ ¢Í§âÃź¹!\"/jump Vincent/textAboveHead Jodi \"â̍ äˑ¹Ð...\"/pause 800/jump Vincent/pause 800/jump Vincent/pause 800/speak Haley \"Ė´ÁÒ â¨ׄ Ȥ³¨Ðä˴¡ĥº˺Ò¹¾̃ÍÁāº...#$b# àˤ¡à̃´àÇÅàÇ·ɺµÃ »ÅÍ´ÊÒÃžÉ¢Í§àÍƁƵ... ã˪ƪ·àҮÍŇÒã̋àˤ¡Ʊƺá´§!\"/pause 200/textAboveHead Jodi \"ˉÒÍ˓ÍÂ!\"/pause 800/viewport move 0 -1 1500/move Haley 0 -2 3/move Haley -5 0 2/speak Haley \"...áÅÐɊ´˷ÒÂá˅äˑ˷ÒÂɊ´ á¾Á! Ȥ³ǴÍڌâª¤Ƥä˴ģº àˤ¡ʊÍ¡â¡áÅµɊ´ËɳËÃÒ ¨Ò¡ÊÒƱ¢Í§ĉ¹^...áÅÐɊ´˷ÒÂá˅äˑ˷ÒÂɊ´: á¾Á! Ȥ³ǴÍڌâª¤Ƥä˴ģº àˤ¡ʊÍ¡â¡áÅµɊ´ËɳËÃÒ ¨Ò¡ÀÃÃÂÒ¢Í§ĉ¹\"/pause 500/textAboveHead Pam \"¢Íºã¨àʔ¡˹ÍÂ\"/pause 1000/speak Haley \"¢ÍºȤ³ȷ¡¤¹ч ÁÒàˢÒ˓ÇÁã¹ħ¹׉¹Ð ¾Ç¡àÃÒä˴àŧ¹ÁÒ¡¡˗Ò 5,000g!\"/pause 500/speak George \"á̅Ç¨ÐàÍÒàŧ¹щ ä»ã˪ŚÒËģºÍÐäÃ à¸Í¨Ð؛Í¡ÃÐà͛ÒÊµÒ§ʹ ãºãËˑËÃÍ?\"/pause 200/faceDirection Haley 1/speak Haley \"¨ƃ§æá̅Ç... щŚÒËģºà¾¹ƩˉÐ\"/faceDirection Penny 3/faceDirection farmer 1 true/emote Penny 8/speak Haley \"à¾¹Ʃ àұÍħ¹ʱÍ¹ĉ¹ä˴Ƃ¹чà¸Íɮ´ àбÂÇāºËę§ȚÍàƳÂ¹¢Í§ á¨ÊáÅÐƇ¹à«¹· ġ¹ğ§ɤàËȑÍ¹à¸Í ˵Í§¡ÒÃ¤ÇÒÁʺÇÂàËȕÍ...\"/jump Penny/pause 500/textAboveHead Penny \"Ëę§ȚÍãËˑ!\"/pause 800/faceDirection Penny 2/speak Penny \"àʔ¡æ ¾Ç¡à¸Íä˴Ƃ¹ՁÂ̘Ð? ¾Ç¡à¸Í¨Ðä˴Ëę§ȚÍàƳÂ¹ à˕ÁãËˑàѝÂÁ!\"/emote Jas 20 true/emote Vincent 28/pause 500/faceDirection Penny 3/speak Penny \"ĉ¹äˑړ˗Ò¨Ðɮ´ÍÐäÃƤ... ¢ÍºȤ³ÁÒ¡¹Ð¤Ð$h#$b#...¾Ç¡à¸ÍԷ§ӴàÅÂ!$h\"/emote farmer 32/viewport move -1 0 3000/advancedMove George false 0 -5 24 0/advancedMove Evelyn false 1 0 0 -5 24 0/move Haley 2 0 2/pause 2000/faceDirection Robin 0/faceDirection Pierre 2/speak Robin \"à̎ àÅƇÊ... àҩÍ§¨Ò¡¾Ç¡àÃÒã̋ ȷ¹¡ÒÃǨ¡ÉÒâ´Âчäˑä˴ ä»Ӣ§āº§º¢Í§àȑÍ§ Ȥ³¨ÐʺÇÂÅ´ÀÒƹã̋ ȸÃš¨¢Í§¾Ç¡àÃÒãʺՁÂ?$h\"/pause 500/showFrame Lewis 26/jump Lewis/playSound Duck/positionOffset Lewis -4 0/pause 30/positionOffset Lewis -4 0/pause 30/positionOffset Lewis -4 0/pause 30/positionOffset Lewis -4 0/pause 30/positionOffset Lewis -4 0/pause 30/positionOffset Lewis -4 0/pause 30/positionOffset Lewis -4 0/pause 30/positionOffset Lewis -4 0/pause 30/positionOffset Lewis -4 0/pause 30/positionOffset Lewis -4 0/pause 30/positionOffset Lewis -4 0/pause 30/positionOffset Lewis -4 0/pause 30/positionOffset Lewis -4 0/pause 30/positionOffset Lewis -4 0/pause 30/positionOffset Lewis -4 0/pause 30/positionOffset Lewis -4 0/pause 30/positionOffset Lewis -4 0/advancedMove Robin false 0 -1 3 100/advancedMove Pierre false 0 1 3 100/pause 1500/end dialogue Haley \"ġ¹ǴÍ ¤ÇÒÁŚÒàʣ¨¤Ճ§Т§ãËʽ! ¢ÍºȤ³чʺÇÂā¹¹Ð¤Ðчģ¡\"",
        "15389722/j 57": "springtown/62 93/farmer 54 94 1 Lewis 62 94 0 Robin 64 93 3/skippable/move farmer 6 0 1 true/animate Robin false true 100 24 25 26 27 27 27 27 27 27 27 27/pause 200/playSound crafting/pause 1200/playSound crafting/pause 1200/playSound crafting/pause 1200/playSound crafting/pause 500/stopAnimation Robin/faceDirection Lewis 3/speak Lewis \"̽Ð ÊħÊƤ @ Ȥ³ÁÒɦ¡Ĉ§ËÇÐ¾ÍƤàÅÂ$h\"/pause 500/emote farmer 8/move farmer 1 0 0 true/faceDirection Lewis 0/pause 200/speak Lewis \"ġ¹ǴÍ¡ÃÐ´Ò¹ 'ĴÒϊ§؛ÍžàÈÉ' #$b#âÃź¹āºĉ¹ʺÇÂā¹ ỄÒ§ġ¹ע¹ÁÒԵ§á˅ Ģ§àʛ¹áºº˓Ò§àÅÂ$h\"/pause 500/speak Robin \"ȝÁ... àÅƇÊ? Է§ËÁ´чȤ³ŇÒʁǴÍ ȆÍµÐɫàÍÒä̇\"/pause 300/showFrame Lewis 26/playSound slimedead/jump Lewis/shake Lewis 1000/pause 1300/showFrame Lewis 12/faceDirection farmer 1/faceDirection Lewis 3/speak Lewis \"*ÍÐá˞Á*... Í˒Òä»Ê¹ã¨à¸ÍàÅÂ$5\"/pause 400/faceDirection Lewis 0/speak Lewis \"Ƨ׉ ã̋ĉ¹ÍŸºÒÂËˉÍÂ...\"/showFrame Lewis 20/speak Lewis \"Í˒Ò§чȤ³àʫ¹... ¨Ò¡¡ÒÃч¿ÒΓÁ %farm ¡ĥºÁÒà¤ҵÍ¹äËÇƽ¡¤Ճ§ àÈÃÉ°š¨˷Í§Ж¹ʁƤע¹ÁÒ¡#$b#¼Åĥ¾ΈʁǴÍ ªÒÇàȑÍ§ºÒ§¤¹¶ÒÁĉ¹˗Ò ¨ÐËÒáË˕§ħµȶŴº˷Í§Ж¹ ŚÒËģºȸÃš¨ ËȓÍâ¤Ã§¡ÒÃ¢Í§à¢Ò ä˴¨Ò¡чäË¹\"/pause 200/showFrame Lewis 8/faceDirection Lewis 0/speak Lewis \"âÃź¹āºĉ¹ʁàÅÂ ݲ§äÍàƤÂ¡ÃÐ´Ò¹ 'ĴÒϊ§؛ÍžàÈÉ' ע¹ÁÒ ڌ¤¹¾Ç¡Թ¹¨Ð»ÃÐ¡ÒÈ ˨Ò§§Ò¹ÂÒ¡æ чщ ˉÒɤ¨ÐàˢÒˇÒ¡˗Ò¡ÃÐ´Ò¹àʱÒæ Ë˹Ò̃Ò¹¢Í§ŻáÍΓ˕Ð¹Ð\"/faceDirection farmer 0/pause 500/faceDirection Robin 3/move Robin 0 1 3/speak Robin \"ãʺ... ĕÇÍ˒Ò§àʺ¹ ĉ¹ÍÂÒ¡¨Ðϊ§ä́àةÍáʂ§ (hardwood) ŚÒËģºàƥÂ§чĉ¹¨ÐỄÒ§ע¹$h#$b#ĉ¹¨ÐäˑĚ§Ąºà¸Í á˅˶Òà¸ÍÍÂÒ¡¨ÐʺÇÂĉ¹˕Ðʁ à¸ÍʁµÍºģº§Ò¹ ¨Ò¡¡ÃÐ´Ò¹׉ä˴#$b#ã¤Ã¨Ðړ ºÒ§Ƨ˶ÒàƥÂ§ÍÍ¡ÁÒƤ ĉ¹ÍÒ¨¨Ð¢ÒÂġ¹ч̃Ò¹ʁä˴!$h\"/faceDirection farmer 1/quickQuestion #ĉ¹¨ÐÃÍʺÇÂ¹Ð!#éàͭ... äˑړƊ... ä̇àÃÒʴÍÂȤÂā¹¹Ð...(break)faceDirection Lewis 3\\speak Lewis \"˗Òá̅ÇàƚÂÇ! ĉ¹äˑŤ´˗Ò à¸Í¨Ð»ůàÊ¸ËÃÍ¡ @\"\\emote Robin 20\\speak Robin \"ԧ¹ àÃÒʁɮ´˗Òà¸Í... --ע¹àȓÍŕÒàƤÂÇā¹-- ä˴ˉÐƊ?$4\"\\pause 400\\showFrame Lewis 27\\shake Lewis 200\\pause 400\\textAboveHead Lewis \"*âÍÂÂÂ*\"\\animate Robin false true 150 32 33\\pause 1200\\showFrame Lewis 0\\faceDirection Lewis 3\\speak Lewis \"âÍà¤ ĉ¹ρ¹ã¨˗ÒȤ³Ӣ§ÍԒ à¾ÃÒÐ©ÐԹ¹àÃÒ¨ÐäˑáÂ¡Ȥ³ ÍÍ¡ÁÒ¨Ò¡§Ò¹á̅Ç#$b#àËȑÍ¹ȷ¡Ƨ ĉ¹׫§ã¨ã¹¤ÇÒÁàʕÁã¨ ˓ÇÁ˴ÇÂʺÇÂā¹ ¢Í§à¸Í¨ƃ§æ!$h#$b#ɤáÅĕÇàÍ§˴ÇÂ˕Ð @\"(break)faceDirection Lewis 3\\emote Lewis 28\\speak Lewis \"àËÍ... ĉ¹äˑŤ´˗Òà¸Í¨Ð µÍºģºÍ˒Ò§àʢ¹ªÒ¹Ð @ ĉ¹˕Ðż´Ëħ§¨ƃ§æ $s\"\\pause 400\\speak Robin \"ġ¹äˑàʛ¹äÃˉÒ àÅƇÊ... ¡ÒÃʺÇÂàËȕÍġ¹˵Í§ äˑ¡´Ĕ¹ā¹Ɗ$5#$b#ºÒ§Ƨĉ¹ÍÒ¨¨Ðã̋ à«ºÒÊàƥÂ¹ÁÒʺÇÂä˴ ¹Í¡¨Ò¡§Ò¹¤ÍÁžÇàµÍΓá̅Ç à¢ÒʁʺÇÂ§Ò¹Í˒Ò§ҽ¹ä˴ÅÐ\"\\playMusic none\\pause 500\\speak Lewis \"ҎÁÁÁ... àÍÒ˕Ð àÃÒËÁ´ȸÃÐчщá̅Ç âÃź¹$u#$b#...äˑÍÂÒ¡¨ÐÃº¡Ç¹àÇÅÒ '˚Ç¹ĕÇ' ĭ¹ƱʴÒ¢Í§ @ á̅Ç˕Ð$u\"\\faceDirection Lewis 1(break)/pause 2000/end"
    }
}
