{
    "header": {
        "target": "w",
        "formatVersion": 5,
        "hidef": true,
        "compressed": 128
    },
    "readers": [
        {
            "type": "Microsoft.Xna.Framework.Content.DictionaryReader`2[[System.String, mscorlib, Version=4.0.0.0, Culture=neutral, PublicKeyToken=b77a5c561934e089],[System.String, mscorlib, Version=4.0.0.0, Culture=neutral, PublicKeyToken=b77a5c561934e089]]",
            "version": 0
        },
        {
            "type": "Microsoft.Xna.Framework.Content.StringReader",
            "version": 0
        }
    ],
    "content": {
        "35/f Penny 1000/p Penny": "50s/-1000 -1000/farmer -30 30 0 Penny 12 7 0 Pam -100 -100 0/skippable/specificTemporarySprite pennyMess/viewport 12 7 true/pause 1000/speak Penny \"̽Ò... Ê¡»Ã¡¨ƃ§æ àÅÂƊˉÒ..$s\"/pause 500/warp farmer 12 9/playSound doorClose/pause 500/faceDirection Penny 2/pause 500/emote Penny 16/pause 300/speak Penny \"@! à˝Í... â·ÉƧ¹Ð ÍÒ¨¨ÐÃ¡ä»ËˉÍÂ ĉ¹ ĉ¹¨ÐŇÒ¤ÇÒÁÊÐÍÒ´ ġ¹á̅Ç˕Ð$u\"/pause 500/move farmer 0 -1 0/pause 600/emote Penny 32/pause 300/speak Penny \"àË? ¨ÐʺÇÂĉ¹àËÃÍ? ġ¹¨ÐƤàËÃÍ?$h\"/pause 500/faceDirection Penny 1/faceDirection farmer 1/speak Penny \"ʁä˴ ԧ¹Ȥ³ŇÒµÃ§Թ¹ á̅Çā¹¹Ð ĉ¹¨ÐĈ´¡ÒÃã¹¤ģÇàÍ§\"/move farmer 2 0 1/move farmer 0 -2 1/move farmer 1 0 1/move Penny -1 0 0/animate Penny false true 100 24 25/animate farmer false true 100 35/pause 200/playSound dwop/removeSprite 16 6/pause 200/move Penny -1 0 0/animate Penny false true 100 24 25/stopAnimation farmer/faceDirection farmer 0/pause 1200/stopAnimation Penny/removeSprite 10 5/playSound dwop/move Penny -1 0 0/animate Penny false true 100 24 25/pause 900/animate farmer false true 100 41/pause 300/playSound dwop/removeSprite 15 5/stopAnimation farmer/pause 1400/stopAnimation Penny/move Penny 1 0 0/pause 800/warp Pam 12 9/playSound doorClose/stopMusic/move Pam 0 -1 0/faceDirection Penny 2/faceDirection farmer 3/faceDirection Pam 1/pause 500/faceDirection Pam 3/speak Pam \"щà¸ÍŇÒÍÐäÃ ¢Í§à¸ÍàщÂ?!$u\"/faceDirection Pam 1/faceDirection Pam 3/faceDirection Pam 0/speak Pam \"щ Í˒ÒƊ! ĉ¹ªÍºã̋ġ¹ÍԒáººԹ¹!$u\"/move Penny 2 0 2/pause 500/emote Penny 28/pause 500/speak Penny \"áˑ¤Ð á˅щġ¹Ã¡ÁÒ¡æ àÅÂ¹Ð @ āºËɩıÒĥ§ʺÇÂā¹ ŇÒ¤ÇÒÁÊÐÍÒ´ÍԒ#$b#*ȿ´ſ´* *ȿ´ſ´*... щáˑä»«Òɵ¹ÁÒàËÃÍ? ĕÇáˑƱ¡Х¹àƪÂΓ˴ÇÂ...$s\"/pause 300/move Pam -1 0 3/emote Pam 12/pause 400/speak Pam \"ĉ¹¨Ðä»äË¹ ʁäˑàбÂÇāºá¡ċ¡ËˉÍÂ Í˒ÒÁÒӢ§!$4\"/pause 500/speak Penny \"àбÂÇƊ¤Ð! áˑıÒĥ§ŇÒ̃ÒÂĕÇàÍ§ÍԒ¹Ð!$a#$b#äˑ˗Òáˑ¨ÐŇÒÍÐäÃ ġ¹ʁŕÒºÒ¡ÁÒǖ§ËɩԷ§Թ¹! àƅ¡àʫ¹áʱĕÇä˴á̅Ç!$a\"/faceDirection Pam 0/shake Pam 5000/pause 600/speak Pam \"àʫ¹áʱĕÇ? ã¤Ãàʛ¹¤¹ ã̋чȫ¡īÇ¹Í¹āºá¡ā¹ÎÐ ã¤Ãā¹ч àʛ¹¤¹ËÒàغÍ˼Òã̋á¡ã˚? àƳÂ¡ĉ¹˗Ò àʫ¹-áʱ-ĕÇ àËÃÍ!? ę§ɵ¡à¹ÃȤ--...$u\"/pause 500/emote farmer 28/pause 500/faceDirection Pam 1/faceDirection Penny 1/move farmer -2 0 2/move farmer 0 2 3/pause 500/speak Pam \"à¸Í¤ÇÃ¨Ðä»ä˴á̅Ç ĉ¹.. äˑÍÂÒ¡ã̋à¸ÍÁÒàʫ¹ ÍÐäÃáºº׉ËÃÍ¡¹Ð ¢Íâ·É˴ÇÂ$4\"/pause 500/move farmer -1 0 2/move farmer 0 1 2/pause 500/faceDirection farmer 0/faceDirection Penny 2/pause 700/faceDirection farmer 2/pause 500/warp farmer -40 -40/playSound doorClose/pause 500/move Pam 0 -1 1/pause 300/faceDirection Penny 3/speak Pam \"à¢Òàʛ¹ڌªÒÂчƤ¹Ð...^à¸Íàʛ¹ڌËŭ§чƤ¹Ð...\"/speak Pam \"á˅ĉ¹äˑ˵Í§¡ÒÃ ã̋à¸ÍàчÂÇã̋¤¹ҽ¹ ÁÒŇÒ¤ÇÒÁÊÐÍÒ´ ˺Ò¹¢Í§ĉ¹! ġ¹ˉÒ¢ÒÂË˹Ò àˢÒã¨ãʺäËÁ?$4\"/pause 300/faceDirection Penny 2/pause 600/showFrame Penny 23/pause 700/speak Penny \"...ʴÐáˑ$s\"/pause 1000/mail PennyCleanTrailer/end warpOut",
        "36/f Penny 1500/p Penny": "musicboxsong/9 7/farmer -30 30 0 Penny 9 7 0/skippable/pause 1000/playSound doorClose/warp farmer 12 9/pause 400/faceDirection Penny 2/pause 300/speak Penny \"@ ÁÒä˴àÇÅÒ¾ÍƤàÅÂ!#$b#ĉ¹ÅÍ§ÍÒËÒÃɺµÃãËˑˉÐ ŇÒàÊʣ¨¾ÍƤàÅÂ!$h\"/pause 400/move farmer 0 -2 3/faceDirection Penny 1/move farmer -2 0 3/speak Penny \"¢Íä»Ĉ´¡ÒÃ˅Í á»»Ëѹ§¹Ð\"/pause 200/faceDirection Penny 0/pause 200/animate Penny false true 120 29 30/playSound crafting/pause 320/playSound crafting/pause 320/playSound crafting/pause 320/playSound crafting/pause 320/stopAnimation Penny/pause 500/playSound openBox/showFrame Penny 29/pause 400/playSound furnace/showFrame Penny 30/pause 1500/playSound clank/faceDirection Penny 0/pause 500/faceDirection Penny 1 true/showFrame Penny 28/speak Penny \"щ ÅÍ§ŪÁɤËˉÍÂՁÂ\"/pause 800/faceDirection farmer 2/farmerEat 200/showFrame Penny 4/pause 2500/stopAnimation farmer/pause 500/playSound gulp/animate farmer false true 350 104 105/pause 500/specificTemporarySprite pennyCook/pause 1500/faceDirection farmer 2/pause 500/speak Penny \"$q 72 null#...àʛ¹ä§˺Ò§¤Ð?#$r 72 50 event_cook1#(â¡Ë¡) ȝÁÁ! Í˓ÍÂÁÒ¡àÅÂ!#$r 73 -50 event_cook2#à˝Í... äˑš¹˅Íá̅Çä˴äËÁ?#$r 73 0 event_cook3#ÃÊªÒŵ¢Í§ġ¹.. äˑàËȑÍ¹ÍÐäÃч à¤Âš¹ÁÒàÅÂ... »Ƀ§Ģ§ä§ǖ§ÍÍ¡ÁÒá˒ ¢¹Ò´׉àщÂ? \"/pause 500/speak Penny \"$p 72#щ Ģ§ä§Ȥ³ʁä˴àʛ¹ ¤¹ÅÍ§ŪÁ¤¹áÃ¡ ĉ¹˗Ò¨ÐԵ§ҚÍġ¹˗Ò 'ŪÅƅ à´Í @$h|˝ÒÒÒ.. ʁ ÍÒ¨¨ÐƱÍÐäÃż´¾ÅÒ´āº.. ˚Ç¹¼ÊÁ˕ÐՁ§¤Ð...$s\"/stopAnimation farmer/faceDirection farmer 3/pause 600/speak Penny \"ؽÁ.. á̅Ç.. Ê¹ã¨¨ÐɤËę§ ËȓÍËÒÍÐäÃŇÒ˴ÇÂā¹ ǣà»˕Ò¤Ð?\"/pause 500/move farmer 5 0 0 true/move Penny 5 0 0 true/globalFade/viewport -1000 -1000/end dialogue Penny \"Ģ§ä§ʁ ¢ÍºȤ³чʺÇÂŪÁ ã̋¹Ð¤Ð$h\"",
        "963313/n pamPotatoJuice": "playful/10 7/farmer -100 -100 0 Pam 10 7 0/mail pamNewChannel/skippable/pause 3000/speak Pam \"ÍÐ˞Ò... ¢Í§ÁÒ˚§á̅ÇƊ¹Ð$h\"/pause 500/speak Pam \"äË¹ ÁÒŪÁĪ¡¡ǣêºàʛ¹ä§$h\"/pause 1000/playSound coin/showFrame Pam 32/pause 2000/animate Pam false true 400 33 34/playSound glug/pause 800/playSound glug/pause 800/playSound glug/pause 800/playSound glug/pause 790/stopAnimation Pam/showFrame Pam 32/pause 400/emote Pam 40/pause 800/showFrame Pam 35/textAboveHead Pam \"¾̳Ç´´´!\"/playSound slimedead/shake Pam 2000/pause 2000/animate Pam false true 400 28 29/speak Pam \"ĉ¹ºÍ¡˗Ò ġ¹½σ§! äˑãʺäµƅ§ºÒɪ¹´Í§!$u\"/pause 2000/end dialogue Pam \"թÒ¼Åä́ι¹ˉÐàÃÍÐ? ʺÒÂÂ ĉ¹ŪÁġ¹á̅Ç à˨ÒËɩ$4#$b#ÃÊªÒŵàʛ¹ä§ˉÐàËÃÍ? ...àҳÍ§ºÒ§Í˒Ò§ äˑ˵Í§ä»ɮ´ǖ§¨ÐƤ¡˗Ò »˕ÍÂæ ġ¹ä»˺Ò§à¶ÍÐ$4\""
    }
}
