{
    "header": {
        "target": "w",
        "formatVersion": 5,
        "hidef": true,
        "compressed": 128
    },
    "readers": [
        {
            "type": "Microsoft.Xna.Framework.Content.DictionaryReader`2[[System.String, mscorlib, Version=4.0.0.0, Culture=neutral, PublicKeyToken=b77a5c561934e089],[System.String, mscorlib, Version=4.0.0.0, Culture=neutral, PublicKeyToken=b77a5c561934e089]]",
            "version": 0
        },
        {
            "type": "Microsoft.Xna.Framework.Content.StringReader",
            "version": 0
        }
    ],
    "content": {
        "112/n seenJunimoNote": "WizardSong/-1000 -1000/farmer 8 24 0 Wizard 10 15 2 Junimo -2000 -2000 2/skippable/addConversationTopic cc_Begin/showFrame Wizard 20/viewport 8 18 true/move farmer 0 -3 0/pause 2000/speak Wizard \"˝Ò... àˢÒÁÒƊ\"/pause 800/animate Wizard false false 100 20 21 22 0/playSound dwop/pause 1000/stopAnimation Wizard/move Wizard -2 0 3 false/move Wizard 0 2 2/pause 1500/speak Wizard \"ˢÒƱ¹ÒÁ˗Ò ÃÒÊâÁàƤÂÊ... ڌáÊÇ§ËÒĪ¨¸ÃÃÁá˛§Á¹µÃÒ#$b#ҺÍ¡ÅÒ§ÃÐË˗Ò§ Ъ§чĈº˵Í§ä˴áÅÐ Ъ§чä̃ĕÇµ¹#$b#ڌàкÂÇªÒ­á˛§ ¸ÒȵԷ§àʈ´#$b#ڌžė¡Ιá˛§ ̋Í§Ĩ¡ڴƊ-... à˨Ò¤§àˢÒã¨á̅ÇƊ¹Ð\"/pause 1000/move Wizard 0 1 2/speak Wizard \"áÅÐà˨Ò... @ ڌчˢÒÁÍ§àʫ¹ǖ§¡ÒÃÁÒǖ§ ä̇àЙ¹¹Ò¹ÁÒá̅Ç\"/pause 1500/speak Wizard \"ÁÒщƊ ˢÒÍÂÒ¡¨Ðã̋à˨Ò ɤÍÐäÃºÒ§Í˒Ò§ \"/pause 500/faceDirection Wizard 1/playMusic none/pause 800/speak Wizard \"ĈºµÒɤã̋Ƥ!\"/playMusic clubloop/pause 1000/showFrame Wizard 19/playSound wand/screenFlash .8/warp Junimo 10 17/specificTemporarySprite junimoCage/pause 3000/shake Junimo 800/playSound junimoMeep1/pause 1000/shake Junimo 800/playSound junimoMeep1/pause 1000/faceDirection Wizard 1 true/showFrame Wizard 4/pause 2000/shake Junimo 800/playSound junimoMeep1/pause 1000/speak Wizard \"à˨Òà¤Âàʫ¹Ëѹ§ã¹ ¾Ç¡à¢ÒÁÒʱÍ¹ á̅ÇãʺËȓÍäˑ? \"/move Wizard 0 -1 1/pause 1000/shake Junimo 800/playSound junimoMeep1/pause 1000/speak Wizard \"¾Ç¡à¢ÒàƳÂ¡ĕÇàÍ§˗Ò 'ɘŹâˑ'...#$b#àʛ¹ŨµƇ­­Ò³ǥ¡ĥº á˅·˗Ò ˴ÇÂàËȵ¼ÅÍÐäÃºÒ§Í˒Ò§ ɘŹâˑµ¹׉.... »ůàÊ¸ч¨ÐȤÂāºˢÒ \"/pause 1000/playSound dwop/faceDirection Wizard 2 true/showFrame Wizard 16/pause 500/playSound wand/screenFlash .8/warp Junimo -3000 -3000/specificTemporarySprite junimoCageGone/playMusic WizardSong/pause 1000/showFrame Wizard 0/pause 500/speak Wizard \"ˢÒäˑʴÍÂáˉã¨˗ÒŇÒäÁ ¾Ç¡à¢Òǖ§àˢÒä»ÍԒ ã¹ɸ¹ΒȪÁª¹ á˅à˨Ò äˑƱàËȵ¼Åч¨Ð˵Í§¡ĥÇ ¾Ç¡à¢ÒËÃÍ¡¹Ð\"/pause 1000/move farmer 0 -1 0/emote farmer 48/pause 1000/speak Wizard \"țÁÁ? à˨Ò¾ºáˌ¹˻ÒÂƺ·Í§ чàƒÂ¹˴ÇÂÀÒÉÒá»Å¡æ ԧ¹àËÃÍ?#$b#ʺÒ§ˉÒÊ¹ã¨¨ƃ§æ...\"/move Wizard 0 1 2/speak Wizard \"ÃÍÍԒщʱÍ¹ ˢÒ¨Ðä»ɤ˴ÇÂĕÇàÍ§ á̅ÇˢÒ¨ÐƳº¡ĥºÁÒ\"/pause 1000/playSound shwip/faceDirection Wizard 3 true/pause 50/faceDirection Wizard 0 true/pause 50/faceDirection Wizard 1 true/pause 50/faceDirection Wizard 2 true/pause 50/showFrame Wizard 16/pause 500/playSound wand/warp Wizard -3000 -3000/specificTemporarySprite wizardWarp/pause 2000/faceDirection farmer 1/faceDirection farmer 3/faceDirection farmer 0/pause 2000/playSound dwop/faceDirection Wizard 0 true/faceDirection farmer 1 true/pause 50/faceDirection farmer 2/pause 1500/playSound doorClose/warp Wizard 8 24/faceDirection farmer 2 true/showFrame farmer 94/startJittering/move Wizard 0 -1 0/stopJittering/showFrame farmer 0/move Wizard 0 -2 0/speak Wizard \"ˢÒà¨ÍĚ¹Ǘ¡ι¹á̅Ç...\"/move Wizard -2 0 3/pause 800/speak Wizard \"ÀÒÉÒàȕÍ¹ÃÒ§ę¡ á˅ˢÒÊÒÁÒÃ¶ ¶Í´ÃīÊÍÍ¡ÁÒä˴:\"/pause 1000/message \"àÃÒ àË˕ÒɘŹâˑ Ƃ¹Ƥч¨ÐʺÇÂàËȕÍˇÒ¹ ã¹·Ò§¡ĥºā¹ àÃÒ¢Í¢Í§¢ħ­ á˛§ɋºà¢Òá˛§׉ àʛ¹¡ÒÃµÍºá·¹ ËÒ¡ˇÒ¹àʛ¹ Ëѹ§àƤÂÇāºˋÒá̅Ç ˇÒ¹ʁ¨Ðàʫ¹ĥ¡É³Ð чá˷¨ƃ§¢Í§áˌ¹˻ÒÂ׉ \"/pause 500/move Wizard 0 -2 3/faceDirection farmer 3 true/move Wizard -3 0 2/pause 1000/showFrame Wizard 18/emote Wizard 40/speak Wizard \"ȝÁ... 'Ëѹ§àƤÂÇāºˋÒ'... ¾Ç¡à¢ÒËÁÒÂǖ§ÍÐäÃā¹¹Ð? \"/pause 1000/speak Wizard \"... *ȿ´ſ´* ... *ȿ´ſ´* ...\"/pause 1500/showFrame Wizard 0/jump Wizard/pause 800/speak Wizard \"ÍÒ˞Ò!$h\"/pause 800/faceDirection Wizard 1/speak Wizard \"ÁÒщ!$h\"/pause 500/move farmer -2 0 0/move farmer 0 -1 3/move farmer -2 0 3/move Wizard -1 0 2/move farmer -1 0 2/pause 500/speak Wizard \"Ë́ÍãËʽ¢Í§ˢÒ àʕÁä»˴ÇÂ˚Ç¹¼ÊÁ¨Ò¡ˋÒ$h#$b#˵¹àſΓ¹˝Í¹, ˴Ç§ÁÍÊ, àʫ´žÉà¤ȕÍº¤ÒÃÒàÁÅ... à˨Òä˴¡Х¹äËÁ?$h\"/pause 500/showFrame Wizard 18/showFrame 96/pause 1000/speak Wizard \"щ ÅÍ§ҤÁɤƊ ã̋ÊÒÃÊā´á˛§ˋÒ àË˕Ò׉á·Ã¡ǋÁ ä»ηÇ¡ÒÂà˨Ò$h\"/pause 800/emote farmer 28/showFrame Wizard 19/pause 800/showFrame farmer 90/pause 1000/farmerEat 184/pause 4000/playSound gulp/animate farmer false true 350 104 105/pause 4000/specificTemporarySprite farmerForestVision/pause 7000/pause 19500/globalFade .008/specificTemporarySprite junimoCageGone2/viewport -1000 -1000/playMusic none/pause 2000/playSound reward/pause 300/message \"à˨Òä˴ģº¾ĥ§àÇ·Á¹µΓá˛§ˋÒá̅Ç µÍ¹׉à˨ÒÊÒÁÒÃ¶¶Í´ÃīÊ ¤ÇÒÁËÁÒÂчá˷¨ƃ§ º¹áˌ¹˻ÒÂ¢Í§ɘŹâˑ ä˴á̅Ç˕Ð\"/end warpOut",
        "418172/n hasPickedUpMagicInk": "WizardSong/2 14/farmer 3 14 3 Wizard 1 14 1/skippable/pause 1000/speak Wizard \"à˨Ò¾ºթÒËǡ¡ ¢Í§ˢÒá̅ÇàËÃÍ! àђÂÁä»àÅÂ\"/move Wizard 1 0 1/pause 1000/speak Wizard \"˝Ò...\"/faceDirection Wizard 2/pause 500/showFrame Wizard 18/pause 500/speak Wizard \"щà˨Ò... äˑä˴Ě§àƍ­à¨ÍÍƤµÀÃÃÂÒ ˢÒËÃÍ¡ãʺՁÂ#$b#äˑàËÃÍ? á̅Ç˺Ò¹¢Í§à¸Í˕Ð...?#$b#à˨ÒŤ´˗Ò à¸ÍÍԒ¤¹àƤÂÇËȓÍà»˕Ò? ËȓÍ˗Ò...$h\"/pause 500/showFrame Wizard 0/emote Wizard 12/pause 500/faceDirection Wizard 3/pause 500/speak Wizard \"...ĭ¹ч¨ƃ§ äˑ˵Í§ºÍ¡ˢÒËÃÍ¡... ˢÒäˑÍÂÒ¡ړ\"/pause 500/pause 500/faceDirection Wizard 2/pause 500/speak Wizard \"˗Òá˅... à˨Ò¤§¨ÐÊ§ĪÂàбÂÇāº ÃÒ§ħÅ¢Í§à˨ÒƊ¹Ð щ...\"/move Wizard -1 0 1/pause 800/faceDirection Wizard 2/pause 1000/showFrame Wizard 16/pause 800/specificTemporarySprite arcaneBook/playSound fireball/shake Wizard 500/pause 4000/faceDirection farmer 0/faceDirection Wizard 1/faceDirection Wizard 0/pause 500/speak Wizard \"щàʛ¹ŅÒÃÒĭ­àŪ­#$b#¾ĥ§àÇ·Á¹µΓ àˢÁˢ¹ÁÒ¡... á˅ˢÒ¨ÐÊɃ»ã̋ğ§ʷÒÂæ á̅Çā¹#$b#àұÍã˪ŅÒÃÒà˕Á׉ à˨Ò¨ÐÊÒÁÒÃ¶ĭ­àŪ­ Ъ§ʱÍỄÒ§ƇàÈÉ ÁÒԵ§ã¹¿ÒΓÁ¢Í§à˨Òä˴#$b# ˢÒŤ´˗Òà˨Ò¨Ð¾º˗Ò ġ¹Ʊ»ÃÐâÂªΉ¹Ð\"/pause 500/faceDirection farmer 3/faceDirection Wizard 1/speak Wizard \"â̍ àǱÍºȕÁɮ´ä»... *ÍÐá˞Á* ... ¢ÍºȤ³\"/pause 1000/emote farmer 32/pause 800/end"
    }
}
