{
    "header": {
        "target": "w",
        "formatVersion": 5,
        "hidef": true,
        "compressed": 128
    },
    "readers": [
        {
            "type": "Microsoft.Xna.Framework.Content.DictionaryReader`2[[System.String, mscorlib, Version=4.0.0.0, Culture=neutral, PublicKeyToken=b77a5c561934e089],[System.String, mscorlib, Version=4.0.0.0, Culture=neutral, PublicKeyToken=b77a5c561934e089]]",
            "version": 0
        },
        {
            "type": "Microsoft.Xna.Framework.Content.StringReader",
            "version": 0
        }
    ],
    "content": {
        "2123343/e 2111294/t 2200 2540/w sunny/F/D Emily": "nightTime/-1000 -1000/farmer 29 14 3 Emily 26 14 1/skippable/specificTemporarySprite EmilyCamping/viewport 27 12 true/pause 5000/faceDirection Emily 2/pause 1000/faceDirection Emily 3/pause 1500/faceDirection Emily 2 true/pause 50/faceDirection Emily 1/pause 1000/speak Emily \"àÍÒ˕Ð щġ¹Êȹ¡¨ƃ§æ ãʺäËÁ?\"/pause 500/faceDirection farmer 2/pause 500/faceDirection Emily 2/pause 1000/speak Emily \"¨ƃ§æ á̅ÇˉÐ ÍÍ¡¨ÐˉÒ¡ĥÇÁÒ¡¡˗Ò...$u\"/pause 1000/playSound grunt/pause 800/faceDirection Emily 0/emote Emily 8/pause 500/faceDirection farmer 0/move Emily 0 -1 1/move Emily 1 0 2/faceDirection farmer 3/move farmer 0 -1 3/move farmer -1 0 2/pause 2000/shake Emily 2000/pause 1500/speak Emily \"ǫÂ... ˢÒ§¹Í¡щË¹ÒÇĈ§àÅÂ...$4\"/pause 1000/faceDirection Emily 1/pause 500/faceDirection Emily 2/pause 500/animate Emily false true 250 52 53/pause 250/playSound dwop/positionOffset Emily 4 0/pause 250/pause 250/playSound dwop/positionOffset Emily 4 0/pause 250/pause 250/playSound dwop/positionOffset Emily 4 0/pause 250/pause 250/playSound dwop/positionOffset Emily 4 0/pause 250/pause 250/playSound dwop/positionOffset Emily 4 0/pause 250/pause 250/playSound dwop/positionOffset Emily 4 0/pause 250/pause 250/playSound dwop/positionOffset Emily 4 0/pause 250/pause 250/playSound dwop/positionOffset Emily 4 0/pause 250/stopAnimation Emily/pause 3000/showFrame Emily 55/pause 1000/eyes 1 -8500/pause 2000/emote farmer 32/pause 500/pause 1000/playSound leafrustle/pause 2000/addTemporaryActor Bear 32 32 23 4 2 true character/playSound leafrustle/pause 1000/move Bear 0 7 2/pause 1000/animate Bear false true 500 16 17/pause 500/playSound rabbit/pause 1000/playSound rabbit/pause 500/stopAnimation Bear/pause 1000/shake Bear 1000/playSound grunt/faceDirection farmer 3 true/faceDirection Emily 3 true/pause 1200/showFrame Emily 26/showFrame farmer 0/faceDirection farmer 2 true/showFrame farmer 94/jump Emily/jump farmer/pause 100/positionOffset Emily -4 0/pause 100/positionOffset Emily -4 0/pause 100/positionOffset Emily -4 0/pause 100/positionOffset Emily -4 0/pause 100/positionOffset Emily -4 0/pause 100/jump Bear/positionOffset Emily -4 0/pause 400/speed Emily 4/speed farmer 4/move Emily 0 -1 0/warp Emily -1000 -1000/playSound Ship/move farmer 0 -1 0/warp farmer -1000 -1000/playSound Ship/specificTemporarySprite shakeTent/pause 1000/specificTemporarySprite stopShakeTent/pause 1000/move Bear 0 1 2/pause 500/animate Bear false true 500 16 17/pause 500/playSound rabbit/pause 1000/playSound rabbit/pause 500/stopAnimation Bear/pause 500/faceDirection Bear 1/pause 1000/playSound grunt/shake Bear 500/pause 700/move Bear -4 0 2/move Bear 0 3 2/move Bear -3 0 3/warp Bear -1000 -1000/playSound leafrustle/pause 1000/speak Emily \"ËƱ! ĉ¹Ëħ§˗Òġ¹¨ÐäˑƋÇ¹Ð...$6\"/pause 1000/specificTemporarySprite shakeTent/playSound grassyStep/pause 500/specificTemporarySprite stopShakeTent/pause 500/specificTemporarySprite shakeTent/playSound grassyStep/pause 500/specificTemporarySprite stopShakeTent/pause 500/speak Emily \"â̍... ȶ§¹Í¹ƽ¡ãº Ģ§ÍԒˢÒ§¹Í¡ι¹...$u#$b#ĉ¹äˑƱ·Ò§¨Ð ¡ĥºÍÍ¡ä»áˉ¹Í¹!$6\"/pause 2000/speak Emily \"țÁ.. @? à¸ÍäˑŤ´ÁÒ¡ àҳÍ§ã̋ĉ¹ã˪ȶ§¹Í¹ ¢Í§à¸Í˴ÇÂ¤¹ ãʺՁÂ?$4\"/pause 2000/specificTemporarySprite shakeTent/playSound grassyStep/pause 500/specificTemporarySprite stopShakeTent/pause 500/specificTemporarySprite shakeTent/playSound grassyStep/pause 500/specificTemporarySprite stopShakeTent/pause 500/specificTemporarySprite shakeTent/playSound grassyStep/pause 500/specificTemporarySprite stopShakeTent/pause 1200/specificTemporarySprite shakeTent/playSound grassyStep/pause 500/specificTemporarySprite stopShakeTent/pause 1000/playSound woodyHit/pause 3500/globalFade/viewport -2000 -2000/pause 1000/mail EmilyDoneCamping/end newDay",
        "2120303/S 23/i 724/t 600 1900": "nightTime/-1000 -1000/farmer 25 17 3/removeQuest 29/removeItem 724/skippable/addTemporaryActor Bear 32 32 11 17 2 true character/faceDirection Bear 1/viewport 11 17 clamp true/move farmer -6 0 3/pause 1000/startJittering/emote farmer 28/pause 1000/stopJittering/pause 500/animate Bear false true 500 16 17/pause 500/playSound rabbit/pause 1000/playSound rabbit/pause 500/stopAnimation Bear/speak Bear \"¡Х¹Թ¹... àˢÒÁÒã¡̅æ Ɗ...$2\"/pause 1000/move farmer -5 0 3/pause 1000/faceDirection Bear 2/pause 1000/speak Bear \"țÁ... ġ¹ʁäˑä˴ˊÍÂ¹Ð чˢÒä˴ȤÂāºÁȹÉΒ ɤàËȑÍ¹à˨Ò¨ÐƱ 'àÇ·Á¹µΓá˛§ˋÒ' ÍԒ˺Ò§ã¹ĕÇ¹Ð...$3\"/pause 100/jump Bear/pause 1000/faceDirection Bear 1/speak Bear \"àÍÒ˕Ð... àбÂÇāºĚ¹Ǘ¡ι¹¢Í§ˢÒ... à˨ÒàÍÒ¢Í§ƤÁÒËȓÍà»˕Ò? \"/pause 1000/animate farmer true true 100 35/playSound coin/addObject 13 17 724/pause 500/animate Bear false true 500 16 17/pause 500/stopAnimation farmer/playSound rabbit/pause 1000/playSound rabbit/pause 500/stopAnimation Bear/shake Bear 2000/pause 500/removeTemporarySprites/speak Bear \"âÎÇÇÇÇÇÇÇ... ¡Х¹ι¹... ι¹ġ¹ËÇÒ¹ËÍÁ¨ƃ§æ!$h#$b#...ġ¹àʛ¹«ÍÊâ»Ã´ ¢Í§ˢÒàÅÂ...  ġ¹ŇÒã̋ˢÒ Ʊ¤ÇÒÁɊ¢ÁÒ¡$h\"/pause 1000/emote Bear 20/animate Bear false true 200 4 5 6 7/pause 50/positionOffset Bear 4 0/pause 100/positionOffset Bear 4 0/pause 100/positionOffset Bear 4 0/pause 100/positionOffset Bear 4 0/pause 100/positionOffset Bear 4 0/pause 100/positionOffset Bear 4 0/pause 100/positionOffset Bear 4 0/pause 100/positionOffset Bear 4 0/pause 100/positionOffset Bear 4 0/pause 100/positionOffset Bear 4 0/pause 100/positionOffset Bear 4 0/pause 100/positionOffset Bear 4 0/pause 100/positionOffset Bear 4 0/pause 100/positionOffset Bear 4 0/pause 100/positionOffset Bear 4 0/pause 100/positionOffset Bear 4 0/stopAnimation Bear/pause 500/playSound dwop/animate farmer true true 100 6/pause 100/positionOffset farmer 2 0/playSound dwop/animate farmer true true 100 7/pause 100/positionOffset farmer 2 0/playSound dwop/animate farmer true true 100 6/pause 100/positionOffset farmer 2 0/playSound dwop/animate farmer true true 100 7/pause 100/positionOffset farmer 2 0/playSound dwop/animate farmer true true 100 6/pause 100/positionOffset farmer 2 0/playSound dwop/animate farmer true true 100 7/pause 100/positionOffset farmer 2 0/playSound dwop/animate farmer true true 100 6/pause 100/positionOffset farmer 2 0/playSound dwop/animate farmer true true 100 7/pause 100/positionOffset farmer 2 0/stopAnimation farmer/pause 1000/speak Bear \"...à˨Òä˴àҮÍ¹àОÁ¹Ðħ¹׉ @\"/pause 1000/animate Bear false true 200 4 5 6 7/pause 50/positionOffset Bear 4 0/pause 100/positionOffset Bear 4 0/pause 100/positionOffset Bear 4 0/pause 100/positionOffset Bear 4 0/pause 100/positionOffset Bear 4 0/pause 100/positionOffset Bear 4 0/pause 100/positionOffset Bear 4 0/stopAnimation Bear/pause 250/playSound dwop/animate farmer true true 100 6/pause 100/positionOffset farmer 2 0/playSound dwop/animate farmer true true 100 7/pause 100/positionOffset farmer 2 0/playSound dwop/animate farmer true true 100 6/pause 100/positionOffset farmer 2 0/playSound dwop/animate farmer true true 100 7/pause 100/positionOffset farmer 2 0/playSound dwop/animate farmer true true 100 6/pause 100/positionOffset farmer 2 0/playSound dwop/animate farmer true true 100 7/pause 100/positionOffset farmer 2 0/playSound dwop/animate farmer true true 100 6/pause 100/positionOffset farmer 2 0/playSound dwop/animate farmer true true 100 7/pause 100/positionOffset farmer 2 0/stopAnimation farmer/pause 1000/speak Bear \"ˢÒƱºÒ§Í˒Ò§žàÈÉ чÍÂÒ¡¨Ðã̋à˨Òɤ...\"/pause 500/animate Bear false true 400 8 9 10 11/pause 400/playSound grassyStep/pause 400/playSound grassyStep/pause 400/playSound grassyStep/pause 400/playSound grassyStep/pause 400/playSound grassyStep/pause 400/playSound grassyStep/pause 400/playSound grassyStep/pause 400/playSound grassyStep/pause 400/stopAnimation Bear/fade/viewport -1000 -1000/pause 2000/message \"ËƱä˴àŴ¹¨Ò¡Ȥ³ä» áÅÐ֗§¤ÇÒÁړ чáÊ¹žàÈÉ à©¾ÒÐĕÇä̇ã̋Ȥ³... \"/pause 1000/playSound reward/message \"ċÅÁÍ¹àºÍΓѓ (Salmonberries) áÅÐáºʥ¡àºÍΓѓ (Blackberries) ¨ÐƱɱÅʴÒá¾§ע¹ 3 àˇÒ!\"/end"
    }
}
