
{
  //SPECIAL DIALOGUE
  "Introduction": "ȝÁ... Ëħ´ƤÎÐ! àÃÒҚÍÁÍΓá¡¹ÎÐ àʛ¹ɵ¡ƈÉΒ¢Í§áÁ¡ęÊ ÃÒÊâÁàƤÂÊ Ȥ³ҚÍÍÐäÃËÃÍÎÐ?$0#$e#Ƃ¹Ƥчä˴¾ºȤ³!$1",
  "Resort_Entering": "â̍âË! ɰà¢Òä¿ɤãËʽÁÒ¡àÅÂÎÐ àÇÅÒÁÍ§ã¡̅æ áºº׉!$5",
  "Resort_Leaving": "ÍÐÎÐ˞Ò! ι¹ġ¹Êȹ¡ÁÒ¡àÅÂÎÐ! àÃÒÍÂÒ¡ä»àчÂÇà¡ÒÐ ƽ¡ÃÍºàʣÇæ Ĉ§àÅÂÎÐ!$3",
  "Resort_Shore": "¾Ç¡¹¡ ŇÒĕÇ»ÃÐËÅÒ´æ áËÐ...$0#$e#¼ÁˡÁËÅºµÅÍ´àÅÂ àÇÅÒ¾Ç¡ġ¹ź¹ˌÒ¹$8",
  "Resort": "Ȥ³ړǪ¡ǖ§ÁÒ¹ÒчщՁÂÎÐ @? ġ¹áÃ§ÁÒ¡àÅÂ$1#$e#àÃÒ˗Òġ¹ÁÒ¨Ò¡ ɰà¢Òä¿áËÅÐÎÐ!$5",

  //SPRING DIALOGUE	
  "spring_12": "ÍÒ¨ÒÃΒáÁ¡ęÊāºàÃÒ¨Ð àˢÒä»ã¹ˋÒǥ¡ħ¹¾ӣ§׉$1#$b#àÃÒ¤§äˑä˴ä»˓ÇÁ§Ò¹à·È¡ÒÅ ã¹àȑÍ§ËÃÍ¡ÎÐ$0#$e#ÍÒ¨ÒÃΒà¨ÍÊ¶Ò¹ччƱ ¾ĥ§àÇ·ΒàˢÁˢ¹ àÃÒ˕Ð ҥ¹à˵¹ÁÒ¡àÅÂ!$3",
  "spring_28": "Ȥ³¨Ð»ɵ¡ÊµÒΓ¿Ƀµã¹ Äɤ̃Í¹׉ǣà»˕ÒÎÐ?$1",
  
  "Mon": "ؽÁ ƤÎÐ$5#$e#...$0#$e#%ÁÍΓá¡¹ àËȑÍ¹¨ÐäˑÍÂÒ¡ȤÂ˴ÇÂ",
  "Mon4": "ÍÒ¨ÒÃΒıÒĥ§ÊÍ¹àÃÒ àбÂÇāºȤ³ÊÁĚŵàÇ·Á¹µΓ ¢Í§¾Ç¡˵¹ä́àÇ·ΒâºÃÒ³ ˉÐÎÐ$3#$e#ÍÒ¨ÒÃΒºÍ¡˗ÒàұÍʱÍ¹׉ ã¹ɋºà¢ÒƱ¾Ç¡ġ¹àÂÍÐÁÒ¡àÅÂ$1",
  "Tue": "ÊħÊƤÎÐ$0#$e#Ȥ³ɤá»Å¡æ Ź´Ǚ§¹Ð$1",
  "Tue2": "ÍÒ¨ÒÃΒ¨Ðã̋º··´ÊÍºāº àÃÒàʣÇæ щ˕Ð àÃÒ¾̃ÍÁÁÒ¡ ч¨ÐˌÒ¹ġ¹ã̋ä˴!$1#$e#àÃÒ˵Í§¡ÒÃʺÇÂàËȕÍڌ¤¹ˉÐÎÐ$1",
  "Tue8": "Ëħ´ƤÎÐ @! Ȥ³ÊºÒÂƤ¹ÐÎÐ?$1#$e#ؽÁ щ! àÃÒ»Ƀ§թÒÂÒã̋Ȥ³˴ÇÂ![773]$1",
  "Wed": "Ȥ³áÇÐÁÒчщˊÍÂĈ§$5#$e#Ȥ³ʁÍÂÒ¡àʛ¹¨ÍÁàÇ·ΒËÃÍ?$0#$b#àÃÒĪÁĜÊä˴ǖ§¾ĥ§¢Í§Ȥ³¹Ð$1",
  "Wed4": "̍ÒÇ ˗Òä§ÎÐ @!$1#$e#̍Í àÃÒıÒĥ§¨Ðǝ¡ÊÁÒŸàҮÍ د¹ɯ¾ĥ§àÇ·ΒÎÐ$1",
  "Thu": "Ȥ³ªÍºËÁÇ¡¢Í§àÃÒǣà»˕Ò?$1#$e#ÍÒ¨ÒÃΒŇÒã̋àÃÒàÅÂ¹ÐÎÐ!$3",
  "Thu2": "ÍÒ¨ÒÃΒºÍ¡˗ÒƱƇ­­Ò³ á˛§ˋÒÍÒĨÂÍԒчˋÒǥ¡ĥº$1#$b#¾ĥ§àÇ·Β¢Í§¾Ç¡à¢Ò àбÂÇĞ¹āºɋºà¢Òá˛§׉˴ÇÂ$3",
  "Thu8": "Ȥ³à¤Âà¨Í»ÃÐÊº¡ÒÃ΃ àбÂÇāºàÇ·Á¹µΓч¿ÒΓÁ ˺Ò§ǣà»˕ÒÎÐ?$0#$e#ͭÍÍ Í˒Ò§ַщàÍ§!$1",
  "Fri": "àÃÒâ´¹ºÍ¡ã̋ҤÁթÒÂÒ »ÃÐËÅÒ´чʺÇÂàҮÍ¾ĥ§ àҚÍÁâÂ§āºƇ­­Ò³á˛§ˋÒ ˴ÇÂ˕ÐÎÐ$2#$e#àͭ Ȥ³ʁҤÁġ¹ä»àËȑÍ¹ā¹ ԧ¹ËÃÍ!?$5",
  "Fri4": "àÃÒıÒĥ§àƳÂ¹Ƈƨ»Ƀ§ÂÒÍԒÎÐ!$1#$b#àÃÒËħ§˗Ò¨Ðä˴»Ƀ§ÂÒã̋Ȥ³Ī¡ħ¹¹Ð Ëħ§˗Òġ¹¨ÐʺÇÂ¡ÒÃ¼¨­ĠÂ¢Í§Ȥ³ä˴!$3",
  "Sat": "ÁÒΓÅÍ¹¨ÐáÇÐÁÒ¾ӣ§׉˕Ð!$1#$b#à¢Òàʛ¹¤¹чàˇɊ´æ!$3#$e#ŇÒäÁȤ³äˑÅÍ§àʛ¹áººà¢Òρ§˕Ð?$0",
  "Sat4": "àÃÒ˕ÐÊ§ĪÂĈ§˗ÒµÍ¹׉ˎÍāº áˑŇÒÍÐäÃÍԒ...$9#$e#̷Ò¡¡¡!$5#$e#%ÁÍΓá¡¹ ıÒĥ§µ¡µÐǥ§",
  "Sat10": "ÍÒ¨ÒÃΒºÍ¡˗ÒàÃÒĢ§äˑ ÊÒÁÒÃ¶˓ÇÁàŴ¹·Ò§ä»āº à¢ÒáÅÐÁÒΓÅÍ¹ä˴ àÃÒĢ§ áʂ§á¡˓§äˑ¾Í$0#$e#ι¹ËÁÒÂ¤ÇÒÁ˗Ò àÃÒ˵Í§áʂ§á¡˓§ע¹¡˗Ò׉ƽ¡!$4",
  "Sun": "ã¹ɋºà¢Ò׉ƱÅÐÍÍ§à¡ÊÃàÂÍÐ ¡˗Òч˺Ò¹àÃÒƽ¡$0#$e#̍Í ˺Ò¹àÃÒÍԒчäË¹˝ÒËÃÍÎÐ?$1#$b#àÍàÇÍΓĕ¹!$3#$b#àʛ¹àȑÍ§ã¹ɰà¢ÒчÍԒ·Ò§ µÍ¹àËȉÍÎÐ$1",
  "Sun4": "ÍÒ¨ÒÃΒāºàÃÒ¨Ðä»Ģ§ Ê¶Ò¹ччàƳÂ¡˗Ò 'թÒȾá˛§ɰµ' ÍÒ¨ÒÃΒ¨Ðá¹ÐŉÒàÃÒã̋ړĈ¡ āºɰµˋÒàҮÍ¹¢Í§à¢Ò$1#$e#Ëѹ§ã¹Թ¹ǴÍ '¤ÅÍÊ' áÅÐà¢Ò ʁä˴ÁÍºàÁʥ´Ğ¹ۨâºÃÒ³ã̋ ÍÒ¨ÒÃΒàҮÍÁÒǨ¡ÉÒàÇ·ΒÈÒÊµΓ$1",
  "Sun8": "щ! ä̇àÃÒÁÒ»Ƀ§թÒÂÒ ˴ÇÂā¹˺Ò§¹ÐÎÐ$1#$b#ġ¹ˉÒ¨ÐÊȹ¡Ƥ¹Ð!$7#$e#àÃÒ¨ÐäˑŇÒã̋ÍÐäÃ»ƅÇ ËÃÍ¡ˉÒ ч¨ƃ§... àÃÒàʱ§ע¹á̅Ç˕ÐÎÐ.. ʁ¹Ð$1",
  
  //SUMMER DIALOGUE
  "summer_10": "̻Ð ¾Ç¡Ȥ³ȷ¡¤¹âÂ¹¢Í§áºº ӪÁæ Å§ä»ÃÇÁā¹ã¹Ë́Íá̅Çʁ š¹àщÂ¹Ð?$0#$e#ğ§ɤáºº... ދ$5",
  "summer_27": "Ȥ³àҚÍàҳÍ§ÁȹÉΒàǷÍ¡ՁÂÎÐ?$0#$e#âÅ¡щĢ§ƱЪ§וĥºƽ¡ÁÒ¡¹Ð!$1",
  
  "summer_Mon": "àÃÒä˴ģºÀÒÃš¨ã̋ËÒºÒ§Ъ§ã¹ˋÒчɦ¡àƳÂ¡˗Ò 'ÂÍ´˝Í¹ãºàſΓ¹ (fiddlehead)'$1#$b#ÍÒ¨ÒÃΒ˵Í§ã˪ġ¹ã¹¡ÒÃ»Ƀ§ÂÒˉÐÎÐ$3",
  "summer_Mon6": "Ʊ¾ĥ§àÇ·ΒÁÒ¡ÁÒÂäËÅàƷÂ¹ ã¹ˋÒˇÒÁ¡ÅÒ§Äɤ̃Í¹ àÃÒړǪ¡ǖ§ġ¹ä˴àÅÂ$0#$e#Ȥ³ʁړǪǖ§ġ¹ä˴ãʺՁÂÎÐ?$1",
  "summer_Tue": "ºÒ§ƧàÃÒʁà¤ÂÅÍ§¢ÍÍÒ¨ÒÃΒ ã̋Ƈ¹à«¹·āºá¨ÊÁÒчщ˺Ò§ á˅ÍÒ¨ÒÃΒäˑà¤ÂÍȹ­ÒµàÅÂ$2",
  "summer_Tue6": "Ȥ³˗ÒàÁÅÍ¹ɵ¡Ģ¡ΙчÍԒ ˢÒ§¹Í¡ġ¹ɤˉÒš¹ՁÂÎÐ?$1#$e#ºÒ§ƧàÃÒʁÍÂÒ¡¨Ðā´ġ¹¨ƃ§æ$1#$b#á˅˶ÒŇÒԧ¹àÃÒ˵Í§á˒áˉæ$2",
  "summer_Wed": "àÃÒĢ§˓ÒÂàÇ·Á¹µΓáºº µÐȡ¡µÐā¡ÍԒàÅÂ...$2#$b#Ȥ³˗Ò àÃÒ¨ÐŇÒä˴Ƥ¡˗Ò׉ՁÂÎÐ?$2#$e#%Ȥ³ Ȥ³ºÍ¡ÁÍΓá¡¹˗Ò˵Í§ŇÒä˴áˉ!#$e#¢ÍºȤ³ @$3",
  "summer_Wed6": "Ȥ³˓ÒÂàÇ·Á¹µΓàʛ¹ՁÂÎÐ?$0",
  "summer_Wed8": "àÃÒ¨Ð˵Í§ÍÍ¡ä»»ůĚŵÀÒ¤ Ê¹ÒÁã¹ħ¹¾ӣ§׉˕Ð!$3#$e#àÃÒ¶ÒÁÍÒ¨ÒÃΒ˗ÒªÇ¹Ȥ³ ä»˴ÇÂä˴ՁÂ á˅à¢ÒäˑÍȹ­Òµ$0",
  "summer_Thu": "*ËÒÇ*...$3#$b#àұÍǴ¹àÃÒ¹Í¹˹ÍÂä»ËˉÍÂ$0#$e#ŇÒäÁˉÐËÃÍ? ʁàÃÒ˵Í§ǝ¡àÇ·Á¹µΓщÎÐ!$1#$e#Í˒ÒºÍ¡ÍÒ¨ÒÃΒ¹Ð!$5",
  "summer_Thu8": "àÃÒ˗ÒàÃÒàщÂàʱ§àҳÍ§»Ƀ§ÂÒ¨ƃ§æ ¹Ð ĭ¹׉àÃÒã̋Ȥ³ÎÐ![773]$3#$e#â̍ Ʊĭ¹׉ƽ¡ĭ¹Ǚ§ÎÐ![773]$1",
  "summer_Fri": "Ȥ³à¤Âä˴Ƃ¹ччɦ¡àƳÂ¡˗Ò 'á¤ÊàūÅƇÅàÅ¨' ՁÂÎÐ?$0#$b#àÃÒäˑä˴ģºÍȹ­Òµã̋ä»чԹ¹ ¨¹¡˗Ò¨Ðâµ¡˗Ò׉...$8",
  "summer_Fri8": "ƱáˑÁ´áÇÐÁÒËÒ¾Ç¡àÃÒчщ á˅à¸Íäˑɮ´āºàÃÒàÅÂ$0#$e#à¸ÍƱҚÍ˗Ò ¤ÒƁÅ˕Ò$8#$b#à¸ÍŇÒã̋àÃÒړǪ¡¢¹Ʌ¡$5",
  "summer_Sat": "àÃÒËħ§˗ÒàÃÒ¤§¨Ðäˑ˵Í§š¹ ȫ»¡ºàʛ¹ÍÒËÒÃϔÒǴ¹׉.. ƽ¡¤Ճ§...$5",
  "summer_Sat8": "á¨Êġ¡¨ÐªÍºà˕¹¡ÃÐâ´´ àǺÍ¡ã˵˵¹àªÍΓѓ˵¹ãËʽáÅÐ Ʊ¤ÇÒÁɊ¢àÊÁÍ$1#$e#à¸Íàʛ¹àҮÍ¹чˉÒģ¡¹Ð!$3",
  "summer_Sun": "àÃÒ˝Ò¹Ëę§ȚÍä˴˹ÍÂ¡˗ÒчŤ´àÍÒä̇...$0",
  "summer_Sun6": "àұÍà˪ÒàÃÒŇÒà¾ªÃàʡ´ãËʽÁÒ¡æ áµ¡ä»ÃÐË˗Ò§¡ÒÃ·´ÅÍ§àÇ·Β$1#$e#ÁÒΓÅÍ¹ġ¡¨ÐàÍÒĭ­Áƣ ËÒÂÒ¡áÅÐ¢Í§чä˴¨Ò¡ ÁÍ¹ÊàµÍΓÁÒã̋àÃÒǨ¡ÉÒàÊÁÍ!$3",
  
  //FALL DIALOGUE
  "fall_15": "ħ¹¾ӣ§׉Ȥ³àÇÅƇ¤¨ÐàŻ´ɪ· 'àÇÅƇ¤ŨµĪÁĜÊ' ˕ÐÎÐ$1#$e#ÍÒ¨ÒÃΒºÍ¡˗Òà¸Í·Ã§¾ĥ§ ÁÒ¡æ$0",
  "fall_26": "¾ӣ§׉àÃÒ¨Ðä˴àƳÂ¹Ƈƨĭ­àŪ­ĪµΗƇ­­Ò³˕ÐÎÐ!$3#$e#%ÁÍΓá¡¹ ¡ÃÐâ´´˴ÇÂ¤ÇÒÁҥ¹à˵¹",
  "fall_28": "Ȥ³ړǪ¡˗ÒÍÒ¡ÒÈġ¹àУÁ¨ÐЗÁá·§żÇËę§ՁÂÎÐ?$0#$e#àÃÒĪÁĜÊä˴¹Ð... ƋÁÐıÒĥ§¨Ðµ¡á̅Ç$1",
  
  "fall_Mon": "Ȥ³ړՁÂÎÐ˗ÒÍÒ¨ÒÃΒỄÒ§ ËÍ¤ÍÂ׉ėºº¹ 'Ê¹ÒÁ¾ĥ§àÇ·Β'?$0#$e#ġ¹ʺÇÂã̋à¢ÒԵ§ÊÁÒŸāº ¾ĥ§àÇ·Βä˴ʷÒÂע¹!$3",
  "fall_Mon6": "àÃÒʁÍÂÒ¡¨Ðä»à˕¹āºá¨Ê áÅÐƇ¹à«¹·àËȑÍ¹ā¹ÎÐ$0#$e#á˅ħ¹׉àÃÒƱº·àƳÂ¹ŚÒĄ­ч ˵Í§Ǩ¡ÉÒ˕Ð...$6#$b#ÍÒ¨¨Ðàʛ¹ʺÇ§Ɋ´Ī»´ÒΛ$1",
  "fall_Tue": "àÃÒıÒĥ§ŇÒÀÒÃš¨ŚÒĄ­ÁÒ¡ ч˵Í§ä»µÒÁËÒàʫ´àÇ·Á¹µΓ ã¹ˋÒ˴ÇÂÎÐ!$3#$e#щàʛ¹âÍ¡ÒÊч¨ÐáÊ´§ã̋ ÍÒ¨ÒÃΒàʫ¹˗ÒàÃÒàʛ¹¤¹ Ѿ§¾Òä˴$1#$e#%Ȥ³ ºÍ¡ÁÍΓá¡¹˗Ò˵Í§ŇÒä˴áˉ á̅Çʁ˚§֢ÁÁÒã̋Ȥ³",
  "fall_Tue6": "àÃÒỄÒ§â·à·Áĭ¹á̅Ç¢Í§àÃÒ á̅Ç˕Ð!$3#$b#ġ¹ŇÒÂÒ¡¨ƃ§æ ¹ÐÐàщÂ$1#$e#Ȥ³à¤ÂỄÒ§ġ¹Ī¡ĭ¹ǣĢ§ÎÐ?$0",
  "fall_Tue10": "щ @!$3#$b#àÃÒỄÒ§â·à·Áĭ¹׉ã̋Ȥ³ ˴ÇÂ¹Ð ġ¹¨ÐʺÇÂÇÒΓ»Ȥ³ ¡ĥºä»ч %farm ¿ÒΓÁ¹ÐÎÐ[688]$1",
  "fall_Wed": "ƺĪ¹ã¹Äɤãºä́˓Ç§щ§´§ÒÁ ÁÒ¡àÅÂ¹ÐÎÐ$0#$b#¾Ç¡˵¹ä́ŇÒã̋àÃÒŤ´ǖ§˺Ò¹$1#$e#...$2#$e#àÃÒŤ´ǖ§ˎÍāºáˑĈ§$2",
  "fall_Wed6": "Ī¡ħ¹Ǚ§àÃÒ¨ÐÊÍ¹àÇ·Á¹µΓ ã̋Ȥ³¹Ð àÃÒ˗ÒȤ³˵Í§ŇÒä˴ ÂÍ´àђÂÁáˉæ Ȥ³Ʊ¾ĥ§ ʻÍ¹à̃¹àÂÍÐÁÒ¡àÅÂ$3#$e#á˅Ȥ³˵Í§ä»àˢÒÊġ¤Ãàʛ¹ ¨ÍÁàÇ·ΒчÊÁÒ¤ÁàÇ·Á¹µΓ á˛§àȑÍ§àſΓ¹šÅʱÍ¹˕Ð$0#$b#áÅÐʁƱ¡¯чàˢÁ§Ç´ÁÒ¡˴ÇÂ$5",
  "fall_Thu": "Ȥ³ړÍÐäÃàбÂÇāºáÍ¹ׄ˺Ò§ÎÐ?$0#$b#àÃÒ˗Òà¢Ò˵Í§äˑªÍº àÇ·Á¹µΓáˉæ$0#$e#àÃÒˉÒ¨ÐÅÍ§á¡̅§à¢ÒɤĪ¡Ƨ ƤՁÂ¹Ð?$3#$e#%Ȥ³ ÍŸºÒÂāºÁÍΓá¡¹˗Ò äˑ¤ÇÃá¡̅§áÍ¹ׄ#$e#˝ÒÒÒ ȝÁ ¢Íâ·É¹Ð Í˒ÒºÍ¡ÍÒ¨ÒÃΒ¹ÐÎÐ$2",
  "fall_Thu8": "àÃÒáÍºàÊ¡¤Ò¶Òº·àʥ¡æ àҮÍàОÁ»ÃÐƊ·ŸÀÒ¾Ŵ¹ä̇ч ¿ÒΓÁ¢Í§áÍ¹ׄ$0#$e#ȝÁ Í˒ÒºÍ¡ã¤Ã¹ÐÎÐ àÃÒäˑÍÂÒ¡Ʊě­ËÒ$1",
  "fall_Fri": "ÍÒ¨ÒÃΒÊÍ¹àÃÒàбÂÇāº 'Ëĥ¡ĴÒÊÍ¹¢Í§àÁÍΓƅ¹' ġ¹àËȑÍ¹āºËę§ȚÍº·¡¯ËÁÒÂ ¢Í§¨ÍÁàÇ·Βà˕ÁãËʽĢ¡Ι$0#$e#á̅Çġ¹ʁàʛ¹ÍÐäÃч ˉÒàҪÍÁÒ¡¡¡¡¡¡¡¡¡¡¡$2",
  "fall_Sat": "щ Ȥ³ªÍºËÁÇ¡ãºãËˑ¢Í§àÃÒ ՁÂÎÐ?$1#$e#àͭ? Ȥ³Ť´˗Òġ¹ɤàËȑÍ¹àŴÁËÃÍ?$8",
  "fall_Sat6": "ƱȨ´ÇÒΓ»ã¹̋Ç§Ɓŵĭ¹Ëѹ§ чɦ¡Ż´áÅÐƒ´ʶÒĪ­ĥ¡É΃֗§ àÃÒÍÂÒ¡ړĈ§˗Òġ¹ǴÍÍÐäÃ?$0#$b#ÍÒ¨ÒÃΒϊ§àÃÒ˗Ò̋ÒÁ¶ÒÁǖ§ ġ¹ƽ¡ á˅àÃÒŤ´˗ÒĪ¡ħ¹ ÍÒ¨ÒÃΒ¤§¨ÐºÍ¡àÍ§$4",
  "fall_Sun": "àÃÒÍÂÒ¡¨ÐàÊ¡¤Ò¶Òä¿ɤ˺Ò§ á˅ÍÒ¨ÒÃΒäˑÍȹ­Òµ$8#$e#ÍÒ¨ÒÃΒºÍ¡˗Òġ¹¤ÇºȤÁ ÂÒ¡ÁÒ¡$0",
  "fall_Sun8": "àÃÒáÍºä˴Ƃ¹ÍÒ¨ÒÃΒȤÂāº ÁÒΓÅÍ¹ àбÂÇāº¡ÒÃ˅Íښ ¤Ճ§ãËʽˢÒÁÁËÒÊɁ·Ã$0#$e#á̅ÇʁƱ¨ÍÁàÇ·Β¤¹Ëѹ§ч ¾Ç¡à¢ÒړĈ¡ ä»àˢÒāº 'ˍÒÂµÃ§ˢÒÁ' àÃÒäˑړ˗Òġ¹ËÁÒÂ¤ÇÒÁ˗ÒĢ§ä§$0",
  
  //WINTER DIALOGUE
  "winter_1": "чщƱªÒÇàȑÍ§¤¹Ëѹ§чäˑªÍº ڌã˪àÇ·Á¹µΓ¹ÐÎÐ$0#$e#ã¤ÃˉÐËÃÍ? ȝÁ$0#$b#àÃÒºÍ¡Ȥ³äˑä˴ËÃÍ¡ÎÐ$0#$e#¢Íâ·É˴ÇÂ¹ÐÎÐ @ àÃÒŇÒáººԹ¹äˑä˴$0#$e#Ëɂ´à¶ÍÐ!$4#$e#%ÁÍΓá¡¹ äˑÊ¹ã¨Ȥ³",
  "winter_7": "ºƃàÇ³чƱ¡ÒÃĈ´˱ʲ§µ¡»ÅÒ ã¹à·È¡ÒÅÊĥ¡թÒáʂ§ƱˊÍ ¾ĥ§àÇ·ΒäËÅàƷÂ¹àˢÁˢ¹ ÍԒ˴ÇÂ$1#$e#ȝÁ àÃÒāºÍÒ¨ÒÃΒʁ¨Ðä»ɤ á¶ÇԹ¹˕Ð ÅÍ§µÒÁËÒ¾Ç¡àÃÒɤƊ!$1",
  "winter_24": "ÍÒ¨ÒÃΒ̋ÒÁäˑã̋àÃÒÁÍº ¢Í§¢ħ­àʛ¹äÍà·ÁàÇ·Á¹µΓ ˕ÐÎÐ$2",
  "winter_28": "àÃÒ˵Í§Ť´ǖ§ƋÁÐáˉæ ...$0",
  
  "winter_Mon": "Ȥ³ªÍº˅ÍښāºÁÍ¹ÊàµÍΓ ÁÒ¡¡˗ÒŇÒ§Ò¹ч¿ÒΓÁËÃÍÎÐ?$0#$e#ÁÒΓÅÍ¹ºÍ¡˗ÒȤ³ġ¡¨Ðä»ч àËȑÍ§àÊÁÍàÅÂ$0",
  "winter_Mon10": "Ī¡ħ¹Ëѹ§àÃÒ¨Ðá¹ÐŉÒȤ³ ã̋ړĈ¡āºˎÍáˑ¢Í§àÃÒ¹Ð àÃÒġ¡à˕ÒàҳÍ§¢Í§Ȥ³ã̋ ¾Ç¡ˇÒ¹ğ§àÂÍÐàÅÂ!$3#$e#%Ȥ³֢Áã̋āºÁÍΓá¡¹ áÅÐÁÍΓá¡¹ʁ˚§֢ÁÁÒã̋Ȥ³",
  "winter_Tue": "˶ÒˢÒ§¹Í¡¨ÐË¹ÒÇ¢¹Ò´׉ àÃÒ¨ÐÅÍ§â˹Á˹ÒÇã̋ÍÒ¨ÒÃΒ ÂÍÁã̋àÃÒã˪¤Ò¶Òä¿ɤ$1#$e#ҎÁ Ȥ³ʁɮ´ɦ¡˕Ð ġ¹ÍÒ¨¨Ðàš´ĭ¹µÃÒÂʁä˴$2",
  "winter_Tue8": "àÃÒËħ§˗ÒĪ¡ħ¹Ǚ§ ÁÍ¹ÊàµÍΓ ¤¹á¤ÃÐ áÅÐÁȹÉΒ¨Ðàʛ¹ àҮÍ¹ā¹ä˴$1#$e#¡ÒÃä˴à¨Íāºâ¤ÃĚÊŇÒã̋àÃÒ àҚÍ˗Ò¾Ç¡àÃÒàʛ¹àҮÍ¹ā¹ä˴¨ƃ§æ$1",
  "winter_Wed": "чàÍàÇÍΓĕ¹˺Ò¹àÃÒ ʁƱÁÍ¹ÊàµÍΓчàʛ¹ě­ËÒ àËȑÍ¹чÊµÒΓŴÇáÇÅѕ˕ÐÎÐ$0#$b#Ʊ¾Ç¡ġ¹ÁÒ¡ÁÒÂÍÒĨÂÍԒ ã˵Ŵ¹ã¹ɰà¢Ò$0#$e#àʛ¹ÁÍ¹ÊàµÍΓчˉÒ¡ĥÇ...$2#$b#ÃÐ..àÃÒÍÂÒ¡¨Ðáʂ§á¡˓§ע¹ àҮÍ˅ÍԚāº¾Ç¡ġ¹áÅÐ»¡˻Í§ ȷ¡¤¹$0",
  "winter_Wed8": "ȝÁ ħ¹׉àÃÒ»Ƀ§թÒÂÒĭ¹׉˕Ð àÃÒÍÂÒ¡ã̋Ȥ³àʁºġ¹ä̇ÎÐ!$1[773]",
  "winter_Thu": "àÃÒÅÍ§¶ÒÁÍÒ¨ÒÃΒ˗ÒàÃÒ¨Ð ¢ÍģºàוÂ§ĪµΗ¨Ò¡ÁÒƩ˺Ò§ä˴ՁÂ á̅ÇÍÒ¨ÒÃΒʁµÍº˗Ò 'ÍÒ¨¨Ð' !$3",
  "winter_Thu10": "˶ÒȤ³ŵ´ÍԒã¹¾ÒɂƋÁÐ ã˪à˨ÒщàҮÍ¡ĥº˺Ò¹¹ÐÎÐ!$1[688]#$e#àÃÒ¨Ð˵Í§àƺÂã¨ÁÒ¡ ˶ÒƱàҳÍ§äˑƤàš´ע¹āºȤ³$2",
  "winter_Sat8": "ч¿ÒΓÁ¢Í§Ȥ³ƱĪµΗàוÂ§˺Ò§ ǣà»˕ÒÎÐ?$1#$e#ÁÒƩã̋àÃÒà˕¹āº ĪµΗàוÂ§¢Í§à¸Í˴ÇÂ! ¾Ç¡ġ¹ˉÒģ¡Ɋ´æ$3",
  "winter_Sun8": "àÃÒÍÂÒ¡ä»à˕¹ƋÁÐāºá¨Ê áÅÐƇ¹à«¹·Ĉ§!$3#$e#á˅àÃÒ¨Ðà˕¹áºº 1 ˅Í 2 ¹Ð à¾ÃÒÐàÃÒà˕¹»ÒƋÁÐàʱ§ÁÒ¡ ɮ´àÅÂ$1",
  
  //EVENT DIALOGUE
  "morgan_event1": "ȝÁÁÁ...$9#$b#àÃÒÁÒÍԒã¹Ê¶Ò¹чá»Å¡æ ч˛Ò§ä¡Å¨Ò¡˺Ò¹áÅÐ¤ÃÍº¤ģÇ...$9",
  "morgan_event2": "ȝÁÁÁ...$9#$b#àÃÒ˗Òġ¹ÍÒ¨¨Ðàʛ¹áººԹ¹ʁä˴ ãʺՁÂÎÐ?$9#$b#¤ÇÒÁàË§Ò...$9",
  "morgan_event3": "...$9#$b#...$0#$b#¢ÍºȤ³¹ÐÎÐ$1",
  "morgan_event4": "àÃÒړ˗Òġ¹àʛ¹àҳÍ§ÂÒ¡ÎÐ àÃÒ¨Ðàʁºġ¹àÍÒä̇ã¹ã¨$0#$b#ġ¹äˑʷÒÂ¨ƃ§æ ...$9",
}
