
{
  //SPECIAL DIALOGUE
  "Introduction": "Ȥ³¾ÃÐ! ¤¹æ Թ¹ãʺäËÁ¹Ð! Ƃ¹Ƥ˵Í¹ģº¹Ð̘Ð чģ¡$6#$b#ġ¹ˉÒҥ¹à˵¹ÁÒ¡àÅÂ чƱã¤Ã̂ÒÂàˢÒÁÒãËˑ!$1#$e#à¸Íà¤Âà¨Íɵ¡ªÒÂ¢Í§ĉ¹ ËȓÍĢ§̘Ð Ƈ¤àµÍΓˉÐ$3",
  "divorced": "ä˴¢Í§ч˵Í§¡ÒÃá̅Çщ ԧ¹ʁä»ä˴á̅Ç$5",
  "danceRejection": "à¸ÍÍÂÒ¡¨Ðà˵¹œÒāºĉ¹ËȓÍ̘Ð чģ¡? á˅ĉ¹à¡Ã§˗Ò ĉ¹¤§˵Í§»ůàÊ¸à¸Í˕ÐʸÐ$6",
  "secondChance_Girls": "...Ե§ÊŵËˉÍÂ @?$6#$b#чģ¡... ĉ¹ŇÒ§Ò¹Í˒Ò§Ëę¡ àҮÍȕÁЪ§чà¸ÍŇÒāºĉ¹ä̇ ¡ÒÃá˅§§Ò¹... ġ¹àʛ¹ÍÐäÃчŚÒĄ­ÁÒ¡ ŚÒËģºĉ¹ Ȥ³ʁړ$2#$b#... ĉ¹¾̃ÍÁч¨ÐŇÒġ¹ƽ¡¤Ճ§ á˅щ¨Ðàʛ¹¤Ճ§Ɋ´˷ÒÂá̅Ç$3#$b#ĉ¹ģ¡Ȥ³¹Ðчģ¡ Ëħ§˗Òĉ¹¨ÐäˑŇÒ¾ÅÒ´ ч¨ÐàҚÍã¨Ȥ³ƽ¡¤Ճ§¹Ð$2",
  "dumped_Girls": "Ȥ³¡̅Òч¨ÐÁÒȤÂ āºĉ¹ËȓÍĢ§˕Ð @?$5#$b#ĉ¹˵Í§¡ÒÃàÇÅÒĪ¡ËˉÍÂ á̅ÇʁҤÁĪ¡Ź´$2",
  "breakUp": "ĉ¹ړ˗ÒäÍàƤÂ׉ ġ¹á˒Ե§á˅áÃ¡$2#$b#¢ÍºȤ³ч ¤ÍÂģºğ§ĉ¹¹Ð$0#$e#...$2",
  "pamHouseUpgrade": "Ã¶˺Ò¹чˉÒ¡ĥÇ¢Í§á¾Á ËÒÂä»á̅Ç ĉ¹ÅÐàҪÍч¨Ð˵Í§ ˨Í§ɤġ¹ȷ¡ħ¹æ àÅÂ˕Ð˨Ð$6#$b#щȆÍàʛ¹¡ÒÃàОÁÀÒ¾ĥ¡É΃ ¢Í§àȑÍ§à¾ƅá¡¹ã̋Ƥע¹ ˵Í§¢ÍºȤ³à¸ÍчʺÇÂàËȕÍ¹Ð̘Ð!$3",
  "pamHouseUpgradeAnonymous": "Ã¶˺Ò¹чˉÒ¡ĥÇ¢Í§á¾Á ËÒÂä»á̅Ç ĉ¹ÅÐàҪÍч¨Ð˵Í§ ˨Í§ɤġ¹ȷ¡ħ¹æ àÅÂ˕Ð˨Ð$6#$b#щȆÍàʛ¹¡ÒÃàОÁÀÒ¾ĥ¡É΃ ¢Í§àȑÍ§à¾ƅá¡¹ã̋Ƥע¹ ˵Í§¢ÍºȤ³ ڌäˑ»ÃÐÊ§ʹÍÍ¡¹ÒÁ¤¹Թ¹!$3",
  "stardrop_gift": "@ ĉ¹ã˚¢Í§žàÈÉÅ§ä» ã¹ÊµÒΓ´ÃÍ» ŚÒËģºȤ³àÅÂ¹Ð$4#$b#ġ¹Ģ§Ê´ãËˑÍԒàÅÂ Ëħ§˗ÒȤ³¨ÐªÍº¹Ðчģ¡ ġ¹ÍÒ¨¨ÐŇÒã̋§Ò¹¢Í§Ȥ³ ʷÒÂע¹˺Ò§ʁä˴$3",
  "give_flowersA": "...ÍÂÒ¡¨ÐÍԒāºĉ¹àËÃÍ? àÍÒ¨ƃ§Ɗ?$1#$b#áˉ¹Í¹ ĉ¹ʁÍÂÒ¡ÍԒāºȤ³àËȑÍ¹ā¹ äˑà¤ÂŤ´ÁÒʱÍ¹àÅÂ¹Ð... ¢ÍºȤ³¹Ð ŚÒËģºˡÒÇáÃ¡׉¹Ð$3",
  "give_flowersB": "чģ¡ ĉ¹«Òº׫§ã¨Ĉ§àÅÂ áˉ¹Í¹ĉ¹µ¡Å§$1#$e#...Ģ§ä§ʁµÒÁ ʺÇÂÍ´·¹āº¤¹áººĉ¹˴ÇÂ¹Ð ġ¹ʁ¹Ò¹á̅Çчĉ¹äˑä˴ Ʊ¤ÇÒÁĪÁĞ¹Έ āºã¤ÃĪ¡¤¹ˉÐ$3",
  "give_pendant": "...$2#$b#@...ĉ¹äˑà¤ÂŤ´ÁÒʱÍ¹àÅÂ ˗Ò¨Ðä˴á˅§§Ò¹ƽ¡¤Ճ§ äˑà¤ÂŤ´ч¨Ðģ¡ã¤ÃĪ¡¤¹ ƽ¡¤Ճ§àÅÂ˴ÇÂ$2#$b#á˅àÇÅÒчä˴ã˪āºȤ³... ġ¹ŇÒã̋ĉ¹Ť´¨Ð֗§ȷ¡Ъ§ чà¤ÂŤ´ä̇ˢÒ§Ëĥ§$3#$b#ãʺá̅Ç @ ĉ¹µ¡Å§ч¨Ðá˅§§Ò¹āºȤ³ áÅÐ... щ¨Ðàʛ¹ÅÐ¤Ãº·ãËˑчàÃÒ¨Ð àУÁ˵¹ãËˑä»˴ÇÂā¹ ĉ¹Ëħ§˗ÒàÃÒ¨Ð Ʊ¤ÇÒÁɊ¢ä»µÅÍ´¹Ð$1",
  "rejectNPCA": "ĉ¹äˑŤ´Í˒Ò§ԧ¹¹Ð чģ¡$6",
  "rejectNPCB": "ι¹ġ¹¨Ðäˑàš´ע¹áˉ$6#$e#¡ÒÃÊ¹·¹Ò¨ºá̅Ç ä»«Ð @$2",
  "reject_two_heartA": "ĉ¹äˑړǪ¡áººԹ¹ āºȤ³àÅÂĪ¡Ź´áÎÐ ¢Íâ·ÉƧ¹Ð$2",
  "reject_two_heartB": "àÃÒ¤ÇÃ¨ÐړĈ¡ā¹ã̋ÁÒ¡¡˗Ò׉ ʱÍ¹ч¨ÐàУÁ˵¹ˡÒÇáÃ¡¹Ð чģ¡$6#$e#äˑä˴¨Ð˅Í˵Ò¹¹Ð á˅... ĉ¹Ģ§äˑ¾̃ÍÁàˇÒäË˓ˉÐ$2",
  "reject_four_heartA": "Ť´¨Ðà´µāºã¤ÃĪ¡¤¹ ƽ¡¤Ճ§ˉÐ¹Ð... ĉ¹˗Òĉ¹¤§ŇÒäˑä˴ËÃÍ¡$2#$e#ʴÍÂȤÂàҳÍ§׉ā¹ ƧËĥ§ÅÐā¹¹Ð$2",
  "reject_four_heartB": "@ à¸Íàʛ¹àҮÍ¹чƤ¹Ðá˅...$2#$b#ĉ¹˵Í§¡ÒÃàÇÅÒƽ¡ËˉÍÂˉÐ ÁÒŇÒ¤ÇÒÁړĈ¡ā¹ã̋ÁÒ¡¡˗Ò׉ ʱÍ¹ÅÐā¹¹Ð$2",
  "engageA": "щŤ´˗Òĉ¹âʷԧ¹àËÃÍ? ړ¹Ð˗ÒË˒ÒàҮÍ¨Ð֗§ĉ¹ ä»ËÒ¤¹ҽ¹ˉÐ$5#$e#Í˒ÒŇÒàËȑÍ¹ ĉ¹àʛ¹¢Í§à˕¹Ɗ щġ¹á˒ÁÒ¡àÅÂ¹Ð$2",
  "engageB": "...@ Ť´Ģ§ä§ˉÐàËÃÍ?$2#$e#ĉ¹â¤µÃ¨Ðż´Ëħ§ã¹ĕÇȤ³àÅÂ˕Ð$5",
  "marriedA": "àÍÒ¨ƃ§Ŵ @? щà¸Íá˅§§Ò¹á̅Ç¹Ð$5#$e#ĉ¹¨ÐŤ´˗Òġ¹äˑà¤Â àš´ע¹ÅÐā¹ á¹ÐŉÒã̋ŇÒàËȑÍ¹ĉ¹˴ÇÂÅÐā¹¹Ð$5",
  "marriedB": "@...ŇÒ˺ÒÍÐäÃàщÂ? ĉ¹äˑŤ´¨ÐàˢÒä»àʛ¹ȑÍч ÊÒÁ¢Í§˺Ò¹ã¤ÃËÃÍ¡¹Ð$6#$e#Ť´àËÃÍ˗Òĉ¹¨Ðàʛ¹¤¹áººԹ¹ˉÐ?$5",
  "refusal_knownA": "â̍ чģ¡ ¡ÒÃá˅§§Ò¹àʛ¹àҳÍ§ãËʽч ¤§¨Ð˵Í§ȤÂā¹ÂÒÇàÅÂ$6#$e#ËƂºáˡÇäÇΉāºäÇΉÁÒ á̅ÇʴÍÂι§ȤÂā¹ºÒ§¤Ճ§¹Ð$0",
  "refusal_knownB": "ĉ¹Ģ§äˑŤ´¨Ðá˅§§Ò¹ãËˑ àʣÇæ ׉ËÃÍ¡ @$6#$b#ÍÒ¨¨ÐĪ¡ħ¹ʁä˴ чĉ¹¨Ð¾̃ÍÁŚÒËģºġ¹$2",
  "refusal_botherA": "...àҳÍ§Թ¹ ¤§¨Ðäˑàš´ע¹àʣÇæ ׉áˉ¹Í¹чģ¡$6",
  "refusal_botherB": "Ģ§äˑãʺµÍ¹׉$0",
  "refusal_no_heartsA": "â̽Ð! ĉ¹ä˴Ƃ¹ÁÒ˗Òà˨Òщàʛ¹Ëѹ§ã¹ »ÃÐà¾ƣ¢Í§á¶º׉ ˉÒģ¡Ĉ§àÅÂ$6#$b#щÇÒ§á¼¹ ¨ÐàÍÒã̋ã¤ÃËȓÍĢ§àщÂ?$1",
  "refusal_no_heartsB": "щäˑãʺàҳÍ§µÅ¡àÅÂ¹Ð ч¨ÐÁÒɮ´à˕¹áºº׉ˉÐ ¡ÒÃá˅§§Ò¹ġ¹ŚÒĄ­ÁÒ¡ ŚÒËģºĉ¹$2",
  "Resort_Entering": "â̍Ç ƳÊÍΓ·щ! ʺÒ§ˉÒÁÍ§ÍÐäÃ¢¹Ò´׉!$1",
  "Resort_Leaving": "·ƃ»׉àђÂÁÂÍ´ä»àÅÂ! ĉ¹¨Ð˵Í§¡ĥºÁÒƽ¡àʣÇæ ׉áˉ$3",
  "Resort_Shore": "áÊ§ÍÒŷµΒщƤāºżÇĉ¹ Í˒Ò§ˉÒĭÈ¨ÃÃΒàÅÂ$1#$b#à¸ÍÍÂÒ¡ÅÍ§·Ò¤ƳÁā¹á´´ ¢Í§ĉ¹ՁÂ̘Ðчģ¡? ġ¹ÍÍΓá¡Ź¤¹Ð$3",
  "Resort_Chair": "ËÒ´щ ÂÍ´àђÂÁã˪ä˴àÅÂ¹ÐàщÂ!$3#$e#Ê§ĪÂĈ§˗Ò ˶ÒỄÒ§˺Ò¹чщ ¨Ð˵Í§àƺÂàˇÒäË˓$6",
  "Resort_Bar": "ĉ¹¤§ҤÁàš¹ä»Ź´ËˉÍÂ...$4",
  "Resort": "µÒÂÅÐ µÒÂ ĉ¹ÍÒ¨¨ÐªÍºƳÊÍΓ·чщ ÁÒ¡¡˗ÒàȑÍ§à«ÒƧ¹ ¨ƃ§æ ʁä˴¹ÐàщÂ$1#$e#ȪÁª¹ŇÒã̋ġ¹žàÈÉˉÐ à¸Í˗Òԧ¹ՁÂ?$3",
  
  
  //JOJA JOB QUESTION
  "spring_Thu": "¡ÒÃŇÒ§Ò¹ºƃĩ·ã¹àȑÍ§ àʛ¹ƽ¡˚Ç¹¢Í§ƚƇµĉ¹àÅÂ$3#$q 8001/8002 joja_followup#à¸ÍŇÒ§Ò¹ã̋â¨˨ÒãʺՁÂ˕Ð?#$r 8001 50 joja_yes#ãʺá̅Ç ĉ¹ŇÒ§Ò¹чι¹#$r 8002 -50 joja_no#äˑ˝Ð ĉ¹äˑà¤ÂŇÒ§Ò¹чι¹",
  "joja_yes": "țÁÁÁ ι¹áËÅÐчĉ¹Ť´ä̇àÅÂ à·ÈÁ¹µƳàÅƇÊºÍ¡ĉ¹á̅Ç$6#$b#¾ę¡§Ò¹ºƃĩ· Ԛ¡ÒÃàʛ¹ªÒÇä˓ - ʺÒ§àʛ¹¡ÒÃà»ѕÂ¹ÍÒƚ¾ чªÇ¹µÐǥ§ÍÐäÃ¢¹Ò´׉! ĉ¹ŇÒ§Ò¹àʛ¹ę¡à˕¹٫¹ ã¹àÇÅÒ˗Ò§ˉÐ ˉÒ¨Ð 15 ΪÇâÁ§˅ÍĪ»´ÒΛä˴$1#$b#Ȥ³¤ÇÃ¨ÐˌÍ¹¤ÅÒÂÁÒ¡¡˗Ò׉ ¨Ò¡¡ÒÃŇÒ§Ò¹ã¹ºƃĩ·Ëę¡æ á̅ÇÁÒŇÒ§Ò¹чĕÇàÍ§ģ¡Ƥ¡˗Ò$3#$b#ĉ¹Ƥã¨¹Ðчà¸ÍĢ§Ʊ ¤ÇÒÁӡ§ρ¹ÍԒã¹ĕÇˉÐ$1",
  "joja_no": "ġ¹á»Å¡Ĉ§ äˑàËȑÍ¹āºчÁÍƃÊºÍ¡ä̇àÅÂ$6",
  "joja_followup": "$p 8001#ŚÒËģºà¸ÍàËȑÍ¹ā¹̘Ð ĉ¹Ƥã¨¹ÐчàÃÒԷ§Ӵ àȕÍ¡ч¨ÐˡÒÇ˅Íä»ä˴$3|ŚÒËģºà¸ÍàËȑÍ¹ā¹̘Ð ĉ¹Ƥã¨¹ÐчàÃÒԷ§Ӵ àȕÍ¡ч¨ÐˡÒÇ˅Íä»ä˴$3",
  
  //SPECIFIC MAP AND COORDINATES DIALOGUE
  "Custom_JenkinsHouse_20_9": "%âÍƅàƷÂıÒĥ§Ե§ÊÁÒŸ āº¡ÒÃà˕¹âÂ¤Ð¢Í§à¸Í",
  "Custom_JenkinsHouse_19_5": "ĉ¹¨Ð¹Í¹á̅Çчģ¡ ʴÍÂħ¹Ëĥ§¹Ð!$5",
  "Custom_JenkinsHouse_5_8": "@ ĉ¹ã˪̋Í§թÒÍԒ ÍÍ¡ä»ʱÍ¹!$5",
  "SeedShop_21_20": "%âÍƅàƷÂıÒĥ§Ե§ÊÁÒŸ āº¡ÒÃà˕¹âÂ¤Ð¢Í§à¸Í",
  "Custom_SophiaHouse_6_22": "ä§̘Ð чģ¡! ĉ¹ıÒĥ§ÇÒ§ÍÍà´ÍΓ ã̋â«àƯÂàÅÂ$3",

  //SPRING AND GENERAL DIALOGUE
  "spring_1": "ĉ¹Ƥã¨ч Äɤãºä́¼ƅ¡ĥºÁÒƽ¡¤Ճ§ ĉ¹àУÁ¨ÐàҪÍāºÍÒ¡ÒÈË¹ÒÇæ á̅ÇˉÐƊ$1",
  "spring_9": "ºÒ§¤Ճ§ĉ¹ʁŤ´¹Ð˗Ò ġ¹¨Ðàʛ¹Ģ§ä§ ˶Òĉ¹¡ĥºä»ŇÒ§Ò¹ чàȑÍ§ɛɛˉÐ$2#$e#чщĉ¹ƱàÇÅÒàÂÍÐÁÒ¡ ŇÒã̋â¿āÊāº§Ò¹ÍŴàÃ¡¢Í§ĉ¹ ä˴ƤÁÒ¡àÅÂ á˅ºÒ§¤Ճ§ʁà¼ÅÍàËˑÍ ÍԒµÅÍ´àÅÂ...$3",
  "spring_12": "à·È¡ÒÅäʲƽÊàµÍΓ ǴÍħ¹¾ӣ§׉á̅Ç! ˢÍ̍Ò§чƤàÅÂ ч¨Ðä˴ҤÁϤÒāºäÇΉԪ¹Ƥ ã¹¤ÍÅàÅ¤Ϊ¹¢Í§ĉ¹$3",
  "spring_23": "ä§̘Ðчģ¡ Äɤãºä́¼ƅ¨Ð֪¹Ɋ´àʣÇæ ׉á̅Ç˕Ð ړËȓÍĢ§˗Ò¨Ð»ɵ¡ÍÐäÃ˅Í ã¹Ë˹Ò̃Í¹ˉÐ?$3#$e#ÁÒƩ»ɵ¡àÁ˕Í¹ȷ¡æ ƫàÅÂ˕Ð á¶ÁĢ§Í˓ÍÂàÍÒÁÒ¡æ àÅÂ˴ÇÂ ĉ¹Ե§µÒÃÍ¾Ç¡ġ¹ÁÒ¡àÅÂ˕Ð$1",
  "spring_28": "ĉ¹˗Ò¨Ð»ɵ¡´Í¡·Ò¹µÐħ¹ чÊÇ¹Ëĥ§˺Ò¹«ÐËˉÍÂ àÇÅÒàʫ¹·Ò¹µÐħ¹ƧäÃ ¨ÐړǪ¡ä˴ǖ§¾ĥ§¢Í§Äɤ̃Í¹ ע¹ÁÒàÅÂ˕Ð$1#$e#àÁʥ´·Ò¹µÐħ¹ʁĢ§àʛ¹ ¢¹ÁчƤ˅ÍɊ¢ÀÒ¾˴ÇÂ!$3",
 
  "Mon": "ĉ¹Ëħ§˗Ò àҮÍ¹¢Í§Ƈ¤àµÍΓĪ¡¤¹ ÍÂÒ¡¨ÐŇÒ¾ÒΓ·ä·Αàʛ¹§Ò¹ ŇÒ¤ÇÒÁÊÐÍÒ´˺Ò¹˺Ò§¹Ð ġ¹ʺÇÂã̋ĉ¹»ÃÐËĢ´àÇÅÒ àÂÍÐÁÒ¡àÅÂƧàƤÂÇàƚÂÇ˕Ð$1",
  "Mon2": "µÒÃÒ§§Ò¹¢Í§ĉ¹Ӣ§ÁÒ¡àÅÂ á˅ĉ¹ÇÒ§ħ¹ä̇ã̋ĊÇΓæ á̅Ç˕Ð˗Ò¨ÐƱàÇÅÒ˗Ò§ ã̋á¤âÃäÅΉāºâ¨ׄ ã¹ħ¹Ĉ¹·ΓáÅÐħ¹¾ÄīÊºƤˉÐ Է§Ӵàʛ¹àҮÍ¹ÊŹ·¢Í§ĉ¹$3#$e#ĉ¹¾ÂÒÂÒÁч¨ÐÍԒ˛Ò§æ ¨Ò¡á¾ÁàÍÒä̇ à¸Íɤ¨ÐàˢÒāºĉ¹äˑʴÍÂƤę¡$6#$e#ŇÒäÁˉÐàËÃÍ? äˑãʺàҳÍ§¢Í§à¸Í̘Ð$1",
  "Mon4": "àÃÒȤÂā¹ÍԒ˗Ò¤ÇÃ¨Ð˨Ò§ ę¡ÍÍ¡áººɰƁėÈΉÁÒƤՁÂ ÊÇ¹Ëĥ§˺Ò¹¨Ðä˴ɤ ˉÒÊ¹ã¨ע¹ÁÒ˺Ò§$0#$e#Ģ§ÍÂÒ¡¨ÐȤÂÍԒàËÃÍ? µÍ¹׉ĉ¹ıÒĥ§Ӣ§ÍԒˉÐƊ$6",
  "Mon8": "ƤĈ§àÅÂчä˴à¨ÍȤ³ @$3#$e#ÅÒʱÍ¹̘Ð!$1",
  "Mon10": "ÊħÊƤ Ê¹ã¨¨Ðä»àƳÂ¹âÂ¤Ð āºĉ¹¾ӣ§׉ՁÂ?$3#$e#ĉ¹ÊÍ¹ˇÒخ¹°Ò¹ ã̋ä˴¹Ð!$1",
  "Tue": "˗Òä§̘Ðчģ¡ ħ¹׉¨ÐŇÒÍÐäÃ˺Ò§˕Ð? Í˒ÒâËÁ§Ò¹Ëę¡¨¹àʈºĕÇ˕Ð$3#$e#ĉ¹Ģ§äˑÍÂÒ¡ã̋à¸Í ̂ÒÂÍÍ¡ä»àʣÇæ ׉ËÃÍ¡¹Ð$6",
  "Tue2": "ĉǙ¡à˕¹âÂ¤ÐÁÒä˴ »ÃÐÁÒ³ƫǙ§á̅Ç˕Ð ĉ¹ŇÒˇÒÂÒ¡æ Í˒Ò§ 'à·Ʈ˓ÒÂœÒ' á̅Çʁ 'ĚÇɥÁ' ä˴˴ÇÂ¹Ð$1#$e#¡ÒÃƱɊ¢ÀÒ¾чƤŚÒĄ­ÁÒ¡ ˶ÒËÒ¡à¸ÍÍÂÒ¡¨ÐɤƤ˕Ðʁ àËȑÍ¹ӫ¹ĭ¹ä̃чŵ ¢Í§ĉ¹Ģ§ä§˕Ð$6",
  "Tue8": "âÂ¤ÐǴÍ¸ÃÃÁªÒŵ Ũµã¨ áÅÐ¡ÒÃǝ¡½¹·Ò§˴Ò¹ÊÁÒŸ! àұÍäË˓чà¸ÍƱàÇÅÒ˗Ò§ ĉ¹Ƃ¹Ƥ¨ÐÊÍ¹ã̋Ī¡ˇÒä˴¹Ð$3",
  "Wed": "˗Òä§̘Ð ÊħÊƤħ¹Ⱦ¸$3#$e#ºÒ§Ƨ˶Òâª¤Ƥ¾Í ĉ¹¨Ðã̋à¸ÍÅÍ§ŪÁÃÊªÒŵ ¢Í§äÇΉԪ¹ƤÅÐā¹¹Ð$1",
  "Wed4": "ĉ¹àО§¨ÐÃ´թÒã̋Ȏª¼Å ч˺Ò¹ä»ħ¹׉àÍ§ Ɋ¢ÀÒ¾¢Í§ŚÒËģºȎª¼ÅǴÍ ¨Ð˵Í§ÊÐÍÒ´ áÅÐƱÍÒ¡ÒÈчºƃɊ·ڸ$1#$e#äˑãʺЪ§чàŧ¹¨Ð؛Íä˴ËÃÍ¡¹Ð$3",
  "Wed10": "ĉ¹àÍÒäÇΉÁÒã̋Ȥ³˴ÇÂ ġ¹àʛ¹äÇΉчàђÂÁä»àÅÂ˕Ð[348]$1",
  "Thu": "¢Íâ·ÉƧ¹Ð µÍ¹׉ĉ¹Ӣ§àš¹¡˗Ò¨ÐȤÂä˴$0#$e#ι¹ʁËÁÒÂ¤ÇÒÁ˗Ò à¸Í¤ÇÃä»ä˴á̅Ç @$6",
  "Thu2": "˗Òä§ @! ħ¹׉ĉ¹ÍÒÃÁ΃Ƥ áÅÐƱ¤ÇÒÁɊ¢ÁÒ¡àÅÂ!$1#$e#ŇÒäÁˉÐàËÃÍ? ʁà¾ÃÒÐħ¹׉ĉ¹ŇÒàŧ¹ä˴àÂÍÐÁÒ¡ ¨Ò¡¡ÒÃÅ§ȷ¹ä§˕Ð$0",
  "Thu6": "¾ӣ§׉à¸Í¨Ðä»ч«Òɵ¹ՁÂ @? à¸ÍÍÒ¨¨Ðà¨Íĉ¹ʁä˴¹Ð Ƈ¤àµÍΓä»чι¹ȷ¡ħ¹Ɉ¡Γ àҮÍ»ÒΓׅāºàҮÍ¹¢Í§à¢Ò$3",
  "Thu8": "ƤĈ§àÅÂчä˴à¨ÍȤ³ àʛ¹Ģ§ä§˺Ò§˨Ð?$3#$e#â̍Ç ĉ¹ړá̅Ç˕Ð! Ʊ¤ÇÒÁɊ¢ƤÍԒµÅÍ´ãʺՁÂ˕Ð$1",
  "Fri": "ä§̘Ðчģ¡$0#$e#Ȥ³¤ÇÃä»ä˴á̅Ç¹Ð$6#$e#%âÍƅàƷÂàƁ¹Ȥ³á̅Ç",
  "Fri2": "٫¹¢Í§ĉ¹ºÒ§ĕÇ ÃÒ¤Òµ¡Å§àұÍà˪Ò ĉ¹àƺÂä»Ե§ 30,000G$2#$e#%âÍƅàƷÂÍԒã¹ÍÒÃÁ΃ чäˑƤę¡ч¨ÐȤÂ",
  "Fri6": "ĉ¹ġ¡¨ÐҤÁϤÒāºäÇΉ¢Í§ĉ¹ Ī¡áˡÇã¹ħ¹Ɉ¡Γ$3#$b#āÊƱäÇΉËÒÂÒ¡ÍԒ˴ÇÂ áÅÐġ¡¨Ðàʛ¹äÇΉ¨Ò¡ ä˓ÍӇ¹ºɵɱ¹àÊÁÍàÅÂ$1",
  "Fri10": "ÊħÊƤħ¹Ɉ¡Γ̘Ð! à¸ÍŇÒ§Ò¹Ëę¡ÁÒµÅÍ´àÅÂ! à¸Í¤ÇÃ¨Ðä˴Ğ¡ˌÍ¹¹Ð$3#$e#ºÍ¡ĉ¹ä˴àÅÂ¹Ð ˶Ò¾Í¨ÐʺÇÂÍÐäÃä˴$4",
  "Sat": "Ʊ§Ò¹ч˵Í§ŇÒã̋àÊʣ¨ ƽ¡àƮÂºàÅÂ ĉ¹¤§¨Ð˵Í§˨Ò§ˎÍ˺Ò¹àʣÇæ ׉á̅ÇáËÅÐ$5#$e#¢Íã̋Ʊħ¹чƤ¹Ð$6",
  "Sat2": "ĉ¹àȕÍ¡¡ÒÃÇÒ´ɳ» àʛ¹§Ò¹ÍŴàÃ¡àұÍËÅÒÂƫʱÍ¹ ƵÍÒΛä˴á¹ÐŉÒЪ§Ƥæ ã̋ĉ¹àÂÍÐàÅÂ!$3#$e#à¸ÍˉÒģ¡àËȑÍ¹ݖ¡µÒÁÒ¡æ àÅÂ˕Ð äˑŤ´ԧ¹àËÃÍ?$1",
  "Sat6": "ä§чģ¡ àÊÒΓËÃÃÉÒ׉àʛ¹ä§˺Ò§̘Ð? à¸ÍŇÒ§Ò¹Ëę¡ÁÒÁÒ¡àÅÂ¹Ð$3#$e#à¸Í¤ÇÃ¨ÐĞ¡ˌÍ¹˺Ò§¹Ð$0",
  "Sat10": "àʣÇæ ׉ɳ»ÇÒ´¢Í§ĉ¹ǴºË˹Òä»àÂÍÐàÅÂ ɰƁã¨ã¹ĕÇàÍ§Ĉ§$1#$e#¢Íã̋àʛ¹ħ¹чƤ¹Ð̘Ð$3",
  "Sun": "ħ¹׉äˑä˴Ëɂ´àËÃÍ? ĉ¹äˑÍÂÒ¡ä»Ãº¡Ç¹ ¡ÒÃŇÒ§Ò¹¢Í§Ȥ³ˉÐ$6#$e#ä»ŇÒȸÃÐ¢Í§Ȥ³˅Íà¶ÍÐ @$0", 
  "Sun2": "àÇÅÒàʛ¹àŧ¹àʛ¹·Í§! Ȥ³ʁړãʺՁÂ @ ĉ¹ġ¡¨Ðàʊ¤ÃÒ¤Ò٫¹¢Í§ĉ¹ ÍԒµÅÍ´àÇÅÒàÅÂ$3#$e#áˉ¹Í¹Ȥ³ʁړщ ι¹àÅÂàʛ¹àËȵ¼ÅчȤ³äˑà¤Â Ëɂ´§Ò¹ã¹¿ÒΓÁ¢Í§Ȥ³àÅÂ$6",
  "Sun6": "à˪Ò׉ĉ¹âª¤ƤÁÒ¡àÅÂ á¶Áä˴ıÒäÃ¨Ò¡٫¹ƽ¡àƮÂº$1#$b#ĉ¹˗Ò¨Ðã˪ġ¹ä»āº ¡ÒÃ؛ÍÀÒ¾¢Í§ƈÅŻ¹чªÍº ¨Ò¡Ëԑà¡ÒÐàſΓ¹˕Ð$0",
  "Sun10": "ƇàÈÉÁÒ¡àÅÂ чä˴ÁÒà¨Íà¸Í! ħ¹׉àʛ¹Ģ§ä§˺Ò§̘Ð?$1#$e#*ܖº* ι¹ŇÒã̋ħ¹¢Í§à¸Í ƇàÈÉע¹˺Ò§ՁÂ˕Ð?$3",

  //SUMMER DIALOGUE
  "summer_1": "̽Ò! Äɤ̃Í¹! ĉ¹¨Ðä˴âªΗźšщ ĕÇÊÇÂ¢Í§ĉ¹чªÒÂËÒ´Ī¡Ƨ$3#$e#ĉ¹àҚÍ˗Òá¤âÃäÅΉ ʁƱźšщĕÇãËˑàËȑÍ¹ā¹$6",
  "summer_5": "ę¡ÍÍ¡áººàغÍ¢Í§ĉ¹ чàªÊàµÍΓàÇÅ à¸ÍÍ¡áººà´ÃÊÊÇÂæ ã̋ĉ¹˴ÇÂ˕Ð$1#$b#Í´ã¨ÃÍäˑäËÇá̅Çч¨Ðã˚ ä»§Ò¹à·È¡ÒÅ˅Íä»¢Í§àȑÍ§$3#$e#Í˒ÒȕÁªÁĉ¹˴ÇÂ˕Ð µÍ¹à¨Íā¹ˉÐчģ¡$1",
  "summer_10": "ڌ˗Ò¡ÒÃäˑʴÍÂ¨Ðä˴ÁÒч àȑÍ§¢Í§àÃÒˊÍÂę¡ËÃÍ¡ ι¹àÅÂàʛ¹àƑÂÃŵÁÒ¡æ чà¢Ò¨ÐÁÒã¹ħ¹¾ӣ§׉$1#$e#ĉ¹Ëħ§˗ÒȤ³¨Ðã˚ÍÐäÃƤæ Å§ä»ã¹ȫ»ι¹¹Ð$3",
  "summer_17": "ĉ¹ºƃ¨Ò¤àŧ¹ 15,000G ã̋āºɱÅŹŸã¹àȑÍ§ɛɛ ä»àұÍÇÒ¹$1#$b#ĉ¹àˢÒã¨˗Òȷ¡æ ¤¹äˑä˴âª¤ƤàËȑÍ¹ĉ¹ ĉ¹àÅÂʺÇÂàˇÒч¨ÐŇÒä˴$2#$b#à¸Íɤá»Å¡ã¨¹Ð ĉ¹á¤Γ¤¹ҽ¹ÁÒ¡¡˗Òчàʫ¹¹Ð$0",
  "summer_22": "˗Òä§ щàŧ¹àʥ¡æ ˹ÍÂæ ˨Ð ä»؛ÍäÍÈ¤ƳÁã̋ĕÇàÍ§Ɗ!$1[336]",
  "summer_28": "Ȥ³¨ÐÁÒ˓ÇÁɤ¾ÃÐĈ¹·Γāº¤¹ҽ¹æ ã¹Ǵ¹׉ՁÂ @?$3",
  "summer_3_1": "àұÍǴ¹ƱàƺÂ§ÃÐàź´ ˉÒ¡ĥÇ˴ÇÂ ġ¹ŇÒã̋Ȥ³ҥ¹˴ÇÂãʺՁÂ˕Ð @?$0#$e#àËȑÍ¹ÍÐäÃġ¹¶˕ÁÅ§ÁÒàÅÂ ĉ¹¤§¨Ð˵Í§ä»ȤÂāº à·ÈÁ¹µƳàÅƇÊá̅Ç$2",

  "summer_Mon": "˗Òä§̘Ð Ĉ¹·Γĭ¹áÊ¹Ê´ãÊ? àʛ¹Ī»´ÒΛчƤàÅÂ¹Ð$3#$e#â̽Ð ĉ¹ˉÐàËÃÍ? ʁƤ ¢ÍºȤ³ŚÒËģº¤ÇÒÁàʛ¹˛Ç§$6#$e#Ʊã¤ÃºÍ¡˺Ò§ËȓÍĢ§ ˗Òà¸Íщã¨ƤÁÒ¡àÅÂ¹Ð?$1", 
  "summer_Mon4": "ħ¹׉ɛ«Ò¹ã̋àÁ˕Í¹Ê´æ ¨Ò¡¿ÒΓÁà¸ÍÁÒ˴ÇÂ ɛ«Ò¹щã¨ƤÁÒ¡æ àÅÂ˕Ð!$1#$b#Ȏª¼Å¢Í§à¸ÍƤ˅ÍɊ¢ÀÒ¾ ÁÒ¡¡˗Ò¢Í§áÍ¹ׄƽ¡$6#$e#ĉ¹Ť´˗Òäˑà¤Âš¹ ¢Í§¨Ò¡ÊÇ¹à¢Ò¹Ð$2#$e#ɤËÂÒº¤ÒÂä»ՁÂ¹Ð? ĉ¹áʴ¾ÂÒÂÒÁģ¡ÉÒɊ¢ÀÒ¾ ¢Í§ĕÇàÍ§ÍԒˉÐ á˅ĉ¹ړ¹Ð˗Òà¸ÍÍÂÒ¡¨Ðã̋ȷ¡æ ¤¹ړǪ¡àËȑÍ¹ÍԒч ˺Ò¹¢Í§ĕÇàÍ§$0",
  "summer_Mon8": "ä§˨ÐËÇÒ¹ã¨ à¸ÍŇÒ§Ò¹Ëę¡ÁÒԷ§Ī»´ÒΛàÅÂ¹Ð á¶ÁÄɤ̃Í¹ƫ׉ ʁ̃Í¹àËȑÍ¹àŴÁàÅÂ$3",
  "summer_Mon10": "ĉ¹ã˪¤ƳÁā¹á´´ĕÇãËˑ ġ¹ʺÇÂàҳÍ§żÇ¢Í§ĉ¹ ä˴àђÂÁä»àÅÂ$3#$b#ºÍ¡ä˴¹Ð˶ÒÍÂÒ¡ÅÍ§ɤ˺Ò§$1",
  "summer_Tue": "ĉ¹àˢÒ˓ÇÁáÍâÃź¤¤ÅÒÊ ч̃Ò¹¢Í§ƫáÍΓˉÐ âÂ¤ÐʺÇÂàҳÍ§ÊÁÒŸ áÅÐ˓Ò§¡ÒÂä˴ƤÁÒ¡$3#$e#á¶ÁĢ§ŇÒã̋Ɋ¢ÀÒ¾Ƥ áÅÐӫ¹Ƥ˴ÇÂ$1",
  "summer_Tue4": "ĉ¹ä»؛Í¢Í§Ê´¨Ò¡̃Ò¹ ƫáÍΓÁÒàұÍà˪Ò׉ à¢ÒƱ¢Í§ÍÍá¡ΓŹ¤Ƥæ àƮÂºàÅÂ$3",
  "summer_Tue6": "à·ÈÁ¹µƳàÅƇÊã˪§º 5,000G ŚÒËģºà·È¡ÒÃäʲƽÊàµÍΓ$2#$b#ĉ¹ºƃ¨Ò¤àŧ¹¢Í§ĉ¹àÍ§ àҮÍã̋áˉã¨˗ÒĢ§ÊÒÁÒÃ¶ àʛ¹à˨ÒÀÒ¾§Ò¹à·È¡ÒÅä˴$0#$e#àҮÍàʛ¹¡ÒÃµÍºá·¹ à¢Òã̋ĉ¹ã˪Ė§Ëġ¡ˢÒ§æ ɸ¹ΒȪÁª¹ä˴µÒÁÊºÒÂ$3#$e#àÃÒ¤ÇÃ¨ÐµÍºá·¹ â´ÂŇÒã̋àȑÍ§׉àʛ¹àȑÍ§ чáÊ¹¨ÐƇàÈÉ$3",
  "summer_Tue8": "ÃÍºË˹ÒàÇÅÒ¡ĥº¨Ò¡ à¡ÒÐàſΓ¹ ĉ¹¨ÐàÍÒƃ§¿ɃêµÁÒã̋à¸Í¹Ð$1#$e#ġ¹Í˓ÍÂÁÒ¡àÅÂ á¶ÁĢ§ŇÒ¾ÒÂÍ˓ÍÂæ ä˴˴ÇÂ¹Ð äË¹¨Ðàˤ¡ËȓÍĄÊµÒΓ´... ÍÐäÃʁµÒÁчǙ¡ÍÍ¡!$3#$b#ĉ¹ªÍºч¨Ðã̋¢Í§¢ħ­¹Ð á˅¨ÐĊÇΓ¡˗ÒàÇÅÒä˴ړ˗Ò à¸ÍړǪ¡ä˴ģº¡ÒÃ»ůĚŵƤæ ã˚ˉÐ$1",
  "summer_Wed": "äÇΉƍàÃàƤÂÁԪ¹Ƥ ¢Í§â«àƯÂÍ˓ÍÂÁÒ¡àÅÂ ĉ¹¤ÇÃ¨ÐºÍ¡ã̋à¸Íړ¹Ð$1",
  "summer_Wed4": "ĉ¹Å§ȷ¹ä» 30,000G āººƃĩ·ÊµÒΓ·ĭ¾ä» ĉ¹àҚÍ˗Ò¾Ç¡à¢Ò¨ÐˡÒÇË˹Òáˉ!$1#$e#ºƃĩ·˴Ò¹à·¤â¹âÅƲ ıÒĥ§ä»ä˴Ƥ ã¹àȑÍ§ɛɛàÅÂ$3#$b#˶ÒÍÂÒ¡ä˴àŧ¹ʷÒÂæ ˕Ðʁ щǴÍàÇÅÒƤч¨Ðà˕¹٫¹àÅÂ @$1",
  "summer_Wed6": "˶ÒÍÂÒ¡¨Ðã̋ĉ¹àÍÒàŧ¹¢Í§Ȥ³ ÁÒÅ§ȷ¹ã¹٫¹˕Ðʁ ĉ¹¨ÐƂ¹ƤÁÒ¡àÅÂ˕Ð @$1#$e#Ģ§ä§ʁµÒÁĉ¹¢Íī¡ 20% ¨Ò¡ıÒäÃàʛ¹ʴÒ ã̋ĴÒ»ǣ¡ÉÒÅÐā¹¹Ð$6",
  "summer_Wed8": "ĉ¹¨Ðä»á¡ÃÁΎàÅĕ¹àʣÇæ ׉ ÍÒ¡ÒÈƤæ чà¸Í¨ÐĪÁĜÊä˴àÇÅÒÍԒã˵˓Á ¢Í§˵¹àÃ´ڗ´àÅÂ˕Ð$3#$e#ºÒ§ƧàÃÒÍÒ¨¨ÐÍÍ¡·ƃ» ä»˴ÇÂā¹Ī¡¤Ճ§¹Ð$1",  
  "summer_Thu": "ÊħÊƤ˨Ð Ť´Ģ§ä§˺Ò§āº˅Ò§ɻ ĭ¹ãËˑ¢Í§ĉ¹? ĉ¹ϊ§ġ¹ÁÒ¨Ò¡àȑÍ§ «ÒƧ¹àÅÂ¹Ð!$1",
  "summer_Thu8": "á¤âÃäÅΉ â¨ׄá̅Çʁĉ¹ ˉÒ¨Ðä˴ä»˗ÒÂթÒā¹àʣÇæ ׉ á¤âÃäÅΉä˴Ȫ´˗ÒÂթÒÁÒãËˑˉÐ$3#$b#ÍÂÒ¡¨Ðä»˴ÇÂā¹äËÁ˕Ð? áˉ¹Í¹à¸Íä»ä˴àÊÁÍàÅÂчģ¡$1",
  "summer_Thu10": "á¤âÃäÅΉāºĉ¹ ¨Ðä»˗ÒÂթÒч·ÐàÅÊÒºàʣÇæ ׉$3#$b#ÍÂÒ¡ä»˴ÇÂā¹ՁÂ̘Ð?$4",
  "summer_Fri": "ĉ¹¤§¨Ð˵Í§ã˪àÇÅÒÇÒ´ÀÒ¾ ¹Ò¹¡˗Ò׉áˉæ$1#$e#ƱàҳÍ§ч˵Í§ړƽ¡àÂÍÐ ¡ÒÃÍÍ¡áººäË¹¨Ðà·¤Ź¤... ʴÍ¹ˢÒ§¨ÐӢ§ÂÒ¡àÅÂ˕Ð$0",
  "summer_Fri2": "áÍ¹ׄŇÒĉ¹ړǪ¡á˒ÁÒ¡æ àÅÂ ч«Òɵ¹àұÍǴ¹׉ à¢ÒÁÍ§ÁÒчĉ¹µÅÍ´$2#$e#ĉ¹ä˴Ƃ¹ÁÒ˗Òà¢ÒɺºȺËѓ Ëę¡ÁÒ¡àÅÂ˕Ð äˑá»Å¡ã¨àˇÒäË˓$6",
  "summer_Fri6": "âÂ¤Ðàʛ¹š¨¡ÃÃÁчƤÁÒ¡¹Ð ˶Òà¸Í¤ÇÒÁĔ¹ËȓÍá¤ÃÍÊàµÍÃÍÅ ɺ§ÁÒ¡æ$1#$e#ĉ¹Ť´˗ÒáÍ¹ׄ ¤ÇÃ¨ÐÁÒŇÒâÂ¤Ð˺Ò§¹Ð ËȓÍÍ˒Ò§˹ÍÂš¹ÍÒËÒÃàҮÍɊ¢ÀÒ¾ ʁĢ§Ƥ$6#$b#..ĉ¹ړ ˗Òà¤Âɮ´̃ÒÂã˚à¢ÒÁÒʱÍ¹ á˅ġ¹ʁÍ´àʛ¹˛Ç§äˑä˴ ÍÒËÒÃŚÒàʣ¨ɳ»¢Í§â¨˨Ò äˑãʺ·Ò§àȕÍ¡чƤę¡ËÃÍ¡$2",  
  "summer_Fri10": "µÒÂá̅Çæ ħ¹׉Ȫ´чȤ³ã˚ ɤƤä̃чŵɊ´æ ä»àÅÂ$1#$e#˶ÒÍÂÒ¡ĕ´Ȫ´˕Ðʁ ĉ¹ړĈ¡¤¹чģºŇÒÍԒ ã¹àȑÍ§àªÊàµÍΓàÇÅΕ à¢ÒʺÇÂȤ³ä˴áˉ¹Í¹!$3",
  "summer_Sat": "ĉ¹ä˴ģº¨´ËÁÒÂ¢ÂÐÁÒàƮÂºàÅÂ ¤§¨Ð˵Í§ä»ȤÂāº à·ÈÁ¹µƳàÅƇÊ«Ðá̅Ç$2#$e#¨´ËÁÒÂчä˴ģº˚Ç¹ãËʽ ʁƱá˅â˦É³Òāº ¨´ËÁÒÂɵ¡âʻԷ§Թ¹àÅÂáËÅÐ$5",
  "summer_Sat4": "à·ÈÁ¹µƳàÅƇÊğ§ĴÒá¹ÐŉÒ¢Í§ĉ¹ àҮÍч¨ÐŉÒä»»ģº»Ƀ§àȑÍ§ à¢Òàʛ¹¤¹чƤÁÒ¡àÅÂ¹Ð$3#$e#ĉ¹ģ¡ġ¹ÁÒ¡àÅÂ ¤ÇÒÁړǪ¡àËȑÍ¹ä˴ÍԒã¹чæ ¢Í§ĕÇàÍ§µÅÍ´àÇÅÒàщÂ àУÁړǪ¡˺Ò§á̅ÇãʺՁÂ˕Ð?$3",
  "summer_Sat8": "ƵÍÒÊÍ¹à·¤Ź¤àҳÍ§Ԏā¹ ã̋ĉ¹àÂÍÐáÂÐàÅÂ ĉ¹ƍ¨©Òė¡ÉÐ¢Í§à¸ÍÁÒ¡æ àÅÂ3#$e#˶Òĉ¹ǝ¡½¹ÁÒ¡¡˗Ò׉ ÍÒ¨¨ÐÇÒ´ɳ»¢Í§à¸ÍĪ¡ħ¹ʁä˴!$1",
  "summer_Sun": "ĭ§¤ÒÃË˹Òĉ¹¨ÐÅÍ§ âÂ¤ÐˇÒãËˑɤ àʛ¹ÍÐäÃч˷Ò·ÒÂàÍÒÁÒ¡æ ƧàƤÂÇàƚÂÇ!$3",
  "summer_Sun4": "â¨ׄºÍ¡ĉ¹˗Ò Ƈ¹à«¹΅ŇÒ¤Ðá¹¹¤ųµ ä˴äˑƤę¡ à¸ÍàÅÂà¤ƳÂ´àÍÒÁÒ¡æ...$2#$e#ĉ¹ÍÒ¨¨Ðä»¢Íã̋Ƈ¤àµÍΓ ÁÒŵÇã̋ËɩƇ¹à«¹΅ɤä˴ ˶Òäˑä˴˕Ðʁ ĉ¹˗Òĉ¹¾Í¨ÐƱė¡ÉÐ¤ųµ¨Ò¡¡ÒÃ à˕¹٫¹¢Í§ĉ¹ÍԒ˺Ò§¹Ð...$3",
  "summer_Sun8": "§Ò¹ÍŴàÃ¡ҽ¹àËÃÍ? ȝÁ.. àÃÒʁàʛ¹àҮÍ¹ā¹á̅Ç¹Ð... Í˒ÒºÍ¡ã¤ÃÅÐā¹ á˅...$0#$e#ĉ¹ªÍº˝Ò¹ŹÂÒÂâÃáÁ¹ŵ¡ˉÐ á¶ÁʺÇ§׉ʁ˝Ò¹àÂÍÐÁÒ¡˴ÇÂ àʛ¹§Ò¹ÍŴàÃ¡чĉ¹â»Ã´»ÃÒ¹ÁÒ¡æ àÅÂ4#$e#¢Íã̋àʛ¹ħ¹чƤ¹Ð̘Ð$1",
  
  // FALL DIALOGUE
  "fall_1": "¢Íã̋âª¤Ƥāº¡ÒÃàʁºàбÂÇ ã¹Äɤãºä́˓Ç§¹Ð @ ˶Òä»¢ÒÂğ¡·Í§ã̋āº ƫáÍΓ˕Ðʁ ĉ¹ÍÒ¨¨Ðä»؛Íġ¹ÁÒʁä˴¹Ð!$3",
  "fall_9": "ĉ¹áÇÐä»ä˓ÍӇ¹ ºɵɱ¹ÁÒàұÍÇÒ¹ àҮÍϊ§äÇΉàОÁāºâ«àƯÂ$3#$b#ºÒ§¤Ճ§ĉ¹ʁƱ Ƈ¤àµÍΓä»˴ÇÂ á˅ĉ¹ʁÍÂÒ¡ä»ɤĭ­Áƣ á˛§˷Í§·ÐàÅ¨Ò¡Ë˹Ò¼ÒĈ§ ġ¹àʛ¹ɁÁчÊÇÂàÍÒÁÒ¡æ àÅÂ˕Ð$1#$e#ĉ¹ÍÂÒ¡¨ÐÅÍ§ä»āºȤ³ɤĪ¡¤Ճ§... Ȥ³¨Ðä»˴ÇÂā¹ՁÂ?$3",
  "fall_15": "Ȥ³¨ÐàˢÒ˓ÇÁ§Ò¹à·È¡ÒÃ ã¹ħ¹¾ӣ§׉ãʺäËÁ? Ëħ§˗ÒȤ³¨Ðâª¤Ƥ¹Ð!$1#$e#á¤âÃäÅΉºÍ¡˗Ò ¼Å¼ƅµ¢Í§ƫáÍΓã¹ƫ׉ ÍÍ¡ÁÒä˴ƤƧàƤÂÇàƚÂÇ ¤§¨Ðàʛ¹¡ÒÃáʲ§Ă¹ чɺƺáË§æ àÅÂ$6",
  "fall_17": "ч§Ò¹à·È¡ÒÅàұÍÇÒ¹ ĉ¹ä˴ȤÂāº¾Ç¡ę¡ˇÍ§àчÂÇ чÁÒ¨Ò¡àȑÍ§àÁʻÒ˴ÇÂ!$1#$b#ġ¹äˑä˴ãËʽä»¡˗Ò àȑÍ§ɛɛàÅÂ á˅ġ¹ɤǄ¡Ą¡áÅÐàʕÁä»˴ÇÂ áÊ§ƺàÂÍÐ¡˗Òƽ¡$3",
  "fall_22": "ǖ§ĉ¹¨ÐŇÒ§Ò¹˴Ò¹Ě­ƚ чâ¨˨Òʁà¶ÍÐ á˅ĉ¹äˑà¤Â؛ÍÍÐäÃ¨Ò¡чι¹àÅÂ áÅÐ¨ÐäˑƱħ¹˴ÇÂ$0#$e#Ɗ¹ˤÒ¢Í§¾Ç¡à¢Ò äˑƤ˅ÍɊ¢ÀÒ¾á¶ÁĢ§¨Ð ŇÒã̋żÇ¢Í§ĉ¹á˒Å§ƽ¡˴ÇÂ$6",
  "fall_27": "à·È¡ÒÅɰµ ¾ӣ§׉á̅Ç @! ƫ׉ä˴ä»ŚÒÃÇ¨Ç§¡µ ÁÒ˺Ò§ËȓÍĢ§˕Ð?$1#$e#ƱáÇÇчƇ¤àµÍΓ ¨ÐËÅ§ÍԒˢÒ§ã¹áˉæ à¢Òġ¡¨Ð˵Í§à¨ÍāºàҳÍ§ ªÇ¹»Ç´īÇÍԒµÅÍ´àÅÂ$6",
  "fall_28": "ġ¹ǴÍàҳÍ§ÃÒÇ¢Í§¤ÃÍº¤ģÇ чà¤ÂÍÒĨÂÍԒã¹˺Ò¹׉ÁÒʱÍ¹$2#$e#á˅ĉ¹¨ÐäˑÂÍÁà˕Ò àҳÍ§׉ã̋ã¤Ãğ§ËÃÍ¡#$e#ãʺ @ ÃÇÁǖ§Ȥ³˴ÇÂ$6#$e#...$2#$e#%âÍƅàƷÂàƁ¹Ȥ³«Ðá̅Ç",

  "fall_Mon": "ʺÇ§Äɤãºä́˓Ç§ ĉ¹ġ¡¨ÐàˢÒä»ã¹ˋÒ àҮÍàʁºàʫ´$0#$b#Ëħ§˗ÒƇ¤àµÍΓ¨ÐƱ ¤ÇÒÁɊ¢āºàʫ´¾Ç¡Թ¹¹Ð à¾ÃÒÐĉ¹ã˪ġ¹ŇÒÍÒËÒÃ á·º¨Ðȷ¡رÍàÅÂ$6",
  "fall_Mon4": "ĉ¹àʫ¹ %pet àŴ¹ÍԒã¹àȑÍ§àұÍÇÒ¹׉ ʺÒ§àʛ¹à˨ÒĪµΗàוÂ§ чˉÒģ¡ÍÐäÃ¢¹Ò´׉!$1#$e#%pet ŇÒã̋ĉ¹Ǚ¡ǖ§ŴÇם... Ƈ¤àµÍΓģ¡áÁÇĕÇԹ¹ÁÒ¡$2#$e#à¢Òà¤Âà˕Òã̋à¸Í ğ§˺Ò§ËȓÍĢ§˕Ð? ...¡ÒÃɺ­àƺÂáÁÇĕÇԹ¹ä» ŇÒà¢Òã¨ÊÅÒÂàÅÂ˕Ð$2",
  "fall_Mon8": "Ȥ³ŇÒ§Ò¹Ëę¡ÁÒ¡àÅÂ¹Ð чģ¡! à˨ÒÂÒŊÒɃ§¨Ò¡ËÁÍÎÒΓƷΒ ŇÒã̋¾ĥ§¡ĥºÁÒàʕÁàыÂÁàÅÂ[349]$3#$e#¢Íã̋Ʊ¤ÇÒÁɊ¢˨Ð!$1",
  "fall_Tue": "à·ÈÁ¹µƳàÅƇÊ ıÒĥ§ž¨ÒÃ³ÒàҳÍ§§º ч¨Ðã˪ʻÍÁˇÒàȓÍÍԒ à¾ÃÒÐä́ġ¹ʴÍ¹ˢÒ§àʱÒÁÒ¡$0",
  "fall_Tue2": "¤ÇÒÁÊÇÂ§ÒÁ¢Í§âÂ¤Ð ʁǴÍ¤ÇÒÁ¾֥ÇäËÇ чġ¹¨ÐÁÍºã̋Ȥ³ä§ @$3#$b#¡ÒÃŇÒ§Ò¹ã¹¿ÒΓÁʁ¨ÐŇÒã̋ ¡̅ÒÁàةÍ¢Í§Ȥ³¡ÃÐĊº àËȑÍ¹ā¹àÅÂ$1",
  "fall_Tue6": "ĉ¹¾ÂÒÂÒÁã̋Ƈ¤àµÍΓ ä»à˕¹âÂ¤Ðāºĉ¹ á˅à¢Òɤ¨ÐäˑÊ¹ã¨àÅÂ$6#$e#ĉ¹˗Òĉ¹àУÁ¨Ð ģ¡ħ¹ĭ§¤ÒÃá̅Ç˕Ð àÍƁѕģ¡ħ¹âÂ¤Ð ¢Í§àÃÒàÍÒÁÒ¡æ àÅÂ$3",
  "fall_Tue10": "%farm ¿ÒΓÁã¹ƫ׉ ¨Ð˵Í§ÍÍ¡ÁÒɤƤɊ´æ ä»àÅÂáˉ¹Í¹$3#$e#ºÒ§Ƨĉ¹ÍÒ¨¨Ð·Òƺ ˺Ò¹Ȥ³ãËˑʁä˴...?$4",
  "fall_Tue8": "ĉ¹à˕¹âÂÐ¤ÐÁÒ ä˴»ÃÐÁÒ³ƫǙ§á̅Ç ġ¹ʺÇÂàҳÍ§˓Ò§¡ÒÂ áÅÐÊÁÒŸ¢Í§ĉ¹$3#$e#à¸Í¤ÇÃ¨ÐÁÒÅÍ§ɤ Ī¡¤Ճ§˺Ò§¹Ð @$1", 
  "fall_Wed": "ĉ¹ªÍºäÇΉá´§ÁÒ¡¡˗Ò äÇΉ¢ÒÇ à¾ÃÒÐäÇΉá´§ƱƇµÒƁ¹ áÅÐá˓¸ÒȵчàÂÍÐ¡˗Ò á¶ÁÃÊªÒŵʁƤ¡˗Òàʛ¹äË¹æ$3#$e#â«àƯÂàкÂÇªÒ­àҳÍ§׉ÁÒ¡ á¶ÁÊÀÒ¾ÍÒ¡ÒÈ¢Í§ч׉ ʁàʛ¹ã¨Т§¡˗ÒчäË¹æ ƽ¡$1",
  "fall_Wed4": "ƫáÍΓŇÒáÍ»à֛Åä«à´ÍΓ ã¹ʺÇ§Äɤ׉˴ÇÂ˕Ð¹Ð á˅à¢Òäˑä˴¢ÒÂġ¹чà¤ÒΉàµÍΓ$3#$e#à¢Ò¢ÒÂã̋áʴ¤¹ã¡̅Ū´àˇÒԹ¹ âª¤Ƥчĉ¹āºá¤âÃäÅΉ àʛ¹àҮÍ¹ÊŹ·ā¹$1#$e#¤ÃÒÇË˹Ò ĉ¹¨ÐàÍÒÁÒã̋Ȥ³˴ÇÂ á̅Çā¹¹Ð$3",
  "fall_Wed8": "á¤âÃäÅΉāºâ¨ׄ ǴÍàҮÍ¹ÊŹ·¢Í§ĉ¹ àÃÒˌÒ¹ÍÐäÃ˴ÇÂā¹ÁÒÁÒ¡$1#$e#á¶ÁàÃÒԷ§ÊÒÁ¤¹ ʁĢ§àʛ¹áˑ¤¹˴ÇÂ àÃÒ˅Ò§ړã¨ā¹ÍԒàÊÁÍ áÅÐ¤ÍÂʺÇÂàËȕÍā¹ÍԒµÅÍ´$3",  
  "fall_Thu": "â¨ׄÍºáÍ»à֛Å¾ÒÂÁÒã̋ĉ¹ àұÍÇÒ¹׉ Í˓ÍÂÁÒ¡àÅÂ! ĉ¹ʁÍÂÒ¡ŇÒÍÐäÃчžàÈÉ ã̋à¸Í˺Ò§Ĉ§$1",
  "fall_Thu4": "ħ¹׉¨ÐƱ¡ÒÃĈ´§Ò¹»ÃÐɱÅáººäˑàŻ´à¼Â (silent auction) чàȑÍ§ɛɛ$0#$b#ĉ¹ġ¡¨ÐµÒÁËÒ â¡â·ģ¹ äªˉÒ (Gotoran China) à¾ÃÒÐġ¹àʛ¹Ъ§ч §´§ÒÁáÅÐ»ÃÐƣµÁÒ¡æ$1",
  "fall_Thu8": "ʱÍ¹Ë˹Ò׉â¨ׄƱàҳÍ§à¤ƳÂ´ ĉ¹àÅÂä»ʺÇÂɤƇ¹à«¹΅ã̋ àҮÍà¸Í¨Ðä˴ƱàÇÅÒĞ¡˺Ò§$0#$e#ºÍ¡ĉ¹ä˴àÅÂ¹Ð ˶ÒËÒ¡ĉ¹ʺÇÂã̋à¸ÍˌÍ¹¤ÅÒÂ ע¹ä˴˺Ò§ˉÐ @ ĉ¹ړ˗Òà¸ÍŇÒ§Ò¹Ëę¡ÁÒ¡$3",
  "fall_Fri": "Äɤãºä́˓Ç§àËÁÒÐ чɊ´āºá¿Ϊ¹á̅Ç˕Ð äˑŤ´ԧ¹àËÃÍ @?$3#$b#à´ÃÊ á̘¤àʁµ ĉ¹ģ¡ġ¹чɊ´àÅÂ!$3",
  "fall_Fri6": "Ȥ³à¤Âä»ʊÍ»֛§àҮÍ¨Ð àОÁ¢¹Ò´څàغÍ˼Ò˺Ò§ՁÂ?$0#$b#ĉ¹ړ̃Ò¹чƱàغÍ˼ÒƤæ á˅ÃÒ¤Òäˑá¾§ÍԒ¹Ð ĉ¹¾Òä»ä˴˶Òà¸Í˵Í§¡ÒÃ$3",
  "fall_Sat": "ÁÒΓÅÍ¹āºˎÍÁ´àŴ¹ä» ч̋Í§à¡Á¢Í§«Òɵ¹˴ÇÂā¹ á̅Çʁä»ч̋Í§àʁº¢Í§˴ÇÂā¹$6#$b#á̅Ç¤¹ã˚àغÍ¤ɅÁƺթÒµÒÅ ʁàŴ¹µÒÁàˢÒä» á˅Ë˹Ò¢Í§à¢Òɦ¡Ż´¨¹Ɓ´àÅÂ$0#$e#ĉ¹Ê§ĪÂĈ§˗Ò¨Ðàš´ÍÐäÃ ע¹ä˴ƽ¡ā¹¹Ðº¹âÅ¡ãº׉...$6",
  "fall_Sat6": "ÍÒ¡ÒÈàʢ¹æ áºº׉ÍÂÒ¡¨Ðä»ч «Òɵ¹āºĉ¹ՁÂчģ¡?$3",
  "fall_Sat10": "ĉ¹ä»ËÒàʫ´Ê´æ ÁÒŇÒÍÒËÒÃ˴ÇÂ¢Í§чà¨ÍÁÒ ĉ¹àʁºä̇ã̋Ȥ³˴ÇÂ¹Ð![205]$4#$e#Ëħ§˗ÒƇ¤àµÍΓ¨ÐªÍºàʫ´ áººчĉ¹Ť´ä̇¹Ð$6",
  "fall_Sun": "ġ¹á˒ÁÒ¡àÅÂч Gotoro Empire ɦ¡ϊ§̋ÒÁŉÒàˢÒ ¾Ç¡à¢Ò¼ƅµ§Ò¹ƈÅ»Ð áÅÐäÇΉԪ¹Ƥ чÊÇÂ§ÒÁԷ§Թ¹àÅÂ$2#$e#ĉ¹Ëħ§˗Ò¨ÐËÒˢÍɂŵä˴ ÀÒÂã¹àʣÇæ ׉¹Ð...$2",
  "fall_Sun6": "ä§̘Ð àʛ¹ħ¹ÍÒŷµΒчÊ´ãÊã˪ՁÂ˕Ð?$1#$e#¢Íã̋Ʊ¤ÇÒÁɊ¢¹Ð̘Ð$3",

  //WINTER DIALOGUE    
  "winter_1": "á˒Ĉ§àÅÂ ¾ÒɂƋÁÐàұÍǴ¹»¡¤ɅÁ àʕÁä»ηÇá¶º׉ËÁ´àÅÂ$6#$e#ŇÒã̋ĕÇàÍ§ӭ¹ä̇˕Ð äˑÍÂÒ¡ã̋ĕÇáʂ§ä»«ÐʱÍ¹!$3",
  "winter_7": "ÊħÊƤ̘Ð чģ¡ ¾ӣ§׉¨Ðä»Ȩ´µ¡»ÅÒч ¸ÒÃթÒáʂ§āº¾Ç¡àÃÒՁÂ?$3#$e#ĉ¹ÍÂÒ¡àʫ¹Ȥ³µÍ¹ä˴ áʲ§āºƇÅѕÁÒ¡æ àÅÂ$1",
  "winter_13": "à˪Ò׉ĉ¹à¼ÅÍŇÒ¨Ò¹ â¡â¸áÃ¹µ¡áµ¡ä»ˉÐƊ Ƨ׉ʁ˵Í§àƺÂ 6,000G àҮÍä»؛ÍÁÒãËˑ á¶ÁËÒÂÒ¡«Ð˴ÇÂƊ$2#$b#ġ¹ŚÒĄ­¹Ð чàÃÒ¨Ðã̋¤ÇÒÁŚÒĄ­āº Ъ§¢Í§чŇÒã̋ړ˗ÒàÃÒ àŵºâµÁÒ¨Ò¡чäË¹ äˑŤ´ԧ¹àËÃÍ?$0", 
  "winter_21": "ħ¹׉ á¤âÃäÅΉ·ÐàÅÒÐāºƫáÍΓ à¸ÍÁÒà˕Òã̋ĉ¹ğ§$2#$e#Ëħ§˗Ò¤ÇÒÁĪÁĞ¹Έ¢Í§ ¾Ç¡à¢Ò¨ÐĢ§âÍà¤ƤÍԒ¹Ð$2#$b#ė§ÊÍ§¤¹áʂ§á¡˓§ÁÒ¡æ àÅÂ ¾Ç¡à¢Ò˵Í§ˌÒ¹ġ¹ä»ä˴áˉæ$0#$b#ĉ¹¤ÇÃ¨Ðä»ɤà¸ÍàƺÂËˉÍÂ Ëħ§˗Ò¨ÐºÍ¡ã̋â¨ׄړá̅Ç¹Ð...$0",  
  "winter_24": "˗Òä§ @! ŇÒã̋ĕÇàÍ§Íºӭ¹ ä̇˺Ò§ËȓÍà»˕Ò? à·È¡ÒÅá˛§´Ç§´ÒÇÄɤË¹ÒÇ ¨ÐĈ´ע¹¾ӣ§׉á̅Ç!$3#$e#ĉ¹Ʊ¢Í§¢ħ­ àµƳÂÁä̇á̅Ç˕Ð ã̋ã¤ÃˉÐàËÃÍ? ¤ÇÒÁĥºƊ!$1",
  "winter_28": "Äɤãºä́¼ƅ ã¡̅ÁÒǖ§á̅Ç¹Ð @! ĉ¹˵Í§à˓§ȑÍ á̅Çʁĕ´Ɗ¹ã¨ä˴á̅Ç˗Ò ƫ׉¨Ð»ɵ¡ÍÐäÃчÊÇ¹Ëĥ§˺Ò¹$1#$e#¢Íã̋àʛ¹ħ¹чƤ¹Ð̘Ð âª¤Ƥāº¡ÒÃŇÒ¿ÒΓÁ˴ÇÂ$3",

  "winter_Mon": "ĉ¹àǱÍº¨Ð̅Á à¾ÃÒÐá˝§թÒáʂ§$6#$b#ÃÐħ§˴ÇÂ¹Ð àÇÅÒÍÍ¡ÁÒàŴ¹ˢÒ§¹Í¡$2",
  "winter_Mon4": "ä˴؛Í¢Í§чâ¨˨Ò˺Ò§ՁÂ @?$0#$b#ĉ¹äˑä˴¨Ðĕ´Ɗ¹ĕÇà¸Í¹Ð á˅ĉ¹ړÁÒ˗Ò¾Ç¡à¢Ò Å´»ƃÁÒ³āºȤ³ÀÒ¾ ¢Í§Ɗ¹ˤÒȷ¡ªŹ´àÅÂ$2",
  "winter_Mon8": "à¸ÍǴÍËѹ§ã¹¤¹ чĉ¹ªÍºч¨ÐȤÂ˴ÇÂ¹Ð @$1#$b#à¸Íġ¡¨ÐƱÍÐäÃÊȹ¡æ ÁÒà˕ÒµÅÍ´àÅÂ$6#$e#ʺÇÂà˕ÒàҳÍ§àËȑÍ§ ã̋ğ§ƽ¡¨Ðä˴ՁÂ?$3",
  "winter_Mon10": "Ȥ³¾ÃÐȤ³à˨Ò ħ¹׉ÍÒ¡ÒÈàʢ¹Ɋ´æ ä»àÅÂ¹ÐàщÂ$0#$b#ºÒ§ƧàÃÒÍÒ¨¨Ðι§š¹ ʊÍ¡â¡áÅµ̃Í¹Ī¡áˡÇ¹Ð? ĉ¹Ʊ˚Ç¹¼ÊÁƤæ чϊ§ÁÒ¡¨Ò¡á¡ÃÁΎàÅĕ¹ ¾ÍƤàÅÂ˕Ð$1",
  "winter_Tue": "ħ¹׉Ӣ§àʛ¹žàÈÉ à¾ÃÒÐĉ¹ä˴äÇΉԪ¹ƤÁÒàʕÁàÅÂ˕Ð$6#$e#̻Ð? ƱÍÐäÃã̋ʺÇÂՁÂ?$0",
  "winter_Tue2": "áˑāºˎÍ¢Í§ĉ¹ ¨ÐÁÒàђÂÁàʣÇæ ׉ ȷ¡æ Í˒Ò§¨Ð˵Í§à¾ÍΓà¿¤!$0#$e#...ºÒ§Ƨ Ȥ³ÍÒ¨¨ÐÁÒ¾º¾Ç¡à¢Òɤ á̅Ç¨ÐàˢÒã¨àÅÂ˕Ð$6",
  "winter_Tue8": "ĉ¹ä»؛Í¡ÃÐ¶Ò§˵¹ä́ ÁÒ¨Ò¡ÁÒƩ˕Ð àÍÒä»ä̇ã¹¤ģÇá̅ÇÊÇÂÁÒ¡æ àÅÂ$1#$e#ĉ¹¨Ðä»؛ÍäʱÁÒàËȑÍ¹ā¹¹Ð á˅¨ÐàÍÒä»ä̇äË¹щƊ$0",
  "winter_Tue10": "ړՁÂ ĉ¹ÍÒ¨¨ÐÊÍ¹âÂ¤Ð ã̋Ȥ³ä˴¹Ð ˶ÒËÒ¡Ȥ³Ê¹ã¨˕Ðʁ$4",
  "winter_Wed": "âÃź¹ÁÒŇÒàµÒż§ã̋¾Ç¡àÃÒ àʛ¹ʺÒ§ä́чƇàÈÉÁÒ¡æ àÅÂ ỄÒ§ä˴ËÁ´ȷ¡Í˒Ò§$1",
  "winter_Wed4": "á¤âÃäÅΉāºâ¨ׄ äˑʴÍÂä»ҤÁч«Òɵ¹ˊÍÂæ ËÃÍ¡ à¾ÃÒÐƱàҳÍ§ã̋Ӣ§µÅÍ´$2#$e#ĉ¹Êȹ¡¹Ðчä˴ȤÂāºà¸Í á̅Çä̇ȤÂā¹¤Ճ§Ë˹Ò¹Ð ¨ÐÁÒч«Òɵ¹˴ÇÂā¹ʁä˴¹Ð$1",
  "winter_Wed8": "ÄɤË¹ÒÇã¹à¾ƅá¡¹ ÊÇÂ§ÒÁÁÒ¡àÅÂ ¢Í§µ¡á˅§ËÅÒ¡ƺ āºƋÁÐƺ¢ÒÇŇÒã̋ȷ¡æ ħ¹àʛ¹ħ¹чƤ$3#$e#āÊ ƫáÍΓá̅Çʁ à·ÈÁ¹µƳàÅƇÊ ŇÒÍÍ¡ÁÒä˴ƤàÅÂ¹Ð$1#$e#àʛ¹Ê¶Ò¹ччàËÁÒÐ āº¨Ðàʛ¹˺Ò¹ÁÒ¡чɊ´àÅÂ ãʺՁÂ˕Ð @? Ƥã¨¹Ðчà¸ÍʁÁÒ$3",
  "winter_Thu": "ĉ¹¾ÂÒÂÒÁ¨Ðã̋ á¤âÃäÅΉāºâ¨ׄ ä»чâÃ§ÍÒºթÒāºĉ¹$1#$e#ġ¹¨Ð˵Í§àʛ¹Ǵ¹ ¢Í§ÊÒÇæ чƇàÈÉáˉæ ˵Í§ρ¹ã¨˗Ò¨Ðã˪àÇÅÒ чƱã̋لÁʴÒчɊ´$4",
  "winter_Thu6": "ړǪ¡Ƥчä˴Ğ¡ˌÍ¹ Ëĥ§¨Ò¡ŇÒ§Ò¹ÁÒ¨Ò¡¿ÒΓÁ %farm ãʺäËÁ˕Ð @?$3#$e#ĉ¹ړ˗ÒȤ³Êȹ¡āº§Ò¹ á˅ġ¹ʁŚÒĄ­¹Ðч¨Ð˵Í§ ɤáÅɊ¢ÀÒ¾¢Í§ĕÇàÍ§˴ÇÂ$0",
  "winter_Thu10": "Í˒ÒºÍ¡á¤âÃäÅΉËȓÍâ¨ׄ¹Ð ĉ¹Ť´˗Ò¨Ð¶Í¹ĕÇ ¨Ò¡¡ÒÃà˕¹٫¹á̅Ç˕Ð$3#$e#ĉ¹ÍÂÒ¡¨Ðã˪àÇÅÒã̋ÁÒ¡ע¹ ä»āº§Ò¹ÍŴàÃ¡ àҮÍ¹æ áÅÐʁáˉ¹Í¹ Ȥ³˴ÇÂĢ§ä§˕Ð$1",
  "winter_Fri": "ĉ¹ϊ§ɍ»¡Ã΃ÇÒ´ÀÒ¾žàÈÉ ¨Ò¡à¡ÒÐàſΓ¹$3#$b#ġ¹á¾§ÁÒ¡àÅÂ á˅ġ¹ʁŚÒĄ­ч¨Ð˵Í§Ʊ ¾Ç¡ɍ»¡Ã΃Ƥæ ä̇ã˪$6",
  "winter_Fri8": "ã¹чɊ´ ĉ¹ʁϊ§àË̅ÒÍӇ¹ч˵Í§¡ÒÃ ¨Ò¡ä˓ÍӇ¹·Ò§µÍ¹àËȉÍ ¢Í§àȑÍ§á¡ÃÁàžÅĕ¹ ä˴àƺÂƧ ¾Ç¡à¢Ò¨Ðã̋àОÁàʛ¹žàÈÉ˴ÇÂ!$3#$e#ĉ¹ÍÂÒ¡ã̋Ȥ³àʁºä̇¹Ð ȷ¡æ ¤¹¤ÇÃ¨Ðä˴Êȹ¡ä»āºЪ§чƤ Ī¡¤Ճ§ʁĢ§Ƥ [348]$1",
  "winter_Sat": "ǖ§µÍ¹чĉ¹¨ÐĢ§ÍÒɂ˹ÍÂæ ÍԒĉ¹ʁĢ§Å§à˕¹٫¹$0#$e#á̅Çĉ¹ʁŇÒàŧ¹ÁËÒÈÒÅä˴ ¨Ò¡¡ÒÃà˕¹٫¹щáËÅÐ$6",
  "winter_Sat4":"ĉ¹؛Íĭ­Áƣ ¾Ç¡׉ÁÒ¨Ò¡àȑÍ§«ÒƧ¹ ĭ­Áƣ¢Í§¾Ç¡à¢Ò ËÒчŵäˑä˴àÅÂ á¶ÁĢ§ã˚ã¨ã¹ÃÒÂÅÐàƽÂ´ ƽ¡˴ÇÂ$0#$e#à݋ÂÇĉ¹¨ÐàÍÒ¢Í§ч¨Ð ÁÒÃÍºË˹Òã̋Ȥ³ɤÅÐā¹$6",
  "winter_Sat8": "ړǪ¡Ƥ¹Ðчä˴à¨ÍȤ³ @$3#$e#ÅÒʱÍ¹˨Ð!$1",
  "winter_Sun": "ĉ¹ړǪ¡˗Ò ¨ÐàУÁˋÇÂá̅ÇáÎÐ ÄɤË¹ÒÇƫ׉Ë¹ÒÇ¡˗Ò»¡ŵ$2#$e#¤§¨Ð˵Í§àˢÒä»ËÒ ÎÒΓƷΒĪ¡ËˉÍÂá̅Ç ¾Ç¡àÃÒâª¤ƤÁÒ¡àÅÂ чƱËÁÍÁÒ¡»ÃÐÊº¡ÒÃ΃ ÍԒã¹àȑÍ§$0",
  "winter_Sun4": "ºÒ§¤Ճ§ĉ¹ʁړǪ¡á˒ àÇÅÒчÍԒã¹ч¢Í§â¨˨Ò àËȑÍ¹ıÒĥ§ŇÒàҳÍ§̃ÒÂáÃ§ ˅ÍâÅ¡¢Í§àÃÒÍԒàÅÂ$2#$b#Т§ˌÒ¹ä»¹Ò¹àˇÒäË˓ â¨˨ÒʁàУÁŇÒÍÒËÒÃ чäˑƤ˅ÍɊ¢ÀÒ¾áÅÐ Ъ§áÇ´̅ÍÁÍÍ¡ÁÒ... ä̃¤ÇÒÁģºż´ªÍºàƺÂ¨ƃ§ ι¹àÅÂàʛ¹ÊÒàËȵчĉ¹ÅÒÍÍ¡ÁÒ$0#$b#ĉ¹Ƥã¨¹Ð чà̊¹·Ò§чĕÇàÍ§àȕÍ¡ ä˴¾Òã̋àÃÒÁÒàʛ¹àҮÍ¹ā¹$1",
  "winter_Sun8": "à¸ÍâÍà¤ՁÂ @? ŇÒäÁɤË˹Òƛ´æ$6#$e#...ɤáÅɊ¢ÀÒ¾˴ÇÂ¹Ð à¸Í¤ÇÃ¨Ðä»àʊ¤āºÎÒΓƷΒ¹Ð äˑÍÂÒ¡ã̋ÍÐäÃá˒æ àš´āºà¸ÍàÅÂáÎÐ$2",

  //EVENT DIALOGUE
  "Olivia_event1": "â̍ ι¹Ɗ¹Ð$1#$b#¤ÇÒÁˉÒģ¡¢Í§ĪµΗàוÂ§ã¹¿ÒΓÁ¢Í§àÃÒ$3",
  "Olivia_event2": "â̍ Ȥ³ԋ¢Í§Ȥ³Í˒Ò§Թ¹ËÃÍ?$0#$b#ĉ¹Ũµ¹Ò¡ÒÃǖ§ÀÒ¾Թ¹ äˑÍÍ¡àÅÂ˗Ò ŇÒäÁȤ³ԋ¨ÐäˑŤ´áººԹ¹$3",
  "Olivia_event3": "ÍÒÒÒ ãʺ ¤ÇÒÁĪÁĞ¹ΈчȤ³ıÒĥ§ỄÒ§ע¹...$1",
  "Olivia_event4": "àÍÒà¶ÍÐ àÃÒàƅ¡ɮ´ǖ§àҳÍ§׉ā¹Ƥ¡˗Ò чģ¡$6",
  "Olivia_event5": "ĉ¹Ëħ§˗Òà¸Í¨ÐˌÒ¹˾¹ġ¹ä»ä˴...$2",
  "Olivia_event6": "˚Ç¹Ëѹ§ã¹ã¨¢Í§ĉ¹ʁŤ´áººԹ¹...$2#$b#à¸Í¤§àʈº»Ç´ áÅÐà¸ÍʁĢ§ɺ­àƺÂ¤¹чà¸Íģ¡ä»˴ÇÂ...$2",
  "Olivia_event7": "ɵ¡ÊÒÇ¢Í§à¸ÍѾ§¨ÐÍÒɂ 6 ¢Çº ɛšà¤ÂàÍÒɳ»¢Í§ɵ¡ÊÒÇà¸Í ã̋ĉ¹ɤ à¸ÍʺÒ§ˉÒģ¡ˉÒĊ§$3#$b#ĉ¹Ëħ§˗Ò ĉ¹¨ÐƱâÍ¡ÒÊ áÇÐä»àђÂÁà¸Í¤Ճ§Ë˹Ò µÍ¹чà¸ÍÁÒчɋºà¢Ò׉...$0",
  "Olivia_event8": "ãʺá̅Ç˕Ð ĉ¹äˑÊÒÁÒÃ¶Ëɂ´Ť´ǖ§ ڌ¤¹чıÒĥ§ȷ¡Ͳ·ÃÁÒ¹ àË˕ÒԹ¹ä˴àÅÂ...$2"
  
}
