{
  //SPECIAL DIALOGUE
  "patio_Olivia": "ړՁÂ @ ĉ¹Ť´˗Òĉ¹ˉÒ¨ÐªÇ´ Í´؛Í¢ÒÂ٫¹˕Ð á˒Ĉ§àÅÂ$0#$b#¿ÒΓÁ %farm ÊÇÂ§ÒÁ¨ƃ§æ àÅÂ¹Ð àʛ¹Ê¶Ò¹ччƤ¨ƃ§æ$3#$e#ĉ¹Ʊ¤ÇÒÁɊ¢¹Ð чä˴ÍԒчщāºȤ³ ģ¡Ȥ³¹Ð$1#$b#¢Íã̋âª¤Ƥāº¡ÒÃŇÒ§Ò¹ ã¹ħ¹׉˕Ð$3",
  "spouseRoom_Olivia": "ĉ¹ıÒĥ§¾ÂÒÁÂÒÁÅÍ§à·¤Ź¤ ¢Í§â¡â·áÃ¹ч˝Ò¹ÁÒÍԒ á˅ɤ¨ÐƱá˅ě­ËÒˉÐƊ$0#$e#ºÒ§Ƨĉ¹ˉÒ¨Ðä»¶ÒÁƵÍÒɤ ĉ¹à¡ƵÂ´ч¨Ð˵Í§ä»Ãº¡Ç¹à¸Í á˅ʁ¹Ð...$2#$b#˶Òĉ¹àкÂÇªÒ­ע¹˕Ðʁ ¨Ðä˴ÇÒ´ɳ»àËȑÍ¹¢Í§Ȥ³àʛ¹ä§˕Ð$4",
  "funReturn_Olivia": "ħ¹׉àʛ¹Ģ§ä§˺Ò§˨Ð?$0#$e#ĉ¹à¨ÍäÇΉËÒÂÒ¡¢Ç´Ǚ§˕Ð ÍÂÒ¡¨ÐÅÍ§»ÃÐɱÅġ¹ɤĈ§$3#$b#àÃÒıÒĥ§ËÒ¢Í§ä̇ã˪ à©ƅÁ©ÅÍ§ÍԒ¾ÍƤàÅÂ щä§ˢÍ̍Ò§ч¨Ðä˴àŻ´ġ¹š¹$1",
  "funLeave_Olivia": "ÍɃ³ÊħÊڴ чģ¡$3",
  "OneKid_0": "ĉ¹ÅÐÊÒÂµÒ¨Ò¡ %kid1 ä»Ī¡á»»Ǚ§ á̅Çʁà˕¹ɍ»¡Ã΃ÇÒ´ɳ» ¢Í§ĉ¹«ÐàʕÁчàÅÂ!$2#$b#¾ę§¢Í§àÃÒÃÍ´˾¹¨Ò¡¡ÒÃ Å§»ÐŵÁÒ¡ÃÃÁ˒ÍÁæ áººũÇàƙÂ´àÅÂ ºÒ§Ƨ %kid1 ÍÒ¨¨ÐâµÁÒàʛ¹ Ũµ¡Ãʁä˴¹Ð...$3",
  "OneKid_1": "à˕ÒŹ·Ò¹āº %kid1 ħ¹׉Êȹ¡ÁÒ¡æ àÅÂ @! àÃÒ¼ĥ´ā¹àʛ¹ĪµΗˋÒ á̅ÇʁàƵÂ¹àƺÂ§ā¹$1#$e#äˑǙ¡àÅÂ˗Ò¨ÐÊȹ¡ä˴¢¹Ò´׉ ¾Ç¡à¢Òàʫ¹âÅ¡ ã¹ɁÁчáµ¡˅Ò§ÍÍ¡ä»$0",
  "OneKid_2": "%kid1 ħ¹׉áÍºؤÍŹ´ËˉÍÂ µÍ¹ʺÇ§¹Í¹¡ÅÒ§ħ¹ à¢ÒàÍÒá˅§Íá§$2#$b#Ƈ¤àµÍΓäˑà¤Âàʛ¹áºº׉ àÅÂ¹ÐàщÂ ºÒ§Ƨġ¹ÍÒ¨¨Ðàʛ¹ŹÑÂˉÒģ¡æ ¨Ò¡Ȥ³ŵ´ÁÒʁä˴...$2#$b#µÍ¹àʔ¡æ ĉ¹àʛ¹Ģ§ä§ˉÐàËÃÍ?$4",
  "OneKid_3": "%kid1 ŇÒã̋ĉ¹Ǚ¡ǖ§ Ƈ¤àµÍΓµÍ¹ÍÒɂàˇÒ׉ à¢ÒªÍºğ§àҳÍ§à˕Ò$1#$e#à¢Òġ¡¨ÐÊ¹ã¨àҳÍ§ àбÂÇāº¤ÇÒÁàÁµµÒ áÅÐ¤ÇÒÁĪÁĞ¹Έ¢Í§àҮÍ¹æ ĉ¹ġ¡¨ÐËħ§ã̋à¢Ò àʫ¹áʱĕÇ˺Ò§ʁä˴ á˅à¢ÒʁäˑàÅÂ$3#$b#¾ÍÁÍ§¡ĥºä» ˶ÒàȕÍ¡ä˴ ĉ¹ÍÂÒ¡ã̋ɵ¡Ʊ¤ÇÒÁàʫ¹Í¡ àʫ¹ã¨˅Íڌҽ¹ÍԒàÊÁÍ äˑŤ´ԧ¹àËÃÍ?$1",
  "OneKid_4": "ĉ¹àО§ÁÒĪ§à¡ȵ %kid1 àÍÒħ¹׉¹ÐàщÂ ˗Òà¢ÒàËȑÍ¹¾Ç¡àÃÒ Է§ÊÍ§¤¹àÅÂ... àʛ¹ÍÐäÃчˉÒģ¡ÁÒ¡æ àÅÂ˕Ð$3#$e#ĉ¹ģ¡Ȥ³¹Ð @$3",
  "TwoKids_0": "ĉ¹˗Ò¹Ð %kid1 ıÒĥ§ƍ¨©Ò %kid2 чä˴¤ÇÒÁÊ¹ã¨ ¨Ò¡ĉ¹ä»ÁÒ¡¡˗Ò$2#$e#ĉ¹¡ĥÇ˗ÒԷ§ÊÍ§¤¹ ¨ÐàÍÒŹĪÂֲƍ¨©Ò ¨Ò¡ĉ¹ä»ˉÐƊ$2",
  "TwoKids_1": "ħ¹׉ %kid1 āº %kid2 ·ÐàÅÒÐā¹Ź´ËˉÍÂ$2#$e#äˑ˵Í§˛Ç§àÅÂ ȷ¡Í˒Ò§Ģ§âÍà¤ƤÍԒ à¾ÃÒÐĭ¹ч¨ƃ§á̅Ç ¾Ç¡à¢ÒˉÐģ¡ā¹ÁÒ¡$3#$b#äË¹æ Ȥ³ʁÍԒщá̅Ç ĉ¹¢ÍĞ¡àƺÂËˉÍÂÅÐā¹...$4",
  "TwoKids_2": "Ȥ³ړՁÂ Ëĥ§¨Ò¡ƱƇ¤àµÍΓ ĉ¹ʁĪ­­ÒāºĕÇàÍ§ÁÒàÊÁÍ ˗ÒÍÂÒ¡¨ÐƱàʔ¡àОÁƽ¡¤¹ áÅÐĉ¹ʁäˑàƺÂã¨àÅÂ чä˴àУÁ˵¹¤ÃÍº¤ģÇãËˑ āºȤ³¹Ðчģ¡$3#$b#щ¤§¨Ðàʛ¹Ě¹Ǘ¡ Ë˹ÒãËˑ¢Í§ĉ¹ á̅Çĉ¹ʁƤã¨ÁÒ¡¹Ðч ä˴ÍԒ˓ÇÁā¹āºȤ³$1",
  "TwoKids_3": "ĉ¹ģ¡¤ÃÍº¤ģÇ¢Í§¾Ç¡àÃÒ$1#$b#˶ÒȤ³˗Ò§¨Ò¡¡ÒÃŇÒ§Ò¹á̅Ç àÃÒÅÍ§ÍÍ¡ä»ˢÒ§¹Í¡ā¹ƤäËÁ ÍÒ¨¨Ðàʛ¹чªÒÂËÒ´ ËȓÍÊÇ¹Ƥ? Ƈ¤àµÍΓʁ¨ÐÁÒ˴ÇÂ$3",
  "TwoKids_4": "ɤáÅàʔ¡æ ÊÍ§¤¹¾̃ÍÁā¹ ʁ˵Í§ƱÍÐäÃæ ã̋ŇÒàÂÍÐáÂÐáˉ¹Í¹ á̅Çʁàʛ¹àҳÍ§ÂÒ¡ч¨Ð ¤ÍÂĈºµÒɤ¾Ç¡à¢Òä˴µÅÍ´$2#$e#ĉ¹äˑä˴ÊÒÇ Í˒Ò§чà¤Âàʛ¹á̅Ç @... Ëħ§˗Ò¨ÐäˑÃº¡Ç¹Ȥ³ ¨¹àš¹ä»¹Ð...$2#$e#%Ȥ³¡Í´âÍƅàƷÂ#$e#!!!$9",
 
  //SEASONAL DIALOGUE
  "spring_Olivia": "ĉ¹Ť´ǖ§¤ÇÒÁà˓§Ƴº áÅÐ¤ÇÒÁǄ¡Ą¡ã¹àȑÍ§¾Íæ āºчĉ¹ģ¡ɋºà¢Ò׉ ã¹Äɤãºä́¼ƅàÅÂ˕Ð$3#$e#ʱÍ¹Ë˹Òч¨Ð̂ÒÂÁÒ ĉ¹äˑà¤Âä˴ĪÁĜÊ ÍÒ¡ÒÈчºƃɊ·ڸáºº׉àÅÂ$1#$b#ʴÍÂä»àŴ¹à˕¹ÃÍºæ ˴ÇÂā¹ƧËĥ§ʁä˴¹Ð ˶ÒĢ§Ӣ§ÍԒ ĉ¹ģ¡àÇÅÒчä˴àʫ¹ÍÐäÃ˅Ò§æ àŵºâµע¹ƽ¡¤Ճ§$3",
  "spring_1": "Äɤãºä́¼ƅÁÒǖ§á̅Ç! ĉ¹àŻ´äÇΉ¢ÒÇɺµÃžàÈÉ àҮÍàʛ¹¡ÒÃ©ÅÍ§àÅÂ¹Ð$1#$e#ã¹Äɤáºº׉ Ȥ³¤§äˑÍÂÒ¡¨ÐҤÁÍÐäÃæ чÃÊªÒŵġ¹Ëę¡ ËȓÍËÇÒ¹¨¹àš¹ä»ËÃÍ¡ ġ¹¨Ð˵Í§àËȑÍ¹āº´Í¡ä́ ƧԷ§Ê´áÅÐәÁ¹ÇÅ$3",
  "spring_13": "Ȥ³¨ÐàˢÒ˓ÇÁà·È¡ÒÅ ¡ÒÃ˕Òäʲ˴ÇÂàËÃÍ?$3#$e#ĉ¹ړ˗ÒȤ³ÍÂÒ¡ª¹Ð á˅ġ¹¤§¨ÐƤ˅ÍȤ³ āºÍźà¡Å¹Ð˶Ò¨Ðã̋ àʔ¡æ ƱâÍ¡ÒÊ˺Ò§ˉÐ$0",
  "spring_24": "ĉ¹ĕ´Ɗ¹ã¨äˑä˴ ˗Ò¨Ðã˚Ȫ´äË¹ä»à˵¹Ƥ ĉ¹ÍÂÒ¡ã̋ġ¹àˢÒā¹ä˴ āºȪ´чȤ³¨Ðã˚ä»$4#$b#Ëħ§˗ÒàÃÒ¨Ðä˴à˵¹ā¹ ÁÒ¡ע¹¡˗ÒƫчˌÒ¹æ ÁÒ¹Ð ġ¹ƱÊàˉΛÁÒ¡àÅÂ¹Ð чä˴ÍԒã¹̍ÍÁá¢¹¢Í§Ȥ³ ¾̃ÍÁāºğ§àƺÂ§à¾Å§чÊÇÂ§ÒÁ á¶ÁĢ§ÃÒÂ̅ÍÁä»˴ÇÂàҮÍ¹æ$3",
  "summer_Olivia": "µÒÂá̅Ç ħ¹׉ÍÒ¡ÒÈӭ¹Ĉ§àÅÂ ãʺՁÂ?$3#$b#ĉ¹ÍÂÒ¡¨Ðä»ÇÒ´ɳ»Ī¡ч ºÒ§ƧÍÒ¨¨Ðàʛ¹·ÐàÅ á̅ÇʁÍÒ¨¨ÐĞ¡Ī¡ËˉÍÂ ¹Í¹áʺթÒ˶ÒÍÒ¡ÒÈġ¹̃Í¹ä»!$1",
  "summer_1": "àȕÍ¡ä˴ËȓÍĢ§˕Ð ˗ÒÄɤ׉Ȥ³¨Ð»ɵ¡ÍÐäÃ? ĉ¹ÍÂÒ¡¨Ð˚§ȎªË˹Ò̃Í¹ ¡ĥºä»ã̋ˎÍáˑч˺Ò¹$0#$e#¾Ç¡à¢Ò˵Í§äˑàҚÍáˉ ˶ÒړèÒĉ¹ÍÒĨÂÍԒч¿ÒΓÁ!$3",
  "summer_11": "ĉ¹ړ˗ÒȤ³Ť´˗Òĉ¹ªÍºÍÐäÃ á˅ĉ¹Ť´˗ÒȤ³¤ÇÃ¨ÐàОÁ äÇΉá´§Å§ä»˺Ò§¹Ð ã¹ȫ»¢Í§à·È¡ÒÅƫ׉$0#$e#äÇΉàʥ¡˹ÍÂã¹ȫ» ¨ÐŇÒã̋ÃÊªÒŵġ¹ÍÍ¡ÁÒƤáÅÐ ɤԪ¹ɺ§Í˒Ò§ÁÒ¡àÅÂ¹Ð ġ¹Ƥ¡˗Òч¨ÐÁÒҤÁàÍÒàƮÂÇæ!$3",
  "summer_28": "àÍÒµÃ§æ ¹Ð à¨ÅѕŇÒã̋ĉ¹ړǪ¡ äˑʴÍÂ¨ÐƤàˇÒäË˓ ġ¹àËƩÂÇÁÒ¡ ãʺՁÂ˕Ð$2#$e#á˅ȷ¡Í˒Ò§¨ÐĢ§âÍà¤ ˶ÒȤ³Ģ§ĈºȑÍĉ¹àÍÒä̇¹Ð$3",
  "fall_Olivia": "Äɤãºä́˓Ç§ àʛ¹ÄɤчƤàÅÂ¹Ð ã¹¡ÒÃËÒ¢Í§ˋÒµÒÁɋºà¢Ò á́á˅àʫ´ŉÒàˢÒá¾§æ Ģ§ښ¢Í§чà¨Íã¹ˋÒäˑä˴àÅÂ$0#$e#Ȥ³ˉÒ¨ÐÅÍ§àÍÒàʫ´ ÁÒŇÒÍÒËÒÃàʢ¹Ǵ¹׉ɤ¹Ð$3",
  "fall_1": "ĉ¹ÍÂÒ¡¨Ð·Òƺãºä́ чġ¹à»ѕÂ¹ƺɤĈ§ ˴ÇÂƇƨ׉ àÃÒ¨ÐĸÒä˴ƱÄɤãºä́˓Ç§ ɤµÅÍ´Է§ƫĢ§ä§˕Ð$3#$e#àʛ¹âÍ¡ÒÊчƤàÅÂ˕Ð ч¨Ðä˴ÅÍ§ã˪ƺãËˑæ ɤ˺Ò§ ˶ÒÍÍ¡ÁÒˉÒģ¡ʁ¤§¨ÐƤ!$1",
  "fall_16": "Ëħ§˗Ò¡ÒÃáÊ´§¢Í§Ȥ³¨Ð àʛ¹ä»ä˴Ƥ¹Ð$3#$b#ĉ¹ړ˗ÒȤ³ŇÒ§Ò¹Ëę¡¢¹Ò´äË¹ àҮÍã̋ä˴¼Å§Ò¹чƤÍÍ¡ÁÒ ĉ¹àҚÍ˗Òà·ÈÁ¹µƳ ¨Ð˵Í§àʫ¹˴ÇÂáˉ¹Í¹$1",
  "fall_27": "ÂÍÁģº¹Ð˗Òĉ¹äˑàʫ¹ÍÐäÃ ã¹à·È¡ÒÅɰµàÅÂĪ¡Í˒Ò§ Ъ§ч¤ÇÃ¨ÐɤˉÒà¡Ã§¢ÒÁ ʁɤзàʷÒä»Ź´$0#$e#á¶Á¢Í§µ¡á˅§à·È¡ÒÅʁɤ¨Ð... äˑƱÃÊŹÂÁ$2",
  "winter_Olivia": "ĉ¹ıÒĥ§ËÒħ¹ ч¨Ðä»âÂ¤Ðä˴ â´Âà©¾ÒÐʺÇ§׉¢Í§ƫ äˑԧ¹ĉ¹˵Í§áʂ§µÒÂ ã¹Ë˹ÒË¹ÒÇáˉ¹Í¹$0#$e#äˑà¤ÂŤ´˗ÒĕÇàÍ§áʱ¹Ð á˅äˑбƫчˌÒ¹ÁÒàщÂ ĉ¹ړǪ¡äÇāºÍÒ¡ÒÈË¹ÒÇæ ע¹àÂÍÐàÅÂ$2",
  "winter_1": "Ë˹ÒË¹ÒÇŇÒã̋áˡÁ ¢Í§Ȥ³ɤÊÇÂÁÒ¡àÅÂ @ ˉÒģ¡Ĉ§$4#$e#ʺÒ§àʛ¹ʺÇ§чƤ¢Í§ƫàƺÂ¨ƃ§$3",
  "winter_8": "ĉ¹ŇÒä«à´ÍΓŚÒËģºàÃÒ àҮÍч¨ÐàÍÒä»§Ò¹à·È¡ÒÅ$0#$b#ġ¹¨ÐŇÒã̋Ȥ³ӭ¹ÍԒµÅÍ´ ÃÐË˗Ò§чµ¡»ÅÒ¾Ç¡Թ¹$3",
  "winter_12": "ŇÒĕÇã̋ӭ¹ä̇¹Ð чģ¡$0#$e#ĉ¹¨ÐŨºäÇΉá´§ÃÍ ¨¹¡˗ÒȤ³¨Ð¡ĥºÁÒ¨Ò¡¡ÒÃŇÒ§Ò¹$3",
  "winter_25": "ĉ¹Ëħ§˗ÒȤ³¨Ð ä˴ģº¢Í§¢ħ­чƤ¹Ð!$3#$e#ĉ¹ā§ÇÅч¨Ð˵Í§àÍÒ¢Í§¢ħÑ­ ÍÍ¡ä»¹Í¡˺Ò¹˴ÇÂ äˑÍÂÒ¡ã̋¤¹ҽ¹ړǪ¡ż´чäˑÊÒÁÒÃ¶ ؛Í¢Í§¢ħ­áººàƤÂÇāºчĉ¹ŇÒä˴$0",
 
  //DAY DIALOGUE
  "Indoor_Day_0": "ħ¹׉ړǪ¡ֲàƑÂ¨Ĉ§ ÍÂÒ¡¨ÐÍԒã¹˺Ò¹à©Âæ á̅Ç˝Ò¹Ëę§ȚÍ$0#$e#ºÒ§ƧʁŤ´ǖ§ ̋Í§˝Ò¹Ëę§ȚÍ˕Ð ĉ¹ÊÒÁÒÃ¶ËÒÂä»àʛ¹ΪÇâÁ§æ ä˴àÅÂ¹Ð˶Òä˴Ëę§ȚÍƤæ Ī¡à˕ÁÁÒ˝Ò¹$3",
  "Indoor_Day_1": "àÃÒ؛ÍƧƷ¨ÍãËʽæ ä˴ՁÂчģ¡?$0#$b#àÃÒƱч¾Í¨ÐÇÒ§ġ¹ á¶Á¤§¨ÐÍÍ¡ÁÒɤƤáˉæ àÅÂ˴ÇÂ$1",
  "Indoor_Day_2": "¡ÒÃŇÒ¤ÇÒÁÊÐÍÒ´˺Ò¹ ʁàËҩÍÂàËȑÍ¹ā¹¹Ð Ʊħ¹Ǚ§ĉ¹à¨ÍËɩ˴ÇÂ ËɩàÅÂ¹Ð!$5#$b#àÃÒˉÒ¨Ð˨Ò§¤¹ŇÒ¤ÇÒÁÊÐÍÒ´ àˢÒÁÒɤ¹Ð ĉ¹ģºȑÍä»µÅÍ´äˑäËÇáˉ$2",
  "Indoor_Day_3": "ÇÍÅà»à»ÍΓĭ¹äË¹ ɤàËÁÒÐāº̋Í§ι§à˕¹...? ËȓÍ¨ÐàÍÒàʛ¹ƺÊÇÂæ Ī¡ƺÁÒ·ÒƤ¹Ð...$4",
  "Indoor_Day_4": "ºÒ§¤Ճ§ĉ¹ʁړǪ¡ŵ´˺Ò¹ÁÒ¡$0#$b#ĉ¹¤ÇÃ¨ÐÍÍ¡ä»ˢÒ§¹Í¡ ã̋ÁÒ¡¡˗Ò׉ áÅÐȤ³ ʁ¤ÇÃ¨ÐÍÍ¡ä»āºĉ¹˺Ò§!$3",
  "Outdoor_Olivia": "Ƈ¹ÒƧчĉ¹ˡÒÇÍÍ¡ä» ʁàУÁĄ¹ä́Ą¹ȑÍÍÂÒ¡¨Ð ÇÒ´ɳ»ע¹ÁÒ«Ðԧ¹$3#$b#ƺ¨Ò¡¸ÃÃÁªÒŵщˉÒѷ§¨ƃ§æ$1",
  "Outdoor_0": "ºÒ§¤Ճ§ʁŤ´ÍÂÒ¡¨ÐàˢÒˋÒ ä»àʁºàʫ´ÁÒŇÒÍÒËÒÃš¹¹Ð á˅¡ĥÇ¨ÐàˢÒä»ǥ¡ ¨¹ËÅ§ÍԒã¹Թ¹á·¹$0#$e#¨Ðä»˴ÇÂā¹˺Ò§ՁÂ˕Ð?$3",
  "Outdoor_1": "ÍÒ¡ÒÈã¹¿ÒΓÁ щºƃɊ·ڸĈ§$3#$b#˶ÒƇ¤àµÍΓÁÒ àÃÒÅÍ§ÍÍ¡ä»Ż¡Ź¡ā¹ՁÂ à¢ÒˉÒ¨ÐªÍºÍÒ¡ÒÈáºº׉$0",
  "Outdoor_2": "à¤Âà¨ÍĪµΗˋÒ˺Ò§ՁÂчģ¡?$0#$b#ĉ¹¡ĥÇËƱÁÒ¡àÅÂ Ëħ§˗Ò¨Ðäˑ˵Í§à¨Í¹Ð$2",
  "Outdoor_3": "ĉ¹ÍÂÒ¡ä»ɤäÇΉÍӇ¹ á¶º׉ƽ¡¤Ճ§Ĉ§$3#$b#ǖ§ɋºà¢Ò׉¨Ðàʥ¡ á˅Ʊ¤¹ŇÒäÇΉȑÍÍÒƚ¾ÍԒ˴ÇÂ$3",
  "Outdoor_4": "ȝÁÁ... Ê§ĪÂĈ§˗Òخ¹Ëĥ§áºº׉ ¨ÐàˢÒāºÀÒ¾ÇÒ´¢Í§ĉ¹ՁÂ$0#$b#Ť´˗ÒĢ§ä§˺Ò§ @? à¸ÍƱÃÊŹÂÁƤщ$3",
  "Rainy_Day_0": "½¹ã¹àȑÍ§ ġ¹ã̋¤ÇÒÁړǪ¡ƽ¡áºº ġ¹ÍԒã¹ƚƇµ»ÃÐĸÒħ¹ ¢Í§ȷ¡¤¹ι¹áËÅÐ$0#$b#щä§ ½¹Ƥ˅ÍȎª¼ÅáÅÐȌ¹Ŵ¹ ġ¹äˑãʺЪ§чĉ¹ل¹à¤ÂËÃÍ¡ á˅ġ¹ʁƤ¹Ð$3",
  "Rainy_Day_1": "ħ¹ч½¹µ¡ àËÁÒÐāºäÇΉá´§¹Ð äˑŤ´ԧ¹àËÃÍ?$0#$b# äÇΉʺÇÂàОÁɰƁلÁā¹ã̋āº ˓Ò§¡ÒÂ¢Í§Ȥ³ä˴¹ÐړՁÂ$3",
  "Rainy_Day_2": "ħ¹чÍÒ¡ÒÈáºº׉ ĉ¹¾ÂÒÂÒÁ¨ÐŤ´àÍÒä̇˗Ò ÍÒ¡ÒÈáºº׉ġ¹ʁƤ˅ÍȎª¼Å ã̋µÒÂƊˉÒàҪÍªÐġ´àÅÂ...$0#$e#Í˒ÒÍԒˢÒ§¹Í¡¹Ò¹ä»¹Ð чģ¡ ħ¹׉ĉ¹Ʊ§Ò¹˵Í§Ĉ´¡ÒÃÍԒ$3",
  "Rainy_Day_3": "¤ÇÒÁؚ¹ã¹ħ¹áºº׉ ġ¹ŇÒã̋ÇÒ´ɳ»ÂÒ¡ÁÒ¡ ġ¹¨ÐŇÒã̋ȷ¡Í˒Ò§ؚ¹ä»ËÁ´ áÅÐã˪àÇÅÒ¹Ò¹àˢÒä»ƽ¡$2#$b#ĉ¹˗Ò¤§¨Ð˵Í§ËÒÍ˒Ò§ҽ¹ ÁÒŇÒä»ʱÍ¹á̅Ç˕Ð$0",
 
  //NIGHT DIALOGUE
  "Indoor_Night_0": "äˑªÍºàƺÂ§½¹чġ¹µ¡ ¡ÃÐ·ºÅ§ÁÒº¹Ëĥ§¤ÒàËÃÍ?$0#$e#ĉ¹ړǪ¡Íºӭ¹ áÅÐ»ÅÍ´ĠÂÁÒ¡æ àÅÂ ģ¡Ȥ³¹Ð$3",
  "Indoor_Night_1": "ÁÒà˕¹ºÍΓ´à¡Áā¹ՁÂ$0#$e#ÃÐħ§˴ÇÂ˕Ð ĉ¹àʛ¹¤¹чªÍº¡ÒÃáʲ§Ă¹ÁÒ¡ áÅÐʁģ¡¡ÒÃàÍÒª¹Ð˴ÇÂ$4",
  "Indoor_Night_2": "Ǵ¹׉¨ÐàÍÒäÇΉá´§ ËȓÍ¢ÒÇƤ¹Ð?$3#$e#ĉ¹ˉÐàËÃÍ? ʁÍÂÒ¡ã̋Ȥ³ÍÒÃÁ΃ƤĪ¡ËˉÍÂ$1",
  "Indoor_Night_3": "ħ¹׉ĉ¹àËҩÍÂÁÒ¡àÅÂ ä»¹Í¹ā¹à¶ÍÐ @$0",
  "Indoor_Night_4": "¢Ç´׉ã¡̅¨ÐËÁ´á̅ÇáÎÐ àÍÒ˕ÐáˡÇɊ´˷ÒÂ ÁÒš¹ã̋ġ¹لÁä»àÅÂ$3",
  "Rainy_Night_0": "Ȥ³˗ÒàÃÒ¤ÇÃ¨Ðä»ɤ Ƈ¤àµÍΓƤՁÂ?$0#$b#à¢ÒäˑʴÍÂâÍà¤Ī¡àˇÒäË˓ ã¹Ǵ¹ч½¹µ¡áºº׉$2",
  "Rainy_Night_1": "Ëħ§˗Ò¨Ðá̋§ÀÒÂã¹¾ӣ§׉¹Ð à¾ÃÒÐĉ¹ÍÂÒ¡¨ÐÍÍ¡ä»àŴ¹à˕¹ á˅äˑÍÂÒ¡ã̋ÃÍ§à˷Ò ġ¹Ʊá˅â¤Å¹$0",
  "Rainy_Night_2": "Ǵ¹ч½¹µ¡áºº׉ ʁà¨Íä˴ˊÍÂã¹â¡â·â˓$0#$e#Ëħ§˗Òȷ¡¤¹чι¹ ¨ÐâÍà¤Ƥ¹Ð$2",
  "Rainy_Night_3": "½¹µ¡µÍ¹¡ÅÒ§Ǵ¹ ŇÒã̋ĉ¹Ť´ÁÒ¡µÅÍ´$0#$e#ÁÒȤÂāºĉ¹ƧƊ @? äˑÍÂÒ¡àËˑÍˉÐ$2#$e#ģ¡Ȥ³¹Ð$3",
  "Rainy_Night_4": "ÃÐħ§˴ÇÂ¹Ð ˶ÒǴ¹׉¨ÐÍÍ¡ä»äË¹$0#$b#½¹µ¡áºº׉¨Ðҵ¹àÍÒä˴ʷÒÂæ$2",
 
  //AFFECTION DIALOGUE
  "Good_0": "ºÒ§¤Ճ§àÇÅÒĉ¹ÁÍ§Ȥ³ ʁäˑÍÂÒ¡àҚÍàÅÂ˗Ò àÃÒ¨ÐÁÒړĈ¡ā¹ä˴ âª¤Ƥ¨ƃ§æ àÅÂ¹ÐàщÂ$3#$e#ĉ¹ģ¡Ȥ³¹Ð @$3",
  "Good_1": "@ ĉ¹äˑà¤Â¤Ò´Ëħ§àÅÂ˗Ò ¨Ðä˴à¨Íāº¤ÇÒÁģ¡ƽ¡¤Ճ§$3#$b#ĉ¹ړ˗ÒĢ§äˑä˴áʱ¢¹Ò´Թ¹ á˅ʁ¹Ð... ʁà¤ÂáÍºÇÒ§á¼¹àҳÍ§ ¡ÒÃã˪ƚƇµĕÇ¤¹àƤÂÇ˴ÇÂ$2#$e#ĉ¹Ƥã¨ÁÒ¡àÅÂ¹Ð чä˴ÁÒÍԒāºȤ³$3",
  "Good_2": "ړÍÐäÃՁÂ @? Ȥ³ŇÒã̋ĉ¹ àʛ¹¤¹чƤע¹¹Ð$3#$b#ĉ¹àʛ¹¤¹чàˢÒã¨ÂÒ¡ á̅ÇʁīÇɺ§ á˅Ȥ³ʁ¤ÍÂÊÍ¹ĉ¹àҳÍ§ ¤ÇÒÁÍ´·¹āº¡ÒÃàʫ¹ã¨ڌҽ¹ ¢ÍºȤ³ÁÒ¡¹Ð$3",
  "Good_3": "Ȥ³àʛ¹¤¹àƤÂÇ чړƇƨǔ§ĉ¹ÍÍ¡ÁÒ¨Ò¡ ÍÒÃÁ΃á˒æ$0#$b#äˑړàËȑÍ¹ā¹˗ÒŇÒäÁ á˅ĉ¹ʁړǪ¡˗Ò Ȥ³àʛ¹¤¹чàˢÒã¨ĉ¹Í˒Ò§Ƥ ¢ÍºȤ³ÁÒ¡¹Ð$3",
  "Good_4": "ºÒ§¤Ճ§àÇÅÒĉ¹ÁÍ§Ȥ³ ʁäˑÍÂÒ¡àҚÍàÅÂ˗Ò àÃÒ¨ÐÁÒړĈ¡ā¹ä˴ âª¤Ƥ¨ƃ§æ àÅÂ¹ÐàщÂ$3#$e#ģ¡Ȥ³¹Ð @$3",
  "Good_5": "Ť´˗ÒàʣÇæ ׉àÃÒ¨Ðä˴ä»àчÂÇā¹ՁÂ?$0#$b#ÍÐäÃчġ¹âÃáÁ¹ŵ¡ËˉÍÂˉÐ ºÒ§ƧÍÒ¨¨Ðàʛ¹à¡ÒÐ$4#$e#ĉ¹ÍÂÒ¡¨Ðä»àчÂÇÊ¶Ò¹ч чġ¹ÊÇÂæ āºȤ³ã̋ËÁ´ȷ¡чàÅÂ$3",
  "Good_6": "ĉ¹äˑàƺÂã¨ËÃÍ¡ чÂÍÁ¾ÅÒ´¡ÒÃ؛Í¢ÒÂÍÐäÃæ ä»àҮÍÁÒÍԒāºȤ³ч¿ÒΓÁ$3#$b#ĉ¹Ʊ¤ÇÒÁɊ¢ÁÒ¡ чä˴ÁÒÍԒāºȤ³$1",
  "Good_7": "à¤Âà˵¹˺Ò§ՁÂ @? ¹Í¡¨Ò¡à·È¡ÒÅ´Í¡ä́˕Ð?$0#$e#ÍԒāºȤ³чäÃ ʁÍÂÒ¡¨Ðà˵¹˴ÇÂā¹µÅÍ´àÅÂ ºÒ§ƧàÃÒˉÒ¨Ðä»ǝ¡˴ÇÂā¹¹Ð$3",
  "Good_8": "ã¹àȑÍ§ˉÐ¹Ð... ȷ¡Í˒Ò§ġ¹àʣÇä»ËÁ´ ĉ¹ʁˡÒÇä»ˢÒ§Ë˹ÒµÅÍ´ äˑä˴Ê¹ã¨âÅ¡ÃÍºæ ĕÇàÍ§ËÃÍ¡$0#$e#ġ¹ړǪ¡ƤÁÒ¡àÅÂ чä˴ʴÍÂàʛ¹ʴÍÂä» áÅÐǋÁċºƚƇµã̋àʕÁчāºȤ³ @$3",
  "Good_9": "àұÍǴ¹ĉ¹ĝ¹ ˗ÒàÃÒÍԒ˴ÇÂā¹¨¹áʱàÅÂ$0#$b#ĉ¹ړ˗Òġ¹ğ§ɤ՛Òæ «Ò¡æ á˅ġ¹ŇÒã̋ĉ¹Ǚ¡ǖ§ àҳÍ§ÇÒ´ɳ»àËȑÍ¹¢Í§¾Ç¡àÃÒ чã˪ƚƇµä»˴ÇÂā¹ Í˒Ò§Ʊ¤ÇÒÁɊ¢ä§˕Ð$3",
  "Neutral_0": "àÃÒ¨ÐÅÍ§ä»·ÐàÅ·ÃÒÂ ā¹ɤ˺Ò§ՁÂ?$3#$e#ĉ¹ÍÂÒ¡¨ÐÅÍ§ä»ŪÁ ¼Åä́Ê´æ ¢Í§á¶ºԹ¹ɤĈ§$1",
  "Neutral_1": "ĉ¹ıÒĥ§Ť´àҳÍ§ч¨Ðϊ§ ÍÍà´ÍΓäÇΉ¨Ò¡ä˓ÍӇ¹˅Ò§æ ÁÒчàȑÍ§¢Í§àÃÒ àÃÒÍÒ¨¨Ðä˴ģº˚Ç¹Å´ žàÈÉʁä˴¹Ð$0#$b#âª¤ƤчàÃÒƱȪÁª¹ чˉÒÍԒáºº׉¹ÐàщÂ ãʺՁÂ˕Ð?$0",
  "Neutral_2": "ħ¹׉ĉ¹¨ÐŇÒ¤ÇÒÁÊÐÍÒ´˺Ò¹ Í˒ÒàÍÒŴ¹ËȓÍâ¤Å¹ à»ÃÍÐàˢÒÁÒã¹˺Ò¹˕Ð$0#$e#ĉ¹ړ˗ÒȤ³¨ÐÃÐħ§$3",
  "Neutral_3": "Ȥ³à¤Âà¨ÍˎÍÁ´чÍÒĨÂ ÍԒ·Ò§µÍ¹ã˵¢Í§àȑÍ§ՁÂ?$0#$e#Ȥ³¡̅ÒËÒ­¡˗ÒчŤ´ƽ¡¹ÐàщÂ ĉ¹Қ¹ªÁȤ³¨ƃ§æ àÅÂ¹Ð чÊÒÁÒÃ¶àʛ¹àҮÍ¹ āº¤¹»ÃÐËÅÒ´æ ä˴Է§Թ¹àÅÂ$3",
  "Neutral_4": "ĉ¹Ƃ¹Ƥ¨Ðá¹ÐŉÒȤ³ ã̋ړĈ¡āºàҮÍ¹¢Í§ĉ¹ чÍԒã¹àȑÍ§Ī¡ħ¹$0#$e#ĉ¹àҚÍ˗ÒȤ³˵Í§ªÍº ¾Ç¡à¢Òáˉæ$3",
  "Neutral_5": "Ƈ¤àµÍΓ½Ò¡Ëę§ȚÍ ÁÒã̋Ȥ³˴ÇÂ˕Ð à¢ÒºÍ¡˗ÒȤ³ˉÒ¨ÐªÍº ġ¹àʛ¹Ě¹Ǘ¡¡ÒÃ¼¨­ĠÂ ɂ¤áÃ¡æ ¢Í§ÊÁÒ¤Áę¡¼¨­ĠÂ$0#$e#Ƥã¨Ĉ§чԷ§ÊÍ§¤¹ àˢÒā¹ä˴ˉÐ",
  "Neutral_6": "Ëѹ§ã¹¤¹чĉ¹à¤Âà¨Í µÍ¹Ģ§àʛ¹ę¡à·Ã´٫¹ÍԒ â·ÃÁÒħ¹׉àҮÍÁÍºàŧ¹ ã̋ã¹°Ò¹ÐчÅ§ȷ¹ä˴àђÂÁ$3#$e#ǖ§ġ¹¨Ðàʛ¹àҳÍ§àʥ¡˹ÍÂ á˅ĉ¹ʁƤã¨$3",
  "Neutral_7": "ªÇ¹Ƈ¤àµÍΓ ÁÒ·Ò¹ÍÒËÒÃ˴ÇÂā¹ՁÂ$0#$b#ĉ¹äˑÍÂÒ¡ã̋à¢ړǪ¡˗Ò ĉ¹֗§à¢ÒàÍÒä̇ˢÒ§Ëĥ§ àҮÍ¨ÐÁÒỄÒ§¤ÃÍº¤ģÇāºȤ³ à¢Ò¤ÇÃ¨Ðä˴ړ¹Ð ˗Òчщ˵Í¹ģºà¢ÒàÊÁÍ$0",
  "Neutral_8": "ĉ¹¨ÐàˢÒàȑÍ§ä»؛Í ɍ»¡Ã΃ÇÒ´ɳ»àʣÇæ ׉$0#$e#˚Ç¹ãËʽĉ¹¨Ðϊ§ã̋ÁÒ˚§ á˅ÍÂÒ¡¨ÐÅÍ§àˢÒä»ɤàÍ§˺Ò§ àҬÍ¨ÐƱÍÐäÃãËˑæ ˉÒÊ¹ã¨$0",
  "Neutral_9": "ƽ¡ħ¹ã¹ɋºà¢Ò...$0#$b#àÇÅÒɤ¨ÐʴÍÂàʛ¹ ʴÍÂä»Ĉ§àÅÂ¹ÐàщÂ àÃÒ¤ÇÃ¨ÐËÒÍÐäÃÁÒŇÒ àҮÍàƳÂ¡¤ÇÒÁ ¡ÃÐȅÍȓÍ̃¹ɤ˺Ò§¹Ð$3",
  "Bad_0": "ħ¹׉ĉ¹ÇÒ´ɳ»¾ÅÒ´ƽ¡á̅Ç$2#$e#ºÒ§Ƨĉ¹¤ÇÃ¨ÐĞ¡ ¨Ò¡¡ÒÃÇÒ´ɳ»Ī¡Ğ¡ ړǪ¡àËȑÍ¹˗Ò Ģ§äˑƱÍÐäÃǴºË˹Ò ä»àÅÂĪ¡Í˒Ò§$2",
  "Bad_1": "á˒Ĉ§чäÇΉäˑÊÒÁÒÃ¶ ʺÇÂáˡě­ËÒä˴ËÁ´ á˅ʁƅ§ɤä˴¹Ð$2#$e#äˑ˵Í§˛Ç§ ĉ¹äˑҤÁàÂÍÐÁÒ¡ËÃÍ¡$0",
  "Bad_2": "Į¹ړǪ¡äˑƤàˇÒäË˓ ˉÒ¨Ð˵Í§ä»ËÒËÁÍÎÒΓƷΒ$2#$b#Ȥ³ÍÒ¨¨Ð˵Í§à̇¹ÃÐÂÐ˛Ò§ Ī¡Ź´ËˉÍÂ¹Ð àҬÍġ¹¨Ðàʛ¹âÃ¤ŵ´˅Í$2",
  "Bad_3": "чģ¡ µÍ¹׉ĉ¹ÍÒÃÁ΃àƺÂÍԒ ĉ¹¨ÐËƩä»¹Ð˶Òàš´àʛ¹Ȥ³$5#$e#Ȥ³äˑä˴ŇÒÍÐäÃż´ËÃÍ¡ ºÒ§¤Ճ§ĉ¹ʁàʛ¹ áºº׉щáËÅÐ$2",
  "Bad_4": "ħ¹׉ÍÂÒ¡¨Ð¹Í¹ ÍԒº¹àƥÂ§Ĉ§$2#$b#ËȓÍäˑʁä»ʊÍ»֛§ ĉ¹ÍÒ¨¨ÐàˢÒàȑÍ§àҮÍàƳÂ¡ ıÒĥ§ã¨ã̋ĕÇàÍ§Ī¡ËˉÍÂ$0",
  "Bad_5": "Ê§¤ÃÒÁāºĈ¡ÃÇÃÃŴ àУÁɃ¹áÃ§ע¹àҳÍÂæ á̅Ç$2#$b#ġ¹àʈº»Ç´ÁÒ¡àÅÂ ч˵Í§Ť´˗Ò¤¹ ¾Ç¡Թ¹·ÃÁÒ¹¢¹Ò´äË¹ā¹$2",
  "Bad_6": "ĉ¹àʫ¹Ȥ³ ä»ȤÂāºà¸Íã¹àȑÍ§$2#$b#ã¤ÃˉÐàËÃÍ? ĉ¹äˑ˵Í§ºÍ¡ËÃÍ¡ ¤³ʁړщ˗Òã¤Ã$5",
  "Bad_7": "àʫ¹ՁÂ˗Òĉ¹ ÍÂÒ¡ÍԒ¤¹àƤÂÇ?$6#$b#...¢Íâ·É¹Ðчģ¡ ĉ¹áʴ˵Í§¡ÒÃ خ¹ч˚Ç¹ĕÇĪ¡ËˉÍÂˉÐ$2",
  "Bad_8": "ĉ¹ŇÒ¢Í§ÊÐÊÁƘ¹ ֊¹Ǚ§µ¡˕Ð ġ¹áµ¡àʛ¹àњÂ§æ àÅÂ$5#$b#ĉ¹˕Ðâ¡Ã¸ĕÇàÍ§¨ƃ§æ ġ¹ËÒÍÐäÃÁÒá·¹чäˑä˴˴ÇÂ$5#$e#äˑÍÂÒ¡Ǚ¡ǖ§ġ¹á̅Ç$2",
  "Bad_9": "ĉ¹ģ¡Ȥ³¹Ð á˅ºÒ§ħ¹ĉ¹ʁǙ¡ǖ§àʭ´àƇΓ´ ġ¹ˉÒàÈ̃ÒÁÒ¡àÅÂ...$0#$b#ĉ¹¨Ðà˕ÒàҳÍ§¢Í§à¢Ò ã̋Ȥ³ğ§¹Ð... á˅äˑãʺħ¹׉$2",
}
