{
	"Name": "Frog",
	"Description": "(¡º) ËÂÖëÂÂÂÂ µÑÇÁÑ¹Å×è¹ÁÒ¡",
	"Category": "Fish",
	"Edibility": -30,
	"EdibleIsDrink": false,
	"EdibleBuffs": null,
	"Price": 100,
	"IsColored": false,
	"GiftTastes":
	{
		"Love": [ "Sebastian", "Abigail", "Vincent", "Morgan" ],
		"Like": [ "Elliott", "Willy", "Harvey", "Demetrius", "Wizard" ],
		"Dislike": [ "Martin" ],
		"Hate": [ "George", "Kent", "Jodi", "Claire", "Olivia", "Shane", "Haley", "Maru", "Pam", "Clint", "Jas", "Andy", "Gus" ]
	},
}
