{
	"Name": "Tempered Galaxy Sword",
	"Description": "(´Òº¡ÒáÅ¤«ÕèÊØ´á¡Ãè§) ãËé¾ÅÑ§áËè§¨Ñ¡ÃÇÒÅäËÅ¼èÒ¹µÑÇ¤Ø³ âÍÃèÒ âÍÃèÒ âÍÃèÒ!!!",
	"Type": "sword",
	"MinimumDamage": 100,
	"MaximumDamage": 175,
	"Knockback": 1,
	"Speed": 5,
	"Accuracy": 100,
	"Defense": 15,
	"MineDropVar": 0,
	"MineDropMinimumLevel": -1,
	"ExtraSwingArea": -1,
	"CritChance": 0.15,
	"CritMultiplier": 3,
	"NameLocalization":
	{
		/*Information goes here*/
	},
	"DescriptionLocalization":
	{
		/*Information goes here*/
	}
}
