{
	"Name": "Void Shard",
	"Description": "(àÈÉ¼ÅÖ¡ÊÕ´Ó) àÈÉ¼ÅÖ¡¹Õé¶Ù¡¡Å×¹¡Ô¹â´ÂÁ¹µÃì´Ó",
	"Category": "MonsterLoot",
	"Edibility": -300,
	"EdibleIsDrink": false,
	"EdibleBuffs": null,
	"CanSell": false,
	"Price": 10000,
	"IsColored": false,
	"GiftTastes":
	{
		"Love": ["MarlonFay", "Wizard", "Krobus", "Dwarf"],
		"Like": ["Abigail", "Morgan"],
		"Dislike": ["Sophia", "Leo", "Apples", "GuntherSilvian", "Olivia", "Andy", "Martin", "Victor", "Claire", "Susan", "MorrisTod", "Alex", "Elliott", "Harvey", "Sam", "Sebastian", "Shane", "Emily", "Haley", "Leah", "Maru", "Penny", "Caroline", "Clint", "Demetrius", "Evelyn", "George", "Gus", "Jas", "Jodi", "Kent", "Lewis", "Linus", "Marnie", "Pam", "Pierre", "Robin", "Sandy", "Vincent", "Willy"]
	},
	"NameLocalization":
	{
		/*to be added in*/
	},
	"DescriptionLocalization":
	{
		/*to be added in*/
	},
}
