{
    "header": {
        "target": "w",
        "formatVersion": 5,
        "hidef": true,
        "compressed": 128
    },
    "readers": [
        {
            "type": "Microsoft.Xna.Framework.Content.DictionaryReader`2[[System.String, mscorlib, Version=4.0.0.0, Culture=neutral, PublicKeyToken=b77a5c561934e089],[System.String, mscorlib, Version=4.0.0.0, Culture=neutral, PublicKeyToken=b77a5c561934e089]]",
            "version": 0
        },
        {
            "type": "Microsoft.Xna.Framework.Content.StringReader",
            "version": 0
        }
    ],
    "content": {
        "abigail_videogames": "ބ¡¡... ŇÒĢ§ä§ĉ¹ʁˌÒ¹˄Ò¹áÃ¡ ¢Í§à¡Á 'ÃÒªÒӗ§Ë˭Ò¼¨­ĠÂ' äˑä˴Ī¡Ƨ!$u",
        "haley_photo": "%àÎƵΒӢ§ÍԒāº¡ÒÃˆÒÂÀÒ¾ ÁÒ¡àš¹¡˗Ò ¨ÐĪ§à¡µàʫ¹Ȥ³",
        "harvey_radio": "%ÎÒΓƷΒɤàËȑÍ¹ıÒĥ§Ӣ§æÍԒ",
        "harvey_examine_left": "àÍÒÅÐÍԒЙ§æ ¹Ð... á̅ÇËÒÂã¨àˢÒǥ¡æ$u",
        "alex_lift_weights": "Ǯºº... Í˒ÒªÇ¹ȤÂ",
        "robin_dance": "%âÃź¹ıÒĥ§Ӣ§ÍԒ",
        "demetrius_dance": "%ŴƱà·ƳÂÊıÒĥ§Ӣ§ÍԒ",
        "demetrius_read": "¾Ç¡àÃÒѫ§ÍԒã¹ ÊµÒΓŴÇáÇÅѕ ɦ¡áÂ¡ÍÍ¡¨Ò¡âÅ¡ÀÒÂ¹Í¡ Í˒Ò§֪¹àŪ§ á˅ºÒ§Ƨι¹ÍÒ¨¨Ð àʛ¹àҳÍ§чƤʁä˴¹Ð",
        "emily_exercise": "¡ÒÃÍÍ¡ıÒĥ§¡ÒÂ ʁÊȹ¡ä˴¹Ð!",
        "robin_exercise": "á¢¹¢Í§ĉ¹ġ¹áʂ§áÃ§á̅Ç... *á˞¡*... á˅¢Ò¢Í§ĉ¹Ģ§˵Í§ǝ¡ƽ¡... *Ǯº*",
        "caroline_exercise": "Í˒ÒÁÍ§¹Ð! µÍ¹׉ĉ¹Ë˹Òá´§ á̅ÇʁàËҗÍˇÇÁĕÇä»ËÁ´á̅Ç$s",
        "shane_work": "%àª¹ıÒĥ§Ե§ã¨ŇÒ§Ò¹ÍԒ ɤàËȑÍ¹˗Òà¢ÒäˑÊ¹ã¨ч¨Ðɮ´ȤÂ˴ÇÂ",
        "marnie_exercise": "%ÁÒƩ˚§֢ÁÁÒã̋Ȥ³ ˌÒ¹ãºË˹ÒчàʕÁä»˴ÇÂËÂÒ´àËҗÍ",
        "jodi_exercise": "ބ¡... ËÒÂã¨àˢÒ.... ބ¡.... ËÒÂã¨ÍÍ¡$4",
        "vincent_read_right": "¤ɳà¾¹ƩºÍ¡˗Ò ¼Á˵Í§˝Ò¹Ëę§ȚÍà˕Á׉ʱÍ¹ ǖ§¨ÐÍÍ¡ä»à˕¹ä˴$s",
        "penny_wave_left": "ǖ§àȑÍ§׉¨Ð»ÅÍ´ĠÂ á˅Ģ§ä§ĉ¹ʁàŴ¹ä»˚§àʔ¡æ ¡ĥº˺Ò¹àʛ¹»ÃÐĸÒÍԒƤ",
        "sam_guitar": "%á«ÁıÒĥ§Ӣ§ÍԒāº¡ÒÃ˫ÍÁƑµÒΓ",
        "sam_gameboy": "á»»¹Ð... ¢Íĉ¹ˌÒ¹˄Ò¹׉ã̋ä˴ʱÍ¹$7",
        "sam_skateboarding": "%á«ÁıÒĥ§¾ÂÒÂÒÁ ËɁ¹áˌ¹ÊàʁµºÍΓ´ʱÍ¹Å§خ¹",
        "sam_pool": "$c .5#ȞÁÁ... ˶Òĉ¹á·§ã̋ɵ¡׉ ËɁ¹ä»ˢÒ§Ë˹ÒŹ´Ǚ§ ºÒ§Ƨĉ¹ÍÒ¨¨ÐŇÒä˴...$7#$e#*à̎Í*... ĉ¹äˑʴÍÂä˴àҳÍ§àÅÂ$s",
        "sam_work": "%á«ÁıÒĥ§ŇÒ§Ò¹áʲ§āºàÇÅÒÍԒ... Í˒Òä»ŇÒà¢Òµ¡чι§ŕÒºÒ¡àÅÂ"
    }
}
