{
    "header": {
        "target": "w",
        "formatVersion": 5,
        "hidef": true,
        "compressed": 128
    },
    "readers": [
        {
            "type": "Microsoft.Xna.Framework.Content.DictionaryReader`2[[System.String, mscorlib, Version=4.0.0.0, Culture=neutral, PublicKeyToken=b77a5c561934e089],[System.String, mscorlib, Version=4.0.0.0, Culture=neutral, PublicKeyToken=b77a5c561934e089]]",
            "version": 0
        },
        {
            "type": "Microsoft.Xna.Framework.Content.StringReader",
            "version": 0
        }
    ],
    "content": {
        "NameYourHorse": "Ե§ҚÍ́Ò¢Í§Ȥ³",
        "WipedMemory": "Ȥ³ǴÍªÒÇÊÇ¹чàО§ÁÒãËˑãʺՁÂ?#$e#ĉ¹˗ÒȤ³ɤل¹æ ¹Ð... äˑƊĉ¹ρ¹ã¨˗ÒàÃÒäˑà¤Âà¨Íā¹ÁÒʱÍ¹",
        "DefaultHorseName": "Grover",
        "PiecesOfHay": "Ë˭ÒËѹ§ıÒ: {0}/{1}",
        "JunimoTextAboveHead1": "ɘŹâˑ!",
        "JunimoTextAboveHead2": "´Ç§´ÒÇ!",
        "JunimoThankYou1": "¢ÍºȤ³!",
        "JunimoThankYou2": "¢Í§¢ħ­!",
        "AbigailInMineFlute": "%Íźà¡ÅıÒĥ§à¾ƅ´à¾ƅ¹ä»āºà¾Å§чà¸Íğ§...",
        "AbigailInMineFirst": "à̎! @ á»Å¡ã¨ËÃÍ? ...ã¹чɊ´ĉ¹ʁÃÇºÃÇº¤ÇÒÁ¡̅Ò àҮÍÅ§ÁÒчщä˴á̅Ç #$b#µÍ¹áÃ¡ʁ¡ĥÇ¹Ð á˅ʁȍ¹ÁÒ¨¹ä˴#$b#ĉ¹ړǪ¡ρ¹ã¨ע¹ÁÒ¡àÅÂ ¨ƃ§æ ġ¹ʁÊȹ¡ÁÒ¡àÅÂ˕Ð!$h",
        "AbigailInMine0": "à̎! ĉ¹ÁÒä˴ä¡ÅÍԒäˑãʺËÃÍ?$h",
        "AbigailInMine1": "̇ÒÂ !$7#$b# ˞Ò˞Ò! Ȥ³ŇÒã̋ĉ¹µ¡ã¨¹Ð! äˑŤ´˗Ò¨Ðä˴à¨Í¤¹ҽ¹ чˢÒ§˕Ò§щàÅÂ!$h#$e#¢Íâ·ÉƧ ĉ¹ҥ¹à˵¹¨¹ àËҗÍˇÇÁä»ËÁ´",
        "AbigailInMine2": "ä§ @! ĉ¹ÁÒǖ§щä˴ â´Âäˑä˴ښ āºĪµΗ»ÃÐËÅÒ´ Ī¡ĕÇàÅÂ¹Ð...",
        "AbigailInMine3": "à̎! ʴÍÂĢ§ΪÇËˉÍÂ чä˴à¨ÍȤ³ˢÒ§˕Ò§щ...$h#$e#à˝Í... Í˒ÒºÍ¡ˎÍĉ¹¹Ð àˢÒã¨ՁÂ?$9",
        "AbigailInMine4": "à̎! ŚÒÃÇ¨àËȑÍ§ ã¹ħ¹ч½¹µ¡ËÃÍ? ĉ¹ʁàËȑÍ¹ā¹!$h",
        "Henchman1": "țÁÁ ̋Ð!! ÁȹÉΒàËÃÍ!#$b#...à˨Ò˵Í§¡ÒÃ ¨ÐˌÒ¹ä»·Ò§׉Ɗ¹Ð? ˵Í§¢Íâ·ÉƧ щàʛ¹ч˚Ç¹Ⱥ¤¤Å¹Ð$s",
        "Henchman2": "ˢÒ¢Íâ·É á˅ˢÒã̋à˨ÒˌÒ¹äˑä˴¨ƃ§æ ... äˑԧ¹ˢÒ¨Ðµ¡§Ò¹àÍÒ¹Ð",
        "Henchman3": "à˨Ò¨Ðã̋Ъ§Թ¹āºˢÒËȓÍ? ȝÁÁÁ... äˑ˕Ð ¢Íºã¨$s",
        "Henchman4": "ȝÁÁÁ ι¹ġ¹ʁɤã˪ä˴ÍԒ¹Ð á˅äˑ˕Ð ¢Íºã¨... ŇÒäÁà˨ÒäˑàʁºàÍÒä̇àÍ§˕Ð?",
        "Henchman5": "ȿ´ſ´ ȿ´ſ´...#$b#¡Х¹ι¹..#$b#ˢÒÍ´ã¨äˑäËÇá̅Ç... àÍÒġ¹ÁÒщ!$h",
        "Henchman6": "¢Íºã¨",
        "KrobusDarkTalisman": "ÍÐäÃ¹Ð à˨ÒıÒĥ§µÒÁËÒ Ģ¹΅á˛§¤ÇÒÁȑ´ (Dark Talisman) ËÃÍ?#$b#...ȝÁÁ ¾Íà˨Òɮ´ע¹ÁÒʁǙ¡ע¹ä˴ ˢÒà¤Â¤ÃÍº¤ÃÍ§ġ¹ÍԒ àұÍäˑ¹Ò¹ÁÒ׉#$b# á˅ˉÒàƺÂ´ÒÂчˢÒ ŇÒġ¹µ¡ÃÐË˗Ò§ч ŚÒÃÇ¨ˇÍµÃ§ɁÁâ˹¹#$b# á̅ÇÊ¶Ò¹¡ÒÃ΃ġ¹ʁ á˒Å§àҳÍÂæ ˢÒàÅÂƳºËƩÍÍ¡ÁÒ á̅ÇŻ´¼Ǚ¡·Ò§àˢÒä̇#$b#à˨Òɤáʂ§áÃ§ã˪ä˴... à¾ÃÒÐԧ¹ ˢÒ¨ÐàŻ´ġ¹ã̋à˨ÒàˢÒä» ÃÐħ§ĕÇ˴ÇÂ âÍà¤ՁÂ?",
        "Divorced_bouquet": "щġ¹... Ȥ³¨ÐŇÒã̋ĉ¹˵Í§ àʈº»Ç´ä»ǖ§äË¹ā¹¹Ð?$s",
        "Divorced_gift": "ĉ¹äˑ˵Í§¡ÒÃ¢Í§¢ħ­ÍÐäÃ ¨Ò¡Ȥ³Է§Թ¹$a",
        "PetLovesYou": "{0} ÃÑ¡¤Ø³",
        "Saloon_goodEvent_0": "ä˴á˵Á!!",
        "Saloon_goodEvent_1": "ڗÇÇ!",
        "Saloon_goodEvent_2": "à˕¹ä˴à͈§!",
        "Saloon_goodEvent_3": "ãʺ!",
        "Saloon_goodEvent_4": "ŇÒä˴Ƥ!",
        "Saloon_badEvent_0": "ÍÒÒÒ!",
        "Saloon_badEvent_1": "äˑ¹Ð!",
        "Saloon_badEvent_2": "ɪÇÇ!",
        "Saloon_badEvent_3": "ǭ¡",
        "Saloon_badEvent_4": "äˑƤàÅÂ",
        "Saloon_neutralEvent_0": "àÍÒËˉÍÂ...",
        "Saloon_neutralEvent_1": "ã¡̅á̅Ç!",
        "Saloon_neutralEvent_2": "ä»àÅÂ!",
        "Saloon_neutralEvent_3": "˚§ºÍÅ!",
        "Saloon_neutralEvent_4": "àÍÒã̋ä˴!",
        "KrobusDarkTalisman_elsewhere": "ÍÐäÃ¹Ð à˨ÒıÒĥ§µÒÁËÒ Ģ¹΅á˛§¤ÇÒÁȑ´ (Dark Talisman) ËÃÍ?#$b#...ȝÁÁ ¾Íà˨Òɮ´ע¹ÁÒʁǙ¡ä˴ ˢÒà¤Â¤ÃÍº¤ÃÍ§ġ¹ÍԒ àұÍäˑ¹Ò¹ÁÒ׉ #$b# á˅ˉÒàƺÂ´ÒÂчˢÒ ŇÒġ¹µ¡ÃÐË˗Ò§ч ŚÒÃÇ¨ˇÍթÒ֗§ #$b# á̅ÇÊ¶Ò¹¡ÒÃ΃ġ¹ʁ á˒Å§àҳÍÂæ ˢÒàÅÂƳºËƩÍÍ¡ÁÒá̅Ç Ż´¼Ǚ¡·Ò§àˢÒàÍÒä̇ #$b# à˨Òɤáʂ§áÃ§ã˪ä˴... à¾ÃÒÐԧ¹ ˢÒ¨ÐàŻ´ġ¹ã̋à˨ÒàˢÒä» ÃÐħ§ĕÇ˴ÇÂ âÍà¤ՁÂ?",
        "MovieInvite_Festival": "âÃ§ÀÒ¾Â¹µΓŻ´ ŇÒ¡ÒÃã¹ħ¹чƱà·È¡ÒÅ!",
        "MovieInvite_Closed": "âÃ§ÀÒ¾Â¹µΓŻ´ŇÒ ¡ÒÃá̅ÇŚÒËģºϔÒǴ¹׉",
        "MovieInvite_AlreadyInvitedSomeone": "Ȥ³Ʊę´ч¨ÐɤÀÒ¾Â¹µΓāº {0} á̅Ç ħ¹׉!",
        "MovieInvite_NoTheater": "{0} ɤȧ¹§§...",
        "MovieInvite_CantInvite": "Ȥ³äˑÊÒÁÒÃ¶àŪ­ {0} ä»ɤÀÒ¾Â¹µΓ˴ÇÂä˴",
        "MovieInvite_InvitedBySomeoneElse": "¢Íâ·ÉƧ ĉ¹Ʊę´ä»ɤËę§á̅Çħ¹׉ á˅Ȥ³¨Ðä»˴ÇÂā¹ʁä˴¹Ð",
        "MovieInvite_FarmerAlreadySeen": "ĉ¹Ģ§äˑʴÍÂÍÂÒ¡ ¨Ðä»ɤËę§àҳÍ§Թ¹ ƽ¡ÃÍºàˇÒäË˓ˉÐ...",
        "MovieInvite_AlreadySeen": "¢Íâ·ÉƧ á˅ÍÒŷµΒ׉ĉ¹ɤËę§ä»á̅Ç...",
        "MovieInvite_Invited_Sandy": "â̍ ĉ¹ÍÂÒ¡ä»˴ÇÂ Ȥ³ä»ʱÍ¹ä˴àÅÂ à݋ÂÇĉ¹µÒÁä» чģ¡...ĉ¹˵Í§ä»á˅§ĕÇʱÍ¹!",
        "MovieInvite_Invited_Dwarf": "Ë¹Ð- ÍÐäÃ¹Ð? ȝÁ ĉ¹ρ¹ã¨˗Ò ĉ¹˵Í§ªÍºġ¹áˉ¹Í¹! ĉ¹¨Ðä»āºȤ³",
        "MovieInvite_Invited_Krobus": "â̍ á˅»¡ŵ ˢÒ¨ÐʻÍ¹ĕÇ¨Ò¡ÁȹÉΒ¹Ð...#$b#á˅...Ť´ÍÐäÃÍÍ¡á̅Ç... à݋ÂÇä»à¨Íā¹ чâÃ§Ëę§àÅÂ¹Ð",
        "MovieInvite_Invited_Wizard": "ȞÁÁÁ... Ƥ˕Ð ˢÒ¨Ðä»āºà˨ÒàҮÍɤ... ÀÒ¾©ÒÂ ι¹",
        "MovieInvite_Invited": "ɤËę§ËÃÍ? àÍÒƊ ä»à¨Íā¹чâÃ§Ëę§àÅÂ¹Ð",
        "MovieInvite_Invited_Rude": "ɤËę§àÃÍÐ? àÍÍ ʁä˴ ğ§ɤƤщ ä»à¨Íā¹чâÃ§Ëę§àÅÂ...",
        "MovieInvite_Invited_Child": "ɤËę§ËÃÍ? à̂! à݋ÂÇä»à¨Íā¹ чâÃ§Ëę§àÅÂ¹Ð!",
        "MovieInvite_Reject_Child": "äˑŤ´˗Ò¨Ðä˴ģºÍȹ­Òµã̋ä»...",
        "MovieInvite_Reject": "¢Íâ·ÉƧ á˅Ԫ¹äˑƱÍÒÃÁ΃ ¨Ðä»ɤËę§µÍ¹׉...",
        "MovieTheater_NoTicket": "Ȥ³äˑÊÒÁÒÃ¶àˢÒªÁÀÒ¾Â¹µΓä˴ ËÒ¡äˑƱݘÇ!",
        "MovieTheater_CurrentlyShowing": "¢³Ð׉ÀÒ¾Â¹µΓıÒĥ§©ÒÂÍԒ ¡Ƀ³Ò¡ĥºÁÒã¹ÀÒÂËĥ§",
        "MovieTheater_AlreadySeen": "Ȥ³ä˴ªÁÀÒ¾Â¹µΓä»á̅Çã¹ÍÒŷµΒ׉",
        "MovieTheater_WatchAlonePrompt": "Ȥ³˵Í§¡ÒÃч¨Ðã˪ݘÇÀÒ¾Â¹µΓãº׉ àҮÍªÁÀÒ¾Â¹µΓ¤¹àƤÂÇ ãʺՁÂ?",
        "MovieTheater_WatchWithFriendPrompt": "Ȥ³˵Í§¡ÒÃч¨Ðã˪ݘÇÀÒ¾Â¹µΓãº׉ àҮÍªÁÀÒ¾Â¹µΓāº {0} ãʺՁÂ?",
        "MovieTheater_LeavePrompt": "Ȥ³ρ¹ã¨ËȓÍч¨ÐÍÍ¡¨Ò¡âÃ§ÀÒ¾Â¹µΓ â´ÂчĢ§äˑä˴ªÁÀÒ¾Â¹µΓàÅÂ?",
        "MovieTheater_ClosedFestival": "âÃ§ÀÒ¾Â¹µΓŻ´ŇÒ¡ÒÃã¹ħ¹чƱà·È¡ÒÅ",
        "MovieTheater_Closed": "âÃ§ÀÒ¾Â¹µΓŻ´ŇÒ¡ÒÃá̅Ç",
        "MovieTheater_BoxOfficeClosed": "ã¹څԹ¹ äˑƱã¤ÃÍԒ",
        "MovieTheater_Concession": "Ƃ¹Ƥ˵Í¹ģºԚ̃Ò¹¢¹Á¢ºàִÂÇ! Ȥ³˵Í§¡ÒÃϊ§¢Í§·Ò¹à˕¹ã̋àҮÍ¹¢Í§Ȥ³ՁÂ?",
        "MovieTheater_ConcessionAlone": "â̍ ɤàËȑÍ¹˗ÒȤ³¨ÐÁÒ¤¹àƤÂÇƊ¹Ð Ȥ³˵Í§ÁÒɤчщāºàҮÍ¹¢Í§Ȥ³àˇÒԹ¹ Ȥ³ǖ§¨Ðϊ§¢Í§·Ò¹à˕¹ã̋àҮÍ¹¢Í§Ȥ³ä˴ ä̇ÁÒÅÍ§ãËˑ¹Ð!",
        "MovieTheater_ConcessionPurchased": "Ȥ³˵Í§¡ÒÃ {0} ãʺՁÂ? àÃÒ¨ÐŉÒä»˚§ã̋чι§¢Í§ {1} àұÍÀÒ¾Â¹µΓàУÁ©ÒÂ¹Ð!",
        "MovieTheater_ConcessionAfterMovie": "ÀÒ¾Â¹µΓÊȹ¡ՁÂ ?",
        "MovieTheater_AfterMovieAlone": "{0} ıÒĥ§¤ӣ¹Ť´àƗÂºæàбÂÇāºÀÒ¾Â¹µΓчàО§ɤä»",
        "MovieTheater_AfterMovie": "{0} ıÒĥ§Ⱦ´ȤÂā¹Í˒Ò§Êȹ¡Ê¹Ò¹àбÂÇāºÀÒ¾Â¹µΓчàО§ɤä»",
        "MovieTheater_LoveMovie": "{0} ıÒĥ§»ÅÒº»صÁÍ˒Ò§Ɋ´׫§...!",
        "MovieTheater_LikeMovie": "{0} ɤıÒĥ§Ʊ¤ÇÒÁɊ¢Ƥ!",
        "MovieTheater_DislikeMovie": "{0} ıÒĥ§ι§Ī»Ë§¡...",
        "MovieTheater_LoveConcession": "{0} ıÒĥ§àÍʣ´Í˓ÍÂÍ˒Ò§Т§āº {1}!",
        "MovieTheater_LikeConcession": "{0} ıÒĥ§àÍʣ´Í˓ÍÂāº {1}",
        "MovieTheater_DislikeConcession": "{0} äˑä˴áµÐ {1} àÅÂĪ¡Ź´...",
        "MovieTheater_LoveConcession_Female": "{0} ıÒĥ§àÍʣ´Í˓ÍÂÍ˒Ò§Т§āº {1} ¢Í§à¸Í!",
        "MovieTheater_LikeConcession_Female": "{0} ıÒĥ§àÍʣ´Í˓ÍÂāº {1} ¢Í§à¸Í",
        "MovieTheater_DislikeConcession_Female": "{0} äˑä˴áµÐ {1} ¢Í§à¸Í àÅÂĪ¡Ź´...",
        "MovieTheater_LoveConcession_Male": "{0} ıÒĥ§àÍʣ´Í˓ÍÂÍ˒Ò§Т§āº {1} ¢Í§à¢Ò!",
        "MovieTheater_LikeConcession_Male": "{0} ıÒĥ§àÍʣ´Í˓ÍÂāº {1} ¢Í§à¢Ò",
        "MovieTheater_DislikeConcession_Male": "{0} äˑä˴áµÐ {1} ¢Í§à¢Ò àÅÂĪ¡Ź´...",
        "MovieInvite_Spouse_Abigail": "ä»ɤËę§ËȓÍ? ä˴àÅÂ ğ§ɤˉÒÊȹ¡¹Ð! à݋ÂÇä»à¨Íā¹ч âÃ§Ëę§àÅÂ$h#$e#Ëħ§˗Ò¨Ðàʛ¹àҳÍ§чҥ¹à˵¹æ ËˉÍÂ¹Ð",
        "MovieInvite_Spouse_Penny": "ݘÇËę§ËÃÍ? ĉ¹¨Ðä»āºȤ³¹Ð¤Ð! à݋ÂÇä»à¨ÍчâÃ§Ëę§àÅÂ¹Ð чģ¡$h",
        "MovieInvite_Spouse_Haley": "â̍ ä»à´·ËÃÍ? à݋ÂÇĉ¹¢Í á˅§ĕÇĪ¡ËˉÍÂʱÍ¹ á̅ÇàÃÒä»à¨Íā¹ чâÃ§Ëę§àÅÂ¹Ð$h",
        "MovieInvite_Spouse_Emily": "ݘÇËę§ËÃÍ Ȥ³ړՁÂ˗Ò ĉ¹Ť´ǖ§á˅Ëę§àҳÍ§׉ Է§ħ¹àÅÂ Ȥ³˝Ò¹ã¨ĉ¹ä˴ãʺՁÂàщÂ!$h#$e# à݋ÂÇä»à¨Íā¹ чâÃ§Ëę§àÅÂ¹Ð",
        "MovieInvite_Spouse_Leah": "â̍ ɤËę§ËÃÍ? ä˴àÅÂ ğ§ɤˉÒÊȹ¡Ƥ.... àËȑÍ¹àÃÒ¡ĥºä» µÍ¹чà´·ā¹ä§ ўæ$h#$e#à݋ÂÇä»à¨Íā¹ чâÃ§Ëę§àÅÂ¹Ð",
        "MovieInvite_Spouse_Maru": "â̍ Ȥ³Ť´á¼¹à´· ŚÒËģºàÃÒËÃÍ?$h#$b#ĉ¹ÍÂÒ¡ä»āºȤ³ÍԒá̅Ç! à݋ÂÇä»à¨Íā¹ чâÃ§Ëę§àÅÂ¹Ð$h",
        "MovieInvite_Spouse_Alex": "à̎ ğ§ɤˉÒÊȹ¡¹Ð! ¼ÁÍÂÒ¡ɤàҳÍ§׉ÁÒ¹Ò¹á̅Ç... ˶Òä˴ɤāºȤ³ʁТ§Ƥ!#$b#à݋ÂÇä»à¨Íā¹ чâÃ§Ëę§àÅÂ¹Ð",
        "MovieInvite_Spouse_Sam": "àђÂÁ Ȥ³؛ÍݘÇŚÒËģº àÃÒÊÍ§¤¹ËÃÍ? Ȥ³àђÂÁчɊ´àÅÂ! à݋ÂÇä»à¨Íā¹ч âÃ§Ëę§àÅÂ¹Ð$h",
        "MovieInvite_Spouse_Sebastian": "â̍ Ȥ³ÍÂÒ¡ä»ɤËę§ËÃÍ ğ§ɤƤ¹Ð à݋ÂÇä»à¨Íā¹ чâÃ§Ëę§àÅÂ¹Ð$h",
        "MovieInvite_Spouse_Shane": "â̍ Ȥ³ÍÂÒ¡ä»ɤËę§ËÃÍ? ˵Í§؛Í¢¹Áã̋˴ÇÂ á̅Ç¼Á¨Ðä» µ¡Å§ՁÂ ўæ...$h#$e#à݋ÂÇä»à¨Íā¹ чâÃ§Ëę§àÅÂ¹Ð",
        "MovieInvite_Spouse_Elliott": "ä˴Ɗчģ¡ ¼ÁÍÂÒ¡ɤËę§āºȤ³ÍԒá̅Ç! à݋ÂÇä»à¨Íā¹ чâÃ§Ëę§àÅÂ¹Ð",
        "MovieInvite_Spouse_Harvey": "ݘÇËę§ËÃÍ? à˝Í ä˴Ɗ ¼Á¨Ðä»āºȤ³¹Ð!$h#$e#ŇÒÍÐäÃáºº׉˺Ò§ʁƤ¹Ð ¼ÁäˑÍÂÒ¡ã̋ƚƇµӴ¢Í§àÃÒ àʛ¹àҳÍ§ˉÒàҪÍˉÐ!",
        "Phone_Robin_Workout": "Ëħ´Ƥ щâÃź¹ ħ¹׉èĉ¹äˑÍԒ˺Ò¹ ä»àˢÒªÁÃÁáÍâÃź¤ »ÃÐĸÒĪ»´ÒΛˉÐ... â·ÉƧ¹Ð! *څ´*",
        "Phone_Robin_Working_OneDay": "Ëħ´Ƥ щâÃź¹ ĉ¹äˑÍԒ˺Ò¹ ¨¹àÊʣ¨§Ò¹¾ӣ§׉ *څ´*",
        "Phone_Robin_Working": "Ëħ´Ƥ щâÃź¹ ĉ¹¨ÐӢ§āº§Ò¹ƽ¡ 2-3 ħ¹ *څ´*",
        "Phone_Robin_Festival": "Ëħ´Ƥ щâÃź¹ ħ¹׉©í¹Ëɂ´§Ò¹ ¢ÍÍĠÂã¹¤ÇÒÁäˑÊÐ´Ç¡! *څ´*",
        "Phone_Robin_Open": "ÊħÊƤ? à˞! ãʺ µÍ¹׉̃Ò¹àŻ´ÍԒ... ˶Òà¸Í˵Í§¡ÒÃÍÐäÃ˕Ðʁ ÁÒʱÍ¹ 5PM ¹Ð! *¡ƃê¡* $h",
        "Phone_Robin_Open_Rare": "ÊħÊƤ? â̍ Ëħ´Ƥ @! *څÁÁÁ*... ȝÁ á»»¹Ð... (àƺÂ§ڝם: чģ¡ Ȥ³Ż´»ÃÐɥä˴ՁÂ ĉ¹¾ÂÒÂÒÁà¨Ã¨ÒȸÃš¨ÍԒ¹Ð)... â·ÉƧ! ãʺ ħ¹׉̃Ò¹àŻ´ǖ§ 5pm á̅Çà¨Íā¹¹Ð! *¡ƃê¡* ",
        "Phone_Robin_Closed": "Ëħ´Ƥ щâÃź¹ àÇÅÒŇÒ¡ÒÃǴÍ 9AM ǖ§ 5PM ˶Ò˵Í§¡ÒÃÍÐäÃʁáÇÐÁÒ¹Ð! *څ´*",
        "Phone_Clint_Open": "Ëħ´Ƥ? â̍Ç ä§ @ ãʺ ħ¹׉ĉ¹àŻ´̃Ò¹ǖ§ 4PM ˉÐ ˝Ò... ä˴àÅÂ ÅÒʱÍ¹ *ÇÒ§ÊÒÂ*",
        "Phone_Clint_Open_Rare": "Ëħ´Ƥ? ãʺ ãʺ ĉ¹àŻ´ǖ§њâÁ§ ˵Í§ä»ÅÐ *ÇÒ§ÊÒÂ*^Ëħ´Ƥ? ̍Í... @... àƺÂ§Ȥ³ğ§à¾ÃÒÐÁÒ¡àÅÂˌÒ¹â·ÃĨ¾· ... à˝Í... âÍà¤ àˢÒã¨ÅÐ ĉ¹àŻ´ǖ§њâÁ§ *¡ÃÐá·¡ÊÒÂ*$4",
        "Phone_Clint_Closed": "ºƃ¡ÒÃàƺÂ§µÍºģºĭµâ¹ġŵ ¢Í§¤ƅ¹· µÍ¹׉ĉ¹äˑ˗Ò§... àÇÅÒŇÒ¡ÒÃ̃Ò¹ǴÍ 9AM - 4PM *څ´*",
        "Phone_Clint_Festival": "ä§ щ¤ƅ¹·¹Ð ħ¹׉ĉ¹Ëɂ´ˉÐ *څ´*",
        "Phone_Clint_Working_OneDay": "ÊħÊƤ... à¤ҳÍ§ȑÍ¢Í§Ȥ³¨Ð¾̃ÍÁã̋ģº¾ӣ§׉¹Ð ¼Á˵Í§¡ĥºä»ŇÒ§Ò¹˕Ð *á¡̳§* *á¡̳§* *á¡̳§*",
        "Phone_Clint_Working": "Ëħ´Ƥ? ˗Òä§? à¤ҳÍ§ȑÍ¢Í§Ȥ³Ģ§˵Í§ŇÒƽ¡ËÅÒÂħ¹àÅÂ ʴÍÂÁÒ¶ÒÁãËˑ¹Ð *ÇÒ§ÊÒÂ*",
        "Phone_HangUp": "(ÇÒ§ÊÒÂ)",
        "Phone_CheckHouseCost": "ÊÍº¶ÒÁÃÒ¤Òĭ¾à¡Ã´˺Ò¹",
        "Phone_CheckBuildingCost": "ÊÍº¶ÒÁÃÒ¤Òĭ¾à¡Ã´ÍÒ¤ÒÃ",
        "Phone_CheckToolCost": "ÊÍº¶ÒÁÃÒ¤Òĭ¾à¡Ã´à¤ҳÍ§ȑÍ",
        "Phone_SelectNumber": "â»Ã´àȕÍ¡ËÁÒÂàÅ¢:",
        "Phone_SelectOption": "â»Ã´àȕÍ¡:",
        "Phone_Gus_Open": "ÊħÊƤ? ä§ @! ãʺá̅Ç... ħ¹׉ÍÒËÒÃ¨Ò¹žàÈÉǴÍ: '{0}'! àÃÒàŻ´ÍԒ¹ÐµÍ¹׉ à¾ÃÒÐԧ¹áÇÐàˢÒÁÒŪÁä˴àÅÂ *¡ƃê¡*",
        "Phone_Gus_Open_Rare": "(Ȥ³ä˴Ƃ¹àƺÂ§«´áÅÐàƺÂ§àִÂÇÁÒ¨Ò¡»ÅÒÂÊÒÂ...)#$b#*à֭¡Κ* ... à˝Í.. â̍Ç! ä§ ÊħÊƤ! ˞Ò˞Ò... â·ÉƧ ĉ¹ıÒĥ§ŪÁÍÒËÒÃ¨Ò¹žàÈÉ¢Í§ħ¹׉ˉÐ ġ¹ǴÍ '{0}'ġ¹ÃÊªÒŵƤàÅÂ˕Ð ãʺ... ãʺ ¾Ç¡àÃÒàŻ´ÍԒ áÇÐÁÒá̅Çā¹˶ÒÍÂÒ¡ŪÁ! *¡ƃê¡*",
        "Phone_Gus_Closed": "ÊħÊƤ щāÊ¨Ò¡ÊµÒΓ´ÃÍ»«Òɵ¹¹Ð µÍ¹׉¾Ç¡àÃÒŻ´ÍԒ á˅ä˴â»Ã´áÇÐÁÒÀÒÂËĥ§˶ÒÍÂÒ¡ÅÍ§ŪÁ ¨Ò¹žàÈÉ»ÃÐĸÒħ¹¢Í§àÃÒ '{0}'! *څ´*",
        "Phone_Gus_Festival": "ÊħÊƤ щāÊ¨Ò¡ÊµÒΓ´ÃÍ»«Òɵ¹¹Ð ħ¹׉̃Ò¹Ż´ŇÒ¡ÒÃ¤ģº *څ´*",
        "Phone_Pierre_Open": "̃Ò¹¢ÒÂ¢Í§ĺÒ¢Í§ŻáÍΓ¤ģº ! â̍ ÊħÊƤ @! ãʺ ħ¹׉¼ÁàŻ´̃Ò¹¨¹ǖ§ 5pm áÇÐÁÒàҮÍ؛ÍàÁʥ´Ȏª áÅÐƊ¹¤ÒÃÒ¤ÒžàÈÉƊ! ÊħÊƤ *¡ƃê¡*",
        "Phone_Pierre_Open_Rare": "Íźà¡Å! ġ¹ËɅ´ÍÍ¡ÁÒƽ¡á̅Ç¹Ð! ÁÒµÃ§׉ *à݋ÂÇ׉* áÅÐàÍÒà˨Òщä»! $3#$b#â̍! à˝Í... ÊħÊƤ¤ģº? ¢ÍºȤ³чâ·ÃÁÒ¹Ð ªÐ...ãʺ¤ģº ̃Ò¹¢Í§àÃÒàŻ´ǖ§ 5PM ÊħÊƤ¤ģº *¡ƃê¡*$4",
        "Phone_Pierre_Closed": "¢ÍºȤ³чâ·ÃËÒ ̃Ò¹¢ÒÂ¢Í§ĺÒ¢Í§ŻáÍΓ ¹Ð¤ģº µÍ¹׉̃Ò¹¢Í§àÃÒŻ´ÍԒ¤ģº á˅àÃÒ¨ÐàŻ´ã¹àÇÅÒ 9AM ǖ§ 5PM á̅Çà¨Íā¹¤ģº! *څ´*",
        "Phone_Pierre_Festival": "¢ÍºȤ³чâ·ÃËÒ ̃Ò¹¢ÒÂ¢Í§ĺÒ¢Í§ŻáÍΓ ¹Ð¤ģº ħ¹׉̃Ò¹¢Í§àÃÒŻ´ àҩÍ§ã¹ħ¹à·È¡ÒÅ¤ģº *څ´*",
        "Phone_CheckSeedStock": "µÃÇ¨ÊÍºÃÒÂ¡ÒÃƊ¹ˤÒ",
        "Phone_Gus_Open_NoDishOfTheDay": "ĮÅâËÅ? ä§ @! ʺÒÂ µÍ¹׉¾Ç¡àÃÒàŻ´ÍԒ Ëħ§˗Ò¨Ðä˴à¨ÍàʣÇæ ׉¹Ð! *¡ƃê¡*$h",
        "Phone_Gus_Closed_NoDishOfTheDay": "ÊħÊƤ щāÊ¨Ò¡ÊµÒΓ´ÃÍ»«Òɵ¹¹Ð µÍ¹׉̃Ò¹àÃÒŻ´ŇÒ¡ÒÃÍԒ ä˴â»Ã´áÇÐÁÒãËˑ ã¹ʺÇ§àчÂ§ħ¹ǖ§àчÂÇǴ¹ ˶ÒÍÂÒ¡š¹ÍÒËÒÃ áÅÐà¤ҳÍ§ҤÁàƅÈÃÊ¢Í§àÃÒ *څ´*",
        "Phone_Marnie_Open": "ÊħÊƤʴÐ? â̍ ÊħÊƤ˨Ð @! ãʺá̅Ç ħ¹׉̃Ò¹¢Í§ĉ¹àŻ´ǖ§ 4:00 PM Ëħ§˗Ò¨Ðä˴à¨Íà¸Í¹Ð! *¡ƃê¡*",
        "Phone_Marnie_Open_Rare": "àÅƇ...? ËÇÐ... Ëħ´Ƥ˨ÒÒÒ! ãʺ˨Ð µÍ¹׉̃Ò¹àŻ´ÍԒ *áˊÐÐÐ* àƺÂ§Թ¹ËÃÍ? â̍ á¾Ð¢Í§ĉ¹àÍ§ʴÐ ˶Ò˵Í§¡ÒÃÍÐäÃʁáÇÐÁÒ¹Ð! *¡ƃê¡* $4",
        "Phone_Marnie_Closed": "ÊħÊƤ чщ¿ÒΓÁ¢Í§ÁÒƩ àÇÅÒŇÒ¡ÒÃ¢Í§чщǴÍ 9AM ǖ§ 4PM ÁÒã¹ʺÇ§Թ¹¹Ð¤Ð *څ´*",
        "Phone_Marnie_ClosedDay": "ÊħÊƤ чщ¿ÒΓÁ¢Í§ÁÒƩ ħ¹׉̃Ò¹Ż´ʴÐ",
        "Phone_CheckAnimalPrices": "µÃÇ¨ÊÍºÃÒ¤Ò»ɈĪµΗ",
        "Phone_Ring_Vincent": "ÊħÊƤ¤ģº?#$b#ȝÁ... à˝Í... щƇ¹à«¹·¤ģº$3#$b#... $3#$b#ȝÁ... ã¹¿ÒΓÁ¢Í§юƱ˹Í§Ëɱ˺Ò§ՁÂ?$h#$b#...$3#$b#âÍà¤ ¼Á˵Í§ä»á̅Ç! *¡ƃê¡* $3",
        "Phone_Ring_RoboCaller": "Ȥ³ä˴Ƃ¹àƺÂ§ӫ¹Â¹΅¨Ò¡»ÅÒÂÊÒÂ # Ƃ¹Ƥ˴ÇÂ. . . Ȥ³ Ʊ ˚Ç¹Å´ ¨Ò¡ â¨˨Ò ÃÍ ÍԒ 10,000g. . . â»Ã´ ˚§ àÅ¢ ĚµÃ à¤ÃŴµ ¢Í§ Ȥ³ ÁÒ ч àÅ¢ч 133 àËȉÍ ¶¹¹ ā¹à¡ÍΓ àȑÍ§ ɛɛ àҮÍ ģº ˚Ç¹Å´ ¢Í§ Ȥ³. . . *¡ƃê¡*",
        "Phone_Ring_Pierre": "àͮ @ щ¼ÁàÍ§¹Ð ŻáÍΓ #$b#Ȥ³àʛ¹Ģ§ä§˺Ò§? Ƥ¹Ð? ι¹àђÂÁàÅÂ#$b#ǴÍ ¼ÁáʴÍÂÒ¡¨ÐºÍ¡˗Ò ¼ÁړǪ¡¢ÍºȤ³ ȸÃš¨¢Í§Ȥ³ÁÒ¡æ áÅÐ¼ÁÍÂÒ¡¨ÐղÒ ã̋Ȥ³ړ˗Ò ̃Ò¹¢ÒÂ¢Í§ĺÒ¢Í§ŻáÍΓ ƱàÁʥ´ȎªáÅÐƊ¹ˤÒч *ƤчɊ´*#$b#¼ÁËħ§˗Ò¨Ðä˴à¨ÍȤ³ã¹̃Ò¹àʣÇæ ׉¹Ð ºÒÂ! *¡ƃê¡* ",
        "Phone_Ring_HatMouse": "Ȥ³ä˴Ƃ¹àƺÂ§ܓ´æ ч»ÅÒÂÊÒÂ: # à̎â˒ Ƥ˨Ò! ͛Á¢ÒÂËÁÇ¡Ƥæ ÁÒ¹Ð àÍÒĕ§ÁÒ˴ÇÂ˕Ð ͛ÁªÍºàËƳÂ­ *¡ƃê¡*",
        "Phone_Ring_Foreign": "ġ¹àʛ¹Ě¹Ǘ¡àƺÂ§ã¹ÀÒÉÒ˅Ò§»ÃÐà·È Ȥ³äˑàˢÒã¨ġ¹àÅÂá́á˅˹ÍÂ",
        "Phone_Ring_Bear": "*ȿ´ſ´* *ȿ´ſ´*$2#$b#HoOoOoOoOoO!$3#$b#... ι¹à˨ÒàÍ§àËÃÍ? #$b# *ĴÒÃÒÁ*... ˢÒĢ§Ʊ «ÍÊƤæ ι¹ÍԒàÅÂÊËÒÂ#$b#ġ¹ã̋ˢÒ Ʊ¤ÇÒÁɊ¢ ÁÒ¡æ ÁÒ¡æ àÅÂ *ˎ¹ÅÁÍÍ¡¨ɱ¡*$1#$b#áʴÍÂÒ¡¢ÍºȤ³ˉÐ... ̪ÒÂºÒÂ¹Ð ÊËÒÂ *¡ƃê¡*",
        "Phone_Ring_Lewis": "à˞ @ #$b#áʴÍÂÒ¡ړˉÐ ˗ÒȤ³áÅÐ¿ÒΓÁ %farm ä»ä˴ƤãʺՁÂ#$b#$y 'àʛ¹Ģ§ä§˺Ò§?_áʸÁ̇ÒÇ! ÍԒчщʁàËȑÍ¹ÍԒ˺Ò¹ι¹áËÅÐ_Ƥã¨чä˴Ƃ¹Í˒Ò§Թ¹¹Ð *ĉ¹˗Òĉ¹ÊÒÁÒÃ¶ ɮ´á·¹ȷ¡¤¹ä˴˗Ò ¾Ç¡àÃÒԷ§ËÁ´Ƥã¨ÁÒ¡ чƱȤ³ÍԒã¹ȪÁª¹á˛§׉*ԋ¢Í§Ȥ³¨Ð˵Í§ɰƁã¨ ã¹Ъ§чȤ³ä˴ŇÒÅ§ä» Է§ËÁ´ι¹áˉæ*àÍÒ˕Ð ¼ÁäˑÃº¡Ç¹Ȥ³á̅Ç ¡ĥºä»ŇÒ§Ò¹à¶ÍÐ ºÒÂ!_ƤÍԒ¹Ð! ¿ÒΓÁ׉ġ¹ à¨ƃ­§Í¡§ÒÁƤÁÒ¡àÅÂ_Ƥã¨чä˴Ƃ¹áººԹ¹¹Ð! *¿ÒΓÁ¢Í§Ȥ³ ¡ÃÐٕ¹àÈÃÉ°š¨˷Í§Ж¹ ä˴àђÂÁÂÍ´ÁÒ¡¨ƃ§æ ѫ§ġ¹àʛ¹¼ÅƤ˅Íȷ¡æ ¤¹ ¾Ç¡àÃÒȷ¡¤¹«Òº׫§ã¨ ã¹§Ò¹чȤ³ӗÁà·ŇÒÁÒ¡¹Ð! *ԋ¢Í§Ȥ³¨Ð˵Í§ɰƁã¨ ã¹Ъ§чȤ³ä˴ŇÒÅ§ä» Է§ËÁ´ι¹áˉæ*àÍÒ˕Ð ¼ÁäˑÃº¡Ç¹Ȥ³á̅Ç ¡ĥºä»ŇÒ§Ò¹à¶ÍÐ ºÒÂ!_äˑʴÍÂƤàˇÒäË˓..._â̍... àƺÂã¨˴ÇÂ¹Ð$s*à˝Í... ¾ÂÒÂÒÁàˢÒ˕Ð ĉ¹ġ¹ã¨˗Ò ȷ¡Í˒Ò§˵Í§Ƥע¹áˉ... *àÍÒ˕Ð ¼ÁäˑÃº¡Ç¹Ȥ³˅Íá̅Çā¹... âÍà¤¹Ð? ä̇¨ÐÁÒȤÂ˴ÇÂãËˑƧËĥ§¹Ð ºÒÂ $s_àÅƇÊ ĉ¹ړ¤ÇÒÁĥº¢Í§¹ÒÂ_ÍÐäÃ? ĉ¹Ť´˗ÒƱ¤¹ĕ´ÊÒÂ¹Ð... ĉ¹äˑä˴Ƃ¹ÍÐäÃàÅÂ àÍÒ˕Ð ԧ¹ÇÒ§á̅Çā¹ ºÒÂ$3'",
        "Phone_Ring_Cursed": "Ȥ³á¹ºɻğ§āºɻ á̅Çʁä˴Ƃ¹àƺÂ§¢Ʌ¡¢ĥ¡ àƺÂ§ʻÒàƺÂ´áˡÇɻ # á˅à݋ÂÇʱÍ¹¹Ð... ¹Í¡¨Ò¡àƺÂ§ι¹ Ȥ³Ģ§ä˴Ƃ¹àƺÂ§ Í˒Ò§ҽ¹àºÒæ ˴ÇÂ... àƺÂ§чɤäˑãʺÁȹÉΒ... # 'à ˨ Ò · Í ´ ֗ § ¾ Ç ¡ à Ã Ò'",
        "Leo_Memory": "à̎... ¼ÁıÒĥ§Ǚ¡ǖ§µÍ¹Թ¹ µÍ¹чĢ§ÍԒº¹à¡ÒÐˉÐ... Ȥ³Ģ§ĸÒä˴ՁÂ?",
        "Leo_Memory_Answer_Yes": "ŇÒã̋ĉ¹Ǚ¡ע¹ÁÒàÅÂáÎÐ",
        "Leo_Memory_Answer_No": "ĉ¹Ӣ§ÍԒ",
        "Leo_Memory_6497423": "µÍ¹чàÃÒɮ´ǖ§˺Ò¹¢Í§Ȥ³ˉÐËÃÍ?",
        "Leo_Memory_6497421": "µÍ¹чàÃÒɮ´ǖ§¾Ç¡¹¡ˉÐËÃÍ?",
        "Leo_Memory_6497428": "µÍ¹ч¼Áĕ´Ɗ¹ã¨¨Ð̂ÒÂˉÐËÃÍ?",
        "PierreStockListDialogue": "â̍ ̇ÒÇ! щġ¹ÃÒÂ¡ÒÃƊ¹ˤÒàʱÒæ ¢Í§¼Áщ! ¼ÁµÒÁËÒà˨Òщ ä»ηÇȷ¡чàÅÂ$h#$b#äË¹ɤū... ãʺá̅Ç! ġ¹Ģ§ÍԒ¤ÃºԷ§ËÁ´àÅÂ#$b#˴ÇÂÃīÊϊ§؛Í¾Ç¡׉ ¼ÁÊÒÁÒÃ¶àОÁƊ¹ˤÒ Í˒Ò§¾Ç¡àÁʥ´Ȏª¢Í§ȷ¡Äɤ àˢÒÁÒã¹¤ĥ§Ɗ¹ˤÒä˴!#$b#¢ÍºȤ³ÁÒ¡¹Ð чàÍÒà˨Òщ¡ĥºÁÒǴ¹¼ÁˉÐ @$h",
        "Phone_Marlon_Open": "щÁÒΓÅÍ¹ɮ´... щà˨ÒŇÒ¢Í§ËÒÂã¹àËȑÍ§ ƽ¡á̅Çԧ¹àÃÍÐ? ãʺ ãʺ... ˢÒƂ¹Ƥ¨Ðä»àʁºÁÒã̋... ˶ÒʴÒµÍºá·¹Ƥ˕Ð¹Ð",
        "Phone_Marlon_AlreadyRecovering": "ÊħÊƤ?... ãʺ ˢÒıÒĥ§¨Ðä» àʁº¢Í§¢Í§à˨ÒǴ¹׉ à˨ÒÊºÒÂã¨ä˴ àƅ¡â·ÃÁÒä˴á̅Ç! *¡ƃê¡*",
        "Phone_Marlon_NoDeathItems": "ÍÐäÃ¹Ð? à˨Òäˑä˴ŇÒÍÐäÃ ËÒÂã¹àËȑÍ§ËÃÍ? ȝÁǮ àËȑÍ¹à˨Ò¨Ðäˑ˵Í§¡ÒÃ ¤ÇÒÁʺÇÂàËȕÍ¢Í§ˢÒ¹Ð ɤáÅĕÇàÍ§˕Ð *¡ƃê¡*"
    }
}
