{
    "header": {
        "target": "w",
        "formatVersion": 5,
        "hidef": true,
        "compressed": 128
    },
    "readers": [
        {
            "type": "Microsoft.Xna.Framework.Content.ListReader`1[[System.String, mscorlib, Version=4.0.0.0, Culture=neutral, PublicKeyToken=b77a5c561934e089]]",
            "version": 0
        },
        {
            "type": "Microsoft.Xna.Framework.Content.StringReader",
            "version": 0
        }
    ],
    "content": [
        "[image] LooseSprites\\\\yellowLettersLogo 0 0 228 26 3",
        "[image] LooseSprites\\\\yellowLettersLogo 0 26 228 26 3",
        "[image] LooseSprites\\\\yellowLettersLogo 0 52 228 26 3",
        "[image] LooseSprites\\\\yellowLettersLogo 0 78 228 26 3",
        "",
        "[3]Stardew Valley ỄÒ§â´Â:",
        "Eric Barone (ConcernedApe)",
        "",
        "[3]Stardew Valley ƧÁĞ²¹ÒàÇÍΓΪ¹ 1.5:",
        "Eric Barone (ConcernedApe)",
        "Arthur Lee (Mr. Podunkian)",
        "",
        "[3]âˤ´àОÁàŵÁ:",
        "Alex Erlandson (zillix)",
        "",
        "[3]ڌàƒÂ¹âˤ´ÃÐººڌà˕¹ËÅÒÂ¤¹:",
        "Tom Coxon",
        "",
        "[3]ڌá»ÅÀÒÉÒ:",
        "Playism",
        "LocalizeDirect",
        "Alessio Messersì (ÀÒÉÒƍµÒƵ)",
        "Junho Won (ÀÒÉÒà¡ÒËƵ)",
        "Not Shalulu (ÀÒÉÒ½σ§àÈÊ)",
        "Gőz Richárd \"TRC\" (ÀÒÉÒĮ§¡ÒƳ)",
        "Hüseyin Serhat Çavunt (ÀÒÉÒȵÃƑ)",
        "Salih Emircan Ayyıldız (ÀÒÉÒȵÃƑ)",
        "Hilmi Furkan Yaşık (ÀÒÉÒȵÃƑ)",
        "Daniel Ruiz \"TheBrightKing\" (ÀÒÉÒÊà»¹)",
        "Alexander Preymak (ÀÒÉÒģÊàƛÂ)",
        "Arina Bedrina (ÀÒÉÒģÊàƛÂ)",
        "Alessandro Raffaele-Addamo (ÀÒÉÒàÂÍÃġ¹)",
        "Vinícius de Medeiros Miguel (ÀÒÉÒâ»Ãȵà¡Ê)",
        "Steven Sun (ÀÒÉÒƘ¹áºº˒Í)",
        "Yun Wei (ÀÒÉÒƘ¹áºº˒Í)",
        "Kust (ÀÒÉÒƘ¹áºº˒Í)",
        "Listera (ÀÒÉÒƘ¹áºº˒Í)",
        "",
        "[3]ڌĈ´¡ÒÃ¡ÒÃá»Å:",
        "Matt Griffin",
        "",
        "[3]Mac, Linux, Xbox One, \"PlayStation 4\", \"PS Vita\" áÅÐ Nintendo Switch ¾ÍΓ·â´Â:",
        "Sickhead Games",
        "",
        "[3]¾ÍΓ·Å§ȑÍȆÍâ´Â:",
        "The Secret Police",
        "",
        "[3]ڌàˢÒÃīÊ¡ÒÃà˕¹ËÅÒÂË˹Ò¨Í:",
        "Chase Warrington",
        "",
        "[3]µÃÇ¨ÊÍºȤ³ÀÒ¾¢Í§àÇÍΓΪ¹¤Í¹â«Åâ´Â:",
        "GlobalStep",
        "",
        "[3]Ĉ´¡ÒÃ¢ÒÂã¹̃Ò¹ˤÒ»Ƶ¡â´Â:",
        "505 Games",
        "Fangamer",
        "",
        "[3]µÃÇ¨ÊÍº¡ÒÃ¢ÒÂã¹̃Ò¹ˤÒ»Ƶ¡â´Â:",
        "Pipeworks Studio",
        "",
        "[image] LooseSprites\\\\Cursors 540 333 13 13 4 4",
        "[3]àʧºä«΅",
        "[link] https://www.stardewvalley.net Official Website",
        "[link] https://forums.stardewvalley.net Official Forums",
        "[link] https://www.twitter.com/ConcernedApe ConcernedApe's Twitter",
        "[link] https://www.reddit.com/r/StardewValley Stardew Valley Subreddit",
        "",
        "[image] LooseSprites\\\\Cursors 592 333 13 13 4 4",
        "",
        "[1]¢ÍºȤ³чà˕¹à¡Á Stardew Valley <"
    ]
}
