{
    "header": {
        "target": "w",
        "formatVersion": 5,
        "hidef": true,
        "compressed": 128
    },
    "readers": [
        {
            "type": "Microsoft.Xna.Framework.Content.DictionaryReader`2[[System.String, mscorlib, Version=4.0.0.0, Culture=neutral, PublicKeyToken=b77a5c561934e089],[System.String, mscorlib, Version=4.0.0.0, Culture=neutral, PublicKeyToken=b77a5c561934e089]]",
            "version": 0
        },
        {
            "type": "Microsoft.Xna.Framework.Content.StringReader",
            "version": 0
        }
    ],
    "content": {
        "Starburst": "ÃÐàºÔ´´Ç§´ÒÃÒ (Starburst)",
        "Artful": "ÅÙ¡àÅè¹á¾ÃÇ¾ÃÒÇ (Artful)",
        "Haymaker": "¹Ñ¡·Ó¿Ò§ (Haymaker)",
        "Bug Killer": "¹Ñ¡ÊÑ§ËÒÃáÁÅ§ (Bug Killer)",
        "Vampiric": "¨ÍÁ´Ù´àÅ×Í´ (Vampiric)",
        "Crusader": "¹Ñ¡Ãº¤ÃÙàÊ´ (Crusader)",
        "Powerful": "·Ã§¾ÅÑ§ (Powerful)",
        "Efficient": "äÁè¡Ô¹áÃ§ (Efficient)",
        "Swift": "©ÑºäÇ (Swift)",
        "Expansive": "àËÇÕèÂ§ä¡Å (Reaching)",
        "Bottomless": "¡é¹äÃéËÂÑè§ (Bottomless)",
        "Shaving": "¹Ñ¡äÊäÁé (Shaving)",
        "Archaeologist": "¹Ñ¡âºÃÒ³¤´Õ (Archaeologist)",
        "Generous": "¢Í§ÊÍ§à·èÒ (Generous)",
        "Master": "»ÃÁÒ¨ÒÃÂì (Master)",
        "Auto-Hook": "µÔ´àºç´·Ø¡µÑÇ (Auto-Hook)",
        "Preserving": "·Ð¹Ø¶¹ÍÁ (Preserving)"
    }
}