{
    "header": {
        "target": "w",
        "formatVersion": 5,
        "hidef": true,
        "compressed": 128
    },
    "readers": [
        {
            "type": "Microsoft.Xna.Framework.Content.DictionaryReader`2[[System.String, mscorlib, Version=4.0.0.0, Culture=neutral, PublicKeyToken=b77a5c561934e089],[System.String, mscorlib, Version=4.0.0.0, Culture=neutral, PublicKeyToken=b77a5c561934e089]]",
            "version": 0
        },
        {
            "type": "Microsoft.Xna.Framework.Content.StringReader",
            "version": 0
        }
    ],
    "content": {
        "AdventureGuild_KillList_Header": "------------------------------\n\t\t\t --à˻ÒËÁÒÂ ıÒĈ´ÁÍ¹ÊàµÍΓ--\n             \"àҮÍ»¡˻Í§ɋºà¢Ò ã̋»ÅÍ´ĠÂ.\"\n------------------------------",
        "AdventureGuild_KillList_LineFormat": "{0}/{1} {2}",
        "AdventureGuild_KillList_LineFormat_None": "{0}/{1} ????",
        "AdventureGuild_KillList_LineFormat_OverTarget": "{0} {2} *",
        "AdventureGuild_KillList_Slimes": "ÊäÅΑ",
        "AdventureGuild_KillList_VoidSpirits": "Ƈ­­Ò³·ƁÌ",
        "AdventureGuild_KillList_Bats": "ˤÒ§¤ÒÇ",
        "AdventureGuild_KillList_Skeletons": "â¤Ã§¡ÃÐɤ¡",
        "AdventureGuild_KillList_CaveInsects": "áÁÅ§ã¹զÒ",
        "AdventureGuild_KillList_Duggies": "݀¡ֱ",
        "AdventureGuild_KillList_DustSprites": "ɰµӝ¹¼§",
        "AdventureGuild_KillList_RockCrabs": "ɫƋ¹",
        "AdventureGuild_KillList_Mummies": "ġÁё",
        "AdventureGuild_KillList_PepperRex": "à¾¾à¾ÍΓ àÃ¡ͻ",
        "AdventureGuild_KillList_Serpent": "ɗžÉ",
        "AdventureGuild_KillList_Footer": "\n  -ä»¾ºšÅàҮÍȒ¹Ģ¹Ɗ·ڸ ģºÃÒ§ħÅ¢Í§Ȥ³",
        "AnimalHouse_Incubator_RemoveEgg_Question": "áˉã¨ËȓÍà»˕Ò˗Ò¨ÐàÍÒäʲÍÍ¡?",
        "AnimalHouse_Incubator_Hatch_VoidEgg": "ɵ¡àܓÂºĕÇãËˑ.... ġ¹ɤá»Å¡æ ¹Ð",
        "AnimalHouse_Incubator_Hatch_RegularEgg": "ã¹чɊ´ ɵ¡àܓÂº˹ÍÂʁğ¡ÍÍ¡ÁÒá̅Ç!",
        "AnimalHouse_Incubator_Hatch_DuckEgg": "ã¹чɊ´ ɵ¡àʛ´˹ÍÂʁğ¡ÍÍ¡ÁÒá̅Ç!",
        "AnimalHouse_Incubator_Hatch_DinosaurEgg": "ɵ¡....Ё§ʱÒ˹ÍÂ?...ğ¡á̅Ç",
        "BeachNightMarket_Closed": "àŻ´àÇÅÒ 5 âÁ§àʢ¹",
        "BeachNightMarket_SubmarineInUse": "àȓÍńÒթÒıÒĥ§ɦ¡ã˪§Ò¹ â»Ã´¡ĥºÁÒÀÒÂËĥ§",
        "BeachNightMarket_GiftGiverClosed": "áˑˤÒ: µÅÒ´¡ÅÒ§Ǵ¹àУÁ 5 âÁ§àʢ¹... áÇÐÁÒҤÁ¡Òá¿¿Ƴä˴¹Ð̘Ð! ",
        "BeachNightMarket_GiftGiverQuestion": "áˑˤÒ: ä§! Ê¹ã¨¡Òá¿Ī¡áˡÇäËÁ̘Ð?",
        "BeachNightMarket_GiftGiverEnjoy": "áˑˤÒ: ȝÁÁ...¡Х¹ËÍÁã˪ä˴àÅÂãʺäËÁ̘Ð?",
        "BeachNightMarket_PainterClosed": "ŨµÃ¡ÃҚÍĔ§ɵžщ: ¡ĥºÁÒµÍ¹µÅÒ´àŻ´ ˶ÒȤ³Ê¹ã¨؛Í֊¹§Ò¹ ч§´§ÒÁ¢Í§ĉ¹",
        "BeachNightMarket_PainterQuestion": "ŨµÃ¡ÃҚÍĔ§ɵžщ: ĉ¹¢ÒÂÀÒ¾׉àƮÂ§ 1200g àˇÒԹ¹ Ê¹ã¨ՁÂ?",
        "BeachNightMarket_PainterSold": "ŨµÃ¡ÃҚÍĔ§ɵžщ: ¢Íâ·É˴ÇÂ¹Ð... ħ¹׉ĉ¹äˑƱÀÒ¾ ч¨Ð¢ÒÂàËȕÍá̅Ç",
        "BeachNightMarket_WarperQuestion": "˓Ò§ã¹˼ÒĞ¹ĕÇ: ĉ¹ÊÒÁÒÃ¶˚§Ȥ³¡ĥº˺Ò¹ä˴ áʴʸÒÂ 250g",
        "Beach_FixBridge_Question": "ã˪ä́ 300 ֊¹ àҮÍʻÍÁÊÐ¾Ò¹ËȓÍäˑ?",
        "Beach_FixBridge_Hint": "ȝÁÁ... ˶Òã˪ä́»ÃÐÁÒ³ 300 ֊¹ˉÒ¨ÐʻÍÁÊÐ¾Ò¹щä˴¹Ð",
        "Beach_GoneFishingMessage": "    ä»µ¡»ÅÒ\n\n   ĉ¹¨Ð¡ĥº¾ӣ§׉",
        "Beach_Mariner_Player_Male": "ˎÍËәÁ",
        "Beach_Mariner_Player_Female": "áˑÊÒÇ˹ÍÂ",
        "Beach_Mariner_PlayerMarried": "ªÒÇ»ÃÐÁ§à˂Ò: Ƥã¨чà¤ҳÍ§ÃÒ§ι¹Ʊ»ÃÐâÂªΉāºà˨Ò¹Ð {0} ",
        "Beach_Mariner_PlayerHasItem": "ªÒÇ»ÃÐÁ§à˂Ò: Í˒ÒġÇá˅ÍÒÂàÅÂ àÍÒà¤ҳÍ§ÃÒ§ι¹ä»áÊ´§ ã̋¤¹чà˨Ò»ÃÒÃ¶¹Ò ¨Ðá˅§§Ò¹˴ÇÂɤàŶ´",
        "Beach_Mariner_PlayerNotUpgradedHouse": "ªÒÇ»ÃÐÁ§à˂Ò: ˢÒÊÒÁÒÃ¶àʫ¹»ÃÐ¡ÒÂ ã¹ęÂΉµÒ¢Í§à˨Ò {0} à˨ÒÍԒǥ¡àËȕÍàš¹ã¹Àħ§ʹá˛§ģ¡ á˅ˢÒà¡Ã§˗Ò ˺Ò¹¢Í§à˨Ò¨ÐãËʽäˑ¾Í ˺Ò¹Ëĥ§ãËʽàʛ¹Ъ§ŚÒĄ­ ч¨Ðã̋à˨ÒƱƚƇµá˅§§Ò¹ чƱ¤ÇÒÁɊ¢",
        "Beach_Mariner_PlayerBuyItem_Question": "ªÒÇ»ÃÐÁ§à˂Ò: ˝ÒΛ ˢÒÊÒÁÒÃ¶ÁÍ§àʫ¹ ã¹ęÂΉµÒà˨Ò... ƱºÒ§¤¹чžàÈÉ ã¹ã¨à˨Òá̅ÇƊ¹Ð ʺÒ§Ě§àƍ­ ˢÒƱ 'ỄÍÂ¤Í¹Ò§àǷÍ¡ (Mermaid's Pendant)' ¢ÒÂ ŉÒä»ÁÍºã̋¤¹žàÈÉƊ ¤¹æԹ¹¨ÐړàÍ§˗Ò à˨ÒËÁÒÂ¤ÇÒÁ˗ÒÍÐäÃ",
        "Beach_Mariner_PlayerBuyItem_AnswerYes": "؛Í (5000g)",
        "Beach_Mariner_PlayerBuyItem_AnswerNo": "äˑãʺµÍ¹׉...",
        "Beach_Mariner_PlayerNoRelationship": "ªÒÇ»ÃÐÁ§à˂Ò: ˢÒƱà¤ҳÍ§ÃÒ§àʱÒáʱ¢ÒÂ... á˅ºÒ§Ъ§ºÍ¡ˢÒ˗Ò à˨ÒĢ§äˑ¾̃ÍÁŚÒËģºġ¹ {0}",
        "BuildableLocation_CantUpgrade_SomeoneInside": "äˑÊÒÁÒÃ¶ĭ¾à¡Ã´ä˴ ã¹¢³ÐчƱã¤ÃºÒ§¤¹ÍԒˢÒ§ã¹",
        "BuildableLocation_CantUpgrade_IncorrectBuildingType": "»ÃÐàÀ·Ъ§»ɵ¡ỄÒ§äˑɦ¡˵Í§",
        "MineCart_Destination_Mines": "àËȑÍ§á˓",
        "MineCart_Destination_Town": "àȑÍ§",
        "MineCart_Destination_BusStop": "˻ÒÂÃ¶ĚÊ",
        "MineCart_Destination_Quarry": "àËȑÍ§Ƌ¹",
        "MineCart_Destination_Cancel": "Â¡àƅ¡",
        "MineCart_ChooseDestination": "àȕÍ¡»ÅÒÂ·Ò§:",
        "MineCart_OutOfOrder": "ĺÒɃ´",
        "BusStop_BuyTicketToDesert": "؛ÍݘÇä»·ÐàÅ·ÃÒÂ¤Òƅâˡã¹ÃÒ¤Ò 500g?",
        "BusStop_DesertOutOfService": "Ã¶ĚÊä»Ģ§·ÐàÅ·ÃÒÂ¤Òƅâˡ Ģ§äˑàŻ´ã̋ºƃ¡ÒÃ",
        "BusStop_NotEnoughMoneyForTicket": "Ȥ³äˑƱàŧ¹àƮÂ§¾Í",
        "BusStop_NoDriver": "â»Ã´¡ĥºÁÒƽ¡¤Ճ§ àұÍ¤¹ĂºÃ¶ĚÊÁÒá̅Ç",
        "BusStop_ReturnToHorse1": "{0} ¡ÓÅÑ§Ê§ÊÑÂÇèÒ¤Ø³ä»ÍÂÙè·ÕèäË¹ÁÒ",
        "BusStop_ReturnToHorse2": "ÁéÒ·Õè«×èÍÊÑµÂì¢Í§¤Ø³ ¡ÓÅÑ§ÃÍ¤Ø³¡ÅÑºÁÒËÒÍÂèÒ§Í´·¹",
        "Club_Bouncer_TextAboveHead1": "µÍ¹׉ĉ¹â¡Ã¸á̅Ç¹Ð!",
        "Club_Bouncer_TextAboveHead2": "ä̍Ëɩ¨ÍÁáÊº...",
        "CommunityCenter_AreaCompletion1": "àÃÒ¤×ÍàËÅèÒ¨Ù¹ÔâÁè... ¼Ùé¾Ô·Ñ¡Éì»èÒáËè§¹Õé",
        "CommunityCenter_AreaCompletion2": "ºéÒ¹ËÅÑ§¹ÕéÇèÒ§à»ÅèÒ ÁÒ¹Ò¹ËÅÒÂ»ÕáÅéÇ... àËÅèÒµé¹äÁéÂéÒÂà¢éÒÁÒÍÒÈÑÂ áÅÐ¾Ç¡àÃÒ¡çàªè¹¡Ñ¹",
        "CommunityCenter_AreaCompletion3": "¾Ç¡àÃÒÁÕ¤ÇÒÁÊØ¢ ·Õèä´éªèÇÂàËÅ×Í... ÍÂèÒ§äÃÁÑ¹¡çäÁèãªèºéÒ¹¢Í§àÃÒ",
        "CommunityCenter_AreaCompletion4": "ºÑ¹à´ÔéÅÂÍ´àÂÕèÂÁ àµçÁä»ËÁ´àÅÂ... ¢Íº¤Ø³! ¢Íº¤Ø³!",
        "CommunityCenter_AreaCompletion5": "àÁ×èÍ¾Ç¡àÃÒËÁ´¸ØÃÐ·Õè¹ÕèáÅéÇ àÃÒ¡ç¨Ð¡ÅÑºä»ÂÑ§âÅ¡Í×è¹",
        "CommunityCenter_AreaCompletion6": "ºÑ¹à´ÔÅÍÑ¹ÊØ´·éÒÂ... ÅÒ¡èÍ¹... {0}",
        "CommunityCenter_AreaRestored": "{0} ä´éÃÑº¡ÒÃºÙÃ³ÐáÅéÇ!",
        "CommunityCenter_JunimosReturned": "àËÅèÒ¨Ù¹ÔâÁèä´é¡ÅÑº ÊÙèâÅ¡áËè§ÀÙµáÅéÇ",
        "CommunityCenter_AreaName_BoilerRoom": "̋Í§ËÅÍÁ",
        "CommunityCenter_AreaName_BulletinBoard": "¡ÃÐ´Ò¹ʲÒÇ",
        "CommunityCenter_AreaName_CraftsRoom": "̋Í§§Ò¹ƭȑÍ",
        "CommunityCenter_AreaName_FishTank": "څ»ÅÒ",
        "CommunityCenter_AreaName_Pantry": "â¡Ĕ§",
        "CommunityCenter_AreaName_Vault": "څŹÃĠÂ",
        "CommunityCenter_AreaName_AbandonedJojaMart": "̃Ò¹â¨˨Òчɦ¡֗§̃Ò§",
        "Desert_Return_Question": "¡ĥºä»Ģ§ÊµÒΓŴÇáÇÅѕ?",
        "Desert_Return_Yes": "¡ĥºàÅÂ",
        "Desert_Return_No": "Ģ§ʱÍ¹",
        "Farm_1SlimeEscaped": "ÊäÅΑĕÇËѹ§àʥ´ÃÍ´ ä»ã¹àÇÅÒ¡ÅÒ§Ǵ¹",
        "Farm_NSlimesEscaped": "àË˕ÒÊäÅΑ {0} ĕÇ ËƩä»ã¹àÇÅÒ¡ÅÒ§Ǵ¹",
        "Farm_GrandpaNote": "{0}-\n\n¨§ÃÍ¡ÒÃ¡ĥºÁÒ¢Í§ԋ ã¹ӣ§ÍɃ³¢Í§ƫчÊÒÁ\n\n-Ȥ³ԋ",
        "Farm_GrandpaShrine_PlaceDiamond": "Ȥ³ÇÒ§à¾ªÃ (Diamond) ä̇º¹ɊÊÒ¹Ȥ³ԋ",
        "Farm_GrandpaShrine_DiamondSlot": "ƱʺÍ§ɳ»à¾ªÃ ÍԒã¹ɊÊÒ¹... ġ¹ÍԒµÃ§Թ¹ÁÒàÊÁÍàÅÂËȓÍ?",
        "FarmHouse_SpouseAttacked1": "ÍÐäÃˉÐ...?",
        "FarmHouse_SpouseAttacked2": "̍Ò!!",
        "FarmHouse_SpouseAttacked3": "&@#$!!",
        "FarmHouse_SpouseAttacked4": "ކÂµÒÂ!",
        "FarmHouse_SpouseAttacked5": "µÒÂ«Ð!",
        "FarmHouse_SpouseAttacked6": "ÍÍ¡ä»!",
        "FarmHouse_SpouseAttacked7": "ƾ!",
        "FarmHouse_SpouseAttacked8": "ģºä»«Ð!",
        "FarmHouse_SpouseAttacked9": "ʺÇÂ˴ÇÂ!",
        "FarmHouse_SpouseAttacked10": "ä»àÍÒ´ÒºÁÒ!",
        "FarmHouse_SpouseAttacked11": "̽Ò¡!",
        "FarmHouse_SpouseAttacked12": "¡Ò««!",
        "Forest_WizardTower_Locked": "ġ¹ʥÍ¤ÍԒ á˅Ȥ³ä˴Ƃ¹àƺÂ§ã¤ÃºÒ§¤¹ˢÒ§ã¹",
        "Forest_OpenedSewer": "Ȥ³»Å´ʥÍ¤ˇÍÃÐºÒÂթÒ ˴ÇÂȡ­á¨ÊŹÁà¢ÃÍÐ (Rusty Key)!",
        "Forest_HatMouseStore_Abandoned": "ɤàËȑÍ¹¨Ðɦ¡֗§̃Ò§...",
        "Desert_BusArrived": "àÍÒ˕Ð àʔ¡˹ÍÂ ¡ĥºÁÒע¹Ã¶ĚÊàұÍà¸Í ¾̃ÍÁ¨Ð¡ĥº˺Ò¹¹Ð",
        "Bus_NoDriver": "Ȥ³¨Ð˵Í§ÃÍ¨¹¡˗Òá¾ÁÁÒĂºÃ¶ĚÊ",
        "DoorUnlock_NotFriend_Male": "Ȥ³Ģ§äˑÊŹ·āº {0} ÁÒ¡¾Íч¨ÐàˢÒä» ã¹̋Í§¹Í¹¢Í§à¢Ò",
        "DoorUnlock_NotFriend_Female": "Ȥ³äˑÊŹ·āº {0} ÁÒ¡¾Íч¨ÐàˢÒä» ã¹̋Í§¹Í¹¢Í§à¸Í",
        "DoorUnlock_NotFriend_Couple": "Ȥ³äˑÊŹ·āº {0} áÅÐ {1} ÁÒ¡¾Íч¨ÐàˢÒä» ã¹̋Í§¹Í¹¢Í§¾Ç¡à¢Ò",
        "FarmHouse_Bed_GoToSleep": "àˢÒ¹Í¹àÅÂãʺՁÂǴ¹׉?",
        "MensLocker_WrongGender": "ι¹àʛ¹̋Í§à»ѕÂ¹àغÍ˼ÒڌªÒÂ... Ȥ³àˢÒä»äˑä˴¹Ð!",
        "WomensLocker_WrongGender": "ι¹àʛ¹̋Í§à»ѕÂ¹àغÍ˼ÒڌËŭ§... Ȥ³àˢÒä»äˑä˴¹Ð!",
        "Saloon_ColaMachine_Question": "؛ÍթÒâ¨˨Òâ¤˕Ò (Joja Cola) ã¹ÃÒ¤Ò 75g?",
        "IceCreamStand_ComeBackLater": "¡ĥºÁÒãËˑ¹ÐàұÍƱ¤¹ÁÒŇÒ§Ò¹",
        "IceCreamStand_NotSummer": "Ż´¨¹¡˗Ò¨Ðǖ§Äɤ̃Í¹",
        "WizardTower_WizardShrine": "           ÈÒÅà˨Òá˛§ÀÒ¾ÅÇ§µÒ  \nàʻ¹ 500g àҮÍà»ѕÂ¹ɳ»ĥ¡É΃¢Í§Ȥ³?",
        "SeedShop_BuyBackpack_Response2000": "؛Í (2,000g)",
        "SeedShop_BuyBackpack_Response10000": "؛Í (10,000g)",
        "SeedShop_BuyBackpack_ResponseNo": "äˑãʺµÍ¹׉",
        "SeedShop_BuyBackpack_Question24": "ĭ¾à¡Ã´¡ÃÐà͛Ò -- 24 ʺÍ§",
        "SeedShop_BuyBackpack_Question36": "ĭ¾à¡Ã´¡ÃÐà͛Ò -- 36 ʺÍ§",
        "Club_Buy100Coins": "؛Í 100 Qi Coins ã¹ÃÒ¤Ò 1,000g?",
        "Desert_SandDragon_Initial": "¡ÃÐà¾ÒÐġ¹¡ÃÐËÒÂ ´Ç§ÍÒŷµΒá˛§·ÐàÅ·ÃÒÂ á́ã¹¤ÇÒÁµÒÂ ġ¹ʁ»ÃÒÃ¶¹Ò¨Ð֥ÁÅÍ§",
        "Desert_SandDragon_ConsumeEssence": "Ȥ³ÇÒ§áÊ§Ƈ­­Ò³ (essence) Å§ã¹¡ÃÐà¾ÒÐġ§¡Ã ė¹ã´Թ¹àÍ§Ȥ³ʁĪ§à¡µàʫ¹ â̩µчɦ¡ʻÍ¹ÀÒÂã¹à˺ÒµÒ:",
        "Desert_SandDragon_MrQiNote": "'Ȥ³ä˴žɺ¨ΉĕÇàÍ§á̅Ç àʔ¡˹ÍÂ ä»µÃÇ¨ÊÍº¡Í§ȏ¹ чÍԒˢÒ§˺Ò¹¢Í§Ȥ³ɤƊ -Mr. Qi'",
        "Railroad_Box_Initial": "ġ¹àʛ¹¡˕Í§à»˕Ò",
        "Railroad_Box_ConsumeShell": "Ȥ³âÂ¹à»ȕÍ¡ËÍÂÅ§ä»ã¹¡˕Í§ ė¹ã´Թ¹ â̩µʁ˓Ç§Å§ÁÒ¨Ò¡¤Ò¹ՔÒËĥ§¤Ò:",
        "Railroad_Box_MrQiNote": "'àђÂÁÁÒ¡ §Ò¹˅Íä»¢Í§Ȥ³: ã˚ƪ· (beets) 10 ¼Å ã¹څàʢ¹ˇÒ¹¹ÒÂ¡à·ÈÁ¹µƳ -Mr. Qi'",
        "ManorHouse_LedgerBook_Singleplayer": "ÊɁ´Ě­ƚáÂ¡»ÃÐàÀ· ¢Í§àȑÍ§à¾ƅá¡¹... ɤàËȑÍ¹˗Ò ˇÒ¹¹ÒÂ¡à·ÈÁ¹µƳ ¨Ðã˪Ëę§ȚÍ׉àҮÍĚ¹Ǘ¡ àҳÍ§¡ÒÃàŧ¹¢Í§àȑÍ§¹Ð",
        "ManorHouse_LedgerBook_NoFarmhands": "ËÒ¡ÅÙ¡Á×Í¢Í§¤Ø³ à¢éÒÃèÇÁã¹¿ÒÃìÁ¢Í§¤Ø³ ¤Ø³ÊÒÁÒÃ¶âÍ¹à§Ô¹ãËé¾Ç¡à¢Òä´é",
        "ManorHouse_LedgerBook_SharedWallets_Client": "ÊÁØ´ºÑ­ªÕáÂ¡»ÃÐàÀ· ¢Í§àÁ×Í§à¾ÅÔá¡¹... à¨éÒ¢Í§¿ÒÃìÁÊÒÁÒÃ¶ ÃéÍ§¢ÍãËé·èÒ¹¹ÒÂ¡à·ÈÁ¹µÃÕ áºè§áÂ¡à§Ô¹·Ø¹ãËé¡Ñº ÅÙ¡Á×Íã¹¿ÒÃìÁä´é",
        "ManorHouse_LedgerBook_SharedWallets_SeparateQuestion": "˵Í§¡ÒÃáˊ§àŧ¹ȷ¹ ã̋āºªÒÇÊÇ¹á˅ÅÐ¤¹ԧ¹ËȓÍ? ã¹Ǵ¹׉ àŧ¹ȷ¹¨Ðɦ¡áˊ§ã̋ á˅ÅÐ¤¹àˇÒæā¹ ˶ÒËÒ¡Ȥ³àš´à»ѕÂ¹ã¨ע¹ÁÒ˕Ðʁ ¨§¡ĥºÁÒч׉ʱÍ¹ËÁ´Ǵ¹׉˕Ð",
        "ManorHouse_LedgerBook_SharedWallets_CancelQuestion": "Â¡àÅÔ¡¡ÒÃáºè§à§Ô¹·Ø¹?",
        "ManorHouse_LedgerBook_SeparateWallets_HostQuestion": "ÁÑ¹¤×ÍÊÁØ´ºÑ­ªÕáÂ¡»ÃÐàÀ· ¢Í§·èÒ¹¹ÒÂ¡à·ÈÁ¹µÃÕ ¤Ø³ÍÂÒ¡·ÓÍÐäÃ?",
        "ManorHouse_LedgerBook_SendMoney": "Êè§à§Ô¹",
        "ManorHouse_LedgerBook_MergeWallets": "ÃÇÁà§Ô¹",
        "ManorHouse_LedgerBook_CancelMerge": "Â¡àÅÔ¡¡ÒÃãªéà§Ô¹·Ø¹ÃèÇÁ¡Ñ¹",
        "ManorHouse_LedgerBook_Leave": "ÍÍ¡",
        "ManorHouse_LedgerBook_TransferCancel": "Â¡àÅÔ¡",
        "ManorHouse_LedgerBook_SeparateWallets_MergeQuestion": "µéÍ§¡ÒÃÃÇÁà§Ô¹·Ø¡¢Í§·Ø¡¤¹§Ñé¹ËÃ×Í? ã¹¤×¹¹Õé à§Ô¹¢Í§·Ø¡æ¤¹¨Ð¶Ù¡ÃÇÁà¢éÒ´éÇÂ¡Ñ¹ ¶éÒËÒ¡¤Ø³à¡Ô´à»ÅÕèÂ¹ã¨¢Öé¹ÁÒÅèÐ¡ç ãËé¡ÅÑºÁÒ·Õè¹Õé¡èÍ¹ËÁ´¤×¹¹Õé",
        "ManorHouse_LedgerBook_SeparateWallets_CancelQuestion": "Â¡àÅÔ¡¡ÒÃÃÇÁà§Ô¹·Ø¹?",
        "ManorHouse_LedgerBook_SeparateWallets_TransferQuestion": "¤Ø³µéÍ§¡ÒÃ·Õè¨ÐÊè§à§Ô¹ãËéã¤Ã?",
        "ManorHouse_LedgerBook_SeparateWallets_HowMuchQuestion": "¤Ø³µéÍ§¡ÒÃ·Õè¨ÐÊè§à§Ô¹¨Ó¹Ç¹à·èÒã´?",
        "ManorHouse_DivorceBook_NoSpouse": "Ě¹Ǘ¡¡ÒÃá˅§§Ò¹ªÒÇàȑÍ§à¾ƅá¡¹... Ëĥ§á˅§§Ò¹ Ȥ³ÊÒÁÒÃ¶Ҳ¹àҳÍ§¢ÍË˒Òä˴чщ Ëħ§˗Òġ¹¤§äˑĸÒàʛ¹ËÃÍ¡¹Ð!",
        "ManorHouse_DivorceBook_Question": "Ҳ¹àҳÍ§¢ÍË˒Òԧ¹ËȓÍ? ƱʴÒã˪ʸÒÂ 50,000g ¹Ð",
        "ManorHouse_DivorceBook_CancelQuestion": "Â¡àƅ¡¡ÒÃË˒Ò?",
        "ManorHouse_DivorceBook_Cancelled": "ĴÒ¢Í¡ÒÃË˒Ò¢Í§Ȥ³ɦ¡Â¡àƅ¡",
        "ManorHouse_DivorceBook_Filed": "Ҳ¹àÍ¡ÊÒÃ¡ÒÃË˒Ò¢Í§Ȥ³àƳÂº̃ÍÂá̅Ç á˅ӴÊÁÃÊ¢Í§Ȥ³ ¨ÐĢ§äˑ·ÃÒº¨¹¡˗Ò ¨Ðǖ§¾ӣ§׉à˪Ò ˶ÒȤ³à»ѕÂ¹ã¨ ¡ĥºÁÒчщʱÍ¹ËÁ´Ǵ¹׉",
        "ManorHouse_MayorFridge_Initial": "щàʛ¹څàʢ¹ ¢Í§¹ÒÂ¡à·ÈÁ¹µƳ ˚Ç¹ãËʽàʕÁä»˴ÇÂ ¹ÁáÅÐªÒàʢ¹",
        "ManorHouse_MayorFridge_ConsumeBeets": "Ȥ³ÇÒ§ƪ· (beets) ã¹څàʢ¹Í˒Ò§ÃÇ´àʣÇ à݋ÂÇ¹Ð...Ʊâ˹µŵ´ÍԒāº¹Á˴ÇÂ ġ¹ʸÒË˹Òǖ§Ȥ³:",
        "ManorHouse_MayorFridge_MrQiNote": "'àђÂÁÁÒ¡àʔ¡˹ÍÂ §Ò¹Ɋ´˷ÒÂ¢Í§Ȥ³: ¨§ã̋ÍÒËÒÃرÍɊ´˷ÒÂáʱġ§¡Ã·ÃÒÂ -Mr. Qi'",
        "Tunnel_TunnelSafe_Initial": "àʛ¹¡˕Í§ã˚ÃīÊ чĂºà¤ҵÍ¹˴ÇÂáºµàµÍѓ á˅ˉÒàƺÂ´ÒÂ чäˑƱáºµàµÍѓÍԒˢÒ§ã¹",
        "Tunnel_TunnelSafe_ConsumeBattery": "ġ¹ä˴¼Å! ½Ò¡˕Í§ã˚ÃīÊ¡ÃÐà˴§àŻ´ÍÍ¡ ÀÒÂã¹Ʊâ˹µÍԒ:",
        "Tunnel_TunnelSafe_MrQiNote": "'§Ò¹áÃ¡¢Í§Ȥ³: ŉÒà»ȕÍ¡ËÍÂƺ٣§ (rainbow shell) ä»ÇÒ§ä̇ã¹¡˕Í§ чÍԒº¹ªÒ¹ªÒÅÒÃ¶ä¿ -Mr. Qi'",
        "SkullCave_SkullDoor_Locked": "»ÃÐɥɦ¡ʥÍ¤",
        "SkullCave_SkullDoor_Unlock": "Ȥ³ã˚ȡ­á¨īÇ¡ÃÐâËÅ¡ (skull key) Å§ã¹ɳȡ­á¨ ġ¹¾ÍƤàÅÂ!",
        "FarmHouse_Crib_NewbornSleeping": "{0} ıÒĥ§¹Í¹",
        "Farm_GreenhouseRuins": "äˑ˗Òчщ¨Ðà¤Âàʛ¹ÍÐäÃ µÍ¹׉ġ¹ÍԒã¹ÊÀÒ¾ «Ò¡»ģ¡ī¡Ğ§«Ðá̅Ç",
        "Saloon_Arcade_Minecart_Menu": "= ɘŹâˑ¤ÒΓµ =",
        "Saloon_Arcade_Minecart_ProgressMode": "âËÁ´àةÍàҳÍ§",
        "Saloon_Arcade_Minecart_EndlessMode": "âËÁµ¤Ðá¹¹ɺ§Ɋ´",
        "Saloon_Arcade_Minecart_Exit": "ÍÍ¡",
        "Saloon_Arcade_PK_NewGame+": "¡´ӛÁàҮÍàˢÒԚ¡ÒÃ¼¨­ĠÂч˷Ò·ÒÂТ§ע¹...",
        "Saloon_Arcade_Minecart_Inactive": "Ʊɳȡ­á¨ɳ»¡ÃÐâËÅ¡...",
        "AnimalShop_Marnie_Trash": "àʛ¹¡˕Í§ž«ʻÒч˗Ò§à»˕Òàʛ¹˚Ç¹ãËʽ",
        "JoshHouse_Alex_Trash": "Ȥ³لÂà¨Í˛Íâ»Ãƥ¹áˇ§¡Í§Ëѹ§",
        "SamHouse_Sam_Trash": "ɤàËȑÍ¹á«Á¨ÐŇÒ¤ÇÒÁÊÐÍÒ´Ė§¢ÂÐ¢Í§à¢Òàʛ¹»ÃÐĸÒ",
        "SeedShop_Abigail_Drawers": "ġ¹àʕÁä»˴ÇÂàغÍ˼Ò...à݋ÂÇ¹Ð Ʊ´ÒºʻÍ¹ÍԒã˵àغÍ˼Ò˴ÇÂ",
        "Submarine_SubmergeQuestion": "ā»ĕ¹: *µÐâ¡¹* ÍÐÎÍÂ ¤¹µÃ§Թ¹ˉÐ! ÍÂÒ¡ėÈ¹Ò¡ÒÃµ¡»ÅÒ ã˵·ÐàÅǥ¡ՁÂ˕Ð? Ť´áʴ 1,000g àºÒæ",
        "Submarine_AscendQuestion": "ā»ĕ¹: ã̋ĉ¹¾ÒàÃÒע¹ν§àÅÂՁÂ?",
        "Submarine_Done": "ā»ĕ¹: àÃÒ¡ĥºǖ§á̅Ç! Í˒Ò֗§»ÅÒä̇ã¹׉˕Ð",
        "Mines_MineElevator_NotWorking": "ɤàËȑÍ¹¨ÐäˑŇÒ§Ò¹...",
        "Mines_LeaveMine": "ÍÍ¡¨Ò¡àËȑÍ§",
        "Mines_GoUp": "ע¹ä»Ëѹ§Ԫ¹",
        "Mines_DoNothing": "äˑŇÒÍÐäÃ",
        "Mines_ResetMine": "Ƴàʊµ¤ÇÒÁǴºË˹Ò ã¹àËȑÍ§á˓? \n(Ȥ³¨Ð¡ĥºä»чàËȑÍ§Ԫ¹ч 1)",
        "RemoveChest": "Ȥ³àÍÒƻºà»˕ÒÍÍ¡",
        "Club_CalicoJack_HS": "ḁ̂Ð׉ŚÒËģº¢ÒãËʽ ÇÒ§àŧ¹àŴÁĞ¹ 1000 coin",
        "Club_CalicoJack": "ÍÂÒ¡à˕¹¤Òƅâˡá̘¤ՁÂ? ḁ̂Ð׉ÇÒ§áʴ 100 coin àˇÒԹ¹",
        "Club_CalicoJack_Play": "àÍÒĪ¡ËˉÍÂ",
        "Club_CalicoJack_Leave": "àƅ¡Ƥ¡˗Ò",
        "Club_CalicoJack_Rules": "¡ŵ¡Ò¡ÒÃà˕¹",
        "Club_QiCoins": "ˇÒ¹Ʊ {0} Club Coins",
        "Club_QiCoins_BuyStarter": "ˇÒ¹Ʊ 0 àËƳÂ­¤ÒƊâ¹ Ê¹ã¨؛Íáʞ¤à¡¨ȑÍãËˑã¹ÃÒ¤Ò 1000g ËȓÍäˑ?",
        "Club_QiCoins_NotEnoughMoney": "Ă´ˢÍ§: Ʊàŧ¹äˑàƮÂ§¾Í",
        "Club_ClubSeller": "щæ...ĉ¹Ʊ 'ɳ»Ի¹á˛§âª¤ÅÒÀāÅ»ÒÇÊÒ¹ (Statue of Endless Fortune)' ¢ÒÂ.... 1,000,000g àˇÒԹ¹ Ê¹ˋÒÇ?",
        "Club_ClubSeller_Yes": "µ¡Å§ Ĉ´ÁÒàÅÂ",
        "Club_ClubSeller_No": "äˑƱ·Ò§!",
        "Club_ClubSeller_NotEnoughMoney": "à̎ ĉ¹ºÍ¡˗Ò 1,000,000g ä§! ʸÒÂÊ´ §´àҚÍ àҪÍ·Ç§",
        "Secret_Note_Name": "Secret Note",
        "Town_DwarfGrave_Translated": "     Ȥ³á»ÅÀÒÉÒ¤¹á¤ÃÐ:     \n\n¨§ËĢ´Ȓ¹ÃÐË˗Ò§ÊÒÁàÊÒƋ¹ \n˴ÇÂ¢Í§¢ħ­ чƱʴÒÁËÒÈÒÅȴ¨˷Í§˿Ò:\nŉÒÊÒÂ٣§¨Ò¡áˌ¹Ŵ¹ Ɓãʺ˷Í§·ÐàÅ \ná̅Ç̋Ç§¡Òáʥ¡л ¨ÐÊĔºğ§àƺÂ§̃Í§¢Í§à˨Ò\n",
        "Town_mgThiefMessage": "ÁȹÉΒà§Ò: ̷Ò¡¡¡! á¡Ĉºĉ¹ä˴! ĉ¹¢Íâ·É! àÍÒǴ¹ä»! àÍÒǴ¹ä»!  ġ¹ɤƱʴÒ¨¹ĉ¹Í´äˑä˴...",
        "Town_SpecialCharmQuestion": "¤¹ĂºÃ¶: ÊħÊƤàʔ¡˹ÍÂ... ĉ¹˵Í§¡ÒÃâª¤ʺÇÂ... ŇÒäÁȤ³äˑËÒ 'à˷Ò¡ÃÐ˅ÒÂ (rabbit's foot)' ÁÒã̋ĉ¹˕Ð? ĉ¹¨ÐµÍºá·¹Ȥ³Í˒Ò§لÁʴÒàÅÂ",
        "Town_specialCharmNoFoot": "¤¹ĂºÃ¶: ¡ĥºÁÒàұÍà¸Íà¨Í 'à˷Ò¡ÃÐ˅ÒÂ (rabbit's foot)' ¹Ðàʔ¡˹ÍÂ",
        "SeedShop_Yoba": "áˇ¹ɪªÒâÂºÐ",
        "ElliottHouse_ElliottBook_Blank": "Ëę§ȚÍч˗Ò§à»˕Ò",
        "ElliottHouse_ElliottBook_Filled": "'{0}' â´ÂàÍÅàƵÂµ ... á˄ {1}",
        "FestivalDay_DoorLocked": "ġ¹ɦ¡ʥÍ¤...",
        "SeedShop_LockedWed": "-Ż´ŇÒ¡ÒÃã¹ħ¹Ⱦ¸-",
        "LockedDoor": "ġ¹ʥÍ¤ÍԒ...",
        "LockedDoor_OpenRange": "ġ¹ʥÍ¤ÍԒ... (àŻ´ {0} - {1})",
        "LockedDoor_FriendsOnly": "ġ¹ɦ¡ʥÍ¤... à©¾ÒÐàҮÍ¹¢Í§ {0} àˇÒԹ¹ чÊÒÁÒÃ¶àˢÒä˴â´Âäˑ˵Í§ƱĴÒàŪ­",
        "ScienceHouse_CarpenterMenu": "ĉ¹ÊÒÁÒÃ¶ŇÒÍÐäÃã̋Ȥ³ä˴˺Ò§?",
        "ScienceHouse_CarpenterMenu_Shop": "؛Í¢Í§",
        "ScienceHouse_CarpenterMenu_UpgradeHouse": "ĭ¾à¡Ã´˺Ò¹",
        "ScienceHouse_CarpenterMenu_CommunityUpgrade": "Â¡ÃÐĔºȪÁª¹",
        "ScienceHouse_CarpenterMenu_Construct": "ỄÒ§ÍÒ¤ÒÃã¹¿ÒΓÁ",
        "ScienceHouse_CarpenterMenu_Leave": "ÍÍ¡",
        "ScienceHouse_RobinAbsent": "¢ÍÍĠÂ! ħ¹׉̃Ò¹Ż´... ĉ¹ä»à˵¹áÍâÃź¤ч˺Ò¹á¤âÃäÅΉ\n\n-Robin",
        "Blacksmith_Clint_Shop": "؛Í¢Í§",
        "Blacksmith_Clint_Upgrade": "ĭ¾à¡Ã´ɍ»¡Ã΃",
        "Blacksmith_Clint_Leave": "ÍÍ¡",
        "Blacksmith_Clint_Geodes": "àŻ´¼ǥ¡ (geodes)",
        "AnimalShop_Marnie_Supplies": "؛Íɍ»¡Ã΃áÅÐÍÒËÒÃĪµΗ",
        "AnimalShop_Marnie_Animals": "؛ÍĪµΗã¹¿ÒΓÁ",
        "AnimalShop_Marnie_Leave": "ÍÍ¡",
        "AnimalShop_Marnie_Absent": "Ż´ŇÒ¡ÒÃ ã¹ħ¹׉\n\n-ÁÒƩ",
        "ArchaeologyHouse_Gunther_Donate": "ºƃ¨Ò¤¢Í§àˢÒžž¸Ġ¹΁",
        "ArchaeologyHouse_Gunther_Collect": "ģºÃÒ§ħÅ",
        "ArchaeologyHouse_Gunther_Leave": "ÍÍ¡",
        "ArchaeologyHouse_Rearrange": "Ȥ³ÍÂÒ¡¨ÐĈ´àƳÂ§¢Í§чĈ´áÊ´§ã¹žž¸Ġ³΁ËȓÍäˑ?",
        "HaleyHouse_EmilyRoomObject": "Ʊ́Ç¹à·»ÍԒÀÒÂã¹:'Ĉ§ËÇÐà˵¹ä̃¡®à¡³΁'",
        "Club_Bouncer_PlayerClubMember": "àˢÒÁÒä˴",
        "Club_CalicoJack_Rules1": "à˻ÒËÁÒÂǴÍ ŇÒá˵Áã̋ã¡̅āº 21 ÁÒ¡чɊ´àˇÒч¨ÐŇÒä˴ ¡ÒΓ´ƱԵ§á˅ 1 ǖ§ 9 Â¡à̇¹¡ÒΓ´ãºáÃ¡ чƱá˵Áɺ§ǖ§ 11 ڌà˕¹á˅ÅÐ¤¹¨ÐàУÁ˵¹˴ÇÂ ¡ÒΓ´ÊÍ§ãº á˅¡ÒΓ´ãºáÃ¡¢Í§à˨ÒȑÍ¨ÐĢ§¤§ɦ¡ʻÍ¹ä̇ á˅ÅÐµÒ Ȥ³ÊÒÁÒÃ¶àȕÍ¡ч¨ÐΨÇ¡ÒΓ´Ëѹ§ãº ч¨ÐƱá˵ÁӪÁÃÐË˗Ò§ 1 ǖ§ 9 ËȓÍ ˌÒ¹",
        "Club_CalicoJack_Rules2": "àұÍȤ³àȕÍ¡ч¨ÐˌÒ¹ ¡ÒΓ´¢Í§à˨ÒȑÍчɦ¡ʻÍ¹ä̇ ¨Ðɦ¡àŻ´ à¸Í¨Ð˵Í§ΨÇ¨¹¡˗Òá˵ÁÃÇÁ ¢Í§¡ÒΓ´¨ÐƱʴÒÁÒ¡¡˗Ò 18 ËÒ¡ڌà˕¹¤¹ã´¤¹Ëѹ§ä˴á˵Áàš¹ 21 á˵Áã¹µÒ¢Í§µ¹àÍ§ ¨ÐȆÍ˗Òá˾ ËÒ¡à˨ÒȑÍˌÒ¹ ¡ÒΓ´Է§ËÁ´¨Ðɦ¡àŻ´ áÅÐڌà˕¹чƱá˵Áɺ§Ɋ´¨Ðàʛ¹ڌª¹Ð",
        "Club_CalicoJackHS_NotEnoughCoins": "Ȥ³˵Í§ƱÍ˒Ò§˹ÍÂ 1000 coins àҮÍà˕¹чщ",
        "Club_CalicoJack_NotEnoughCoins": "ÊħÊƤ àŧ¹àŴÁĞ¹àУÁ˵¹ч 100 coins Ȥ³ƱàËƳÂ­äˑ¾Í ä»؛ÍàОÁ¨Ò¡څ«Ð ˶Ò˵Í§¡ÒÃ¨Ðà˕¹",
        "ScienceHouse_Carpenter_UpgradeHouse1": "ĉ¹ÊÒÁÒÃ¶¢ÂÒÂ˺Ò¹ áÅÐàОÁ̋Í§¤ģÇã̋Ȥ³ä˴ á˅ƱʴÒʱÍỄÒ§ 10,000g áÅÐȤ³˵Í§ËÒä́ã̋ĉ¹ 450 ˇÍ¹ Ȥ³Ê¹ã¨¨Ð˨Ò§àÅÂäËÁ?",
        "ScienceHouse_Carpenter_UpgradeHouse2": "ĉ¹ÊÒÁÒÃ¶¢ÂÒÂ˺Ò¹àОÁ áÅÐỄÒ§̋Í§¹Í¹àʔ¡ã̋Ȥ³ä˴ á˅ƱʴÒʱÍỄÒ§ 50,000g áÅÐȤ³˵Í§ËÒä́àةÍáʂ§ã̋ĉ¹ (hardwood) 150 ˇÍ¹ Ȥ³Ê¹ã¨¨Ð˨Ò§àÅÂäËÁ?",
        "ScienceHouse_Carpenter_UpgradeHouse3": "ĉ¹ÊÒÁÒÃ¶ỄÒ§̋Í§ã˵Ŵ¹ ã˵˺Ò¹Ȥ³ä˴¹Ð ̋Í§ã˵Ŵ¹¨ÐÊÒÁÒÃ¶ ã˪àОÁÍÒɂã̋Ɗ¹ˤÒºÒ§»ÃÐàÀ· àʺ¹ äÇΉ (wine) áÅÐƚÊ (cheese) ä˴ ĉ¹Ť´ʴÒʱÍỄÒ§ 100,000g Ȥ³Ê¹ã¨¨Ð˨Ò§àÅÂäËÁ?",
        "ScienceHouse_Carpenter_CommunityUpgrade1": "...ÍÐäÃ¹Ð? Ȥ³ÍÂÒ¡ỄÒ§˺Ò¹ã̋á¾ÁàËÃÍ? àʛ¹¤ÇÒÁŤ´чàђÂÁÁÒ¡!^ĉ¹áʴ˵Í§ã˪ä́ 950 ˇÍ¹ áÅÐ àŧ¹»ÃÐÁÒ³ 500,000g...",
        "ScienceHouse_Carpenter_NotEnoughWood1": "¢Íâ·É˴ÇÂ... Ȥ³Ʊàŧ¹¤Ãºá̅Ç á˅ĉ¹Ģ§˵Í§ã˪ä́ƽ¡ 450 ˇÍ¹",
        "ScienceHouse_Carpenter_NotEnoughWood2": "¢Íâ·É˴ÇÂ... Ȥ³Ʊàŧ¹¤Ãºá̅Ç á˅ĉ¹Ģ§˵Í§ã˪ä́àةÍáʂ§ (Hardwood) ƽ¡ 150 ˇÍ¹",
        "ScienceHouse_Carpenter_NotEnoughWood3": "¢Íâ·É˴ÇÂ... Ȥ³Ʊàŧ¹¤Ãºá̅Ç á˅ĉ¹Ģ§˵Í§ã˪ä́ƽ¡ 950 ˇÍ¹",
        "Farm_WeedsDestruction": "ÇÑª¾×ª·Õè¡ÓÅÑ§á¾Ãè¾Ñ¹¸Øì ä´éÊÃéÒ§¤ÇÒÁàÊÕÂËÒÂ ãËé¿ÒÃìÁ¢Í§¤Ø³áÅéÇ",
        "JojaMart_SignUp": "˶ÒȤ³àʛ¹ÊÁÒŪ¡â¨˨Ò ɸ¹ΒȪÁª¹¨Ðɦ¡»ģº ã̋¡ÅÒÂàʛ¹â¡Ĕ§¢Í§â¨˨Ò áÅÐȤ³¨ÐäˑÊÒÁÒÃ¶ ɪÃ³Ðġ¹ãËˑä˴ƽ¡ Í˒Ò§äÃʁµÒÁâ¨˨Ò ¨ÐàÊ¹ÍƇƨҽ¹æ àҮÍĞ²¹ÒàȑÍ§ Ȥ³áˉã¨ËȓÍäˑ˗Ò¨ÐàˢÒ˓ÇÁ?",
        "Mines_Infested": "¾×é¹·Õè¹Õéà¡Ô´ÁÕàª×éÍÃÐºÒ´...",
        "Mines_Overrun": "¾×é¹·Õè¹Õé¶Ù¡ÂÖ´¤ÃÍ§ â´Â¾Ç¡ÁÍ¹ÊàµÍÃì",
        "Mines_Fallen": "Ȥ³˓Ç§Å§ä» {0} Ԫ¹",
        "Mines_FallenFar": "â̍Â! Ȥ³˓Ç§Å§ä» {0} Ԫ¹!",
        "Mines_ShaftJumpIn": "¡ÃÐâ´´Å§ä»",
        "Mines_Shaft": "Ʊ»˕Í§àËȑÍ§Å§ä»",
        "Mountain_AdventurersGuildNote": "      * ÊÁÒ¤Áę¡¼¨­ĠÂ *\n\n    ŚÒËģºę¡¼¨­ĠÂڌžɺ¨ΉĕÇá̅ÇàˇÒԹ¹",
        "Railroad_TrainComing": "ÁÕÃ¶ä¿¡ÓÅÑ§áÅè¹¼èÒ¹ÊµÒÃì´ÔÇáÇÅÅÕè",
        "Town_SeedShopSign": "- ̃Ò¹¢ÒÂ¢Í§ηÇä»¢Í§ƫáÍΓ -\nàŻ´á̅Çȷ¡ħ¹ àÇÅÒ 9 AM - 5 PM!",
        "Town_JojaSign_Destroyed": "Ż´š¨¡ÒÃ",
        "Town_PickupTruck": "ġ¹ʁáʴ˴Ò¹Ëĥ§ Ã¶¡ÃÐºÐàʱÒæ ¢Í§à·ÈÁ¹µƳàÅƇÊ...",
        "Sewer_DogStatue": "-ɳ»Ի¹á˛§¤ÇÒÁĥ§àÅã¨- ^ɳ»Ի¹׉ÊÒÁÒÃ¶ ʺÇÂà»ѕÂ¹ė¡ÉÐÍÒƚ¾ ¢Í§Ȥ³ä˴^àʻ¹˴ÇÂàŧ¹ 10,000g ËȓÍäˑ?",
        "Sewer_DogStatueCancel": "äˑ˕Ð ĉ¹à»ѕÂ¹ã¨á̅Ç...",
        "Sewer_DogStatueQuestion": "ė¡ÉÐÍÒƚ¾ã´ËȓÍ чȤ³˵Í§¡ÒÃà»ѕÂ¹?",
        "Sewer_DogStatueAlready": "ė¡ÉÐ׉ıÒĥ§¨Ð àš´¡ÒÃà»ѕÂ¹á»Å§ ÍԒá̅Çã¹Ǵ¹׉ ¡ĥºÁÒãËˑƽ¡¤Ճ§¾ӣ§׉...",
        "Sewer_DogStatueFinished": "*â˞§* *â˞§* (àƳÂº̃ÍÂá̅Ç...µÍ¹׉ʁǖ§àÇÅÒ¹Í¹...)",
        "WitchHut_EvilShrineLeft": "-ÈÒÅȑ´á˛§¤ÇÒÁàʫ¹áʱĕÇ-^ɵ¡¢Í§Ȥ³ ¨Ð¡ÅÒÂàʛ¹¹¡žÃÒº áÅÐź¹¨Ò¡ä»...^Ī§àÇÂÊÐàʁ´áˡÇ»ƃǋÁ (Prismatic Shard) ËȓÍäˑ?",
        "WitchHut_EvilShrineLeftInactive": "-ÈÒÅȑ´á˛§¤ÇÒÁàʫ¹áʱĕÇ-^ɳ»Ի¹ÁÍ§àˢÒä»ǥ¡ã¹Ũµã¨Ȥ³...\n      ",
        "WitchHut_EvilShrineCenter": "-ÈÒÅȑ´á˛§¤ÇÒÁ·Ã§ĸÒ-^¤ÇÒÁĪÁĞ¹ΈÃÐË˗Ò§ Ȥ³āºÍƤµӴá˅§§Ò¹ ¨Ðɦ¡ÅºÍÍ¡¨Ò¡¤ÇÒÁ·Ã§ĸÒ »ÃÐËѹ§˗ÒȤ³ äˑà¤Â¾ºā¹ÁÒʱÍ¹^àʻ¹˴ÇÂàŧ¹ 30,000g?\n      ",
        "WitchHut_Goodbye": "ÅÒʱÍ¹ {0} ",
        "WitchHut_EvilShrineCenterInactive": "-ÈÒÅȑ´á˛§¤ÇÒÁ·Ã§ĸÒ- ^ɳ»Ի¹ÁÍ§àˢÒä»ǥ¡ã¹Ũµã¨Ȥ³...\n      ",
        "WitchHut_EvilShrineRightActivate": "-ÈÒÅȑ´á˛§¤ÇÒÁÊÐ¾ǣ§ÂÒÁÃÒµƳ- ^àÇ·Á¹µΓâºÃÒ³ чɦ¡¼Ǚ¡¨Ðɦ¡»Å´ àҮÍŇÒã̋ÁÍ¹ÊàµÍΓ »ÃÒ¡®ч¿ÒΓÁ¢Í§Ȥ³ ã¹àÇÅÒ¡ÅÒ§Ǵ¹^ËÒ¡Ȥ³¾̃ÍÁá̅Ç ¨§ÇÒ§ ¢¹Áě§ˡÍ¹Ë˹ÒµÒ»ÃÐËÅÒ´ (Strange Bun) ªÐ!\n      ",
        "WitchHut_EvilShrineRightDeActivate": "\n        -ÈÒÅȑ´á˛§¤ÇÒÁÊÐ¾ǣ§ÂÒÁÃÒµƳ- ^àÇ·Á¹µΓâºÃÒ³ч»¡˻Í§¿ÒΓÁ ¨Ðɦ¡¤ÅÒÂÅ§ ŇÒã̋àË˕ÒÁÍ¹ÊàµÍΓ »ÃÒ¡®ĕÇã¹¿ÒΓÁ¢Í§Ȥ³ ÂÒÁģµŵ¡ÒÅä˴^àʻ¹äË̇˴ÇÂ ¢¹Áě§ˡÍ¹Ë˹ÒµÒ»ÃÐËÅÒ´ (Strange Bun) ËȓÍäˑ!\n      ",
        "WitchHut_NoOffering": "Ȥ³äˑƱà¤ҳÍ§àʻ¹чàËÁÒÐÊÁ",
        "Sewer_MagicSeal": "ƱÊ¹ÒÁ¾ĥ§ºÒ§»ÃÐàÀ· Ż´ԡ¹à̊¹·Ò§¢Í§Ȥ³ä̇",
        "Woods_Statue": "-- ÍÒ¨ÒÃΒªÃÒá¤¹â¹ѕ (Old Master Cannoli) --\n...Ģ§¤§µÒÁËÒ ÃÊчËÍÁËÇÒ¹чɊ´...",
        "ScienceHouse_CarpenterMenu_UpgradeCabin": "ĭ¾à¡Ã´˺Ò¹",
        "AdventureGuild_ItemRecovery": "ºƃ¡ÒÃٱǴ¹¢Í§ËÒÂ",
        "AdventureGuild_Greeting": "˵Í§¡ÒÃÍÐäÃǣ?",
        "ManorHouse_DivorceBook_Question_Krobus": "ä˕ {0} ÍÍ¡¨Ò¡˺Ò¹ËȓÍäˑ?",
        "ManorHouse_DivorceBook_CancelQuestion_Krobus": "Â¡àƅ¡¡ÒÃä˕ÍÍ¡¨Ò¡˺Ò¹?",
        "ManorHouse_DivorceBook_Cancelled_Krobus": "Ȥ³à»ѕÂ¹ã¨ч¨Ðä˕ {0} ÍÍ¡¨Ò¡˺Ò¹á̅Ç",
        "ManorHouse_DivorceBook_Filed_Krobus": "Ȥ³ĕ´Ɗ¹ã¨ч¨Ðä˕ {0} ÍÍ¡¨Ò¡˺Ò¹á̅Ç ˶ÒȤ³à»ѕÂ¹ã¨ ¡ĥºÁÒчщʱÍ¹֪¹Ǵ¹",
        "Theater_Poster_0": "ч©ÒÂÍԒµÍ¹׉: \"{0}\"",
        "Theater_Poster_1": "\"{0}\"",
        "Theater_Poster_Coming_Soon": "àʣÇæ ׉: \"{0}\"",
        "Theater_MovieEnd": "ÀÒ¾Â¹µΓ¨ºÅ§á̅Ç ¾Ç¡àÃÒËħ§˗ÒȤ³¨Ðà¾ƅ´à¾ƅ¹ä»āºÀÒ¾Â¹µΓã¹Ǵ¹׉!",
        "Theater_MovieEndReEntry": "ÀÒ¾Â¹µΓ¨ºÅ§á̅Ç",
        "HaleyHouse_SewingMachine": "ġ¹ǴÍĈ¡Ãàʢº˼Ò...á˅ĉ¹äˑáˉã¨˗Òġ¹ã˪Ģ§ä§",
        "HaleyHouse_DyePot": "ƺ̂ÍÁÁÒ¡ÁÒÂËÅÒÂà©´ƺàƳÂ§ÃÒÂā¹",
        "Caroline_Sunroom_Door": "á¤âÃäÅΉã̋à©¾ÒÐàҮÍ¹æ ¢Í§à¸ÍàˢÒàˇÒԹ¹...",
        "Caroline_Tea_Event1": "àұÍĉ¹ÍԒ¤¹àƤÂÇ áÅÐˌÍ¹¤ÅÒÂä»āºªÒ...",
        "Caroline_Tea_Event2": "ÀÒÂã¹ã¨¢Í§ĉ¹ ˗Ò§à»˕ÒáÅÐàʛ¹ƍÊÃÐ...",
        "Caroline_Tea_Event3": "ã¤Ã¨Ðړ˗Ò¨ÐƱÍÐäÃ »ÃÒ¡®ÍÍ¡ÁÒ˺Ò§?",
        "Desert_Trader_Closed": "Ż´¨¹ǖ§ħ¹ч 18 àҮÍĈ´§Ò¹µÅÒ´ÃÒµƳá˛§àȑÍ§à¾ƅá¡¹",
        "Farm_OtherPlayerMailbox": "ι¹äˑãʺ ¡˕Í§¨´ËÁÒÂ¢Í§Ȥ³",
        "BoatTunnel_BuyTicket": "؛ÍݘÇã¹ÃÒ¤Ò {0}g?",
        "IslandNorth_CaveHelp_0": "ʺÇÂ˴ÇÂ!",
        "IslandNorth_CaveHelp_1": "Ʊã¤ÃÍԒˢÒ§¹Í¡ՁÂ?",
        "IslandNorth_CaveHelp_2": "ĉ¹ŵ´ÍԒã¹׉!",
        "IslandNorth_CaveHelp_3": "ÍԒµÃ§׉!",
        "IslandNorth_CaveTool_0": "ġ¹äˑä˴¼Åáˉ",
        "IslandNorth_CaveTool_1": "ġ¹˝Í¹ä»",
        "IslandNorth_CaveTool_2": "țÁÁ...",
        "IslandNorth_CaveTool_3": "ÅÍ§Í˒Ò§ҽ¹ɤƊ",
        "IslandNorth_Event_SafariManAppear": "tropical_island_day_ambient/-1000 -100/farmer 20 48 1/skippable/pause 1000/viewport 21 47 true/pause 1000/playSound thudStep/addTemporaryActor SafariGuy 16 32 22 45 2 true ???/move SafariGuy 0 3 3/pause 1000/speak SafariGuy \"¢ÍºȤ³¹Ð! Ǚ¡˗Òĉ¹¨ÐäˑÃÍ´á̅Ç... $h#$b#ĉ¹ŵ´ÍԒã¹զÒ׉ ÁÒàʛ¹àȄÍ¹á̅Ç!\"/pause 500/faceDirection SafariGuy 2/pause 300/showFrame SafariGuy 16/pause 600/emote SafariGuy 28/speak SafariGuy \"...˶Ò˵Í§š¹Êĥ´àʫ´զÒ ƽ¡Ī¡ĴÒ ĉ¹¤§ӱäˑ¡ĥºáˉ... *ĕÇϊ¹* ...ġ¹݋ÂÁÒ¡àÅÂ...$s\"/pause 500/showFrame SafariGuy 0/pause 500/faceDirection SafariGuy 3/pause 500/changeName SafariGuy Professor_Snail/speak SafariGuy \"˗Òá˅... ĉ¹ҚÍÈÒÊµÃÒ¨ÒÃΒËÍÂ·Ò¡#$b#ĉ¹ıÒĥ§ŚÒÃÇ¨ àҳÍ§Ȏª¾ÃÃ³´Í¡ä́ ¢Í§à¡ÒÐ׉ÁÒä˴ƫǙ§á̅Ç˕Ð àʛ¹ччžàÈÉ¨ƃ§æ!\"/pause 400/faceDirection SafariGuy 2/pause 250/faceDirection SafariGuy 3/speak SafariGuy \"àÍÒ˕Ð ĉ¹¨Ð¡ĥºà˵¹· ä»̅Ò§Ë˹Ò̅Ò§µÒàƺÂËˉÍÂ à¡Ã§˗ÒĕÇĉ¹ ¤§¨ÐƱá˅¡Х¹àʫ´...$s#$b#à̎... ˗Ò§æ áÇÐÁÒà˵¹·ĉ¹ä˴¹Ð! ¤¹¤˕Í§á¤˕ÇÍ˒Ò§à¸Í ¨Ð˵Í§ƱʴÒÁÒ¡ ŚÒËģºâ¤Ã§¡ÒÃ¢Í§ĉ¹ áˉ¹Í¹... ў ў! ÅÒʱÍ¹˕Ð$h\"/pause 200/showFrame SafariGuy 17/pause 800/showFrame SafariGuy 12/pause 200/advancedMove SafariGuy true 1 0 0 4/pause 250/end position 20 48",
        "IslandFieldOffice_Welcome_0": "ė¡·ÒÂ!",
        "IslandFieldOffice_Welcome_1": "ÊħÊƤ!",
        "IslandFieldOffice_Welcome_2": "à̎!",
        "IslandFieldOffice_Welcome_3": "Ƃ¹Ƥ˵Í¹ģº!",
        "IslandFieldOffice_Survey_Yes": "¾̃ÍÁÃÒÂ§Ò¹",
        "IslandFieldOffice_Survey_Notyet": "Ģ§äˑ¾̃ÍÁ",
        "IslandFieldOffice_Survey_Prompt_LeftPlant": "áººŚÒÃÇ¨à¡ÒÐ -- â»Ã´á˨§ĸÒ¹Ç¹´Í¡ä́ƺˑÇ§чÍԒº¹à¡ÒÐá˛§׉",
        "IslandFieldOffice_Survey_PurpleFlower_Question": "Ʊ´Í¡ä́ƺˑÇ§ÍԒº¹à¡ÒÐ׉б´Í¡?",
        "IslandFieldOffice_Survey_PurpleFlower_Wrong": "ȝÁ... ĕÇàÅ¢ι¹äˑàˢÒāºáºº˓Ò§¢Í§ĉ¹Ī¡Ź´... ºÒ§Ƨà¸Í¤ÇÃ¨ÐÁÒÅÍ§µÍºãËˑ¾ӣ§׉¹Ð$s",
        "IslandFieldOffice_Survey_PurpleFlower_Correct": "ãʺá̅Ç ãʺ... ι¹ğ§ɤɦ¡à¼§¹Ð ¢ÍºȤ³!$h",
        "IslandFieldOffice_Survey_Prompt_RightPlant": "áººŚÒÃÇ¨à¡ÒÐ -- â»Ã´á˨§ĸÒ¹Ç¹»ÅÒ´ÒÇƺˑÇ§чÍԒº¹à¡ÒÐá˛§׉",
        "IslandFieldOffice_Survey_PurpleStarfish_Question": "Ʊ»ÅÒ´ÒÇƺˑÇ§ÍԒº¹à¡ÒÐ׉бĕÇ?",
        "IslandFieldOffice_Survey_Failed": "ȝÁ... ĉ¹˗Òà¸Í¤ÇÃ¨ÐĞ¡àƺÂËˉÍÂ á̅ÇʴÍÂÅÍ§ŚÒÃÇ¨ãËˑ¾ӣ§׉¹Ð...",
        "IslandFieldOffice_Intro_Event": "fieldofficeTentMusic/-1000 -1000/farmer 4 10 0/skippable/addTemporaryActor SafariGuy 16 32 5 4 0 true Professor_Snail/viewport 4 6 true/move farmer 0 -2 0/pause 1000/faceDirection SafariGuy 1 true/pause 50/faceDirection SafariGuy 2 true/pause 500/speak SafariGuy \"̍ÒÇ... àˢÒÁÒƊ!\"/move farmer 2 0 0/move farmer 0 -4 3/faceDirection SafariGuy 1/pause 500/speak SafariGuy \"Ƃ¹Ƥ˵Í¹ģºԚ ̋Í§ŇÒ§Ò¹ÀÒ¤Ê¹ÒÁ¢Í§ĉ¹\"/faceDirection SafariGuy 2/faceDirection farmer 2/showFrame SafariGuy 16/emote SafariGuy 28/pause 500/speak SafariGuy \"Í˒Ò§чàʫ¹... ġ¹ʴÍ¹ˢÒ§¨Ðâ˕§$s#$b#ŵ´զÒµÍ¹Թ¹ ŇÒàÍÒâ¤Ã§¡ÒÃĉ¹˕Ò˪Òä»â¢$s\"/pause 50/showFrame SafariGuy 0/pause 200/faceDirection SafariGuy 1/pause 100/speak SafariGuy \"á˅ι¹áËÅÐǴÍ º·ºÒ·¢Í§à¸Íä§˕Ð! ў ў...$h\"/faceDirection farmer 3/emote farmer 8/speak SafariGuy \"ĉ¹ıÒĥ§Ǩ¡ÉÒ àҳÍ§¡ÃÐɤ¡ÍԒˉÐ...#$b#¡ÃÐɤ¡âºÃÒ³ ˶Ò¨Ðã̋à¨ÒÐ¨§ˉÐ¹Ð... á̅Ç¾Ç¡ġ¹ʁ ƱÍԒàʕÁàÅÂº¹à¡ÒÐ׉#$b#à¾ÃÒÐ©ÐԹ¹ ˶Òà¸ÍĚ§àƍ­ä»à¨Í¡ÃÐɤ¡ ËȓÍ¿ÍÊūÅ ËȓÍĕÇÍ˒Ò§чáʂ§àʛ¹Ƌ¹ чäË¹º¹à¡ÒÐ׉ÅÐʁ àÍÒÁÒÇÒ§ä̇чḁ̂Ðĉ¹¹Ð µ¡Å§ՁÂ? ĉ¹¨Ðäˑã̋à¸Í àƺÂàÇÅÒà»˕Òáˉ¹Í¹!$h\"/pause 200/faceDirection SafariGuy 1/end",
        "ScienceHouse_CarpenterMenu_RenovateHouse": "˅ÍàŵÁ˺Ò¹",
        "ScienceHouse_CarpenterMenu_RenovateCabin": "˅ÍàŵÁ˺Ò¹Ğ¡",
        "ScienceHouse_Renovation_RemoveCrib": "àÍÒàƥÂ§àʔ¡ÍÍ¡/àÍÒàµÕÂ§à´ç¡ÍÍ¡ä»¨Ò¡ºéÒ¹¢Í§¤Ø³/àȕÍ¡àƥÂ§àʔ¡ч˵Í§¡ÒÃàÍÒÍÍ¡",
        "ScienceHouse_Renovation_BuildCrib": "ỄÒ§àƥÂ§àʔ¡/ÊÃéÒ§àµÕÂ§à´ç¡ã¹ºéÒ¹¢Í§¤Ø³/àȕÍ¡чÇÒ§àƥÂ§àʔ¡",
        "ScienceHouse_Renovation_OpenBedroom": "àŻ´̋Í§¹Í¹/àÍÒ¡Óá¾§·Õè¡Ñé¹ËéÍ§¹Í¹áÅÐËéÍ§â¶§ÍÍ¡/àȕÍ¡ŅÒáËˉ§ã¹¡ÒÃ»ģº»Ƀ§˺Ò¹",
        "ScienceHouse_Renovation_CloseBedroom": "Ż´̋Í§¹Í¹/ÊÃéÒ§¡Óá¾§¡Ñé¹ËéÍ§¹Í¹áÅÐËéÍ§â¶§/àȕÍ¡ŅÒáËˉ§ã¹¡ÒÃ»ģº»Ƀ§˺Ò¹",
        "ScienceHouse_Renovation_AddSouthernRoom": "˅ÍàŵÁ̋Í§ŷÈã˵/µèÍàµÔÁËéÍ§·Ò§·ÔÈãµé¢Í§ËéÍ§¹Í¹¤Ø³/àȕÍ¡ŅÒáËˉ§ã¹¡ÒÃ»ģº»Ƀ§˺Ò¹",
        "ScienceHouse_Renovation_RemoveSouthernRoom": "ŇÒÅÒÂ̋Í§ŷÈã˵/·ÓÅÒÂËéÍ§·Ò§·ÔÈãµé¢Í§ËéÍ§¹Í¹¤Ø³/àȕÍ¡ŅÒáËˉ§ã¹¡ÒÃ»ģº»Ƀ§˺Ò¹",
        "ScienceHouse_Renovation_AddCornerRoom": "˅ÍàŵÁ̋Í§ɁÁ/µèÍàµÔÁËéÍ§·Ò§µÐÇÑ¹ÍÍ¡à©ÕÂ§àË¹×Í¢Í§ºéÒ¹/àȕÍ¡ŅÒáËˉ§ã¹¡ÒÃ»ģº»Ƀ§˺Ò¹",
        "ScienceHouse_Renovation_RemoveCornerRoom": "ŇÒÅÒÂ̋Í§ɁÁ/·ÓÅÒÂËéÍ§·Ò§µÐÇÑ¹ÍÍ¡à©ÕÂ§àË¹×Í¢Í§ºéÒ¹/àȕÍ¡ŅÒáËˉ§ã¹¡ÒÃ»ģº»Ƀ§˺Ò¹",
        "ScienceHouse_Renovation_AddCornerStairs": "˅ÍàŵÁĚ¹ä´̋Í§ɁÁ/µèÍàµÔÁºÑ¹ä´¨Ò¡ËéÍ§¹Í¹¢Í§¤Ø³ä»ÂÑ§ËéÍ§ÁØÁ/àȕÍ¡ŅÒáËˉ§ã¹¡ÒÃ»ģº»Ƀ§˺Ò¹",
        "ScienceHouse_Renovation_RemoveCornerStairs": "ŇÒÅÒÂĚ¹ä´̋Í§ɁÁ/·ÓÅÒÂºÑ¹ä´¨Ò¡ËéÍ§¹Í¹¢Í§¤Ø³ä»ÂÑ§ËéÍ§ÁØÁ/àȕÍ¡ŅÒáËˉ§ã¹¡ÒÃ»ģº»Ƀ§˺Ò¹",
        "ScienceHouse_Renovation_AddStairs": "˅ÍàŵÁĚ¹ä´/µèÍàµÔÁºÑ¹ä´/àȕÍ¡ŅÒáËˉ§ã¹¡ÒÃ»ģº»Ƀ§˺Ò¹",
        "ScienceHouse_Renovation_RemoveStairs": "ŇÒÅÒÂĚ¹ä´/·ÓÅÒÂºÑ¹ä´/àȕÍ¡ŅÒáËˉ§ã¹¡ÒÃ»ģº»Ƀ§˺Ò¹",
        "Journal_Name": "àÈÉŹµÂÊÒÃ",
        "IslandFarmhouse_Drawer": "Ȥ³àŻ´֥¹Ċ¡áÅÐà¨ÍàÈÉŹµÂÊÒÃ...",
        "Gourmand_Intro": "̽ºææææ... ι¹¤ÃÒÂÂÂ? à¸ÍǴÍ˵ÒÇªÒÇä˓чȢ´Ŵ¹¹Í¡˺Ò¹Ԫ¹̽ÐˋÒÇ ̽º?",
        "Gourmand_RequestIntro": "àނººº... ¤Ճ§Ǚ§áˌ¹Ŵ¹ à¤ÂàʕÁä»â˴ÂÍÒËÒÃÊ´æ... *¶Í¹ËÒÂã¨*... ĉ¹ÍÂÒ¡¨Ðàʫ¹áººԹ¹ ƽ¡¤Ճ§Ĉ§àÂÂ",
        "Gourmand_RequestQuestion": "à¸Í»ɵ¡Ĝ¡ˢÒ§¹Í¡ι¹ËÃÍ ̽º?",
        "Gourmand_RequestFailed": "̽ºâ̽ººº... à¸ÍÁÐä˴»ɵ¡ äÍι¹чԪ¹˵Í§¡ÒÃàˉ... »ɵ¡ä̍щ á̅ÇàÍÒ¡ĥºÁÒã̋Ԫ¹..",
        "Gourmand_Request_0": "»ɵ¡ã̋Ԫ¹... ä̍˵ÒÇЪ§ƺªÁɮ... ä̍˵ÒÇЪ§ӊÁϙÒ...",
        "Gourmand_Request_0_Success": "àނººº... ʺÒÂ ªÁɮɊ´æ... ӊÁϙÒɊ´æ...|...à à˨Òщ¾ÒԪ¹¡ĥºä»... ã¹Ǵ¹ħ¹Ƥæ... ħ¹чáÊ§ÍÒŷµΒàŨ´˨Ò àұÍЪ§˅Ò§æ ġ¹Ƥ¡˗Ò׉...|*ɛê´´´*... Ԫ¹ÍÂÒ¡¨Òā´ä̍˵ÒÇӊÁϙÒ ĴÒãËʽæ...|...á˅Ԫ¹¨ÐäˑŇÒ",
        "Gourmand_Request_1": "Ԫ¹ÍÂÒ¡¨Òàʫ¹ ä̍˵ÒÇ¢Í§ƺàËȕÍ§ÂÒÇæ ܐ¡ܓæ... ä̍˵ÒÇЪ§чâÂ¡ä»µÒÁÅÁ...",
        "Gourmand_Request_1_Success": "àނººº... àђÂÁàÅÂ ÂÒÇɊ´æ á̅Ç¾ÍЧ§ˌÒ¹ġ¹... ʁܐ¡ܛɊ´æ|àË... ŇÒã̋ĉ¹Ǚ¡ǖ§á¿¹àʱÒ... *àނººº*...|àË... µÍ¹׉Ԫ¹ÍÂÒ¡¨Ðܐ¡ܓà¸Í...|...á˅Ԫ¹¨ÐäˑŇÒ",
        "Gourmand_Request_2": "Ԫ¹ÍÂÒ¡¨Ðš¹ ä̍˵ÒÇ¼Åä́¢Í§خ¹Ŵ¹ чȩ¹æ àʜ´æ á˅ŇÒã̋ÅÁËÒÂã¨àËʡ¹...",
        "Gourmand_Request_2_Success": "àނººº... ʺÒÂ... Ԫ¹à¤Âš¹ä̍щƧǙ§ ŇÒàÍÒÅÁËÒÂã¨àËʡ¹Ɋ´æ ä»àÂÂ...|...ŇÒã̋Ԫ¹Ǚ¡ǖ§»Ð̫Ò ã¹µÍ¹чԪ¹Ģ§àʛ¹ɵ¡̽Í´...|àË... Ԫ¹ÍÂÒ¡¨Ðā´ĴÒãËʽæ á̅ÇʁƱ¡Х¹àËʡ¹Ɋ´æ...|...á˅Ԫ¹¨ÐäˑŇÒ",
        "Gourmand_Reward": "̽ºâ̽ººº... ʺÒÂÂÂ... ¢Íºã¨à¸ÍÁÒ¡¹Ð à˨Òщ¾ÒԪ¹¡ĥºä»... ã¹Ǵ¹ħ¹Ƥæ àұÍ¹Ò¹ÁÒá̅Ç ̽º...|àÍÒщ... Ъ§׉ã̋à¸Í",
        "Gourmand_LastReward": "̽ºâ̽ººº... ãʺá̅Ç... µÍ¹׉Ԫ¹ĸÒȷ¡Í˒Ò§ä˴á̅Ç!|¢ÍºȤ³чŇÒã̋Ԫ¹ Ǚ¡ÍÐäÃÍÍ¡ËÅÒÂÍ˒Ò§¹Ð|щǴÍÃÒ§ħÅɊ´˷ÒÂ¢Í§à¸Í ̽º",
        "Gourmand_Finished": "̽ºâ̽ººº... Ƥã¨чä˴à¨Íà¸Íƽ¡¤Ճ§¹Ð àҮÍ¹ÂÒ¡|ĉ¹Ëħ§˗Òà¸Í¨Ð ıÒĥ§»ɵ¡¼Åä́ɵ¡ãËʽɊ´æ ÍԒ¹Ð ̽º!",
        "Gourmand_InProgress": "ÍÒ... Ԫ¹àʫ¹à¸Í»ɵ¡ÍÐäÃċ¡Í˒Ò§ á˅ġ¹Ģ§ܚÇàƤÂÇÍԒàÅÂ ¡ĥºÁÒãËˑµÍ¹чġ¹ ãËʽɊ´æ á̅Ç¹Ð...",
        "Saloon_Arcade_Cowboy_Menu": "= ÃÒªÒӗ§Ë˭Ò¼¨­ĠÂ =",
        "Saloon_Arcade_Cowboy_Continue": "àŴ¹·Ò§˅Í",
        "Saloon_Arcade_Cowboy_NewGame": "àУÁ¡ÒÃàŴ¹·Ò§¤Ճ§ãËˑ",
        "IslandHut_Event_ParrotBoyIntro": "continue/-1000 -1000/farmer 7 7 3/skippable/specificTemporarySprite removeSprite 777/addTemporaryActor ParrotBoy 16 32 5 2 2 true ???/pause 2000/viewport 5 7 true/pause 2000/emote ParrotBoy 8/pause 1500/message \"àʔ¡ªÒÂ¤¹Թ¹ÁÍ§Ȥ³˴ÇÂ áÇÇµÒчàʕÁä»˴ÇÂ ¤ÇÒÁÊ¹ã¨ã¤˓ړ...\"/pause 1500/animate ParrotBoy false true 500 17 0/playSound parrot_squawk/pause 1000/playSound parrot_squawk/pause 800/stopAnimation ParrotBoy/specificTemporarySprite parrotHutSquawk/pause 800/move farmer -2 0 0/pause 500/emote farmer 8/pause 1000/message \"ɤàËȑÍ¹˗Òà¢Ò¨Ð ɬ¡Ğ¹Í˒Ò§áˉ¹á˿¹ āº¾Ç¡¹¡áˡÇ\"/pause 500/message \"á˅à¢ÒÍÒÂàš¹¡˗Ò¨ÐàŴ¹ÁÒËÒȤ³ã¹µÍ¹׉\"/pause 1400/faceDirection farmer 1/pause 500/message \"ºÒ§Ƨ¡ÒÃàʛ¹àҮÍ¹āº¹¡áˡÇ ˉÒ¨ÐŇÒã̋à¢ÒàҚÍã¨ä˴¹Ð?\"/pause 1000/end position 5 7",
        "IslandSecret_Event_BirdieIntro": "tropical_island_day_ambient/-1000 -1000/farmer 20 58 3/skippable/addTemporaryActor Birdie 32 32 17 58 3 true ???/animate Birdie false true 1000 8 9/pause 1000/viewport 18 58 clamp true/pause 1000/emote Birdie 8/pause 1000/speak Birdie \"â̍... ڌàђÂÁàȒÍ¹?#$b#àʔ¡˹ÍÂ àˢÒÁÒã¡̅¡˗Ò׉Ɗ\"/pause 400/move farmer -1 0 3/pause 300/emote Birdie 40/speak Birdie \"äˑƱã¤ÃÁÒËÒĉ¹¹Ò¹á̅Ç...$s#$b#ĉ¹àǱÍº¨Ð ȕÁä»á̅Ç˗Ò¤¹ҽ¹æ Ë˹ÒµÒàʛ¹Ģ§ä§!\"/pause 1000/speak Birdie \"àÍÒ˕Ð äË¹æ à¸ÍʁÍԒчщá̅Ç ĉ¹¢Íã̋à¸Í ʺÇÂÍÐäÃËˉÍÂʁá̅Çā¹\"/pause 500/textAboveHead Birdie \"àˢÒÁÒƊ...\"/pause 500/playFramesAhead 3/stopAnimation Birdie/extendSourceRect Birdie reset/warp Birdie 18 58/viewport move 1 0 2000/move Birdie 0 -1 2/move Birdie 2 0 1/move farmer 1 0 1/pause 500/speak Birdie \"à¸Íàʫ¹àȓÍĭ»»Ò§ чªÒÂν§ŷÈã˵ι¹äËÁ?#$b# ÊÒƱ¢Í§ĉ¹à¤Âàʛ¹ā»ĕ¹àȓÍ à¢Òà¤Âàʛ¹â¨ÃÊĥ´#$b#ħ¹Ëѹ§ à¢ÒÍÍ¡ä»˕Í§àȓÍ áÅÐäˑ¡ĥºÁÒƽ¡àÅÂ ĉ¹ã˪àÇÅÒÊÒÁƫ ã¹¡ÒÃ˕Í§àȓÍˍÒ¤ҵ¹ɺ§ àҮÍµÒÁËÒЪ§чàËȕÍÍԒ ¢Í§à¢Ò$s\"/emote Birdie 28/speak Birdie \"*à̋Í*...$s#$b#àʔ¡˹ÍÂ ĉ¹ÍԒчщÁÒęºá˅Թ¹$s#$b#...»¡˻Í§¡ÃÐɤ¡¢Í§à¢Ò...\"/faceDirection farmer 2 true/playSound batScreech/animate farmer false true 100 94/jump farmer/pause 1500/stopAnimation farmer/faceDirection farmer 0/faceDirection Birdie 2/speak Birdie \"àʔ¡˹ÍÂ¢Í§ĉ¹... ˶ÒËÒ¡ĉ¹à¨Í ¢Í§ɤ˅Ò§Ë˹Ò¢Í§à¢Ò˕Ðʁ ġ¹¤§¨Ð ŉÒ¾Ò¤ÇÒÁÊ§ºÁÒã̋ĉ¹$s\"/pause 400/textAboveHead Birdie \"ÃÍµÃ§׉¹Ð...\"/move Birdie -1 0 0/move Birdie 0 -1 3/warp Birdie -100 -100/playSound doorClose/faceDirection farmer 0/faceDirection Birdie 2/pause 1000/playSound Ship/pause 1000/playSound Ship/playSound crafting/pause 1000/playSound doorClose/warp Birdie 20 56/move Birdie 0 1 2/speak Birdie \"àÍÒщ ģºщä»Ɗ ġ¹ǴÍɳ»àʱÒæ чɦ¡¤ҵ¹ċ´ÁÒчªÒÂν§ˉÐ#$b#ġ¹ǴÍԷ§ËÁ´чĉ¹¨ÐÁÍºã̋... Ģ§ä§ʁµÒÁ ĉ¹Ť´˗Òġ¹¨ÐʺÇÂã̋ à¸Íà¨ÍÍÐäÃчĉ¹µÒÁËÒ\"/pause 500/unskippable/playSound coin/awardFestivalPrize memento true/pause 10/addQuest 130/pause 1700/end",
        "IslandSecret_Event_BirdieFinished": "tropical_island_day_ambient/-1000 -1000/farmer 20 58 3/removeQuest 130/skippable/addTemporaryActor Birdie 32 32 17 58 3 true ???/animate Birdie false true 1000 8 9/pause 1000/viewport 18 58 clamp true/pause 2300/playMusic none/animate farmer true true 100 35/addObject 19 58 870/playSound sandyStep/pause 800/stopAnimation farmer/playFramesAhead 3/stopAnimation Birdie/extendSourceRect Birdie reset/warp Birdie 18 58/move Birdie 0 -1 2/move Birdie 1 0 2/pause 500/jump Birdie/pause 500/playMusic desolate/speak Birdie \"щġ¹ ...¢Í§à¢Ò $s\"/emote Birdie 20/pause 1200/playSound coin/removeObject 19 58/showFrame Birdie 20/pause 2500/speak Birdie \"àË... ġ¹Ģ§Ʊ¡Х¹¢Í§à¢ÒÍԒàÅÂ Է§æ чˌÒ¹ÁÒËÅÒÂƫá̅Çá˷æ...#$b#...¡Х¹àËʡ¹àˉÒчل¹à¤Â...$h\"/pause 300/faceDirection farmer 2 true/playSound croak/animate farmer false false 350 104 105 104 105 104 105/pause 1000/faceDirection farmer 3/speak Birdie \"à¸ÍړãʺՁÂ... ƚƇµчщġ¹àË§ÒË§ÍÂˉÐ àʔ¡˹ÍÂ... á˅ĉ¹äˑàƺÂã¨àÅÂċ¡Ź´#$b#ĉ¹ŇÒЪ§чɦ¡˵Í§ ã̋µÒáʱ¢Í§ĉ¹... á̅Çċ¡ħ¹Ëѹ§ ¾Ç¡àÃÒ¨Ðä˴ ¡ĥºä»ÍԒ˴ÇÂā¹ƽ¡¤Ճ§... ƎƎ\"/pause 500/stopAnimation Birdie/move Birdie 0 1 3/playMusic tropical_island_day_ambient/faceDirection Birdie 1/quickQuestion #Ъ§чȤ³ŇÒġ¹ƱàƑÂÃŵÁÒ¡#à¢Ò¨Ò¡ä»á̅Ç Ȥ³¤ÇÃƱƚƇµàʛ¹¢Í§ĕÇàÍ§(break)speak Birdie \"à¸Íà©ƵÂÇ©ÅÒ´ÁÒ¡¹Ð àʔ¡˹ÍÂ#$b#à¸ÍŉÒ¤ÇÒÁÊ§ºɊ¢ĭ¹Т§ãËʽ ÁÒã̋ĉ¹... ʥÍ¡à¡µĭ¹׉ ¨ÐŇÒã̋Ǵ¹ħ¹чàËȕÍ¢Í§ĉ¹ äˑÂÒ¡ŕÒºÒ¡ƽ¡˅Íä»$h\"(break)emote Birdie 28\\speak Birdie \"ÂÒÂáʱÍ˒Ò§ĉ¹ˉÐËÃÍ? ĉ¹Ť´˗Òġ¹˪Òàš¹ä»á̅Ç˕Ð чģ¡...$s#$b#¹Í¡¨Ò¡׉... ĉ¹ªÍºчщ¹Ð! ġ¹ÊÇÂ§ÒÁáÅÐˌÍ¹¤ÅÒÂ á̅Çĉ¹ʁƱ»ÅÒÊ´æ āºàةÍƅ§ã̋š¹ä˴äˑՍ¹˴ÇÂ Ǝææ$h#$b#...àҳÍ§àةÍƅ§ ĉ¹̅Íà˕¹¹Ð\"/pause 1000/speak Birdie \"Ƨ׉... ĉ¹¨ÐµÍºá·¹à¸Í ŚÒËģºЪ§׉Ģ§ä§Ƥ?\"/jump Birdie/pause 500/speak Birdie \"â̍... ĉ¹ÊÍ¹ɺµÃĥºã̋āºà¸ÍƤՁÂ... ºÒ§Í˒Ò§чĉ¹ˤ¹¾º ¨Ò¡¡ÒÃÍԒчщÁÒËÅÒÂƫ\"/pause 1000/playSound reward/addCraftingRecipe Fairy Dust/message \"àƳÂ¹ړƇƨ¡ÒÃỄÒ§ 'ÅÐÍÍ§¹Ò§˿Ò(Fairy Dust)'.\"/pause 1000/fork gotBirdieReward Strings\\\\Locations:alreadyGotNuts true/speak Birdie \"à¸ÍàÍÒ à˨Ò¾Ç¡׉ä»˴ÇÂʁä˴¹Ð...\"/awardFestivalPrize birdieReward true/pause 1000/speak Birdie \"á́˗Òà¸Í¨Ðàʛ¹¤¹á»Å¡Ë˹Ò á˅à¸ÍʁŕÒºÒ¡ ÁÒʺÇÂÂÒÂáʱÍ˒Ò§ĉ¹#$b#à¸ÍʺÒ§ƱŨµã¨чƤ§ÒÁ!$h\"/emote Birdie 20/emote farmer 32/pause 1000/end",
        "alreadyGotNuts": "pause 50/pause 50/pause 1000/speak Birdie \"á́˗Òà¸Í¨Ðàʛ¹¤¹á»Å¡Ë˹Ò á˅à¸ÍʁŕÒºÒ¡ ÁÒʺÇÂÂÒÂáʱÍ˒Ò§ĉ¹#$b#à¸ÍʺÒ§ƱŨµã¨чƤ§ÒÁ!$h\"/emote Birdie 20/emote farmer 32/pause 1000/end",
        "qiNutDoor": "Ȥ³ä˴Ƃ¹àƺÂ§»ÃÐËÅÒ´¨Ò¡Ëĥ§»ÃÐɥ...#'ƱàƮÂ§ę¡˕ÒÇÍÅę·ڌТ§ãËʽàˇÒԹ¹ ч¨ÐàˢÒä»ã¹׉ä˴'^    ĸÒ¹Ç¹ÇÍÅę··Í§ĴÒµÍ¹׉: {0}/100",
        "BoatTunnel_DonateBatteries": "ºƃ¨Ò¤áºµàµÍѓ (battery packs) 5 ˡÍ¹ àҮÍʻÍÁà¤ҳÍ§¢ÒÂݘÇ?",
        "BoatTunnel_DonateHardwood": "ºƃ¨Ò¤ä́àةÍáʂ§ (hardwood) 200 ˇÍ¹ àҮÍʻÍÁĕÇàȓÍ?",
        "BoatTunnel_DonateIridium": "ºƃ¨Ò¤áˇ§ƍƃàƤÂÁ (iridium bars) 5 áˇ§ àҮÍʻÍÁÊÁÍ?",
        "BoatTunnel_DonateBatteriesHint": "áºµàµÍѓ (battery packs) 5 ˡÍ¹ ˉÒ¨ÐʻÍÁà˨Òà¤ҳÍ§щä˴",
        "BoatTunnel_DonateHardwoodHint": "ä́àةÍáʂ§ (hardwood) 200 ˇÍ¹ ˉÒ¨ÐʻÍÁĕÇàȓÍä˴",
        "BoatTunnel_DonateIridiumHint": "áˇ§ƍƃàƤÂÁ (iridium bars) 5 áˇ§ ˉÒ¨ÐʻÍÁÊÁÍä˴",
        "BoatTunnel_boatcomplete": "à¨ÍħÊȴԷ§ËÁ´á̅Ç!#àȓÍ¨Ðɦ¡ʻÍÁã¹ΪÇˢÒÁǴ¹",
        "BoatTunnel_willyText_firstRide": "à¸ÍɤÊÇÂàËȑÍ¹ãËˑàÅÂ!",
        "BoatTunnel_willyText_random0": "¢Íâ·É¹Ð ˶Òĉ¹¡Х¹àËȑÍ¹»ÅÒ áËÐæ!",
        "BoatTunnel_willyText_random1": "Í̾ÍÂ!",
        "AnimalHouse_Incubator_Hatch_Ostrich": "ɵ¡¹¡¡ÃÐ¨Í¡à·ÈĕÇãËˑğ¡ÍÍ¡ÁÒá̅Ç... ĕÇãËʽàƚÂÇ!",
        "FieldOfficeFinale": "distantBanjo/-1000 -1000/farmer 4 8 0/addCraftingRecipe Ostrich Incubator/addMailReceived fieldOfficeFinale/skippable/addTemporaryActor SafariGuy 16 32 3 8 0 true Professor_Snail/pause 1000/viewport 4 6 true/pause 4000/speak SafariGuy \"̇ÒÇ...#$b#ɤƊ˗ÒàÃÒÁÒä¡ÅáʴäË¹!$h\"/faceDirection SafariGuy 1/speak SafariGuy \"Է§Ȫ´щġ¹ġ¹ɤä̃чŵ ˵Í§¢ÍºȤ³à¸Í¹Ð @\"/emote farmer 32/speak SafariGuy \"àÍÒщ àҮÍàʛ¹¡ÒÃ '¢ÍºȤ³' ĉ¹ÍÂÒ¡¨ÐÊÍ¹ÍÐäÃºÒ§Í˒Ò§ ã̋āºà¸Í\"/faceDirection farmer 3/pause 700/playSound reward/message \"àƳÂ¹ړƇƨ¡ÒÃỄÒ§ 'à¤ҳÍ§ğ¡äʲ¹¡¡ÃÐ¨Í¡à·È'\"/pause 400/speak SafariGuy \"ɍ»¡Ã΃֊¹׉ ¨ÐŇÒã̋à¸ÍÊÒÁÒÃ¶ àוÂ§¹¡¡ÃÐ¨Í¡à·È ч˺Ò¹¢Í§à¸Íä˴ àƮÂ§áʴÇÒ§à¤ҳÍ§ğ¡äʲ ä̇ã¹¤Í¡ĪµΗ (barn) ÇÒ§äʲ¹¡¡ÃÐ¨Í¡à·È ä̇ˢÒ§ã¹á̅ÇʁÃÍ...\"/faceDirection SafariGuy 0/speak SafariGuy \"¡ÒÃī¹ÁÒÊ¹ã¨ äʲ¹¡¡ÃÐ¨Í¡à·ÈˉÐ àʛ¹Ëę§¤¹ÅÐ́Ç¹ āºчˌÒ¹ÁÒàÅÂ ǖ§Í˒Ò§Թ¹... ĉ¹ʁ¢Í½Ò¡ġ¹ä̇ ã¹ȑÍ¢Í§à¸Íá̅Çā¹¹Ð!\"/pause 400/faceDirection farmer 0/pause 500/speak SafariGuy \"ўæ... àÍÒ˕Ð... Ƨ׉§Ò¹чá˷¨ƃ§ʁàУÁע¹á̅Ç#$b#ĉ¹¨ÐǨ¡ÉÒ¡ÃÐɤ¡¾Ç¡׉ ä»ƽ¡ËÅÒÂƫàÅÂáËÅÐ!\"/faceDirection SafariGuy 1/faceDirection farmer 3/speak SafariGuy \"ÅÒʱÍ¹¹Ð @!\"/pause 600/end",
        "NutHint_Squawk": "*á¡̷¡¡*",
        "NutHint_VolcanoLava": "ɰà¢Òä¿... áˑթÒä¿чʻÍ¹ÍԒ...",
        "NutHint_BuriedArch": "ĝ§ÍԒã¡̅¡ÃÐɤ¡...",
        "NutHint_Arch": "ʺÇÂàËȕÍªÒÂã¹àʕ¹·...",
        "NutHint_NorthBuried": "{0} ɦ¡ĝ§ÍԒ·Ò§àËȉÍ...",
        "NutHint_WestBuried": "{0} ɦ¡ĝ§ÍԒ·Ò§µÐħ¹µ¡...",
        "NutHint_SouthBuried": "{0} ɦ¡ĝ§ÍԒ·Ò§ã˵...",
        "NutHint_NorthHidden": "{0} ɦ¡ʻÍ¹ÍԒ·Ò§àËȉÍ...",
        "NutHint_HutTree": "ÃÍÂ¡ÅºÍԒã¡̅ÁÒ¡æ...",
        "NutHint_TigerSlime": "ÊäÅΑÅÒÂ֣Çä»·Ò§µÐħ¹µ¡...",
        "NutHint_MusselStone": "{0} ŵ´ÍԒã¹à»ȕÍ¡Ƌ¹чªÒÂν§...",
        "NutHint_IslandFarming": "{0} àŵºâµã¹¿ÒΓÁ·Ò§µÐħ¹µ¡...",
        "NutHint_WestHidden": "{0} ʻÍ¹ÍԒ·Ò§µÐħ¹µ¡...",
        "NutHint_IslandFishing": "{0} ÍԒã¹թÒǥ¡...",
        "NutHint_VolcanoTreasure": "{0} ʻÍ¹ÍԒã¹¡˕Í§ÊÁĚŵº¹ɰà¢Òä¿...",
        "NutHint_VolcanoBarrel": "{0} ɦ¡˛Í٫ÁÍԒã¹ɍ»¡Ã΃º¹ɰà¢Òä¿...",
        "NutHint_VolcanoMining": "{0} Ƌ¹ч¤̅ÒÂζÇº¹ɰà¢Òä¿...",
        "NutHint_VolcanoMonsters": "{0} ɦ¡ĪµΗ»ÃÐËÅÒ´º¹ɰà¢Òä¿àÍÒä»...",
        "NutHint_Journal": "ʻÍ¹ÍԒã¹Ë˹Ò¡ÃÐ´ÒÉ¢Í§ŹµÂÊÒÃ...",
        "NutHint_SouthEastBuried": "{0} ɦ¡ĝ§... ˝ÒÇâ¨ÃÊĥ´...",
        "NutHint_StardropPool": "¨ÁÍԒ ³ ã¨¡ÅÒ§¢Í§´Ç§´ÒÇ...",
        "NutHint_Caldera": "Ȩ´Ɋ´ÂÍ´¢Í§ɰà¢Òä»...",
        "NutHint_Gourmand": "̽º̽º... àނººº...",
        "NutHint_IslandShrine": "ÈÒÅà˨Òĥºã¹ˋÒ½¹...",
        "NutHint_GoldenCoconut": "ˢÒ§ã¹¢Í§áʂ§ƺ·Í§...",
        "IslandSouth_ResortOpenSign": "ƳÊÍΓ·ƃÁËÒ´àŻ´á̅Ç ¾ӣ§׉¨ÐŻ´ΪÇ¤ÃÒÇՁÂ¹Ð?",
        "IslandSouth_ResortOpenWillCloseSign": "ƳÊÍΓ·ƃÁËÒ´ ¨ÐŻ´ΪÇ¤ÃÒÇã¹ħ¹¾ӣ§׉ ¨ÐàŻ´ä̇ՁÂ?",
        "IslandSouth_ResortClosedSign": "ƳÊÍΓ·ƃÁËÒ´Ż´ΪÇ¤ÃÒÇ ¨Ð¡ĥºÁÒàŻ´ã¹ħ¹¾ӣ§׉ՁÂ?",
        "IslandSouth_ResortClosedWillOpenSign": "ƳÊÍΓ·ƃÁËÒ´ ¨Ð¡ĥºÁÒàŻ´ã¹ħ¹¾ӣ§׉ ¨ÐŻ´ä̇ՁÂ?",
        "IslandSouth_ResortWillOpenSign": "ƳÊÍΓ·ƃÁËÒ´ ¨ÐàŻ´ã¹ħ¹¾ӣ§׉",
        "IslandSouth_ResortWillCloseSign": "ƳÊÍΓ·ƃÁËÒ´ ¨ÐŻ´ã¹ħ¹¾ӣ§׉",
        "ManorHouse_LAF_Check": "¡˕Í§ '¢Í§ËÒÂä˴Ǵ¹' ¢Í§àȑÍ§",
        "ManorHouse_LAF_Check_OrdersUnlocked": "¡˕Í§ '¢Í§ËÒÂä˴Ǵ¹' ¢Í§àȑÍ§ Ȥ³ÊÒÁÒÃ¶àʁº¢Í§ ч˚§äˑŚÒàʣ¨ ¨Ò¡ĴÒϊ§؛ÍžàÈÉ ä˴¨Ò¡чщ",
        "ManorHouse_LAF_DonationItems": "àʁº¢Í§чËÒÂáÅÐ˚§äˑŚÒàʣ¨",
        "ManorHouse_LAF_FarmhandItems": "àƳÂ¡Ǵ¹Ъ§¢Í§¨Ò¡ªÒÇä˓чäˑÍԒ",
        "ManorHouse_LAF_FarmhandItemsQuestion": "Ȥ³¨ÐàƳÂ¡¢Í§Ǵ¹¨Ò¡ªÒÇä˓¤¹äË¹",
        "FieldOfficeDonated_0": "ÍÒ... щƊ ֊¹˚Ç¹»ÃÐħŵÈÒÊµΓ¢Í§á˷ чªÇ¹ã̋ËÅ§äËÅ! ¢ÍºȤ³¹Ð",
        "FieldOfficeDonated_1": "ÊÇÂàËȕÍàš¹! ¡ÃÐɤ¡¾Ç¡׉ġ¹ ǴÍЪ§чĉ¹µÒÁËÒÍԒ Ƨ׉ ã̋ĉ¹ŇÒ¤ÇÒÁÊÐÍÒ´ á˗¹¢ÂÒÂËˉÍÂ¹Ð...",
        "FieldOfficeDonated_2": "Ȥ³ŇÒä˴Ƥ¡˗ÒчŤ´«Ðƽ¡ @ щǴÍËѹ§ã¹ĕÇÍ˒Ò§ч àʱÒáʱчɊ´ àˇÒчĉ¹à¤Âàʫ¹ÁÒàÅÂ ¢ÍºȤ³ÁÒ¡!$h",
        "FieldOfficeDonated_3": "ÅÍ§Ť´ɤ... ɂ¤ÊġÂÁÒá̅Çʁä» ã¹¢³Ðч¡ÃÐɤ¡àʥ¡æ ¾Ç¡׉ɦ¡ʻÍ¹ÍԒã˵خ¹Ŵ¹ µÍ¹׉ġ¹àʛ¹¢Í§ĉ¹á̅Ç!",
        "FieldOfficeDonated_Reward": "ɤƊ! ˴ÇÂ¢Í§֊¹׉ àÃÒʁÊÐÊÁ¤Ãº ä»ƽ¡Ëѹ§Ȫ´á̅Ç$h#$b#ĉ¹ƱÍÐäÃºÒ§Í˒Ò§ чÃÍ¨Ðã̋à¸Í˴ÇÂ ġ¹ÍԒËĥ§à¤ÒàµÍΓáˉÐ ¨Ðã̋àұÍ à¸Í¾̃ÍÁŚÒËģºġ¹¹Ð!",
        "Volcano_ShortcutOut": "ã˪·Ò§ĥ´ÍÍ¡¨Ò¡ɰà¢Òä¿?",
        "SeedShop_MoneyBox": "¼ÁıÒĥ§ã˪ħ¹Ëɂ´ ÍԒº¹à¡ÒÐ ¡Ƀ³ÒÇÒ§àŧ¹ä̇ã¹¡˕Í§ Í˒Òâ¡§˕Ð!^     -ŻáÍΓ",
        "AnimalShop_MoneyBox": "ħ¹׉ĉ¹ä»чà¡ÒÐ ˶ÒȤ³˵Í§¡ÒÃ؛ÍÍÐäÃ˕Ðʁ ÇÒ§àŧ¹֗§ä̇ã¹¡˕Í§׉¹Ð!^     -ÁÒƩ",
        "Saloon_MoneyBox": "ħ¹׉¼Áä»àŻ´ºÒΓ ÍԒº¹à¡ÒÐŢ§ á˅¼Á¨ÐäˑŇÒã̋ġ¹Ëɂ´Ȥ³ ¨Ò¡¡ÒÃ؛Í¢Í§ËÃÍ¡!^     -āÊ",
        "ScienceHouse_MoneyBox": "ħ¹׉ĉ¹ÍԒº¹à¡ÒÐ á˅à¸ÍĢ§؛Í¢Í§ä˴ÍԒ¹Ð ˴ÇÂÃÐºº¡ÒÃģ¡ÉÒàƑÂÃŵ ¢Í§ĕÇàÍ§Ģ§ä§˕Ð!^     -âÃź¹",
        "ChallengeShrine_NotYetHard": "         --ÈÒÅà˨Òá˛§¡ÒÃ˷Ò·ÒÂ--^ÊÅÒÂÁ¹΅¢Í§Ģ¹΅žė¡ΙâºÃÒ³ áÅÐ»Å´»˕ÍÂĪµΗ»ÃÐËÅÒ´ чáʂ§á¡˓§ÍÍ¡ÁÒ¨Ò¡˚Ç¹ǥ¡?",
        "ChallengeShrine_AlreadyHard": "         --ÈÒÅà˨Òá˛§¡ÒÃ˷Ò·ÒÂ--^ĭ­àŪ­Ģ¹΅žė¡ΙâºÃÒ³ ŇÒã̋àËȑÍ§¡ĥºԚÀÒÇÐ»¡ŵ?",
        "ChallengeShrine_Activated": "ĴÒ¢Í¢Í§Ȥ³ ¨Ðàʛ¹¨ƃ§ã¹Ǵ¹׉",
        "ChallengeShrine_AlreadyActive": "Ȥ³˚§ĴÒ¢Íä»á̅Ç",
        "ChallengeShrine_OnQiChallenge": "Ʊâ˹µ¨Ò¡ Mr. Qi: ^ ĉ¹Ż´ÈÒÅà˨ÒщΪÇ¤ÃÒÇ¹Ð ¡ĥºÁÒãËˑ¾ӣ§׉á̅Çā¹!",
        "Gil_Telephone": "ä§ ɰµáʡ¡ˑÒ 150 ĕÇԧ¹àËÃÍ? ¼Á»ÃÐėºã¨àÅÂ¹ÐàщÂ#$b#àÍÒַ... ¼Á¨Ðã̋àºÍΓÁÒΓÅÍ¹ āºȤ³ÅÐā¹ à¢ÒäˑªÍºã̋¼Áá¨¡àºÍΓ ã̋āºã¤ÃËÃÍ¡ á˅¼Á˗ÒȤ³¤ÇÃä˴¹Ð#$b#˶ÒȤ³ÍÂÒ¡ã˪ºƃ¡ÒÃٱǴ¹¢Í§ á˅äˑÍÂÒ¡àŴ¹·Ò§ÁÒǖ§щ... ʁâ·ÃÁÒá̅Çā¹¹Ð ƤՁÂ?",
        "AdventureGuild_KillList_MagmaSprite": "ɰµáʡ¡ˑÒ",
        "AnimalHouse_Incubator_HouseFull": "ä¢è¾ÃéÍÁ¨Ð¿Ñ¡áÅéÇ áµè¤Í¡àµçÁ",
        "SandDuggy": "ݠ¡ֱ·ÃÒÂ",
        "TravelingMerchant": "ˎÍˤÒĪ­¨Ã",
        "ScienceHouse_Carpenter_CommunityUpgrade2": "...ÍÐäÃ¹Ð? à¸ÍÍÂÒ¡ã̋ĉ¹ŇÒ·Ò§àŴ¹ĥ´ÃÍºæ ɋºà¢ÒàËÃÍ? ä˴Ɗ ĉ¹ŇÒä˴!^ĉ¹áʴ˵Í§ã˪àŧ¹ 300,000g ...",
        "AnimalHouse_Incubator_Hatch_GoldenEgg": "ɵ¡àܓÂºчà»˕§»ÃÐ¡ÒÂƺ·Í§ğ¡ÍÍ¡ÁÒá̅Ç!",
        "SummitBoulder": "ġ¹äˑˉÒ¨Ð¢Ģºä˴...",
        "Hint": "ĴÒã˺"
    }
}
