{
    "header": {
        "target": "w",
        "formatVersion": 5,
        "hidef": true,
        "compressed": 128
    },
    "readers": [
        {
            "type": "Microsoft.Xna.Framework.Content.DictionaryReader`2[[System.String, mscorlib, Version=4.0.0.0, Culture=neutral, PublicKeyToken=b77a5c561934e089],[System.String, mscorlib, Version=4.0.0.0, Culture=neutral, PublicKeyToken=b77a5c561934e089]]",
            "version": 0
        },
        {
            "type": "Microsoft.Xna.Framework.Content.StringReader",
            "version": 0
        }
    ],
    "content": {
        "0": "à¤ʥ´ĥºã¹¡ÒÃŇÒ¿ÒΓÁ -- \n*ã˪ݾÂàҮÍ»ģº»Ƀ§Ȥ³ÀÒ¾ Å´ÀÒÃÐ§Ò¹ ËȓÍà˓§¡ÒÃà¨ƃ­àŵºâµ¢Í§Ȏª \n*ä́¼Åã˪àÇÅÒԷ§Äɤ¡ÒÅ ã¹¡ÒÃà¨ƃ­àŵºâµ á˅¾Ç¡ġ¹˵Í§¡ÒÃ ¡ÒÃɤáÅàƮÂ§àʥ¡˹ÍÂ ¢³Ðч¾Ç¡˵¹˝Í¹ äˑàʛ¹àʺ¹Թ¹ ¾Ç¡ġ¹ÍÒ¨àŵºâµ Í˒Ò§äˑàËÁÒÐÊÁ \n*Ȏª¨ÐàћÂÇµÒÂė¹Ƨ чÄɤ¡ÒÅ֪¹Ɋ´Å§ à̇¹á˅˗Ò¾Ç¡ġ¹ ÊÒÁÒÃ¶àŵºâµä˴ ã¹ËÅÒÂÄɤ¡ÒÅ (àʺ¹ ˢÒÇâ¾´) \n*ȎªºÒ§ªŹ´ àʺ¹ ¤Ð˹ÒáÅÐˢÒÇÊÒƵ ĸÒàʛ¹˵Í§ã˪àƔÂÇ ã¹¡ÒÃàʁºàбÂÇ",
        "1": "...щǴÍËę§ȚÍчàƒÂ¹â´ÂÁÒƩ \n'ĪµΗàʛ¹Ъ§ƱƚƇµч Ʊ¤ÇÒÁ˝Í¹äËÇÁÒ¡ ¾Ç¡ġ¹ªÍºã̋ɵºȷ¡ħ¹ áÅÐªÍºš¹Ë˭ÒÊ´ ˢÒ§¹Í¡ÁÒ¡¡˗ÒË˭Òá̋§ á˅ʁäˑªÍºÍԒˢÒ§¹Í¡ ˇÒÁ¡ÅÒ§ÊÒÂ½¹ ĪµΗчƱ¤ÇÒÁɊ¢ ¨Ðã̋¼Å¼ƅµч ƱȤ³ÀÒ¾ɺ§ע¹!'",
        "2": "à̊¹·Ò§àʁº¢Í§ˋÒ \n ˋÒáÅÐɰà¢Òã¹˷Í§Ж¹àʛ¹ Ê¶Ò¹ччÂÍ´àђÂÁ ã¹¡ÒÃˤ¹ËÒ ¼Å¼ƅµ¨Ò¡ˋÒ! ڌàʁº¢Í§ˋÒчƤ ¨ÐʺÇÂıÒĈ´ħªȎªµÍä́ ËȓÍˡÍ¹Ƌ¹ ÍÍ¡¨Ò¡خ¹чàË˕Ò׉ àҮÍã̋¼Å¼ƅµ¨Ò¡ˋÒ Ʊخ¹чàËȕÍàȏÍч¨Ðàŵºâµ! \n ę¡àʁº¢Í§ˋÒȑÍ©ġ§ ¨Ðړà¤ʥ´ĥº ã¹¡ÒÃà¾ÒÐÍÒËÒÃ¨Ò¡ˋÒ ã̋ÊÒÁÒÃ¶»ɵ¡ã¹¿ÒΓÁä˴ ˉÒĭÈ¨ÃÃΒãʺäËÁÅÐ?",
        "3": "ſªàªÍΓáÁ¹ Í§ͱчËѹ§: \nàʗ¡ͻ: щ¡ÍΓׄ ¹ÒÂĈº»ÅÒ ĸÒ¹Ç¹àÂÍÐæ ä˴Ģ§ä§? ĉ¹ŇÒÍ˒Ò§¹ÒÂ äˑä˴ËÃÍ¡! \n¡ÍΓׄ: ¹ÒÂ˵Í§àȕÍ¡ ч¨Ðàʛ¹'ªÒÇ»ÃÐÁ§' ʱÍ¹Ɗ... áÅÐàұÍàÇÅÒˌÒ¹ä» ¤ÇÒÁàʣÇã¹¡ÒÃµ¡»ÅÒ ¢Í§¹ÒÂ¨ÐàОÁע¹! \nàʗ¡ͻ: ¹ÒÂıÒĥ§ºÍ¡˗Ò ė¡ÉÐ¡ÒÃµ¡»ÅÒ¢Í§ĉ¹ ¨ÐàОÁע¹ԧ¹àËÃÍ? \n¡ÍΓׄ: ɦ¡˵Í§ ħ¹Ëѹ§¹ÒÂÍÒ¨àƳÂ¹ړ ¤ÇÒÁĥºã¹¡ÒÃỄÒ§ӗ¹µ¡»ÅÒ (Bobbers) ¢Í§ĕÇàÍ§ŇÒã̋ Ĉºàʱ§ע¹ä»ƽ¡ʁä˴ ړá̅ÇʁƳºä»ǝ¡«Ð!",
        "4": "  àËȑÍ§׉ä»ä˴ǥ¡áʴäË¹?\n ę¡ŚÒÃÇ¨¢Í§ÊµÒΓŴÇáÇÅѕ ä˴Ե§ĴÒ¶ÒÁ׉ āº¡ӥÁę¡ŚÒÃÇ¨ËÅÒÂ¤¹ ã¹ʺÇ§ËÅÒÂƫчˌÒ¹ÁÒ... ¤ÇÒÁ¨ƃ§ʁǴÍ äˑƱã¤Ã·ÃÒº ËȓÍÍ˒Ò§˹ÍÂ¾Ç¡à¢Ò ʁäˑä˴ºÍ¡¡˕ÒÇ àҳÍ§׉āºã¤Ã \nâª¤äˑƤчËÅÒÂæ ¤¹ǖ§āºÅ§ȷ¹ Å§ǥ¡àˢÒä»ã¹àËȑÍ§ á˅äˑà¤Âä˴¡ĥºÍÍ¡ÁÒƽ¡àÅÂ...\nÍ˒Ò§äÃʁµÒÁ Ʊę¡¼¨­ĠÂ ч¡̅ÒËÒ­ºÒ§¤¹ чàŴ¹·Ò§àˢÒä»ã¹àËȑÍ§ǥ¡ áÅÐ¡ĥºÁÒ¾̃ÍÁÃÒÂ§Ò¹ чˉÒÊ¹ã¨\n àʫ¹ä˴Ċ´˗Ò ƱÊÒÁخ¹ччáµ¡˅Ò§ā¹ ã¹àËȑÍ§á˅ÅÐá˛§ ƱÁÍ¹ÊàµÍΓáÅÐ ÊÁĚŵчäˑ՛Òā¹\nę¡¼¨­ĠÂ ºÒ§¤¹ɮ´ǖ§ ·ÐàÅÊÒºã˵Ŵ¹¢¹Ò´ÁǫÁÒ áÅÐЪ§ƱƚƇµá»Å¡æ... á˅ʁäˑƱˢÍžɺ¨Ή˗Ò ¾Ç¡à¢Òɮ´¨ƃ§ËȓÍäˑ",
        "5": "Ě¹Ǘ¡¢Í§ªÒÇä˓ªÃÒ:\n ĉ¹ÍÒĨÂÍԒчщÁÒàʛ¹ƫá̅Ç áÅÐĉ¹ʁàУÁч¨Ðɬ¡ƁµÃ āºڌ¤¹ã¹àȑÍ§ ġ¹ړǪ¡àђÂÁ¨ƃ§æ àÅÂ! á̅Ç¾Ç¡à¢ÒĢ§˚§¢Í§¢ħ­ áÅÐɺµÃÍÒËÒÃĥº »ÃÐĸÒµÃÐɑÅ ÁÒã¹¡˕Í§¨´ËÁÒÂ˴ÇÂ! Ʊ»ÃÐâÂªΉÁÒ¡¨ƃ§æ",
        "6": "'ӫ¹ä˕¡Ò'\n àұÍȤ³àУÁ»ɵ¡ȎªĜ¡ ÁÒ¡ע¹ã¹¿ÒΓÁ¢Í§Ȥ³ Ȥ³à´Òä˴àÅÂ˗Ò¨ÐƱàË˕Òƽ¡Ò ÁÒàђÂÁàƲÂ¹Ȥ³áˉ¹Í¹ ºÒ§¤Ճ§ã¹µÍ¹à˪Ò Ȥ³ÍÒ¨¾º˗Òƽ¡ÒĕÇã´ĕÇËѹ§ ä˴àÍÒ¼Å¢Í§ËÂÒ´àËҗÍ áÃ§¡ÒÂчȤ³ӗÁà·ä»àʛ¹ ÍÒËÒÃà˪ÒàƺÂá̅Ç!\n·Ò§Ëѹ§ч¨Ð˻Í§ā¹ äˑã̋ƽ¡Òà˨Òě­ËÒàË˕Ò׉ à¢ȑÍºȎª¼Å¢Í§Ȥ³ËÁ´ ǴÍ¡ÒÃŵ´Ե§ӫ¹ä˕¡Òä̇ã¡̅æ Ȏª¼Å¢Í§Ȥ³ \ná˅Ǟ§ÃÐħ§ä̇˗Òӫ¹ä˕¡Ò àË˕Ò׉Ʊ¢Íºà¢µчĸÒā´ Ȥ³ÍÒ¨˵Í§ã˪ ӫ¹ä˕¡ÒËÅÒÂĕÇ ˶Ò¿ÒΓÁ¢Í§Ȥ³Ʊ¢¹Ò´ãËʽ \nӫ¹ä˕¡Ò¨ÐĚ¹Ǘ¡ĸÒ¹Ç¹ ƽ¡Òч¾Ç¡ġ¹ä˴ä˕ä»ä̇ Ȥ³ÊÒÁÒÃ¶ã˪ˢÍɱÅ׉ àҮÍ»ÃÐàƁ¹ä˴˗Ò ¾Ç¡ġ¹Ե§ÍԒã¹Ȩ´чƱ»ÃÐâÂªΉ á̅ÇËȓÍĢ§ \n\n* 'ӫ¹ä˕¡Òӣ¹ÊÐÊÁ' ʁäˑä˴áʴÊÇÂÍ˒Ò§àƤÂÇ¹Ð! ¾Ç¡ġ¹ŇÒ§Ò¹ä˴àËȑÍ¹æ āºӫ¹ä˕¡Òӣ¹»¡ŵàÅÂ",
        "7": "¤ÇÒÁĥº¢Í§ÊµÒΓ´ÃÍ» \n--\nàʛ¹àÇÅÒ¡˗Ò ËÅÒÂÊīÊÇÃÃÉá̅Çч ڌ¤¹ËÅ§ãËÅä»āº¾ĥ§ ĭ¹àʛ¹»ƃÈ¹Ò¢Í§ ÊµÒΓ´ÃÍ»... á˅äˑƱڌã´ړàÅÂ˗Ò ¾Ç¡ġ¹ÁÒ¨Ò¡äË¹!\n ÈÒµÃÒ¨ÒÃΒÍÒΓ à¨ ĄµàÅÍΓ īÇË˹Òę¡ƇĈÂàҳÍ§ ¼Åä́»ÃÐËÅÒ´׉ ¡˕ÒÇ˗Ò '¾Ç¡àÃÒä˴µÃÇ¨¾º˓Í§ÃÍÂ ÊÒÃĞ¹ȸ¡ÃÃÁº¹ɍ¡¡ÒºÒµч ã¡̅àƔÂ§āº ÊµÒΓ´ÃÍ»Í˒Ò§ÁÒ¡ á˅ġ¹ʁäˑä˴Ʊ¡ÒÃžɺ¨Ή˗ÒµÃ§ā¹'\näˑ˗Ò¼Åä́žǥ¡ àË˕Ò׉¨ÐÁÒ¨Ò¡äË¹ ÃÊªÒŵчÍ˓ÍÂÍ˒Ò§ äˑ¸ÃÃÁ´Ò¢Í§¾Ç¡ġ¹ʁ àʛ¹ч¡˕ÒÇ¢Ò¹ǖ§... ºÒ§¤¹Ģ§ǖ§āººÍ¡˗Ò ËÒ¡ģº»ÃÐ·Ò¹¼Åä́׉àˢÒä» ¨Ðä˴ģº¾ĥ§žàÈÉƽ¡˴ÇÂ",
        "8": "ÃÒªÒӗ§Ë˭Ò¼¨­ĠÂ -- ƇƤâÍà¡ÁÂÍ´Ǝµ! \n\nړËȓÍäˑ? ã¤ÃʁµÒÁчàÍÒª¹Ðà¡Á 'ÃÒªÒӗ§Ë˭Ò¼¨­ĠÂ' ä˴¨ÐƱҚÍã¹¡ÒÃĈºÊÅÒ¡ ÃÒ§ħÅɊ´žàÈÉâ´Âĭµâ¹ġŵ! \n\nړËȓÍäˑ? ڌĞ²¹Òä˴ºÍ¡ä̇˗Ò ĕÇàÍ¡¢Í§à¡ÁԹ¹ ÁÒ¨Ò¡Ⱥ¤¤Åã¹ƚƇµ¨ƃ§... ƷÃȺɃÉ¤ÒÇºÍÂĕÇ¨ƃ§ ¨Ò¡à¡ÒÐӗ§Ë˭Òá˛§·ÐàÅĭ­Áƣ!",
        "9": "-- ¡ÒÃǨ¡ÉÒà¾ªÃã̋¼Åá̅Ç --\n\n Ëĥ§¨Ò¡ËÅÒÂƫã¹¡ÒÃƇĈÂÀÒÂã¹àËȑÍ§ ˢÒ¾à˨ÒàҚÍ˗Ò ˢÒ¾à˨Òä˴à¨ÍÍÐäÃºÒ§Í˒Ò§ àбÂÇāº¤ÇÒÁцã¹¡ÒÃʱÍĕÇ ¢Í§à¾ªÃá̅Ç \n§Ò¹ƇĈÂ¢Í§ˢÒ¾à˨ÒǨ¡ÉÒà©¾ÒÐ Ƌ¹ч¡ÃÐĈ´¡ÃÐ¨ÒÂÀÒÂã¹àËȑÍ§... чÊÒÁÒÃ¶ŇÒã̋áµ¡ä˴˴ÇÂ¾υÇàˇÒԹ¹ á˓чä˴¨Ò¡áË˕§ҽ¹æ Ģ§˵Í§¡ÒÃ¡ÒÃƇĈÂàОÁàŵÁ \nà¾ªÃɤàËȑÍ¹¨ÐʱÍĕÇчàËȑÍ§Ԫ¹ч 50 Å§ä»àˇÒԹ¹ Ƌ¹ 1 ã¹ 500 ˡÍ¹â´Â»ÃÐÁÒ³ ¨ÐàʕÁä»˴ÇÂà¾ªÃчԪ¹ч 50 \nËĥ§¨Ò¡Ԫ¹ч 50 ¤ÇÒÁцã¹¡ÒÃʱÍĕÇ¢Í§à¾ªÃ ɤ¨ÐàОÁÁÒ¡ע¹ .000016 àˇÒ˅ÍԪ¹ àʛ¹á˓чËÒÂÒ¡¾ÍÊÁ¤ÇÃàÅÂ! \n-àʭÁ á¨Êà»ÍΓ",
        "10": "-~-ӴȑÍ¡ÒÃËġ¡ÃÐĔºÁÒÊàµÍΓ-~-\n   ÍÒ... ¡ÒÃËġ¡! \n¡Х¹àˢÁˢ¹¢Í§ƲÊ΅чâªÂ ˌÒ¹̋Í§ã˵Ëĥ§¤Òä́ƛ´ÒΓ... ÊÍ´á·Ã¡˴ÇÂ ¡Х¹ʮÍ¾ĕ´ãËˑ ÃÒÇ´Í¡ä́ã¹Ǵ¹ʱÍ¹ÄɤË¹ÒÇ... á˅ι¹ÍÍ¡¹Í¡àҳÍ§ä»ËˉÍÂ Ȥ³¤§Ê¹ã¨ã¹áʷɁÁч ã˪ä˴¨ƃ§¢Í§¡ÒÃËġ¡ ÁÒ¡¡˗ÒƊ¹Ð... \nã¹¡ÒÃËġ¡ Ȥ³¨Ð˵Í§ƱĖ§àƪÂΓ ¼Á¨Ðã̋Ȥ³Ť´àÍ§á̅Çā¹ ˗Ò¨ÐËÒžÁΎàƒÂÇ ¢Í§Ė§àƪÂΓ¨Ò¡äË¹ \nĖ§àƪÂΓÊÒÁÒÃ¶ã˪¼ƅµ ÍÐäÃä˴ËÅÒÂÍ˒Ò§ ˶Òã˚Ĝ¡àˢÒä» Ė§àƪÂΓ¨Ð¼ƅµթÒĜ¡ã̋Ȥ³ թÒĜ¡àщÂã˪àÇÅÒ˹ÍÂчɊ´ ã¹¡ÒÃËġ¡ \ná˅˶Òã˚ˢÒÇÊÒƵàˢÒä» ġ¹¨Ð¡ÅÒÂàʛ¹àƪÂΓ àƪÂΓã˪àÇÅÒĪ¡Ğ¡ã¹¡ÒÃËġ¡ á˅˗ÒŇÒıÒäÃä˴ƤƧàƤÂÇ \nã˚ʮÍ¾àˢÒä»ã¹Ė§àƪÂΓ ¨Ðä˴àƪÂΓÊ´ (Pale Ale) чàʛ¹чҚ¹ªÍº¢Í§ȷ¡¤¹ \nã˚¼Åä́¨Ðä˴äÇΉ äÇΉã˪àÇÅÒ¹Ò¹чɊ´ã¹¡ÒÃËġ¡ á˅äÇΉчËġ¡¨Ò¡ ¼Åä́Ȥ³ÀÒ¾àђÂÁ Թ¹ƱʴÒÁÒ¡ƧàƤÂÇ! \n¨§ã¨àʢ¹āºĖ§àƪÂΓ¢Í§Ȥ³... Ȥ³¨Ðړ˗Òġ¹Ëġ¡àÊʣ¨á̅Ç àұÍġ¹Й§ÊŹ· áÅÐҤÁàƮÂ§¾ÍƤæ àˇÒԹ¹¹Ð äˑԧ¹Ȥ³¨ÐàƺÂã¨ÀÒÂËĥ§áˉæ !",
        "11": "»ƃÈ¹Òá˛§àË˕Ò¤¹á¤ÃÐ \n¤¹á¤ÃÐàƳÂ¡µ¹àÍ§˗Ò 'ÊâÁĥÇɩ (Smoluanu)'... ѫ§Ʊ¤ÇÒÁËÁÒÂ˗Ò '¤¹á˛§˷Í§˿Ò' àʛ¹ҚÍчá»Å¡ŚÒËģºڌч ÍÒĨÂÍԒǥ¡ã˵Ŵ¹ãʺՁÂ \n»ƃÈ¹Òƽ¡ˢÍËѹ§¢Í§¤¹á¤ÃÐ ǴÍà·¤â¹âÅƲյÒÊġÂч¾Ç¡à¢ÒˉÒ¨ÐƱ á́˗ÒàҮÍ¹˓ÇÁ§Ò¹¨Ð̅ÍàƵÂ¹ á˅Ëĥ¡°Ò¹àҳÍ§׉ä˴ŉÒ¾Òã̋ˢÒ¾à˨ÒԵ§·ÄÉƞãËˑע¹: \nˢÒ¾à˨ÒàҚÍ˗Ò¤¹á¤ÃÐǴÍ Ъ§чàËȕÍÃÍ´¢Í§ÍÒÃÂÐ¸ÃÃÁյÒË˹Ò чÂÒ¹àŴ¹·Ò§ˢÒÁ´ÒÇà¤ÃÒÐΛ ¢Í§¾Ç¡à¢Òµ¡Å§º¹´ÒÇà¤ÃÒÐΛ ´Ç§׉àұÍ¹Ò¹ÁÒá̅Ç \n ˢÒ¾à˨Ò¢ÍàÊ¹Í˗Ò ÂÒ¹¢Í§¤¹á¤ÃÐ׉ µ¡Å§ǥ¡ã˵Ŵ¹... áÅÐàұÍàÇÅÒˌÒ¹ä» àË˕Ò¤¹á¤ÃÐʁ»ģºĕÇ àˢÒāºÊÀÒ¾áÇ´̅ÍÁãËˑã˵Ŵ¹ \n àË˕ÒàҮÍ¹˓ÇÁ§Ò¹ ¢Í§ˢÒ¾à˨Ò¶ÒÁ˗Ò 'ŇÒäÁ¾Ç¡à¢Òäˑע¹ÁÒàËȉÍŴ¹ áÅÐÍÒĨÂº¹خ¹âÅ¡˕Ð?' ...ºÒ§Ƨ´ÒÇà¤ÃÒÐΛàʱÒ¢Í§¾Ç¡à¢Ò ÍÒ¨¨ÐƱԪ¹ºÃÃÂÒ¡ÒÈчË¹Ò¡˗Ò ѫ§»¡˻Í§¾Ç¡à¢Ò¨Ò¡ģ§ƺ´ÒÇÄ¡Ι ŇÒã̋¾Ç¡à¢ÒäˑÊÒÁÒÃ¶ƱƚƇµÃÍ´ ÀÒÂã˵áÊ§ÍÒŷµΒ¢Í§¾Ç¡àÃÒʁä˴\n ι¹¨ÐÍŸºÒÂä˴˗Ò ŇÒäÁ¾Ç¡à¢Òǖ§ע¹ÁÒàÍÒ¢Í§ч¾Ç¡à¢Ò ˵Í§¡ÒÃ¨Ò¡˺Ò¹¢Í§¾Ç¡àÃÒ µÍ¹¡ÅÒ§Ǵ¹ä˴... \n\n- àʭÁ á¨Êà»ÍΓ",
        "12": "àËȵ¡ÒÃ΃ŚÒĄ­¨Ò¡ĄÁưΓá˛§âÂºÐ \n\nʱÍ¹̋Ç§àÇÅÒԹ¹ƱàƮÂ§ áÊ§ƺ·Í§ĭ¹äˑ֪¹Ɋ´ \náÊ§àƳÂ¡ĕÇàÍ§... 'âÂºÐ' \nâÂºÐ˵Í§¡ÒÃÁÒ¡¡˗ÒԹ¹ \nâÂºÐǈ§ËɁ¹áÊ§·Í§Í˓ÒÁԹ¹ ¨¹¡ÅÒÂàʛ¹¡ÃÐáÊĭ¹ËɁ¹Ç¹ âÂºÐËɁ¹á̅ÇËɁ¹à˕Ò ¨¹àš´ɳчµÒ¢Í§¡ÃÐáÊԹ¹ \n¨Ò¡ɳԹ¹àÁʥ´Ğ¹ۨËѹ§ʱÍıÒàŹ´ע¹ \nâÂºÐƳ´áÊ§ƺ·Í§ Ƴ´á̅ÇƳ´à˕Ò¨¹áÊ§¡ÅÒÂàʛ¹خ¹Ŵ¹ \nâÂºÐĝ§àÁʥ´Ğ¹ۨԹ¹Å§ã¹Ŵ¹׉ \nàÁʥ´Ğ¹ۨáµ¡ËˉÍ áÅÐĈºµÒã̋Ƥ! à¶ÒħÅΒ·ÐÂÒ¹ע¹Ԛ˿Ò ź´ËɁ¹áÅÐá·§ÂÍ´ ·Í´à§Ò¾֥ÇäËÇÅ§º¹ ¤ÇÒÁ˗Ò§à»˕Òƺ·Í§Թ¹ \nËĥ§ˌÒ¹ä» 11 ħ¹ à¶ÒħÅΒԹ¹ʁã̋¼Å \nâÂºÐ ѫ§àыÂÁ˴ÇÂě­­ÒÃÍºړ ÅÍ¡à»ȕÍ¡áʂ§¢Í§¼Åä́Թ¹ÍÍ¡ áÅÐ¾ºâÅ¡ÍԒÀÒÂã¹ \náÅÐι¹ǴÍ¡ÒÃʱÍıÒàŹ´¢Í§âÅ¡",
        "13": "ӴȑÍ¡ÒÃá˅§§Ò¹ŚÒËģºªÒÇÊÇ¹ \nʱÍ¹чȤ³¨Ð¢Íã¤Ãá˅§§Ò¹ Ȥ³¨Ð˵Í§à´µāº¾Ç¡à¢Ò Ī¡Ğ¡àƺÂʱÍ¹ (¢Í¾Ç¡à¢ÒÍÍ¡à´µ˴ÇÂ ʺÍ´Í¡ä́¨Ò¡ ̃Ò¹¢Í§ƫáÍΓ¹Ð) \nàұÍȤ³¾̃ÍÁч¨Ð ¶ÒÁĴÒ¶ÒÁŚÒĄ­ι¹ Ȥ³¨Ð˵Í§ÁÍº 'ỄÍÂ¤Í¢Í§¹Ò§àǷÍ¡ (Mermaid's Pendant)' ã̋¾Ç¡à¢Ò ȷ¡¤¹ړ˗Òġ¹ËÁÒÂ¤ÇÒÁ ˗ÒĢ§ä§àұÍȤ³ã̋ġ¹āº¾Ç¡à¢Ò \nƱĴÒà˕Ò˗Òã¹ħ¹ч½¹˿Ò¤Ð¹Í§ Ƈ­­Ò³¢Í§ªÒÇ»ÃÐÁ§à˂Ò ¨Ð»ÃÒ¡¯ĕÇã¹ÊµÒΓŴÇáÇÅѕ ıÒỄÍÂч˗Ò \nËĥ§§Ò¹á˅§§Ò¹ Ӵģ¡¢Í§Ȥ³¨Ð̂ÒÂàˢÒÁÒÍÒĨÂāºȤ³ Í˒ÒȕÁч¨Ð»ůĚŵ āºӴÊÁÃÊ¢Í§Ȥ³Ƥæ.. ¾Ç¡à¢ÒĢ§˵Í§¡ÒÃ ¢Í§¢ħ­á́Ëĥ§á˅§§Ò¹! \n\n(ʸÒÂâ´ÂƫáÍΓ)",
        "14": "ſªàªÍΓáÁ¹ Í§ͱчÊÍ§: \nàʗ¡ͻ: ¡ÍΓׄ ¹ÒÂʺÇÂà˕ÒàҳÍ§¡ÒÃ àʛ¹ę¡µ¡»ÅÒчƤчɊ´ ¢Í§¹ÒÂÁÒã̋ğ§ËˉÍÂƊ \n¡ÍΓׄ: *¶Í¹ËÒÂã¨áÃ§*... ĉ¹à¤ÂĈº»ÅÒĕÇãËʽÁÒÁÒ¡ÁÒÂ... ÃÇÁǖ§ĕÇчËÒÂÒ¡áÅÐ â¤µÃĈºŕÒºÒ¡˴ÇÂ... á˅ƱÍԒĕÇËѹ§чŇÒã̋ĉ¹˵Í§ ¾ÂÒÂÒÁĈºÍԒǖ§ÊÒÁħ¹ÊÒÁǴ¹ \n¡ÍΓׄ: ĉ¹àƳÂ¡à˨Ò»ÅÒщ˗Ò... '»ÅÒàÅà¨¹΄ (Legend)' ġ¹àʛ¹ĪµΗ̃ÒÂĕÇãËʽ... áÅÐТ§ĉ¹ǔ§ÊÒÂ¡ĥº áÃ§àˇÒäË˓ ġ¹ʁТ§ǔ§˵Ò¹áÃ§àˇÒԹ¹ ĉ¹»ÃÐÁÒ·áʴáÇºàƤÂÇ ġ¹ʁī¡àȓÍ¢Í§ĉ¹ī¡àʛ¹ 2 ˇÍ¹ Ե§á˅Թ¹ÁÒĉ¹ʁäˑµ¡»ÅÒƽ¡àÅÂ \nàʗ¡ͻ: ¹ÒÂŤ´˗Ò ¨ÐƱã¤ÃĈºġ¹ä˴äËÁ? \n¡ÍΓׄ: ȝÁ ... ˶Ò¤¹Թ¹àʛ¹ȑÍ©ġ§˴Ò¹¡ÒÃµ¡»ÅÒ á̅ÇĈº»ÅÒËÒÂÒ¡ĕÇҽ¹æ ä˴¤Ãº áÅÐš¹ÍÒËÒÃчɦ¡»ÃÐàÀ·... ʁäˑáˉ¹Ð àËȉÍЪ§ҽ¹ã´ ǴÍ¹ÒÂà¤ÒÃ¾ÊÒÂթÒ à˨Òɵ¡ªÒÂ \nàʗ¡ͻ: ... ɵ¡ªÒÂàËÃÍ? ¹ÒÂËÁÒÂǖ§... Ȥ³ ... \n...¾... ˎÍàËÃÍ? \n¡ÍΓׄ: áˑ¹á̅Ç ɵ¡ˢÒ \n\n**´¹µƳºÃÃàÅ§âËÁÍÒÃÁ΃ ¢³ÐчˑÒ¹˓Ç§Ë˕¹Å§ÁÒ**",
        "15": "ʲÒÇà·¤â¹âÅƲ! \n\nžÁΎàƒÂÇŚÒËģº à¤ҳÍ§Ĉ¡Ã¡Åė¹ÊġÂчàƳÂ¡˗Ò 'à¤ҳÍ§Ą´ÅÍ¡ĭ­Áƣ (Crystalarium)' ä˴ɦ¡ƥžÁΎàұÍäˑ¹Ò¹ÁÒ׉ \nà¤ҳÍ§׉ÊÒÁÒÃ¶ỄÒ§¤ƃÊĕÅ ä˴â´Âá·ºäˑã˪ÍÐäÃàÅÂ ŇÒã̋ڌ¤ÃÍº¤ÃÍ§Ʊ ĭ­Áƣã˪Í˒Ò§äˑƱħ¹ËÁ´! \nщǴÍƇƨ¡ÒÃŇÒ§Ò¹¢Í§ġ¹: ã˚ĭ­ÁƣÍÐäÃʁä˴чȤ³àȕÍ¡ Å§ä»ã¹à¤ҳÍ§... \nÍ´ã¨ÃÍ Ԣ¹µÍ¹׉ÍÒ¨ã˪àÇÅÒËÅÒÂħ¹... á˅ã¹чɊ´à¤ҳÍ§׉ ¨ÐỄÒ§ŚÒà¹Ò¢Í§ÍÐäÃʁµÒÁ чȤ³ã˚àˢÒä»! \nȤ³¨Ðړ˗Òġ¹¾̃ÍÁá̅Ç àұÍġ¹Ëɂ´á¡˗§ä»ÁÒ àұÍȤ³àÍÒĭ­Áƣчä˴ÍÍ¡ä»á̅Ç à¤ҳÍ§¨ÐàУÁỄÒ§ŚÒà¹Ò֊¹˅Íä»ė¹Ƨ... Ȥ³¨Ðäˑ˵Í§àŵÁġ¹ƽ¡ à̇¹á˅˗ÒȤ³ÍÂÒ¡¨Ð à»ѕÂ¹ªŹ´¢Í§ĭ­Áƣчġ¹ỄÒ§! \ná˅âª¤̃ÒÂ à¤ҳÍ§׉¨ÐäˑÊÒÁÒÃ¶ỄÒ§ ĭ­ÁƣËÒÂÒ¡ÁÒ¡æ чàƳÂ¡˗Ò 'ÊÐàʁ´áˡÇ»ƃǋÁ (Prismatic Shard)' ä˴... ˴ÇÂàËȵ¼ÅºÒ§Í˒Ò§ EMF ¨Ò¡ĭ­ÁƣԹ¹ŇÒ»ůšƃÂÒáʷÅºāºà¤ҳÍ§׉",
        "16": "¤ÇÒÁĥºá˛§»ÅÒã¹ŅÒ¹Ò¹ \n\nę¡µ¡»ÅÒɮ´ǖ§»ÅÒËÒÂÒ¡ áÅÐäˑàËȑÍ¹ã¤Ã̋ÒªŹ´чƱ à©¾ÒÐę¡µ¡»ÅÒчƱ¤ÇÒÁĺÒ¹Ò­ àˇÒԹ¹ǈ§¨Ðµ¡ä˴ àұÍɦ¡µ¡ä˴á̅Ç »ÅÒàË˕Ò׉¨ÐäˑƱħ¹ɦ¡¾ºàʫ¹ƽ¡ \n\n »ÅÒ¤ƃÁĪ¹ (Crimsonfish) ÍÒĨÂÍԒã¹¡ÃÐáÊթÒӭ¹ á˛§ÁËÒÊɁ·Ãã¹ʺÇ§Äɤ̃Í¹ ġ¹ɦ¡¾ºàʫ¹¨Ò¡ν§µÐħ¹ÍÍ¡ Ɋ´¢Í§ªÒÂËÒ´\n\n »ÅÒ¡ÅÒàƛÂΓ (Glacierfish) ч»ÃÒ¡¯à©¾ÒÐË˹ÒË¹ÒÇ ¨Ðɦ¡µ¡ä˴¨Ò¡ɁÁ·Ò§ŷÈã˵ ¢Í§à¡ÒÐīÇɵ¡ÈÃã¹ ˋÒū¹à´ÍΓá«»… ã¡̅æ āºȨ´чáˑթÒäËÅÃÇÁāºÁËÒÊɁ·Ã \n\n »ÅÒµ¡àʚ´ (Anglerfish) ɦ¡¾ºã¹µÍ¹àËȉÍ¢Í§àȑÍ§ µÃ§Ȩ´чáˑթÒäËÅÅ§ÁÒ¨Ò¡ɋºà¢Ò\n\nƱʲÒÇȕÍ˗Ò»ÅÒË˹ÒµÒ ź´à׊ÂÇá»Å¡»ÃÐËÅÒ´ÍÒĨÂ ÍԒã¹ˇÍÃÐºÒÂթÒ \n\n\n\n»ÅÒĕÇɊ´˷ÒÂ á˛§ÊƫƚΚчäˑà¤Â Ʊã¤ÃĈºä˴àʛ¹чړĈ¡ã¹ҚÍʷÒÂæ ˗Ò '»ÅÒàÅà¨¹΄ (Legend)' ƱĴÒºÍ¡à˕Ò˗Òġ¹ÍÒĨÂ ÍԒã¹ˇÍ¹ä́ч¨ÁÍԒã˵թÒ ã¹·ÐàÅÊÒº¡ÅÒ§à¢ÒáÅÐ ¨ÐÍÍ¡ÁÒàʥÁäʲ¡ºã¹ħ¹ч ½¹µ¡ã¹Äɤãºä́¼ƅ ę¡µ¡»ÅÒчƱ¤ÇÒÁĺÒ¹Ò­ÁÒ¡àˇÒԹ¹ ч¨ÐƱ¤ÇÒÁËħ§ã¹¡ÒÃĈº»ÅÒĕÇ׉ä˴ \n\n ¨§ǝ¡½¹µ¡»ÅÒÍ˒Ò§ÊϱÒàÊÁÍ áÅÐħ¹Ëѹ§Ȥ³¨ÐĈº»ÅÒžàÈÉàË˕Ò׉ä˴ ¨§à¤ÒÃ¾Ȍ¹թÒáÅÐ Í˒ÒĈº»ÅÒä»ÁÒ¡àš¹ä» ¨Ò¡ÃÐººŹàÇÈ˕Ð",
        "17": "...àʫ¹ÍÐäÃá»Å¡æ ã¹ɍâÁ§ʹчä»â¼˕ÍÍ¡¨Ò¡àȑÍ§à¾ƅá¡¹˴ÇÂ ġ¹Ʊ»ÃÐɥàʥ¡æ ʻÍ¹ÍԒã¹¤ÇÒÁȑ´ á˅àŻ´äˑÍÍ¡áÎÐ \n\n-ā¹à¸ÍΓ",
        "18": "Ě¹Ǘ¡¨Ò¡ā¹à¸ÍΓ: ̇ÒÇ ̋Í§ÊɁ´щТ§ãËʽע¹¨ƃ§æ ¨Ò¡¡ÒÃʺÇÂàËȕÍ¢Í§Ȥ³! ¢ÍºȤ³ÁÒ¡¹Ð!",
        "19": "ʁÍºƅ¹^â´Â àʭÁ á¨Êà»ÍΓ^^ÊƫƚΚчàʛ¹чړĈ¡ā¹ã¹ҚÍ \"ʁÍºƅ¹\" ɤàËȑÍ¹˗Ò¨ÐƱчÁÒ¨Ò¡ ˋÒ·Ò§µÐħ¹ÍÍ¡àƙÂ§àËȉÍ ä¡ÅÍÍ¡ä»¨Ò¡àŹ¹à¢ÒºɵáÁΓ ĥ¡É³Ðà©¾ÒÐч»ÃÐ¡Íº˴ÇÂżÇƺàƒÂÇ µÒƺá´§àŨ´˨Ò áÅÐ¡Х¹ȩ¹ ŇÒã̋¡ÒÃà¼Ū­Ë˹ÒāºʁÍºƅ¹ àʛ¹¤Ճ§áÃ¡àʛ¹»ÃÐÊº¡ÒÃ΃ чˉÒҥ¹µÃÐË¹¡¢Í§ę¡àŴ¹·Ò§ ˝Í¹»ÃÐÊº¡ÒÃ΃ä˴ ^^Ă´āºɳ»ĥ¡É΃äˑˉÒä̇ã¨¢Í§¾Ç¡à¢Ò ʁÍºƅ¹ƱÊŵě­­ÒáÅÐ¤ÇÒÁÊÒÁÒÃ¶ ·Ò§ÍÒÃÁ΃чàƧÂºàˇÒāºÁȹÉΒ áÅÐäˑƱě­ËÒã¹¡ÒÃàƳÂ¹ړħ²¹¸ÃÃÁ áÅÐÀÒÉÒ¢Í§¾Ç¡àÃÒ àұÍˢÒ¾à˨Òä˴áÊ´§ã̋ àʫ¹˗ÒäˑƱà¨µ¹Ò̃ÒÂ ʁÍºƅ¹чˢÒ¾à˨Ò¾º ʁáÊ´§ŹĪÂчʴÍ¹ˢÒ§ àʛ¹ƁµÃáÅÐģ¡Ê§º ·˗Òâª¤̃ÒÂчËÅÒÂÈµÇÃÃÉ á˛§¤ÇÒÁäˑàҚÍã¨ áÅÐ¡ÒÃ»ůĚŵчá˒¨Ò¡ÁȹÉΒ ä˴ŇÒã̋ʁÍºƅ¹ÁÒ¡ÁÒÂ àȕÍ¡ч¨Ðàʛ¹áˑÁ´ ˎÍÁ´ ËÁÍƬ áÅÐÍÒƚ¾ҽ¹æ чäˑǞ§»ÃÐÊ§ʹ ^^ÍÒËÒÃخ¹àȑÍ§¢Í§ʁÍºƅ¹ »ÃÐ¡Íºä»˴ÇÂàةÍĕÇ˝Í¹áÁÅ§ ¨Ò¡áÁÅ§ãËʽàةÍáˉ¹ ËÅÒÂÊÒÂĞ¹ۨчÊÒÁÒÃ¶ ËÒä˴¨Ò¡ˋÒĭ¹àʛ¹ чÍÒĨÂ¢Í§ʁÍºƅ¹ àʛ¹Ëĥ¡ ã¹âÍ¡ÒÊžàÈÉʁÍºƅ¹ÍÒ¨ã˚Ъ§чàƳÂ¡˗Ò 'ÁÒÂÍ§à¹ÊƺńÒ (Void Mayonnaise)'... чÍÒ¨àƳÂ¡ä˴˗Ò àʛ¹¤ÇÒÁËɳËÃÒчÅÐàƽÂ´˝Í¹чɊ´ ã¹ÍÒËÒÃ¢Í§ʁÍºƅ¹àÅÂʁ˗Òä˴",
        "20": "(â˹µ»ƃÈ¹Ò)^^Solok Ulan Paa Eno Ra Coto Ulan Coto Ulan Mabo Bel Eno Ra Teba Omi Walo Nemo^^Dop Ulan Coto Kui Mabo Awa Yoba Omi Solok Awa Lon Omi Omi Nemo^^Solok Teba Ra Awa Nemo Gawa Eno Bel Ulan Nemo Teba Omi Yoba Bel Omi Xi",
        "Missing": "ƱËę§ȚÍËÒÂä»¨Ò¡µÃ§׉..."
    }
}
