{
    "header": {
        "target": "w",
        "formatVersion": 5,
        "hidef": true,
        "compressed": 128
    },
    "readers": [
        {
            "type": "Microsoft.Xna.Framework.Content.DictionaryReader`2[[System.String, mscorlib, Version=4.0.0.0, Culture=neutral, PublicKeyToken=b77a5c561934e089],[System.String, mscorlib, Version=4.0.0.0, Culture=neutral, PublicKeyToken=b77a5c561934e089]]",
            "version": 0
        },
        {
            "type": "Microsoft.Xna.Framework.Content.StringReader",
            "version": 0
        }
    ],
    "content": {
        "Gunther": "ā¹à¸ÍΓ",
        "Gil": "šÅ",
        "Morris": "ÁÍΓƃÊ",
        "Marlon": "ÁÒΓÅÍ¹",
        "Kel": "à¤Å",
        "OldMariner": "ªÒÇ»ÃÐÁ§à˂Ò",
        "MisterQi": "Mister Qi",
        "Bouncer": "ÂÒÁË˹Ò»ÃÐɥ",
        "Henchman": "¤¹ģºã˪",
        "Welwick": "àÇÅƇ¤",
        "Governor": "ˇÒ¹ڌ˗Ò",
        "Grandpa": "Ȥ³ԋ",
        "Bear": "˹Í§ËƱ",
        "Birdie": "àºÍΓׄ"
    }
}
