{
    "header": {
        "target": "w",
        "formatVersion": 5,
        "hidef": true,
        "compressed": 128
    },
    "readers": [
        {
            "type": "Microsoft.Xna.Framework.Content.DictionaryReader`2[[System.String, mscorlib, Version=4.0.0.0, Culture=neutral, PublicKeyToken=b77a5c561934e089],[System.String, mscorlib, Version=4.0.0.0, Culture=neutral, PublicKeyToken=b77a5c561934e089]]",
            "version": 0
        },
        {
            "type": "Microsoft.Xna.Framework.Content.StringReader",
            "version": 0
        }
    ],
    "content": {
        "Bookcase_Menu": "ÍèÒ¹Ë¹Ñ§Ê×ÍàÅèÁäË¹?",
        "Bookcase_Basics": "¾×é¹°Ò¹",
        "Bookcase_MakingFriends": "¡ÒÃ¼Ù¡ÁÔµÃ",
        "Bookcase_Improvements": "¡ÒÃ¾Ñ²¹Òµ¹àÍ§",
        "TV_Menu": "àÅ×Í¡ªèÍ§·Õè¨Ð´Ù:",
        "TV_Weather": "¾ÂÒ¡Ã³ìÍÒ¡ÒÈ",
        "AncientFruitPot": "ÃÒ¡¢Í§à¸ÍËÂÑè§ÅÖ¡... à¸Í¤§äÁèÁÕ¤ÇÒÁÊØ¢·Õè¨Ðä»ÍÂÙèã¹¹Ñé¹",
        "TV_Fortune": "¸Ô´Ò¾ÂÒ¡Ã³ì",
        "CaskNoCellar": "ãªéä´éã¹ËéÍ§ãµé´Ô¹à·èÒ¹Ñé¹",
        "DarkTalisman": "ÂÑ¹µìáËè§¤ÇÒÁÁ×´",
        "MagicInk": "ËÁÖ¡àÇ·Á¹µÃì",
        "MagnifyingGlass": "áÇè¹¢ÂÒÂ",
        "BearPaw": "¤ÇÒÁÃÙé¢Í§¤Ø³ËÁÕ",
        "SpringOnionBugs": "ÃÒªÒµé¹ËÍÁ",
        "SpecialCharm": "Á¹µÃì¾ÔàÈÉ",
        "CatalogueDescription": "(á¤µµÒÅçÍ¡) ãËé¤Ø³à¢éÒ¶Ö§ÇÍÅà»à»ÍÃì áÅÐÅÒÂ¾×é¹áººäÁè¨Ó¡Ñ´... ä´éÍÂèÒ§ÊÐ´Ç¡ÊºÒÂ¨Ò¡ ºéÒ¹¤Ø³!",
        "FurnitureCatalogueDescription": "(á¤µµÒÅçÍ¡à¿ÍÃì¹Ôà¨ÍÃì) ãËé¤Ø³à¢éÒ¶Ö§à¿ÍÃì¹Ôà¨ÍÃìä´é à¡×Íº·Ø¡»ÃÐàÀ· áººäÁè ¨Ó¡Ñ´... ä´éÍÂèÒ§ÊÐ´Ç¡ÊºÒÂ¨Ò¡ ºéÒ¹¤Ø³!",
        "DarkTalismanDescription": "Ȥ³ä˴ˤ¹¾º {0}! ġ¹àʕÁä»˴ÇÂàȑÍ¡áÁÅ§...",
        "MagicInkDescription": "Ȥ³ËÒ {0} чËÒÂä»¢Í§ˎÍÁ´¨¹à¨Í! àÍÒġ¹ä»Ǵ¹à¢ÒƤ¡˗Ò¹Ð",
        "MagnifyingGlassDescription": "Ȥ³ä˴ģº {0}! µÍ¹׉Ȥ³Ʊ¤ÇÒÁÊÒÁÒÃ¶ã¹¡ÒÃ¾º 'Ě¹Ǘ¡ĥº (Secret Notes)' Ě¹Ǘ¡¾Ç¡׉ƱˢÍɱÅËÒÂÒ¡áÅÐƱ»ÃÐâÂªΉ ѫ§ÊÒÁÒÃ¶àŻ´ɤä˴ã¹ Ë˹Ò¢Í§ÊÐÊÁ¢Í§Ȥ³",
        "SpecialCharmDescription": "Ȥ³ä˴ģº {0}! Ȥ³ړǪ¡ä˴ǖ§ÍÍ˓Òá˛§¤ÇÒÁâª¤ƤÃÍºĕÇȤ³ (âª¤¢Í§Ȥ³àОÁע¹Í˒Ò§¶ÒÇÃ)!",
        "ParsnipSeedPackage_SomeoneElse": "ȶ§׉àʛ¹¢Í§¤¹ҽ¹"
    }
}
