{
    "header": {
        "target": "w",
        "formatVersion": 5,
        "hidef": true,
        "compressed": 128
    },
    "readers": [
        {
            "type": "Microsoft.Xna.Framework.Content.DictionaryReader`2[[System.String, mscorlib, Version=4.0.0.0, Culture=neutral, PublicKeyToken=b77a5c561934e089],[System.String, mscorlib, Version=4.0.0.0, Culture=neutral, PublicKeyToken=b77a5c561934e089]]",
            "version": 0
        },
        {
            "type": "Microsoft.Xna.Framework.Content.StringReader",
            "version": 0
        }
    ],
    "content": {
        "Willy_Name": "Juicy Bugs Wanted!",
        "Willy_Text": "ÍÐÎéÍÂ ÇèÒä§ ©Ñ¹¡ÓÅÑ§ÁÍ§ËÒà¹×éÍáÁÅ§ÍÇºæ ÊÑ¡Ë¹èÍÂ ÂÔè§ÍÇºÍéÇ¹ ªØèÁ©èÓÂÔè§´Õ... ÍÂèÒ§¹éÍÂ´ÙàËÁ×Í¹ÇèÒ ¾Ç¡»Ù¹èÒ¨ÐªÍº... ÊÑ¡ 100 ÍÑ¹¹èÒ¨Ðãªéä´é",
        "Willy_Objective_0_Text": "ÃÇºÃÇÁà¹×éÍáÁÅ§ (Bug meat) ¨Ó¹Ç¹Ë¹Öè§",
        "Willy_Objective_1_Text": "¹Óà¹×éÍáÁÅ§ (Bug meat) ä»ÇÒ§äÇéã¹¶Ñ§ ·ÕèÍÂÙè¢éÒ§ºéÒ¹¢Í§ÇÔÅÅÕè",
        "Pam_Name": "The Strong Stuff",
        "Pam_Text": "ä´éÂÔ¹ÇèÒ àËÅéÒ·ÕèËÁÑ¡¨Ò¡ÁÑ¹½ÃÑè§áÃ§ä´éã¨ä»àÅÂ ¶éÒÃÙéÇèÒ©Ñ¹ËÁÒÂ¤ÇÒÁÇèÒä§ÅÐ¡ç äÁèÅÍ§ËÁÑ¡ÁÑ¹´Ù áÅéÇàÍÒÁÒãËé©Ñ¹ÊÑ¡Ë¹èÍÂà»ç¹ä§?",
        "Pam_Objective_0_Text": "ËÁÑ¡ÁÑ¹½ÃÑè§ã¹¶Ñ§ËÁÑ¡ (Keg) áÅéÇÃÇºÃÇÁãËéä´é 12 ¢Ç´",
        "Pam_Objective_1_Text": "¹Ó¼ÅÔµÀÑ³±ì·Õèä´éä»·ÕèËéÍ§¤ÃÑÇ¢Í§á¾Á",
        "Pierre_Name": "Pierre's Prime Produce",
        "Pierre_Text": "ÊÇÑÊ´Õ à¡ÕèÂÇ¡Ñºâ»ÃâÁªÑè¹¶Ñ´ä» ©Ñ¹¤Ô´ÇèÒ¨ÐÅÍ§ËÒ ¾Ç¡¼Ñ¡¤Ø³ÀÒ¾´ÕÁÒ¢ÒÂ ãËéÁÑ¹¾ÃÕàÁÕèÂÁ¢Öé¹«Ñ¡Ë¹èÍÂ... ¾Í¨ÐÃÙéÃéÒ¹ºéÒ¹æ ·Õè¨ÐËÒ¾×ª¼Ñ¡µÔ´´ÒÇ·Í§«Ñ¡ 25 ªÔé¹ÁÑéÂ?",
        "Pierre_Objective_0_Text": "à¡çºà¡ÕèÂÇ¼Ñ¡¤Ø³ÀÒ¾´ÒÇ·Í§",
        "Pierre_Objective_1_Text": "¹Ó¼Å¼ÅÔµä»ÇÒ§ã¹¡ÅèÍ§ÃÑº¼ÅÔµÀÑ³±ì ·ÕèÍÂÙèã¹ÃéÒ¹¢Í§»ÔáÍÃì",
        "Robin_Name": "Robin's Project",
        "Robin_Text": "ä§! ©Ñ¹»Ôê§äÍà´ÕÂ·Õè¨ÐÊÃéÒ§àµÕÂ§áººãËÁè¹èÐ áµè©Ñ¹¨Óà»ç¹µéÍ§ãªéäÁéà¹×éÍá¢ç§ (Hardwood) 80 ·èÍ¹à¾×èÍÊÃéÒ§ÁÑ¹¹ÕèÊÔ ã¤Ã¾Í¨ÐªèÇÂË¹èÍÂä´éÁÑéÂ?                     -âÃºÔ¹",
        "Robin_Objective_0_Text": "ÃÇºÃÇÁ äÁéà¹×éÍà¢ç§ (Hardwood) 80 ·èÍ¹",
        "Robin_Objective_1_Text": "¹ÓäÁéà¹×éÍà¢ç§ (Hardwood) ä»äÇé·Õè¤ÅÑ§ÊÔ¹¤éÒã¹ºéÒ¹¢Í§âÃºÔ¹",
        "Emily_Name": "Rock Rejuvenation",
        "Emily_Text": "¹Õè! ©Ñ¹ÇÒ§á¼¹ÇèÒ¨ÐàªÔ­à¾×èÍ¹æ ÁÒÃèÇÁ¡Ô¨¡ÃÃÁ \"¤×¹¤ÇÒÁÍèÍ¹àÂÒÇì´éÇÂËÔ¹ºÓºÑ´\" áµè©Ñ¹¨Óà»ç¹µéÍ§ãªé¾Ç¡¤ÃÔÊµÑÅ à¾×èÍà»ç¹Ê×èÍ¹Ó¾ÅÑ§§Ò¹ ¤Ø³¤Ô´ÇèÒ¾Í¨ÐªèÇÂ©Ñ¹ä´éÁÑéÂ?",
        "Emily_Objective_0_Text": "Êè§ÁÍº·Ñº·ÔÁ (Ruby) 1 àÁç´á¡èàÍÁÔÅÕ",
        "Emily_Objective_1_Text": "Êè§ÁÍºâ·á¾Ê (Topaz) 1 àÁç´á¡èàÍÁÔÅÕ",
        "Emily_Objective_2_Text": "Êè§ÁÍºÁÃ¡µ (Emerald) 1 àÁç´á¡èàÍÁÔÅÕ",
        "Emily_Objective_3_Text": "Êè§ÁÍºËÂ¡ (Jade) 1 àÁç´á¡èàÍÁÔÅÕ",
        "Emily_Objective_4_Text": "Êè§ÁÍºÍàÁ·ÔÊµì (Amethyst) 1 àÁç´á¡èàÍÁÔÅÕ",
        "Demetrius_Name": "Aquatic Overpopulation",
        "Demetrius_Text": "äÁèÇèÒ¨Ð´éÇÂàËµØÍÐäÃ¡çµÒÁ »ÃÐªÒ¡Ã¢Í§ {FishType:Text} ã¹·éÍ§¶Ôè¹¶Ö§à¾ÔèÁ¢Öé¹ã¹ÃÐ´Ñº·Õè¤Çº¤ØÁäÁèä´é ©Ñ¹µéÍ§¡ÒÃ¹Ñ¡µ¡»ÅÒã¹¾×é¹·Õè à¾×èÍªèÇÂÅ´¨Ó¹Ç¹¾Ç¡ÁÑ¹Å§",
        "Demetrius_Objective_0_Text": "¨Ñº {FishType:Text} 10 µÑÇ",
        "Demetrius2_Name": "Biome Balance",
        "Demetrius2_Text": "ÂÑ§äÁèÃÙéÊÒàËµØ·Õèá¹èªÑ´ÇèÒ·ÓäÁ »ÃÐªÒ¡Ã¢Í§ {FishType:Text} ã¹·éÍ§¶Ôè¹¶Ö§à¾ÔèÁ¢Öé¹ã¹ÃÐ´Ñº·Õè¤Çº¤ØÁäÁèä´é ©Ñ¹µéÍ§¡ÒÃ¹Ñ¡µ¡»ÅÒã¹¾×é¹·Õè à¾×èÍªèÇÂÅ´¨Ó¹Ç¹¾Ç¡ÁÑ¹Å§",
        "Demetrius2_Objective_0_Text": "¨Ñº {FishType:Text} 20 µÑÇ",
        "Demetrius2_RE_FishType_0_Text": "»ÅÒã¹áÁè¹éÓ",
        "Demetrius2_RE_FishType_1_Text": "»ÅÒ·ÐàÅ",
        "Demetrius2_RE_FishType_2_Text": "»ÅÒã¹·ÐàÅÊÒº",
        "Gus_Name": "Gus' Famous Omelet",
        "Gus_Text": "{Greeting}... áµè ©Ñ¹µéÍ§ãªéä¢è«Ñ¡ 2 âËÅ ã¤ÃªèÇÂËÒÁÒãËéä´éÁÑéÂ?                -¡ÑÊ",
        "Gus_Objective_0_Text": "ÃÇºÃÇÁä¢èä¡è (Egg)  24 ¿Í§",
        "Gus_Objective_1_Text": "¹Óä¢èä¡è (Egg) ä»ãÊèã¹µÙéàÂç¹¢Í§¡ÑÊ",
        "Gus_RE_Greeting_0": "©Ñ¹¨Óà»ç¹µéÍ§·Óä¢èà¨ÕÂÇÊÙµÃà´ç´¢Í§©Ñ¹ ¨Ò¹ÂÑ¡ÉìáººàÃè§´èÇ¹",
        "Gus_RE_Greeting_1": "©Ñ¹¨Óà»ç¹µéÍ§·Óä¢èà¨ÕÂÇ¨Ò¹ÂÑ¡Éì ÍÕ¡¨Ò¹áºº´èÇ¹¨Õë",
        "Lewis_Name": "Crop Order",
        "Lewis_Text": "{Text} ã¤Ã¡çµÒÁ·Õè¢ÒÂ {Crop:TextPlural} 100 ªÔé¹ àÁ×èÍÊÔé¹ÊØ´Ä´Ù¡ÒÅ¹Õé¨Ðä´éÃÑº ¤èÒµÍºá·¹·ÕèÊÁ¹éÓÊÁà¹×éÍ ¨Ò¡¡Í§·Ø¹à¾×èÍ¡ÒÃà¡ÉµÃ¢Í§àÁ×Í§à¾ÅÔá¡¹",
        "Lewis_Objective_1_Text": "à¡çºà¡ÕèÂÇ {Crop:Text} 100 ªÔé¹",
        "Lewis_Objective_0_Text": "¢ÒÂ {Crop:Text} 100 ªÔé¹",
        "Lewis_RE_Text_0": "{Crop:TextPluralCapitalized} à»ç¹·ÕèµéÍ§¡ÒÃÊÙ§ÁÒ¡ã¹»Õ¹Õé ",
        "Lewis_RE_Text_1": "àËç¹ä´éªÑ´àÅÂÇèÒ {Crop:TextPlural} ¡ÓÅÑ§¶Ù¡¨ÑºµÒÁÍ§ã¹°Ò¹Ð ÊØ´ÂÍ´ÍÒËÒÃÍØ´Á¤Ø³¤èÒ 'superfood' ã¹àÁ×Í§«Ù«Ù ",
        "Lewis_RE_Text_2": "ÁÕ¼ÅÔµÀÑ³±ìàÊÃÔÁ¤ÇÒÁ§ÒÁµÑÇãËÁè ¡ÓÅÑ§ÎÔµÁÒ¡ã¹àÁ×Í§«Ù«Ù... ªÑ´à¨¹àÅÂÇèÒ âÅªÑè¹·Õè·Ó¨Ò¡ {Crop:Text} ªèÇÂÅºàÅ×Í¹ÃÔéÇÃÍÂä´é ",
        "Lewis_RE_Text_3": "ÃÒÂ¡ÒÃÃÒªÔ¹ÕáËè§ÍÒËÒÃµÍ¹ÅèÒÊØ´ ¡ÓÅÑ§àËèÍ¡Ñº¡ÒÃ¡Ô¹ÍÒËÒÃ¨Ò¡ {Crop:Text} Ê´æ µÍ¹¹Õéã¤Ãæ ã¹âÅ¡¹Õé¡çÍÂÒ¡ÅÔé¹ÅÍ§¾Ç¡ÁÑ¹«Ñ¡¤ÃÑé§!",
        "Lewis_RE_Text_4": "·èÒ¹¼ÙéÇèÒ¡ÓÅÑ§¨Ð¨Ñ´§Ò¹àÅÕéÂ§ áÅÐàª¿¢Í§·èÒ¡ç¡ÓÅÑ§¨ÐÊÑè§«×éÍ {Crop:TextPlural} »ÃÔÁÒ³ÁÒ¡ÁÒÂà»ç¹ÀÙà¢Ò",
        "Wizard_Name": "A Curious Substance",
        "Wizard_Text": "©Ñ¹áÊÇ§ËÒ¢Í§·ÕèËÒÂÒ¡ áÅÐ·Ã§¾ÅÑ§ÁÒ¡ÍÂèÒ§Ë¹Öè§ ·ÕèÃÙé¨Ñ¡¡Ñ¹ÇèÒ 'àÍç¡â·¾ÅÒÊ«ÖÁ (Ectoplasm)' ÁÑ¹à»ç¹ÊÔè§·Õè¨ÐËÅ§àËÅ×Í·Ôé§äÇé ã¹ÂÒÁ·Õèà¨éÒ¡Ó¨Ñ´¼Õ (ghosts) Å§ä´é      -àÍçÁ. ÃÒÊâÁà´ÕÂÊ",
        "Wizard_Objective_0_Text": "Êè§ÁÍº àÍç¡â·¾ÅÒÊ«ÖÁ (Ectoplasm) á¡è¾èÍÁ´",
        "Wizard_Objective_0_Message": "ÍÒ ġ¹àʕÁä»˴ÇÂ¾ĥ§¢Í§ Ƈ­­Ò³ڌɦ¡ȕÁàȕÍ¹ ... ÊÁɪÃ΃áºº$h#$b#àÍÒ˕Ð à˨Òä»ä˴á̅Ç! ˢÒĸÒàʛ¹˵Í§ã˪¤ÇÒÁàƗÂºÊć´чɊ´ àҮÍàˎ§žŹ¨ǖ§¸ÃÃÁªÒŵ чá˷¨ƃ§¢Í§ÊÊÒÃ׉",
        "Clint_Name": "Cave Patrol",
        "Clint_Text": "¨Ó¹Ç¹¢Í§ {Monster:LocalizedName} ã¹¶éÓ¢Í§àÃÒ àÃÔèÁ¨Ðà»ç¹ÍÑ¹µÃÒÂ¡Ñº¡ÒÃ¢Ø´àËÁ×Í§áÅéÇ... ¡çÊÓËÃÑº¤¹Í×è¹¹èÐÊÔ ©Ñ¹¹èÐÊºÒÂÁÒ¡! á¶ÁÂÑ§·Óà§Ô¹ä´é´Õ´éÇÂ¹Ò ¶éÒã¤Ã¨Ñ´¡ÒÃ¡Ñº¾Ç¡ÁÑ¹ä´é 50 µÑÇ          -¤ÅÔ¹·ì",
        "Clint_Objective_0_Text": "¡Ó¨Ñ´ {Monster:LocalizedName} 50 µÑÇ",
        "Clint_RE_Monster_0_LocalizedName": "¤éÒ§¤ÒÇ (Bat)",
        "Clint_RE_Monster_1_LocalizedName": "ÀÙµ½Øè¹¼§ (Dust Spirit)",
        "Clint_RE_Monster_2_LocalizedName": "â¤Ã§¡ÃÐ´Ù¡ (Skeleton)",
        "Clint_RE_Monster_3_LocalizedName": "µÑÇÍèÍ¹áÁÅ§ (Grub)",
        "Linus_Name": "Community Cleanup",
        "Linus_Text": "©Ñ¹ÁÕ¤ÇÒÁ¤Ô´´Õæ ÅèÐ µÍ¹¹ÕéÁÑ¹ÁÕ¢ÂÐÍÂÙèã¹¹éÓàµçÁä»ËÁ´ §Ñé¹·ÓäÁàÃÒäÁèÅÍ§µ¡ÁÑ¹¢Öé¹ÁÒ¨Ò¡¹éÓ à¾×èÍ·ÓãËéËØºà¢Ò¢Í§àÃÒ¹èÒÍÂÙè¢Öé¹ÍÕ¡¹Ô´ ÇèÒÁÑéÂ?                     -ÅÔ¹ÑÊ",
        "Linus_Objective_0_Text": "ÃÇºÃÇÁ¢ÂÐ 20 ªÔé¹",
        "Linus_Objective_1_Text": "¹Ó¢ÂÐä»âÂ¹Å§ã¹¶Ñ§ÃÕä«à¤ÔÅ ·ÕèÍÂÙè´éÒ¹ËÅÑ§¢Í§ªÒ¹ªÒÅÒÃ¶ä¿",
        "Evelyn_Name": "Gifts for George",
        "Evelyn_Text": "¨ÍÃì¨¤§¨Ð¤Ô´ÇèÒ äÁèÁÕã¤Ãã¹àÁ×Í§ ·Õè¤Ô´¨ÐÊ¹ã¨à¢ÒËÃÍ¡¹èÐ¨éÐ ÂÒÂÍÂÒ¡¨Ð¾ÔÊÙ¨¹ìÇèÒ à¢Ò¹èÐ¤Ô´¼Ô´! àÃÒ¨ÐÅÍ§ãªéµé¹ËÍÁÊÑ¡âËÅ¹Ö§à¾×èÍ¡ÒÃ¹Õé... ÁÑ¹à»ç¹¢Í§·Õèà¢ÒªÍºÁÒ¡æ ¨éÐ                      -àÍàÇÍÅÔ¹",
        "Evelyn_Objective_0_Text": "ÃÇºÃÇÁµé¹ËÍÁ (Leek) 12 µé¹",
        "Evelyn_Objective_1_Text": "¹Óµé¹ËÍÁ (Leek) ä»äÇéã¹¤ÃÑÇ¢Í§¢Í§¤Ø³ÂÒÂàÍàÇÍÅÔ¹",
        "Wizard2_Name": "Prismatic Jelly",
        "Wizard2_Text": "¢éÒÍÂÒ¡¨Ð¢Í¤ÇÒÁªèÇÂàËÅ×Í ã¹¡ÒÃÊÐ¡´ÃÍÂµÑÇÊäÅÁìÊÕÃØé§ ·Õè¾ºà¨Íä´éÂÒ¡ÂÔè§áÅÐà»ç¹ÍÑ¹µÃÒÂ ã¹¶éÓ¢Í§ËØºà¢Ò ¨Ò¡¹Ñé¹¨§¹Ó¢Ç´âËÅ ·ÕèºÃÃ¨ØàÂÅÅÕèÊÕÃØé§¡ÅÑºÁÒãËé¢éÒ áÅéÇà¨éÒ¨Ðä´éÃÒ§ÇÑÅ·Õè¤ÇÃ¤èÒ¡ÑºÁÑ¹        -àÍçÁ. ÃÒÊâÁà´ÕÂÊ",
        "Wizard2_Objective_0_Text": "¡Ó¨Ñ´ÊäÅÁìÊÕÃØé§ (Prismatic slime)",
        "Wizard2_Objective_1_Text": "Êè§ÁÍºàÂÅÅÕèÊÕÃØé§ (Prismatic jelly) á¡è¾èÍÁ´",
        "Wizard2_Objective_1_Message": "ÍÒ... à˨Ò¡ĥºÁÒ¨Ò¡¡ÒÃ˕Òá̅Çԧ¹ǣ ˢÒĪÁĜÊä˴àÅÂ˗Òà˨ÒŇÒġ¹ä˴ŚÒàʣ¨!$h#$b#àÍÒ˕Ð ˚§¢Ç´âËÅι¹ÁÒ á̅Çʁä»ä˴á̅Ç! ˢÒƱ§Ò¹ŚÒĄ­ч˵Í§ÊÐÊÒ§˅Í",
        "Robin2_Name": "Robin's Resource Rush",
        "Robin2_Text": "©Ñ¹ÁÕâ»ÃâÁªÑè¹àÅç¡æ ÁÒãËéàÅè¹Ê¹Ø¡æ ¡Ñ¹ ¶éÒã¤ÃÊÒÁÒÃ¶ÃÇºÃÇÁ {Resource:Text} ä´é 1000 ªÔé¹ã¹ÊÑ»´ÒËìà´ÕÂÇÅÐ¡ç à¢Ò¡ç¨Ðä´éÃÒ§ÇÑÅä» áÅéÇ¡çÂÑ§à¡çº {Resource:Text} ·ÕèËÒÁÒä´é àÍÒäÇéãªéàÍ§´éÇÂ!             -âÃºÔ¹",
        "Robin2_Objective_0_Text": "ÃÇºÃÇÁ {Resource:Text} ¨Ó¹Ç¹ 1000 ªÔé¹",
        "Gunther_Name": "Fragments of the past",
        "Gunther_Text": "àªÔ­¹Ñ¡ºÃÃ¾ªÕÇÔ¹ÇÔ·ÂÒÊÁÑ¤ÃàÅè¹ ·Ø¡¤¹ÁÒàÅÂ! ¼ÁµéÍ§¡ÒÃ¡ÃÐ´Ù¡ 100 ªÔé¹ã¹¡ÒÃ¤é¹¤ÇéÒ¢Í§¼Á¤ÃÑº ¡ÃØ³Ò¹ÓÁÑ¹ä»·ÕèâµêÐã¹¾Ô¾Ô¸ÀÑ³±ì´éÇÂ¤ÃÑº!          -¡Ñ¹à¸ÍÃì",
        "Gunther_Objective_1_Text": "ÃÇÁÃÇÁ¡ÃÐ´Ù¡ (Bone) ¨Ó¹Ç¹ 100 ªÔé¹",
        "Gunther_Objective_0_Text": "¹Ó¡ÃÐ´Ù¡ (Bone) ä»ÇÒ§äÇé·Õè¡ÅèÍ§ÃÑº¢Í§ ·ÕèâµêÐã¹¾Ô¾Ô¸ÀÑ³±ì",
        "Caroline_Name": "Island Ingredients",
        "Caroline_Text": "©Ñ¹ÍÂÒ¡¨Ð·´ÅÍ§·ÓÍÒËÒÃ ÊäµÅì´Ô¹á´¹à¢µÃéÍ¹´Ù¨Ñ§ áµèÇÑµ¶Ø´ÔºËÒÂÒ¡¨ÃÔ§æ ¶éÒã¤Ã¾Í¨ÐªèÇÂ¢ÒÂ {Crop:TextPlural} 100 ªÔé¹ ¨ÐªèÇÂ©Ñ¹ä´éÁÒ¡àÅÂÅèÐ! ",
        "Caroline_Objective_0_Text": "¢ÒÂ {Crop:Text} 100 ªÔé¹",
        "Willy2_Name": "Tropical Fish",
        "Willy2_Text": "äÁèÁÕÍÐäÃ·Õè¨ÐàËÁ×Í¹¡Ñº ¡ÒÃµ¡»ÅÒà¢µÃéÍ¹... à¾×èÍãËé§Ò¹ÈÔÅ»ìÂÑ§¤§ÁÕªÕÇÔµµèÍä» ©Ñ¹¨ÐµºÃÒ§ÇÑÅãËé¡Ñºã¤Ã¡çµÒÁ ·ÕèàÂèÍà¨éÒµÑÇá¨èÁæ ¨Ò¡à¡ÒÐ¢Öé¹ÁÒä´é",
        "Willy2_Objective_0_Text": "¨Ñº»ÅÒÊÔ§âµ (Lionfish) 5 µÑÇ",
        "Willy2_Objective_1_Text": "¨Ñº»ÅÒºÅÙ ´ÔÊ¤ÑÊ (Blue Discus) 5 µÑÇ",
        "Willy2_Objective_2_Text": "¨Ñº»ÅÒ¡ÃÐàº¹¸§ (Stingray) 5 µÑÇ",
        "QiChallenge_Name": "FivePlagues",
        "QiChallenge_Text": "©Ñ¹¨ÐÁÍº Qi Beans ¨Ó¹Ç¹ 600 àÁÅç´ãËé¤Ø³ ¨§»ÅÙ¡ÁÑ¹ ´ÙáÅÁÑ¹ áÅÐ¢ÒÂÁÑ¹ãËéä´éÍÂèÒ§¹éÍÂ 500 ¼Å ÀÒÂã¹ÃÐÂÐàÇÅÒ 1 ÊÑ»´ÒËì áµè¨§ÃÐÇÑ§äÇéãËé´Õ ÀÑÂ¾ÔºÑµÔ·Ñé§ 5 ¨ÐÁÒàÂ×Í¹¤Ø³ áÅÐ·ÓÅÒÂ¾×ª¼Å·Õè¤Ø³ÁÕ...",
        "QiChallenge_Objective_0_Text": "¢ÒÂ Qi Fruit 500 ¼Å",
        "QiChallenge2_Name": "Qi's Crop",
        "QiChallenge2_Text": "©Ñ¹ä´é«èÍ¹àÁÅç´ Qi Beans äÇéã¹·ÕèµèÒ§æ ¢Í§âÅ¡ ¨§¤é¹ËÒÁÑ¹ »ÅÙ¡ÁÑ¹ ¢ÂÒÂ¾Ñ¹¸Øì¾Ç¡ÁÑ¹ áÅÐ¢ÒÂ¼Å¢Í§ÁÑ¹ãËéä´é 500 ¼ÅÀÒÂã¹ÃÐÂÐàÇÅÒ·Õè¡ÓË¹´",
        "QiChallenge2_Objective_0_Text": "¢ÒÂ Qi Fruit 500 ¼Å",
        "QiChallenge3_Name": "Let's Play A Game",
        "QiChallenge3_Text": "¤Ô´ÇèÒ¤Ø³¨Ð·Ó¤Ðá¹¹ã¹à¡Á ¨Ù¹ÔâÁè ¤ÒÃì· ä´é¶Ö§ 50,000 ¤Ðá¹¹ã¹âËÁ´ endless ÁÑéÂÅÐ? ¾ÔÊÙ¨¹ìÊÔ",
        "QiChallenge3_Objective_0_Text": "·Ó¤Ðá¹¹ã¹à¡Á ¨Ù¹ÔâÁè ¤ÒÃì· (Junimo Kart) 50,000 ¤Ðá¹¹ã¹âËÁ´ endless",
        "QiChallenge4_Name": "Four Precious Stones",
        "QiChallenge4_Text": "ËÒÊÐà¡ç´á¡éÇ»ÃÔ«ÖÁ (Prismatic shards) 4 ªÔé¹ áÅéÇàÍÒäÇéãÊèã¹¡ÅèÍ§ÊÐÊÁ¢Í§©Ñ¹",
        "QiChallenge4_Objective_0_Text": "¹ÓÊÐà¡ç´á¡éÇ»ÃÔ«ÖÁ (Prismatic shards) 4 ªÔé¹ ãÊèã¹¡ÅèÍ§ÊÐÊÁ¢Í§ Qi",
        "QiChallenge5_Name": "Qi's Hungry Challenge",
        "QiChallenge5_Text": "ÀÒÃ¡Ô¨¢Í§¤Ø³¤×Í Å§ä»ã¹¶éÓËÑÇ¡ÃÐâËÅ¡ (Skull Cavern) ãËé¶Ö§ªÑé¹·Õè 100 áµè·ÇèÒ ËéÒÁ¡Ô¹ËÃ×Í´×èÁÍÐäÃ·Ñé§¹Ñé¹µÍ¹·ÕèÍÂÙè·Õè¹Ñè¹",
        "QiChallenge5_Objective_0_Text": "Å§ä»ã¹¶éÓËÑÇ¡ÃÐâËÅ¡ (Skull Cavern) ãËé¶Ö§ªÑé¹·Õè 100",
        "QiChallenge6_Name": "Qi's Cuisine",
        "QiChallenge6_Text": "¢ÒÂÍÒËÒÃ»ÃØ§Ê´ãËÁè ãËéä´éÁÙÅ¤èÒÃÇÁ 100,000g",
        "QiChallenge6_Objective_0_Text": "¢ÒÂÍÒËÒÃ»ÃØ§Ê´ãËÁè ãËéä´éÁÙÅ¤èÒÃÇÁ 100,000g",
        "QiChallenge7_Name": "Qi's Kindness",
        "QiChallenge7_Text": "ÁÍº¢Í§¢ÇÑ­·Õè¤¹ÃÑ¡ (Loved gifts) 50 ªÔé¹ã¹àÇÅÒ 1 ÊÑ»´ÒËì",
        "QiChallenge7_Objective_0_Text": "ÁÍº¢Í§¢ÇÑ­·Õè¤¹ÃÑ¡ (Loved gifts) 50 ªÔé¹ã¹àÇÅÒ 1 ÊÑ»´ÒËì",
        "QiChallenge8_Name": "Extended Family",
        "QiChallenge8_Text": "ÊÁÒªÔ¡¤ÃÍº¤ÃÑÇ¢Í§àËÅèÒ»ÅÒã¹µÓ¹Ò¹ ¡ÅÑºÁÒÂÑ§ËØºà¢ÒáÅéÇ ¤Ø³ÁÕàÇÅÒ 3 ÇÑ¹·Õè¨Ð¨Ñº ¤Ø³¹ÒÂ»ÅÒµ¡àºç´ (Ms. Angler) »ÅÒ¡ÅÒà«ÕÂÃì¨Ùà¹ÕÂÃì (Glacierfish Jr.) ÅÙ¡ªÒÂ¢Í§»ÅÒ¤ÃÔÁÊÑ¹ (Son of Crimsonfish) »ÅÒ¤ÃÒ¿¡ÑÁÁÑ¹µÃÑ§ÊÕ (Radioactive Carp) áÅÐ»ÅÒà´ÍÐàÅà¨¹´ì ·Õè2",
        "QiChallenge8_Objective_0_Text": "¨Ñº ¤Ø³¹ÒÂ»ÅÒµ¡àºç´ (Ms. Angler)",
        "QiChallenge8_Objective_1_Text": "¨Ñº »ÅÒ¡ÅÒà«ÕÂÃì¨Ùà¹ÕÂÃì (Glacierfish Jr.)",
        "QiChallenge8_Objective_2_Text": "¨Ñº ÅÙ¡ªÒÂ¢Í§»ÅÒ¤ÃÔÁÊÑ¹ (Son of Crimsonfish)",
        "QiChallenge8_Objective_3_Text": "¨Ñº »ÅÒ¤ÃÒ¿¡ÑÁÁÑ¹µÃÑ§ÊÕ (Radioactive Carp)",
        "QiChallenge8_Objective_4_Text": "¨Ñº »ÅÒà´ÍÐàÅà¨¹´ì ·Õè 2",
        "QiChallenge9_Name": "Danger In The Deep",
        "QiChallenge9_Text": "ÃÐººÅÔ¿·ì¢Í§àËÁ×Í§¨Ð¶Ù¡ÃÕà«çµ áÅÐÍÑ¹µÃÒÂãËÁè ¡ÓÅÑ§¤Å×º¤ÅÒ¹¢Öé¹ÁÒ¨Ò¡ãµé´Ô¹ÅÖ¡ ¨§Å§ä»ãËé¶Ö§¡é¹àËÁ×Í§ÀÒÂã¹ 1 ÊÑ»´ÒËì",
        "QiChallenge9_Objective_0_Text": "Å§ä»ãËé¶Ö§¡é¹àËÁ×Í§ÍÕ¡¤ÃÑé§",
        "QiChallenge10_Name": "Skull Cavern Invasion",
        "QiChallenge10_Text": "¶éÓËÑÇ¡ÐâËÅ¡ ¶Ù¡ÃØ¡ÃÒ¹â´ÂÊÑµÇì»ÃÐËÅÒ´·Õè·Ã§¾ÅÑ§ àÃÕÂºÃéÍÂáÅéÇ ¨§Å§ä»ãËé¶Ö§ªÑé¹·Õè 100 ã¹¤ÃÒÇà´ÕÂÇ",
        "QiChallenge10_Objective_0_Text": "Å§ä»ã¹¶éÓËÑÇ¡ÃÐâËÅ¡ (Skull Cavern) ãËé¶Ö§ªÑé¹·Õè 100",
        "QiChallenge11_Name": "Find Qi's Double",
        "QiChallenge11_Text": "©Ñ¹ÁÕµÑÇ©Ñ¹ÍÕ¡àÇÍÃìªÑè¹¹Ö§´éÇÂ¹Ò ËÅº«èÍ¹ÍÂÙèã¹àÁ×Í§¹ÕèáËÅÐ ¤Ø³¨ÐËÒà¢Òà¨ÍÃÖà»ÅèÒ¹Ð?",
        "QiChallenge11_Objective_0_Text": "ËÒ Qi ÍÕ¡¤¹ãËéà¨Í",
        "QiChallenge12_Name": "Qi's Prismatic Grange",
        "QiChallenge12_Text": "¨§ËÒ äÍà·ÁÊÕá´§ ÊÕÊéÁ ÊÕàËÅ×Í§ ÊÕà¢ÕÂÇ ÊÕ¿éÒ áÅÐÊÕÁèÇ§ ÍÂèÒ§ÅÐ 100 ªÔé¹ áÅÐ¹Óä»ãÊèã¹¡ÅèÍ§ÊÐÊÁ¢Í§©Ñ¹",
        "QiChallenge12_Objective_0_Text": "¹ÓäÍà·ÁÊÕá´§ 100 ªÔé¹ ãÊèã¹¡ÅèÍ§ÊÐÊÁ¢Í§ Qi",
        "QiChallenge12_Objective_1_Text": "¹ÓäÍà·ÁÊÕÊéÁ 100 ªÔé¹ ãÊèã¹¡ÅèÍ§ÊÐÊÁ¢Í§ Qi",
        "QiChallenge12_Objective_2_Text": "¹ÓäÍà·ÁÊÕàËÅ×Í§ 100 ªÔé¹ ãÊèã¹¡ÅèÍ§ÊÐÊÁ¢Í§ Qi",
        "QiChallenge12_Objective_3_Text": "¹ÓäÍà·ÁÊÕà¢ÕÂÇ 100 ªÔé¹ ãÊèã¹¡ÅèÍ§ÊÐÊÁ¢Í§ Qi",
        "QiChallenge12_Objective_4_Text": "¹ÓäÍà·ÁÊÕ¿éÒ 100 ªÔé¹ ãÊèã¹¡ÅèÍ§ÊÐÊÁ¢Í§ Qi",
        "QiChallenge12_Objective_5_Text": "¹ÓäÍà·ÁÊÕÁèÇ§ 100 ªÔé¹ ãÊèã¹¡ÅèÍ§ÊÐÊÁ¢Í§ Qi"
    }
}
