{
    "header": {
        "target": "w",
        "formatVersion": 5,
        "hidef": true,
        "compressed": 128
    },
    "readers": [
        {
            "type": "Microsoft.Xna.Framework.Content.DictionaryReader`2[[System.String, mscorlib, Version=4.0.0.0, Culture=neutral, PublicKeyToken=b77a5c561934e089],[System.String, mscorlib, Version=4.0.0.0, Culture=neutral, PublicKeyToken=b77a5c561934e089]]",
            "version": 0
        },
        {
            "type": "Microsoft.Xna.Framework.Content.StringReader",
            "version": 0
        }
    ],
    "content": {
        "ScienceHouse_Robin_Raining1": "̋Ð ÍÒ¡ÒÈá»Ã»ÃÇ¹ËÃÍ",
        "ScienceHouse_Robin_Raining2": "â̍Ç äˑ¹Ð àƫÂ¡âª¡ÁÒàƚÂÇ!",
        "ScienceHouse_Robin_NotRaining1": "ä§ ¡ÒÃàŴ¹àʛ¹Ъ§чƤ¹Ð?",
        "ScienceHouse_Robin_NotRaining2": "ä§̘Ð!",
        "ScienceHouse_Robin_Snowing": "чщӭ¹¹Ð!",
        "ScienceHouse_Robin_NotSnowing": "ÊħÊƤ!",
        "ScienceHouse_Robin_CloseFriends": "̍ÒÇ ÊħÊƤ˨Ò {0}!",
        "ScienceHouse_Robin_NotCloseFriends": "ÍÂÒ¡ỄÒ§ÍÐäÃԧ¹àËÃÍ?",
        "ScienceHouse_Robin_Greeting": "Ƃ¹Ƥ˵Í¹ģº!",
        "ScienceHouse_Robin_RareGreeting": "àÅƇ...? â̍...",
        "AnimalShop_Marnie_Greeting1": "ÊħÊƤ!",
        "AnimalShop_Marnie_Greeting2": "àʛ¹ä§˺Ò§!",
        "AnimalShop_Marnie_CloseFriends": "˗Òä§ {0}",
        "AnimalShop_Marnie_NotCloseFriends": "ÁÍ§ËÒɍ»¡Ã΃ÍÐäÃËȓÍà»˕Ò̘Ð?",
        "AnimalShop_Marnie_Raining": "àʊ´à˷Ò˴ÇÂ˕Ð!",
        "AnimalShop_Marnie_NotRaining": "ä§! ÊÀÒ¾ÍÒ¡ÒÈàʛ¹ä§˺Ò§?",
        "AnimalShop_Marnie_Greeting3": "ä§! ¿ÒΓÁ {1} àʛ¹Ģ§ä§˺Ò§˕Ð'?",
        "AnimalShop_Marnie_RareGreeting": "àÅƇ...? â̍...",
        "AdventureGuild_Marlon_Greeting_Male": "ĉ¹àҚÍÍԒá̅Ç˗Ò¹ÒÂ˵Í§¡ĥºÁÒ!",
        "AdventureGuild_Marlon_Greeting_Female": "ĉ¹àҚÍÍԒá̅Ç˗Òà¸Í˵Í§¡ĥºÁÒ!",
        "AdventureGuild_Marlon_Greeting1": "˵Í§¡ÒÃ´Òºà˕ÁãËˑäËÁ?",
        "AdventureGuild_Marlon_Greeting2": "ÊħÊƤ",
        "AdventureGuild_Marlon_Greeting3": "šÅ ҥ¹ä˴á̅Ç! àÃÒƱá¢¡ÁÒàђÂÁ",
        "AdventureGuild_Marlon_Greeting4": "ÊħÊƤµÍ¹ˊÒÂ",
        "Hospital_Maru_Greeting1": "ħ¹׉Ʊę´µÃÇ¨ËÃÍ¤Ð?",
        "Hospital_Maru_Greeting2": "ƱÍÐäÃã̋ʺÇÂǣà»˕Ò¤Ð?",
        "Hospital_Maru_Greeting3": "¤ƅŹ¤àÃÒƱÂÒ¢ÒÂ¹Ð¤Ð!",
        "Hospital_Maru_Greeting4": "ġ¹àʛ¹àËȵȩ¡àũ¹ËȓÍà»˕Ò¤Ð?",
        "Hospital_Maru_Greeting5": "ÁÒËÒËÁÍËÃÍ¤Ð?",
        "Hospital_Maru_Spouse": "˗Òä§ чģ¡ <",
        "LeahHouse_Leah_Greeting1": "̍ÒÇ ÊħÊƤ!",
        "LeahHouse_Leah_Greeting2": "ÊħÊƤ˨Ò",
        "LeahHouse_Leah_Greeting3": "˗Òä§ {0}",
        "ElliottHouse_Elliott_Greeting1": "̍ÒÇ Ȥ³ÁÒàђÂÁ¼Á˴ÇÂ",
        "ElliottHouse_Elliott_Greeting2": "ÊħÊƤ",
        "ElliottHouse_Elliott_Greeting3": "ÊħÊƤ {0}",
        "JojaMart_Morris_Greeting": "Ƃ¹Ƥ˵Í¹ģºԚ ̃Ò¹â¨˨Ò!",
        "SandyHouse_Sandy_Greeting1": "à¸Íâ´¹á´´à¼ÒËÁ´á̅Ç¹Ð!",
        "SandyHouse_Sandy_Greeting2": "â̍ Ʊá¢¡˴ÇÂ!",
        "SandyHouse_Sandy_Greeting3": "Ȥ³ɤ¼ÍÁ¹Ð!",
        "SandyHouse_Sandy_Greeting4": "ƱàÁʥ´Ğ¹ۨ¢ÒÂ˨Ò!",
        "SandyHouse_Sandy_Greeting5": "Ȥ³¨Ðäˑ؛ÍÍÐäÃËˉÍÂàËÃÍ?",
        "ManorHouse_Lewis_Morning": "ÍɃ³ÊħÊڴ!",
        "ManorHouse_Lewis_Afternoon": "ÊħÊƤµÍ¹ˊÒÂ",
        "ManorHouse_Lewis_Evening": "ÊħÊƤµÍ¹àʢ¹",
        "Saloon_Gus_Greeting": "àˢÒÁÒɤ¢Í§ʱÍ¹Ɗ!",
        "Saloon_Gus_Summer": "ģºà¤ҳÍ§ҤÁàʢ¹æ äËÁ?",
        "Saloon_Gus_NotSummer": "ƱÍÐäÃã̋ʺÇÂՁÂ?",
        "Saloon_Gus_Snowing1": "ǖ§ˢÒ§¹Í¡¨ÐË¹ÒÇ á˅ˢÒ§ã¹Ʊ¡Òá¿̃Í¹æ¹Ð!",
        "Saloon_Gus_NotSnowing1": "ģºÍÒËÒÃ̃Í¹æäËÁ?",
        "Saloon_Gus_Raining": "ģºà¤ҳÍ§ҤÁ̃Í¹æäËÁ?",
        "Saloon_Gus_NotRaining": "ģºà¤ҳÍ§ҤÁäËÁ?",
        "Saloon_Gus_Snowing2": "àˢÒÁÒˢÒ§ã¹ʱÍ¹ ˢÒ§¹Í¡ġ¹àʢ¹!",
        "Saloon_Gus_NotSnowing2": "Ƃ¹Ƥ˵Í¹ģº!",
        "Saloon_Gus_RareGreeting": "ɤàËȑÍ¹Ȥ³˵Í§¡ÒÃ¨ÐҤÁÍÐäÃ¹Ð",
        "ArchaeologyHouse_Gunther_Greeting1": "ËÒÍÐäÃà¨Í˺Ò§ՁÂ?",
        "ArchaeologyHouse_Gunther_Greeting2": "Ȣ´ÍÐäÃÁÒä˴˕Ð?",
        "ArchaeologyHouse_Gunther_Greeting3": "ÍÂÒ¡ä˴¤ÇÒÁړÍÐäÃ¨Ò¡ĉ¹ՁÂ?",
        "ArchaeologyHouse_Gunther_Greeting4": "ÊħÊƤ",
        "ArchaeologyHouse_Gunther_Greeting5": "¤ÃÒÇ׉àÍÒÍÐäÃÁÒã̋ĉ¹˕Ð?",
        "ArchaeologyHouse_Gunther_RareGreeting": "Ȥ³Ʊ¡Х¹àËȑÍ¹āºŴ¹àÅÂ... ĉ¹ªÍº¹Ð!",
        "SeedShop_Pierre_Winter": "Ƃ¹Ƥ˵Í¹ģºԚ ̃Ò¹чÍºӭ¹¢Í§ƫáÍΓ!",
        "SeedShop_Pierre_NotWinter": "Ƃ¹Ƥ˵Í¹ģºԚ̃Ò¹ƫáÍΓ!",
        "SeedShop_Pierre_Summer": "àÁʥ´Ğ¹ۨŚÒËģºË˹Ò̃Í¹ ÇÒ§ĸÒËˉÒÂá̅Ç!",
        "SeedShop_Pierre_NotSummer": "ƱàÁʥ´Ğ¹ۨĸÒËˉÒÂ!",
        "SeedShop_Pierre_Greeting1": "ÊħÊƤ¤ģº!",
        "SeedShop_Pierre_Greeting2": "àʛ¹Ȥ³à˨Ò¢Í§¿ÒΓÁ {0} щàÍ§!",
        "SeedShop_Pierre_Raining": "ħ¹Ƥæ áºº׉ ÁÒ؛Íā¹àÂÍÐæ ¹Ð¤ģº!",
        "SeedShop_Pierre_NotRaining": "Ƃ¹Ƥ˵Í¹ģº!",
        "SeedShop_Pierre_RareGreeting": "Ȥ³àÍÒ¡ÃÐà͛ÒÊµÒ§ʹÁÒǣà»˕Ò?"
    }
}
