{
    "header": {
        "target": "w",
        "formatVersion": 5,
        "hidef": true,
        "compressed": 128
    },
    "readers": [
        {
            "type": "Microsoft.Xna.Framework.Content.DictionaryReader`2[[System.String, mscorlib, Version=4.0.0.0, Culture=neutral, PublicKeyToken=b77a5c561934e089],[System.String, mscorlib, Version=4.0.0.0, Culture=neutral, PublicKeyToken=b77a5c561934e089]]",
            "version": 0
        },
        {
            "type": "Microsoft.Xna.Framework.Content.StringReader",
            "version": 0
        }
    ],
    "content": {
        "AnimalShop.1": "ÍÒ... ݖ¡µÒËƱĢ´ә¹¢¹Ò´ãËʽžàÈÉ! ġ¹ʺÒ§ËɳËÃÒàËȕÍàš¹ ¤¹чªÍº¡ÃÐâ´´¡Í´ݖ¡µÒ ¨ÐËɂ´¡Í´Ъ§׉ä˴ÂÒ¡ÁÒ¡",
        "AnimalShop.2": "ÍÒ... ݖ¡µÒËƱĢ´ә¹¢¹Ò´ãËʽžàÈÉ! ġ¹ʺÒ§ËɳËÃÒàËȕÍàš¹ ¤¹чªÍº¡ÃÐâ´´¡Í´ݖ¡µÒ ¨ÐËɂ´¡Í´Ъ§׉ä˴ÂÒ¡ÁÒ¡",
        "AnimalShop.3": "Ëę§ȚÍÀÒ¾ƺ ɘŹâˑ -- ӣ¹žàÈÉ",
        "AnimalShop.4": "¤ÃÍº¤ģÇàʥ¡æ ıÒĥ§ÁÒÃÇÁā¹чḁ̂ÐÍÒËÒÃ à݋ÂÇ¹Ð... Â¡à̇¹Ȥ³ԋ à¢Òɦ¡µÍ¡ä̇ã˵àƥÂ§ ˴ÇÂàËȵ¼ÅºÒ§»ÃÐ¡ÒÃ",
        "AnimalShop.5": "¤ÃÍº¤ģÇàʥ¡æ ıÒĥ§ÁÒÃÇÁā¹чḁ̂ÐÍÒËÒÃ à݋ÂÇ¹Ð... Â¡à̇¹Ȥ³ԋ à¢Òɦ¡µÍ¡ä̇ã˵àƥÂ§ ˴ÇÂàËȵ¼ÅºÒ§»ÃÐ¡ÒÃ",
        "AnimalShop.6": "Ȥ³ˤ¹څàغÍ˼Ò¢Í§ÁÒƩ ¨¹¡ÃÐȨÂ¡ÃÐ¨ÒÂ ˚Ç¹ãËʽàʛ¹Ȫ´¡ÃÐâ»Ã§ÂÒÇ á˅ġ¹ʁƱÊÒÂàރÂÁǔ§¡Ò§à¡§ ƺթÒµÒÅÍԒĭ¹Ǚ§˴ÇÂ",
        "AnimalShop.7": "Ȥ³ˤ¹֥¹Ċ¡˚Ç¹ĕÇ¢Í§ÁÒƩ¨¹ηÇ äˑƱÍÐäÃˉÒÊ¹ã¨ã¹׉àÅÂ",
        "AnimalShop.8": "ɤàËȑÍ¹à¢Ò¨Ðã˪Ƈ·ɂá·¹¹Òƌ¡Ò»Ʌ¡",
        "AnimalShop.9": "á̘¤-ƍ¹-à´ÍÐ-̪Í¡ͻ ıÒĥ§àËƲÂ´á¢¹àËƲÂ´¢Ò á¢¹¢Í§à¢Ò§Íàʛ¹ˇÒá»Å¡æ ´Ç§µÒчǥ¡âËÅ¢Í§à¢ÒÁÍ§ÁÒÍ˒Ò§àʢ¹ªÒ",
        "AnimalShop.10": "щġ¹ǴÍà¤ҳÍ§à˕¹à¡Á àÁˡÒ ÊàµΪ¹ (Mega Station) Ʊà¡Áã˚ÍԒˢÒ§ã¹ ˉÒ¨Ðàʛ¹à¡Á¶Í´ÃīÊâ¤ÃµɊÅ˅Ò¹ (Code Sultan XL) áÅÐɤàËȑÍ¹¨ÐƱ¤¹à˕¹â¡§«Ð˴ÇÂ",
        "AnimalShop.11": "Ƈƨ¡ÒÃàוÂ§äʱ",
        "AnimalShop.12": "ƈÅ»ÐáÅÐ§Ò¹ƭȑÍчàʛ¹ÃÐàƪÂº",
        "AnimalShop.13": "ɤäˑä˴ ġ¹ˉÒ¨Ðàʛ¹¤ÍÅàʥ¡Ϊ¹ºÍÅ",
        "AnimalShop.14": "Ȫ´ƺ¢¹Ò´àʥ¡æ",
        "AnimalShop.15": "Ʊ¹Òƌ¡ÒâºÃÒ³áÅÐ¡˕Í§à¤ҳÍ§»ÃÐĔºàʥ¡ æ ƺ·Í§",
        "AnimalShop.16": "ɤàËȑÍ¹á¨Ê ¨Ðã˪§Ò¹ˊÍÂÁÒ¡",
        "AnimalShop.17": "ġ¹̵Í¤",
        "AnimalShop.18": "ÍÐ.... äÁâ¤ÃàÇ¿ž«ʻÒ",
        "AnimalShop.19": "àËȑÍ¹¨Ðàʛ¹Ĝ¡чɦ¡ϋ¹ä̇ Ģ§¤§ϋ¹äˑàÊʣ¨",
        "AnimalShop.20": "ŇÒäÁǖ§ÁÍ§ä»Ģ§Ė§¢ÂÐ˕Ð?$s",
        "AnimalShop.21": "˚Ç¹ãËʽàʛ¹¡˕Í§ž«ʻÒч˗Ò§à»˕Ò",
        "ArchaeologyHouse.1": "»ÃÐħŵÈÒÊµΓ¢Í§ÍÒ³ÒĈ¡Ãâ¡â·â˓",
        "ArchaeologyHouse.2": "Ê§¤ÃÒÁāºÍÒ³ÒĈ¡Ãâ¡â·â˓ ĸÒàʛ¹ËȓÍäˑ? ɁÁÁÍ§чâ´´à˄¹ â´Â Ʈ.Ĕºà֚Åɲ.á¤Ã¹à«ÒàÍÍΓ",
        "ArchaeologyHouse.3": "¡ÒÃàŴ¹·Ò§ˢÒÁ·ÐàÅĭ­Áƣ",
        "ArchaeologyHouse.4": "»ÃÐħŵÈÒÊµΓ·Ò§¸ÃƣƇ·ÂÒ¢Í§ÊµÒΓŴÇáÇÅѕ",
        "ArchaeologyHouse.5": "´Í¡ä́áÅÐĪµΗчÍÒĨÂºƃàÇ³Ë˹ÒŴ¹ã¹·ÐàÅ·ÃÒÂ¤Òƅâˡ",
        "ArchaeologyHouse.6": "á¼¹ч´Ç§´ÒÇ",
        "ArchaeologyHouse.7": "ġ¹¢Ò´ӣ§У§á̅Çá˅ʁĢ§ˉÒģ¡ÍԒ",
        "ArchaeologyHouse.8": "ÊäÅΑĕÇ˹ÍÂчàʛ¹ƁµÃ",
        "ArchaeologyHouse.9": "ä»àђÂÁªÁ¿ÒΓÁā¹à¶ÍÐ ¾Ç¡äʱ̃Í§̫Í¡æ ¾Ç¡Ëɱ̃Í§¤˓Í¡æ ¾Ç¡á¾Ð̃Í§áˑÐæ #¾Ç¡àʛ´̃Í§̑Òºæ ¾Ç¡¡ÃÐ˅ÒÂ´Áȿ´ſ´ ¾Ç¡ħÇ̃Í§ɱæ",
        "BathHouse_MensLocker.1": "څàʁº¢Í§׉ ˉÒ¡ĥÇÁÒ¡",
        "BathHouse_MensLocker.2": "ä̇àʁºàغÍ˼Ò ¢³ÐÍÒºթÒ?",
        "BathHouse_MensLocker.3": "Ȥ³˝Í¹áÍàš¹ä»ч¨ÐÂ¡ġ¹",
        "BathHouse_MensLocker.4": "ʥÍ¡à¡ÍΓ¢Í§Íàʥ¡ͻ... ƱÀÒ¾¢Í§ ę¡à¾ÒÐ¡ÒÂá»Ðä̇ µÃ§»ÃÐɥ",
        "BathHouse_WomensLocker.1": "Ъ§¢Í§ŚÒËģºڌËŭ§",
        "BathHouse_WomensLocker.2": "څʥÍ¡à¡ÍΓ¢Í§à¾¹Ʃ ƱȪ´˗ÒÂթÒчàʛ¹ ½ÍÂÍԒˢÒ§ã¹",
        "BathHouse_WomensLocker.3": "څʥÍ¡à¡ÍΓ¢Í§Íźà¡Å ġ¹àËʡ¹ äˑʴÍÂƤàˇÒäË˓",
        "Blacksmith.1": "ġ¹Ʊà·»ÍɲˢÒ§ã¹ '¤ÍÅàÅ¤Ϊ¹à¾Å§ºɵΚч·Ã§Ȥ³ʴÒ, à˕Á 2",
        "Blacksmith.2": "Ȥ³¡ÇÒ´µÒÁÍ§ ˢÒÇ¢Í§˚Ç¹ĕÇ¢Í§¤ƅ¹· Í˒Ò§ÃÇ´àʣÇ µÃ§Թ¹Ʊ˼Òā¹àثÍ¹¢Í§ ʺÒ§ƥàËʥ¡ÇÒ§ÍԒËѹ§¡Í§ ŹµÂÊÒÃĸÒ¹Ç¹Ëѹ§ ´ÒºàʱÒà˕ÁËѹ§ áÅÐɳ»чƤ¢Í§áˑ¢Í§à¢Ò",
        "Blacksmith.3": "Ȥ³¡ÇÒ´µÒÁÍ§ ˢÒÇ¢Í§˚Ç¹ĕÇ¢Í§¤ƅ¹· Í˒Ò§ÃÇ´àʣÇ µÃ§Թ¹Ʊ˼Òā¹àثÍ¹¢Í§ ʺÒ§ƥàËʥ¡ÇÒ§ÍԒËѹ§¡Í§ ŹµÂÊÒÃĸÒ¹Ç¹Ëѹ§ ´ÒºàʱÒà˕ÁËѹ§ áÅÐɳ»чƤ¢Í§áˑ¢Í§à¢Ò",
        "Blacksmith.4": "ǖ§àÍƁѕ ^¼Áړ˗ÒȤ³Ť´āº¼ÁáʴàҮÍ¹ ^ġ¹àʛ¹¤ÇÒÁż´¢Í§¼ÁàÍ§ ¼ÁֲÍÒÂàš¹ä» ¼Á¤§¨ÐäˑƱħ¹Ʊ¤ÇÒÁ¡̅Ò ¾Íч¨ÐºÍ¡¤ÇÒÁ¨ƃ§ã̋Ȥ³ړ ^щǴÍÊÒàËȵ ч¼ÁàƒÂ¹¨´ËÁÒÂ׉ǖ§ĕÇàÍ§ ¨´ËÁÒÂч¼Á¨ÐԻ¹ġ¹àʛ¹ˡÍ¹ á̅Ç»Ò֗§ä»чɁÁ̋Í§áˉ¹Í¹",
        "Blacksmith.5": "àʛ¹àµÒËÅÍÁ ÃÐĔºȑÍÍÒƚ¾ ÁÍ§àˢÒä»˴Ò¹ã¹ Ȥ³¨Ðàʫ¹âÅËÐ ËÅÍÁÅÐÅÒÂ áÅÐıÒĥ§ɦ¡λ¹",
        "Blacksmith.6": "àʛ¹àµÒËÅÍÁ ÃÐĔºȑÍÍÒƚ¾ ÁÍ§àˢÒä»˴Ò¹ã¹ Ȥ³¨Ðàʫ¹âÅËÐ ËÅÍÁÅÐÅÒÂ áÅÐıÒĥ§ɦ¡λ¹",
        "Blacksmith.7": "η§чƱȤ³ÀÒ¾ɺ§¢Í§¤ƅ¹· ŇÒ¨Ò¡âÅËÐ¼ÊÁƍƃàƤÂÁ",
        "Blacksmith.8": "η§чƱȤ³ÀÒ¾ɺ§¢Í§¤ƅ¹· ŇÒ¨Ò¡âÅËÐ¼ÊÁƍƃàƤÂÁ",
        "Blacksmith.9": "¡Í§žÁΎàƒÂÇâÅËÐ",
        "Blacksmith.10": "ġ¹àʕÁä»˴ÇÂà¢ˑÒ",
        "BusStop.1": "` ˻ÒÂÃ¶àÁΕ^> àȑÍ§à¾ƅá¡¹",
        "Club.1": "àÇÅƇ¡: ħ¹׉äˑãʺħ¹¢Í§ à֭¡ ¼ÁҤÁÁÒ¡ä»á̅Ç",
        "Club.2": "ªÒÂ¤¹Ëѹ§: à̎ Ȥ³äˑàʫ¹ËȓÍä§˗Ò¼ÁӢ§ÍԒ? ¼ÁıÒĥ§ȑÍע¹àщÂ",
        "ElliottHouse.1": "ġ¹ǴÍÀÒ¾чÇÒ´â´ÂƵÍÒ",
        "ElliottHouse.2": "ḁ̂ÐŇÒ§Ò¹¢Í§àÍÅàƵÂµ ɦ¡»¡¤ɅÁä»˴ÇÂ¡ÃÐ´ÒÉ чƱˢÍ¤ÇÒÁàƒÂ¹ä̇ áÅÐˡÍ¹¡ÃÐ´ÒÉчĢºڒђ",
        "ElliottHouse.3": "ġ¹ǴÍ̋Í§àʥ¡æч˗Ò§à»˕Ò",
        "ElliottHouse.4": "ġ¹ɤàËȑÍ¹˗ÒàÍÅàƵÂµ ıÒĥ§¾ÂÒÂÒÁ¨ÐàוÂ§˵¹ºÍ¹ä« ġ¹ɤà͈§ÁÒ¡æàÅÂ!",
        "ElliottHouse.5": "ġ¹ǴÍ˵¹»ÒΕÁ˵¹ܚÇŉÒàˢÒÁÒ¨Ò¡·ÐàÅ·ÃÒÂ¤Òƅâˡ",
        "ElliottHouse.6": "ġ¹ɤàËȑÍ¹˗ÒàÍÅàƵÂµ ıÒĥ§¾ÂÒÂÒÁ¨ÐàוÂ§˵¹ºÍ¹ä« ġ¹ɤà͈§ÁÒ¡æàÅÂ!",
        "Farm.1": "ÈÒÅà˨Ò¢Í§Ȥ³ԋ",
        "Farm_Combat.1": "ÈÒÅà˨Ò¢Í§Ȥ³ԋ",
        "Farm_Fishing.1": "ÈÒÅà˨Ò¢Í§Ȥ³ԋ",
        "Farm_Foraging.1": "ÈÒÅà˨Ò¢Í§Ȥ³ԋ",
        "Farm_Mining.1": "ÈÒÅà˨Ò¢Í§Ȥ³ԋ",
        "FishShop.1": "ġ¹¾Òä»Ԛ̋Í§¹Í¹àʥ¡æч̋ÒÁàˢÒ",
        "FishShop.2": "ġ¹ǴÍ¡˕Í§àʁºɍ»¡Ã΃µ¡»ÅÒ чàʕÁä»˴ÇÂàËҲÍ˕Í ӗ¹ µÐ¢Í áÅÐàʭ¹µ¡»ÅÒ",
        "FishShop.3": "áººĸÒÅÍ§¢¹Ò´àʥ¡¢Í§àȓÍÃº",
        "FishShop.4": "ġ¹Ʊف§ƺªÁɮĕÇàʥ¡æ ıÒĥ§˗ÒÂթÒä»ηÇÍԒã¹׉",
        "FishShop.5": "àÍÒ˕Ð ġ¹ǴÍ Ė§чàʕÁä»˴ÇÂË¹Í¹чź´ä»ź´ÁÒ ¡Х¹ġ¹á˒ËˉÍÂ¹Ð",
        "FishShop.6": "Ė§»ÅÒĊÁĚ¡àʁµ (chum bucket)",
        "FishShop.7": "ɤ¤ÅÒÂäʲ¡º",
        "Forest.1": "` ¿ÒΓÁ^> àȑÍ§à¾ƅá¡¹",
        "Forest.2": "@ ˋÒū¹à´ÍΓá«»^> àȑÍ§à¾ƅá¡¹",
        "HaleyHouse.1": "ġ¹̵Í¤",
        "HaleyHouse.2": "Ȥ³¡ÇÒ´ÊÒÂµÒÁÍ§ څàغÍ˼Ò˚Ç¹ĕÇ¢Í§àÎƵΒ Í˒Ò§ÃÇ´àʣÇ ġ¹ĭ´áˉ¹ä»˴ÇÂàغÍ˼Ò",
        "HaleyHouse.3": "Ȥ³¡ÇÒ´ÊÒÂµÒÁÍ§ څàغÍ˼Ò˚Ç¹ĕÇ¢Í§àÎƵΒ Í˒Ò§ÃÇ´àʣÇ ġ¹ĭ´áˉ¹ä»˴ÇÂàغÍ˼Ò",
        "HaleyHouse.4": "ġ¹ǴÍݖ¡µÒËƱĢ´ә¹ĕÇܚÇ!",
        "HaleyHouse.5": "ġ¹ǴÍä´ÍÒѓч˗Ò§à»˕Ò",
        "HaleyHouse.6": "ġ¹Ʊ¡ÃÐ´ÒÉâ˹µáˌ¹àʥ¡æ ÍԒº¹¡ÃÐ¶Ò§ 'ÍÐäÃºÒ§Í˒Ò§ч¨Ð ŇÒã̋Ȥ³äˑȕÁĉ¹-á«¹ׄ'",
        "HaleyHouse.7": "ġ¹ǴÍ́Ç¹˼Òƺ˿Ò ġ¹Ʊ˚Ç¹чɦ¡ĕ´ÍÍ¡ÁÒ á̅ÇʁƱ¡ÒÃě¡ÅÒÂµÒÁá¹ÇµÐàʂº",
        "HaleyHouse.8": "ġ¹ǴÍ¤ÍÁžÇàµÍΓ¢Í§àÍƁƵ ġ¹ɦ¡ã˚ÃīÊ à¾ÃÒÐ©ÐԹ¹Ȥ³ʁàÅÂ àˢÒä»áÍºɤäˑä˴",
        "HaleyHouse.9": "'ŹµÂÒÊÒÃá¿Ϊ¹: ɳ»ÀÒ¾¨Ò¡˷Í§¶¹¹ ¢Í§àȑÍ§ɛɛ",
        "HaleyHouse.10": "ġ¹ǴÍḁ̂Ðà¤ҳÍ§á˻§чËɳËÃÒ ġ¹Ʊ¤ƳÁȷ¡ªŹ´ ƺ˅Ò§æ áÅÐá˻§àʛ¹Ȩ´æº¹żÇḁ̂Ð",
        "HaleyHouse.11": "ġ¹ǴÍ¡̅Í§¢Í§àÎƵΒ",
        "HaleyHouse.12": "'¡ÒÃ¡ÇÒ´á¢¹ Í˒Ò§Ʊħµȶ»ÃÐÊ§ʹ: ƈÅ»Ð¡ÒÃà˵¹áºº˓ÇÁÊġÂ'",
        "HaleyHouse.13": "'ỄÒ§̋Í§ȑ´˴ÇÂɳ»ˆÒÂ¢Í§Ȥ³'",
        "HaleyHouse.14": "ġ¹ǴÍɵ¡âÅ¡ĸÒÅÍ§ à̎! µÃ§׉ǴÍÊµÒΓŴÇáÇÅѕ!",
        "HaleyHouse.15": "àµÒÍº˚§¡Х¹ËÇÒ¹ àËȑÍ¹Ą¾àˤ¡ÍºãËˑ",
        "HaleyHouse.16": "Ą¾àˤ¡ ¹Á ¢Ç´âËÅºÃÃȨáµ§¡ÇÒ´Í§чŻ´áˉ¹ áÅÐÊĥ´¤ƇęÇ",
        "HaleyHouse.17": "ǖ§ÊÒÇæчģ¡¢Í§àÃÒ: ^¾Ç¡àÃÒŤ´ǖ§¾Ç¡à¸Í¹Ð áÅÐËħ§˗Ò¾Ç¡à¸Í¨Ðã˪ƚƇµ ˴ÇÂĕÇàÍ§Í˒Ò§Ʊ¤ÇÒÁɊ¢ ¾Ç¡àÃÒàО§¨ÐÍÍ¡ÁÒ¨Ò¡ à¡ÒÐàſΓ¹àұÍǴ¹׉Ëĥ§¨Ò¡ч ÍԒÁÒ¹Ò¹ÊÍ§àȄÍ¹ ^ġ¹àʛ¹»ÃÐÊº¡ÒÃ΃чÂÍ´àђÂÁÁÒ¡... á¹ÐŉÒàʛ¹žàÈÉã̋ÅÍ§ÁÒ ^ŇÒã̋áˉã¨˴ÇÂ¹Ð˗Ò ¾Ç¡à¸Íš¹ÍÒËÒÃчƤ˅ÍɊ¢ÀÒ¾ áÅÐÍ˒ÒȕÁʸÒÂʴÒä¿˴ÇÂ˕Ð! ^^ ģ¡ áˑ & ˎÍ",
        "HaleyHouse.18": "ŹµÂÊÒÃ 'ȫ»à»ÍΓá¿Ϊ¹àšΓÅ'",
        "HarveyRoom.1": "¡ÒÃà»ƳÂºàƧÂºÃÐË˗Ò§ à¤ҳÍ§ź¹Ãº¢Í§ÊÒ¸ÒÃ³ģ°àſΓ¹šÅΕ áÅÐÍÒ³ÒĈ¡Ãâ¡â·â˓",
        "HarveyRoom.2": "ġ¹ǴÍŷÇėÈΉ¢Í§˷Í§˿ÒчÊÇÂ§ÒÁàËȉÍÊµÒΓŴÇáÇÅѕ",
        "HarveyRoom.3": "ġ¹ǴÍ¤ÍÅàÅ¤Ϊ¹ à¤ҳÍ§ź¹ĸÒÅÍ§¢Í§ÎÒΓƷΒ",
        "HarveyRoom.4": "ġ¹ǴÍ¤ÍÅàÅ¤Ϊ¹ à¤ҳÍ§ź¹ĸÒÅÍ§¢Í§ÎÒΓƷΒ",
        "HarveyRoom.5": "ġ¹ǴÍȪ´¡ÒÃÍÍ¡ÍÒ¡ÒÈ ·Ò§Ƈ·ɂчċº˫Í¹",
        "HarveyRoom.6": "ġ¹ǴÍȪ´¡ÒÃÍÍ¡ÍÒ¡ÒÈ ·Ò§Ƈ·ɂчċº˫Í¹",
        "HarveyRoom.7": "ġ¹Ʊà·»ÍԒˢÒ§ã¹: 'ÃÇÁº·»ÃÐĞ¹Έ à¾Å§á̘Ê¤ÅÒÊƊ¡'",
        "HarveyRoom.8": "'ŇÒ-ġ¹-˴ÇÂĕÇàÍ§! ¡ÒÃˌÒĕ´īÇàʲÒ'",
        "HarveyRoom.9": "'ȑÍ»ÃÒºÀÒÇÐ ¤ÇÒÁĔ¹àȕÍ´ã¹»Í´ɺ§'",
        "HarveyRoom.10": "Ȥ³äˑ¾ºÍÐäÃàÅÂ áÅÐµÍ¹׉ȑÍ¢Í§Ȥ³ ʁƱ¡Х¹чá˒ÁÒ¡",
        "HarveyRoom.11": "ġ¹ɤ¨Ðã˪§Ò¹ä˴Ƥ",
        "HarveyRoom.12": "ġ¹àʕÁä»˴ÇÂ ÍÒËÒÃѡ§ŚÒàʣ¨ɳ»",
        "HarveyRoom.13": "\"خ¹Ŵ¹-Ԛ-˷Í§˿Ò ÃÐàƪÂº¡ÒÃƇ·ɂ\"",
        "HarveyRoom.14": "ġ¹ǴÍȪ´â·ÃėÈΉÁÒµÃ°Ò¹ чԵ§ã̋àŻ´ʺÍ§»ÐħŵÈÒÊµΓàÍÒä̇",
        "Hospital.1": "Ī­ĥ¡É΃á˛§˓Ò§·Ã§ ġ¹ƱÍԒàҮÍ»ÅÍº»ÃÐâÅÁ ¤¹чàҚÍã¹âÂºÐ",
        "Hospital.2": "ġ¹ǴÍâËÅĕÇÍ˒Ò§ äˑàÍÒȑÍáË˒Å§ä»¨ÐƤ¡˗Ò¹Ð",
        "Hospital.3": "ġ¹àʛ¹¤ÇÒÁŤ´чäˑƤ¹Ð ч¨ÐàÍÒȑÍ¢Í§à¸Í ̅Ç§àˢÒä»ã¹Թ¹ ġ¹àʕÁä»˴ÇÂàʂÁƙ´ÂÒ áˌ¹µÃÇ¨àؚÍчÊ¡»Ã¡ áÅÐ¾Ç¡īÇƙ´àʥ¡æ чÎÒΓƷΒã˪áË˒àˢÒä»ã¹ ɻ¢Í§¤¹äˢ",
        "Hospital.4": "ºÒ§¤Ճ§ƚƇµʁÂÒ¡ãʺǣà»˕Ò? Ȥ³à¤ÂƱě­ËÒāº¡ÒÃ ÃÇºÃÇÁÊÁÒŸËȓÍäˑ? ȤÂāºȤ³ËÁÍàбÂÇāº ¾ÃÒâÇÅÍ¡ūâ¹¹ Ɗ^ (äˑãʺȷ¡¤¹ч¨ÐÊÒÁÒÃ¶ ģº¾ÃÒâÇÅÍ¡ūâ¹¹ä˴ ¼ÅˢÒ§àƔÂ§¢Í§ġ¹ÍÒ¨ÃÇÁǖ§ ÀÒÇÐ¹Í¹äˑËĥº, ÍÒÃÁ΃â¡Ã¸чɃ¹áÃ§, ¡ÒÃºÇÁч¤ÇºȤÁäˑä˴¢Í§ŕÒ¤Í, ¡ÒÃà»ѕÂ¹ƺчż´»¡ŵ Í˒Ò§¶ÒÇÃ¢Í§ƃÁƭ»Ò¡ ¼Á˓Ç§, áÅÐâÃ¤ËÅÍ´àȕÍ´ÊÁÍ§ ã¹¡ÃƣчËÒÂÒ¡Í˒Ò§Т§ (1 ã¹ 500) ڌ·´ÅÍ§ÍÒ¨ä˴¾º »ÃÐÊº¡ÒÃ΃¡ÒÃÊÅÒÂĕÇÍ˒Ò§ÊÁɪÃ΃ ¢Í§¡ÃÐɤ¡ċ¡ˇÍ¹ËȓÍÁÒ¡¡˗ÒԹ¹)",
        "Hospital.5": "'äˑ¡ÃÐ¨ÒÂàؚÍâÃ¤... ¤ÇºȤÁ¡ÒÃ¨ÒÁ¢Í§Ȥ³!'",
        "Hospital.6": "¤ƅŹ¡׉ä˴ģºãºÍȹ­Òµ »ÃÐ¡ÍºƇªÒƚ¾ ·Ò§¡ÒÃá¾·Βâ´Â ÊÒ¸ÒÃ³Ɋ¢á˛§ģ°àſΓ¹šÅΕ",
        "Hospital.7": "щġ¹˵¹ä́»ÅÍÁ!",
        "JojaMart.1": "«ÍÊÎÍÂū¹",
        "JojaMart.2": "'«ÍÊàÁà֛Å'... ġ¹àËȑÍ¹թÒàҚÍÁÁÒ¡!",
        "JojaMart.3": "ÁÒΓªàÁÅâÅÇ ɺµÃäˑƱթÒµÒÅ",
        "JojaMart.4": "«ÍÊ·Òâ¡ŚÒËģºàʔ¡æ",
        "JojaMart.5": "«ÍÊÎÍÂū¹",
        "JojaMart.6": "à¡ȕÍ",
        "JojaMart.7": "áˇ§â»Ãƥ¹",
        "JojaMart.8": "ÍÁ֢ÁɺµÃäˑƱթÒµÒÅ",
        "JojaMart.9": "¢¹Áě§Ę­Ȏª 24 ªŹ´",
        "JojaMart.10": "թÒàҚÍÁ,'Maypul'",
        "JojaMart.11": "à¨Åã˚¼Á -- ƺ˿ÒàËȑÍ¹āºä¿˿Ò",
        "JojaMart.12": "«ÍÊ¢Í§Ȥ³ÂÒÂ",
        "JojaMart.13": "ȫ»¡ÃÐ͛Í§",
        "JojaMart.14": "ġ¹½σ§·Í´¡ÃÍº ÃÊà¹ÂÊÍ§ªŹ´",
        "JojaMart.15": "«ÍÊÍà¹¡»ÃÐÊ§ʹâ¨˨Òâ¤",
        "JojaMart.16": "¢¹Áà¾ÃÊà«Å",
        "JojaMart.17": "ÍÒËÒÃâ¨˨Ò -- ζÇä¢ġ¹ϥÒ! ã¹«ÍÊթÒµÒÅÃÊËÇÒ¹",
        "JojaMart.18": "â»¹ƥ¹àª¤",
        "JojaMart.19": "¢¹Áě§Ę­Ȏª 11 ªŹ´",
        "JojaMart.20": "թÒġ¹ŇÒÍÒËÒÃà¡Ã´ D",
        "JojaMart.21": "à¨Åã˚¼Á-ªŹ´ÍԒ·Ã§¹Ò¹",
        "JojaMart.22": "«ÍÊÃÊ˝Í¹ÁÒ¡",
        "JojaMart.23": "Ȫ´¢¹ÁɚâÃΗ áººŉÒ¡ĥº˺Ò¹",
        "JojaMart.24": "¢¹Áě§¢ÒÇàÊƃÁ˴ÇÂÊÒÃÍÒËÒÃчŚÒĄ­s",
        "JojaMart.25": "ġ¹½σ§·Í´ÃÊºÒΓƪŤÇÃÁ¤ħ¹ÃÊ¼§àÁÊàˡ",
        "JojaMart.26": "ÍÒËÒÃâ¨˨Ò -- ζÇä¢ġ¹ϥÒ! ã¹«ÍÊթÒµÒÅÃÊËÇÒ¹",
        "JojaMart.27": "«ÍÊÁÒƃ¹ÒÃÒ",
        "JojaMart.28": "«ÍÊÃÊթÒ׼§100%",
        "JojaMart.29": "â«´Òàʫ´¢ÒÇ",
        "JojaMart.30": "¤ƳÁá˅§Ë˹Òàˤ¡ чÊÒÁÒÃ¶ҤÁä˴",
        "JojaMart.31": "¢¹Áě§˵¹˝Í¹ˢÒÇÊÒƵ",
        "JojaMart.32": "թÒġ¹ˢÒÇâ¾´ чˌÒ¹¡ÒÃàŵÁäÎâ´Ãà¨Ãà¨¹ ºÒ§˚Ç¹",
        "JojaMart.33": "äËÁĂ´ğ¹",
        "JojaMart.34": "«ÍÊÃÊ˝Í¹",
        "JojaMart.35": "«ÍÊÃÊթÒ׼§100%",
        "JojaMart.36": "ف§¡ÃÐ͛Í§",
        "JojaMart.37": "ġ¹½σ§·Í´ÃÊթÒµÒÅÍºàªÂ",
        "JojaMart.38": "â«´Òàʫ´¢ÒÇ",
        "JojaMart.39": "à¾Êâµ",
        "JojaMart.40": "ƲÊ΅",
        "JojaMart.41": "¼§â»Ãƥ¹",
        "JojaMart.42": "àÁʥ´â¡âˡ",
        "JojaMart.43": "¢¹Áě§ˢÒÇâ̽µ",
        "JojaMart.44": "à¹ÂĪ§à¤ÃÒÐΛ -- ġ¹ÃÒ¤Òɦ¡!",
        "JojaMart.45": "թÒÂÒºÇ¹»Ò¡",
        "JojaMart.46": "«ÍÊ ¾Ò-ĉ¹-ä»-ч-̋Í§ȩ¡àũ¹-Ƨ",
        "JojaMart.47": "ƲÊ΅",
        "JojaMart.48": "ف§á̋§ŚÒËģºš¹à˕¹",
        "JojaMart.49": "ġ¹½σ§·Í´ÃÊ̍ÍÂ",
        "JojaMart.50": "â¤¹äÍÈ¡ƳÁÃÊËÇÒ¹",
        "JojaMart.51": "ÍÒËÒÃà˪Òã¹ɳ»áºº¼§ -- àƮÂ§áʴàŵÁթÒ (äʲáÅÐġ¹½σ§)",
        "JojaMart.52": "թÒËÇÒ¹¼ÊÁթÒ¼Åä́",
        "JojaMart.53": "«ÍÊūÅѕ",
        "JojaMart.54": "¢¹Áě§ƺթÒµÒÅ",
        "JojaMart.55": "¤ƳÁ¼§",
        "JojaMart.56": "ÂÒƺğ¹",
        "JojaMart.57": "«ÍÊ·ÍΓɧģÊ àºÅ« чàš¹˵Ò¹·Ò¹",
        "JojaMart.58": "â¤¹äÍÈ¡ƳÁÃÊËÇÒ¹",
        "JojaMart.59": "äÇΉÃÒ¤Òɦ¡",
        "JojaMart.60": "ÍÒËÒÃà˪Òã¹ɳ»áºº¼§ -- àƮÂ§áʴàŵÁթÒ (äʲáÅÐġ¹½σ§)",
        "JojaMart.61": "ä̊¡ÃÍ¡à¨",
        "JojaMart.62": "թÒµÒÅɳ»´ÒÇ",
        "JojaMart.63": "äÇΉ¼§",
        "JojaMart.64": "թÒ¼Åä́ÃÐàź´",
        "JojaMart.65": "¢¹Áě§ˢÒÇäÃΒ",
        "JojaMart.66": "à¹Â¼§",
        "JojaMart.67": "ÊԊ̅Ò§ȑÍ",
        "JojaMart.68": "«ÍÊɊ´àʜ´",
        "JojaMart.69": "թÒµÒÅɳ»´ÒÇ",
        "JojaMart.70": "ġ¹½σ§ àÍ¡ͻ-µƳÁ",
        "JojaMart.71": "ġ¹½σ§ àÍ¡ͻ-µƳÁáÅÐ«ÍÊɰà¢Òä¿",
        "JojaMart.72": "äÇΉ¼§",
        "JojaMart.73": "àةÍÁÐ¾̃ÒÇ",
        "JojaMart.74": "ËÁÒ¡½σ§",
        "JojaMart.75": "äʲ¤¹¡ÃÐ͛Í§",
        "JojaMart.76": "à¤ҳÍ§ҤÁɚıÒĥ§ºɵàÍѕÂ¹... ä˴àŻ´ĕÇá̅Ç",
        "JojaMart.77": "ÍӇ¹ä̃àÁʥ´",
        "JojaMart.78": "¢¹Áě§à»דÂÇ",
        "JojaMart.79": "թÒġ¹â¨˨Ò -- թÒġ¹ɺµÃà©¾ÒÐ чˌÒ¹¡ÒÃ¼ÊÁ¼ÊÒ¹ ÁÒ¨¹Í˓ÍÂàËÒÐ ã˪ä˴ËÅÒÂħµȶ»ÃÐÊ§ʹ",
        "JojaMart.80": "թÒÂÒċ¡˼ÒÍà¹¡»ÃÐÊ§ʹâ¨˨Ò -- ã˪ŚÒËģº¡ÒÃċ¡˼Ò, ̅Ò§¨Ò¹, ̅Ò§ȑÍ, ÊÃÐ¼ÁËȓÍá́¡ÃÐη§á»Ã§ğ¹! ã˪¼ÊÁāºâ¨˨ÒƱÅ àҮÍŇÒթÒµÒÅäÍͻЋ§ áÊ¹Í˓ÍÂ",
        "JojaMart.81": "«ÍÊɰà¢Òä¿",
        "JojaMart.82": "ËÁÒ¡½σ§",
        "JojaMart.83": "¡ɵàʕ¹ºƃɊ·ڸáººáˌ¹ áÅÐáººˡÍ¹",
        "JojaMart.84": "äʲ¤¹¡ÃÐ͛Í§",
        "JojaMart.85": "¼Åä́ŚÒËģºàʛ¹ÍÒËÒÃ˗Ò§",
        "JojaMart.86": "»ÅÒ¡ÃÐ͛Í§... ã¹«ÍÊч¨ÐʺÇÂã̋ğ¹¢ÒÇע¹",
        "JojaMart.87": "թÒ¼Åä́äÎà»ÍΓ",
        "JojaMart.88": "ÍÁ֢ÁÃÊÊµÃÍΗàºÍΓƳ",
        "JojaMart.89": "¢¹Áě§",
        "JojaMart.90": "թÒġ¹¤Òâ¹˕Ò",
        "JojaMart.91": "թÒÂÒċ¡˼Ò -- ¼ÊÁթÒËÍÁƊºàˇÒ!",
        "JojaMart.92": "«ÍÊä¿",
        "JojaMart.93": "¼Åä́ŚÒËģºàʛ¹ÍÒËÒÃ˗Ò§",
        "JojaMart.94": "â¨˨ÒƱÅ... ġ¹àËȑÍ¹āºˢÒÇâ¾´ á˅Ʊ»ÃÐâÂªΉÁÒ¡¡˗Ò ÊÒÁÒÃ¶ŉÒä»ã˪āºÍÒËÒÃÍº ŇÒã̋Ʊ»ƃÁÒ³ÁÒ¡ע¹áÅÐËÇÒ¹ע¹ ¼ÊÁāºթÒàҮÍŇÒàʛ¹ թÒà¡ÃїɺµÃà©¾ÒÐ¢Í§Ȥ³àÍ§",
        "JojaMart.95": "â¤¹¤ÒΓâºäÎà´Ãµ â¤¹ĭ¹àʥ¡áÊ¹Í˓ÍÂ ч¨ÐŇÒã̋˷Í§¢Í§Ȥ³ЭÁ",
        "JojaMart.96": "»ÅÒ¡ÃÐ͛Í§... ã¹«ÍÊч¨ÐʺÇÂã̋ğ¹¢ÒÇע¹",
        "JojaMart.97": "«ÍÊ¤ÒÇºÍÂ",
        "JojaMart.98": "àʫ´áʺթÒà¡ȕÍ ã¹ȶ§ɺ­­Ò¡ÒÈ",
        "JojaMart.99": "ÍÒËÒÃ¡ÃÐ͛Í§",
        "JojaMart.100": "â¨˨Òâ¤˕Ò AMPED",
        "JojaMart.101": "ɵ¡áˡÇթÒµÒÅƺ˿ÒÍÁàƒÂÇ",
        "JojaMart.102": "áººàˤ¡ºÃɃ¨ȶ§",
        "JojaMart.103": "թÒġ¹ÁÐ¡Í¡ºƃɊ·ڸ àʛ¹žàÈÉ",
        "JojaMart.104": "թÒÂÒċ¡˼Ò",
        "JojaMart.105": "«ÍÊÃÊàʜ´",
        "JojaMart.106": "àʫ´áʺթÒà¡ȕÍã¹ȶ§ɺ­­Ò¡ÒÈ",
        "JojaMart.107": "¾ÒÊ˵Òã¹¡ÃÐ͛Í§",
        "JojaMart.108": "á˻§ˢÒÇâ¾´",
        "JojaMart.109": "ÍÒËÒÃ¡ÃÐ͛Í§",
        "JoshHouse.1": "áˑ- ^˶ÒáˑıÒĥ§˝Ò¹¨´ËÁÒÂ©Ěº׉ÍԒ ι¹á»Å˗ÒËɩäˑä˴ÍԒº¹âÅ¡ãº׉á̅Ç ËɩàƺÂã¨ч áˑ˵Í§ˡÒÇˌÒ¹àҳÍ§áºº׉¹Ð ړä̇¹Ð˗ÒËɩģ¡ˎÍáˑԷ§ÊÍ§¤¹ ^Í˒ÒàƺÂã¨ä»àÅÂ µÍ¹׉Ëɩä»ÍԒāºâÂºÐá̅Ç˕Ð ^ĴÒ¢ÍɊ´˷ÒÂ¢Í§Ëɩ: ɤáÅÍàʥ¡ͻ˴ÇÂ à¢ÒĸÒàʛ¹˵Í§Ʊ¤ÃÍº¤ģÇ ÍÐäÃċ¡Í˒Ò§чρ¹¤§ à¢Òàʛ¹àʔ¡Ƥ^ ģ¡ ^¤ÅÒ˓Ò",
        "JoshHouse.2": "Ƈ·ɂɦ¡Ե§ä̇ч ʺÍ§Ê¶ÒƩàʱÒæ",
        "JoshHouse.3": "'à˕¹¡ƃ´ºÍÅáººȑÍâ»Ã©Ěºч 44: ÊŶŵáÅÐĭ¹Ĕº'",
        "JoshHouse.4": "'¡ÒÃà¼Ū­āº¤ÇÒÁɺ­àƺÂ'",
        "JoshHouse.5": "ŹµÂÊÒÃ'àÁˡÒġ«àūÅ'",
        "JoshHouse.6": "ġ¹Ëę¡ÊÒÁƊº»Í¹΄",
        "JoshHouse.7": "Ȥ³áÍºÁÍ§àˢÒä» ã¹֥¹Ċ¡¢Í§Íàʥ¡ͻ ġ¹ƱàغÍ˼Ò, à¨Åã˚¼Á, áÅÐ¡˕Í§¡ÒΓ´ÊÐÊÁÅÒÂ¡ƃ´ºÍÅ (gridball)",
        "JoshHouse.8": "Ȥ³áÍºÁÍ§àˢÒä» ã¹֥¹Ċ¡¢Í§Íàʥ¡ͻ ġ¹ƱàغÍ˼Ò, à¨Åã˚¼Á, áÅÐ¡˕Í§¡ÒΓ´ÊÐÊÁÅÒÂ¡ƃ´ºÍÅ (gridball)",
        "JoshHouse.9": "ġ¹ǴÍËÁÇ¡ä̇ŚÒËģºà˕¹¡ƃ´ºÍÅ(gridball)¢Í§Íàʥ¡ͻ ɤàËȑÍ¹à¢Òģ¡ÉÒġ¹ã̋à§ÒħºÍԒàÊÁÍ",
        "JoshHouse.10": "ġ¹ǴÍɵ¡¡ƃ´ºÍÅ(gridball)",
        "JoshHouse.11": "ġ¹ǴÍڅàʢ¹чȵ¹ÍÒËÒÃä̇àʕÁä»ËÁ´",
        "JoshHouse.12": "'Ȥ¡ֱŚÒËģºȷ¡Äɤ¡ÒÅ'",
        "JoshHouse.13": "'ƚƇµчȑ´Ɓ´áÅÐàÈ̃ÒËÁÍ§: Ě¹Ǘ¡ƚƇµ»ÃÐĸÒħ¹¢Í§ ¤¹§Ò¹àËȑÍ§ˆÒ¹'",
        "JoshHouse.14": "˗Ò§à»˕Ò",
        "LeahHouse.1": "àʛ¹§Ò¹чıÒĥ§ńÒàŹ¹ÍԒ",
        "LeahHouse.2": "àʛ¹ÀÒ¾àƒÂ¹¢Í§ƵÍÒ ˚Ç¹ãËʽàʛ¹ɰƁ»ÃÐà·È áÅÐ¸ÃÃÁªÒŵǨ¡ÉÒ",
        "LeahHouse.3": "'ӴȑÍ»ůĚŵ ƇƦª¹º·:¡ÒÃƱƚƇµÍԒâ´Â¡ÒÃ»ɵ¡ȎªĜ¡ŇÒÍÒËÒÃàÍ§'",
        "LeahHouse.4": "'Ƈƨ¡ÒÃĈ´¡ÒÃāº¤¹àÍÒá˅ã¨'",
        "LeahHouse.5": "àʛ¹§Ò¹ á¡ÐÊĥ¡ä́чƵÍÒıÒĥ§ŇÒÍԒ ġ¹Ʊ¡Х¹Ê¹ƛ´ÒΓ чáÊ¹ƇàÈÉ",
        "LeahHouse.6": "äˑƱˢÍ¤ÇÒÁàˢÒ",
        "ManorHouse.1": "àµÒÍº¢Í§ ¹ÒÂ¡à·ÈÁ¹µƳ чɦ¡ŇÒ¤ÇÒÁÊÐÍÒ´ Í˒Ò§Ƥ",
        "ManorHouse.2": "¡ÒÃª§ªÒ áººԴ§àŴÁ ¹ÒÂ¡à·ÈÁ¹µƳ àʛ¹¤¹¨ƃ§Ĉ§āºªÒ Í˒Ò§ÁÒ¡",
        "ManorHouse.3": "Ȥ³¨ÐäˑÁÒ˴ÇÂā¹ ã¹Ǵ¹ħ¹¾ӣ§׉ ËˉÍÂàËÃÍ? ^˶ÒȤ³àŴ¹ˌÒ¹ Ë˹Ò˅Ò§˴Ò¹Ëĥ§ ¨ÐäˑƱã¤Ã Ī§à¡µàʫ¹^ĉ¹˵Í§¡ÒÃ ¾ºȤ³ˊÍÂæ^ĉ¹ړ˗ÒȤ³Ӣ§ á˅Ȥ³äˑÊÒÁÒÃ¶ ËÒàÇÅÒã̋ĉ¹ä˴?^ĉ¹Ëħ§˗Ò ¨Ðä˴¾ºȤ³ã¹ħ¹¾ӣ§׉ ^-àʭÁ",
        "Mountain.1": "` ·Ò§Ã¶ä¿",
        "Saloon.1": "àËȕÍàƪÂΓà»˕Ò ¤҃§áˡÇ",
        "Saloon.2": "ʺÍ§ŇÒÍÒËÒÃ ĴÒá¹ÐŉÒã¹¡ÒÃ »Ƀ§ÍÒËÒÃȷ¡ħ¹µÅÍ´ 24 ΪÇâÁ§, ÃÒÂ¡ÒÃà¡Á, áÅÐƳƇÇ̃Ò¹ÍÒËÒÃ",
        "SamHouse.1": "˗Ò§à»˕Ò",
        "SamHouse.2": "äʲ, ¢¹Áě§, á¤ÃÍ·áÅÐ¹Á",
        "SamHouse.3": "â¨ׄ- ^àҩÍ§¨Ò¡¼ÁıÒĥ§¨Ð ¡ĥº˺Ò¹àʣÇæ׉ ¼ÁÍÂÒ¡¨ÐºÍ¡ÍÐäÃāºȤ³ċ¡ËˉÍÂ ^¼ÁÍÒ¨¨Ðäˑä˴àʛ¹ڌªÒÂ¤¹àŴÁ чȤ³ړĈ¡ƽ¡˅Íä»á̅Ç ¡ÒÃä˴ÍÍ¡ÁÒˢÒ§¹Í¡ ŇÒã̋¼Áä˴¾ºà¨ÍºÒ§Í˒Ò§ чŇÒã̋¼ÁړǪ¡ʊÍ¡ÁÒ¡ ¼ÁˌÍ¹¤ÅÒÂä˴ÂÒ¡ÁÒ¡ ^¼ÁäˑÍÂÒ¡¨ÐŇÒã̋Ȥ³ ړǪ¡ËÇÒ´¡ĥÇËȓÍÍÒÃÁ΃àƺÂ ¼ÁáʴäˑÍÂÒ¡ã̋Ȥ³ʊÍ¡ µÍ¹ч¼Á¡ĥºä»^ĸÒä̇¹Ð äˑ˗Ò¼Á¨ÐáÊ´§ÍÍ¡Ģ§ä§ Ȥ³áÅÐɵ¡æ¢Í§àÃÒ ǴÍȷ¡Ъ§ȷ¡Í˒Ò§¢Í§¼Á ^¼Á¨Ðä»¾ºȤ³àʣÇæ׉^-à¤¹·",
        "SamHouse.4": "ġ¹ɦ¡Ե§ä̇чʺÍ§ʲÒÇ",
        "SamHouse.5": "ݲ¡ƑµÒΓáÅÐ̅ÍÊàʁµºÍΓ´",
        "SamHouse.6": "ġ¹Ʊà¨Åã˚¼ÁÁÒ¡ÁÒÂÍԒã¹׉",
        "SamHouse.7": "ġ¹ƱŹµÂÊÒÃàбÂÇāºÊà¡µºÍΓ´ÁÒ¡ÁÒÂÍԒã¹׉",
        "SamHouse.8": "'¤ÇÒÁǥ¡ĥº¢Í§ UFO'",
        "SamHouse.9": "ƑµÒΓä¿˿Ò ¢Í§á«Áġ¹Ʊ áÍ¤Ƨ¿ ݲ¡ĭ¾ āº áÇÁƱºÒΓ ˴ÇÂ",
        "SamHouse.10": "--ĚµÃÃÒÂ§Ò¹--^ҚÍ: Ƈ¹à«¹·^^¡ÒÃ˝Ò¹: C^¡ÒÃÊÐ¡´: D^¤ųµÈÒÊµΓ: C^Ī§¤ÁǨ¡ÉÒ: B-^ƈÅ»Ð: B-^ƑÌÒ:A^^ËÁÒÂàËȵ:Ƈ¹ͻàʛ¹àʔ¡Ƥ, á˅¤ÇÃã̋à¢Ò ã˚ã¨āº¡ÒÃǨ¡ÉÒƽ¡ËˉÍÂ!^  -à¾¹Ʃ",
        "SamHouse.11": "ġ¹àʛ¹ ¤ÍÁžÇàµÍΓ¢Í§á«Á à¢ÒƱ¤ĥ§à¡Á ¤ÍÁžÇàµÍΓ",
        "SamHouse.12": "¢Í§à˕¹¢Í§Ƈ¹à«¹·чà¡ҵÍ¹¡ÅÒ´ ÀÒÂã¹̋Í§",
        "ScienceHouse.1": "â»ÊàµÍΓÍÇ¡ÒÈ",
        "ScienceHouse.2": "ŚÒËģºę¡»ÃÐŴÉ΀, ¤ÍÁžÇàµÍΓ¢Í§ ÁÒɃ ɤàʱÒÁÒ¡ à¸ÍĢ§¤§ŚÒÃÍ§ä¿Ε ä̇ã¹¿ʥÍ»׋ŴÊͱ",
        "ScienceHouse.3": "'¡ÒÃàОÁ»ÃÐƊ·ŸÀÒ¾¢Í§Ȥ³ ã¹¡ÒÃá˅§¤Ճ§чÊÍ§' áÅÐ 'ĴÒá¹ÐŉÒã¹¡ÒÃ»ůĚŵ ŚÒËģºˎÍáˑԢ¹µÍ¹áÃ¡'",
        "ScienceHouse.4": "ƱŹµÂÊÒÃʺÒ§ä́ĸÒ¹Ç¹ÁÒ¡",
        "ScienceHouse.5": "'â¤Ã§ʲÒÂ»ÃÐÊÒ·àƧÂÁԢ¹ɺ§'",
        "ScienceHouse.6": "ġ¹̵Í¤",
        "ScienceHouse.7": "àʛ¹ɍ»¡Ã΃ºÒ§Í˒Ò§чÁÒɃıÒĥ§ŇÒÍԒ ġ¹ɤˉÒ¢¹Ʌ¡",
        "ScienceHouse.8": "á¼¹ɰƁ´ÒÇȷ¡Äɤ¡ÒÅ",
        "ScienceHouse.9": "â«´ÒĸÒ¹Ç¹ÁÒ¡",
        "ScienceHouse.10": "µÒÃÒ§¸Òȵ",
        "ScienceHouse.11": "¢ÇÒ¹¢Í§âÃź¹",
        "ScienceHouse.12": "Ȫ´ ƪ¡à¡ÍΓ",
        "ScienceHouse.13": "¡̅Í§ȨÅ·ÃÃÈΉÊàµÍƃâÍ",
        "ScienceHouse.14": "¡̅Í§ȨÅ·ÃÃÈΉÊàµÍƃâÍ",
        "SebastianRoom.1": "äˑä˴àƺÂºƇ·ɂ",
        "SebastianRoom.2": "¹ÇŹÂÒÂ¡ÃÒ¿ſ¤",
        "SebastianRoom.3": "'â«ÅÒàѓÂ¹ â¤ÃŹàŤÅΚ: à´ÍÐ à¡ÁΚ'",
        "SeedShop.1": "'11 º·à¾Å§àфÂÇ ŚÒËģº¿Ʌµä́'",
        "SeedShop.2": "Ëɩ·´ÅÍ§à´Ƈ´",
        "SeedShop.3": "Ëɩ·´ÅÍ§à´Ƈ´",
        "SeedShop.4": "'Ȥ³ʴÒчς§Ȓ¹ ¢Í§ȸÃš¨¢¹Ò´àʥ¡'",
        "SeedShop.5": "'¡ÒÃàוÂ§ɤ 101: ÃÍ´µÒÂã¹ʺÇ§ħÂӣ¹'",
        "SeedShop.6": "ġ¹àʕÁä»˴ÇÂĜ¡Ê´",
        "SeedShop.7": "'ÃÒªÒӗ§Ë˭Ò¼¨­ĠÂ : ɳ»áºº¤Í¹â«Å'",
        "SeedShop.8": "'ŇÒäÁºƃĩ·â¨˨Ò˵Í§Ëɂ´'",
        "SeedShop.9": "ǖ§ ¹ÒÂƫáÍΓ: ^¡ÒÃчĉ¹˵Í§ŉÒʲÒÇ̃ÒÂ ÁÒºÍ¡ŇÒã̋ĉ¹ړǪ¡àʈº»Ç´¹Ð á˅ĉ¹ړǪ¡˗Ò ĉ¹ĸÒàʛ¹˵Í§ºÍ¡¹ÒÂ àбÂÇāº¡ÒÃĞ²¹Ò ¢Í§Ъ§чàʛ¹ĠÂȤ¡¤ÒÁ ˅ÍƚƇµ¤ÇÒÁàʛ¹ÍԒ¢Í§¹ÒÂÁÒ¡чɊ´ áÅÐġ¹ıÒĥ§¨Ðàš´ע¹ã¹àʣÇæ׉ ^ºƃĩ·â¨˨Òĕ´Ɗ¹ã¨ч¨Ð ¢ÂÒÂàˢÒä»ã¹àȑÍ§à¾ƅá¡¹ ^ġ¹ÊÒÂàš¹¡˗Ò¨ÐĄ´ˤÒ¹á̅Ç ę¡ʱÍỄÒ§¢Í§â¨˨Ò ä˴ŇÒ¡ÒÃ»ģºخ¹чàҮÍ ʱÍỄÒ§̃Ò¹ˤÒâ¨˨Òä»á̅Ç ^^щ¤§¨Ðàʛ¹ʲÒÇчŇÒã̋ ¹ÒÂàš´¤ÇÒÁàƺÂËÒÂ Í˒Ò§ÁÒ¡áˉæ ËÅÒÂƫã¹Ç§¡ÒÃȸÃš¨ чȒ¹ËĢ´àƔÂ§ˢÒ§ȪÁª¹ µÍ¹׉ɦ¡ŇÒã̋ÁÍ§äˑàʫ¹ ˴ÇÂà§Òч·Ã§¾ĥ§áÅÐ Ʊ»ÃÐƊ·ŸÀÒ¾ ¢Í§ºƃĩ·чà¨ƃ­àŵºâµã¹àŪ§àÈÃÉ°š¨ ʺÒ§ˉÒĭºÍÒÂ¨ƃ§æ! ^^ã¹°Ò¹ÐڌĈ´¡ÒÃ¢Í§̃Ò¹â¨˨Ò ĉ¹ړǪ¡˗Ò˵Í§ģºż´ªÍº ˅ÍÊÀÒ¾¡ȕ¹äˑàˢÒ¤ÒÂäˑÍÍ¡ ¢Í§Ȥ³àʛ¹¡ÒÃ˚Ç¹ĕÇ ã¹ÃÐĔºËѹ§Í˒Ò§àʺ¹ ¼ÁÍÂÒ¡¨ÐàÊ¹ÍŅÒáËˉ§ ڌʺÇÂ¤¹¢ÒÂ¢Í§ĺÒã̋āºȤ³ ʴÒáÃ§àУÁ˵¹ч 5g ˅ÍΪÇâÁ§ ¼Á¨ÐԵ§µÒ¤ÍÂ ˝Ò¹àÍ¡ÊÒÃÊġ¤Ã§Ò¹ ¢Í§Ȥ³¹Ð!^^-ÁÍΓƃÊ ڌĈ´¡ÒÃ^̃Ò¹â¨˨ÒàȑÍ§à¾ƅá¡¹",
        "SeedShop.10": "ºÍΓ´Ƈ­­Ò³",
        "SeedShop.11": "֥¹Ċ¡׉ǴÍ ",
        "SeedShop.12": "څ׉àʕÁä»˴ÇÂɍ»¡Ã΃ÍÍ¡ıÒĥ§¡ÒÂ",
        "Town-Christmas.1": "¤ƅŹ¡ - àÇÅÒ 9:00 AM - 3:00 PM",
        "Town-Christmas.2": "ġ¹àʱÒáÅÐàȕÍ¹ÃÒ§...",
        "Town-Christmas.3": "\"âÁˉÒчģ¡¢Í§àÃÒ\"",
        "Town-Christmas.4": " ŚÒę¡§Ò¹âºÃÒ³¤Ƥ - àŻ´ 8:00 AM ǖ§ 6:00 PM",
        "Town-EggFestival.1": "¤ƅŹ¡ - àÇÅÒ 9:00 AM - 3:00 PM",
        "Town-EggFestival.2": "ġ¹àʱÒáÅÐàȕÍ¹ÃÒ§...",
        "Town-EggFestival.3": "\"âÁˉÒчģ¡¢Í§àÃÒ\"",
        "Town-EggFestival.4": " ŚÒę¡§Ò¹âºÃÒ³¤Ƥ - àŻ´ 8:00 AM ǖ§ 6:00 PM",
        "Town-Fair.1": "ę¡ˇÍ§àчÂÇ: â̍ ã̋µÒÂƊ... ĉ¹š¹á«¹΄ƇªàةÍ˒Ò§щ àˢÒä»ƽ¡ĴÒäˑäËÇá̅Ç... Ȩ¡ǖ§¤ÍËÍÂ",
        "Town-Fair.2": "Ť´˗Òáʂ§á¡˓§àËȑÍ¹ˢÒԧ¹àÃÍÐ? ȷºƋ¹щɤàʻ!",
        "Town-Fair.3": "¤ƅŹ¡ - àÇÅÒ 9:00 AM - 3:00 PM",
        "Town-Fair.4": "ę¡ˇÍ§àчÂÇ: щàʛ¹ƚÊчãËʽчɊ´ чĉ¹à¤Â¾ºÁÒàÅÂ ĉ¹«Òº׫§ã¨ÁÒ¡",
        "Town-Fair.5": "ę¡ˇÍ§àчÂÇ: ι§Ã¶ĚÊÁÒщ ã˪àÇÅÒ¹Ò¹ÁÒ¡! á˅ęº˗ÒلÁ¨ƃ§æ ɋºà¢Òчщ§´§ÒÁÁÒ¡ à¸Íµ¡ËɅÁģ¡àÅÂãʺՁÂÅÐ... ػÍ ä«ˑÍ¹?",
        "Town-Fair.6": "ę¡ˇÍ§àчÂÇ: Ȥ³ƱàȑÍ§чã˪ä˴àÅÂ¹Ð ɤƤáÅÐŪÅΕæ à¾ƅ¹æ ã̋ºÃÃÂ¡ÒÈ¡ÒÃÍԒ˓ÇÁā¹ ã¹ȪÁª¹чá˷¨ƃ§àÅÂ˕Ð",
        "Town-Fair.7": "ġ¹àʱÒáÅÐàȕÍ¹ÃÒ§...",
        "Town-Fair.8": " ŚÒę¡§Ò¹âºÃÒ³¤Ƥ - àŻ´ 8:00 AM ǖ§ 6:00 PM",
        "Town-Halloween.1": "¤ƅŹ¡ - àÇÅÒ 9:00 AM - 3:00 PM",
        "Town-Halloween.2": "ġ¹àʱÒáÅÐàȕÍ¹ÃÒ§...",
        "Town-Halloween.3": "\"âÁˉÒчģ¡¢Í§àÃÒ\"",
        "Town-Halloween.4": " ŚÒę¡§Ò¹âºÃÒ³¤Ƥ - àŻ´ 8:00 AM ǖ§ 6:00 PM",
        "Town.1": "¤ƅŹ¡ - àÇÅÒ 9:00 AM - 3:00 PM",
        "Town.2": "̃Ò¹¢ÒÂ¢Í§ĺÒàŻ´ 9:00 AM ǖ§ 5:00 PM Ż´ȷ¡ħ¹Ⱦ¸",
        "Town.3": "ġ¹àʱÒáÅÐ¨Ò§ËÒÂä»...",
        "Town.4": "\"âÁˉÒчģ¡¢Í§àÃÒ\"",
        "Town.5": " ŚÒę¡§Ò¹âºÃÒ³¤Ƥ - àŻ´ 8:00 AM ǖ§ 6:00 PM",
        "Trailer.1": "'ӴȑÍ¤ɳ: Ԫ¹»ÃÐ¶ÁǨ¡ÉÒƫч 2'",
        "Trailer.2": "'ÁÒΓлáÅÐ»ÃÒÊÒ·ã˵Ŵ¹'",
        "Trailer.3": "'â«ÅÒàѓÂ¹ â¤ÃŹàŤÅΚ'",
        "Trailer.4": "ġ¹àʕÁä»˴ÇÂ¢Ç´àƪÂΓà»˕Ò",
        "Trailer.5": "'¹Ò§˿Ò, ɘŹâˑ, áÅÐŹ·Ò¹ҽ¹ æ'",
        "WitchHut.1": "ã¤ÃʁµÒÁчÍÒĨÂÍԒчщ ¨Ð˵Í§ªÍºŇÒ¤ÇÒÁÊÐÍÒ´خ¹ ÁÒ¡áˉæ!",
        "WitchHut.2": "ġ¹¨Ð˵Í§àʛ¹äÍàƤÂчá˒ Í˒Ò§áˉ¹Í¹˶Ò¨ÐàÍÒ á¢¹ĭ¹˝Í¹әÁ¢Í§Ȥ³ ÁÒŵ´ÍԒµÃ§׉",
        "WitchHut.3": "º¹¡ÃÐɤ¡щ¨Ð˵Í§Ʊáº¤ƧàƳÂ ÍԒàʕÁä»ËÁ´áˉæ Ȥ³ĕ´Ɗ¹ã¨ч¨ÐäˑáµÐ˵Í§ġ¹",
        "WitchHut.4": "Ȥ³ŉÒȨ¡¤ÍΓ¡ÍÍ¡¨Ò¡¢Ç´ á̅Çã˪ȑÍĞ´¡Х¹ ã̋ÅÍÂàˢÒÁÒã¹â¾Ã§¨ɱ¡ ¡Х¹׉ŇÒã̋Ȥ³ړǪ¡Ǟ§¾Íã¨ Í˒Ò§äˑ¤Ò´Ť´ ¡Х¹¢Í§áÍ»¾ƃ¤Í· áÅÐÊä»ͻàºÍΓѓ",
        "WitchHut.5": "ÊÒ»¾Ç¡ª¹º·!... ŅÒÃÒàÇ·ΒÁ¹΅ŚÒËģºáˑÁ´ã¹àȑÍ§",
        "WitchHut.6": "Ȥ³¾ÂÒÂÒÁч¨ÐäˑÊºÊÒÂµÒ...",
        "MovieTheater_CraneMan": "¤¹à˕¹څƔº: ȤÂ˴ÇÂäˑä˴... ¼ÁıÒĥ§Ե§ã¨à˕¹ÍԒ",
        "MovieTheater_CraneOccupied": "¤¹ҽ¹ıÒĥ§à˕¹à¡ÁƔºݖ¡µÒÍԒ",
        "MovieTheater_CraneMan2": "¤¹à˕¹څƔº: àǱÍº¨Ð... ä˴ÍԒá̅ÇàƚÂÇ...",
        "MovieTheater_Welwick": "àÇÅƇ¡: ȝÁ чщ¤¹äˑʴÍÂàÂÍÐàˇÒäË˓... áÅÐĉ¹ʁÅ§ȷ¹āº Ëę§àҳÍ§׉ä»àÂÍÐàÅÂ!",
        "MovieTheater_Welwick2": "àÇÅƇ¡: ĉ¹àʫ¹Ъ§чТ§ãËʽã¹Í¹Ò¤µ... ˶ÒȤ³؛ÍݘÇÀÒ¾Â¹µΓ àҳÍ§׉àʛ¹ĸÒ¹Ç¹ÁÒ¡!",
        "MovieTheater_ShortsMan": "ªÒÂчȒ¹ÍԒµÃ§ɁÁ: ºȓëÍÍ... чщġ¹ʴÍ¹ˢÒ§¨ÐË¹ÒÇÁÒ¡àÅÂ... ĉ¹Ƥã¨Ĉ§чã˚¡Ò§à¡§¢ÒÂÒÇÁÒ!",
        "MovieTheater_ShortsMan2": "ªÒÂчȒ¹ÍԒµÃ§ɁÁ: щæ... ¼ÁàО§¨ÐɤËę§ÁÒ áÅÐ... ã¨àʢ¹! ¼Áäˑä˴¨ÐàŻ´à¼Â àةÍËÒ¢Í§ÀÒ¾Â¹µΓã̋Ȥ³ğ§ ËÃÍ¡¹Ð",
        "MovieTheater_Mother": "ڌËŭ§¤¹Ëѹ§: ä«ÁÍ¹ Ȥ³äˑ˵Í§¡ÒÃÍÐäÃ чġ¹Ƥ˅ÍɊ¢ÀÒ¾àËÃÍ? *à̎Í*... âÍà¤...",
        "MovieTheater_Mother2": "ڌËŭ§¤¹Ëѹ§: á̅Ç˶ÒáÍ»à֛Åċ¡֊¹˕Ðàʛ¹ä§? äˑàËÃÍ? *à̎Í*... âÍà¤...",
        "MovieTheater_Child": "ä«ÁÍ¹: áˑÎÐ! ¼ÁÍÂÒ¡ä˴ɵ¡¡ÇÒ´! *¡ȕ¹թÒÅÒÂ*",
        "MovieTheater_Child2": "ä«ÁÍ¹: áˑÎÐ! ¼ÁÍÂÒ¡š¹ ̫Í»¤ÍΓ¹ÃÊªÍ¤â¡áÅµ! *¡ȕ¹թÒÅÒÂ*",
        "MovieTheater_Gil": "*¤˓Í¡¡¡*... ػÁÁÁ?",
        "MovieTheater_Lupini": "ɵžщ: ¾Ç¡ȑÍÊġ¤Ãà˕¹! ¡ÒÃÍÍ¡áººà«µ׉ġ¹¸ÃÃÁ´ÒÁÒ¡!",
        "MovieTheater_Lupini2": "ɵžщ: ¾Ç¡ȑÍÊġ¤Ãà˕¹! ƇƤâÍã¹»ÒΓׅ§Ò¹ħ¹àš´¤ÃºÃÍº 2 ¢Çº¢Í§ËÅÒ¹ªÒÂ¢Í§ĉ¹ Ģ§ɤƱƈÅ»Ðã¹¡ÒÃ ỄÒ§ÀÒ¾Â¹µΓÁÒ¡¡˗Ò׉ƽ¡!",
        "MovieTheater_ConcessionMan": "á¿¹ÀÒ¾Â¹µΓ: àЭÁ... ƱÍÒËÒÃ˗Ò§ã̋àȕÍ¡ÁÒ¡àš¹ä»!",
        "MovieTheater_ConcessionMan2": "á¿¹ÀÒ¾Â¹µΓ: ÍÒ ɤƊ˗Ò̫Í»¤ÍΓ¹ ¾Ç¡Թ¹ġ¹àʛ¹Ģ§ä§! â̍ÇÇ àƺÂ§¢Í§ġ¹... ¡Х¹¢Í§ġ¹!",
        "MovieTheater_PurpleHairLady": "ڌËŭ§¤¹Ëѹ§: ä»ä¡ÅæàÅÂ¹Ð... ĉ¹ıÒĥ§Ӣ§ÍԒāº¡ÒÃ ¾ÂÒÂÒÁã¡̅Ū´ˇÒ¹ڌ˗Ò¡ÒÃģ°!",
        "MovieTheater_RedCapGuy": "ªÒÂ¤¹Ëѹ§: à̍Í â̍... ¼ÁړǪ¡˗Ò¼Áá˅§ĕÇ Ĉ´àʕÁàš¹ä»ËˉÍÂ...",
        "MovieTheater_RedCapGuy2": "ªÒÂ¤¹Ëѹ§: ¼Áι§чá¶ÇË˹Ò... ġ¹ǴÍ¤ÇÒÁż´¾ÅÒ´¤Ճ§ãËʽ",
        "MovieTheater_Governor": "ڌ˗Ò¡ÒÃģ°: ġ¹ƤÁÒ¡àÅÂчàʫ¹ ¡ÒÃĞ²¹Ò¢Í§àÈÃÉ°š¨ ã¹ɋºà¢Ò!",
        "MovieTheater_Governor2": "ڌ˗Ò¡ÒÃģ°: ĉ¹¤ÇÃ¨Ð˵Í§ ¾ÒÀÃÃÂÒÍÍ¡ÁÒ·Ò¹ÍÒËÒÃ áÅÐªÁÀÒ¾Â¹µΓ˴ÇÂā¹¨ƃ§æ!",
        "MovieTheater_Gunther": "à̎ ¼ÁʁÍÂÒ¡¨ÐȤÂ˴ÇÂ¹Ð á˅¼Á˵Í§¡ĥºä»чžž¸Ġ³΁!",
        "MovieTheater_Gunther2": "à̎ @ ¼ÁàО§¨Ðä˴ÅÍ§ɤ ÀÒ¾Â¹µΓщ˴ÇÂĕÇàÍ§... äˑàÅÇàÅÂ!",
        "MovieTheater_Marlon": "šÅËĥºµÅÍ´àÇÅÒчËę§©ÒÂÍԒ... àËȑÍ¹чà¢ÒŇÒàʛ¹»ÃÐĸÒ",
        "MovieTheater_Marlon2": "ι¹ġ¹ˉÒÊ¹ã¨àÅÂƧàƤÂÇ... ¹ÒÂŤ´˗ÒĢ§ä§˕Ð šÅ?#$b#...šÅ?#$b#...à¢ÒäˑړǪ¡ĕÇ",
        "MovieTheater_Marcello": "ÁÒΓà«ÅâÅ: àʛ¹«ÍÊ·Ò¢¹Áě§чàђÂÁÂÍ´ÍÐäÃ¢¹Ò´׉! ĉ¹Ť´˗Òĉ¹¨Ðä»àÍÒàºÍΓºÍ¹ÁÒÂÍ§à¹ÊÁÒƽ¡ ƎƎ!",
        "MovieTheater_Marcello2": "ÁÒΓà«ÅâÅ: àʛ¹«ÍÊ·Ò¢¹Áě§чàђÂÁÂÍ´ÍÐäÃ¢¹Ò´׉! ĉ¹Ť´˗Òĉ¹¨Ðä»àÍÒ ġÊµÒΓ´ÃÊàʜ´¼ÊÁĘ­Ȏª 12 ªŹ´ÁÒƽ¡ ƎƎ!",
        "MovieTheater_Morris": "Í˒Ò§чȤ³àʫ¹ ÀÒ¾Â¹µΓ»ÃÐÊº¤ÇÒÁŚÒàʣ¨ àʛ¹Í˒Ò§ÁÒ¡! $h#$b#ÍÐäÃ¹Ð...? ¼ÅµÍºá·¹ŚÒËģº¡ÒÃÅ§ȷ¹¢Í§Ȥ³? ǴÍÍ˒Ò§׉¹Ð ġ¹ʴÍ¹ˢÒ§¨ÐÂÒ¡ Ȥ³ʁړ... ÍÒ¨¨Ð˵Í§ã˪àÇÅÒċ¡Ğ¡ Ȥ³àˢÒã¨ÍԒá̅Çщ... *ǇÁćÁæ*$2",
        "MovieTheater_Morris2": "ÍÒ щǴÍ٫¹˚Ç¹¡ÒÃÅ§ȷ¹чŚÒĄ­ÁÒ¡¢Í§àÃÒ! Ʊ¤ÇÒÁɊ¢āº¡ÒÃáÊ´§¹Ð¤ģº áÅÐÍ˒ÒȕÁч¨Ð؛Í ̫Í»¤ÍΓ¹â¨˨ÒÃÐË˗Ò§·Ò§ ˴ÇÂ˕Ð!$h",
        "MovieTheater_CranePlay": "ÍÂÒ¡¨Ðà˕¹څƔºՁÂ? (ÃÒ¤Ò {0}g)",
        "IslandShrine_Shrine": "àұÍàÁ˦ńÒ¡ÃÃáÊ§ ¨§àУÁÀÒÃš¨¢Í§à˨Ò^àҮÍµÒÁËÒĭ­Áƣě¡ÉÒã¹ŅÒ¹Ò¹Է§њ^á˅ÅÐħ¹ Ëѹ§ɍ´Ã ė¡Ɖ³ ɪÃ¾Ò ËȓÍ»ÃÐŨÁ^¨§Ĉ´àƳÂ§¢Í§ıÒęÅ¢Í§¾Ç¡à¢Ò º¹»ÃÐɥˢÒ",
        "Pirates1": "àƒÂÇ: à˨Òàʛ¹¤¹â»Ã´¢Í§ÁÒƱêµÅÍ´àÅÂ! ̂Ò¡¡¡¡¡¡¡¡¡",
        "Pirates2": "á´§: áˑà˨ÒʺÇÂ! ã¨˓Áæ ю˹Í§ ڒ´´!",
        "Pirates3": "â¨ÃÊĥ´ɰƁ°Ò¹: *¡ÃÐáÍÁ*... ÍÒËÐ#...#...äˑàËȑÍ¹Ɗ¹Ð?#*¶Í¹ËÒÂã¨*...#àÍÒ¨ƃ§æ ¹Ð ˢÒäˑä˴ÍÂÒ¡àʛ¹â¨ÃÊĥ´¨ƃ§æ ˴ÇÂ՛Ò ÍÂÒ¡ä»»ɵ¡»ÒΕÁÁÒ¡¡˗Ò#á˅âª¤̃ÒÂ ȸÃš¨»ÒΕÁġ¹äˑŇÒàŧ¹ˉÐƊ...",
        "Pirates4": "¹Ò§¹ÇÅ·ƁÌ: à͈§àÅÂ ÊËÒÂ µÒƱáÇÇщ ǖ§à¨ÍզÒĥº¢Í§¾Ç¡àÃÒ ÍÐâ˞!",
        "Pirates5": "â¨ÃÊĥ´Ëˑ¹ËÁÍ§: ¨Ò¡̋Ç§թÒ ƱàҳÍ§à˕ÒªÇ¹¢¹īÇɅ¡ ч¨ÐŇÒã̋à˨Òĝ¹̃ÒÂ...#µÍ¹Թ¹àчÂ§Ǵ¹ µÍ¹чˢÒ ˵Í§àƺÂȑÍԷ§ÊÍ§¢Í§ˢÒ... ã̋āºÍɺÃ̃ÒÂ¨Ò¡̋Ç§ǥ¡...#ʺÒÂ àҳÍ§¨ƃ§àÅÂ˕Ð...#...#...#..............#..............................................#ʁä˴ ˢÒáʴ̅Íà˕¹ ¨ƃ§æ ˢÒàƺÂȑÍµÍ¹¾ÂÒÂÒÁËƂºà»ȕÍ¡äʲ ÍÍ¡¨Ò¡à¤ҳÍ§λ¹˅Ò§ËÒ¡#ËÁ´àƺÂá̅Ç... ħ¹Ǵ¹á˛§¡ÒÃÍºàˤ¡ ĭ¹àҵÍ§ȕÍ¢Í§ˢÒ...",
        "Pirates6": "à¢Òäˑä˴Êŵ...",
        "Pirates8": "ºÒΓà·¹à´ÍΓ: à̋Â à˨Ò!... թÒàÁÒāºāºá¡̅Á ã̋â¨ÃÊĥ´àˇÒԹ¹à˿Â",
        "Pirates7_0": "ªÒÂ»Òɵ¡´Í¡: »Òà˻ÒĪ¡à¡ÁՁÂ? à˨Ò¨Ðä˴ɵ¡´Í¡ 20 ĭ¹ »Òã̋ä˴ 301 ¤Ðá¹¹à̫Ðæ ¹Ð",
        "Pirates7_1": "ªÒÂ»Òɵ¡´Í¡: àÃÒÁÒŇÒã̋ġ¹ ˉÒÊ¹ã¨ע¹ËˉÍÂƤՁÂ »Òã̋ä˴ 301 ¤Ðá¹¹äˑ¢Ò´äˑàš¹ ã¹ 15 ¤Ճ§ á̅ÇˢÒ¨ÐĸÒà˨ÒäˑȕÁàÅÂ ÊËÒÂ!",
        "Pirates7_2": "ªÒÂ»Òɵ¡´Í¡: ̍ÒÇ ÊËÒÂ Ƥã¨чä˴à¨Íƽ¡! ÁÒɤā¹˗Òà˨Ò¨Ð»Òä˴ 301 ¤Ðá¹¹ã¹... 10 ɵ¡´Í¡ä˴ՁÂ!",
        "Pirates7_3": "ªÒÂ»Òɵ¡´Í¡: ÍÐÎÍÂ! ĉ¹àÍ§ÊËÒÂ... ȑÍЙ§ÊÂºȷ¡¤ÇÒÁà¤ҳÍ§äËÇ¤¹àŴÁ! ÁÒ»Òā¹Ī¡à¡Á œÒǥ¡¤ÇÒÁËĥ§àʛ¹ä§?",
        "Pirates7_Win_Perfect": "ªÒÂ»Òɵ¡´Í¡: áËˑ ŇÒ«ÐˢÒ¢¹Ʌ¡àÅÂ! ¤Ðá¹¹àʕÁàÅÂ¹Ðι¹!",
        "Pirates7_Win": "ªÒÂ»Òɵ¡´Í¡: áËÁ Ƃ§ˢÒã̋¨ÁàÅÂ! ι¹ġ¹àʛ¹¡ÒÃ»Òчà͈§äˑàºÒàÅÂщ!",
        "Pirates7_WinPrize": "щ¢Í§ÃÒ§ħÅàʥ¡æ ˹ÍÂæ ã̋à˨Ò",
        "Pirates7_WinNoPrize": "áÇÐÁÒƽ¡àұÍäË˓ʁä˴˕Ð!",
        "Pirates7_Lose": "ªÒÂ»Òɵ¡´Í¡: ʺÒÂ... ¤ÃÒÇË˹Ò¢Íã̋âª¤Ƥ¡˗Ò׉˕Ð...",
        "PirateBartender_PirateClothes": "ºÒΓà·¹à´ÍΓ: à̎! äˑà¤Âàʫ¹Ë˹Òà˨Òá¶Ç׉áËÐ á˅˶Òà˨Òɤàʛ¹â¨ÃÊĥ´Ƥ ʁÁÒɍ´Ëȹ¹ˢÒ˴ÇÂ! ˞ÒΓ ˞ÒΓ!",
        "PirateBartender_PirateClothes_NoMore": "ºÒΓà·¹à´ÍΓ: àÍÒàОÁƊ¹Ð? ˞ÒΓ ˞ÒΓ! à˨ÒҤÁÁÒ¡¾Íá̅Ç ÊËÒÂ..."
    }
}
