{
    "header": {
        "target": "w",
        "formatVersion": 5,
        "hidef": true,
        "compressed": 128
    },
    "readers": [
        {
            "type": "Microsoft.Xna.Framework.Content.DictionaryReader`2[[System.String, mscorlib, Version=4.0.0.0, Culture=neutral, PublicKeyToken=b77a5c561934e089],[System.String, mscorlib, Version=4.0.0.0, Culture=neutral, PublicKeyToken=b77a5c561934e089]]",
            "version": 0
        },
        {
            "type": "Microsoft.Xna.Framework.Content.StringReader",
            "version": 0
        }
    ],
    "content": {
        "LearnedRecipe_cooking": "ÍÒËÒÃ",
        "LearnedRecipe_crafting": "¤ÃÒ¿",
        "LearnedRecipe": "¤Ø³ä´éàÃÕÂ¹ÊÙµÃ {0} ª¹Ô´ãËÁè: {1}",
        "FarmerFile_1": "Ě¹Ǘ¡: {0}\nˡÒÇԷ§ËÁ´: {1}\n¢Í§¢ħ­чã̋: {2}\nħ¹ã¹ÊµÒΓŴÇáÇÅѕ: {3}\nŴ¹чȢ´: {4}\näÍàʗÁч»ÃÐŴÉ΀: {5}\nÍÒËÒÃчŇÒ: {6}\n¢ÂÐчƳä«àŤÅ: {7}",
        "FarmerFile_2": "ÁÍ¹ÊàµÍΓчʶÒ: {0}\n»ÅÒчĈºä˴: {1}\nàʚ´чàËїÂ§: {2}\nàÁʥ´чË˗Ò¹: {3}\n¢Í§ч¢ÒÂ: {4} ",
        "NotEnoughMoney1": "Ȥ³Ʊàŧ¹äˑ¾Í",
        "NotEnoughMoney2": "àŧ¹äˑ¾Í",
        "NotEnoughMoney3": "Ȥ³Ʊàŧ¹äˑ¾Í...",
        "Toggle_ColorPicker": "ÊÅÑºÊÕ",
        "Backpack_Bought": "Great! You can hold up to {0} items now!",
        "About_Title": "    Stardew Valley",
        "About_Credit": "\n= Created by ConcernedApe\n< Published by Chucklefish\n= Ported by Sickhead Games\n< Localized by Playism & LocalizeDirect",
        "About_CreditExtra_Console": "\n= Retail distribution by 505 Games\n< Retail QA by Pipeworks Studio",
        "About_Website": "Stardew Valley on the web",
        "About_ConcernedApe": "ConcernedApe on Twitter",
        "About_Chucklefish": "Chucklefish, LTD.",
        "AnimalQuery_Move": "ÂéÒÂä»ÍÒ¤ÒÃËÅÑ§ãËÁè",
        "AnimalQuery_Moving_HomeChanged": "ÂéÒÂÍÒ¤ÒÃãËÁèÊÓàÃç¨",
        "AnimalQuery_Moving_BuildingFull": "ÍÒ¤ÒÃ¹Ñé¹àµçÁáÅéÇ",
        "AnimalQuery_Moving_AlreadyHome": "ÍÂÙèÍÒ¤ÒÃ¹ÕèÍÂÙèáÅéÇ",
        "AnimalQuery_Moving_CantLiveThere": "{0}äÁèÊÒÁÒÃ¶ÍÂÙè·Õè¹Ñè¹ä´é",
        "AnimalQuery_Sell": "¢ÒÂä´é {0}g",
        "AnimalQuery_AllowReproduction": "Í¹Ø­ÒµãËéÊ×º¾Ñ¹¸Øì",
        "AnimalQuery_Age1": "ÍÒÂØ: 1 à´×Í¹",
        "AnimalQuery_AgeN": "ÍÒÂØ: {0} à´×Í¹",
        "AnimalQuery_AgeBaby": " (Baby)",
        "AnimalQuery_Parent": "ÅÙ¡¢Í§: {0}",
        "AnimalQuery_ConfirmSell": "¤Ø³á¹èã¨¹Ð?",
        "AnimalQuery_ChooseBuilding": "¡ÃØ³ÒàÅ×Í¡ {0} ÊÓËÃÑº{1}¢Í§¤Ø³",
        "Billboard_Birthday": "ÇÑ¹à¡Ô´¢Í§ {0}",
        "Billboard_SBirthday": "ÇÑ¹à¡Ô´¢Í§ {0}",
        "Billboard_Year": "»Õ·Õè {0}",
        "Billboard_NothingPosted": "äÁèÁÕ¡ÒÃ»Ô´»ÃÐ¡ÒÈã¹ÇÑ¹¹Õé",
        "Billboard_NightMarket": "Night Market",
        "AcceptQuest": "ÃÑºÀÒÃ¡Ô¨",
        "BobberBar_Perfect": "Perfect!",
        "Confirm": "OK",
        "Carpenter_Demolish": "·ÓÅÒÂÊÔè§¡èÍÊÃéÒ§",
        "Carpenter_MoveBuildings": "ÂéÒÂÊÔè§¡èÍÊÃéÒ§",
        "Carpenter_Upgrade": "ÍÑ¾à¡Ã´µèÍ¨Ò¡ {0}",
        "Carpenter_Build": "ÊÃéÒ§",
        "Carpenter_CantDemolish_DuringConstruction": "äÁèÊÒÁÒÃ¶Ã×éÍ¶Í¹¢³ÐÊÃéÒ§ä´é",
        "Carpenter_CantDemolish_AnimalsHere": "äÁèÊÒÁÒÃ¶Ã×éÍ¶Í¹ä´é ¨¹¡ÇèÒÊÑµÇì¨Ð¶Ù¡à¤Å×èÍ¹ÂéÒÂ",
        "Carpenter_CantDemolish_PlayerHere": "äÁèÊÒÁÒÃ¶Ã×éÍ¶Í¹ä´é ã¹¢³Ð·Õè¼ÙéàÅè¹ÍÂÙè¢éÒ§ã¹",
        "Carpenter_CantDemolish_LockFailed": "äÁèÊÒÁÒÃ¶Ã×éÍ¶Í¹ã¹¢³Ð¹Õéä´é",
        "Carpenter_CantUpgrade_BuildingType": "»ÃÐàÀ·¢Í§ÊÔè§¡èÍÊÃéÒ§äÁè¶Ù¡µéÍ§",
        "Carpenter_CantBuild": "µÃ§¹ÕéÊÃéÒ§äÁèä´é",
        "Carpenter_SelectBuilding_Upgrade": "àȕÍ¡ {0} àҮÍĭ¾à¡Ã´",
        "Carpenter_SelectBuilding_Demolish": "àȕÍ¡Ъ§»ɵ¡ỄÒ§ч¨ÐسÍ¶Í¹",
        "Carpenter_ChooseLocation": "àȕÍ¡Ê¶Ò¹ч",
        "Character_Name": " ª×èÍ",
        "Character_Wallets": "Money Style",
        "Character_SharedWallet": "ãªéÃÇÁ¡Ñ¹",
        "Character_SeparateWallet": "áÂ¡¡Ñ¹",
        "Character_Difficulty": "ÍÑµÃÒ¡ÓäÃ",
        "Character_Close": "áÍÍÑ´",
        "Character_CoopHelpString": "¡ÃÐ·èÍÁàÃÔèÁµé¹: àÃÔèÁµé¹´éÇÂ¡ÃÐ·èÍÁ 1-3 ËÅÑ§ ·Õè¾ÃéÍÁãËéà¾×èÍ¹¢Í§¤Ø³à¢éÒÃèÇÁ·Ñ¹·Õ ËÒ¡¤Ø³àÅ×Í¡ \"äÁèÁÕ\" ¤Ø³ÊÒÁÒÃ¶ÊÃéÒ§¡ÃÐ·èÍÁä´éã¹ÀÒÂËÅÑ§ (¼èÒ¹âÃºÔé¹)^^ÃÙ»áºº¡ÃÐ·èÍÁ: ËÒ¡¤Ø³µÑ´ÊÔ¹ã¨·Õè¨ÐàÃÔèÁ¿ÒÃìÁ¢Í§¤Ø³ ´éÇÂ¡ÃÐ·èÍÁ·ÕèÁÕÍÂÙèáÅéÇ, ¤Ø³ÊÒÁÒÃ¶àÅ×Í¡ÃÙ»áºº¨Ñ´ÇÒ§¡ÃÐ·èÍÁä´é 2 ÃÙ»áºº: \"áÍÍÑ´\"¡ÒÃ¨Ñ´ÇÒ§¡ÃÐ·èÍÁ·Ñé§ËÁ´ ¨ÐÍÂÙèã¡Åé¡ÑººéÒ¹ã¹¿ÒÃìÁËÅÑ¡ \"¡ÃÐ¨ÒÂ\"¡ÃÐ·èÍÁ¨ÐËèÒ§¡Ñ¹à¾×èÍãËéÁÕ¾×é¹·ÕèÇèÒ§ áÅÐÁÕÍÔÊÃÐÁÒ¡¢Öé¹^^ÍÑµÃÒÊèÇ¹¡ÓäÃ: »ÃÑºÍÑµÃÒ¡ÓäÃ (à§Ô¹·Õè¤Ø³ä´éÃÑº) ¨Ò¡ÊÔ¹¤éÒ·Õè¤Ø³¢ÒÂ '»¡µÔ' ¶×Íà»ç¹¡ÒÃàÅè¹ Stardew Valley áºº´Ñè§à´ÔÁ ÊÓËÃÑº¼ÙéµéÍ§¡ÒÃ»ÃÐÊº¡ÒÃ³ìãËÁè/ËÃ×Í¡ÅØèÁ¼ÙéàÅè¹¢¹Ò´ãË­è ÊÒÁÒÃ¶Å´ÊèÇ¹¡ÓäÃà¾×èÍà¾ÔèÁ¤ÇÒÁ·éÒ·ÒÂä´é",
        "Character_CoopHelpString2": "Money Style: ¤Ø³ÊÒÁÒÃ¶àÅ×Í¡ä´éÇèÒ¨Ðä´éÃÑº áÅÐãªéà§Ô¹ÍÂèÒ§äÃ ã¹âËÁ´\"ãªéÃÇÁ¡Ñ¹\"¼ÙéàÅè¹·Ø¡¤¹¨Ðãªéà§Ô¹à·èÒ¡Ñ¹ ã¹âËÁ´\"áÂ¡¡Ñ¹\"¼ÙéàÅè¹áµèÅÐ¤¹¨ÐÁÕà§Ô¹ à»ç¹¢Í§µÑÇàÍ§ \"ãªéÃÇÁ¡Ñ¹\"¤×Í»ÃÐÊº¡ÒÃ³ì Stardew Valley áºº¤ÅÒÊÊÔ¡ ",
        "Character_Normal": "»Ã¡µÔ",
        "Character_Tough": "75%",
        "Character_Hard": "50%",
        "Character_Super": "25%",
        "Character_Separate": "¡ÃÐ¨ÒÂ",
        "Character_none": "äÁèÁÕ",
        "Character_CoopHelp": "ªèÇÂàËÅ×Í",
        "Character_StartingCabins": "¡ÃÐµêÍºàÃÔèÁµé¹",
        "Character_CabinLayout": "ÃÙ»áºº¡ÃÐµêÍº",
        "Character_Farm": " ª×èÍ\n¿ÒÃìÁ",
        "Character_FavoriteThing": " µÑé§ª×èÍ\nÊÔè§·ÕèªÍº",
        "Character_Animal": "µÑé§¤èÒ\n ¤ÙèËÙ",
        "Character_Skin": "ÊÕ¼ÔÇ",
        "Character_EyeColor": "ÊÕ´Ç§µÒ:",
        "Character_Hair": "·Ã§¼Á",
        "Character_HairColor": "ÊÕ¼Á:",
        "Character_Shirt": "àÊ×éÍ",
        "Character_PantsColor": "ÊÕ¡Ò§à¡§:",
        "Character_ShirtColor": "Shirt Color:",
        "Character_DyeColor": "Dye Color:",
        "Character_SkipIntro": "¢éÒÁº·¹Ó",
        "Character_Pants": "¡Ò§à¡§",
        "Character_Accessory": "»ÃÐ´Ñº",
        "Character_FarmNameSuffix": "¿ÒÃìÁ",
        "Character_FarmType": "»ÃÐàÀ·¿ÒÃìÁ:",
        "Character_FarmStandard": "Standard Farm_(·Õè´Ô¹ÁÒµÃ°Ò¹) ·Õè´Ô¹·ÕèàÃÕÂº§èÒÂ¾ÃéÍÁ¾×é¹·Õèà»Ô´âÅè§¨Ó¹Ç¹ÁÒ¡ ÁÑ¹§èÒÂµèÍ¡ÒÃÍÍ¡áºº¿ÒÃìÁ¢Í§¤Ø³",
        "Character_FarmForaging": "Forest Farm_(Ç¹ÍØ·ÂÒ¹) ·Õè´Ô¹»èÒ¨Ó¡Ñ´¾×é¹·Õè¡ÒÃà¡ÉµÃ¢Í§¤Ø³ ÍÂèÒ§äÃ¡çµÒÁ ¤ÇÒÁÍØ´ÁÊÁºÙÃ³ì¢Í§»èÒ ÍÂÙèã¡Åéá¤èàÍ×éÍÁ...",
        "Character_FarmFishing": "Riverland Farm_(ÃÔàÇÍÃìáÅ¹´ì) ·Õè´Ô¹¢Í§¤Ø³¡ÃÐ¨Ñ´¡ÃÐ¨ÒÂä»·ÑèÇ ËÅÒÂà¡ÒÐáÅÐÃÔÁ½Ñè§áÁè¹éÓÍÑ¹§´§ÒÁ ¡ÒÃ¨Ñº»ÅÒà»ç¹àÃ×èÍ§¸ÃÃÁ´ÒÁÒ¡ ÊÓËÃÑº·Õè´Ô¹á»Å§¹Õé",
        "Character_FarmMining": "Hill-top Farm_(·Õè´Ô¹º¹ÂÍ´à¢Ò) ÀÙÁÔ»ÃÐà·È·Õèà»ç¹ËÔ¹áÅÐáÁè¹éÓ·Õè¤´à¤ÕéÂÇ ·ÓãËé¡ÒÃÍÍ¡áºº¿ÒÃìÁ¢Í§¤Ø³ à»ç¹àÃ×èÍ§ÂÒ¡ ÍÂèÒ§äÃ¡çµÒÁÁÕÊÒÂáÃè»ÃÒ¡¯ à¾×èÍà¾ÔèÁâÍ¡ÒÊã¹¡ÒÃ¢Ø´",
        "Character_FarmCombat": "Wilderness Farm_(·Õè´Ô¹·ÕèÃ¡ÃéÒ§ÇèÒ§à»ÅèÒ) à»ç¹·Õè´Ô¹·ÕèÍØ´ÁÊÁºÙÃ³ìÁÒ¡ áµèÃÐÇÑ§... ã¹µÍ¹¡ÅÒ§¤×¹ÊÑµÇì»ÃÐËÅÒ´¨ÐÍÍ¡ÁÒ",
        "Character_FarmFourCorners": "Four Corners Farm_(¿ÒÃìÁÊÕèÁØÁ) ·Õè´Ô¹áºè§ÍÍ¡à»ç¹ÊÕè¼×¹ â´ÂáµèÅÐáËè§ÁÕÊÔ·¸Ô¾ÔàÈÉ àËÁÒÐ¡Ñº¡ÒÃàÅè¹à»ç¹¡ÅØèÁ!",
        "Character_FarmCombat_Unlock": "You unlocked the 'Wilderness' farm layout!",
        "Character_FarmMining_Unlock": "You unlocked the 'Hill-top' farm layout!",
        "Character_FarmFishing_Unlock": "You unlocked the 'Riverland' farm layout!",
        "Character_FarmForaging_Unlock": "You unlocked the 'Forest' farm layout!",
        "Character_foraging": "foraging",
        "Character_fishing": "fishing",
        "Character_mining": "mining",
        "Character_combat": "combat",
        "JukeboxMenu_Title": "څà¾Å§",
        "Collections_Shipped": "¢Í§·ÕèÊè§¢ÒÂ (¼Å¼ÅÔµ¨Ò¡¿ÒÃìÁáÅÐ¡ÒÃà¡çº¢Í§»èÒ)",
        "Collections_Fish": "»ÅÒ",
        "Collections_Artifacts": "ÇÑµ¶ØâºÃÒ³",
        "Collections_Minerals": "áÃè",
        "Collections_Cooking": "ÍÒËÒÃ",
        "Collections_Achievements": "¤ÇÒÁÊÓàÃç¨",
        "Collections_SecretNotes": "ºÑ¹·Ö¡ÅÑº",
        "Collections_Description_ArtifactsFound": "¾ºáÅéÇ¨Ó¹Ç¹: {0}",
        "Collections_Description_RecipesCooked": "àÇÅÒ»ÃØ§: {0}",
        "Collections_Description_FishCaught": "¨Ó¹Ç¹·Õè¨Ñº: {0}",
        "Collections_Description_BiggestCatch": "¨Ñºä´é¢¹Ò´ãË­èÊØ´: {0}",
        "Collections_Description_MineralsFound": "¨Ó¹Ç¹·Õè¾º: {0}",
        "Collections_Description_NumberShipped": "¨Ó¹Ç¹·ÕèÊè§ÍÍ¡: {0}",
        "QuestButton_Hover": "ÊÁØ´ºÑ¹·Ö¡ ({0})",
        "QuestButton_Hover_Console": "ÊÁØ´ºÑ¹·Ö¡",
        "ZoomInButton_Hover": "«ÙÁà¢éÒ",
        "ZoomOutButton_Hover": "«ÙÁÍÍ¡",
        "ExitToTitle": "ÍÍ¡ä»Ë¹éÒËÅÑ¡",
        "ExitToDesktop": "ÍÍ¡ä»à´Ê¡ì·çÍ»",
        "GameMenu_Inventory": "¡ÃÐà»ëÒ",
        "GameMenu_Skills": "·Ñ¡ÉÐ",
        "GameMenu_Social": "¤ÇÒÁÊÑÁ¾Ñ¹¸ì",
        "GameMenu_Map": "á¼¹·Õè",
        "GameMenu_Crafting": "ÊÔè§»ÃÐ´ÔÉ°ì",
        "GameMenu_Collections": "¢Í§ÊÐÊÁ",
        "GameMenu_Options": "µÑÇàÅ×Í¡",
        "GameMenu_Exit": "ÍÍ¡¨Ò¡à¡Á",
        "GameMenu_JunimoNote_Hover": "Community Center",
        "GeodeMenu_InventoryFull": "¤Ø³ÁÕ¾×é¹·Õèã¹¡ÃÐà»ëÒ äÁèà¾ÕÂ§¾Í",
        "GeodeMenu_Description_NotEnoughMoney": "ÃÒ¤Ò 25g µèÍ¼ÅÖ¡â¾Ã§ (Geode) ...\n\nàËÁ×Í¹ÇèÒµÍ¹¹Õé ¤Ø³«×éÍÁÑ¹äÁèäËÇËÃÍ¡",
        "GeodeMenu_Description": "á¤èÇÒ§¼ÅÖ¡â¾Ã§ (Geode) ¢Í§¤Ø³ º¹·Ñè§¢Í§©Ñ¹ áÅéÇ©Ñ¹¨Ð·ØºÁÑ¹àÍ§\n\nÃÒ¤ÒÍÂÙè·Õè 25g µèÍ 1 ¼ÅÖ¡",
        "ItemHover_DefenseBonus": "¾ÅÑ§»éÍ§¡Ñ¹ +{0}",
        "ItemHover_ImmunityBonus": "µéÒ¹·Ò¹ +{0}",
        "ItemHover_CritChanceBonus": "¤ÃÔµÔ¤ÍÅ +{0}",
        "ItemHover_CritPowerBonus": "¾ÅÑ§¤ÃÔµÔ¤ÍÅ +{0}",
        "ItemHover_Damage": "¾ÅÑ§â¨ÁµÕ {0}-{1}",
        "ItemHover_Speed": "¤ÇÒÁàÃçÇ {0}",
        "ItemHover_Weight": "¹éÓË¹Ñ¡ {0}",
        "ItemHover_Energy": "{0} ¾ÅÑ§§Ò¹",
        "ItemHover_Health": "{0} ¾ÅÑ§ªÕÇÔµ",
        "ItemHover_Buff0": "{0} ·Ó¿ÒÃìÁ",
        "ItemHover_Buff1": "{0} µ¡»ÅÒ",
        "ItemHover_Buff2": "{0} ·ÓàËÁ×Í§",
        "ItemHover_Buff3": "{0} µèÍÊÙé",
        "ItemHover_Buff4": "{0} âª¤",
        "ItemHover_Buff5": "{0} ¤é¹ËÒÍÒËÒÃ",
        "ItemHover_Buff6": "{0} ¾ÅÑ§§Ò¹ÊÙ§ÊØ´",
        "ItemHover_Buff7": "{0} ¾ÅÑ§§Ò¹ÊÙ§ÊØ´",
        "ItemHover_Buff8": "{0} ÍÓ¹Ò¨´Ö§´Ù´",
        "ItemHover_Buff9": "{0} ¤ÇÒÁàÃçÇ",
        "ItemHover_Buff10": "{0} »éÍ§¡Ñ¹",
        "ItemHover_Buff11": "{0} ¾ÅÑ§â¨ÁµÕ",
        "ItemHover_Requirements": "µéÍ§¡ÒÃ {0}\n{1}",
        "Inventory_PortraitHover_Level": "ÃÐ´Ñº {0}",
        "Inventory_FarmName": "¿ÒÃìÁ {0}",
        "Inventory_CurrentFunds": "à§Ô¹·Ø¹»Ñ¨¨ØºÑ¹: {0}g",
        "Inventory_TotalEarnings": "ÃÒÂä´éÃÇÁ: {0}g",
        "Inventory_CurrentFunds_Separate": "à§Ô¹·Ø¹¢Í§¤Ø³: {0}g",
        "Inventory_TotalEarnings_Separate": "ÃÒÂä´é¨Ò¡¿ÒÃìÁ: {0}g",
        "ItemGrab_Organize": "¨Ñ´ÃÐàºÕÂº",
        "ShippingBin_LastItem": "¢Í§·ÕèÊè§¢ÒÂªÔé¹ÅèÒÊØ´",
        "JojaCDMenu_Hover0": "«èÍÁá«ÁÃ¶ºÑÊ·Õè ä»ÂÑ§·ÐàÅ·ÃÒÂ¤ÒÅÔâ¡é",
        "JojaCDMenu_Hover1": "«èÍÁá«ÁÃÐººÃ¶ÃÒ§ ã¹àËÁ×Í§·Õèàª×èÍÁÃÐËÇèÒ§¨Ø´ÃÍÃ¶ºÑÊ ÀÙà¢Ò áÅÐàÁ×Í§à¾ÅÔá¡¹",
        "JojaCDMenu_Hover2": "«èÍÁá«ÁÊÐ¾Ò¹·ÕèªÓÃØ´º¹ÀÙà¢Ò",
        "JojaCDMenu_Hover3": "«èÍÁá«Á«Ò¡»ÃÑ¡ËÑ¡¾Ñ§ ã¹¿ÒÃìÁãËé¡ÅÒÂà»ç¹àÃ×Í¹¡ÃÐ¨¡",
        "JojaCDMenu_Hover4": "¡Ó¨Ñ´ËÔ¹ÃÐÂÔºÃÐÂÑº¢¹Ò´ãË­è ã¡Åé·Ò§à¢éÒàËÁ×Í§",
        "JunimoNote_BundleName": "ºÑ¹à´ÔéÅ {0}",
        "JunimoNote_RewardBoiler": "ÃÒ§ħÅ: ʻÍÁÃÐºº Ã¶ÃÒ§ã¹àËȑÍ§",
        "JunimoNote_RewardBulletin": "ÃÒ§ħÅ: ʴÒƁµÃÀÒ¾ <",
        "JunimoNote_RewardCrafts": "ÃÒ§ħÅ: ʻÍÁÊÐ¾Ò¹",
        "JunimoNote_RewardPantry": "ÃÒ§ħÅ: àȓÍ¹¡ÃÐ¨¡",
        "JunimoNote_RewardVault": "ÃÒ§ħÅ: ʻÍÁÃ¶ĚÊ",
        "JunimoNote_RewardFishTank": "ÃÒ§ħÅ: ıÒĈ´Ƌ¹ ÃÐƂºÃÐĢº ˡÍ¹ãËʽ",
        "JunimoNote_MustBeAtCC": "µéÍ§¹Óä»Êè§·ÕèÈÙ¹ÂìªØÁª¹",
        "JunimoNote_MustBeAtAJM": "µéÍ§¹Óä»Êè§·ÕèÃéÒ¹â¨¨éÒÃéÒ§",
        "LetterViewer_MoneyIncluded": "Ʊ $ {0}g á¹ºÁÒ˴ÇÂ",
        "LetterViewer_LearnedRecipe": "ɺµÃ{0}ªŹ´ãËˑ:",
        "LetterViewer_LearnedRecipeName": "'{0}'",
        "LevelUp_Title": "{1} àÅàÇÅ {0}",
        "LevelUp_Stamina_Restored": "¾ÅÑ§§Ò¹àµçÁáÅéÇ!",
        "LevelUp_ExtraInfo_Farming1": "¤ÇÒÁªÓ¹Ò­¡ÒÃãªéºÑÇÃ´¹éÓ +1",
        "LevelUp_ExtraInfo_Farming2": "¤ÇÒÁªÓ¹Ò­¡ÒÃãªé¨Íº +1",
        "LevelUp_ExtraInfo_Mining": "¤ÇÒÁªÓ¹Ò­¡ÒÃãªé¾ÅÑèÇ +1",
        "LevelUp_ExtraInfo_Fishing": "¤ÇÒÁªÓ¹Ò­¡ÒÃãªéàºç´µ¡»ÅÒ +1",
        "LevelUp_ExtraInfo_Foraging1": "¤ÇÒÁªÓ¹Ò­¡ÒÃãªé¢ÇÒ¹ +1",
        "LevelUp_ExtraInfo_Foraging2": "ÁÕàÁÅç´ËÅè¹¨Ò¡µé¹äÁéà»ç¹ºÒ§¤ÃÑé§",
        "LevelUp_ExtraInfo_Foraging3": "ä´éÃÑº¼ÅàºÍÃìÃÕè»èÒ +1",
        "LevelUp_ExtraInfo_Combat": "+5 HP",
        "LevelUp_ExtraInfo_Luck": "âª¤à¾ÔèÁ¢Öé¹áÅéÇ",
        "LevelUp_ProfessionName_Rancher": "¤¹àÅÕéÂ§ÊÑµÇì\n(Rancher)",
        "LevelUp_ProfessionDescription_Rancher": "¼ÅÔµÀÑ³±ì¨Ò¡ÊÑµÇìÁÕÃÒ¤ÒÁÒ¡¢Öé¹ 20%",
        "LevelUp_ProfessionName_Tiller": "ªÒÇäÃè\n(Tiller)",
        "LevelUp_ProfessionDescription_Tiller": "¾×ª¼ÅÁÕÃÒ¤Òà¾ÔèÁ¢Öé¹ 10%",
        "LevelUp_ProfessionName_Coopmaster": "¤¹´ÙáÅàÅéÒ\n(Coopmaster)",
        "LevelUp_ProfessionDescription_Coopmaster": "Ê¹Ô·¡ÑºÊÑµÇìàÅÕéÂ§ã¹àÅéÒàÃçÇ¢Öé¹\nàÇÅÒã¹¡ÒÃ¿Ñ¡ä¢èÅ´Å§¤ÃÖè§Ë¹Öè§",
        "LevelUp_ProfessionName_Shepherd": "¤¹àÅÕéÂ§á¡Ð\n(Shepherd)",
        "LevelUp_ProfessionDescription_Shepherd": "Ê¹Ô·¡ÑºÊÑµÇìã¹¤Í¡ä´éàÃçÇ¢Öé¹\ná¡Ð¼ÅÔµ¢¹ä´éàÃçÇ¢Öé¹",
        "LevelUp_ProfessionName_Artisan": "ÊÒÂËÁÑ¡\n(Artisan)",
        "LevelUp_ProfessionDescription_Artisan": "ÊÔ¹¤éÒËÁÑ¡ (àªè¹ äÇ¹ì (wine) ªÕÊ(cheese) ¹éÓÁÑ¹ (oil)) ÁÕÃÒ¤ÒÁÒ¡¢Öé¹ 40%",
        "LevelUp_ProfessionName_Agriculturist": "à¡ÉµÃ¡Ã\n(Agriculturist)",
        "LevelUp_ProfessionDescription_Agriculturist": "¾×ª¼Å·Ø¡ª¹Ô´âµàÃçÇ¢Öé¹ 10%",
        "LevelUp_ProfessionName_Fisher": "ªÒÇ»ÃÐÁ§\n(Fisher)",
        "LevelUp_ProfessionDescription_Fisher": "»ÅÒÁÕÃÒ¤Òà¾ÔèÁ¢Öé¹ 25%",
        "LevelUp_ProfessionName_Trapper": "¹Ñ¡ÇÒ§¡Ñº´Ñ¡\n(Trapper)",
        "LevelUp_ProfessionDescription_Trapper": "ãªé¢Í§ã¹¡ÒÃ»ÃÐ´ÔÉ°ì ¡Ñº´Ñ¡»Ù¹éÍÂÅ§",
        "LevelUp_ProfessionName_Angler": "¹Ñ¡µ¡»ÅÒ\n(Angler)",
        "LevelUp_ProfessionDescription_Angler": "»ÅÒÁÕÃÒ¤Òà¾ÔèÁ¢Öé¹ 50%",
        "LevelUp_ProfessionName_Pirate": "â¨ÃÊÅÑ´\n(Pirate)",
        "LevelUp_ProfessionDescription_Pirate": "âÍ¡ÒÊã¹¡ÒÃà¨ÍËÕºÊÁºÑµÔ à¾ÔèÁ¢Öé¹à»ç¹ÊÍ§à·èÒ",
        "LevelUp_ProfessionName_Mariner": "¡ÐÅÒÊÕ\n(Mariner)",
        "LevelUp_ProfessionDescription_Mariner": "äÁèà¨Í¢ÂÐã¹¡Ñº´Ñ¡»Ù ÍÕ¡àÅÂ",
        "LevelUp_ProfessionName_Luremaster": "¹Ñ¡ÅèÍÁ×Í©ÁÑ§\n(Luremaster)",
        "LevelUp_ProfessionDescription_Luremaster": "¡Ñº´Ñ¡»ÙäÁèµéÍ§ ãªéàËÂ×èÍÍÕ¡µèÍä»",
        "LevelUp_ProfessionName_Forester": "ªÒÇ»èÒ\n(Forester)",
        "LevelUp_ProfessionDescription_Forester": "ä´éäÁéÁÒ¡¢Öé¹ 25% àÁ×èÍµÑ´µé¹äÁé",
        "LevelUp_ProfessionName_Gatherer": "¹Ñ¡à¡çº¢Í§»èÒ\n(Gatherer)",
        "LevelUp_ProfessionDescription_Gatherer": "ÁÕâÍ¡ÒÊã¹¡ÒÃ à¡çº¢Í§»èÒä´éÊÍ§à·èÒ",
        "LevelUp_ProfessionName_Lumberjack": "¹Ñ¡µÑ´äÁé\n(Lumberjack)",
        "LevelUp_ProfessionDescription_Lumberjack": "µé¹äÁé·Ø¡µé¹ ÁÕâÍ¡ÒÊãËéäÁéà¹×éÍá¢ç§",
        "LevelUp_ProfessionName_Tapper": "¤¹¡ÃÕ´ÂÒ§\n(Tapper)",
        "LevelUp_ProfessionDescription_Tapper": "ä«ÃÑ» (Syrups) ÁÕÃÒ¤Òà¾ÔèÁ¢Öé¹ 25%",
        "LevelUp_ProfessionName_Botanist": "¹Ñ¡¾Ä¡ÉÈÒÊµÃì\n(Botanist)",
        "LevelUp_ProfessionDescription_Botanist": "¢Í§»èÒ·Õèà¡çºä´é ¨ÐÁÕ¤Ø³ÀÒ¾ÊÙ§ÊØ´àÊÁÍ",
        "LevelUp_ProfessionName_Tracker": "¹Ñ¡á¡ÐÃÍÂ\n(Tracker)",
        "LevelUp_ProfessionDescription_Tracker": "àËç¹µÓáË¹è§¢Í§¢Í§»èÒ",
        "LevelUp_ProfessionName_Miner": "¹Ñ¡¢Ø´áÃè\n(Miner)",
        "LevelUp_ProfessionDescription_Miner": "ÁÕâÍ¡ÒÊä´éáÃèà¾ÔèÁ¢Öé¹ +1",
        "LevelUp_ProfessionName_Geologist": "¹Ñ¡¸Ã³ÕÇÔ·ÂÒ\n(Geologist)",
        "LevelUp_ProfessionDescription_Geologist": "ÁÕâÍ¡ÒÊä´éÍÑ­Á³Õ 2 ªÔé¹¨Ò¡ËÔ¹ 1 ¡éÍ¹",
        "LevelUp_ProfessionName_Blacksmith": "ªèÒ§µÕàËÅç¡\n(Blacksmith)",
        "LevelUp_ProfessionDescription_Blacksmith": "á·è§àËÅç¡ (Metal bars) ÁÕÃÒ¤Òà¾ÔèÁ¢Öé¹50%",
        "LevelUp_ProfessionName_Prospector": "¹Ñ¡ÊÓÃÇ¨áÃè\n(Prospector)",
        "LevelUp_ProfessionDescription_Prospector": "ÁÕâÍ¡ÒÊà¨Í¶èÒ¹ËÔ¹ (coal) à¾ÔèÁÊÍ§à·èÒ",
        "LevelUp_ProfessionName_Excavator": "¹Ñ¡Ê¡Ñ´áÃè\n(Excavator)",
        "LevelUp_ProfessionDescription_Excavator": "ÁÕâÍ¡ÒÊà¨Í¼ÅÖ¡ (geodes) à»ç¹ÊÍ§à·èÒ",
        "LevelUp_ProfessionName_Gemologist": "¹Ñ¡ÍÑ­Á³ÕÈÒÊµÃì\n(Gemologist)",
        "LevelUp_ProfessionDescription_Gemologist": "ÍÑ­Á³ÕÁÕ¤èÒÁÒ¡¢Öé¹ 30%",
        "LevelUp_ProfessionName_Fighter": "¹Ñ¡ÊÙé\n(Fighter)",
        "LevelUp_ProfessionDescription_Fighter": "·Ø¡¡ÒÃâ¨ÁµÕáÃ§¢Öé¹ 10%",
        "LevelUp_ProfessionName_Scout": "¹Ñ¡ÊÍ´á¹Á\n(Scout)",
        "LevelUp_ProfessionDescription_Scout": "âÍ¡ÒÊâ¨ÁµÕµÔ´ ¤ÃÔµÔ¤ÍÅà¾ÔèÁ¢Öé¹ 50%",
        "LevelUp_ProfessionName_Brute": "¹Ñ¡àÅ§\n(Brute)",
        "LevelUp_ProfessionDescription_Brute": "â¨ÁµÕáÃ§¢Öé¹ 15%",
        "LevelUp_ProfessionName_Defender": "¼Ùé¾Ô·Ñ¡Éì\n(Defender)",
        "LevelUp_ProfessionDescription_Defender": "+25 HP",
        "LevelUp_ProfessionName_Acrobat": "¹Ñ¡¡ÒÂ¡ÃÃÁ\n(Acrobat)",
        "LevelUp_ProfessionDescription_Acrobat": "àÇÅÒ¤ÙÅ´ÒÇ¹ì¢Í§ ·èÒ¾ÔàÈÉÅ´Å§¤ÃÖè§Ë¹Öè§",
        "LevelUp_ProfessionName_Desperado": "ÍÒª­Ò¡Ã\n(Desperado)",
        "LevelUp_ProfessionDescription_Desperado": "¶éÒâ¨ÁµÕµÔ´¤ÃÔµÔ¤ÍÅÈÑµÃÙ¨ÐµÒÂ",
        "LevelUp_ChooseProfession": "àÅ×Í¡ÍÒªÕ¾·ÕèµéÍ§¡ÒÃ:",
        "LevelUp_NewRecipe": "ÊÙµÃ{0}ª¹Ô´ãËÁè: {1}",
        "LoadGameMenu_LookingForSavedGames": "ıÒĥ§ËÒà¡Áчà«¿ä̇...",
        "LoadGameMenu_Deleting": "ıÒĥ§Åº...",
        "TitleMenu_PressAToStart": "PRESS @ TO START",
        "TooManyFarmsMenu_TooManyFarms": "You already have the maximum number of farms.",
        "UserSignoutMenu_SignInChange": "A sign-in change has occured. Sign back in or exit to the title screen.",
        "UserSignoutMenu_Returning": "Returning to title.",
        "UserSignoutMenu_SignIn": "Sign-in",
        "UserSignoutMenu_Exit": "Exit",
        "StartupMessage_FirstRun": "",
        "ControllerConnectMenu_PleaseReconnect": "Please reconnect your controller to continue the game.",
        "ControllerConnectMenu_PleaseReconnect.ps4": "Please reconnect your controller to continue the game.",
        "Options_StowingMode": "Item Stowing",
        "Options_StowingMode_Off": "»Ô´",
        "Options_StowingMode_GamepadOnly": "Gamepad à·èÒ¹Ñé¹",
        "Options_StowingMode_On": "à»Ô´",
        "Options_ShowAdvancedCraftingInformation": "áÊ´§¢éÍÁÙÅ¡ÒÃ»ÃÐ´ÔÉ°ìÍÂèÒ§ÅÐàÍÕÂ´",
        "Crafting_NumberCrafted": "¨Ó¹Ç¹ÊÔè§»ÃÐ´ÔÉ°ì: {0}",
        "Options_GamepadStyleMenus": "ãªéàÁ¹Ùã¹ÃÙ»áºº¤Í¹â·ÃÅàÅÍÃì",
        "Options_GamepadStyleMenus.ps4": "ãªéàÁ¹Ùã¹ÃÙ»áºº¤Í¹â·ÃÅàÅÍÃì",
        "SaveGameMenu_Saving1.nswitch": "¡ÓÅÑ§ºÑ¹·Ö¡ ¡ÃÐºÇ¹¡ÒÃ¹ÕéÍÒ¨ãªéàÇÅÒ¹Ò¹",
        "SaveGameMenu_Saving2.nswitch": "â»Ã´ÍÂèÒ»Ô´â»Ãá¡ÃÁ ËÃ×Íà¤Ã×èÍ§àÅè¹áÁéË¹éÒ¨Í ¨ÐäÁèÁÕ¡ÒÃà¤Å×èÍ¹äËÇ",
        "GameMenu_ServerInvite": "ªÇ¹à¾×èÍ¹...",
        "GameMenu_ServerMode": "âËÁ´à«ÔÃì¿àÇÍÃì",
        "GameMenu_ServerMode_Offline": "ÍÍ¿äÅ¹ì",
        "GameMenu_ServerMode_Online": "ÍÍ¹äÅ¹ì",
        "GameMenu_ServerMode_FriendsOnly": "à¾×èÍ¹à·èÒ¹Ñé¹",
        "GameMenu_ServerMode_InviteOnly": "àªÔ­à·èÒ¹Ñé¹",
        "CoopMenu_EnterIP": "ãÊè IP...",
        "CoopMenu_Join": "à¢éÒÃèÇÁ",
        "CoopMenu_Host": "à¨éÒºéÒ¹",
        "CoopMenu_JoinLANGame": "àˢÒ˓ÇÁà¡ÁˌÒ¹ LAN ...",
        "CoopMenu_EnterInviteCode": "ã˚ÃīÊàŪ­...",
        "CoopMenu_HostNewFarm": "ỄÒ§¿ÒΓÁãËˑ...",
        "CoopMenu_NoInvites": "äÁèÁÕ¤ÓàªÔ­",
        "CoopMenu_Failed": "¡ÒÃàҚÍÁ˅Í̅ÁàËÅÇ",
        "CoopMenu_FailedProtocolVersion": "¡ÒÃàҚÍÁ˅Í̅ÁàËÅÇ (àÇÍΓĊ¹äˑàˢÒā¹)",
        "CoopMenu_Connecting": "ıÒĥ§àҚÍÁ˅Í...",
        "CoopMenu_ConnectingOnlineServices": "ıÒĥ§àҚÍÁ˅Íä»Ģ§ºƃ¡ÒÃÍÍ¹äÅΉ",
        "CoopMenu_NoSlots": "äÁèÁÕºéÒ¹ÇèÒ§",
        "CoopMenu_NewFarmhand": "ªÒÇäÃèË¹éÒãËÁè",
        "CoopMenu_HostFile": "¿ÒΓÁ {1}",
        "CoopMenu_RevisitFriendFarm": "àˢÒ˓ÇÁ¿ÒΓÁ {0} ƽ¡¤Ճ§",
        "CoopMenu_JoinFriendFarm": "à¢éÒÃèÇÁ¿ÒÃìÁ {0}",
        "CoopMenu_Refresh": "âËÅ´ãËÁè",
        "OptionsPage_MultiplayerSection": "ڌà˕¹ËÅÒÂ¤¹",
     "OptionsPage_IPConnections": "µÍºÃÑº¡ÒÃàª×èÍÁµèÍ IP",
        "OptionsPage_FarmhandCreation": "ãËéÊÃéÒ§µÑÇÅÐ¤ÃãËÁèä´é",
        "OptionsPage_ShowInviteCode": "áÊ´§ÃËÑÊàªÔ­",
        "OptionsPage_ShowReadyStatus": "áÊ´§ÃÒÂ¡ÒÃÊ¶Ò¹Ð ¢Í§¼ÙéàÅè¹ã¹¤×¹·Õè¼èÒ¹ÁÒ",
        "OptionsPage_ScreenshotHeader": "ĈºÀÒ¾Ë˹Ò¨Í",
        "Client_RemotelyDisconnected": "à«ÔÃì¿àÇÍÃìä´é»Ô´¡ÒÃàª×èÍÁµèÍ",
        "Carpenter_CantDemolish_FarmhandOnline": "äÁèÊÒÁÒÃ¶Ã×éÍ¶Í¹¢³Ð·Õè ¤¹§Ò¹ã¹ºéÒ¹¹ÕéÂÑ§ÍÍ¹äÅ¹ì",
        "Carpenter_DemolishCabinConfirm": "щ¨Ðàʛ¹¡ÒÃàÍÒ {0} ÍÍ¡¨Ò¡à¡ÁÍ˒Ò§¶ÒÇÃ Ȥ³áˉã¨ËȓÍäˑ˗Ò ÍÂÒ¡سÍ¶Í¹¡ÃÐˇÍÁËĥ§׉?",
        "Client_WaitForHostAvailability": "¡ÓÅÑ§ÃÍãËéÍÕàÇé¹·ì¢Í§âÎÊ¨º...",
        "Client_WaitForHostLoad": "¡ÓÅÑ§ÃÍãËéâÎÊµÑé§¤èÒàÊÃç¨...",
        "Chat_UnknownUserName": "???",
        "Chat_PlayerName": "{0} ({1})",
        "Chat_ChatMessageFormat": "{0}: {1}",
        "Chat_ErrorMessageFormat": "[Error] {0}",
        "Chat_PrivateMessageFormat": "{0} [Private]: {1}",
        "Chat_NoPlayerWithThatName": "äÁèÁÕ¼ÙéàÅè¹ÍÍ¹äÅ¹ì ¤¹äË¹ÁÕª×èÍ¹Ñé¹",
        "Chat_NoPlayerToReplyTo": "äÁèÁÕ¼ÙéàÅè¹ãËéµÍº",
        "Chat_CouldNotReply": "Êè§¤ÓµÍºäÁèä´é",
        "Chat_UnbannedPlayer": "àÅÔ¡áº¹ {0}",
        "Chat_UnbannedAllPlayers": "Â¡àÅÔ¡¡ÒÃáº¹¼ÙéàÅè¹ ·Õè¶Ù¡áº¹äÇé·Ñé§ËÁ´áÅéÇ",
        "Chat_BannedPlayer": "áº¹ {0}",
        "Chat_BannedPlayerFailed": "¡ÒÃáº¹¼ÙéàÅè¹ÅéÁàËÅÇ",
        "Chat_BannedPlayersList": "¼ÙéàÅè¹·Õèáº¹äÇé:",
        "Chat_BannedPlayersList_None": "äÁèÁÕ¼ÙéàÅè¹·Õè¶Ù¡áº¹",
        "Chat_UnbanPlayer_NotFound": "äÁèÊÒÁÒÃ¶ËÒ¼ÙéàÅè¹·Õè¶Ù¡áº¹·ÕèÁÕª×èÍ ËÃ×ÍäÍ´Õ´Ñ§¡ÅèÒÇ",
        "Chat_UserNotificationMessageFormat": "> {0}",
        "Chat_PlayerJoined": "{0} ä´éà¢éÒÃèÇÁáÅéÇ",
        "Chat_PlayerJoinedNewName": "¤¹§Ò¹äÃéª×èÍ",
        "Chat_PlayerDeath": "{0} ¶Ù¡·ÓãËéËÁ´ÊµÔ",
        "Chat_CaughtLegendaryFish": "{0}  ¨Ñº»ÅÒ '{1}' ã¹µÓ¹Ò¹ä´é",
        "Chat_TrashCan": "{1} ¨Ñº {0} ¢³Ð¡ÓÅÑ§¤ØéÂ¢ÂÐä´é...",
        "Chat_LinusTrashCan": "ÅÕ¹ÑÊà»ç¹»Å×éÁ!",
        "Chat_Bundle": "ºÑ¹à´ÔéÅ¤ÃºáÅéÇ!",
        "Chat_Stardrop": "{0} ä´é¤é¹¾ºÊµÒÃì´ÃÍ»",
        "Chat_HorseNamed": "{0} µÑé§ª×èÍÁéÒÇèÒ {1}",
        "Chat_PrairieKing": "{0} àÍÒª¹Ð ÃÒªÒáËè§·Øè§Ë­éÒ¼¨­ÀÑÂ ä´éáÅéÇ",
        "Chat_JunimoKart": "{0} àÍÒª¹Ð ¨Ù¹ÔâÁè ¤ÒÃìµ ä´éáÅéÇ",
        "Chat_Dating": "{0} ¡ÓÅÑ§à´µ¡Ñº {1}",
        "Chat_BreakUp": "{0} àÅÔ¡¡Ñº {1} áÅéÇ",
        "Chat_Engaged": "{0} ä´éËÁÑé¹¡Ñº {1}",
        "Chat_MuseumComplete": "¿ÒÃìÁ {0} ÃÇºÃÇÁ¢Í§ÊÐÊÁã¹¾Ô¾Ô¸ÀÑ³±ì¤ÃºáÅéÇ",
        "Chat_Museum40": "¿ÒÃìÁ {0} ä´éºÃÔ¨Ò¤ãËé¾Ô¾Ô¸ÀÑ³±ì 40 ªÔé¹",
        "Chat_donation": "{0} ä´éºÃÔ¨Ò¤ '{1}' ãËé¡Ñº¾Ô¾Ô¸ÀÑ³±ì",
        "Chat_Walked10k": "{0} ä´éà´Ô¹ÁÒ·Ñé§ËÁ´ 10,000 ¡éÒÇ",
        "Chat_Walked100k": "{0} ä´éà´Ô¹ÁÒ·Ñé§ËÁ´ 100,000 ¡éÒÇ",
        "Chat_Walked1m": "{0} ä´éà´Ô¹ÁÒ·Ñé§ËÁ´ 1,000,000 ¡éÒÇ",
        "Chat_Walked10m": "{0} ä´éà´Ô¹ÁÒ·Ñé§ËÁ´ 10,000,000 ¡éÒÇ",
        "Chat_Divorce": "{0} ä´éÂ×è¹àÃ×èÍ§¢ÍËÂèÒ",
        "Chat_BackpackLarge": "{0} ä´é«×éÍà»éãºãË­è",
        "Chat_BackpackDeluxe": "{0} ä´é«×éÍà»éÃØè¹´ÕÅÑ¡«ì",
        "Chat_Makeover": "{0} ä´éÃÑº¡ÒÃàÊ¡â©ÁãËÁè",
        "Chat_Makeover_Pet": "{0} ¡Ñº {1} ä´éÃÑº¡ÒÃàÊ¡â©ÁãËÁè",
        "Chat_DivorceCancel": "{0} ä´éÂ¡àÅÔ¡¡ÒÃ¢ÍËÂèÒ",
        "Chat_GoneToBedEarly0": "{0} ¢ÍµÑÇÊÓËÃÑº¤×¹¹Õé¡èÍ¹",
        "Chat_GoneToBedEarly1": "{0} ¨Ð¹Í¹àÃçÇ¤×¹¹Õé",
        "Chat_GoneToBedEarly2": "{0} à¢éÒ¹Í¹àÃçÇ¤×¹¹Õé",
        "Chat_GoneToBed0": "{0} à¢éÒ¹Í¹áÅéÇ",
        "Chat_GoneToBed1": "{0} ¨Á¡Í§¼éÒËèÁä»áÅéÇ",
        "Chat_GoneToBed2": "{0} ÊÅºàËÁ×Í´ä»áÅéÇ",
        "Chat_GoneToBedLate0": "{0} ÁÒ¶Ö§àµÕÂ§·Ñ¹àÇÅÒ!",
        "Chat_GoneToBedLate1": "{0} ÁÒ¶Ö§àµÕÂ§¤ÃºÊÒÁÊÔºÊÍ§!",
        "Chat_GoneToBedLate2": "âÅè§ä»! {0} ÁÒ¶Ö§àµÕÂ§·Ñ¹àÇÅÒ!",
        "Chat_PassedOut0": "{0} à»ç¹ÅÁä»áÅéÇ!",
        "Chat_PassedOut1": "{0} ÁÒäÁè·Ñ¹à¢éÒ¹Í¹...",
        "Chat_PassedOut2": "{0} ÍÂÙè´Ö¡à¡Ô¹ä»...",
        "Chat_Baby": "{0} áÅÐ {1} µéÍ¹ÃÑº {2} à¢éÒÊÙè¤ÃÍº¤ÃÑÇ! ¾Ç¡à¢ÒµÑé§ª×èÍ {3} {4}",
        "Chat_EvilShrine": "{0} ä»àÂÕèÂÁªÁÊØÊÒ¹»ÕÈÒ¨ÁÒ...",
        "Chat_MonstersActivated": "{0} ä´é»Å´¼¹Ö¡¤Ò¶Ò»éÍ§¡Ñ¹¿ÒÃìÁÍÍ¡áÅéÇ ÃÐÇÑ§µÑÇãËé´Õ!",
        "Chat_MonstersDeActivated": "{0} ä´éÃèÒÂ¤Ò¶Ò»éÍ§¡Ñ¹¿ÒÃìÁ¤×¹áÅéÇ",
        "Chat_SleepAnnounceModeSet": "âËÁ´àµ×Í¹àÇÅÒà¢éÒ¹Í¹µÍ¹¹Õé: {0}",
        "SleepAnnounceMode_All": "·Ñé§ËÁ´",
        "SleepAnnounceMode_First": "¤×¹áÃ¡",
        "SleepAnnounceMode_Off": "»Ô´",
        "Chat_LostBook": "{0} ¤é¹¾ºµÓÃÒ·ÕèÊÙ­ËÒÂ (Lost Book)!",
        "Chat_MovieInviteAccept": "{0} ä´éªÇ¹ {1} ä»´ÙË¹Ñ§!",
        "Chat_MovieInviteReject": "{1} ä´é»¯ÔàÊ¸¤ÓªÇ¹ä»´ÙË¹Ñ§¢Í§ {0}...",
        "Chat_MovieStart": "â»Ãá¡ÃÁË¹éÒàÃ×èÍ§ '{0}' ¡ÓÅÑ§¨ÐàÃÔèÁ©ÒÂáÅéÇ!",
        "Chat_MovieEnd": "¡ÒÃ©ÒÂ '{0}' ¨ºÅ§áÅéÇ",
        "Chat_Earned15k": "¿ÒÃìÁ {0} ·Óà§Ô¹ä»áÅéÇ 15,000g",
        "Chat_Earned50k": "¿ÒÃìÁ {0} ·Óà§Ô¹ä»áÅéÇ 50,000g",
        "Chat_Earned250k": "¿ÒÃìÁ {0} ·Óà§Ô¹ä»áÅéÇ 250,000g",
        "Chat_Earned1m": "¿ÒÃìÁ {0} ·Óà§Ô¹ä»áÅéÇ 1,000,000g",
        "Chat_Earned10m": "¿ÒÃìÁ {0} ·Óà§Ô¹ä»áÅéÇ 10,000,000g",
        "Chat_Earned100m": "¿ÒÃìÁ {0} ·Óà§Ô¹ä»áÅéÇ 100,000,000g",
        "Chat_GalaxySword": "{0} ¤é¹¾º´Òº¡ÒàÅç¤«Õè (Galaxy Sword)!",
        "Chat_Achievement": "{0} ä´éÃÑº¤ÇÒÁÊÓàÃç¨ '{1}'",
        "Chat_Jackpot": "{0} ä´éá¨ç¤¾çÍµã¹¡§ÅéÍ¤ÒÅÔâ¡é",
        "Chat_Slingshot_Hit": "{0} »Ò {1} ´éÇÂ {2}!",
        "Chat_Caught_Snooping": "{0} ¶Ù¡¨Ñºä´éÇèÒ¡ÓÅÑ§Ã×éÍ¤é¹¢Í§ÊèÇ¹µÑÇ¢Í§ {1}!",
        "Chat_PlayerLeft": "{0} ÍÍ¡ä»áÅéÇ",
        "Chat_Qi1": "Mr. Qi: ä§ à¨éÒË¹Ù ãªèÊÔ ©Ñ¹ÍÂÙè¹Õè ¹ÒÂ¤Ô´äÇéÇèÒÍÐäÃÅèÐ?",
        "Chat_Qi2": "Mr. Qi: àÎé... ¨§·Ó´ÕµèÍä» ÍÂèÒËÂØ´·ÐàÂÍ·ÐÂÒ¹ à¾×èÍ¤ÇÒÁÊÓàÃç¨ÅèÐ!      ©Ñ¹¨Ðà¨Í¹ÒÂàÃçÇæ ¹Õé à´ç¡¹éÍÂ...",
        "Chat_Qi3": "Mr. Qi äÁèÍÂÙè",
        "Chat_ConcernedApe": "ConcernedApe: ÊÇÑÊ´Õ ©Ñ¹ËÇÑ§ÇèÒ¤Ø³¡ÓÅÑ§Ê¹Ø¡Ê¹Ò¹ ¡ÑºªÕÇÔµãËÁè·Õè¹Õè¹Ð ´ÙáÅµÑÇàÍ§´Õæ ÅèÐ! [126]",
        "Chat_ConcernedApe2": "ConcernedApe ¡ÓÅÑ§»Ñè¹§Ò¹...",
        "Chat_ConcernedApeNiceTry": "ConcernedApe: ÁÕ¤ÇÒÁ¾ÂÒÂÒÁ áµè¡çÂÑ§ÍèÍ¹ËÑ´...",
        "Chat_Credits1": "       [87] Stardew Valley [87]",
        "Chat_Credits2": "[147]ÊÃéÒ§â´Â Eric Barone (ÍÕ¡ª×èÍ¤×Í ConcernedApe)",
        "Chat_Credits3": "[147]â»Ãá¡ÃÁà¤Ã×Í¢èÒÂ â´Â Tom Coxon",
        "Chat_Credits4": "[147]¾ÍÃìµÅ§ Mac, Linux, and console â´Â Sickhead Games",
        "Chat_Credits5": "[147]Localized by Playism & LocalizeDirect",
        "Chat_Credits6": "[147]à¼Âá¾Ãè â´Â Chucklefish",
        "Chat_UserList": "¼ÙéàÅè¹·ÕèÍÂÙèµÍ¹¹Õé:",
        "Chat_UserListUser": " - {0}",
        "Chat_Help": "¤ÓÊÑè§·ÕèÃÍ§ÃÑº:",
        "Chat_HelpList": " - {0}: äÅèÃÒÂª×èÍ¼ÙéàÅè¹·ÕèÍÍ¹äÅìÍÂÙè",
        "Chat_HelpClear": " - {0}: ÅéÒ§»ÃÐÇÑµÔ¡ÒÃÊ¹·¹Ò",
        "Chat_HelpCredits": " - {0}: áÊ´§à¤Ã´Ôµ",
        "Chat_HelpColor": " - {0} [color]: µÑé§¤èÒÊÕàÃÔèÁµé¹¢Í§¤Ø³",
        "Chat_HelpColorList": " - {0}: áÊ´§ÊÕ·ÕèàÅ×Í¡ä´é",
        "Chat_HelpPause": " - {0}: ËÂØ´à¡ÁªÑèÇ¤ÃÒÇÊÓËÃÑº¼ÙéàÅè¹·Ø¡¤¹",
        "Chat_HelpResume": " - {0}: àÅè¹à¡ÁµèÍ¨Ò¡·ÕèËÂØ´äÇé",
        "Chat_HelpMessage": " - {0} [farmer name]: Êè§¢éÍ¤ÇÒÁÊèÇ¹µÑÇ ãËé¼ÙéàÅè¹¤¹Ë¹Öè§",
        "Chat_HelpReply": " - {0}: µÍº¢éÍ¤ÇÒÁÊèÇ¹µÑÇ",
        "Chat_HelpKick": " - {0} [farmer name/user id]: µÑ´¡ÒÃàª×èÍÁµèÍ¢Í§¼ÙéàÅè¹",
        "Chat_HelpBan": " - {0} [farmer name/user id]: áº¹¼ÙéàÅè¹¨Ò¡¿ÒÃìÁ¹Õé",
        "Chat_HelpUnban": " - {0} [farmer name/user id]: àÅÔ¡áº¹¼ÙéàÅè¹¨Ò¡¿ÒÃìÁ¹Õé",
        "Chat_HostOnlyCommand": "âÎÊà·èÒ¹Ñé¹·ÕèÊÒÁÒÃ¶ãªé¤ÓÊÑè§¹Õéä´é",
        "Chat_Paused": "âÎÊä´éËÂØ´à¡ÁäÇéªÑèÇ¤ÃÒÇ",
        "Chat_Resumed": "âÎÊàÅè¹à¡ÁµèÍáÅéÇ",
        "Chat_ColorListExplanation": "ãªé [color-name] ã¹º·Ê¹·¹Ò",
        "Chat_SelfPlayerID": "µÑÇ¤Ø³",
        "SocialPage_MarriedToOtherPlayer_FemaleNPC": "(áµè§§Ò¹áÅéÇ)",
        "SocialPage_MarriedToOtherPlayer_MaleNPC": "(áµè§§Ò¹áÅéÇ)",
        "ReadyCheck": "¡ÓÅÑ§ÃÍ¼ÙéàÅè¹¤¹Í×è¹æ... ({0}/{1})",
        "PendingProposal": "¡ÓÅÑ§ÃÍ¼ÙéàÅè¹ÍÕ¡¤¹...",
        "GiftPlayerItem_Male": "àÊ¹Í {0} ¢Í§Ȥ³ã̋ {1}?",
        "GiftPlayerItem_Female": "àÊ¹Í {0} ¢Í§Ȥ³ã̋ {1}?",
        "GiftPlayerItem_NoInventorySpace_Male": "{0} äˑƱч˗Ò§ŚÒËģºäÍàʗÁ׉",
        "GiftPlayerItem_NoInventorySpace_Female": "{0} äˑƱч˗Ò§ŚÒËģºäÍàʗÁ׉",
        "Proposal_PlayerBusy_Male": "{0} ģºĴÒ¢Í¢Í§Ȥ³µÍ¹׉äˑä˴ ƽ¡Ī¡¤ԓÅÍ§ãËˑ¹Ð",
        "Proposal_PlayerBusy_Female": "{0} ģºĴÒ¢Í¢Í§Ȥ³µÍ¹׉äˑä˴ ƽ¡Ī¡¤ԓÅÍ§ãËˑ¹Ð",
        "AskedToDance_Male": "{0} ä˴¢Íã̋Ȥ³à˵¹œÒāºà¢Ò Ȥ³¨Ðà˵¹œÒāº {0} ՁÂ?",
        "AskedToDance_Female": "{0} ä˴¢Íã̋Ȥ³à˵¹œÒāºà¸Í Ȥ³¨Ðà˵¹œÒāº {0} ՁÂ?",
        "AskedToMarry_Male": "{0} ä˴¢Íã̋Ȥ³á˅§§Ò¹āºà¢Ò! Ȥ³¨ÐµÍºģºĴÒ¢Íá˅§§Ò¹ ¢Í§à¢ÒՁÂ?",
        "AskedToMarry_Female": "{0} ä˴¢Íã̋Ȥ³á˅§§Ò¹āºà¸Í! Ȥ³¨ÐµÍºģºĴÒ¢Íá˅§§Ò¹ ¢Í§à¸ÍՁÂ?",
        "AskedToHaveBaby_Male": "{0} ä˴¢Íã̋Ȥ³Ʊɵ¡āºà¢Ò! Ȥ³ÍÂÒ¡Ʊɵ¡ËȓÍäˑ?",
        "AskedToHaveBaby_Female": "{0} ä˴¢Íã̋Ȥ³Ʊɵ¡āºà¸Í! Ȥ³ÍÂÒ¡Ʊɵ¡ËȓÍäˑ?",
        "AskedToAdoptBaby_Male": "{0} ä˴¢Íã̋Ȥ³ģºàוÂ§ɵ¡Ⱥ­¸ÃÃÁāºà¢Ò! Ȥ³ÍÂÒ¡Ʊɵ¡ËȓÍäˑ?",
        "AskedToAdoptBaby_Female": "{0} ä˴¢Íã̋Ȥ³ģºàוÂ§ɵ¡Ⱥ­¸ÃÃÁāºà¸Í! Ȥ³ÍÂÒ¡Ʊɵ¡ËȓÍäˑ?",
        "AskedToDance_Accepted_Male": "{0} µÍºµ¡Å§ч¨Ðà˵¹œÒāºȤ³!",
        "AskedToDance_Accepted_Female": "{0} µÍºµ¡Å§ч¨Ðà˵¹œÒāºȤ³!",
        "AskedToMarry_Accepted_Male": "{0} µÍºµ¡Å§ч¨Ðá˅§§Ò¹āºȤ³! ^žƨá˅§§Ò¹¨ÐĈ´ע¹ã¹ 3 ħ¹",
        "AskedToMarry_Accepted_Female": "{0} µÍºµ¡Å§ч¨Ðá˅§§Ò¹āºȤ³! ^žƨá˅§§Ò¹¨ÐĈ´ע¹ã¹ 3 ħ¹",
        "AskedToHaveBaby_Accepted_Male": "{0} µ¡Å§ч¨ÐƱɵ¡āºȤ³! ıÒË¹´¤ÅÍ´ǴÍƽ¡ 14 ħ¹",
        "AskedToHaveBaby_Accepted_Female": "{0} µ¡Å§ч¨ÐƱɵ¡āºȤ³! ıÒË¹´¤ÅÍ´ǴÍƽ¡ 14 ħ¹",
        "AskedToHaveBaby_Rejected_Male": "{0} ä˴ĕ´Ɗ¹ã¨˗Òà¢ÒĢ§äˑ¾̃ÍÁ¨ÐƱɵ¡ã¹àÇÅÒ׉",
        "AskedToHaveBaby_Rejected_Female": "{0} ä˴ĕ´Ɗ¹ã¨˗Òà¸ÍĢ§äˑ¾̃ÍÁ¨ÐƱɵ¡ã¹àÇÅÒ׉",
        "AskedToAdoptBaby_Accepted_Male": "{0} ä˴µ¡Å§ч¨ÐģºàוÂ§ ɵ¡Ⱥ­¸ÃÃÁāºȤ³! àÍ¡ÊÒÃԷ§ËÁ´ ¡ÃÍ¡àƳÂº̃ÍÂá̅Ç ɵ¡¨ÐÁÒǖ§ã¹ƽ¡ 14 ħ¹",
        "AskedToAdoptBaby_Accepted_Female": "{0} ä˴µ¡Å§ч¨ÐģºàוÂ§ ɵ¡Ⱥ­¸ÃÃÁāºȤ³! àÍ¡ÊÒÃԷ§ËÁ´ ¡ÃÍ¡àƳÂº̃ÍÂá̅Ç ɵ¡¨ÐÁÒǖ§ã¹ƽ¡ 14 ħ¹",
        "AskedToAdoptBaby_Rejected_Male": "{0} ä˴ĕ´Ɗ¹ã¨˗Òà¢ÒĢ§äˑ ģºàוÂ§ɵ¡Ⱥ­¸ÃÃÁ ã¹µÍ¹׉¨ÐƤ¡˗Ò",
        "AskedToAdoptBaby_Rejected_Female": "{0} ä˴ĕ´Ɗ¹ã¨˗Òà¸ÍĢ§ äˑģºàוÂ§ɵ¡Ⱥ­¸ÃÃÁ ã¹µÍ¹׉¨ÐƤ¡˗Ò",
        "AskedToMarry_NotSingle_Male": "{0} äˑâÊ´!",
        "AskedToMarry_NotSingle_Female": "{0} äˑâÊ´!",
        "AskedToDance_Rejected_Male": "{0} »ůàÊ¸ĴÒ¢Íà˵¹œÒ¢Í§Ȥ³",
        "AskedToDance_Rejected_Female": "{0} »ůàÊ¸ĴÒ¢Íà˵¹œÒ¢Í§Ȥ³",
        "AskedToMarry_Rejected_Male": "{0} »ůàÊ¸ĴÒ¢Íá˅§§Ò¹¢Í§Ȥ³",
        "AskedToMarry_Rejected_Female": "{0} »ůàÊ¸ĴÒ¢Íá˅§§Ò¹¢Í§Ȥ³",
        "GivenGift_Male": "{0} ÍÂÒ¡ã̋ {1} ¢Í§à¢ÒāºȤ³ Ȥ³¨Ðģºä̇ՁÂ?",
        "GivenGift_Female": "{0} ÍÂÒ¡ã̋ {1} ¢Í§à¸ÍāºȤ³ Ȥ³¨Ðģºä̇ՁÂ?",
        "AskToDance_Male": "¢Íã̋ {0} à˵¹œÒāºȤ³?",
        "AskToDance_Female": "¢Íã̋ {0} à˵¹œÒāºȤ³?",
        "AskToMarry_Male": "¢Íã̋ {0} á˅§§Ò¹āºȤ³?",
        "AskToMarry_Female": "¢Íã̋ {0} á˅§§Ò¹āºȤ³?",
        "PlayerWeddingArranged": "žƨá˅§§Ò¹¨ÐĈ´ע¹ã¹ 3 ħ¹",
        "Server_InviteCode": "ÃËÑÊàªÔ­: {0}",
        "Server_InviteCode_Copied": "¤Ñ´ÅÍ¡ä»ÂÑ§¤ÅÔ»ºÍÃì´áÅéÇ",
        "Server_InviteCode_CopyFailed": "¤Ñ´ÅÍ¡ä»ÂÑ§¤ÅÔ»ºÍÃì´äÁèä´é",
        "ProposalWithdrawn": "{0} Â¡àƅ¡ĴÒ¢Í",
        "PendingProposal_Canceling": "¡ÓÅÑ§Â¡àÅÔ¡¤Ó¢Í...",
        "CoopMenu_InternetCommunication": "Online Communication",
        "CoopMenu_LocalCommunication": "Local Communication",
        "TrashCanSale": "Reclaim",
        "ItemList_ItemsLost": "äÍàʗÁчɺ­ËÒÂ:",
        "ItemList_ItemsLostValue": "ɱÅʴÒԷ§ËÁ´: {0}g",
        "Collections_Letters": "¨´ËÁÒÂµèÒ§æ",
        "FruitTree_Warning": "µé¹ {0} ¢Í§¤Ø³äÁèÊÒÁÒÃ¶ âµä´éàÁ×èÍ¤×¹¹Õé",
        "Workbench_Chest_Warning": "One of the chests near the workbench is in use.",
        "Profile_GiftLog": "Ě¹Ǘ¡¢Í§¢ħ­",
        "Profile_GiftLog_NoGiftsGiven": "¤Ø³äÁèà¤ÂãËé¢Í§¢ÇÑ­»ÃÐàÀ·¹Õé",
        "Profile_Status": "Ê¶Ò¹Ð",
        "Profile_Birthday": "ħ¹àš´",
        "Profile_Gift_Loved": "¢Í§â»Ã´",
        "Profile_Gift_Liked": "¢Í§·ÕèªÍº",
        "Profile_Gift_Neutral": "¢Í§·Õèà©Âæ",
        "Profile_Gift_Disliked": "¢Í§·ÕèäÁèªÍº",
        "Profile_Gift_Hated": "¢Í§·Õèà¡ÅÕÂ´",
        "Profile_Gift_Category_LikedGifts": "¢Í§â»Ã´¢Í§ {0}",
        "Profile_Gift_Category_FruitsAndVegetables": "Ĝ¡áÅÐ¼Åä́",
        "Profile_Gift_Category_AnimalProduce": "¼ƅµĠ³΁¨Ò¡ĪµΗ",
        "Profile_Gift_Category_ArtisanItems": "¢Í§á»Ãɳ»",
        "Profile_Gift_Category_CookedItems": "ÍÒËÒÃч»Ƀ§",
        "Profile_Gift_Category_ForagedItems": "´Í¡ä́áÅÐ¢Í§ˋÒ",
        "Profile_Gift_Category_Fish": "»ÅÒ",
        "Profile_Gift_Category_Ingredients": "˚Ç¹»ÃÐ¡Íº",
        "Profile_Gift_Category_MineralsAndGems": "âÅËÐ á˓ áÅÐĭ­Áƣ",
        "Profile_Gift_Category_Misc": "ҽ¹æ",
        "Mini_JukeBox_Off": "»Ô´",
        "Mini_JukeBox_NotFarmPlay": "µÙéà¾Å§¨ÔëÇ àÅè¹ä´éã¹¿ÒÃìÁ¢Í§¤Ø³à·èÒ¹Ñé¹!",
        "Mini_JukeBox_OutdoorRainy": "µÙéà¾Å§¨ÔëÇ àÅè¹·èÒÁ¡ÅÒ§ÊÒÂ½¹äÁèä´é!",
        "Tailor_MissingIngredients": "ÇÒ§àÊ×éÍ¼éÒ ËÃ×Í¼éÒ·ÕèÂéÍÁä´éº¹°Ò¹ áÅÐãÊèÇÑµ¶Ø´Ôºã¹¡ÃÐÊÇÂ à¾×èÍàÃÔèÁµÑ´àÂçº",
        "Tailor_Busy": "¡ÓÅÑ§µÑ´àÂçº...",
        "Tailor_Valid": "¡´»ØèÁà»Ô´à¤Ã×èÍ§à¾×èÍàÃÔèÁµÑ´àÂçº!",
        "Tailor_InvalidRecipe": "ÇÑµ¶Ø´ÔºµÍ¹¹ÕéäÁè ÊÒÁÒÃ¶ãªéµÑ´àÂçºä´é!",
        "Tailor_NotDyeable": "àÊ×éÍ¼éÒ·ÕèÇÒ§äÇéº¹°Ò¹ äÁèÊÒÁÒÃ¶ÂéÍÁä´é!",
        "Tailor_MakeResult": "¤Ø³¨Ð·Ó:",
        "Tailor_MakeResultUnknown": "???",
        "Tailor_Feed": "°Ò¹",
        "Tailor_Spool": "¡ÃÐÊÇÂ",
        "Clothes_Dyeable": "ÂéÍÁä´é",
        "DyePot_Help": "ãÊèäÍà·çÁ¢Í§áµèÅÐÊÕ ã¹¶Ñ§ÊÕÂéÍÁà¾×èÍÂéÍÁàÊ×éÍ¼éÒ·Õè ÂéÍÁä´éªÔé¹ã´¡çä´é·Õè¤Ø³ãÊèÍÂÙè",
        "DyePot_CanDye": "¡´»ØèÁ ÂéÍÁ à¾×èÍÂéÍÁÊÕàÊ×éÍ¼éÒ¢Í§¤Ø³!",
        "DyePot_WillDye": "¨ÐÂéÍÁ:",
        "DyePot_NoDyeable": "Ȥ³äˑä˴ã˚àغÍ˼Òч̂ÍÁä˴",
        "Input_EmoteButton": "Ë¹éÒµèÒ§ÍÔâÁ¨Ô",
        "Emote_Happy": "Happy",
        "Emote_Sad": "Sad",
        "Emote_Heart": "Heart",
        "Emote_Exclamation": "Exclamation",
        "Emote_Note": "Note",
        "Emote_Sleep": "Sleep",
        "Emote_Game": "Game",
        "Emote_Question": "Question",
        "Emote_X": "X",
        "Emote_Pause": "Pause",
        "Emote_Blush": "Blush",
        "Emote_Angry": "Angry",
        "Emote_Yes": "Yes",
        "Emote_No": "No",
        "Emote_Sick": "Sick",
        "Emote_Laugh": "Laugh",
        "Emote_Surprised": "Surprised",
        "Emote_Hi": "Hi!",
        "Emote_Taunt": "Taunt",
        "Emote_Uh": "Uh",
        "Emote_Music": "Music",
        "Emote_Jar": "Jar",
        "Chat_SeparatedWallets": "{0} ä´éáÂ¡¡ÃÐà»ëÒ¡Ñ¹áÅéÇ ·Ø¡¤¹ä´é¤¹ÅÐ {1}g",
        "Chat_MergedWallets": "{0} ä´éÃÇÁà§Ô¹¢Í§·Ø¡¤¹äÇéáÅéÇ",
        "Chat_SentMoney": "{0} Êè§à§Ô¹ {2}g ãËé {1} ",
        "Chat_MergeWallets": "{0} àÊ¹ÍãËé·Ø¡¤¹ÃÇÁà§Ô¹¡Ñ¹",
        "Chat_MergeWalletsCancel": "{0} ä´éÂ¡àÅÔ¡¡ÒÃ ÃÇÁà§Ô¹¢Í§·Ø¡¤¹ äÇé´éÇÂ¡Ñ¹",
        "Chat_SeparateWallets": "{0} àÊ¹ÍãËé·Ø¡¤¹ áÂ¡à§Ô¹¡ÃÐà»ëÒã¤Ã¡ÃÐà»ëÒÁÑ¹",
        "Chat_SeparateWalletsCancel": "{0} ä´éÂ¡àÅÔ¡¡ÒÃáÂ¡à§Ô¹¡Ñ¹",
        "Chat_Gifted1mil": "{0} ä´éãËéà§Ô¹¤¹Í×è¹ä»áÅéÇÃÇÁ 1,000,000g »ëÒÁÒ¡!",
        "Chat_Gifted100k": "{0}  ä´éãËéà§Ô¹¤¹Í×è¹ä»áÅéÇÃÇÁ 100,000g äÁè¸ÃÃÁ´Ò!",
        "Chat_Gifted10k": "{0}  ä´éãËéà§Ô¹¤¹Í×è¹ä»áÅéÇÃÇÁ 10,000g",
        "Chat_Gifted1k": "{0}  ä´éãËéà§Ô¹¤Ø³ä»áÅéÇÃÇÁ 1,000g ",
        "Chat_Sent1g": "{0} ãËéà§Ô¹ {1} 1g... áºè§ãªéºéÒ§¡ç´Õ¹Ð!",
        "Chat_SoloEarned1mil_Male": "{0} ·Óà§Ô¹ 1,000,000g ´éÇÂµÑÇà¢ÒàÍ§",
        "Chat_SoloEarned100k_Male": "{0} ·Óà§Ô¹ 100,000g ´éÇÂµÑÇà¢ÒàÍ§",
        "Chat_SoloEarned10k_Male": "{0} ·Óà§Ô¹ 10,000g ´éÇÂµÑÇà¢ÒàÍ§",
        "Chat_SoloEarned1k_Male": "{0} ·Óà§Ô¹ 1,000g ´éÇÂµÑÇà¢ÒàÍ§",
        "Chat_SoloEarned1mil_Female": "{0} ·Óà§Ô¹ 1,000,000g ´éÇÂµÑÇà¸ÍàÍ§",
        "Chat_SoloEarned100k_Female": "{0} ·Óà§Ô¹ 100,000g ´éÇÂµÑÇà¸ÍàÍ§",
        "Chat_SoloEarned10k_Female": "{0} ·Óà§Ô¹ 10,000g ´éÇÂµÑÇà¸ÍàÍ§",
        "Chat_SoloEarned1k_Female": "{0} ·Óà§Ô¹ 1,000g ´éÇÂµÑÇà¸ÍàÍ§",
        "Chat_BundleDonate": "{0} ºÃÔ¨Ò¤ '{1}' à¢éÒºÑ¹à´ÔéÅ",
        "Chat_MonsterSlayer0": "{0} à¾Ôè§ºÃÃÅØà»éÒËÁÒÂ ¡Ó¨Ñ´ÁÍ¹ÊàµÍÃìãËé ÊÔé¹«Ò¡´éÇÂ¡ÒÃÊÑ§ËÒÃ {1}",
        "Chat_MonsterSlayer1": "{0} à¾Ôè§ÊÑ§ËÒÃ {1} áÅÐÁÒÃìÅÍ¹¾Ö§¾Íã¨ÁÒ¡",
        "Chat_MonsterSlayer2": "{0} ·ÓãËéËØºà¢ÒÂÑ§»ÅÍ´ÀÑÂ ´éÇÂ¡ÒÃÊÑ§ËÒÃ {1}",
        "Chat_MonsterSlayer3": "{0} Å´¨Ó¹Ç¹»ÃÐªÒ¡Ã¢Í§ {1} ã¹·éÍ§¶Ôè¹ áÅÐ·Ø¡¤¹ÃÙéÊÖ¡»ÅÍ´ÀÑÂ ¢Öé¹ÁÒ¹Ô´¹Ö§!",
        "Chat_IridiumToolUpgrade": "{0} ä´éÃÑº {1}",
        "Chat_LuauSoup": "{0} ãÊè '{1}' Å§ä»ã¹ËÁéÍ«Ø»",
        "Chat_JunimoKartHighScore": "{0} à¾Ôè§ä´é '¤Ðá¹¹ÊÙ§ÊØ´' ãËÁèã¹¨Ù¹ÔâÁè¤ÒÃìµ!",
        "Junimo_Kart_Level_0": "Crumble Cavern",
        "Junimo_Kart_Level_1": "Slippery Slopes",
        "Junimo_Kart_Level_4": "Red Hot Rollercoaster",
        "Junimo_Kart_Level_2": "The Gem Sea Giant",
        "Junimo_Kart_Level_3": "Ghastly Galleon",
        "Junimo_Kart_Level_5": "Slomp's Stomp",
        "Junimo_Kart_Level_6": "Sunset Speedway",
        "Junimo_Kart_Level_8": "???",
        "Junimo_Kart_Level_9": "Glowshroom Grotto",
        "NPC_Busy": "{0} is busy right now...",
        "PondQuery_Name": "ºèÍàÅÕéÂ§ {0}",
        "PondQuery_EmptyPond": "ÅéÒ§ºèÍ",
        "PondQuery_ConfirmEmpty": "¤Ø³á¹èã¨ËÃ×ÍäÁèÇèÒ µéÍ§¡ÒÃÅº»ÅÒ·Ñé§ËÁ´ áÅÐ¹ÓºèÍ¡ÅÑºÊÙèÊ¶Ò¹Ðà´ÔÁ?",
        "PondQuery_ChangeNetting": "à»ÅÕèÂ¹ÅÑ¡É³Ð",
        "PondQuery_Population": "¨Ó¹Ç¹: {0}/{1}",
        "PondQuery_StatusNoFish": "ºèÍ¹ÕéÇèÒ§à»ÅèÒ...",
        "PondQuery_StatusOk0": "\"¾Ç¡àÃÒÊºÒÂ´Õ!\"",
        "PondQuery_StatusOk1": "\"äÁèÁÕÍÐäÃ¨Ðºè¹!\"",
        "PondQuery_StatusOk2": "\"·Ø¡ÍÂèÒ§âÍà¤!\"",
        "PondQuery_StatusOk3": "\"àÃÒÃÙéÊÖ¡´Õ·Õà´ÕÂÇ!\"",
        "PondQuery_StatusOk4": "\"àÃÒÃÙéÊÖ¡á¢ç§áÃ§´Õ!\"",
        "PondQuery_StatusOk5": "àËÅèÒ»ÅÒ´ÙÁÕ¤ÇÒÁÊØ¢´Õ",
        "PondQuery_StatusOk6": "»ÅÒ´ÙàËÁ×Í¹¨ÐàµÔºâµ¢Õé¹",
        "PondQuery_StatusOk_Coral": "àËÅèÒ {0} àÃÕÂºÃéÍÂ´Õ",
        "PondQuery_StatusRequest_Bring": "µéÍ§¡ÒÃäÍà·Á",
        "PondQuery_StatusRequestPending0": "\"ÃÙéäËÁ {0} ¤§·ÓãËéá¶Ç¹ÕéÁÕªÕÇÔµªÕÇÒ¢Öé¹!\"",
        "PondQuery_StatusRequestPending1": "\"¨ÐäÁèÃº¡Ç¹à¸ÍãªèäËÁ... ªèÇÂàÍÒ {0} ÁÒãËé¾Ç¡àÃÒË¹èÍÂä´éÁÑéÂ?\"",
        "PondQuery_StatusRequestPending2": "\"¾Ç¡àÃÒ¤§ÊºÒÂã¨¢Öé¹¶éÒÁÕ {0} ã¹¹Õé\"",
        "PondQuery_StatusRequestPending3": "\"ÁÕàÃ×èÍ§¨ÐÃº¡Ç¹ÅèÐ... ªèÇÂàÍÒ {0} ãËé¾Ç¡àÃÒä´éÁÑéÂ??\"",
        "PondQuery_StatusRequestPending4": "\"¾Ç¡àÃÒÊºÒÂ´Õ áµè¤§´Õ¢Öé¹¶éÒÁÕ {0}...\"",
        "PondQuery_StatusRequestPending5": "\"¢Íâ·É¹Ð... ¾Ç¡àÃÒÍÂÒ¡¢Í {0}\"",
        "PondQuery_StatusRequestPending6": "\"¾Ç¡àÃÒ¤§ÃÙéÊÖ¡àËÁ×Í¹ÍÂÙèºéÒ¹ ÁÒ¡¢Öé¹¶éÒÁÕ {0}...\"",
        "PondQuery_StatusRequestPending_Rude0_Male": "\"ä§ à¨éÒ·ÖèÁ ¤Ô´ÇèÒàÍÒ {0} ãËé¾Ç¡àÃÒä´é»èÒÇ?\"",
        "PondQuery_StatusRequestPending_Rude1_Male": "\"àÎéÂ... ¤¹ãªé! àÍÒ {0} ãËéàÃÒË¹èÍÂÊÔ?\"",
        "PondQuery_StatusRequestPending_Rude2_Male": "\"¹Õèæ... ÊÇÑÊ´Õ à¾×èÍ¹... ªèÇÂÊè§ {0} ãËé¾Ç¡àÃÒË¹èÍÂä´éÁÑéÂ?\"",
        "PondQuery_StatusRequestPending_Rude0_Female": "\"ä§ ¤¹¾à¹¨Ã ¤Ô´ÇèÒËÒ {0} ãËé¾Ç¡àÃÒË¹èÍÂä´éÁÑéÂ?\"",
        "PondQuery_StatusRequestPending_Rude1_Female": "\"ä§ ¤¹ÊÇÂ... à¸ÍÁÕ {0} ãËé¾Ç¡¾ÕèºéÒ§»èÒÇ?\"",
        "PondQuery_StatusRequestPending_Rude2_Female": "\"¹Õè... áÍºàÍÒ {0} ÁÒãËéáººÅÑºæ ä´éÁÐ?\"",
        "PondQuery_StatusRequestPending_Demanding0": "\"{2}! {2}! àÃÒµéÍ§¡ÒÃ {0}...!\"",
        "PondQuery_StatusRequestPending_Demanding1": "\"àÃÒÍÂÒ¡ä´é {0}! àÃÒÍÂÒ¡ä´é {0}!\"",
        "PondQuery_StatusRequestPending_Demanding2": "\"{2} ÍÂÙèäË¹? ¾Ç¡àÃÒ¨ÐàÍÒ {0}!\"",
        "PondQuery_StatusRequestPending_Stiff0": "\"¾Ç¡àÃÒµéÍ§¡ÒÃ {0}...\"",
        "PondQuery_StatusRequestPending_Stiff1": "\"{0} ¨Ð·ÓãËéàÃÒÊÒÁÒÃ¶ÊÃéÒ§ »ÃÐªÒ¡Ãà¾ÔèÁä´é\"",
        "PondQuery_StatusRequestPending_Stiff2": "\"¾Ç¡àÃÒµÑ´ÊÔ¹ã¨áÅéÇÇèÒµéÍ§¡ÒÃ {0}\"",
        "PondQuery_StatusRequestPending_Carnivore0": "\"àÃÒËÔÇ... ¢Í {0} Ë¹èÍÂä´é»èÒÇ?\"",
        "PondQuery_StatusRequestPending_Carnivore1": "\"ªèÇÂËÒ {0} à»ç¹ÍÒËÒÃÁ×éÍàÂç¹ ãËé¾Ç¡àÃÒË¹èÍÂä´éÁÑéÂ?\"",
        "PondQuery_StatusRequestPending_Carnivore2": "\"¾Ç¡àÃÒµéÍ§¡ÒÃâ»ÃµÕ¹... {0} ¹èÒ¨Ðä´é¹Ð!\"",
        "PondQuery_StatusRequestComplete_Rude0": "\"àË àÎè àÎé! ¾Ç¡àÃÒµéÍ§à¨Ã¨Ò¡Ñ¹Ë¹èÍÂáÅéÇ\"",
        "PondQuery_StatusRequestComplete_Rude1": "\"ÍéÒ... ¢Í§´ÕàÅÂ¹Õè ã¨¹ÐäÍéË¹Ù\"",
        "PondQuery_StatusRequestComplete_Rude2": "\"¢Íº¤Ø³¤ÃÑºà¨éÒ¹ÒÂ!\"",
        "PondQuery_StatusRequestComplete_Stiff0": "\"ÍÒ... {0} ·Õè¾Ç¡àÃÒ¢Íä»\"",
        "PondQuery_StatusRequestComplete_Stiff1": "\"{0} ¹Õèà»ç¹·Õè¹èÒ¾Íã¨ ÊÓËÃÑº¤ÇÒÁµéÍ§¡ÒÃ¢Í§àÃÒ\"",
        "PondQuery_StatusRequestComplete_Stiff2": "»ÅÒ´Ù¾Íã¨¡Ñº {0}",
        "PondQuery_StatusRequestComplete_Demanding0": "\"¢Íº¤Ø³! ¢Íº¤Ø³!\"",
        "PondQuery_StatusRequestComplete_Demanding1": "\"{0}! {0}! {0}! àÃÒÁÕ¤ÇÒÁÊØ¢¨Ñ§!\"",
        "PondQuery_StatusRequestComplete_Demanding2": "¾Ç¡»ÅÒÁÑ¹ÇèÒÂÇ¹à»ç¹Ç§¡ÅÁÍÂÙè",
        "PondQuery_StatusRequestComplete_Carnivore0": "\"´ÙàËÁ×Í¹ {0} ¨ÐÍÂÙèº¹ÃÒÂ¡ÒÃÍÒËÒÃ¤×¹¹Õé¹Ð!\"",
        "PondQuery_StatusRequestComplete_Carnivore1": "\"{0} Ê´æ! ÅÒÀ»Ò¡ÅÐ...\"",
        "PondQuery_StatusRequestComplete_Carnivore2": "\"{0} ¹Õè´Ù¹èÒÍÃèÍÂ¨Ñ§ ¢Íºã¨¹Ð!\"",
        "PondQuery_StatusRequestComplete0": "\"âÍéâË ¢Íº¤Ø³ÊÓËÃÑº {0} ¹Ð!\"",
        "PondQuery_StatusRequestComplete1": "\"àÎé ´ÙÊÔ¹ÕèÁÑ¹ {0} ÍÂèÒ§·Õè¾Ç¡àÃÒµéÍ§¡ÒÃàÅÂ!\"",
        "PondQuery_StatusRequestComplete2": "\"àÎé! {0} ¹Õè´Ù´Õ·Õà´ÕÂÇÅÐ!\"",
        "PondQuery_StatusRequestComplete3": "\"¢Íº¤Ø³¹Ð! {0} ¹Õè¨Ð·ÓãËé¾Ç¡àÃÒá¢ç§áÃ§\"",
        "PondQuery_StatusRequestComplete4": "\"ÍÒ {0}... ¹Õè·ÓãËé¾Ç¡àÃÒ ÃÙéÊÖ¡àËÁ×Í¹ÍÂÙè·ÕèºéÒ¹¨ÃÔ§æ\"",
        "PondQuery_StatusRequestComplete5": "\"·Ø¡¤¹´Ù¹ÕèÊÔ... {0} Ê´æÅèÐ!\"",
        "PondQuery_StatusRequestComplete6": "à¨éÒ»ÅÒ´ÙÁÕ¤ÇÒÁÊØ¢",
        "PondQuery_StatusRequestOneCount": "ºÒ§ÊèÇ¹",
        "AlreadyDatingBouquet": "Ȥ³à´µāº {0} ÍԒá̅Ç",
        "MovieStartRequest": "Ë¹Ñ§¡ÓÅÑ§¨ÐàÃÔèÁ©ÒÂáÅéÇ!",
        "MiniFridge_NoKitchen": "µÙéàÂç¹¨ÔëÇÇÒ§ä´éã¹ºéÒ¹·ÕèÁÕ¤ÃÑÇà·èÒ¹Ñé¹",
        "Kitchen_InUse": "¤ÃÑÇ¶Ù¡ãªéÍÂÙè â»Ã´ÅÍ§ÍÕ¡¤ÃÑé§ã¹ÀÒÂËÅÑ§",
        "ItemGrab_FillStacks": "à¾ÔèÁä»ÂÑ§¡Í§·ÕèÁÕÍÂÙèáÅéÇ",
        "OptionsPage_OpenFolder": "à»Ô´â¿Åà´ÍÃì»ÅÒÂ·Ò§",
        "Calendar_Wedding": "§Ò¹áµè§§Ò¹¢Í§ {0} áÅÐ {1}",
        "Options_Vsync": "VSync",
        "VersionMismatch": "àÇÍÃìªÑ¹äÁèà¢éÒ¡Ñ¹ ({0})",
        "Options_GamepadMode": "âËÁ´ Gamepad",
        "Options_GamepadMode_Auto": "µÃÇ¨¨Ñº-ÍÑµâ¹ÁÑµÔ",
        "Options_GamepadMode_ForceOn": "ºÑ§¤Ñºà»Ô´",
        "Options_GamepadMode_ForceOff": "ºÑ§¤Ñº»Ô´",
        "AGO_Label": "¡ÒÃԵ§ʴÒԢ¹ɺ§:",
        "AGO_CCB": "ºÑ¹à´ÔéÅã¹ÈÙ¹ÂìªØÁª¹:",
        "AGO_CCB_Tooltip": "ãËéãÊè¢Í§·Õè¡ÓË¹´ Å§ä»ã¹ªØ´ºÑ¹à´ÔéÅ «Öè§ÇÒ§ÍÂÙèµÒÁ¨Ø´µèÒ§ æ ã¹ÈÙ¹ÂìªØÁª¹",
        "AGO_CCB_Normal": "áºº¸ÃÃÁ´Ò",
        "AGO_CCB_Remixed": "áººÊØèÁ",
        "AGO_Year1Completable": "¡ÒÃÑ¹µÕÇèÒ ÊÒÁÒÃ¶·ÓàÊÃç¨ÊÁºÙÃ³ì ä´éÀÒÂã¹ã¹»Õ·Õè 1",
        "AGO_Year1Completable_Tooltip": "·ÓãËéá¹èã¨ÇèÒ áÁè¤éÒËÁÙ¨ÐÁÕàÁÅç´ ¡ÐËÅèÓ»ÅÕá´§ ¢ÒÂã¹ÃÐËÇèÒ§ªèÇ§»ÕáÃ¡",
        "AGO_MineTreasureShuffle": "ÃÒ§ÇÑÅã¹àËÁ×Í§:",
        "AGO_MineTreasureShuffle_Tooltip": "»ÃÑºà»ÅÕèÂ¹¢Í§ÃÒ§ÇÑÅ ·ÕèÍÂÙèÀÒÂã¹àËÁ×Í§",
        "AGO_FarmMonsters": "·ÓãËéÁÍ¹ÊàµÍÃì à¡Ô´¢Öé¹ã¹¿ÒÃìÁ",
        "AGO_FarmMonsters_Tooltip": "Í¹Ø­ÒµãËéÁÍ¹ÊàµÍÃì à¡Ô´¢Öé¹ÁÒã¹µÍ¹¡ÅÒ§¤×¹",
        "AGO_ProfitMargin_Tooltip": "»ÃÑºà»ÅÕèÂ¹¡ÒÃ¤Ó¹Ç³ ÃÒ¤Ò¢ÒÂ¢Í§äÍà·Á",
        "AGO_MPOptions_Label": "ĕÇàȕÍ¡ڌà˕¹ËÅÒÂ¤¹:",
        "AGO_StartingCabins_Tooltip": "¨Ó¹Ç¹¢Í§ºéÒ¹µÍ¹àÃÔèÁµé¹",
        "AGO_OtherOptions_Label": "ĕÇàȕÍ¡ҽ¹æ:",
        "AGO_CabinLayout_Tooltip": "·ÓãËé¡ÓË¹´ÃÐÂÐã¡Åé ä¡Å¢Í§ºéÒ¹áµèÅÐËÅÑ§",
        "AGO_RandomSeed": "ÊØèÁàÁÅç´¾Ñ¹¸Øì:",
        "AGO_RandomSeed_Tooltip": "àÁÅç´¾Ñ¹¸Øì·ÕèãªéÊØèÁâÅ¡¢Í§à¡Á",
        "Options_SlingshotMode": "ÃÐºº¡ÒÃÂÔ§ Ë¹Ñ§ÊµÔê¡",
        "Options_SlingshotMode_Hold": "¡´¤éÒ§äÇé áÅéÇ»ÅèÍÂ",
        "Options_SlingshotMode_Pull": "´Ö§ä»ã¹·ÔÈ·Ò§ ·ÕèµÃ§¡Ñ¹¢éÒÁ",
        "Bed_InUse": "äÁèÊÒÁÒÃ¶à¤Å×èÍ¹ÂéÒÂàµÕÂ§ ·Õè¡ÓÅÑ§ãªé§Ò¹ä´é",
        "Bed_CantMoveOthersBeds": "äÁèÊÒÁÒÃ¶ÂéÒÂàµÕÂ§ ä»ºéÒ¹¢Í§¼ÙéàÅè¹Í×è¹",
        "Bed_NeedsUpgrade": "äÁèÊÒÁÒÃ¶ÇÒ§àµÕÂ§ »ÃÐàÀ·µèÒ§ æ ä´éËÒ¡äÁèÍÑ»à¡Ã´ºéÒ¹",
        "Chat_LobbyLost": "µÑ´¡ÒÃàª×èÍÁµèÍ¨Ò¡ à«Ê«Ñè¹¢Í§à¡Á {0}",
        "Chat_LobbyLost_UserLeft": "(¼ÙéàÅè¹ÍÍ¡¨Ò¡à«Ê«Ñè¹)",
        "Chat_LobbyLost_LobbyClosed": "(»Ô´à«Ê«Ñè¹Å§áÅéÇ)",
        "Chat_LobbyLost_ConnectionLost": "(¢Ò´¡ÒÃàª×èÍÁµèÍ ¨Ò¡à«ÔÃì¿àÇÍÃì)",
        "Chat_LobbyJoined": "àª×èÍÁµèÍà¢éÒ à«Ê«Ñè¹à¡Á {0}",
        "Chat_LobbyRecreated": "ÊÃéÒ§à«Ê«Ñè¹à¡ÁãËÁè {0}",
        "Chat_LobbyJoined_InviteCode": "(ÃËÑÊàªÔ­: {0})",
        "Chat_LobbyCreateFail": "äÁèÊÒÁÒÃ¶ÊÃéÒ§à«Ê«Ñè¹à¡Áä´é ÅÍ§ãËÁèÍÕ¡¤ÃÑé§...",
        "Chat_StartingServer": "µÍ¹¹Õé¤Ø³¤×ÍâÎÊµì ¢Í§à¡Á¹ÕéáÅéÇ",
        "Chat_DisablingServer": "¤Ø³äÁèãªèâÎÊµì ¢Í§à¡Á¹ÕéáÅéÇ",
        "Farmhand_Locked": "µÑÇÅÐ¤Ã¹Õéà»ç¹ ¢Í§¼ÙéàÅè¹¤¹Í×è¹",
        "Forge_InsufficientCinderShards": "¤Ø³ÁÕ¼ÅÖ¡ÅÒÇÒ (Cinder Shards) äÁèà¾ÕÂ§¾Í",
        "Forge_Unforge": "äÁèÊÓà¹Ò",
        "Item_Tooltip_Forged": "ÊÓà¹Ò",
        "LocalJoinPrompt": "¡´»ØèÁ * à¾×èÍÃèÇÁà¡Á",
        "StartLocalMulti": "àÃÔèÁà«ÔÃì¿àÇÍÃì·éÍ§¶Ôè¹",
        "DropOutLocalMulti": "ÍÍ¡¨Ò¡à¡Á",
        "ChooseOne": "àȕÍ¡àƮÂ§Ëѹ§Í˒Ò§:",
        "Carpenter_PaintBuildings": "·ÒÊÕÊÔè§¡èÍÊÃéÒ§",
        "Carpenter_CannotPaint": "äÁèÊÒÁÒÃ¶·ÒÊÕ ãËéÊÔè§¡èÍÊÃéÒ§¹Õéä´é",
        "Carpenter_CannotPaint_Permission": "¤Ø³äÁèä´éÃÑºÍ¹Ø­Òµ ãËé·ÒÊÕÊÔè§¡èÍÊÃéÒ§¹Õé",
        "Carpenter_SelectBuilding_Paint": "àȕÍ¡Ъ§ʱÍỄÒ§ч¨Ð·Òƺ",
        "GameMenu_MoveBuildingPermissions": "¡ÒÃãªéâËÁ´ ÂéÒÂÊÔè§¡èÍÊÃéÒ§",
        "GameMenu_MoveBuildingPermissions_Off": "âÎÊµìà·èÒ¹Ñé¹",
        "GameMenu_MoveBuildingPermissions_Owned": "à¨éÒ¢Í§ÊÔè§¡èÍÊÃéÒ§ à¾ÕÂ§à·èÒ¹Ñé¹",
        "GameMenu_MoveBuildingPermissions_On": "·Ø¡ æ ¤¹",
        "Character_FarmBeach": "Beach Farm_(¿ÒÃìÁªÒÂËÒ´) àËÁÒÐÊÓËÃÑº¤é¹ËÒ¢Í§»èÒáÅÐµ¡»ÅÒ á¶ÁÂÑ§ÁÕ¾×é¹·Õèà»Ô´âÅè§ÍÂèÒ§¡ÇéÒ§¢ÇÒ§ ºÒ§·Õ¡çÁÕ¡ÅèÍ§àÊºÕÂ§¶Ù¡¾Ñ´ÁÒà¡Â·ÕèªÒÂ½Ñè§ áµè·ÇèÒÊ»ÃÔ§à¡ÍÃì¨ÐäÁèÊÒÁÒÃ¶·Ó§Ò¹ º¹¾×é¹·ÃÒÂä´é",
        "Forge_enchanting": "ªÇ¹ÁÍ§ÍÐäÃàÊÕÂÍÂèÒ§¹Õé...",
        "Forge_forging": "¡ÓÅÑ§àÊÒ¹Ó...",
        "Forge_description1": "ÇÒ§ÍØ»¡Ã³ì ËÃ×ÍÍÒÇØ¸µèÒ§ æ äÇéÊÅçÍµ½Ñè§«éÒÂ áÅÐÇÒ§áÃèµèÒ§ æ äÇéÊÅçÍµ½Ñè§¢ÇÒ",
        "Forge_description2": "¤Ø³ÂÑ§àÍÒáËÇ¹ÊÍ§Ç§ ÁÒÃÇÁ¡Ñ¹ä´é´éÇÂ¹Ð",
        "Forge_shards": "ÊÐà¡ç´áÁç¡ÁèÒ (Cinder shards) ¨Ð¶Ù¡ãªéä»â´ÂÍÑµâ¹ÁÑµÔ àÁ×èÍ¡´ãªé¤ÓÊÑè§ÊÓà¹Ò",
        "Forge_notenoughshards": "ÁÕÊÐà¡ç´áÁç¡ÁèÒ (Cinder Shards) äÁèà¾ÕÂ§¾Í...",
        "Forge_wrongorder": "¤ÓÊÑè§äÁè¶Ù¡µéÍ§",
        "Forge_noroom": "äÁèÁÕ·ÕèÇèÒ§ã¹ªèÍ§à¡çº¢Í§...",
        "Forge_unforge_right_slot": "·ÓªèÍ§ÊÅçÍµ½Ñè§¢ÇÒ ãËéÇèÒ§à¾ÔèÁàÃÔèÁ¢Ñé¹µÍ¹...",
        "Forge_unforge_invalid": "ÁÕà©¾ÒÐäÍà·Á·ÕèÊÓà¹Ò ËÃ×ÍáËÇ¹ÊÍ§Ç§·ÕèÃÇÁ¡Ñ¹ ÊÒÁÒÃ¶¹ÓÁÒáÂ¡ãËÁèä´é...",
        "Forge_valid": "¡´»ØèÁà»×´ / »Ô´ à¾×èÍàÃÔèÁ¢Ñé¹µÍ¹!",
        "Chat_BuildingBuild": "{0} ä´éÃéÍ§¢ÍãËéÊÃéÒ§ {2}!",
        "Chat_BuildingMagicBuild": "{0} ä´é«ÑÁÁèÍ¹ {2} ¢Öé¹ÁÒ!",
        "Chat_HouseUpgrade": "{0} ä´éÃÑº¡ÒÃÃéÍ§¢Í ãËé¡èÍÊÃéÒ§ºéÒ¹{1} !",
        "Chat_CommunityUpgrade": "{0} ä´éÃÑº¡ÒÃÃéÍ§¢Í ãËé¾Ñ²¹ÒÈÙ¹Âì¡ÅÒ§ªØÁª¹!",
        "Chat_AcceptedSpecialOrder": "{0} ÂÍÁÃÑº¤Ó¢Í¾ÔàÈÉ '{1}'!",
        "Chat_CompletedSpecialOrder": "¤Ó¢Í¾ÔàÈÉ '{0}' ä´éÊÓàÃç¨Å§áÅéÇ!",
        "Chat_DartsWin": "{0} ª¹Ðà¡Á»Òà»éÒá¤èã¹ {1} ¤ÃÑé§!",
        "Chat_DartsWinPerfect": "{0} ª¹Ðà¡Á»Òà»éÒáºº¢Ò´ÅÍÂ!",
        "Darts_OffTheIsland": "ÍÍ¡¨Ò¡à¡ÒÐ...",
        "Darts_Bull": "àǱÍºá̅Ç!",
        "Darts_Bullseye": "àˢÒà˻Ò!",
        "Darts_PointsToGo": "{0} ıÒĥ§àУÁ",
        "Darts_PointToGo": "{0} ã¡̅¨Ðǖ§à˻ÒËÁÒÂá̅Ç",
        "Darts_WinText": "Ȥ³ª¹Ðá̅Ç {0} »ÒŮËÒƃΒ!",
        "Darts_WinTextPerfect": "à¾ÍΓà¿¡΅ä»àÅÂ!",
        "Chat_FieldOfficeDonation": "{0} ä´éºÃÔ¨Ò¤ {1} ãËéÊÓ¹Ñ¡§Ò¹à¢µº¹à¡ÒÐ",
        "Chat_RepairBoatAnchor": "{0} ä´é«èÍÁÊÁÍàÃ×Í¢Í§ÇÔÅÅÕè àÃÕÂºÃéÍÂáÅéÇ!",
        "Chat_RepairBoatHull": "{0} ä´é«èÍÁµÑÇàÃ×Í¢Í§ÇÔÅÅÕè àÃÕÂºÃéÍÂáÅéÇ!",
        "Chat_RepairBoatMachine": "{0} ä´é«èÍÁà¤Ã×èÍ§¢ÒÂµÑëÇ àÃÕÂºÃéÍÂáÅéÇ!",
        "Chat_RepairBoat": "àµÃÕÂÁ«èÍÁàÃ×Í¢Í§ÇÔÅÅÕè àÊÃç¨àÃÕÂºÃéÍÂáÅéÇ!",
        "Chat_UpgradePerch_House": "{0} ¶ÒÁ¹¡á¡éÇà¡ÕèÂÇ¡Ñº ¡ÒÃ¿×é¹¿ÙºéÒ¹º¹à¡ÒÐ!",
        "Chat_UpgradePerch_House_Mailbox": "{0} ¶ÒÁ¹¡á¡éÇà¡ÕèÂÇ¡Ñº ¡ÒÃàÃÔèÁÊè§¨´ËÁÒÂä»·Õèà¡ÒÐ!",
        "Chat_UpgradePerch_VolcanoShortcutOut": "{0} ¶ÒÁ¹¡á¡éÇà¡ÕèÂÇ¡Ñº ·Ò§ÅÑ´ÍÍ¡¨Ò¡ÀÙà¢Òä¿!",
        "Chat_UpgradePerch_VolcanoBridge": "{0} ¶ÒÁ¹¡á¡éÇà¡ÕèÂÇ¡Ñº ¡ÒÃÊÃéÒ§ÊÐ¾Ò¹ã¹ÀÙà¢Òä¿!",
        "Chat_UpgradePerch_Turtle": "{0} ¶ÒÁ¹¡á¡éÇà¡ÕèÂÇ¡Ñº ¡ÒÃà¤ÅÕÂÃìàÊé¹·Ò§ä»ÂÑ§ ½Ñè§µÐÇÑ¹µ¡¢Í§à¡ÒÐ!",
        "Chat_UpgradePerch_ParrotPlatforms": "{0} ¶ÒÁ¹¡á¡éÇà¡ÕèÂÇ¡Ñº ¡ÒÃ·ÓÃÐºº¹¡á¡éÇ¢¹Êè§ (Parrot Express)!",
        "Chat_UpgradePerch_Bridge": "{0} ¶ÒÁ¹¡á¡éÇà¡ÕèÂÇ¡Ñº ¡ÒÃÊÃéÒ§ÊÐ¾Ò¹ã¡Åé æ ¡Ñºàµç¹·ì!",
        "Chat_UpgradePerch_Resort": "{0} ¶ÒÁ¹¡á¡éÇà¡ÕèÂÇ¡Ñº ¡ÒÃ¿×é¹¿ÙÃÕÊÍÃì·¢Öé¹ÁÒ!",
        "Chat_UpgradePerch_Hut": "{0} ä´éãËéÇÍÅ¹Ñ·¡Ñº¹¡á¡éÇ!",
        "UpgradePerch_Hut": "*á¡̇¡*... ÇÍÅę·! *á¡̇¡*... ã̋àËÃÍ?",
        "UpgradePerch_Resort": "*á¡̇¡*... {0} ÇÍÅę·! *á¡̇¡*...  ỄÒ§ƳÊÍΓ·!",
        "UpgradePerch_House": "*á¡̇¡*... {0} ÇÍÅę·! *á¡̇¡*... ʻÍÁ¡ÃÐˇÍÁĞ¡ˌÍ¹!",
        "UpgradePerch_House_Mailbox": "*á¡̇¡*... {0} ÇÍÅę·! *á¡̇¡*... ˚§¨´ËÁÒÂ!",
        "UpgradePerch_VolcanoShortcutOut": "*á¡̇¡*... {0} ÇÍÅę·! *á¡̇¡*... ÍÍ¡¨Ò¡·Ò§ĥ´!",
        "UpgradePerch_VolcanoBridge": "*á¡̇¡*... {0} ÇÍÅę·! *á¡̇¡*... ỄÒ§ÊÐ¾Ò¹!",
        "UpgradePerch_Turtle": "*á¡̇¡*... {0} ÇÍÅę·! *á¡̇¡*... »Ʌ¡à˨Òà˅Òι¹ע¹ÁÒ!",
        "UpgradePerch_ParrotPlatforms": "*á¡̇¡*... {0} ÇÍÅę·! *á¡̇¡*... ŇÒÃÐºº¹¡áˡÇ¢¹˚§ (Parrot Express)!",
        "UpgradePerch_Bridge": "*á¡̇¡*... {0} ÇÍÅę·! *á¡̇¡*... ʻÍÁÊÐ¾Ò¹!",
        "ItemHover_DiamondForge_Singular": "+{0} ÊØèÁªÔé¹à´ÕÂÇ",
        "ItemHover_DiamondForge_Plural": "+{0} ÊØèÁËÅÒÂªÔé¹",
        "UpgradePerch_Trader": "*á¡̇¡*... {0} ÇÍÅę·! *á¡̇¡*... ỄÒ§¡ÃÐˇÍÁ̃Ò¹ˤÒº¹à¡ÒÐ (island trading hut)!",
        "UpgradePerch_Obelisk": "*á¡̇¡*... {0} ÇÍÅę·! *á¡̇¡*... ỄÒ§àÊÒÇÒΓ» (Warb Obelisk)!",
        "Chat_UpgradePerch_Trader": "{0} ä´é¶ÒÁ¹¡á¡éÇà¡ÕèÂÇ¡Ñº ¡ÃÐ·èÍÁÃéÒ¹¤éÒº¹à¡ÒÐ (island trading hut)!",
        "Chat_UpgradePerch_Obelisk": "{0} ä´é¶ÒÁ¹¡á¡éÇà¡ÕèÂÇ¡Ñº ¡ÒÃÊÃéÒ§àÊÒÇÒÃì»ä»ÂÑ§¿¿ÒÃìÁ (Farm Obelisk)!",
        "Chat_FieldOfficeCompleteSet": "{0} ÃÇºÃÇÁªÔé¹ÊèÇ¹µèÒ§ æ º¹à¡ÒÐÊÓàÃç¨áÅéÇ!",
        "Chat_PassedOut_VolcanoDungeon": "{0} ËÅÑºÍÂÙè·ÕèÀÙà¢Òä¿µÅÍ´¤×¹...",
        "Chat_PassedOut_Hospital": "{0} ãªéàÇÅÒ·Ñé§¤×¹ä» à¾×èÍÍÂÙèã¹âÃ§¾ÂÒºÒÅ",
        "Chat_PassedOut_Saloon": "{0} à¼ÅÍËÅÑºã¹«ÒÅÙ¹",
        "Chat_PassedOut_Tent": "{0} à¼ÅÍËÅÑºã¹àµç¹·ì¢Í§ÅÕ¹ÑÊ",
        "Chat_PassedOut_Sewer": "{0} §ÕºËÅÑºã¹·èÍÃÐºÒÂ¹éÓ",
        "Chat_StockList": "µÍ¹¹Õé»ÔáÍÃì ¢ÒÂàÁÅç´¾Ñ¹¸Øì¨Ò¡·Ø¡ æ Ä´Ù¡ÒÅáÅéÇ",
        "Chat_FinishedSurvey": "{0} ·Ó¡ÒÃÊÓÃÇ¨ÊÔè§ÁÕªÔµ ·ÕèÍÂÙèº¹à¡ÒÐ¹Õé",
        "Chat_HardModeMinesActivated": "{0} ä´é¹Ó µÃÒ¼¹Ö¡¨ÍÁàÇ·ÂìâºÃÒ³ (ancient magi-seal of protection) ã¹àËÁ×Í§ÍÍ¡áÅéÇ ¤×¹¹Õé¨ÐÁÕÁÍ¹ÊàµÍÃì ·Õè·Ã§¾ÅÑ§ÁÒ¡ æ ¢Öé¹ÁÒ¨Ò¡¡é¹ºÖé§ÊÙèâÅ¡ãº¹Õé...",
        "Chat_HardModeMinesDeactivated": "{0} ä´é¿×é¹¿Ù µÃÒ¼¹Ö¡¨ÍÁàÇ·ÂìâºÃÒ³ (ancient magi-seal of protection) ã¹àËÁ×Í§áÅéÇ ¾ÃØè§¹ÕéàËÁ×Í§¡ç¨Ð¡ÅÑºÁÒ à»ç¹»¡µÔ«Ñ¡·Õ...",
        "ParrotPlatform_Volcano": "ɰà¢Òä¿",
        "ParrotPlatform_Archaeology": "ä«΅Ȣ´ËɅÁ",
        "ParrotPlatform_Forest": "ˋÒǥ¡",
        "ParrotPlatform_Farm": "¿ÒΓÁ",
        "ParrotPlatform_Docks": "ˇÒàȓÍ",
        "Item_Tooltip_GalaxyForged": "¨ÔµÇÔ­­Ò³ (Soul)",
        "Chat_InfinityWeapon": "{0} àÊ¡ {1}",
        "Chat_Lupini": "{0} «×éÍ¢Í§µé¹µÓËÃÑº ¢Í§ÅÙ»Ô¹ÕáÅéÇ",
        "Console_MP_FriendListHint": "äÁèÁÕÃÒÂª×èÍà¾×èÍ¹",
        "FruitTree_PlacementWarning": "{0} ¢Í§¤Ø³ äÁèÊÒÁÒÃ¶»ÅÙ¡·Õè¹Õèä´é",
        "Chat_Eternal1": "¤Ø³ÃÙéÊÖ¡¶Ö§ÁÑ¹ä´é ¨Ò¡¡é¹ºÖé§¢Í§ËÑÇã¨: ÊÑ¡·Õè·ÕèË¹Öè§ ÂÑ§ä§¡çµÒÁ... ¤Ø³»Ùè¡ÓÅÑ§ÂÔéÁÍÍ¡ÁÒ ´éÇÂ¤ÇÒÁÀÒ¤ÀÙÁÔã¨",
        "Chat_Eternal2": "ÁÃ´¡¢Í§¿ÒÃìÁ {0} äÁèà¤ÂËÒÂä»äË¹àÅÂ",
        "Chat_Eternal3": "ä´éÂÔ¹àÊÕÂ§ºÒ§ÍÂèÒ§ ´Ñ§ÁÒ¨Ò¡·Õèä¡Å æ...",
        "NameChange_EasterEgg1": "¤Ø³ÍÕÃÔ¤: ¹Ñè¹ÁÑ¹ª×èÍÍÐäÃ¡Ñ¹¹èÐ? ¹èÒÊ§ÊÑÂ¨Ñ§...",
        "NameChange_EasterEgg2": "Mr. Qi: §èÒÂ¨Ñ§¹Ð {0} Ë×Á? ©Ñ¹¼Ô´ËÇÑ§ã¹µÑÇà¸Í¹Ð à¨éÒË¹Ù ¹Ö¡ÇèÒÍÂÒ¡¨ÐàÍÒª¹Ðà¡Á¹Õé ´éÇÂÇÔ¸Õ·Õè¶Ù¡µéÍ§ áÅéÇ¡çµÃ§ä»µÃ§ÁÒ«ÐÍÕ¡",
        "NameChange_EasterEgg3": "*¤Ø³»ÙèÊèÒÂËÑÇä»ÁÒ... '»ÙèÊÃéÒ§¿ÒÃìÁ¹ÕéÁÒ ´éÇÂÇÔ¶Õáºº´Ñé§à´ÔÁ äÁèãªè´éÇÂ¡ÒÃàÊ¡¢Í§¹Ð {0}...'",
        "NameChange_EasterEgg4": "¤Ø³ÍÕÃÔ¤¡ÓÅÑ§äÁè¾Íã¨ ·Õè¤Ø³¡ÓÅÑ§â¡§¡ÒÃàÅè¹...",
        "NameChange_EasterEgg5": "¤Ø³ÍÕÃÔ¤: ·Õè¨ÃÔ§©Ñ¹¡çäÁèä´éâ¡Ã¸ËÃÍ¡... ¢ÍãËéÊ¹Ø¡ÅÐ¡Ñ¹",
        "NameChange_EasterEgg6": "àÃÕÂ¡·Ø¡¤¹ÁÒàÃçÇ! ·Ø¡ æ ¤¹! àÃÒä´éµÑÇáÅéÇ {0} {1} ¤¹à¨éÒàÅèËì ÂÍÁá¾é«Ðà¶ÍÐ!",
        "PT_Title": "ĕÇŵ´µÒÁ¤ÇÒÁǴºË˹Ò",
        "PT_Shipped": "¼ƅµáÅÐ˚§¢ÒÂ¼Å¼ƅµ",
        "PT_Obelisks": "ƱàÊÒÇÒΓ»ã¹¿ÒΓÁ",
        "PT_GoldClock": "Ʊ¹Òƌ¡Ò·Í§ĴÒã¹¿ÒΓÁ",
        "PT_MonsterSlayer": "ę¡»ÃÒºÁÍ¹ÊàµÍΓ",
        "PT_GreatFriends": "àҮÍ¹чƤ",
        "PT_FarmerLevel": "àÅàÇÅ¿ÒΓÁàÁÍΓ",
        "PT_Stardrops": "ˤ¹¾ºÊµÒΓ´ÃÍ»Է§ËÁ´",
        "PT_Cooking": "ŇÒÍÒËÒÃ",
        "PT_Crafting": "¤ÃÒ¿΅Ъ§¢Í§",
        "PT_Fish": "Ĉº»ÅÒ",
        "PT_GoldenWalnut": "ˤ¹¾ºÇÍÅę·ƺ·Í§",
        "PT_Total": "àÊʣ¨ÊÁɪÃ΃á̅Ç",
        "SecretNote_More": "...",
        "EndCredit_Neighbors": "à¾×èÍ¹ºéÒ¹·Ø¡ æ ¤¹",
        "EndCredit_Animals": "¹éÍ§ÊÑµÇì·Ñé§ËÅÒÂ",
        "EndCredit_Fish": "»ÅÒ",
        "EndCredit_Monsters": "àËÅèÒÁÍ¹ÊàµÍÃì",
        "EndCredit_ShadowPeople": "»ÕÈÒ¨à§Ò (Shadow People)",
        "EndCredit_Slimes": "ÊäÅÁì",
        "EndCredit_Bats": "àËÅèÒ¤éÒ§¤ÒÇ",
        "AGO_Farmhouse": "ÊØèÁµÓáË¹è§¢Í§ºéÒ¹",
        "AGO_Farmhouse_Tooltip": "ºéÒ¹¢Í§¤Ø³ ¨Ð¶Ù¡ÇÒ§ã¹¨Ø´µèÒ§ æ ·Õèáµ¡µèÒ§¡Ñ¹º¹¿ÒÃìÁ",
        "AGO_EasyMode": "âËÁ´§èÒÂ",
        "AGO_EasyMode_Tooltip": "·ÓãËé¡ÒÃàÅè¹ã¹ºÒ§¨Ø´ ¹Ñé¹§èÒÂ¢Öé¹ áÅÐÅ´º·Å§â·ÉµèÒ§ æ",
        "ParrotPlatform_Question": "˵Í§¡ÒÃã˪à̊¹·Ò§˄Ç¹ÊÒÂ¹¡áˡÇËȓÍäˑ?",
        "PlayerLimit": "¨Ó¡Ñ´¨Ó¹Ç¹¼ÙéàÅè¹",
        "DisplayAdjustmentText": "¡´ ¢Öé¹/Å§ à¾×èÍ»ÃÑº¢¹Ò´Ë¹éÒ¨Í ãËé¾Í´Õ¡ÑºË¹éÒ¨Í¢Í§¤Ø³"
    }
}
