﻿{

"Mon": "¾Ç¡àÃÒä˴ģºÁÍºËÁÒÂ ã̋àƒÂ¹ÃÒÂ§Ò¹ ˚§ä»Ģ§šÅ΄àʛ¹ÃÐÂÐæ$0#$b#àÍÒ¨ƃ§æ §Ò¹àÍ¡ÊÒÃ¾Ç¡׉ äˑãʺàÊˉΛ¢Í§ ¡ÒÃ¼¨­ĠÂËÃÍ¡¹Ð á˅ġ¹ʁŇÒã̋¾Ç¡àÃÒ ä˴ã˪»ÃÐâÂªΉáËÅÐ$1",
"Tue": "Ƥã¨чä˴à¨Í¹Ð @ ĥº´Òºã̋¤Á ÍԒàÊÁÍǣà»˕Ò?$1#$e#¢Íã̋âÂºÐŉÒ·Ò§Ȥ³$0",
"Wed": "äÍá«¿àËїÂ§ÁÒ¡ħ¹׉ ʁ¤§¨ÐƤ¡˗Ò ˶Òàʫ¹Ë˹ÒµÒáºº àʛ¹ƁµÃá·¹ˉÐ¹Ð$2",
"Fri": "ä˴à¨ÍÍÐäÃˉÒÊ¹ã¨ ã¹¡ÒÃ¼¨­ĠÂàұÍäˑ¹Ò¹ÁÒ׉ ˺Ò§ՁÂ˕Ð?$0",
"Sat": "ħ¹׉äˑƱÍÐäÃż´»¡ŵ ã̋ÃÒÂ§Ò¹...  ¨¹ǖ§µÍ¹׉ˉÐ¹Ð$1"

}
