{
	"Name": "Tempered Galaxy Dagger",
	"Description": "(¡ÃÔª¡ÒáÅ¤«ÕèÊØ´á¡Ãè§) ÍèÒËì.. ãËé¾ÅÑ§áËè§¨Ñ¡ÃÇÒÅäËÅ¼èÒ¹µÑÇ¤Ø³",
	"Type": "dagger",
	"MinimumDamage": 115,
	"MaximumDamage": 160,
	"Knockback": 1.0,
	"Speed": 10,
	"Accuracy": 100,
	"Defense": 20,
	"MineDropVar": 0,
	"MineDropMinimumLevel": -1,
	"ExtraSwingArea": -1,
	"CritChance": 0.30,
	"CritMultiplier": 3,
	"NameLocalization":
	{
		/*Information goes here*/
	},
	"DescriptionLocalization":
	{
		/*Information goes here*/
	}
}
