{
	"Name": "Aegis Elixir",
	"Description": "(¹éÓÂÒ¼Ùé¾Ô·Ñ¡Éì) ã¹ªèÇ§àÇÅÒÊÑé¹æ ¤Ø³¨ÐÁÕ¤ÇÒÁ·¹·Ò¹ µèÍ¤ÇÒÁàÊÕÂËÒÂ·Ñé§ËÁ´ ÊÒÁÒÃ¶ãªéÃèÇÁ¡Ñº ¹éÓÂÒà¾ÔèÁ¤ÇÒÁàÃçÇ ã¹¡ÒÃà¤Å×èÍ¹·Õè",
	"Category": "ArtisanGoods",
	"Edibility": 1,
	"EdibleIsDrink": false,
	"CanSell": false,
	"CategoryTextOverride": "Potion",
	"CategoryColorOverride": "125, 30, 150, 255",
	"EdibleBuffs": 
	{
        "Farming": 0,
        "Fishing": 0,
        "Mining": 0,
        "Luck": 0,
        "Foraging": 0,
        "MaxStamina": 0,
        "MagnetRadius": 0,
        "Speed": 0,
        "Defense": 255,
        "Attack": 0,
        "Duration": 20,  //duration is not accurate
    },
	"Price": 12000,
	"IsColored": false,
	"GiftTastes":
	{
		"Love": ["MarlonFay", "Abigail", "Wizard"],
		"Like": ["Morgan"],
		"Dislike": ["Apples", "Leo", "Sophia", "Claire", "Olivia", "GuntherSilvian", "Martin", "Andy", "Victor", "Susan", "MorrisTod", "Alex", "Elliott", "Harvey", "Sam", "Sebastian", "Shane", "Emily", "Haley", "Leah", "Maru", "Penny", "Caroline", "Clint", "Demetrius", "Dwarf", "Evelyn", "George", "Gus", "Jas", "Jodi", "Kent", "Krobus", "Lewis", "Linus", "Marnie", "Pam", "Pierre", "Robin", "Sandy", "Vincent", "Willy"]
	},
}
